t_ini,t_fin,t_centro,bloque,n_ventana,cruza_T0,mise,rmse_f,mise_rel,mae_f,l2_medio,linf_max,linf_medio,q95_abs,razon_linf_l1,razon_agregacion,cobertura_puntual,ancho_medio,cobertura_simultanea,winkler,winkler_max_medio,winkler_max_glob,picp,mpiw,picp_simultaneo
3,22,12,train,20,False,0.6221159085474576,0.7887432462769223,0.7368462249611898,0.636496843577517,0.7580546040049387,2.2755431925007725,1.4692451889826552,1.370658316529384,2.34385772791063,0.9610917210171471,0.99,3.989203644204988,0.85,4.047637283763764,5.5866164934815306,14.050755506811338,0.99,3.989203644204988,0.85
4,23,13,train,20,False,0.6066788681785296,0.778895928978018,0.7286394412976687,0.6228736288755655,0.7438416671973201,2.2755431925007725,1.4402268868022288,1.346701738388388,2.3505197990811015,0.9549949351684349,0.99,3.978838669455952,0.85,4.037180327766724,5.565887604216959,14.050755506811338,0.99,3.978838669455952,0.85
5,24,14,train,20,False,0.6117209627109146,0.7821259250983275,0.7481019158492962,0.6270294740411554,0.7478441415998457,2.2755431925007725,1.4484975301529335,1.355432453081187,2.3462277681728274,0.9561684603484126,0.99,3.9669158385685215,0.85,4.025138269546587,5.54299461007933,14.050755506811338,0.99,3.9669158385685215,0.85
6,25,15,train,20,False,0.6132450403828965,0.7830996363061961,0.7616349665104896,0.6287610679876791,0.7490270358698756,2.2755431925007725,1.448927478001232,1.3539721802959614,2.337940866705533,0.9564900826706579,0.99,3.9605164292060304,0.85,4.018595925056575,5.535682382856563,14.050755506811338,0.99,3.9605164292060304,0.85
7,26,16,train,20,False,0.6250182411255489,0.790580951658683,0.776377940914278,0.6339715086309325,0.7563238426228123,2.2755431925007725,1.4753351947305935,1.3780068325575363,2.361176411466054,0.9566684360861498,0.99,3.9577447050412604,0.85,4.0157321595925355,5.539291184642891,14.050755506811338,0.99,3.9577447050412604,0.85
8,27,17,train,20,False,0.6219684050365092,0.7886497353302727,0.7765886258169722,0.6351336622722094,0.7543753902660466,2.2755431925007725,1.465232762222103,1.3675619618906896,2.3410632991590457,0.9565404722416188,0.99,3.95467286521215,0.85,4.0126073127053035,5.541756107911811,14.050755506811338,0.99,3.95467286521215,0.85
9,28,18,train,20,False,0.6038893163467334,0.7771031568245836,0.7957491363855158,0.6292868871888274,0.7453942173199648,2.2755431925007725,1.4428931284282636,1.348881753760357,2.3302776401186907,0.9591959713119832,0.994,3.9623231072947602,0.9,3.9982207706129125,5.134236168154181,14.050755506811338,0.994,3.9623231072947602,0.9
10,29,19,train,20,False,0.5661259400243562,0.7524134103166664,0.7578090169252659,0.6118836362447444,0.72167969466021,2.050077049919479,1.3978168894412357,1.3096795061376123,2.3413050499591863,0.9591531527282037,0.9973333333333333,3.96400703944314,0.95,3.98046448409911,4.649246215220399,9.966302100001098,0.9973333333333333,3.96400703944314,0.95
11,30,20,train,20,False,0.5294064198620707,0.7276032022071307,0.7928372688093701,0.5958531657583341,0.7032813755225208,1.9204706904447795,1.3750776472597,1.2902762239744217,2.3534051147536936,0.9665726777853211,0.9973333333333333,3.955894978416709,0.95,3.972198335722952,4.638815624360566,9.966302100001098,0.9973333333333333,3.955894978416709,0.95
12,31,21,train,20,False,0.5857169189810274,0.7653214481386416,0.8279855204481796,0.6234043811308678,0.7301837624378149,1.9602335273586249,1.4021811498629952,1.3142031303330295,2.328682858529094,0.9540876767712627,0.9973333333333333,3.9417390415591367,0.95,3.9579650240924877,4.622709267881293,9.966302100001098,0.9973333333333333,3.9417390415591367,0.95
13,32,22,train,20,False,0.5712546920969522,0.7558139269006309,0.8452083665652005,0.6137148464747336,0.7199067494741171,1.9602335273586249,1.3966440737727717,1.3060381458412071,2.3504536258216495,0.9524920405029338,0.9973333333333333,3.932745237566414,0.95,3.948922049843972,4.597730312455638,9.966302100001098,0.9973333333333333,3.932745237566414,0.95
14,33,23,train,20,False,0.5934635493996511,0.7703658542534522,0.884538924178834,0.6269901032430814,0.7315026093922066,1.9602335273586249,1.3949417978772785,1.3060122508678718,2.3148202512904428,0.949552222951383,0.9973333333333333,3.940669262690061,0.95,3.9570058081655013,4.607917789753008,9.966302100001098,0.9973333333333333,3.940669262690061,0.95
15,34,24,train,20,False,0.7079397151245671,0.8413915349732056,0.8841981262219275,0.6728210988883845,0.7845185597193929,2.7688837763010556,1.4850037229899562,1.3914948632709347,2.313339937368846,0.9324060524858693,0.9813333333333333,3.937418378780005,0.9,4.223342684185408,6.345339714441495,39.1525779161053,0.9813333333333333,3.937418378780005,0.9
16,35,25,train,20,False,0.7349924096059857,0.8573169831549972,0.9122476811923986,0.6872974303832203,0.8024369299144005,2.7688837763010556,1.5122257797188219,1.4190910333094844,2.302933990545102,0.9359862754163186,0.9813333333333333,3.938547291479359,0.9,4.224556442394162,6.363714074835343,39.1525779161053,0.9813333333333333,3.938547291479359,0.9
17,36,26,train,20,False,0.8623865088349246,0.9286476774508859,0.9721184479860022,0.7424908364740309,0.8647179673766845,2.8874225238652267,1.6180142561029054,1.5214599977707317,2.292356157560949,0.9311582728019233,0.972,3.951408089521078,0.85,4.332776487260307,7.340058389479934,39.1525779161053,0.972,3.951408089521078,0.85
18,37,27,train,20,False,0.9079006704031665,0.9528382183787374,0.9390432559475215,0.7665633504300937,0.8925294417518925,2.8874225238652267,1.6626980960010318,1.5632920211469492,2.265985742630458,0.9367061737621516,0.972,3.973762501689548,0.85,4.355432178426494,7.381679099155557,39.1525779161053,0.972,3.973762501689548,0.85
19,38,28,train,20,False,0.8940614863731504,0.9455482464544844,0.8822122546062136,0.7593349197936621,0.8830197481499855,2.8874225238652267,1.644457566783362,1.5456660435043506,2.259853204105346,0.9338706422025935,0.972,3.9854223052398767,0.85,4.367237532361036,7.417364777177376,39.1525779161053,0.972,3.9854223052398767,0.85
20,39,29,train,20,False,0.8588871473591142,0.9267616453862958,0.8021745864651894,0.7392988639218542,0.8600011162535159,2.8874225238652267,1.5946977350579778,1.4962281692640107,2.2490700734151328,0.9279636468933147,0.972,3.940134154848739,0.85,4.321410592772837,7.369889434973997,39.1525779161053,0.972,3.940134154848739,0.85
21,40,30,train,20,False,0.8600581016158856,0.9273931753123298,0.7667171013276828,0.7422348707505988,0.8605560837898129,2.8874225238652267,1.5915911399162506,1.49208130971464,2.2388660152860913,0.9279301451619941,0.9706666666666667,3.9067376697961396,0.85,4.322546465885659,7.781317695811133,39.1525779161053,0.9706666666666667,3.9067376697961396,0.85
22,41,31,train,20,False,0.8692729559983448,0.9323480873570476,0.7485084364015238,0.7500157890002936,0.8691690452014894,2.8874225238652267,1.611868761787519,1.510170411143898,2.2418416707139186,0.9322366367108088,0.9706666666666667,3.8814929984201676,0.85,4.296816458539547,7.763643446080093,39.1525779161053,0.9706666666666667,3.8814929984201676,0.85
23,42,32,train,20,False,0.8696265461797964,0.932537691559862,0.735638159981772,0.7515035077896906,0.8694621837654889,2.8874225238652267,1.595433385284715,1.4952935041791626,2.201239175347711,0.9323614387222608,0.9706666666666667,3.8545215337587577,0.85,4.26947294413696,7.740693305717583,39.1525779161053,0.9706666666666667,3.8545215337587577,0.85
24,43,33,train,20,False,0.872944281105252,0.9343148725698698,0.7221446267973578,0.7552327056350568,0.8732431371145941,2.8874225238652267,1.60214354872622,1.4998485684687808,2.1953910169710746,0.9346347390497002,0.9706666666666667,3.8376050733933775,0.85,4.252195908529714,7.72277686989271,39.1525779161053,0.9706666666666667,3.8376050733933775,0.85
25,44,34,train,20,False,0.8614077879309366,0.9281205675616377,0.7020000756787164,0.7450307649081943,0.8630952406179715,2.8874225238652267,1.5817976341634181,1.4798291808776907,2.209281049927338,0.9299387070857603,0.9706666666666667,3.8148396068822605,0.85,4.229023556054987,7.7033853062346385,39.1525779161053,0.9706666666666667,3.8148396068822605,0.85
26,45,35,train,20,False,0.9060482473038609,0.951865666627314,0.6978591253844108,0.7681375251034706,0.8878083096652505,2.8874225238652267,1.6178545916481,1.5185393987782365,2.184534302491449,0.9327033643423299,0.962,3.7854110423683305,0.8,4.26216500561141,8.347226992793512,39.1525779161053,0.962,3.7854110423683305,0.8
27,46,36,train,20,False,0.8915870397373432,0.944238867944623,0.706308296091599,0.75595922202922,0.8786317000607611,2.8874225238652267,1.6301715977404658,1.5237886718577418,2.260177770488389,0.9305184629534761,0.9606666666666667,3.7761075241090687,0.75,4.255464267844159,8.424799451946992,39.1525779161053,0.9606666666666667,3.7761075241090687,0.75
28,47,37,train,20,False,0.8805302195313717,0.938365717367899,0.7036151706968237,0.7459247932184108,0.8705266617337107,2.8874225238652267,1.6361471452696008,1.5249511526923154,2.323236669938047,0.9277051000707103,0.9606666666666667,3.7677202743295237,0.75,4.246888752459866,8.403916718002833,39.1525779161053,0.9606666666666667,3.7677202743295237,0.75
29,48,38,train,20,False,0.8614945716573349,0.9281673187832756,0.6817700353559077,0.7353355244942508,0.8585893017986873,2.8874225238652267,1.623311146201117,1.5070270985820355,2.3401888746674184,0.9250372044171977,0.9606666666666667,3.759496991712349,0.75,4.2384641556760965,8.384383812238763,39.1525779161053,0.9606666666666667,3.759496991712349,0.75
30,49,39,train,20,False,0.8668595155940272,0.9310529069789897,0.685476252234935,0.741200237754804,0.8630340834727253,2.8874225238652267,1.6083340635253158,1.4948854141752508,2.2812332216071924,0.9269441908226603,0.9606666666666667,3.7421354918278644,0.75,4.220812149793067,8.365139324293235,39.1525779161053,0.9606666666666667,3.7421354918278644,0.75
31,50,40,train,20,False,0.8832114195658971,0.9397932855505498,0.7033412913942706,0.7480025817665282,0.872074978186749,2.8874225238652267,1.6240331313741614,1.50784558471484,2.2820377191808565,0.9279434015916276,0.96,3.7221156324642943,0.7,4.200938547550326,8.361669149359145,39.1525779161053,0.96,3.7221156324642943,0.7
32,51,41,train,20,False,0.8209883283832345,0.9060840625368236,0.7175327035970821,0.7159073477718989,0.8411638326807752,2.8874225238652267,1.592414731418821,1.4790674855533914,2.3152095898251916,0.9283507650777049,0.9593333333333334,3.7213926332259306,0.65,4.200554728833344,8.376992370665711,39.1525779161053,0.9593333333333334,3.7213926332259306,0.65
33,52,42,train,20,False,0.830879429263733,0.9115258796456265,0.7422943450720192,0.7229576084022238,0.8484992249776451,2.8874225238652267,1.5987277816286283,1.4857764494754624,2.3015684912032195,0.9308558801506719,0.9593333333333334,3.7244162690408364,0.65,4.203585755050365,8.379487418465514,39.1525779161053,0.9593333333333334,3.7244162690408364,0.65
34,53,43,train,20,False,0.7843900238775887,0.8856579609971271,0.7455361929032672,0.6959466586811494,0.8184202438189765,2.8874225238652267,1.5606250813234677,1.4469579384117432,2.3225361420229795,0.924081620513578,0.9593333333333334,3.727729091206237,0.65,4.2068376368683635,8.387681801661504,39.1525779161053,0.9593333333333334,3.727729091206237,0.65
35,54,44,train,20,False,0.7293465332400426,0.8540178764171407,0.8315319664406895,0.6787254606941652,0.7989750018585264,2.8874225238652267,1.5285324862633733,1.415995283882722,2.3244499664669798,0.935548334433542,0.9693333333333334,3.731348208284994,0.65,4.008952715656627,7.546726558864998,23.631473056698166,0.9693333333333334,3.731348208284994,0.65
36,55,45,train,20,False,0.7079888604351082,0.8414207392470834,0.8486891740117456,0.6675837757402816,0.7856381677947184,2.8874225238652267,1.5086884255055135,1.3980549471616808,2.3335153663677337,0.9337043064777794,0.9693333333333334,3.731025109238752,0.65,4.008558163430324,7.532984089427366,23.631473056698166,0.9693333333333334,3.731025109238752,0.65
37,56,46,train,20,False,0.5802268475892067,0.7617262287654316,1.102422657934588,0.6110265712173273,0.722891736821809,2.158835694306324,1.4062773476490358,1.2977132877576767,2.3637482892519666,0.9490177829289616,0.9786666666666667,3.7198262280727827,0.7,3.9021153031568305,6.554504770365115,22.33347306017517,0.9786666666666667,3.7198262280727827,0.7
38,57,47,train,20,False,0.590328478907764,0.7683283665905899,1.146406000963626,0.617471583336503,0.7273197252617913,2.1270318750991732,1.3930272203031866,1.2882177105842156,2.336810080891769,0.9466261521609934,0.978,3.7051475808627243,0.65,3.887806723891835,6.552435098349368,22.33347306017517,0.978,3.7051475808627243,0.65
39,58,48,train,20,False,0.646541898129826,0.8040782910449865,0.9885613743355969,0.6447731312701205,0.7574255527041718,2.1270318750991732,1.4288032788530587,1.3247615331087774,2.321794153649224,0.9419798558667907,0.978,3.697447867567366,0.65,3.880048668702062,6.521094288736585,22.33347306017517,0.978,3.697447867567366,0.65
40,59,49,train,20,False,0.6546257011662658,0.8090894271749358,0.9904511044121991,0.6518909894506979,0.7641497674455291,2.1270318750991732,1.439643914619043,1.3373256575859958,2.315881116616623,0.9444564986019893,0.978,3.7286721340283946,0.65,3.9117417674368395,6.545254869518422,22.33347306017517,0.978,3.7286721340283946,0.65
41,60,50,train,20,False,0.6370820343982054,0.7981741880054788,0.9511941889608729,0.6413679007259019,0.7551076051062685,2.1270318750991732,1.436322698194045,1.3343290843297264,2.3400452122295046,0.9460436286384712,0.982,3.7664183225366887,0.7,3.9029655924322904,5.8522996516626415,22.33347306017517,0.982,3.7664183225366887,0.7
42,61,51,train,20,False,0.641190235426181,0.8007435515982511,0.9654618611428979,0.6472490665189523,0.758255416247265,2.1270318750991732,1.4260386192519818,1.322132524448989,2.301068865061571,0.9469391476632169,0.982,3.792397094636945,0.7,3.929441494358362,5.875746527824597,22.33347306017517,0.982,3.792397094636945,0.7
43,62,52,train,20,False,0.7927489710557994,0.8903645158337115,0.8947074752248347,0.7020622287351151,0.8201278881025432,3.563690193717458,1.5472853281679542,1.4399453982325898,2.3011676583969707,0.9211147496535161,0.968,3.8348323069228427,0.65,4.323335817685371,8.488835282315057,56.06731985864319,0.968,3.8348323069228427,0.65
44,63,53,train,20,False,0.8024521908301512,0.8957969584845391,0.8751628195282547,0.707893313593284,0.8287489383505641,3.563690193717458,1.5809884526187485,1.4714270121766115,2.3407027935203226,0.9251526593175721,0.968,3.8654630968166095,0.65,4.354514099765522,8.52626925569152,56.06731985864319,0.968,3.8654630968166095,0.65
45,64,54,train,20,False,0.7984296273846981,0.8935488947923881,0.8834288781941679,0.7055016710619973,0.8239479285494291,3.563690193717458,1.5684728883827257,1.4581660267816114,2.3222684343508595,0.9221072661511932,0.968,3.9071686065556728,0.65,4.396809033283526,8.576726086424934,56.06731985864319,0.968,3.9071686065556728,0.65
46,65,55,train,20,False,0.7537025244387316,0.8681604255198065,0.8882912364568942,0.6791165719188619,0.7991687580660194,3.563690193717458,1.5424756801421071,1.4303284501893647,2.387105469125098,0.920531199734797,0.9766666666666667,3.9425514254269958,0.7,4.369743710333381,7.945577818752717,56.06731985864319,0.9766666666666667,3.9425514254269958,0.7
47,66,56,train,20,False,0.7445183473029648,0.8628547660544994,0.8895887043408327,0.6758854047684608,0.791790616633798,3.563690193717458,1.5118717520134004,1.4070768681315646,2.345220581420569,0.9176406595681794,0.978,3.9519122766317443,0.75,4.376569156646363,7.870675286545816,56.06731985864319,0.978,3.9519122766317443,0.75
48,67,57,train,20,False,0.7686749167286254,0.8767410773590031,0.9161542753313688,0.6915610110338088,0.8076836169760145,3.563690193717458,1.5289722847412985,1.4269107013343392,2.2955072753712007,0.9212339170978399,0.978,3.9602372697254844,0.75,4.385130177746604,7.885224820809137,56.06731985864319,0.978,3.9602372697254844,0.75
49,68,58,train,20,False,0.7722262803786609,0.8787640641142883,0.9310517628373964,0.6919171800356594,0.810208790111037,3.563690193717458,1.5251450251611565,1.4282177303854984,2.2874984013225452,0.921986712016554,0.978,3.972646705068038,0.75,4.397788170763472,7.91137579682987,56.06731985864319,0.978,3.972646705068038,0.75
50,69,59,train,20,False,0.8022127380623271,0.8956632950290678,0.9555872971576388,0.7028831618176364,0.8282979816847975,3.563690193717458,1.595159874304653,1.4910542095380115,2.350287432351648,0.924787234535402,0.9746666666666667,3.9831338626266533,0.7,4.423977905684739,8.248573135118146,56.06731985864319,0.9746666666666667,3.9831338626266533,0.7
51,70,60,train,20,False,0.7829995434647339,0.8848726142585349,0.9486766442004144,0.691514757330997,0.8174596739294235,3.563690193717458,1.5878686906250623,1.4857219055488877,2.378738242208839,0.9238162202752777,0.9753333333333334,4.017941213302992,0.75,4.458832133956432,8.268883395320696,56.06731985864319,0.9753333333333334,4.017941213302992,0.75
52,71,61,train,20,False,0.8200486490645567,0.9055653753675417,1.0017889950397663,0.7073401115394033,0.8379830884453874,3.563690193717458,1.640054971388554,1.5352183272425877,2.3969420583616166,0.9253700629899584,0.9706666666666667,4.030057901503877,0.75,4.544013893401067,9.248542918872834,56.06731985864319,0.9706666666666667,4.030057901503877,0.75
53,72,62,train,20,False,0.7986914973839749,0.8936954164501321,0.9676838699182666,0.6907664577609696,0.8187504240331027,3.563690193717458,1.6076981116955948,1.5036212459281497,2.3941020342513326,0.9161403415106233,0.9706666666666667,4.036222047810722,0.75,4.550239108526633,9.26698822668163,56.06731985864319,0.9706666666666667,4.036222047810722,0.75
54,73,63,train,20,False,0.8205657956115692,0.9058508683064609,0.9748639997800723,0.7062457228873346,0.8357789419438039,3.563690193717458,1.6271288998794198,1.525296574830874,2.374992134331787,0.9226451849699494,0.9706666666666667,4.040855634680923,0.75,4.554907443461732,9.27633196785087,56.06731985864319,0.9706666666666667,4.040855634680923,0.75
55,74,64,train,20,False,0.8286619713456969,0.910308723096564,0.9346013839852637,0.7069208495506449,0.8390091540180176,3.563690193717458,1.6271305083334167,1.5279040723826463,2.3737162758631767,0.9216753972915812,0.9766666666666667,4.04718331606576,0.8,4.49330429249709,8.391929932618705,56.06731985864319,0.9766666666666667,4.04718331606576,0.8
56,75,65,train,20,False,0.833020799201049,0.9126997311279592,0.9542727971387126,0.7096767197746455,0.8421291366754016,3.563690193717458,1.6447377110670574,1.540805087206995,2.3920914083834655,0.9226792864665984,0.9766666666666667,4.045865343729601,0.8,4.492064769802578,8.396786172314954,56.06731985864319,0.9766666666666667,4.045865343729601,0.8
57,76,66,train,20,False,0.8408422649017874,0.9169745170405704,0.962981696776854,0.7176218589052705,0.8503926546117524,3.563690193717458,1.6600756898989038,1.5555442692445323,2.3812658642082547,0.9273896262202539,0.9766666666666667,4.040535164450409,0.8,4.486639010629584,8.407009352210492,56.06731985864319,0.9766666666666667,4.040535164450409,0.8
58,77,67,train,20,False,0.8104788687995412,0.9002659989133996,0.9455846431893141,0.7004540672029124,0.8357778462983063,3.563690193717458,1.6602247979826739,1.5523591760604352,2.4251272174389387,0.9283676683414357,0.9773333333333334,4.034888351470437,0.85,4.4804170051339245,8.377606356289471,56.06731985864319,0.9773333333333334,4.034888351470437,0.85
59,78,68,train,20,False,0.7920540604167016,0.8899741908711182,0.8953252377690203,0.6897088653449577,0.8278009537203375,3.563690193717458,1.6703670909589234,1.5593220344371452,2.455884418243257,0.9301404043077645,0.974,4.043527485326107,0.8,4.497923157226222,8.54407930195904,56.06731985864319,0.974,4.043527485326107,0.8
60,79,69,train,20,False,0.7923539830409948,0.8901426756655333,0.860989161826782,0.6888586485067644,0.82802458468776,3.563690193717458,1.6799065655085674,1.565426850259119,2.4750206113818427,0.930215579281906,0.974,4.048319171485717,0.8,4.502710876929273,8.544089235997275,56.06731985864319,0.974,4.048319171485717,0.8
61,80,70,train,20,False,0.7597865871357135,0.8716573794420107,0.8539207690219583,0.6668899372204442,0.8015399402714504,3.563690193717458,1.6263767163864422,1.5166696759017178,2.4758383402209274,0.9195584861388474,0.974,4.049389289566068,0.8,4.503638281662003,8.540928383514556,56.06731985864319,0.974,4.049389289566068,0.8
62,81,71,train,20,False,0.7717535244780653,0.8784950338380209,0.8481849890999423,0.669264106824357,0.8093871246778427,3.563690193717458,1.6489673422286457,1.5412674982981622,2.5030221293100516,0.9213337509055054,0.974,4.056983310449881,0.8,4.511213688679845,8.537764193491496,56.06731985864319,0.974,4.056983310449881,0.8
63,82,72,train,20,False,0.62237944418301,0.7889102890589081,0.8588970469199949,0.6140483561867772,0.7492664131926812,2.4747737421141194,1.548256808391665,1.4456010857299986,2.5451466594402703,0.9497485627757267,0.988,4.052053176519031,0.85,4.155280228975079,5.958878884774495,24.2290046967166,0.988,4.052053176519031,0.85
64,83,73,train,20,False,0.6320525422193303,0.7950173219618113,0.8837193966963026,0.6215174939826625,0.7560168615185284,2.4747737421141194,1.5479737685631256,1.446093460647485,2.5098133064467514,0.9509438859180527,0.988,4.0394777623425,0.85,4.1423964245507,5.944726032459332,24.2290046967166,0.988,4.0394777623425,0.85
65,84,74,train,20,False,0.7947459998362195,0.8914852774085613,0.8763371589278689,0.6865782078570656,0.8295503698550049,3.614149376594847,1.6903134018182389,1.585156042310385,2.5011620240630155,0.930526157724563,0.978,4.032525754685241,0.8,4.407970135517301,8.394952295245186,53.836270140061444,0.978,4.032525754685241,0.8
66,85,75,train,20,False,0.8275435124355175,0.9096941862161797,0.9124131556393857,0.7088083691108793,0.8488865950620381,3.614149376594847,1.6959638484729749,1.5955945228881365,2.423689313792918,0.9331560077270943,0.978,4.051191760255882,0.8,4.426800008990563,8.434888282420737,53.836270140061444,0.978,4.051191760255882,0.8
67,86,76,train,20,False,0.8797159347823538,0.9379317324743597,0.9266321077625055,0.733857773702425,0.8794307000127229,3.614149376594847,1.7458893425430706,1.6429110865986214,2.401283387284712,0.9376276221006992,0.972,4.035843778944838,0.75,4.463076127603082,9.186243227546967,53.836270140061444,0.972,4.035843778944838,0.75
68,87,77,train,20,False,0.8816320974849153,0.9389526598742427,0.9293990876545543,0.7305755625306738,0.8804617644786802,3.614149376594847,1.7619463801392712,1.6579173545648644,2.4359262412230747,0.937706236006194,0.9673333333333334,4.03516267959023,0.7,4.514346618233068,10.038861633716781,53.836270140061444,0.9673333333333334,4.03516267959023,0.7
69,88,78,train,20,False,0.8972010617431356,0.9472069793572763,0.9650529637370195,0.7407605400872959,0.8899201160858189,3.614149376594847,1.7796774090188265,1.677009143618075,2.4284614052410243,0.9395202268142817,0.9673333333333334,4.025912359106969,0.7,4.504976655547738,10.021732532580284,53.836270140061444,0.9673333333333334,4.025912359106969,0.7
70,89,79,train,20,False,0.8736805473084471,0.9347088034829067,0.987377414679486,0.7331889550988648,0.8764859729199875,3.614149376594847,1.739121438932565,1.6376890830983908,2.402152047557826,0.9377101934356779,0.97,4.037980166971438,0.7,4.502449373514904,9.755049237744144,53.836270140061444,0.97,4.037980166971438,0.7
71,90,80,train,20,False,0.8774240660680785,0.936709168348468,1.0010525915400446,0.7360503371416806,0.878821786259867,3.614149376594847,1.7310529456471682,1.6266190084266392,2.3788482006847667,0.9382013286037719,0.97,4.034973213588993,0.7,4.499444031822624,9.747602020704452,53.836270140061444,0.97,4.034973213588993,0.7
72,91,81,train,20,False,0.8584131420220513,0.9265058780288722,1.0763600505768456,0.7297010038327385,0.8694485585399484,3.614149376594847,1.6883600848670934,1.5907684806469837,2.345358415053563,0.9384166675657661,0.9753333333333334,4.032190202741764,0.75,4.423281263485935,8.758247153866378,53.836270140061444,0.9753333333333334,4.032190202741764,0.75
73,92,82,train,20,False,0.884259272340322,0.9403506113893487,1.0973253758296864,0.747022165362939,0.8915718761649609,3.614149376594847,1.7301176879492697,1.6303927038524186,2.360056312154428,0.9481270766099484,0.9753333333333334,4.030216778426739,0.75,4.421230523761838,8.74311804955336,53.836270140061444,0.9753333333333334,4.030216778426739,0.75
74,93,83,train,20,False,0.8721235559142897,0.9338755569744235,1.1519586084801245,0.7369188467798757,0.8832526430810986,3.614149376594847,1.7347949302060652,1.6325993944680417,2.402890742241979,0.9457926556538933,0.9753333333333334,4.026224180849912,0.75,4.417262606056945,8.733383228716303,53.836270140061444,0.9753333333333334,4.026224180849912,0.75
75,94,84,train,20,False,0.7997729782461944,0.8943002729766968,1.1540203930431996,0.7026170042158267,0.8416434246755452,3.614149376594847,1.6737629018410995,1.5678327888957808,2.4221681841311296,0.9411194987944237,0.9753333333333334,4.01497086545554,0.75,4.405821157682295,8.710340915584009,53.836270140061444,0.9753333333333334,4.01497086545554,0.75
76,95,85,train,20,False,0.7792354436799107,0.8827431357308368,1.141810676083534,0.6873577622632275,0.8226038503769644,3.614149376594847,1.629792263062356,1.525467603800172,2.4164171707275006,0.9318722707437626,0.9753333333333334,4.009698657759211,0.75,4.400447319690687,8.696897024412019,53.836270140061444,0.9753333333333334,4.009698657759211,0.75
77,96,86,train,20,False,0.8318074208375268,0.9120347695332272,1.1507583898937042,0.7122655203782913,0.8531286380252793,3.614149376594847,1.6690421571344316,1.566266770182235,2.396201795348576,0.9354124058909555,0.972,4.029143515788188,0.7,4.431666739514635,8.922113107984092,53.836270140061444,0.972,4.029143515788188,0.7
78,97,87,train,20,False,0.8428515628213935,0.9180694760318489,1.1274871845703467,0.7239327302168607,0.8589369210546742,3.614149376594847,1.6561023840838485,1.5561422818073622,2.349276663602718,0.9355903267443746,0.972,4.038973444915233,0.7,4.441566070208873,8.929441972297408,53.836270140061444,0.972,4.038973444915233,0.7
79,98,88,train,20,False,0.8132264043107797,0.9017906654599945,1.0917446678975298,0.7138026878099221,0.8427101816096716,3.614149376594847,1.6204087445030138,1.5223095920825414,2.3304738519883768,0.9344853677098259,0.9753333333333334,4.0332555256042975,0.75,4.426932081053118,8.772604033097666,53.836270140061444,0.9753333333333334,4.0332555256042975,0.75
80,99,89,train,20,False,0.8160767540255826,0.9033696663191556,1.0757151412000436,0.7159181006903153,0.8447656264591779,3.614149376594847,1.6213954380754547,1.5254519426802895,2.3243189760882874,0.9351272883682666,0.9753333333333334,4.0315500368940365,0.75,4.425236672269152,8.767727204831594,53.836270140061444,0.9753333333333334,4.0315500368940365,0.75
81,100,90,train,20,False,0.8880671359576585,0.9423731405115802,1.025625574437758,0.7546936418909278,0.8897621753245882,3.614149376594847,1.7009357464660844,1.603239218863336,2.3091579270694638,0.9441718328703306,0.9693333333333334,4.025040772678864,0.7,4.479454433268078,9.585339379709032,53.836270140061444,0.9693333333333334,4.025040772678864,0.7
82,101,91,train,20,False,0.867943597096651,0.9316349054735181,1.0386389158280194,0.7407493234119669,0.8753162175181526,3.614149376594847,1.6897234857502306,1.5887516593682816,2.3583339160089127,0.9395485424338618,0.9693333333333334,4.02751794677705,0.7,4.481976146163251,9.603079836912416,53.836270140061444,0.9693333333333334,4.02751794677705,0.7
83,102,92,train,20,False,0.8737961473905305,0.9347706389219392,1.036596260722263,0.7468255777137686,0.8795952254198174,3.614149376594847,1.6851135313421737,1.5804892281720735,2.3215045149801106,0.9409743832286442,0.9693333333333334,4.0280703978278325,0.7,4.482444156946157,9.611297752788955,53.836270140061444,0.9693333333333334,4.0280703978278325,0.7
84,103,93,train,20,False,1.0421624385354158,1.0208635748891308,0.9590634388182542,0.8019986772194032,0.9401702698755299,3.614149376594847,1.769283667771949,1.6619093812971477,2.294566156828844,0.9209558387638972,0.9513333333333334,4.034600309533987,0.65,4.807783909599495,11.27762092604305,53.836270140061444,0.9513333333333334,4.034600309533987,0.65
85,104,94,train,20,False,0.9205526955531159,0.9594543738777347,1.0189424995476126,0.7624882233298399,0.8970616050383807,3.2642656205354443,1.6699113173413118,1.5691377415729821,2.281012052717307,0.9349705722981,0.9613333333333334,4.033092187572425,0.7,4.533661946240774,8.817024382941414,37.7083704450096,0.9613333333333334,4.033092187572425,0.7
86,105,95,train,20,False,0.9723894886639863,0.9860981131023354,0.9776575835373801,0.7817387660356387,0.9178134916514299,3.2642656205354443,1.6980898070889097,1.5985019777459908,2.274877229435739,0.9307527105633768,0.9553333333333334,4.0069681861399244,0.65,4.555636192486329,9.372835288898926,37.7083704450096,0.9553333333333334,4.0069681861399244,0.65
87,106,96,train,20,False,0.9334843838384488,0.9661699559800278,1.0327959371391595,0.7627682034532208,0.8974659868308066,3.2642656205354443,1.6796462168886677,1.5787449538811786,2.3222846614866075,0.9288903896007284,0.9613333333333334,4.0230934167888455,0.7,4.5200580560606065,8.620963385421614,37.7083704450096,0.9613333333333334,4.0230934167888455,0.7
88,107,97,train,20,False,0.9271229043271184,0.9628722159908439,1.0114509502305018,0.7659833508190601,0.8939488507485173,3.2642656205354443,1.637832439118749,1.542684238030735,2.2543336599961963,0.9284189904977151,0.966,4.034331266508199,0.75,4.479414788191174,7.779926590117118,37.7083704450096,0.966,4.034331266508199,0.75
89,108,98,train,20,False,0.9052376653103986,0.9514397854359459,0.9900536444208835,0.7532538712770678,0.8798607957637057,3.2642656205354443,1.6081886563055332,1.512976950195371,2.2506210697648523,0.9247677143967203,0.966,4.030664859875097,0.75,4.475771962473262,7.777437457304844,37.7083704450096,0.966,4.030664859875097,0.75
90,109,99,train,20,False,0.9007879729537205,0.9490985054006357,0.9912959132305348,0.7489037478297601,0.8767259315586997,3.2642656205354443,1.6085403330077555,1.5132973606962934,2.272459028632984,0.9237459827087328,0.9666666666666667,4.027771427489804,0.8,4.472171910203435,7.734711187279506,37.7083704450096,0.9666666666666667,4.027771427489804,0.8
91,110,100,train,20,False,1.1230620681822134,1.0597462281990975,0.9486778729074431,0.8196222120879229,0.948690352878909,3.462935758150998,1.7015831197170095,1.610332052431391,2.2385131115635404,0.8952052176595963,0.9493333333333334,4.025671556927903,0.75,4.861550760101428,9.529389040775602,40.374809716094916,0.9493333333333334,4.025671556927903,0.75
92,111,101,train,20,False,1.1510787548516495,1.0728833836217473,0.8816966586321784,0.8317678284818824,0.9619890469987205,3.462935758150998,1.7266253648509202,1.6354356172224107,2.2398317396066783,0.8966389653191578,0.9493333333333334,4.057589424462256,0.75,4.893908072018899,9.5991877019132,40.374809716094916,0.9493333333333334,4.057589424462256,0.75
93,112,102,train,20,False,1.137389604380658,1.0664846948647027,0.8568825072815491,0.824853130232021,0.9523325621390374,3.462935758150998,1.71422411485722,1.6222880893223643,2.2442265241911166,0.8929641154014433,0.9493333333333334,4.035996439238058,0.75,4.871980045990585,9.588435090659482,40.374809716094916,0.9493333333333334,4.035996439238058,0.75
94,113,103,train,20,False,1.2479340083160697,1.1171096670945382,0.8432038923977936,0.870161112053378,1.0010856886898074,3.462935758150998,1.7923268706372943,1.7023560480398081,2.215572235103307,0.8961391331376671,0.9266666666666666,3.9934516537283575,0.7,5.255990930535818,11.78421852624896,48.28230580766183,0.9266666666666666,3.9934516537283575,0.7
95,114,104,train,20,False,1.252651558941187,1.1192191737730315,0.8377681861770683,0.8754371727783742,1.0057990271653412,3.462935758150998,1.7908243408004065,1.706203152420212,2.1866867100457212,0.8986613620767984,0.9266666666666666,3.968067799607955,0.7,5.230228701834923,11.771315713001227,48.28230580766183,0.9266666666666666,3.968067799607955,0.7
96,115,105,train,20,False,1.2628241640710343,1.123754494572117,0.8356940413819058,0.8817008020538154,1.0168656289843019,3.462935758150998,1.8261982760010302,1.7387300351193538,2.2315334261488085,0.9048823687877535,0.9266666666666666,3.9440043351393554,0.7,5.205743649351729,11.750773921965276,48.28230580766183,0.9266666666666666,3.9440043351393554,0.7
97,116,106,train,20,False,1.2124340399051723,1.1011058259337165,0.8339237574563846,0.8589444546051561,0.9882385501921862,3.462935758150998,1.784484622878089,1.6927698660116852,2.237365259498359,0.8974964321473633,0.93,3.9180983993667406,0.75,5.16790159505182,11.504576092002399,48.28230580766183,0.93,3.9180983993667406,0.75
98,117,107,train,20,False,1.1849972045996502,1.0885757688832,0.8120493107726994,0.841728963716881,0.9720383229730318,3.462935758150998,1.770843060170567,1.676294522758869,2.2646647036252308,0.8929450303402149,0.9286666666666666,3.888499578649731,0.7,5.139476573086861,11.510223112007273,48.28230580766183,0.9286666666666666,3.888499578649731,0.7
99,118,108,train,20,False,1.2182550175132005,1.103745902603131,0.7908948676586555,0.8549494492263655,0.9899287402234707,3.462935758150998,1.8091806141624098,1.7116030709607017,2.2790128442706057,0.896881010283954,0.92,3.859038474027801,0.65,5.229839343073107,12.862771997866869,48.28230580766183,0.92,3.859038474027801,0.65
100,119,109,train,20,False,1.241492586351884,1.1142228620665993,0.7864577904440337,0.8682927264787509,1.003589428941418,3.462935758150998,1.8198373986274299,1.7222413799634189,2.2586111913646727,0.9007079850076093,0.918,3.8248205380375415,0.6,5.200185150146664,12.96459464214298,48.28230580766183,0.918,3.8248205380375415,0.6
101,120,110,train,20,False,1.1825701718561195,1.0874604231217426,0.7718722161402057,0.8399034050460141,0.9720713113833108,3.462935758150998,1.7750765605734284,1.6753452865392204,2.2926880680221253,0.8938912080982339,0.924,3.792417577581373,0.65,5.106646336785491,12.127687664234532,48.28230580766183,0.924,3.792417577581373,0.65
102,121,111,train,20,False,1.1814581068100494,1.0869489899760933,0.7660029354541878,0.8420227066611661,0.9710450207887764,3.462935758150998,1.7613877735971246,1.6617187994582938,2.2468348487430405,0.8933676094681626,0.924,3.7608570504825245,0.65,5.0746765279041215,12.088541008025844,48.28230580766183,0.924,3.7608570504825245,0.65
103,122,112,train,20,False,1.1654526666434015,1.0795613306539844,0.7599057477376927,0.8299452643919331,0.9575114029952342,3.462935758150998,1.7383438887545406,1.6422109004690881,2.2595842099357784,0.8869448875268495,0.924,3.7427952640452227,0.65,5.056450456310442,12.05581012089487,48.28230580766183,0.924,3.7427952640452227,0.65
104,123,113,train,20,False,0.9779387430161238,0.9889078536527677,0.7652196140898223,0.7621447929156738,0.8818036010117906,3.462935758150998,1.623078461266843,1.5310675498460475,2.284212634220675,0.8916944058585823,0.942,3.730590910894899,0.7,4.725345382690302,10.379245544780613,48.28230580766183,0.942,3.730590910894899,0.7
105,124,114,train,20,False,0.9508199115617486,0.9750999495240211,0.7606762226875207,0.7470813271971902,0.8651158789528248,3.462935758150998,1.6058634156338663,1.5113516996864402,2.307456773296077,0.8872073876889408,0.942,3.724762031681547,0.7,4.7194915448398325,10.363355822669616,48.28230580766183,0.942,3.724762031681547,0.7
106,125,115,train,20,False,0.8613333900827245,0.9280804868559216,0.789497060338439,0.7074324879527208,0.82108475001952,3.462935758150998,1.5504419705963106,1.4537608589685396,2.33556639151588,0.8847128688171503,0.948,3.731987393986831,0.75,4.678373782364066,9.768054494790022,48.28230580766183,0.948,3.731987393986831,0.75
107,126,116,train,20,False,0.8606633868090844,0.9277194547971301,0.7884946030404983,0.7117240770323161,0.820636924766813,3.462935758150998,1.5224477340574063,1.4308063664963169,2.2708671511534666,0.8845744481517492,0.948,3.732107195006886,0.75,4.678566101299106,9.76578005393909,48.28230580766183,0.948,3.732107195006886,0.75
108,127,117,train,20,False,0.8511954856051108,0.9226025610224106,0.8437526506183173,0.7040436980307974,0.8147982885495265,3.462935758150998,1.5278141134023024,1.4326421206732645,2.302980110464164,0.8831519908708931,0.948,3.7294317145273364,0.75,4.675866927128968,9.768688308627386,48.28230580766183,0.948,3.7294317145273364,0.75
109,128,118,train,20,False,0.9642807365542563,0.9819779715218954,0.8723527536792735,0.7498341488139543,0.8646454035112301,3.462935758150998,1.596145337925811,1.500030979403303,2.283899468645928,0.8805140528470102,0.9313333333333333,3.7434811726673893,0.7,4.882732819607093,10.998587661344226,48.28230580766183,0.9313333333333333,3.7434811726673893,0.7
110,129,119,train,20,False,1.1245650450477331,1.0604551122266954,0.865820754929531,0.8014862939751467,0.9264595005101486,3.9636314699327886,1.7107925177007832,1.6139704387282194,2.2557109606928245,0.8736432969471108,0.9153333333333333,3.739544296359591,0.65,5.513694118170248,15.026181798860051,85.07370490807766,0.9153333333333333,3.739544296359591,0.65
111,130,120,train,20,False,0.9633886298075186,0.9815236267189489,1.0051725628751416,0.7545384149901373,0.8822183249501405,3.9636314699327886,1.6868956505269517,1.5856056059673154,2.3015703143352804,0.8988253577748632,0.924,3.7436328734526616,0.65,5.325945158265675,15.194623326028022,85.07370490807766,0.924,3.7436328734526616,0.65
112,131,121,train,20,False,0.9455856222677099,0.9724122697023675,1.0195561118659422,0.7434560420262579,0.8741688933476462,3.9636314699327886,1.701922714124379,1.5959960786570924,2.3477934920480736,0.8989694192312164,0.9186666666666666,3.6946280032610144,0.6,5.332637056532435,16.034624564635273,85.07370490807766,0.9186666666666666,3.6946280032610144,0.6
113,132,122,train,20,False,0.9438456134633286,0.9715171709565038,1.0136652580963517,0.74141471488514,0.8727132697319615,3.9636314699327886,1.6996879490243688,1.5941443526189443,2.352447694930453,0.8982993773262234,0.9186666666666666,3.6846672131770455,0.6,5.322557809737613,16.021163825837924,85.07370490807766,0.9186666666666666,3.6846672131770455,0.6
114,133,123,train,20,False,0.8271826021643582,0.9094957955726669,1.0262659525112714,0.6906822985555781,0.8188162600216046,3.9636314699327886,1.615413636670564,1.5041588072598464,2.400423473255113,0.900296916167748,0.9413333333333334,3.7211669651686363,0.65,4.932329551139597,13.813228154371444,85.07370490807766,0.9413333333333334,3.7211669651686363,0.65
115,134,124,train,20,False,0.8186310678979343,0.9047823317781655,1.0034490878628792,0.6808287398777166,0.8093825416584896,3.9636314699327886,1.6093914419620994,1.4946009526615582,2.4409333155091875,0.8945605072413527,0.9413333333333334,3.7525459889794752,0.65,4.964142679788044,13.834202831088504,85.07370490807766,0.9413333333333334,3.7525459889794752,0.65
116,135,125,train,20,False,0.8754473002933439,0.9356534082091209,0.9034266167319854,0.7098175834124865,0.8413158559970169,3.9636314699327886,1.6415271808101533,1.5320481107912851,2.3698904598079635,0.8991746822226939,0.9413333333333334,3.7829745696579486,0.65,4.995037275150893,13.861555959506678,85.07370490807766,0.9413333333333334,3.7829745696579486,0.65
117,136,126,train,20,False,0.9047220949791619,0.951168804670949,0.8737502258448929,0.7247585590284356,0.8600526758455855,3.9636314699327886,1.6845096478371566,1.5768240078281717,2.3842404318892076,0.9042061426132615,0.9413333333333334,3.801960433031343,0.65,5.014360985780332,13.888743690392868,85.07370490807766,0.9413333333333334,3.801960433031343,0.65
118,137,127,train,20,False,0.9951436835628726,0.9975688866253161,0.8145077895949698,0.7623556892524758,0.9012676279389445,3.9636314699327886,1.7369954023395184,1.6336547899465088,2.3594525204230696,0.903464051478039,0.9313333333333333,3.8258317990543382,0.65,5.1362671430249724,14.539297042320484,85.07370490807766,0.9313333333333333,3.8258317990543382,0.65
119,138,128,train,20,False,0.959121643220894,0.9793475599708685,0.8288182478817164,0.743996716309262,0.8814882859343248,3.9636314699327886,1.7077651387363795,1.607987912040052,2.3767022001626374,0.9000770737209427,0.94,3.8672821709005376,0.7,5.058092313445646,13.226412470441494,85.07370490807766,0.94,3.8672821709005376,0.7
120,139,129,train,20,False,0.9346494925917881,0.966772720235624,0.8110177810717715,0.7272453698950897,0.8669522137422352,3.9636314699327886,1.7023715795166798,1.5993463299577884,2.4197782911596275,0.8967487348328774,0.942,3.906023885222523,0.75,5.092241844834717,13.132460281303617,85.07370490807766,0.942,3.906023885222523,0.75
121,140,130,train,20,False,0.932248023272012,0.9655299183722956,0.8208908272800495,0.7255951068965575,0.8649494193733064,3.9636314699327886,1.6949256142750204,1.5921085713267953,2.413694333571383,0.8958287080647389,0.942,3.937520091829531,0.75,5.124173545836389,13.151497117724556,85.07370490807766,0.942,3.937520091829531,0.75
122,141,131,train,20,False,0.9845797482026176,0.9922599196796259,0.7891503740202058,0.7551485990788543,0.8960176072575077,3.9636314699327886,1.7355319646654728,1.636169688226292,2.387394599643433,0.9030069536082921,0.942,3.965610379679422,0.75,5.152645620449884,13.17840827536699,85.07370490807766,0.942,3.965610379679422,0.75
123,142,132,train,20,False,0.9773140475192161,0.9885919519797924,0.7979470655991292,0.7463117449303388,0.8857291992301931,3.9636314699327886,1.7093283654832359,1.6129598796951037,2.3708971691189777,0.8959502426217385,0.942,3.9805795886771547,0.75,5.16793438692031,13.201701924295424,85.07370490807766,0.942,3.9805795886771547,0.75
124,143,133,train,20,False,1.1190401427839396,1.0578469373136832,0.791733318254178,0.8001359147053491,0.9492156368975098,3.9636314699327886,1.8074492030335338,1.7104006353074155,2.3521200928471613,0.8973090561740114,0.926,3.9892798017911577,0.7,5.4702643830944435,14.98735114275254,85.07370490807766,0.926,3.9892798017911577,0.7
125,144,134,train,20,False,1.194736462262201,1.093040009451713,0.8167249708403594,0.8327543197978203,0.9864092769288438,3.9636314699327886,1.8827504751021036,1.7866030256742924,2.3489310429440122,0.9024457187286703,0.9186666666666666,3.9999167784436636,0.65,5.6505804738074925,16.924069037026854,85.07370490807766,0.9186666666666666,3.9999167784436636,0.65
126,145,135,train,20,False,1.2150303221297682,1.1022841385639948,0.8311332935684901,0.8447260548163275,1.0005549179996405,3.9636314699327886,1.8944594965375277,1.8023532665162414,2.327331944804197,0.907710528524086,0.9186666666666666,4.002516526547502,0.65,5.653212234098529,16.920152431778412,85.07370490807766,0.9186666666666666,4.002516526547502,0.65
127,146,136,train,20,False,1.216988742899937,1.1031721275032003,0.8498253504699617,0.8408274008533168,1.0018492649564408,3.9636314699327886,1.9162878369961305,1.8204631750597222,2.3790545754240484,0.9081531702798886,0.9186666666666666,4.002383072026075,0.65,5.6530758622568715,16.92389805706495,85.07370490807766,0.9186666666666666,4.002383072026075,0.65
128,147,137,train,20,False,1.2291611191654233,1.1086753894469847,0.8692503863574156,0.8499192960872917,1.0092167647705053,3.9636314699327886,1.918585566399632,1.8244768529007451,2.353249041822241,0.9102905813340998,0.9186666666666666,3.994617965998608,0.65,5.645140354375368,16.905794677713278,85.07370490807766,0.9186666666666666,3.994617965998608,0.65
129,148,138,train,20,False,1.1152371863912047,1.0560479091363255,0.9035710469265953,0.8034830296859109,0.958703167060011,3.9636314699327886,1.862233456764169,1.766644470172832,2.397755276495763,0.9078216610873965,0.9353333333333333,3.981910820034135,0.7,5.4396158070395275,15.67789788850487,85.07370490807766,0.9353333333333333,3.981910820034135,0.7
130,149,139,train,20,False,1.0807779035999086,1.0396046862148653,0.8620472930828942,0.7956735522101044,0.9492361965968106,2.9849984146743656,1.812866630075174,1.7213470655191176,2.3768160953218223,0.9130741801991287,0.9306666666666666,3.9744606425413975,0.7,5.207229597891137,13.470262997126657,43.743640259454295,0.9306666666666666,3.9744606425413975,0.7
131,150,140,train,20,False,1.032814982603134,1.0162750526324722,0.8291894554259202,0.7783019419832929,0.9288276285332937,2.976294936152888,1.7514742506177172,1.665267893334797,2.356179891021939,0.9139529954290798,0.9393333333333334,3.9781563992430553,0.75,5.0111919728192955,11.52281124048687,43.04090272129497,0.9393333333333334,3.9781563992430553,0.75
132,151,141,train,20,False,1.00019816913786,1.0000990796605405,0.8143603403262131,0.7645010010210047,0.9091439346931734,2.976294936152888,1.7004156037196172,1.6184437830058154,2.3351341269711985,0.9090538659447227,0.9446666666666667,3.9515884802101526,0.8,4.927822243031961,10.580068499827599,43.04090272129497,0.9446666666666667,3.9515884802101526,0.8
133,152,142,train,20,False,1.0016347459174584,1.0008170391822167,0.7976730443591662,0.7643348923882601,0.9103507428181142,2.976294936152888,1.701035225709822,1.6188969257953953,2.3371799051557973,0.9096075578029488,0.9446666666666667,3.944493562110217,0.8,4.920643278262845,10.575805102853922,43.04090272129497,0.9446666666666667,3.944493562110217,0.8
134,153,143,train,20,False,1.0676643906913033,1.033278467157476,0.8009359624477402,0.7969650964073758,0.9467419663935409,2.976294936152888,1.7594934328406993,1.6769999636584605,2.2998683669198776,0.916250552474983,0.9346666666666666,3.919897915810246,0.75,5.032855734428415,11.761217942498913,43.04090272129497,0.9346666666666666,3.919897915810246,0.75
135,154,144,train,20,False,1.0863772073060591,1.042294203814863,0.7877562791574866,0.8121351395523707,0.9642603786200024,2.976294936152888,1.7967542704675972,1.7115214016929177,2.2958967316645493,0.9251326305862089,0.9346666666666666,3.909130215338128,0.75,5.021948827423248,11.760338053289267,43.04090272129497,0.9346666666666666,3.909130215338128,0.75
136,155,145,train,20,False,1.0452591053948463,1.0223791397494602,0.7790769649342312,0.796938951574195,0.943787570887584,2.976294936152888,1.760213812073136,1.672531551133798,2.2899335250456256,0.9231287437250183,0.9346666666666666,3.8932428495424136,0.75,5.005860680278664,11.73962084426985,43.04090272129497,0.9346666666666666,3.8932428495424136,0.75
137,156,146,train,20,False,1.019549973694462,1.0097276730358844,0.7602958649301281,0.781274997489929,0.9279148165394441,2.976294936152888,1.732571690704378,1.6436424398239962,2.308511173022184,0.9189753250493187,0.9346666666666666,3.889403011815922,0.75,5.001959332375279,11.733998113031571,43.04090272129497,0.9346666666666666,3.889403011815922,0.75
138,157,147,train,20,False,0.9352505397672879,0.9670835226428418,0.7613298989904981,0.7467761933514347,0.8909109319699942,2.976294936152888,1.6842399988200651,1.5922369674640056,2.3288587827968787,0.9212347342402407,0.946,3.891609661727012,0.8,4.904854583204459,11.071111322223183,43.04090272129497,0.946,3.891609661727012,0.8
139,158,148,train,20,False,0.9320147471677981,0.9654091087035579,0.7478774999207081,0.7442301686690833,0.8885638882367788,2.976294936152888,1.6799482496685418,1.5847930721000094,2.332662705037573,0.9204013927629354,0.944,3.865867100777699,0.75,4.885251707851179,11.215978675143901,43.04090272129497,0.944,3.865867100777699,0.75
140,159,149,train,20,False,0.9439151983870492,0.9715529827997283,0.7483833182176051,0.7557684815822063,0.8962579494021761,2.976294936152888,1.6779178482454935,1.5852713861851413,2.2917746539121033,0.9225003322200975,0.944,3.8603693905135934,0.75,4.879717937727636,11.209758842519138,43.04090272129497,0.944,3.8603693905135934,0.75
141,160,150,train,20,False,0.9321934035560873,0.9655016331193269,0.7471662216126754,0.746275812166178,0.883203475317081,2.976294936152888,1.648185305145373,1.5583984840395246,2.2769102922314826,0.9147612443322769,0.944,3.8702273372808493,0.75,4.889591888017759,11.216119028873143,43.04090272129497,0.944,3.8702273372808493,0.75
142,161,151,train,20,False,0.9001907757750841,0.9487838403846706,0.7921386217759049,0.7260084752647861,0.8670650721317397,2.976294936152888,1.6406858096446963,1.5475787038882747,2.3218057089848165,0.9138699830513564,0.944,3.87199835266347,0.75,4.891415309292567,11.22348880057157,43.04090272129497,0.944,3.87199835266347,0.75
143,162,152,train,20,False,0.9163677542502524,0.9572709931102333,0.7704346461877778,0.743127368308292,0.8856246239157987,2.976294936152888,1.6750621856513888,1.5779067088587024,2.3145651640358262,0.925155604097382,0.944,3.870312513453192,0.75,4.8896819062458245,11.22968299243239,43.04090272129497,0.944,3.870312513453192,0.75
144,163,153,train,20,False,0.7878203417849093,0.8875924412617028,0.8139359428658178,0.695316800087953,0.8332588048266775,2.976294936152888,1.6074740950237523,1.5097390574886038,2.3643941909707547,0.938785377264152,0.96,3.8639096056208966,0.8,4.589769760944994,9.45698540714845,43.04090272129497,0.96,3.8639096056208966,0.8
145,164,154,train,20,False,0.7795460610497802,0.8829190569071325,0.7494323619058301,0.6969868477604021,0.8302147610558253,2.976294936152888,1.5645400282274717,1.4691520087987957,2.325806919510467,0.9403067637525796,0.9673333333333334,3.8580186736833846,0.85,4.414312597450581,7.525487852906099,40.921007080513384,0.9673333333333334,3.8580186736833846,0.85
146,165,155,train,20,False,0.7951933835060375,0.8917361624976513,0.7587534989322047,0.6999590114359349,0.8385215226100984,2.976294936152888,1.605012237419464,1.5029065274708575,2.369341562910138,0.9403246810822331,0.964,3.857970431657718,0.8,4.433504285417298,7.97630429974366,40.921007080513384,0.964,3.857970431657718,0.8
147,166,156,train,20,False,0.7730189628286178,0.8792149696340582,0.7412088961047288,0.686325044603477,0.8193221758858312,2.976294936152888,1.5552965520998419,1.4581884194895247,2.343970467863442,0.9318792379375033,0.964,3.8570087965534756,0.8,4.432431046790358,7.971665654111485,40.921007080513384,0.964,3.8570087965534756,0.8
148,167,157,train,20,False,0.802829585987574,0.8960075814342053,0.7587219018397996,0.6959145845627183,0.8336169721841991,2.976294936152888,1.5777199974116158,1.4808123719532893,2.3472821133136144,0.9303682127888472,0.958,3.820992035030613,0.75,4.4285404016230405,8.430592101914936,40.921007080513384,0.958,3.820992035030613,0.75
149,168,158,train,20,False,0.9025683436790187,0.9500359696764217,0.8250022599419617,0.736798080853072,0.8796645765659645,3.078243498879348,1.6632915244072737,1.5636977245161752,2.3316477667465056,0.9259276539451181,0.942,3.7965675361289493,0.7,4.8068468317098905,10.987605362516694,55.440653564790715,0.942,3.7965675361289493,0.7
150,169,159,train,20,False,0.7805234855322483,0.8834724022470924,0.7596150554631228,0.6989042422532147,0.8299977914154884,3.078243498879348,1.581255434720303,1.4802000879616837,2.32775261674285,0.9394722339989425,0.9626666666666667,3.7844879213701774,0.75,4.384360111368518,9.140954008461218,55.440653564790715,0.9626666666666667,3.7844879213701774,0.75
151,170,160,train,20,False,0.7478595152797987,0.8647887113508124,0.7562744393984605,0.6814016142008854,0.8083525544342413,3.078243498879348,1.5414226298468692,1.441185890145202,2.3230682898869937,0.9347399472543796,0.9626666666666667,3.747286840031761,0.75,4.346773427721624,9.0927165400582,55.440653564790715,0.9626666666666667,3.747286840031761,0.75
152,171,161,train,20,False,0.7352177798439218,0.8574484123513915,0.7617342954024973,0.6708993033001323,0.7958858425854938,3.078243498879348,1.514944962146288,1.4142970131679222,2.321719853846475,0.928202596355536,0.9626666666666667,3.7802968774992114,0.75,4.380357027407956,9.114632087145692,55.440653564790715,0.9626666666666667,3.7802968774992114,0.75
153,172,162,train,20,False,0.7458411723179244,0.8636209656544498,0.7806642094637275,0.67766965113608,0.8036420971811851,3.078243498879348,1.5240026835819989,1.4257726869268654,2.3107189432385398,0.9305495456240889,0.9626666666666667,3.8182221981243,0.75,4.41880462265059,9.142230459737279,55.440653564790715,0.9626666666666667,3.8182221981243,0.75
154,173,163,train,20,False,0.6909866876783954,0.8312560903105586,0.7918470935819932,0.6539030743075552,0.7760954408744289,3.078243498879348,1.487463643462035,1.3864636196932563,2.3399443195197023,0.9336418101724565,0.9726666666666667,3.8505847301628413,0.8,4.3145661713356525,7.972238394526785,55.440653564790715,0.9726666666666667,3.8505847301628413,0.8
155,174,164,train,20,False,0.6876843772102081,0.8292673737765209,0.7877140583806483,0.6479318058718544,0.7736856138269282,3.078243498879348,1.4915903460348932,1.389083640875836,2.3805951685352342,0.9329748622612863,0.9726666666666667,3.8705923688328845,0.8,4.33482543895149,7.994665453170174,55.440653564790715,0.9726666666666667,3.8705923688328845,0.8
156,175,165,train,20,False,0.6782774610157595,0.8235760201801406,0.7901597468866378,0.6400574930494224,0.7672910382098251,3.078243498879348,1.4980302885399477,1.3932470908745034,2.422173716071504,0.9316578183541522,0.9726666666666667,3.8879781942839413,0.8,4.352421026521958,8.01329704901541,55.440653564790715,0.9726666666666667,3.8879781942839413,0.8
157,176,166,train,20,False,0.6838825875680513,0.8269719388032772,0.8036662406033958,0.646142886717205,0.7713430710219882,3.078243498879348,1.4974777442059577,1.3928250993512952,2.394945466917074,0.9327318556155721,0.9726666666666667,3.895421749564002,0.8,4.359962568896805,8.017118304324342,55.440653564790715,0.9726666666666667,3.895421749564002,0.8
158,177,167,train,20,False,0.6742018592762073,0.8210979596103057,0.7693397389792046,0.6396686417441458,0.7644268951740821,3.078243498879348,1.4847860375266202,1.3821686086340237,2.397834686914843,0.9309813600521917,0.9726666666666667,3.89808875766207,0.8,4.362738617606236,8.022627758086045,55.440653564790715,0.9726666666666667,3.89808875766207,0.8
159,178,168,train,20,False,0.6941673670053796,0.8331670702838535,0.7946993091226842,0.6511147415217622,0.7770326440089572,3.078243498879348,1.4987230594214747,1.398153727443133,2.3777243488554993,0.9326252461516851,0.9746666666666667,3.902513851450973,0.85,4.3607962976918495,7.829392829958981,55.440653564790715,0.9746666666666667,3.902513851450973,0.85
160,179,169,train,20,False,0.6709411662218666,0.8191099842035052,0.7956473680534342,0.632992945487472,0.7599381935220166,3.078243498879348,1.4768174403355072,1.376733264535712,2.4028415201309805,0.9277608723826914,0.9746666666666667,3.90737350422765,0.85,4.365781532694431,7.841598188213602,55.440653564790715,0.9746666666666667,3.90737350422765,0.85
161,180,170,train,20,False,0.6934777821204314,0.832753133960138,0.786980273098769,0.6538060069638265,0.7811699254322101,3.078243498879348,1.5158154872673892,1.4114340180308305,2.3860258383306316,0.938057022634517,0.9746666666666667,3.8818294849456323,0.85,4.340021705016261,7.814209038029977,55.440653564790715,0.9746666666666667,3.8818294849456323,0.85
162,181,171,train,20,False,0.6872729571370492,0.8290192742856158,0.8069148319978302,0.6504820689816617,0.7772472638036277,3.078243498879348,1.5154772316457514,1.408908994471042,2.401097213493019,0.9375502933552404,0.9746666666666667,3.874276613673055,0.85,4.33237817658731,7.799180481309439,55.440653564790715,0.9746666666666667,3.874276613673055,0.85
163,182,172,train,20,False,0.7265980024146729,0.852407181113975,0.8650023615805031,0.6705780064798696,0.8003213132883659,3.078243498879348,1.5510130576138725,1.4472290630534737,2.3941761574818226,0.9388955548713934,0.97,3.861096442066087,0.8,4.349467818151601,8.265685329569084,55.440653564790715,0.97,3.861096442066087,0.8
164,183,173,train,20,False,0.7350233431091204,0.857335023843725,0.8896532045208323,0.67927022731489,0.8058699495390493,3.078243498879348,1.550030187225203,1.4475298786930593,2.356185706581644,0.939970871510719,0.97,3.8478677435703856,0.8,4.336004772882523,8.248244264362347,55.440653564790715,0.97,3.8478677435703856,0.8
165,184,174,train,20,False,0.7353802567981756,0.8575431515662495,1.0249737900778562,0.671769776522922,0.8060041281286094,3.078243498879348,1.5739356602652976,1.4678844392247892,2.389826240827165,0.9398992070037441,0.9586666666666667,3.8367352866185707,0.75,4.4536726640877315,9.138604525200396,55.440653564790715,0.9586666666666667,3.8367352866185707,0.75
166,185,175,train,20,False,0.7093165600044464,0.8422093326510022,0.99794847483145,0.6635868042585034,0.7911305490412754,3.078243498879348,1.5363342152997908,1.4317824863458315,2.3661984709070523,0.9393514395655682,0.962,3.816984498434524,0.8,4.414463540390728,8.65958487967221,55.440653564790715,0.962,3.816984498434524,0.8
167,186,176,train,20,False,0.7142909167990095,0.8451573325712849,1.0123475925287662,0.6702845095978098,0.7967604055876193,3.078243498879348,1.5465969212401047,1.4391268792805691,2.3502540561087804,0.9427361922821825,0.962,3.803936505423958,0.8,4.401345244415966,8.634797538378676,55.440653564790715,0.962,3.803936505423958,0.8
168,187,177,train,20,False,0.7691573546545708,0.8770161655605733,1.0032543466772428,0.694326805861976,0.816583676925242,3.078243498879348,1.5743441656793924,1.466118814834947,2.335374299358942,0.9310930732996194,0.9546666666666667,3.8371193386829114,0.8,4.55304641098718,9.54960740543242,55.440653564790715,0.9546666666666667,3.8371193386829114,0.8
169,188,178,train,20,False,0.7130303542509953,0.8444112471130375,1.0033688841504842,0.6768445870890888,0.795529725458755,2.5938888879894573,1.5204805412186526,1.414571996453723,2.321503314419454,0.9421117117738498,0.9673333333333334,3.8660650239018812,0.8,4.20693251882636,7.545591709885807,31.70675794005463,0.9673333333333334,3.8660650239018812,0.8
170,189,179,train,20,False,0.7223039379474581,0.849884661555589,1.0040564985329379,0.6796629813990581,0.8013945052716668,2.5938888879894573,1.5517569796427781,1.4432928121273236,2.3571449063836662,0.9429450153916555,0.9646666666666667,3.8800011850908245,0.75,4.236015071750107,7.88607159504582,31.70675794005463,0.9646666666666667,3.8800011850908245,0.75
171,190,180,train,20,False,0.7322004496372678,0.8556871213459204,1.0032683874065595,0.6868122050409639,0.8093997093928781,2.5938888879894573,1.560923893408773,1.4523620159755128,2.3480607739106105,0.9459061486396613,0.9646666666666667,3.9093966149330432,0.75,4.265832006606497,7.925693912132866,31.70675794005463,0.9646666666666667,3.9093966149330432,0.75
172,191,181,train,20,False,0.7485776883328141,0.8652038420700721,1.0078263077197573,0.6981645138097544,0.8246964054217558,2.5938888879894573,1.594330759093092,1.4836301336319215,2.3583330874355317,0.9531816264807622,0.9646666666666667,3.9184689013068317,0.75,4.274992513025503,7.93339276226407,31.70675794005463,0.9646666666666667,3.9184689013068317,0.75
173,192,182,train,20,False,0.7948227298953604,0.8915283113257595,0.9264595010792392,0.7188820344076847,0.8479393394806312,2.5938888879894573,1.6402569583357773,1.5230468400226609,2.3599546057879843,0.9511075853773968,0.9633333333333334,3.920197284692967,0.7,4.277008025018334,7.943842190650967,31.70675794005463,0.9633333333333334,3.920197284692967,0.7
174,193,183,train,20,False,0.7959829387820119,0.8921787594322182,0.9040823651694263,0.720109626058197,0.8487360055431186,2.5938888879894573,1.6363037689922482,1.5251935323023762,2.3479431756151836,0.9513071193078542,0.9633333333333334,3.918830032003528,0.7,4.275560339122173,7.940898463991983,31.70675794005463,0.9633333333333334,3.918830032003528,0.7
175,194,184,train,20,False,0.8362800541497508,0.91448349036478,0.887680630805051,0.7438167624290684,0.8714263167726581,2.5938888879894573,1.6719118351629405,1.5607717368036176,2.301833837646618,0.9529164013940298,0.9586666666666667,3.901078262643897,0.65,4.2885387468911755,8.484434926844544,31.70675794005463,0.9586666666666667,3.901078262643897,0.65
176,195,185,train,20,False,0.8367924782641584,0.914763618791302,0.8205208737380912,0.7461388407054026,0.8718056729481451,2.5938888879894573,1.664828989060651,1.5548842976213664,2.278337642246263,0.9530392934735227,0.9586666666666667,3.8970418456621663,0.65,4.2845095900706855,8.489171386679791,31.70675794005463,0.9586666666666667,3.8970418456621663,0.65
177,196,186,train,20,False,0.8319392523651779,0.9121070399712842,0.8148415003032797,0.7389770141769072,0.8683259961365971,2.5938888879894573,1.673955132741528,1.5639336681924678,2.3290832070714287,0.9520001031501024,0.9586666666666667,3.894096897690148,0.65,4.281523350910627,8.493362289742398,31.70675794005463,0.9586666666666667,3.894096897690148,0.65
178,197,187,train,20,False,0.8279620789720934,0.9099242160598284,0.8532702756296145,0.7369891265510126,0.8649973326307678,2.5938888879894573,1.6705070281110093,1.5580115759460442,2.3311926281645525,0.9506256865834345,0.9586666666666667,3.900110275115123,0.65,4.287585593031188,8.503174287669445,31.70675794005463,0.9586666666666667,3.900110275115123,0.65
179,198,188,train,20,False,0.9321839554466453,0.9654967402568718,0.8027075668099765,0.7698749568723949,0.90464258476937,3.481750868208004,1.7613375314939916,1.6452536339381987,2.344931381420937,0.9369711435055581,0.95,3.912555423436736,0.6,4.592729140876132,11.04229923769082,55.09543603720443,0.95,3.912555423436736,0.6
180,199,189,train,20,False,0.9516497657830361,0.975525379363877,0.8059050601324261,0.7810635104819641,0.9194651000110623,3.481750868208004,1.794317961535839,1.675408645679908,2.356075584903737,0.9425332435847332,0.95,3.9146695455641076,0.6,4.59488730173994,11.042038410407079,55.09543603720443,0.95,3.9146695455641076,0.6
181,200,190,train,20,False,0.9407929999481848,0.9699448437659663,0.8125112358460641,0.7717111940471459,0.9112516291839052,3.481750868208004,1.7811619044491906,1.6624528953987388,2.368984070857656,0.9394880905246372,0.95,3.94418561028434,0.6,4.624712541682171,11.073798997828089,55.09543603720443,0.95,3.94418561028434,0.6
182,201,191,train,20,False,0.9517630199413658,0.9755834254134117,0.816109327376228,0.7821998960075287,0.9179515540931016,3.481750868208004,1.7894160322995802,1.6717525475790054,2.3394661373707906,0.9409257375442924,0.95,3.9511481854037314,0.6,4.631789826832523,11.08518006762692,55.09543603720443,0.95,3.9511481854037314,0.6
183,202,192,train,20,False,0.9025528308386453,0.9500278052976372,0.8081092784581987,0.7524958527720811,0.8855122379299021,3.481750868208004,1.7423097094719566,1.620846222215809,2.3701608353971206,0.9320908640694755,0.9546666666666667,3.9543745306757914,0.65,4.604496154724216,10.598744116784188,55.09543603720443,0.9546666666666667,3.9543745306757914,0.65
184,203,193,train,20,False,0.8942035946404461,0.945623389431779,0.8097184867880263,0.7469213359836022,0.8800176316637082,3.481750868208004,1.7312344238300077,1.6101139030468636,2.372192901405416,0.9306216845931728,0.9546666666666667,3.9587013039528913,0.65,4.608897062547315,10.598958724295167,55.09543603720443,0.9546666666666667,3.9587013039528913,0.65
185,204,194,train,20,False,0.8584336005409081,0.9265169186479587,0.8227267664874046,0.7355961211164667,0.8648574484602216,3.481750868208004,1.7089751073535067,1.5846357068691153,2.3761901456373944,0.9334502490491862,0.9633333333333334,3.9752838411849942,0.65,4.506345306729109,9.961622674432645,55.09543603720443,0.9633333333333334,3.9752838411849942,0.65
186,205,195,train,20,False,0.8533248368630705,0.9237558318425224,0.8288197891351125,0.7324055540664702,0.8611578169808208,3.481750868208004,1.698368111018779,1.5757650878963623,2.3703919690446478,0.9322353237685724,0.9633333333333334,3.9879184315210847,0.65,4.519117329386052,9.984148135072058,55.09543603720443,0.9633333333333334,3.9879184315210847,0.65
187,206,196,train,20,False,0.852557819979974,0.9233405763747059,0.8324603887486279,0.7307484393457127,0.860375561169319,3.481750868208004,1.6961530444515263,1.5743146741629699,2.3741548669531114,0.9318073776714058,0.9633333333333334,3.9898463698648254,0.65,4.521078016413751,9.98596945492591,55.09543603720443,0.9633333333333334,3.9898463698648254,0.65
188,207,197,train,20,False,0.7679520246984421,0.8763287195444653,0.8240477764363953,0.6942651961388394,0.8262970787102992,3.481750868208004,1.6524736499420647,1.5329280517270174,2.4022039715176087,0.9429076786845767,0.9753333333333334,3.994634035334603,0.65,4.376584675201915,8.643760155613837,55.09543603720443,0.9753333333333334,3.994634035334603,0.65
189,208,198,train,20,False,0.7193253085452753,0.8481304784909427,0.8145939536832771,0.6644157670796604,0.7969744402590856,3.481750868208004,1.6247410102161255,1.5027660084205638,2.4842576460023897,0.9396837638438867,0.9786666666666667,3.9945208698027153,0.7,4.348850065463802,8.09100249540244,55.09543603720443,0.9786666666666667,3.9945208698027153,0.7
190,209,199,train,20,False,0.6902342336956444,0.8308033664445784,0.8162077654924524,0.6445238954775677,0.7731812800479976,3.481750868208004,1.5606896158283838,1.4443535013814155,2.4539163197912566,0.9306429310184737,0.9813333333333333,4.000473444734545,0.75,4.3400025202908274,7.772020500284183,55.09543603720443,0.9813333333333333,4.000473444734545,0.75
191,210,200,train,20,False,0.7974855249499385,0.893020450465687,0.8288462917371046,0.682706903962764,0.8193968384447509,3.481750868208004,1.6328527002764648,1.5149773223084764,2.454317637646726,0.9175566338010027,0.968,3.999068851240639,0.7,4.431501869331415,8.37120800542084,55.09543603720443,0.968,3.999068851240639,0.7
192,211,201,train,20,False,0.8724430608372782,0.9340466052811702,0.8466650077842935,0.719302884331077,0.8552122989862594,3.481750868208004,1.6740586701963267,1.557661834397507,2.4102032780668816,0.9155991726224627,0.96,3.9899788635260793,0.65,4.4747941868037255,8.86772439653934,55.09543603720443,0.96,3.9899788635260793,0.65
193,212,202,train,20,False,0.8409181312621767,0.9170158838658012,0.8517291780223091,0.7034317243971105,0.8406377037632812,3.481750868208004,1.6811060536170426,1.5645901881790705,2.4675264039512763,0.916710079458452,0.9566666666666667,3.9949571852853496,0.65,4.53925966779622,9.802941080178154,55.09543603720443,0.9566666666666667,3.9949571852853496,0.65
194,213,203,train,20,False,0.8411128176873233,0.9171220298778802,0.8476321967968388,0.7024796206799068,0.8407697031904556,3.481750868208004,1.6819796940222598,1.5667430017160475,2.473114517801315,0.916747909002261,0.9566666666666667,3.982560623426375,0.65,4.526716438442195,9.77822582395284,55.09543603720443,0.9566666666666667,3.982560623426375,0.65
195,214,204,train,20,False,0.7946194167261206,0.8914142789557057,0.8215438479055712,0.6801342391063179,0.8130030865524709,3.481750868208004,1.6218683635246869,1.5074384178877995,2.461186078743057,0.9120373161454249,0.9613333333333334,3.976666744974363,0.7,4.489771138111879,9.196877401479048,55.09543603720443,0.9613333333333334,3.976666744974363,0.7
196,215,205,train,20,False,0.7975395499644343,0.8930506984289494,0.8761120140436806,0.6790798483708135,0.8150887854743021,3.481750868208004,1.6391314848833591,1.5245014179946748,2.4963904775326986,0.9127015822373831,0.9613333333333334,3.9606886962941874,0.7,4.473480966768368,9.170083271300433,55.09543603720443,0.9613333333333334,3.9606886962941874,0.7
197,216,206,train,20,False,0.7924408443235648,0.8901914649801832,0.872668375550214,0.6766631159585119,0.8109872119957131,3.481750868208004,1.620142397880104,1.507624803475575,2.4709865429054707,0.9110255983118943,0.9613333333333334,3.9457692478675277,0.7,4.458349277916586,9.148011981161513,55.09543603720443,0.9613333333333334,3.9457692478675277,0.7
198,217,207,train,20,False,0.7902181954068157,0.8889421777634446,0.8645398306909108,0.6721812594752863,0.8089431553812355,3.481750868208004,1.6311364077684138,1.5145606488393413,2.5241532277809537,0.9100064949291926,0.9613333333333334,3.9254944670106307,0.7,4.437827067016312,9.122243710129895,55.09543603720443,0.9613333333333334,3.9254944670106307,0.7
199,218,208,train,20,False,0.6467334692027541,0.8041974068614958,0.9674079924681858,0.6111608934735291,0.7353809599874492,2.5870946923380798,1.4809378140474088,1.3683956713874827,2.518048846303397,0.914428414855734,0.97,3.9221678538665317,0.75,4.14189169181006,6.595894127490199,23.3338588403652,0.97,3.9221678538665317,0.75
200,219,209,train,20,False,0.7208033579286744,0.8490013886494382,0.9962935510891994,0.6393913873641556,0.7680969211237298,2.703358785607961,1.5341676118647316,1.4219075182105712,2.50320492293224,0.904706318967972,0.9553333333333334,3.9234648290706247,0.7,4.395487735401341,8.127998508396097,35.147806725812664,0.9553333333333334,3.9234648290706247,0.7
201,220,210,train,20,False,0.7294548367933973,0.854081282310646,0.9895816837952233,0.6459581337973488,0.7747955607370314,2.703358785607961,1.5405956324025556,1.4267048335972303,2.488827546535023,0.9071684121690227,0.9553333333333334,3.915790721101825,0.7,4.387830559801172,8.119530419401205,35.147806725812664,0.9553333333333334,3.915790721101825,0.7
202,221,211,train,20,False,0.7203081574440631,0.8487097015140472,0.9868431662331192,0.6389009121125098,0.7692895355233793,2.703358785607961,1.5372684497124058,1.4244589871657012,2.5100482175043237,0.9064224600602692,0.9553333333333334,3.9062032658740256,0.7,4.378063518759196,8.103774968428569,35.147806725812664,0.9553333333333334,3.9062032658740256,0.7
203,222,212,train,20,False,0.718450842609922,0.8476147961249391,0.9873935300565668,0.6356612376140528,0.7670329787682109,2.703358785607961,1.5319983486606048,1.4239717758760493,2.520398022184769,0.9049310869452422,0.9553333333333334,3.911643958200998,0.7,4.383587251801665,8.106463477507486,35.147806725812664,0.9553333333333334,3.911643958200998,0.7
204,223,213,train,20,False,0.7084747769080745,0.841709437340508,1.005926965278775,0.6282457372830208,0.7590523014456846,2.703358785607961,1.5182274356070855,1.4118373295325144,2.5268505361359717,0.9017984921780259,0.9553333333333334,3.9182846451276587,0.7,4.3903762473560795,8.108152669473093,35.147806725812664,0.9553333333333334,3.9182846451276587,0.7
205,224,214,train,20,False,0.6724393307184855,0.8200239817947311,1.0136341604433339,0.6093372069703709,0.7366434355427648,2.703358785607961,1.4907517776421766,1.387099945056803,2.563351257965792,0.8983193807704539,0.958,3.9158191549306127,0.75,4.378171404631236,7.862107756058047,35.147806725812664,0.958,3.9158191549306127,0.75
206,225,215,train,20,False,0.6562613466637635,0.8100995905836291,1.01379837711032,0.5945121474049577,0.7200515539877325,2.703358785607961,1.4626024294361162,1.3592245129386884,2.5776612242669206,0.8888432513204675,0.958,3.9155554751035377,0.75,4.37790689303375,7.853308714219284,35.147806725812664,0.958,3.9155554751035377,0.75
207,226,216,train,20,False,0.7814779668128672,0.8840124245805978,0.9524097936771732,0.6477843124276291,0.778650283394203,2.892957055958623,1.5601241491050766,1.4565015343383814,2.5595496612092594,0.8808137326391291,0.9493333333333334,3.929561901997867,0.7,4.612439997397204,10.12448084891879,49.39952234335521,0.9493333333333334,3.929561901997867,0.7
208,227,217,train,20,False,0.7862348860055557,0.8866988699697071,0.9781847603150614,0.65226134222764,0.7812181721753617,2.892957055958623,1.5662569746229833,1.4628115097268772,2.55438175494914,0.8810411275273768,0.9486666666666667,3.9217494485100106,0.7,4.6040555922938164,10.099956064458707,49.39952234335521,0.9486666666666667,3.9217494485100106,0.7
209,228,218,train,20,False,0.8154923622566649,0.9030461573234587,1.0033227882603066,0.6697651554573439,0.8011218382221592,2.892957055958623,1.5807362084419578,1.4806236232769545,2.487937746929334,0.8871327691561268,0.9486666666666667,3.929932738875102,0.7,4.612279733170208,10.111007398698877,49.39952234335521,0.9486666666666667,3.929932738875102,0.7
210,229,219,train,20,False,0.8256245288791664,0.9086388330239724,1.0052159547697415,0.6775431438454681,0.8116952314209401,2.892957055958623,1.6097136328251485,1.5085736575047175,2.5141138354647166,0.8933089825355565,0.9486666666666667,3.9310608194766985,0.7,4.613279839553789,10.110409705865925,49.39952234335521,0.9486666666666667,3.9310608194766985,0.7
211,230,220,train,20,False,0.7245880725742482,0.8512273918138726,1.1281715227736524,0.6377584506967948,0.7696779514110804,2.892957055958623,1.57721197329295,1.4717471384368128,2.5875470496167674,0.9041978193053456,0.9586666666666667,3.928542526627698,0.7,4.535828207489804,9.950814241917103,49.39952234335521,0.9586666666666667,3.928542526627698,0.7
212,231,221,train,20,False,0.7042192190081235,0.8391777040699565,0.980503955090905,0.6282366141687438,0.7620083772846211,2.892957055958623,1.5796261226783659,1.469723618562735,2.605422962121498,0.9080417336982748,0.9666666666666667,3.9410296910679166,0.75,4.496015191698956,9.472932245934215,49.39952234335521,0.9666666666666667,3.9410296910679166,0.75
213,232,222,train,20,False,0.714158421550816,0.8450789439755413,0.9801853431970415,0.633035672885168,0.7670477704833081,2.892957055958623,1.572594903713035,1.4642735840136774,2.5774215672044316,0.9076640424560245,0.9686666666666667,3.928686182022125,0.75,4.431514460980683,8.746825289396588,49.39952234335521,0.9686666666666667,3.928686182022125,0.75
214,233,223,train,20,False,0.7028211736190799,0.8383443049362713,0.9823546570113767,0.6259271108897739,0.7583509405651333,2.892957055958623,1.5446991961499255,1.4372317978113496,2.5589060652078435,0.9045817286523835,0.9686666666666667,3.9558619941939908,0.75,4.459037680560611,8.788576247755094,49.39952234335521,0.9686666666666667,3.9558619941939908,0.75
215,234,224,train,20,False,0.7304419825423276,0.8546589861121965,0.9979209185624939,0.6399003184061971,0.7768898706948357,2.892957055958623,1.5781374989974322,1.4714254193272955,2.562645381561319,0.9090056774911724,0.968,3.9551318690105877,0.7,4.4584440772355896,8.789871257001064,49.39952234335521,0.968,3.9551318690105877,0.7
216,235,225,train,20,False,0.7499181597267145,0.8659781519915584,1.00716339561219,0.6526844248979764,0.7885214662370871,2.892957055958623,1.572406026987837,1.470092532909409,2.507465146964507,0.9105558430356031,0.968,3.982347874524022,0.7,4.486087176881545,8.834572204606186,49.39952234335521,0.968,3.982347874524022,0.7
217,236,226,train,20,False,0.8526550093347703,0.9233932040765571,0.976485130383048,0.6937054954714788,0.8368211340997702,2.892957055958623,1.647907616640974,1.5474100201531988,2.479360147677388,0.9062457146158405,0.954,3.997208494829499,0.65,4.797722255783104,10.581760797335585,49.39952234335521,0.954,3.997208494829499,0.65
218,237,227,train,20,False,0.8603231295505009,0.9275360529653286,0.9714761203437736,0.698586140259506,0.8433371523294338,2.892957055958623,1.6540648123353894,1.555058165173827,2.45879396543918,0.9092230427413455,0.954,4.006962741593493,0.65,4.807489995049485,10.591538771433532,49.39952234335521,0.954,4.006962741593493,0.65
219,238,228,train,20,False,0.8824365499884472,0.9393809397621644,0.9685309872790953,0.7173500692003631,0.8666997537351813,2.892957055958623,1.7040586132349849,1.6000799846503209,2.4699493505601895,0.9226286345075462,0.954,4.000916089025502,0.65,4.801393342331642,10.581197930147887,49.39952234335521,0.954,4.000916089025502,0.65
220,239,229,train,20,False,0.8198324858235864,0.9054460148587471,0.9189627287283575,0.6951610928545421,0.8405680667322653,2.892957055958623,1.667782957660291,1.5648495515994494,2.4870088742510417,0.9283469725838894,0.9686666666666667,3.9953682026204933,0.7,4.543497685753862,9.04543044847522,49.39952234335521,0.9686666666666667,3.9953682026204933,0.7
221,240,230,train,20,False,0.8142278203900748,0.9023457321836652,0.9264599047091652,0.6912111625854589,0.8363916259201059,2.892957055958623,1.6627568491956262,1.560240803855897,2.492697455175266,0.9269081640094298,0.9686666666666667,3.9907624566774804,0.7,4.538733017394991,9.04329078993081,49.39952234335521,0.9686666666666667,3.9907624566774804,0.7
222,241,231,train,20,False,0.816741466117622,0.9037374984571692,0.8973502085026247,0.6940563626189761,0.837979673202811,2.892957055958623,1.6549162496668692,1.5533666805304882,2.469829888607192,0.9272379143649369,0.9686666666666667,4.0006751317967,0.7,4.548742917245422,9.052855426009272,49.39952234335521,0.9686666666666667,4.0006751317967,0.7
223,242,232,train,20,False,0.9022926496255573,0.9498908619549707,0.9233970205652563,0.7307985931457035,0.8867645562883688,3.0298444386015313,1.7652561560855424,1.654980295407239,2.477792168417294,0.9335436225413499,0.9586666666666667,3.998971858128663,0.65,4.7232267829983225,11.005742920703216,49.39952234335521,0.9586666666666667,3.998971858128663,0.65
224,243,233,train,20,False,0.9074976395422076,0.9526267052430388,0.9149803727958684,0.7342867353689297,0.8911803203150047,3.0298444386015313,1.7789331324445925,1.6657211427757812,2.4883090981114617,0.9354979399697202,0.9586666666666667,4.011881606361192,0.65,4.736215129473125,11.048476670815573,49.39952234335521,0.9586666666666667,4.011881606361192,0.65
225,244,234,train,20,False,0.9202583408882428,0.9593009647072408,0.9069499536239656,0.7445878890996375,0.9006390895723172,3.0298444386015313,1.7752592485633367,1.663542697108684,2.4352994872362954,0.9388493525044812,0.9586666666666667,3.998227032920488,0.65,4.722383544434436,11.025393401882317,49.39952234335521,0.9586666666666667,3.998227032920488,0.65
226,245,235,train,20,False,0.9401411785278452,0.9696087760163091,0.9109634474744037,0.7603879187779984,0.9199524825552862,3.0298444386015313,1.8155401419175505,1.7045033281744644,2.4378842373957808,0.9487872895859725,0.9586666666666667,3.9974891949281,0.65,4.721675956230795,11.025106778174287,49.39952234335521,0.9586666666666667,3.9974891949281,0.65
227,246,236,train,20,False,0.8253799510031146,0.9085042382967261,0.9248829157815547,0.7166330718090339,0.8704679260277695,3.0298444386015313,1.7381369738550287,1.6223537024901016,2.4525319126953895,0.9581330381680249,0.9673333333333334,3.981045172987553,0.7,4.484613857359873,8.754512738456182,43.30200909879503,0.9673333333333334,3.981045172987553,0.7
228,247,237,train,20,False,0.8557954708604856,0.9250921418218218,0.9078358250932119,0.731366959956728,0.884403775827941,3.0298444386015313,1.740758396345549,1.623811786740164,2.425710292384588,0.956016958576957,0.9646666666666667,3.974826571098581,0.7,4.511465212921917,9.285621180289265,43.30200909879503,0.9646666666666667,3.974826571098581,0.7
229,248,238,train,20,False,0.8316987788842287,0.9119752073846245,0.8891406756637975,0.7181094311967074,0.8689460008331839,3.0298444386015313,1.7221844184645783,1.603688393248337,2.451303161907859,0.9528175698165738,0.9646666666666667,3.96187740708286,0.7,4.4982884516136865,9.263553103642575,43.30200909879503,0.9646666666666667,3.96187740708286,0.7
230,249,239,train,20,False,0.8326890125286207,0.9125179518938905,0.8922059293550463,0.7183386865471897,0.8697806334078863,3.0298444386015313,1.7348735811022593,1.6120939912809547,2.476464508363808,0.9531655038705761,0.9646666666666667,3.9486680263739484,0.7,4.484987713558182,9.247121254744519,43.30200909879503,0.9646666666666667,3.9486680263739484,0.7
231,250,240,train,20,False,0.8105874468368984,0.90032630020282,0.8909562167177604,0.707000223638121,0.8512720076468667,3.0298444386015313,1.6742898062818086,1.558486569427025,2.412162708036808,0.9455149843507819,0.968,3.941343986708194,0.75,4.4595118495743735,8.783786941408552,43.30200909879503,0.968,3.941343986708194,0.75
232,251,241,train,20,False,0.7724958872463035,0.8789174518954004,0.9109737092868361,0.6909809365376415,0.8335359188109827,3.0298444386015313,1.64168754478797,1.526660904205112,2.4142553187641242,0.948366558217098,0.968,3.9354217942946064,0.75,4.45350014624747,8.76411664175465,43.30200909879503,0.968,3.9354217942946064,0.75
233,252,242,train,20,False,0.7591680855894264,0.8713025224280178,0.8828787684315094,0.690610484313557,0.8266494467920088,3.0298444386015313,1.6068885914213844,1.4940213281277925,2.372641007868577,0.9487513527315675,0.9706666666666667,3.947856917043056,0.8,4.4584676271620856,8.567180017143949,43.30200909879503,0.9706666666666667,3.947856917043056,0.8
234,253,243,train,20,False,0.754187198537077,0.8684395192165526,0.8864265189721134,0.688249209309106,0.8218288875261566,3.0298444386015313,1.5928120736646707,1.4800776237457147,2.3520052498637396,0.9463282926916489,0.9706666666666667,3.9266793556432913,0.8,4.437115024926331,8.547525249414358,43.30200909879503,0.9706666666666667,3.9266793556432913,0.8
235,254,244,train,20,False,0.7461194321800638,0.8637820513185394,0.9080802707551859,0.6861290377060724,0.8172694665054498,3.0298444386015313,1.5761358597841828,1.4687239761762068,2.335893015323479,0.946152406452427,0.9713333333333334,3.9361133591737385,0.85,4.446569281307847,8.56509667481654,43.30200909879503,0.9713333333333334,3.9361133591737385,0.85
236,255,245,train,20,False,0.7834606795679594,0.8851331422831027,0.9393319010962435,0.7044330181228731,0.8339367128439774,3.0298444386015313,1.5859973267879592,1.4797999395728727,2.31367160885746,0.9421596288812891,0.9713333333333334,3.9217936658751738,0.85,4.432126930516833,8.542865382728465,43.30200909879503,0.9713333333333334,3.9217936658751738,0.85
237,256,246,train,20,False,0.7137662096864946,0.8448468557593706,0.9124116319577853,0.6877173083574548,0.806556892738446,3.0298444386015313,1.5262567461096221,1.4195971172077715,2.2878983930653733,0.9546782203663307,0.9853333333333333,3.9321769872897736,0.9,4.146083160864789,6.833330727576495,43.30200909879503,0.9853333333333333,3.9321769872897736,0.9
238,257,247,train,20,False,0.7067092001051559,0.8406599788887038,0.8931067404959729,0.682826322515375,0.8006184608213831,3.0298444386015313,1.5072745715832225,1.4039417700516357,2.2765039970359138,0.9523689493102159,0.9853333333333333,3.91652622465154,0.9,4.130334752614319,6.819514388517211,43.30200909879503,0.9853333333333333,3.91652622465154,0.9
239,258,248,train,20,False,0.7235956310060376,0.8506442446793122,0.8776674616535947,0.6894728600483756,0.8110293297244485,3.0298444386015313,1.5452857250557068,1.4411223163947813,2.306068322323359,0.9534295150967625,0.9813333333333333,3.920253953916153,0.85,4.168371228035145,7.409127211106989,43.30200909879503,0.9813333333333333,3.920253953916153,0.85
240,259,249,train,20,False,0.6920188060468526,0.8318766771865002,0.9214648874043927,0.6731933073721551,0.7889798928183359,3.0298444386015313,1.4933813628010442,1.3887874139436707,2.28335780495933,0.9484337215544425,0.9813333333333333,3.918454634466041,0.85,4.166504421780899,7.404807379451301,43.30200909879503,0.9813333333333333,3.918454634466041,0.85
241,260,250,train,20,False,0.7154617554507692,0.8458497239171797,0.9212809711670171,0.6878172668620225,0.8040155573546137,3.0298444386015313,1.5080247091967167,1.4060784571047162,2.262931164631465,0.9505418452241972,0.9813333333333333,3.9188667862834907,0.85,4.166917311982504,7.402914840312983,43.30200909879503,0.9813333333333333,3.9188667862834907,0.85
242,261,251,train,20,False,0.8032088858014017,0.8962192174916814,1.0381114833380032,0.7234351069351098,0.8412177116467315,3.0298444386015313,1.5500531561862458,1.4470898110694435,2.2333071398104476,0.9386294058736133,0.9686666666666667,3.928508362830341,0.8,4.339433714846095,8.710111202444244,43.30200909879503,0.9686666666666667,3.928508362830341,0.8
243,262,252,train,20,False,0.8236875936926799,0.9075723627858441,0.940114719552447,0.7344936076303794,0.8483483032534466,2.7607165623576337,1.536596762374051,1.4397827322918386,2.1966039673723006,0.9347445317190951,0.9713333333333334,3.9325441639078074,0.8,4.317697444127158,8.212819750883517,33.356180067580475,0.9713333333333334,3.9325441639078074,0.8
244,263,253,train,20,False,0.873878630987565,0.9348147575790431,0.868824173157451,0.7590577905185664,0.8759421495883501,2.7607165623576337,1.5809830062778318,1.482140713482505,2.1776424371357237,0.9370221666770008,0.9646666666666667,3.92204180381096,0.75,4.341924728151322,8.681733405761928,33.356180067580475,0.9646666666666667,3.92204180381096,0.75
245,264,254,train,20,False,0.8647284331594921,0.92990775518838,0.8687289188457143,0.7500267090530034,0.8694448928712347,2.7607165623576337,1.5889339144817212,1.4889992780573311,2.231426999514946,0.9349797203219402,0.9646666666666667,3.9308718836569683,0.75,4.350947999692335,8.706179900670602,33.356180067580475,0.9646666666666667,3.9308718836569683,0.75
246,265,255,train,20,False,0.8542360011986366,0.9242488848782219,0.8586272694339013,0.7424794497212407,0.8610344137964606,2.7607165623576337,1.5801554571016752,1.4752914646340065,2.254318370203907,0.9316044929931505,0.9646666666666667,3.936661647115962,0.75,4.3568186563273255,8.717461472895243,33.356180067580475,0.9646666666666667,3.936661647115962,0.75
247,266,256,train,20,False,0.8443331490379482,0.918876024846632,0.8670371279197412,0.7335347444651489,0.8524862556847739,2.7607165623576337,1.5623580628199054,1.463983656787592,2.2601548181680817,0.9277489374337098,0.9646666666666667,3.9485617060328404,0.75,4.368937315051211,8.74132180140219,33.356180067580475,0.9646666666666667,3.9485617060328404,0.75
248,267,257,train,20,False,0.7783014757956948,0.882213962593936,0.8785914521923729,0.6934831999887308,0.8129668358650513,2.7607165623576337,1.5138851332916679,1.416982104872338,2.319334802073522,0.9215075597701035,0.9693333333333334,3.96188214682255,0.8,4.348427055832006,8.214643072355155,33.356180067580475,0.9693333333333334,3.96188214682255,0.8
249,268,258,train,20,False,0.8050918532867334,0.897269108621674,0.8687727951617952,0.7082036415393634,0.829845004932071,2.7607165623576337,1.5477487720949739,1.4501896260364024,2.3090793770258764,0.9248563189775079,0.968,3.9669228148965674,0.75,4.356712201394055,8.345577122904533,33.356180067580475,0.968,3.9669228148965674,0.75
250,269,259,train,20,False,0.8735251559421554,0.9346256769114336,0.9032792852842181,0.7397728377909718,0.865541965022049,2.7607165623576337,1.5986011447008737,1.5052782186205014,2.265316045838265,0.9260840852161492,0.96,3.9800851897454987,0.7,4.482792708855474,9.464994722943153,33.356180067580475,0.96,3.9800851897454987,0.7
251,270,260,train,20,False,1.0564625703401014,1.0278436507271431,0.8870520201791967,0.8098581676486084,0.9427756198868987,3.0291741639373275,1.7137905526334858,1.6167353497602754,2.2484189523994043,0.9172364096620499,0.9393333333333334,3.990808329386349,0.65,4.882437626299312,11.251498077271622,39.877523743945794,0.9393333333333334,3.990808329386349,0.65
252,271,261,train,20,False,1.102860821076831,1.0501718055046187,0.8536146476457178,0.8289586814494644,0.9637475050077816,3.0291741639373275,1.7503523482470478,1.6567660502396802,2.2440366503553757,0.917704607909075,0.9326666666666666,4.004073874534085,0.6,4.939425185432858,11.72664385071121,39.877523743945794,0.9326666666666666,4.004073874534085,0.6
253,272,262,train,20,False,1.089023436045602,1.0435628567774928,0.8299601715716981,0.8196466361236785,0.955245771812146,3.0291741639373275,1.741750472457514,1.6474103785474408,2.258897717538104,0.9153696546482416,0.9326666666666666,4.005890445276526,0.6,4.941152346655161,11.726775386417335,39.877523743945794,0.9326666666666666,4.005890445276526,0.6
254,273,263,train,20,False,1.1114019635732815,1.054230507798594,0.8205991469046466,0.8327818363369662,0.97265934867722,3.0291741639373275,1.7806048634600562,1.6826204511188003,2.278628637516829,0.9226249302045831,0.93,3.9738757645729503,0.55,4.926653103459178,12.113889036651916,39.877523743945794,0.93,3.9738757645729503,0.55
255,274,264,train,20,False,1.0911053175690746,1.0445598678721457,0.8279932267373743,0.8186329702901599,0.9580072920785263,3.0291741639373275,1.7692533011348233,1.6631270364528947,2.313926033673691,0.9171396695816639,0.93,3.9632090334021437,0.55,4.915854179912619,12.090734721973398,39.877523743945794,0.93,3.9632090334021437,0.55
256,275,265,train,20,False,1.0230300972623922,1.0114495030709107,0.7853505770699097,0.7806877959931864,0.9207991641154368,3.0291741639373275,1.7502425638671544,1.636497030521451,2.4060118999114146,0.91037581344373,0.9286666666666666,3.9554256719958,0.5,4.910372385802848,12.191385372467451,39.877523743945794,0.9286666666666666,3.9554256719958,0.5
257,276,266,train,20,False,0.9935750835533451,0.9967823651897866,0.7933803446296211,0.7592717180061446,0.9028200390630738,3.0291741639373275,1.7411489749152065,1.6259394130412919,2.4575900021869272,0.905734361473357,0.9286666666666666,3.926383747570323,0.5,4.88090781655991,12.153638018289993,39.877523743945794,0.9286666666666666,3.926383747570323,0.5
258,277,267,train,20,False,0.9993579354168377,0.999678916161003,0.7902512848246911,0.7659298704565637,0.9077687077172844,3.0291741639373275,1.7470486181680076,1.631412010333604,2.4346852893733546,0.9080602711952004,0.9286666666666666,3.9218673435695153,0.5,4.876283299431295,12.149211684936592,39.877523743945794,0.9286666666666666,3.9218673435695153,0.5
259,278,268,train,20,False,0.9695517474426566,0.9846581881255325,0.7791116650142448,0.7525837787165228,0.8865744324384359,3.0291741639373275,1.6800913329002143,1.569333589225002,2.3784815395121184,0.9003880159938384,0.9326666666666666,3.9044806236621867,0.55,4.824401252634211,11.540832397440134,39.877523743945794,0.9326666666666666,3.9044806236621867,0.55
260,279,269,train,20,False,0.9664942033559376,0.9831043705303815,0.7747761735263435,0.748434662010143,0.8832689575342536,3.0291741639373275,1.6775491711043737,1.567894441159456,2.395708649179342,0.8984488158238305,0.9326666666666666,3.902880258021228,0.55,4.8227505575548,11.544241279167451,39.877523743945794,0.9326666666666666,3.902880258021228,0.55
261,280,270,train,20,False,0.9700458073014943,0.9849090350390204,0.7825623596062466,0.7470622183491085,0.8851408751468746,3.0291741639373275,1.6957903938594647,1.583777922625689,2.421220954004096,0.8987031732446304,0.9326666666666666,3.90761029586705,0.55,4.827594480255184,11.550145075162835,39.877523743945794,0.9326666666666666,3.90761029586705,0.55
262,281,271,train,20,False,0.8719158762678019,0.933764357998206,0.8021046772957197,0.7037800355747249,0.8408933573305539,3.0291741639373275,1.6462855324217756,1.5350959243037805,2.4703744857528873,0.900541287668392,0.9453333333333334,3.9050889710956684,0.6,4.662303044906456,10.26654578333028,39.877523743945794,0.9453333333333334,3.9050889710956684,0.6
263,282,272,train,20,False,0.803579378286057,0.8964258911287966,0.7547348941809751,0.6825827883333428,0.8130994233499784,3.0291741639373275,1.602938183069936,1.492251000794877,2.4744672073952385,0.907045893471582,0.9526666666666667,3.9025477383798863,0.65,4.509445526357439,8.819548704408842,39.877523743945794,0.9526666666666667,3.9025477383798863,0.65
264,283,273,train,20,False,0.7489366800056642,0.8654112779515091,0.7584155579964228,0.6553084554986595,0.7817721388098331,3.0291741639373275,1.54234849336979,1.4360126012175063,2.473395599534917,0.9033533057950712,0.9593333333333334,3.9021892432407252,0.7,4.474347006027803,8.317003120984472,39.877523743945794,0.9593333333333334,3.9021892432407252,0.7
265,284,274,train,20,False,0.7811877353065008,0.8838482535517626,0.7649484608121468,0.6739611619989868,0.8011348578789332,3.0291741639373275,1.568308083793656,1.4553925700404358,2.436569874127534,0.9064167459284512,0.9593333333333334,3.8957530602423263,0.7,4.4677921867836785,8.310997977042144,39.877523743945794,0.9593333333333334,3.8957530602423263,0.7
266,285,275,train,20,False,0.8101260366171571,0.9000700176192723,0.7886516708655484,0.6929457599029071,0.8207885863366101,3.0291741639373275,1.5819117090789085,1.472522490087423,2.384699629272945,0.9119163734701825,0.9593333333333334,3.8889121591842035,0.7,4.4608584621254925,8.306495505544717,39.877523743945794,0.9593333333333334,3.8889121591842035,0.7
267,286,276,train,20,False,0.8734664720424945,0.9345942820510377,0.7719708586395322,0.7217883234019459,0.8575540549908567,3.0291741639373275,1.6440041121089322,1.5329237142699417,2.378162231543178,0.9175682662094719,0.958,3.9037103323407742,0.65,4.476531041064296,8.323402119809286,39.877523743945794,0.958,3.9037103323407742,0.65
268,287,277,train,20,False,0.8909990748322407,0.9439274732903162,0.7798903575398013,0.7365985003669036,0.8724359531528044,3.0291741639373275,1.6686181789499366,1.5578511871622072,2.349236571796721,0.9242616385681531,0.958,3.90026817316742,0.65,4.4731828854051034,8.314831992395227,39.877523743945794,0.958,3.90026817316742,0.65
269,288,278,train,20,False,0.8772044764089666,0.9365919476532811,0.8322268222004511,0.7338878981629604,0.8646374279751964,3.0291741639373275,1.640659656696707,1.5343631990831963,2.3203493959435177,0.9231740996082942,0.9593333333333334,3.9001156968832658,0.7,4.469859661883505,8.201190348484298,39.877523743945794,0.9593333333333334,3.9001156968832658,0.7
270,289,279,train,20,False,0.8435673245673472,0.9184592122502486,0.8199635835814691,0.7232249544226962,0.8502870741670658,3.0291741639373275,1.6222128426936493,1.513053739564079,2.326836241213637,0.9257755410649545,0.9666666666666667,3.907098843500883,0.7,4.364564244062127,7.111164988277592,39.877523743945794,0.9666666666666667,3.907098843500883,0.7
271,290,280,train,20,False,0.6725908807424847,0.8201163824375689,0.8428517688175029,0.6616775075523464,0.7844289881010037,2.3881241927596832,1.5337216081610445,1.4257325531775336,2.3610905301623264,0.9564849634749469,0.9873333333333333,3.896779393364163,0.75,3.965424470299316,5.3376638899884785,13.857535864466582,0.9873333333333333,3.896779393364163,0.75
272,291,281,train,20,False,0.5968522245247693,0.7725621169360877,0.8145019905056822,0.6246661039786923,0.7419177728642431,2.2307938696732657,1.460244715044996,1.3501072359905224,2.370602937092424,0.9603341357282994,0.994,3.878057015409446,0.8,3.9028393946428586,4.858151857143838,12.06302502660602,0.994,3.878057015409446,0.8
273,292,282,train,20,False,0.6102412851782125,0.7811794193258118,0.8435608839226904,0.6315591767870385,0.7501694127698038,2.2307938696732657,1.4856360335949914,1.3729624464461567,2.383827441067969,0.9603036053064854,0.994,3.862081826495471,0.8,3.886861783941849,4.833147272429485,12.06302502660602,0.994,3.862081826495471,0.8
274,293,283,train,20,False,0.593814894259961,0.7705938581769005,0.8530219590492781,0.621027735159624,0.7384234558370109,2.2307938696732657,1.469546027588475,1.358922951555591,2.402203144726028,0.9582524542617046,0.9966666666666667,3.899351628117197,0.85,3.9066385114631665,4.450584029099754,6.36936410792688,0.9966666666666667,3.899351628117197,0.85
275,294,284,train,20,False,0.5975497450393532,0.7730134184083438,0.8820484442754994,0.6236694287588246,0.7416521323895966,2.2307938696732657,1.4642569041698623,1.3595633171755297,2.378029542603494,0.9594298297132786,0.9966666666666667,3.91463807744781,0.85,3.9221770615066256,4.475938884375505,6.36936410792688,0.9966666666666667,3.91463807744781,0.85
276,295,285,train,20,False,0.6853894662937691,0.8278825196208512,0.9115556939561855,0.6646763790574982,0.7861289825489199,2.4984939111113813,1.51762419686114,1.4173491973156218,2.3097843395102524,0.9495658670374473,0.986,3.92386422686019,0.85,4.063980898218952,5.186310811975347,20.57680265992371,0.986,3.92386422686019,0.85
277,296,286,train,20,False,0.6829901443099305,0.8264321776830392,0.9679076858219393,0.6615353896851874,0.7841940589367884,2.4984939111113813,1.521310186926091,1.4183548931694436,2.3373490277994837,0.9488910041418421,0.986,3.9414486215418245,0.85,4.081880646906222,5.205288532667898,20.57680265992371,0.986,3.9414486215418245,0.85
278,297,287,train,20,False,0.7605787551897251,0.8721116644041204,1.0105428005500703,0.6994524652321285,0.8223882498228438,2.4984939111113813,1.5771249725936456,1.4729362840914786,2.3141371416682515,0.9429850366521004,0.986,3.969220036741329,0.85,4.110055540861457,5.237902419403245,20.57680265992371,0.986,3.969220036741329,0.85
279,298,288,train,20,False,0.7755390018497538,0.8806469223529676,1.0703217277749206,0.7077971634739302,0.8345866170709446,2.4984939111113813,1.6061146338335788,1.500306593001644,2.334039382513937,0.9476971938322839,0.986,3.9818010883777877,0.85,4.1228586012813055,5.258044428395376,20.57680265992371,0.986,3.9818010883777877,0.85
280,299,289,train,20,False,0.8483950306343916,0.9210836176126419,1.1014693583821047,0.747169574873095,0.8771758289926627,2.4984939111113813,1.6744545498503913,1.5667470117742248,2.309273529672714,0.9523302903445575,0.9846666666666667,3.986721971324781,0.8,4.129250253522805,5.304058092665477,20.57680265992371,0.9846666666666667,3.986721971324781,0.8
281,300,290,train,20,False,0.8112133707719599,0.9006738426156051,1.0417012670116654,0.7258966465088965,0.8507262016020423,2.4984939111113813,1.6243506512526775,1.5189447842042285,2.304691175770637,0.9445441416745132,0.9846666666666667,3.996712733771375,0.8,4.139387253341524,5.320538335862179,20.57680265992371,0.9846666666666667,3.996712733771375,0.8
282,301,291,train,20,False,0.818449089160634,0.9046817612622872,1.0050223165655563,0.731103696352353,0.8557729634994544,2.4984939111113813,1.6195791585676127,1.5173863316482792,2.275082717666556,0.945938118952911,0.9846666666666667,3.9974024753063033,0.8,4.140125966738619,5.311342598235456,20.57680265992371,0.9846666666666667,3.9974024753063033,0.8
283,302,292,train,20,False,0.7848245295645029,0.8859032281036698,0.9336862751034694,0.7075594270369284,0.8323210695819061,2.4984939111113813,1.577680043665876,1.4764214840405525,2.3085011738812153,0.9395169169476222,0.9846666666666667,3.9991589497995714,0.8,4.141834778904464,5.307638643757131,20.57680265992371,0.9846666666666667,3.9991589497995714,0.8
284,303,293,train,20,False,0.7843873248200495,0.8856564372374027,0.8971582222510188,0.7079340494244956,0.8319271304445325,2.4984939111113813,1.5806524193929454,1.4783863565581894,2.3131162901952655,0.9393339171558824,0.9846666666666667,3.9903139400245333,0.8,4.132738672363419,5.298931995086231,20.57680265992371,0.9846666666666667,3.9903139400245333,0.8
285,304,294,train,20,False,0.8140324160382489,0.9022374499200578,0.8827640021248273,0.7142578278205527,0.8447627626367021,2.7486367830702516,1.6171898671628557,1.5182599539572832,2.3351200735817197,0.9362976040415434,0.978,3.9926099991670756,0.75,4.294496947116619,6.994646622530292,38.371991777200535,0.978,3.9926099991670756,0.75
286,305,295,train,20,False,0.7943694629372946,0.8912740672415498,0.8531035017498261,0.6981616225748942,0.8326491386936865,2.7486367830702516,1.6136259717625054,1.5134888145717478,2.389960093999096,0.9342234552730738,0.978,3.994534085474045,0.75,4.296431239365578,6.99499991994889,38.371991777200535,0.978,3.994534085474045,0.75
287,306,296,train,20,False,0.7396121415600896,0.8600070590175929,0.8083221237775753,0.6754048965858975,0.8034238414832229,2.7486367830702516,1.5595662604045195,1.4615413010457028,2.3845218855406385,0.9342061010533955,0.9793333333333333,3.9726029450493416,0.8,4.273388786350744,6.959799207975611,38.371991777200535,0.9793333333333333,3.9726029450493416,0.8
288,307,297,train,20,False,0.7421695165363064,0.8614926096817699,0.7863710097508664,0.6775085156589752,0.8051178771101734,2.7486367830702516,1.555679233325364,1.4592766549922995,2.3713440827918575,0.9345615598578135,0.9793333333333333,3.9601861231242794,0.8,4.260667093176258,6.9421085118169215,38.371991777200535,0.9793333333333333,3.9601861231242794,0.8
289,308,298,train,20,False,0.7310565386730843,0.8550184434695455,0.7505821589800034,0.6709585700593262,0.7975101437338045,2.7486367830702516,1.5387559828686037,1.442073846269146,2.3654967969421206,0.932740281598628,0.9793333333333333,3.948560417273216,0.8,4.248931192841495,6.92174843066928,38.371991777200535,0.9793333333333333,3.948560417273216,0.8
290,309,299,train,20,False,0.739685284026328,0.860049582306932,0.7641556117002539,0.6706128195768356,0.801546575472616,2.7486367830702516,1.5525499496223372,1.4514220252769205,2.381904785400436,0.9319771696448106,0.9753333333333334,3.939894909279398,0.8,4.292390994230575,7.840281092055783,38.371991777200535,0.9753333333333334,3.939894909279398,0.8
291,310,300,train,20,False,0.756001595560006,0.8694835223050555,0.7594254544444836,0.6827952635159977,0.8124461726415039,2.7486367830702516,1.5669957718358034,1.4613058066089386,2.362369634314327,0.9344008848927441,0.9753333333333334,3.9549305340984495,0.8,4.307586586288447,7.8611210949011765,38.371991777200535,0.9753333333333334,3.9549305340984495,0.8
292,311,301,train,20,False,0.7640063452019555,0.8740745650125941,0.7730698259219259,0.6894000226970853,0.8198602252250184,2.7486367830702516,1.5726227432776336,1.468570681575867,2.3447560030984285,0.9379751545718591,0.9753333333333334,3.9674034862939194,0.8,4.320333465549213,7.880477490264501,38.371991777200535,0.9753333333333334,3.9674034862939194,0.8
293,312,302,train,20,False,0.7263375652802317,0.8522544017370821,0.7587689383489726,0.6600315245355841,0.7858380523850543,2.7486367830702516,1.5026918198227688,1.403977687619011,2.3618595772204034,0.9220698077749359,0.9753333333333334,3.9684707177279317,0.8,4.321267789336059,7.874689600396401,38.371991777200535,0.9753333333333334,3.9684707177279317,0.8
294,313,303,train,20,False,0.7858585855998599,0.8864866528041242,0.7945256968580505,0.6921552462039837,0.8185732608780484,2.7486367830702516,1.5363426783988892,1.4409081049077805,2.313737359897757,0.9233903954320655,0.9706666666666667,3.9724697760622996,0.75,4.344909503381061,8.1412794454811,38.371991777200535,0.9706666666666667,3.9724697760622996,0.75
295,314,304,train,20,False,0.953272381716817,0.9763566877513653,0.7909916225093477,0.751853828694891,0.8844916031738286,3.348181604302367,1.6489496302193225,1.5468014789953455,2.3041586911200223,0.9059103238293886,0.9566666666666667,3.9753079220187657,0.7,4.629974155455619,9.972959757350816,41.075673300824825,0.9566666666666667,3.9753079220187657,0.7
296,315,305,train,20,False,0.8748315502961871,0.9353243022054901,0.7847124116312785,0.7163186153717445,0.8476108106237461,3.348181604302367,1.5910384435347518,1.490022396627515,2.3293200802481153,0.906221305941783,0.9686666666666667,4.001648613817584,0.75,4.5217092429913786,9.21489237298751,41.075673300824825,0.9686666666666667,4.001648613817584,0.75
297,316,306,train,20,False,0.866694284577782,0.9309641693307976,0.7677069903645154,0.7126165809348488,0.8398289673313911,3.348181604302367,1.571095446945757,1.4736081633148386,2.3071064874834635,0.9021066492119487,0.9686666666666667,3.999354856923329,0.75,4.5193100948110025,9.205352993788086,41.075673300824825,0.9686666666666667,3.999354856923329,0.75
298,317,307,train,20,False,0.7825408609392794,0.8846133963146158,0.7843717791368875,0.6679351442831944,0.7959447486468421,3.348181604302367,1.5110414914512094,1.413937454375132,2.358120424976262,0.8997656512583059,0.9686666666666667,3.9939113441513148,0.75,4.513679558377956,9.195905007071802,41.075673300824825,0.9686666666666667,3.9939113441513148,0.75
299,318,308,train,20,False,0.7707868725347924,0.8779446864892984,0.7858427891277772,0.6584102217518362,0.7868178737449447,3.348181604302367,1.5084168465944783,1.4089717908852513,2.4060348264131255,0.896204380359372,0.9686666666666667,4.000029360221769,0.75,4.519854667993357,9.198838824818992,41.075673300824825,0.9686666666666667,4.000029360221769,0.75
300,319,309,train,20,False,0.727544439042869,0.8529621556920735,0.8838679960801099,0.6358412038342928,0.7668216319061267,3.348181604302367,1.5035739665357881,1.4018059568773782,2.462602529967506,0.8990101457478447,0.966,3.999770874020958,0.75,4.560380505690786,9.823000214872504,41.075673300824825,0.966,3.999770874020958,0.75
301,320,310,train,20,False,0.793335402258847,0.8906937758056059,0.8856307890802533,0.6695649463705949,0.8063028645978942,3.348181604302367,1.588609791598999,1.480326088614391,2.473453647956038,0.9052526092580105,0.96,3.9886691736868305,0.7,4.639558526378488,11.075792104010384,41.075673300824825,0.96,3.9886691736868305,0.7
302,321,311,train,20,False,0.8600610301729136,0.9273947542297798,0.8408602873587852,0.699298269492209,0.837277940159422,3.348181604302367,1.6371617527569586,1.5244479191406073,2.461116494591581,0.902827988125508,0.9546666666666667,3.9805687815150423,0.65,4.716367542273906,12.29805101029445,41.075673300824825,0.9546666666666667,3.9805687815150423,0.65
303,322,312,train,20,False,0.9277385656969228,0.963191863388039,0.8742592154937596,0.7395961480589459,0.8761324446025011,3.348181604302367,1.6778061356918363,1.5674411170757516,2.3936849123710178,0.9096136272587423,0.9533333333333334,3.9758071373459356,0.6,4.714557823592919,12.373533576738378,41.075673300824825,0.9533333333333334,3.9758071373459356,0.6
304,323,313,train,20,False,0.927318522663351,0.9629737912650328,0.8756014786006051,0.7397813451571088,0.8757485885422837,3.348181604302367,1.6730083156039701,1.5622085353264321,2.3825956349829633,0.9094210003284059,0.9533333333333334,3.9919806637066637,0.6,4.730982414626586,12.401077314806756,41.075673300824825,0.9533333333333334,3.9919806637066637,0.6
305,324,314,train,20,False,0.8536570599904552,0.9239356362812591,0.8787114680228261,0.7083408770626916,0.8324027377172885,3.348181604302367,1.5799540764232929,1.4726908743172962,2.36765045316453,0.9009315205847231,0.96,3.9706886419690104,0.65,4.54990623207915,10.675894465912526,41.075673300824825,0.96,3.9706886419690104,0.65
306,325,315,train,20,False,0.8398431291932102,0.9164295549540129,0.8821799232344302,0.7011458605913838,0.8202661510135398,3.348181604302367,1.55227558734104,1.4486548340283183,2.3509640172256043,0.8950673257746488,0.96,3.9536323815489145,0.65,4.53258079164601,10.64857343939589,41.075673300824825,0.96,3.9536323815489145,0.65
307,326,316,train,20,False,0.8586820470679664,0.9266509844963023,0.8939863235655032,0.7125516359293946,0.8325419587766805,3.348181604302367,1.569262634870927,1.4639984213943287,2.34129748344112,0.898441778734227,0.96,3.967116941403252,0.65,4.546306588990668,10.672076243849117,41.075673300824825,0.96,3.967116941403252,0.65
308,327,317,train,20,False,0.8448179369279945,0.9191397809517301,0.8988809552836785,0.702953637406867,0.8221643444519036,3.348181604302367,1.557422033694233,1.4497562267044741,2.3575662488988667,0.8944932658671213,0.96,3.9909500101923627,0.65,4.570503415524966,10.708259711710927,41.075673300824825,0.96,3.9909500101923627,0.65
309,328,318,train,20,False,0.8344263661325426,0.9134694117114939,0.900437892660457,0.691859858014805,0.8129161165422124,3.348181604302367,1.5568197136647575,1.446301667920903,2.4144706299035072,0.889921551964304,0.96,4.01005695390473,0.65,4.589814947562526,10.738030837250092,41.075673300824825,0.96,4.01005695390473,0.65
310,329,319,train,20,False,0.8083820433795266,0.8991006858964832,0.8864481892710222,0.6812215126629739,0.799570548182087,3.348181604302367,1.5197354126910194,1.4154429413347462,2.402689339921102,0.8893003428029244,0.9646666666666667,4.014670066389821,0.7,4.54193479828727,9.81300390285028,41.075673300824825,0.9646666666666667,4.014670066389821,0.7
311,330,320,train,20,False,0.9377029269878913,0.968350621927766,0.9011939035256922,0.7209465718471005,0.8478241087974061,3.7650851175797424,1.6305763726922784,1.5250261018411047,2.4222366653209426,0.8755342224178893,0.9493333333333334,3.9968164169595246,0.65,5.031408507292332,13.431817993900188,77.20058365606958,0.9493333333333334,3.9968164169595246,0.65
312,331,321,train,20,False,1.010600121557736,1.005286089408252,0.8863085741107983,0.7574200911951404,0.8848547185004942,3.7650851175797424,1.688394710900783,1.5827110563396114,2.4123843640144806,0.8802018925989038,0.946,3.99637034596074,0.6,5.054653240522301,13.878802886141301,77.20058365606958,0.946,3.99637034596074,0.6
313,332,322,train,20,False,1.0545296682608352,1.0269029497770639,0.8986298670945744,0.7894836044701558,0.9222517426600281,3.7650851175797424,1.7424878784671722,1.638771021937135,2.3677105653351918,0.8980904601162601,0.946,3.9917878061207266,0.6,5.0500566662907636,13.883621389194392,77.20058365606958,0.946,3.9917878061207266,0.6
314,333,323,train,20,False,1.0141378137621058,1.007044097228173,0.9108927226809188,0.7706019376648238,0.9028849603562874,3.7650851175797424,1.7263617803651776,1.6186438473163833,2.39073417124172,0.8965694380627649,0.9506666666666667,3.982579980419414,0.65,5.021113950648994,13.609944056809587,77.20058365606958,0.9506666666666667,3.982579980419414,0.65
315,334,324,train,20,False,0.8841670357176648,0.9403015663698879,0.8977816060888172,0.7352286583678146,0.8593900486341305,3.7650851175797424,1.6422201681409654,1.5391509062940412,2.376110422100668,0.9139515229692502,0.9646666666666667,3.9733917524594546,0.7,4.729569210817373,11.771282229328772,77.20058365606958,0.9646666666666667,3.9733917524594546,0.7
316,335,325,train,20,False,0.9205178916318368,0.9594362363554114,0.8981420907959085,0.7559568090686535,0.8796478281913294,3.7650851175797424,1.671045598416963,1.5649975919759427,2.3516255072383774,0.9168382377684917,0.9646666666666667,3.9525696404551587,0.7,4.708551728127508,11.738209105503447,77.20058365606958,0.9646666666666667,3.9525696404551587,0.7
317,336,326,train,20,False,0.9265049305625059,0.9625512612648253,0.8816477020484303,0.7616859356780065,0.8855829951380205,3.7650851175797424,1.6820334678023212,1.5727501163265065,2.341441106530716,0.9200372289516656,0.9646666666666667,3.9579045289875934,0.7,4.71397476051281,11.75868566431808,77.20058365606958,0.9646666666666667,3.9579045289875934,0.7
318,337,327,train,20,False,0.9328183959992724,0.9658252409205675,0.8961649452610212,0.7657897571246098,0.8910741033058003,3.7650851175797424,1.7072573104378037,1.5950856081733154,2.3698827463439787,0.9226038682282532,0.9646666666666667,3.9584937892111145,0.7,4.714673877907591,11.765785905064561,77.20058365606958,0.9646666666666667,3.9584937892111145,0.7
319,338,328,train,20,False,0.9805038157608121,0.9902039263509371,0.9099790005737314,0.794838487746832,0.9195470148572296,3.7650851175797424,1.7275497799800472,1.6188341826360582,2.2927775710719867,0.9286440806651922,0.9646666666666667,3.9553227525043972,0.7,4.711426404528174,11.763574920269047,77.20058365606958,0.9646666666666667,3.9553227525043972,0.7
320,339,329,train,20,False,0.9721720489663912,0.9859878543706262,0.9356308220417827,0.7939846630546297,0.9145350132793991,3.7650851175797424,1.6879575631672243,1.5849110387181002,2.2384841625389447,0.9275317228559202,0.9686666666666667,3.9510803877005443,0.75,4.665014742479226,11.091798702885239,77.20058365606958,0.9686666666666667,3.9510803877005443,0.75
321,340,330,train,20,False,0.9691065434467715,0.9844320918411648,0.9050689269281079,0.7894074115024654,0.9132738973687108,3.7650851175797424,1.6713000287052062,1.5743695686284782,2.232610040322464,0.9277165026798668,0.9706666666666667,3.953866229802022,0.75,4.592507540678266,10.117422245398556,77.20058365606958,0.9706666666666667,3.953866229802022,0.75
322,341,331,train,20,False,0.9290222456165363,0.9638580007535013,0.8931757783955033,0.7708379748667471,0.896885579235653,3.7650851175797424,1.6567850875304118,1.5620269393951938,2.2565810450708446,0.9305162985984531,0.972,3.9505697689795767,0.75,4.529204159142074,9.289618370153917,77.20058365606958,0.972,3.9505697689795767,0.75
323,342,332,train,20,False,0.9701036170857591,0.9849383823802172,0.8970862147631009,0.7763056541615523,0.9114991429669077,3.7650851175797424,1.7114034568890595,1.6096245750622646,2.2925980129656764,0.9254377322205323,0.9633333333333334,3.9571136301215217,0.75,4.721907188241298,10.964108055811824,77.20058365606958,0.9633333333333334,3.9571136301215217,0.75
324,343,333,train,20,False,1.0027735912814268,1.0013858353708758,0.9550623203989086,0.7912155514151245,0.9330315883040807,3.7650851175797424,1.7726531801612815,1.6658559879097772,2.332459398085556,0.9317403495711728,0.9613333333333334,3.952785432809337,0.7,4.723725779773498,11.152077735648906,77.20058365606958,0.9613333333333334,3.952785432809337,0.7
325,344,334,train,20,False,1.0426910276408432,1.0211224351863215,1.005499325788644,0.8137727531960118,0.961504703252559,3.7650851175797424,1.8355375234865554,1.7283722860406976,2.3407381056068903,0.9416154910719555,0.9566666666666667,3.968157500783275,0.65,4.7578088519336985,11.497704615611136,77.20058365606958,0.9566666666666667,3.968157500783275,0.65
326,345,335,train,20,False,1.0689048616942232,1.0338785526812244,1.0393317056824671,0.8313220370480459,0.9816838361926628,3.7650851175797424,1.8667147011090428,1.758110978455583,2.318123080415652,0.9495156211982523,0.9566666666666667,3.9921048834941963,0.65,4.782177674401279,11.534176485049477,77.20058365606958,0.9566666666666667,3.9921048834941963,0.65
327,346,336,train,20,False,1.0448467534031214,1.0221774569041921,1.0666388572748668,0.8182102585249911,0.9650670291111384,3.7650851175797424,1.8417729761442527,1.7310552792918699,2.319236073105391,0.9441286565191717,0.9566666666666667,3.9821272218563237,0.65,4.772086370291662,11.524868723509503,77.20058365606958,0.9566666666666667,3.9821272218563237,0.65
328,347,337,train,20,False,1.0928700864443468,1.0454042693830683,1.0890759596032427,0.8443363093465879,0.9933986543794578,3.7650851175797424,1.892163163423384,1.7774734862063792,2.3080346327629684,0.9502531063563564,0.9546666666666667,3.969979078124333,0.6,4.764188617723851,11.683860753878248,77.20058365606958,0.9546666666666667,3.969979078124333,0.6
329,348,338,train,20,False,1.1044790040202739,1.050941960348084,1.069422355225104,0.8541544065222235,1.0035642906280213,3.7650851175797424,1.8937452068428033,1.7820392228712958,2.257255513630935,0.9549188523176194,0.9546666666666667,3.983320374128564,0.6,4.777770059912933,11.701241665627899,77.20058365606958,0.9546666666666667,3.983320374128564,0.6
330,349,339,train,20,False,1.0934136904492056,1.0456642340872166,1.042720055892011,0.8476420605313064,0.9963837358993566,3.7650851175797424,1.882956520576186,1.771874137769484,2.267256029501733,0.9528715847961673,0.9546666666666667,3.9903872960145392,0.6,4.784904024528279,11.711368690416643,77.20058365606958,0.9546666666666667,3.9903872960145392,0.6
331,350,340,train,20,False,1.00667563302279,1.003332264517986,1.0821302275261109,0.8223281115757821,0.9682428772350807,2.961042323156619,1.8223224043750363,1.714271393819009,2.26769439862885,0.9650271514992467,0.9646666666666667,4.009598865304536,0.6,4.370346011566442,9.050650799752137,39.34160444162187,0.9646666666666667,4.009598865304536,0.6
332,351,341,train,20,False,0.9843232699679284,0.9921306718209696,1.023795719607906,0.8035406909865147,0.9594172494775446,2.961042323156619,1.8455071502515359,1.7289814635311065,2.3303388909912712,0.9670271031099338,0.9626666666666667,4.012679424661579,0.6,4.444660168157928,9.929882917087648,39.34160444162187,0.9626666666666667,4.012679424661579,0.6
333,352,342,train,20,False,0.9878914768279692,0.9939272995687206,0.9536208278919612,0.8025018809220074,0.9612386471963928,2.961042323156619,1.863197137679452,1.7426026069051415,2.3550700672386204,0.9671116263870488,0.9593333333333334,4.018247205260923,0.55,4.4738135495703695,10.406518892262358,39.34160444162187,0.9593333333333334,4.018247205260923,0.55
334,353,343,train,20,False,1.0155267713157423,1.0077334822837545,0.9121552649315396,0.813077754224149,0.9752117340996478,2.961042323156619,1.882797150865764,1.7627891241028024,2.3511285444444594,0.9677278280856512,0.9586666666666667,4.019972304326372,0.5,4.4757608206426465,10.414418539135848,39.34160444162187,0.9586666666666667,4.019972304326372,0.5
335,354,344,train,20,False,0.9887225687994639,0.9943452965642589,0.8906828155662513,0.7926440977216567,0.9605200917963146,2.961042323156619,1.8927474902951194,1.768720395631167,2.4265967501576875,0.9659824359960069,0.9566666666666667,4.018946458360988,0.45,4.476939131892557,10.483866395071509,39.34160444162187,0.9566666666666667,4.018946458360988,0.45
336,355,345,train,20,False,0.984227343353596,0.9920823269031638,0.8720032964501545,0.7856948648448626,0.9584369507613151,2.961042323156619,1.9116371269660521,1.7857601788809325,2.467289411049472,0.966086104721899,0.9506666666666667,4.01344657860755,0.4,4.534956549581435,11.407596641654255,39.34160444162187,0.9506666666666667,4.01344657860755,0.4
337,356,346,train,20,False,0.9817189188316432,0.9908172984115907,0.8732231911552919,0.7838560522238531,0.95611655978958,2.961042323156619,1.8944813406013548,1.7733478527411541,2.4390419475548066,0.9649776616964192,0.9506666666666667,4.009950136792051,0.4,4.531393212578363,11.388536853448292,39.34160444162187,0.9506666666666667,4.009950136792051,0.4
338,357,347,train,20,False,0.9882023180748817,0.9940836574830519,0.8572756576725594,0.7894890754181593,0.9609004338653285,2.961042323156619,1.8925346188321082,1.7752307547329302,2.403567338394017,0.9666192846367267,0.948,4.010266600500854,0.35,4.537488476474806,11.520689877765722,39.34160444162187,0.948,4.010266600500854,0.35
339,358,348,train,20,False,0.9318553301865402,0.9653265407034762,0.850449280843473,0.7545020244172977,0.9229741197769595,2.961042323156619,1.8361436119958916,1.7192203290207135,2.4278349591070296,0.956126327060631,0.948,4.008069796161449,0.35,4.535248475784703,11.519606069224654,39.34160444162187,0.948,4.008069796161449,0.35
340,359,349,train,20,False,1.0273257793380401,1.0135708062775093,0.8896984745433745,0.7878413911921136,0.963285173072982,2.961042323156619,1.9009640698193748,1.7818714903762083,2.426241698585483,0.9503876464346792,0.948,4.0163436943792865,0.35,4.5435407545332716,11.52741038991997,39.34160444162187,0.948,4.0163436943792865,0.35
341,360,350,train,20,False,1.0161169757704562,1.0080262773214081,0.8646503897779634,0.7817014548803597,0.9584296293755858,2.961042323156619,1.9119113007883854,1.785492006619318,2.455785288987371,0.9507982588731578,0.9473333333333334,4.013075567825533,0.35,4.5775036892443275,12.208975737380223,39.34160444162187,0.9473333333333334,4.013075567825533,0.35
342,361,351,train,20,False,1.0158727192739574,1.0079051142215507,0.8511898924747224,0.7810513918914128,0.9583141870577261,2.961042323156619,1.9095430927866073,1.7835942058167606,2.454822039124882,0.9507980201071548,0.948,4.023904776373266,0.35,4.573641648519773,12.018114799795269,39.34160444162187,0.948,4.023904776373266,0.35
343,362,352,train,20,False,0.9746308126603598,0.9872339199300031,0.8710773913766664,0.7693880303495331,0.9436368590455155,2.663420732479702,1.8857641068059352,1.7598486947189032,2.458054075741498,0.9558391785327041,0.9573333333333334,4.031091341039392,0.35,4.392779423796457,10.331369265555745,31.178763306372687,0.9573333333333334,4.031091341039392,0.35
344,363,353,train,20,False,0.9610325551751187,0.9803226791088323,0.8638626219707927,0.7676233770655222,0.9360675848739589,2.663420732479702,1.8465312706135926,1.7278373160971499,2.4114254528052808,0.9548566046894847,0.9593333333333334,4.027558055629132,0.4,4.383074148088972,10.126712501345706,31.178763306372687,0.9593333333333334,4.027558055629132,0.4
345,364,354,train,20,False,0.9660156092507997,0.9828609307785103,0.8366586740301294,0.7735483001556454,0.9385335689092897,2.663420732479702,1.833702700191672,1.715089121551116,2.3805669843804886,0.9548996602865173,0.9586666666666667,4.044913708541663,0.4,4.440620144758,10.670618264722957,31.178763306372687,0.9586666666666667,4.044913708541663,0.4
346,365,355,train,20,False,0.9457060875537066,0.9724742091971933,0.8357869541162963,0.7591068521492196,0.9241879104453565,2.663420732479702,1.8264144848700703,1.7044169518149448,2.4403381003218407,0.950346962114606,0.9586666666666667,4.023042808895104,0.4,4.4182706593595205,10.645800369472559,31.178763306372687,0.9586666666666667,4.023042808895104,0.4
347,366,356,train,20,False,0.9703451012107779,0.9850609631950592,0.8625695744547948,0.7747431528062415,0.9411298529585596,2.663420732479702,1.8546566591168099,1.7328431347935627,2.4372529967240655,0.9554026482848245,0.9586666666666667,4.00087853194231,0.4,4.39580146953016,10.624418678534552,31.178763306372687,0.9586666666666667,4.00087853194231,0.4
348,367,357,train,20,False,1.0172442921118128,1.0085852924328278,0.9874321248473273,0.7893694185700207,0.959032201420111,2.878117462656006,1.892989538015123,1.7766372518517237,2.442847041277826,0.9508687154328923,0.9473333333333334,3.9996583781027404,0.4,4.667345743973142,12.547985052144508,46.31029148568775,0.9473333333333334,3.9996583781027404,0.4
349,368,358,train,20,False,1.081779404000043,1.0400862483467623,0.9862802412717873,0.8154727472809332,0.9914142310089116,2.878117462656006,1.9778256492090605,1.8597093410985572,2.4713759218934426,0.9532038641841327,0.9393333333333334,3.982379314830177,0.35,4.845054256912188,14.511178169607891,46.31029148568775,0.9393333333333334,3.982379314830177,0.35
350,369,359,train,20,False,1.086819519290648,1.0425063641487509,0.9732895276819011,0.8174831930605249,0.994851877670507,2.878117462656006,1.9890761942964055,1.8731673044277681,2.4812722503075255,0.9542885414256864,0.9393333333333334,3.9742619129454835,0.35,4.836850464437198,14.499521382237893,46.31029148568775,0.9393333333333334,3.9742619129454835,0.35
351,370,360,train,20,False,1.0282729285316266,1.0140379324914954,0.9737153015460942,0.7891212086638301,0.9641140490509118,2.878117462656006,1.9295093747971641,1.8164010558941635,2.5000491229764803,0.9507672426830026,0.9446666666666667,3.9684882324442228,0.4,4.757458411776796,13.526658354428369,46.31029148568775,0.9446666666666667,3.9684882324442228,0.4
352,371,361,train,20,False,1.012481784420093,1.0062215384397677,0.9419687625415862,0.7876559138742103,0.9569799389345255,2.878117462656006,1.9035180556852538,1.7959864348644785,2.474895775599362,0.9510628647627684,0.9473333333333334,3.960309873397621,0.4,4.664883937278033,12.444583965785124,46.31029148568775,0.9473333333333334,3.960309873397621,0.4
353,372,362,train,20,False,0.9960314989048505,0.9980137769113463,0.9508126599488527,0.7819464822841583,0.9479120151490041,2.878117462656006,1.896282328864359,1.7879052807870277,2.484599052463575,0.9497985269127275,0.9473333333333334,3.965564224761302,0.4,4.669748880434268,12.450487748689254,46.31029148568775,0.9473333333333334,3.965564224761302,0.4
354,373,363,train,20,False,0.9425858772142133,0.9708686199554568,0.9544336553546987,0.7543924806046894,0.914111338995124,2.878117462656006,1.8369518755445,1.7294720939160086,2.4826114236325214,0.9415396895174788,0.948,3.975256252903825,0.45,4.6793466420017245,12.460556730297924,46.31029148568775,0.948,3.975256252903825,0.45
355,374,364,train,20,False,0.9737815152564083,0.9868036862803099,0.9441671089756187,0.76974798631424,0.9308370268295446,2.878117462656006,1.8625168555796416,1.7573564872818672,2.4564657841293895,0.9432849104346905,0.95,3.9823302255629485,0.5,4.6843094756195045,12.393093832372346,46.31029148568775,0.95,3.9823302255629485,0.5
356,375,365,train,20,False,0.9708975934124918,0.9853413588257076,0.9460861009785437,0.7753834399651044,0.9294562542396305,2.878117462656006,1.828315561283037,1.7283916484376989,2.4020472435192475,0.9432835087195783,0.956,3.976964459963777,0.55,4.615307415717276,11.446864215769983,46.31029148568775,0.956,3.976964459963777,0.55
357,376,366,train,20,False,1.0301400288735105,1.0149581414390991,0.9929589721833397,0.8045747676761884,0.9638496375695832,2.878117462656006,1.888382065403804,1.786800774752345,2.4037559826443835,0.9496447175673177,0.9506666666666667,3.974062147454429,0.5,4.642710756290159,11.895671200340438,46.31029148568775,0.9506666666666667,3.974062147454429,0.5
358,377,367,train,20,False,1.0300682402966017,1.0149227755334893,0.9938160455702364,0.8048347296668814,0.9638001264486057,2.878117462656006,1.88451515042085,1.7806809853400067,2.396125325022292,0.949629025658616,0.9533333333333334,3.9784688100192938,0.55,4.64141030396834,11.764039465952276,46.31029148568775,0.9533333333333334,3.9784688100192938,0.55
359,378,368,train,20,False,1.0726178333226601,1.035672647762149,1.0079848916557737,0.8332966499651873,0.9951987405973561,2.878117462656006,1.9437256440553483,1.8384850450737038,2.3886921323906494,0.960920173712951,0.9506666666666667,3.984957700179765,0.5,4.660270871731077,12.040854266658771,46.31029148568775,0.9506666666666667,3.984957700179765,0.5
360,379,369,train,20,False,0.9696167227809269,0.9846911814274194,1.0129219831543455,0.7933835234267523,0.9497257561488602,2.878117462656006,1.8851912178539358,1.7782956279567497,2.425781440456334,0.9644909734767069,0.9506666666666667,3.984301619386559,0.5,4.659716683410169,12.044635181772993,46.31029148568775,0.9506666666666667,3.984301619386559,0.5
361,380,370,train,20,False,0.9381411935441879,0.9685768908786684,1.0030246220793015,0.7820838958601765,0.9329454024586938,2.878117462656006,1.8456761538129616,1.7443206804791695,2.4143487820238123,0.9632125350547539,0.9553333333333334,3.9923593208211665,0.55,4.615403516762792,11.077945970218689,46.31029148568775,0.9553333333333334,3.9923593208211665,0.55
362,381,371,train,20,False,0.9087767080328815,0.953297806581386,0.9945037614951786,0.7713555492179082,0.9164891586003824,2.878117462656006,1.814462136234053,1.7124358733450578,2.4051116672215094,0.9613880911852689,0.9586666666666667,3.984898127578392,0.6,4.5976330900688644,10.864334663485218,46.31029148568775,0.9586666666666667,3.984898127578392,0.6
363,382,372,train,20,False,0.8499170970654861,0.9219094842041089,1.0629409204290945,0.7470392366194575,0.8854323216034455,2.878117462656006,1.7550054286151429,1.65466721979224,2.402749828280722,0.9604330324986793,0.9593333333333334,3.979142195165533,0.65,4.5908812234375596,10.801607742107516,46.31029148568775,0.9593333333333334,3.979142195165533,0.65
364,383,373,train,20,False,0.8360836480470573,0.9143760977010812,1.0497506417474116,0.7377538979730683,0.8759245820511825,2.878117462656006,1.7379463065873821,1.6344454389535326,2.404105238694593,0.9579478119052179,0.9593333333333334,3.990713424998047,0.65,4.602520513128112,10.809699777283432,46.31029148568775,0.9593333333333334,3.990713424998047,0.65
365,384,374,train,20,False,0.7877430827799401,0.887548918527841,1.0336195003705906,0.7061087811931228,0.840333116131118,2.878117462656006,1.669157436445925,1.5676690649940548,2.3896425449733454,0.9468020281349238,0.9646666666666667,3.9895717326115383,0.7,4.542911499127523,9.95572783482465,46.31029148568775,0.9646666666666667,3.9895717326115383,0.7
366,385,375,train,20,False,0.8376570414459652,0.9152360577719637,1.0414861308545091,0.7311555796631937,0.8694894843165011,2.878117462656006,1.7010421416587307,1.60383094726226,2.3308403126024597,0.9500166398963483,0.9613333333333334,3.9989863912135455,0.65,4.561217599908465,10.130200058912125,46.31029148568775,0.9613333333333334,3.9989863912135455,0.65
367,386,376,train,20,False,0.8588319228305241,0.926731850553613,0.9768698469934276,0.7387767959720796,0.8800534773180893,2.878117462656006,1.7199671056587675,1.623961851485798,2.3353852558351083,0.9496311978404118,0.9613333333333334,4.023845810792578,0.65,4.586414677219814,10.146741476997882,46.31029148568775,0.9613333333333334,4.023845810792578,0.65
368,387,377,train,20,False,0.7586465927056847,0.8710032105025128,0.9577831976060232,0.6944164781523222,0.828689074058086,2.860377347449801,1.6167002297876543,1.5184688584094221,2.325739428787269,0.9514190809698458,0.9746666666666667,4.030346384691252,0.7,4.315829225092389,8.059992208111515,44.230401206360156,0.9746666666666667,4.030346384691252,0.7
369,388,378,train,20,False,0.7276610210260437,0.8530304924362574,0.9448299907327429,0.6844265196207687,0.8156710774806223,2.375655749108062,1.588811194133784,1.4847953640579605,2.323956525766378,0.9562038927249406,0.9793333333333333,4.027979078694032,0.7,4.146183711987703,6.65670946300182,16.16474630416624,0.9793333333333333,4.027979078694032,0.7
370,389,379,train,20,False,0.7085208069655724,0.8417367800955192,0.9449263081330638,0.672877951398801,0.800001937315006,2.375655749108062,1.5515934836702252,1.4475141672989147,2.313428093131391,0.950418178500199,0.9793333333333333,4.023681973094429,0.7,4.14184549935826,6.664765053675245,16.16474630416624,0.9793333333333333,4.023681973094429,0.7
371,390,380,train,20,False,0.7811934407431443,0.8838514811568425,0.9287231981907803,0.703561313723972,0.8361169995976636,2.491803786433892,1.6081303528133237,1.5011472280471552,2.2867858239131946,0.9459926440393572,0.9706666666666667,4.0165556010532395,0.65,4.192771048262016,7.3259268485592814,17.752201184269747,0.9706666666666667,4.0165556010532395,0.65
372,391,381,train,20,False,0.7817269117816966,0.8841532173677233,0.9810747692421462,0.7044655650191992,0.8363739791275508,2.491803786433892,1.6026743240641435,1.491879048510469,2.278014406554547,0.9459604542497516,0.9733333333333334,4.021097554125161,0.7,4.1867672477477225,7.087920670269516,17.752201184269747,0.9733333333333334,4.021097554125161,0.7
373,392,382,train,20,False,0.7760369749266379,0.880929608383461,0.9504508324565305,0.7044519764226874,0.8327261220578792,2.491803786433892,1.5722960733602263,1.4643053149309118,2.233523206155916,0.9452811145557509,0.9766666666666667,4.0198414985168185,0.75,4.162396558496784,6.607779552779038,17.752201184269747,0.9766666666666667,4.0198414985168185,0.75
374,393,383,train,20,False,0.8107881149975947,0.9004377352141539,0.9580062493477309,0.7280658857884865,0.8575270291319687,2.491803786433892,1.6086140969949778,1.5013358790781546,2.218530447885439,0.9523446159528403,0.9766666666666667,4.008728584101543,0.75,4.151231231959688,6.58842969234834,17.752201184269747,0.9766666666666667,4.008728584101543,0.75
375,394,384,train,20,False,0.7606479543149598,0.8721513368188802,0.9310363682530859,0.7024617938988097,0.8252739598655772,2.491803786433892,1.5358821074801354,1.4302968123730229,2.206486776896099,0.9462508684280809,0.9766666666666667,4.008509105224495,0.75,4.151048591489041,6.594926467863678,17.752201184269747,0.9766666666666667,4.008509105224495,0.75
376,395,385,train,20,False,0.7360522875739567,0.8579348970486961,0.8725309815001698,0.689695624768218,0.8114988168756172,2.491803786433892,1.5295541583647396,1.4202986275139964,2.2304389506184767,0.9458745875324347,0.9766666666666667,4.014480539874462,0.75,4.156943397117386,6.595662525832173,17.752201184269747,0.9766666666666667,4.014480539874462,0.75
377,396,386,train,20,False,0.6752577139462268,0.8217406610033525,0.8311743181662332,0.6590318190627196,0.7755590157523515,2.491803786433892,1.4751363881813173,1.3628864965752119,2.249627797318545,0.9438002189223386,0.982,4.01648737805522,0.8,4.128725383220212,6.156916821715435,17.752201184269747,0.982,4.01648737805522,0.8
378,397,387,train,20,False,0.6695175632780679,0.8182405289876981,0.832279091186304,0.6567509983392084,0.7713532962491911,2.491803786433892,1.466597951148605,1.3537449182288732,2.2445984096617453,0.9426974941017474,0.982,4.0116154748839925,0.8,4.123804540172125,6.1494989442792045,17.752201184269747,0.982,4.0116154748839925,0.8
379,398,388,train,20,False,0.6547049503557802,0.809138400000754,0.8360277253171249,0.6494040666049882,0.7632161609919189,2.491803786433892,1.455722924893154,1.337836084297961,2.251465559553034,0.9432455078033717,0.9846666666666667,3.999702427226438,0.85,4.099450204665785,5.862440681311361,17.752201184269747,0.9846666666666667,3.999702427226438,0.85
380,399,389,train,20,False,0.6953186919239267,0.8338577168341891,0.8638705725121685,0.6672146900102545,0.7857102684269224,2.491803786433892,1.5049994631204877,1.3860030490588586,2.252412302037505,0.9422593957755017,0.9806666666666667,3.9971006707846493,0.8,4.125665943922792,6.393136016566586,17.752201184269747,0.9806666666666667,3.9971006707846493,0.8
381,400,390,train,20,False,0.68813701006355,0.8295402401713554,0.8640231830266526,0.6652900968584264,0.7807244188855138,2.491803786433892,1.4863708758928909,1.3701096162515658,2.229062374511618,0.94115316060405,0.9806666666666667,3.989505347387098,0.8,4.118098443188029,6.383666530553167,17.752201184269747,0.9806666666666667,3.989505347387098,0.8
382,401,391,train,20,False,0.7269181767434494,0.8525949664075254,0.9236958132400136,0.6817024831713003,0.8014626043315835,2.491803786433892,1.529407959249087,1.4100648577020287,2.2366548034091456,0.9400273704507169,0.9806666666666667,3.9986639279629097,0.8,4.1273198981715025,6.396670430108662,17.752201184269747,0.9806666666666667,3.9986639279629097,0.8
383,402,392,train,20,False,0.7282940846464038,0.8534014791681602,0.9322151245545724,0.6826597442527884,0.8025248110252285,2.491803786433892,1.5315391465130532,1.4123866525392483,2.2364576284562205,0.9403836653851093,0.9806666666666667,3.9928080668185757,0.8,4.121339748953746,6.394684496010213,17.752201184269747,0.9806666666666667,3.9928080668185757,0.8
384,403,393,train,20,False,0.7450295709372013,0.8631509548956088,0.9295188985098713,0.6944982295555738,0.8137602862171922,2.491803786433892,1.5442103800988078,1.4268228072107116,2.2232711175271644,0.9427786432972317,0.9806666666666667,3.995102839806333,0.8,4.123598814788322,6.400510568533744,17.752201184269747,0.9806666666666667,3.995102839806333,0.8
385,404,394,train,20,False,0.7526641883177001,0.8675622100562588,0.9014923737564415,0.7017173576092466,0.8229555006040605,2.491803786433892,1.565607903888671,1.4479312684693686,2.2432995865567387,0.9485838491636172,0.9806666666666667,3.9874238650939793,0.8,4.115799848356431,6.392099364140283,17.752201184269747,0.9806666666666667,3.9874238650939793,0.8
386,405,395,train,20,False,0.7463606177371727,0.8639216502306055,0.9269819022037107,0.7042172874562173,0.8201398408422966,2.491803786433892,1.541468231645866,1.4238329401586527,2.2125731209563986,0.9493220138925534,0.984,3.9974628018316447,0.85,4.117350289320789,6.233630566089741,17.752201184269747,0.984,3.9974628018316447,0.85
387,406,396,train,20,False,0.7826387142162108,0.8846687030839345,0.8893074124131513,0.7183013337270389,0.834620226146129,2.491803786433892,1.568463781559048,1.4471389563372754,2.2116754996048997,0.9434268706880465,0.974,3.991749038261804,0.8,4.229991570482752,7.330446884863501,26.22238794165306,0.974,3.991749038261804,0.8
388,407,397,train,20,False,0.8085760632715155,0.899208576066485,0.8380856476135043,0.7346932379112457,0.8543135834021477,2.491803786433892,1.6046034058435357,1.4843861295340202,2.2152045849824185,0.9500727708128333,0.974,4.010399624791921,0.8,4.248685696920122,7.355246665607166,26.22238794165306,0.974,4.010399624791921,0.8
389,408,398,train,20,False,0.7741514995618852,0.8798587952403983,0.7845820997398871,0.7196311705071755,0.8342927009061155,2.491803786433892,1.5507498516679898,1.4363987921352408,2.1900390908292,0.9482120374533131,0.9773333333333334,3.97673267767744,0.85,4.1866131761426235,6.740957974721826,26.22238794165306,0.9773333333333334,3.97673267767744,0.85
390,409,399,train,20,False,0.7898480648248504,0.8887339674080486,0.7592101417418532,0.7311166543526226,0.8476485559816325,2.491803786433892,1.575158301819711,1.4564461418085155,2.179069105887855,0.9537708550217341,0.9773333333333334,3.956479677329876,0.85,4.165966792871057,6.703672945696205,26.22238794165306,0.9773333333333334,3.956479677329876,0.85
391,410,400,train,20,False,0.7003959403208238,0.8368966126833253,0.7454486106640407,0.6878627789562549,0.793462497719659,2.478262972998123,1.4818384138193814,1.3654606634642696,2.198850286790217,0.9481009788958228,0.986,3.952985461965247,0.9,4.104229435101161,6.0238764637274596,26.22238794165306,0.986,3.952985461965247,0.9
392,411,401,train,20,False,0.706983718155213,0.8408232383534681,0.7315625773705594,0.6918941562054512,0.7965372173510539,2.478262972998123,1.4758601343173878,1.3660691888570358,2.182918275734971,0.9473301652685804,0.986,3.94846188320004,0.9,4.099530950932,6.009349138688073,26.22238794165306,0.986,3.94846188320004,0.9
393,412,402,train,20,False,0.7212152396528028,0.8492439223525846,0.7572590534093551,0.7001117712590925,0.805118342810108,2.478262972998123,1.4935361203304454,1.3818983020964068,2.1869952967712587,0.948041336086057,0.986,3.953445673644548,0.9,4.10466950870892,6.027615978174069,26.22238794165306,0.986,3.953445673644548,0.9
394,413,403,train,20,False,0.7212769439655047,0.8492802505448391,0.7616603413279727,0.6995044034528342,0.8051508551645361,2.478262972998123,1.508105790160157,1.3907462458695983,2.20541235453929,0.9480390656064442,0.986,3.967125868100099,0.9,4.118528880213452,6.0574350722040595,26.22238794165306,0.986,3.967125868100099,0.9
395,414,404,train,20,False,0.7316293890901613,0.8553533708884073,0.7654372889815666,0.707157919164781,0.81457862672698,2.478262972998123,1.5206645698493688,1.4059288320729266,2.194224778736797,0.952329942747432,0.986,3.96156024633969,0.9,4.1128618000924115,6.0418648104284385,26.22238794165306,0.986,3.96156024633969,0.9
396,415,405,train,20,False,0.7246688512962504,0.8512748388718243,0.7880774198439228,0.7004376101601764,0.8096468773070837,2.478262972998123,1.5128360886836307,1.3992715428597813,2.207616279202878,0.9510992693970503,0.986,3.9588594966002373,0.9,4.110155456450186,6.041096670009213,26.22238794165306,0.986,3.9588594966002373,0.9
397,416,406,train,20,False,0.7487101759985707,0.8652804031055891,0.7993182653563946,0.7159618196481311,0.8276772609956297,2.478262972998123,1.5425526598375559,1.4325040156871753,2.1968272401512134,0.956542246912102,0.986,3.9578060958435852,0.9,4.1090139461123485,6.041987038923336,26.22238794165306,0.986,3.9578060958435852,0.9
398,417,407,train,20,False,0.7381324729571773,0.8591463629424135,0.8170129074083343,0.7080050139645346,0.8179364199374788,2.478262972998123,1.511102835060102,1.405872955346214,2.1659179048668245,0.9520338503630528,0.986,3.958025413448277,0.9,4.109219974845905,6.043133341376135,26.22238794165306,0.986,3.958025413448277,0.9
399,418,408,train,20,False,0.7637066898538312,0.8739031352809252,0.8039623258803538,0.722099686288257,0.8312318288766802,2.478262972998123,1.5270791288024617,1.4235143299180737,2.1496629849154925,0.9511715833465595,0.9846666666666667,3.9617922584093237,0.85,4.114168255906696,6.077070881402481,26.22238794165306,0.9846666666666667,3.9617922584093237,0.85
400,419,409,train,20,False,0.7410185969820716,0.8608243705786167,0.8149869855284037,0.7162571797270848,0.8200670595887065,2.473759857014655,1.4898910717245204,1.3883908492087214,2.122782172303179,0.952653163196908,0.9886666666666667,3.966626828707293,0.9,4.090226953515432,5.55698721499821,26.22238794165306,0.9886666666666667,3.966626828707293,0.9
401,420,410,train,20,False,0.7533497353101052,0.867957219746518,0.8179401875634237,0.7232326154474102,0.8282626439892763,2.473759857014655,1.4966658557251697,1.3961832024582255,2.11110584199582,0.9542666679253682,0.9886666666666667,3.9800350748934084,0.9,4.103738290422745,5.577167659057876,26.22238794165306,0.9886666666666667,3.9800350748934084,0.9
402,421,411,train,20,False,0.6999792801109767,0.8366476439403727,0.8236594840204969,0.6960473992234711,0.7955182919836037,2.473759857014655,1.425699283001163,1.3309681542358178,2.092879422429772,0.9508402942927545,0.9886666666666667,3.9630985577883115,0.9,4.086571654233555,5.549646447146013,26.22238794165306,0.9886666666666667,3.9630985577883115,0.9
403,422,412,train,20,False,0.7119173963197186,0.8437519755945574,0.8040643075762225,0.7031827162584222,0.8035949203067714,2.473759857014655,1.427053954906094,1.3360796368595858,2.071415139710351,0.9524065644296844,0.9886666666666667,3.9636536060446765,0.9,4.087183827170977,5.5469156057755,26.22238794165306,0.9886666666666667,3.9636536060446765,0.9
404,423,413,train,20,False,0.7006411521653034,0.8370431005422023,0.7825578567617478,0.6932678269723306,0.7964155434718552,2.473759857014655,1.4350223747201982,1.342876933565485,2.113425544005897,0.9514630046600583,0.9886666666666667,3.9419971740709063,0.9,4.065367718471694,5.516858283702534,26.22238794165306,0.9886666666666667,3.9419971740709063,0.9
405,424,414,train,20,False,0.7086876005328268,0.8418358512993057,0.7827513382548135,0.6976183799318576,0.8033901485144022,2.473759857014655,1.4502907464250232,1.3590263838266252,2.1246953419591508,0.9543311172533627,0.9886666666666667,3.929298688800821,0.9,4.052491253867189,5.496200307349726,26.22238794165306,0.9886666666666667,3.929298688800821,0.9
406,425,415,train,20,False,0.6880162818762641,0.8294674688474913,0.8176041200290995,0.6853834567187516,0.7929124492156797,2.473759857014655,1.4474579275605293,1.357056495138928,2.148487084821575,0.95592953189279,0.9886666666666667,3.9294700585237297,0.9,4.052613456483382,5.501534272840453,26.22238794165306,0.9886666666666667,3.9294700585237297,0.9
407,426,416,train,20,False,0.6106945185509307,0.7814694610481786,0.7658932193340914,0.6482564169449858,0.7549169554438977,1.990297180086365,1.395454165418032,1.306706774903327,2.1907316271555386,0.9660223374965079,0.9986666666666667,3.930148121269495,0.95,3.934801436570825,4.39729342455256,5.0713017228337165,0.9986666666666667,3.930148121269495,0.95
408,427,417,train,20,False,0.5950603022369706,0.7714015181712897,0.7744179944565783,0.6397626332689912,0.7445140473655709,1.990297180086365,1.377476656517727,1.2877808852367034,2.1907739304124947,0.9651446488341647,0.9986666666666667,3.8923537841314624,0.95,3.896709865360485,4.335442773806686,4.855800483918702,0.9986666666666667,3.8923537841314624,0.95
409,428,418,train,20,False,0.5914996626440033,0.7690901524814912,0.7892750640947317,0.6323194479863152,0.7416939937799076,1.990297180086365,1.3968291164427589,1.302195081601162,2.2708739398900266,0.9643784820112584,0.9986666666666667,3.90362260830793,0.95,3.9080311675894572,4.33440398938439,4.855800483918702,0.9986666666666667,3.90362260830793,0.95
410,429,419,train,20,False,0.5807840055760062,0.7620918616387438,0.8005493030534738,0.6249497244608564,0.7332841285695567,1.990297180086365,1.3865579010177007,1.292134815445994,2.288849173065605,0.962199133045141,0.9986666666666667,3.9081524451024183,0.95,3.9127029198120282,4.337905803444473,4.855800483918702,0.9986666666666667,3.9081524451024183,0.95
411,430,420,train,20,False,0.5871134111741847,0.7662332615947867,0.8177176837201096,0.6318636559920668,0.7418545247988287,1.990297180086365,1.405812783055083,1.3098262063505592,2.2911515568450214,0.9681836615324978,0.9986666666666667,3.9114849830388083,0.95,3.916082486635657,4.339230365906951,4.855800483918702,0.9986666666666667,3.9114849830388083,0.95
412,431,421,train,20,False,0.7147586321022612,0.8454339903873401,0.8288709853524822,0.6721782200147923,0.7838016911860901,3.160119664899994,1.4686850216143965,1.371589727595222,2.2814192697375537,0.9270998092080341,0.984,3.908433047616096,0.9,4.20330687045939,6.380647864491308,45.314955438611875,0.984,3.908433047616096,0.9
413,432,422,train,20,False,0.6885429047863849,0.8297848545173532,0.8075073033680819,0.6503299644520751,0.7660223283657137,3.160119664899994,1.467223493117571,1.367182485874452,2.374587846000689,0.9231577609490991,0.984,3.909034686014444,0.9,4.203830614209625,6.372230002457822,45.314955438611875,0.984,3.909034686014444,0.9
414,433,423,train,20,False,0.785050779689419,0.8860309135066445,0.7572233197803891,0.6815865774870986,0.8026909190545274,3.2786995917420882,1.5396218169631681,1.4416012856425817,2.3780290354962927,0.9059400826972475,0.976,3.903648438883686,0.85,4.407317358143547,8.411637625787742,45.626920122236704,0.976,3.903648438883686,0.85
415,434,424,train,20,False,0.8444183956336655,0.9189224100182047,0.7270703471414185,0.7065654097785399,0.8337944996863387,3.2786995917420882,1.5896510103486674,1.4914651340920466,2.373333821632786,0.9073611554100856,0.974,3.9242306735889567,0.8,4.43033038334406,8.536998137416,45.626920122236704,0.974,3.9242306735889567,0.8
416,435,425,train,20,False,0.848666517375013,0.921230979383028,0.6964898300839403,0.7090060518277278,0.8368850562351146,3.2786995917420882,1.5998597235969858,1.5003061125859618,2.3804281151554774,0.9084421550777612,0.9713333333333334,3.948080318811893,0.75,4.46362167046528,8.834570944636063,45.626920122236704,0.9713333333333334,3.948080318811893,0.75
417,436,426,train,20,False,0.8241846515240867,0.907846160714516,0.6681016045300561,0.6925753154629889,0.8183975029342431,3.2786995917420882,1.578725087548142,1.4743998055089036,2.418630674244187,0.9014715690267691,0.9713333333333334,3.9098717619336694,0.75,4.424864297773671,8.804931415660153,45.626920122236704,0.9713333333333334,3.9098717619336694,0.75
418,437,427,train,20,False,0.8261878944924671,0.9089487854067836,0.6733538457139007,0.6907527320345415,0.8205423205212694,3.2786995917420882,1.5982053220628836,1.4911940910930321,2.4824577145539255,0.902737683019237,0.9713333333333334,3.86953035905111,0.75,4.383940606864597,8.780448116411689,45.626920122236704,0.9713333333333334,3.86953035905111,0.75
419,438,428,train,20,False,0.7792179123937448,0.8827332056707422,0.7166628753379399,0.661572568726115,0.791253104639796,3.2786995917420882,1.5476118097224483,1.4447333193634178,2.4988045818570503,0.8963672144162343,0.9726666666666667,3.8416894708707465,0.8,4.354551388569625,8.732800128812638,45.626920122236704,0.9726666666666667,3.8416894708707465,0.8
420,439,429,train,20,False,0.8019932664778316,0.895540767624697,0.7145140871388681,0.6715133741127572,0.8024565503936409,3.2786995917420882,1.5643370957038862,1.4611970244659547,2.49359484496157,0.896058090713224,0.9646666666666667,3.8280766184257433,0.75,4.404092121699863,9.456756833589958,45.626920122236704,0.9646666666666667,3.8280766184257433,0.75
421,440,430,train,20,False,0.789891134720504,0.8887581981171842,0.7034583663846498,0.661282832800511,0.7944313446717304,3.2786995917420882,1.5702876799519654,1.4639482846388463,2.5437404462481377,0.893866685398477,0.9646666666666667,3.801599475009828,0.75,4.377316419777441,9.419317724090863,45.626920122236704,0.9646666666666667,3.801599475009828,0.75
422,441,431,train,20,False,0.8090332427395799,0.8994627522802597,0.7058840292019629,0.6738803003545835,0.8094419550991023,3.2786995917420882,1.5949235264272184,1.4900086363690512,2.5436149057566984,0.8999171483722449,0.9646666666666667,3.7980405807327418,0.75,4.373725336863773,9.419560068577491,45.626920122236704,0.9646666666666667,3.7980405807327418,0.75
423,442,432,train,20,False,0.7911517241687207,0.8894671012290003,0.6998131485111657,0.6632983135371742,0.7964899547011154,3.2786995917420882,1.5729288064773947,1.4690372290062648,2.540091547074201,0.8954687066003724,0.9646666666666667,3.787389076249415,0.75,4.362892473270067,9.407324224454374,45.626920122236704,0.9646666666666667,3.787389076249415,0.75
424,443,433,train,20,False,0.7977655114065993,0.8931772004516233,0.7025071713239716,0.6662682557633473,0.8008572159716809,3.2786995917420882,1.5822456279344093,1.4786353889254442,2.542926111730085,0.8966386687509913,0.9646666666666667,3.7960202209175575,0.75,4.371602681723206,9.418372451365741,45.626920122236704,0.9646666666666667,3.7960202209175575,0.75
425,444,434,train,20,False,0.7846282939712522,0.8857924666485103,0.7050780289721735,0.6551973002162034,0.7882337923904692,3.2786995917420882,1.559189547274055,1.4550405090196092,2.5536698147204695,0.8898628313840096,0.9646666666666667,3.810558239690261,0.75,4.386377163194658,9.445389921104757,45.626920122236704,0.9646666666666667,3.810558239690261,0.75
426,445,435,train,20,False,0.7575744496420266,0.8703875284274394,0.6933049374946343,0.6382698611790429,0.7684537083619187,3.2786995917420882,1.5297126428324217,1.4262778732034254,2.570104893883052,0.8828868558701798,0.9646666666666667,3.812804368636377,0.75,4.388748820738802,9.453095608781677,45.626920122236704,0.9646666666666667,3.812804368636377,0.75
427,446,436,train,20,False,0.7610551331351422,0.872384739169102,0.7041416085962168,0.6413727725886934,0.7710755888593577,3.2786995917420882,1.523205674448453,1.423113061820986,2.543312487795828,0.8838710195615805,0.9646666666666667,3.8215962367738823,0.75,4.39775979191898,9.4640662216066,45.626920122236704,0.9646666666666667,3.8215962367738823,0.75
428,447,437,train,20,False,0.8097894528951196,0.8998830217840093,0.7344349200343593,0.6663636955761669,0.7977353896632012,3.2786995917420882,1.5579369889452657,1.4580878085575424,2.5260025777365924,0.8864878771484083,0.9606666666666667,3.83302469098885,0.7,4.42588569397436,9.826346772680932,45.626920122236704,0.9606666666666667,3.83302469098885,0.7
429,448,438,train,20,False,0.8011599376957182,0.8950753810130844,0.7419286562120938,0.6635635249587227,0.789440254576709,3.2786995917420882,1.5135401411907878,1.4210001966104608,2.436463305449324,0.8819818657990424,0.9606666666666667,3.855041305597361,0.7,4.448258832174808,9.860939092736354,45.626920122236704,0.9606666666666667,3.855041305597361,0.7
430,449,439,train,20,False,0.9193982271846824,0.9588525575836373,0.7849262352197732,0.7098936348116227,0.8435000567924659,3.2786995917420882,1.584391095567824,1.4928880162258384,2.3924918789636864,0.8796973529675237,0.9406666666666667,3.855391802323125,0.65,4.770649432248807,11.290256209981248,45.626920122236704,0.9406666666666667,3.855391802323125,0.65
431,450,440,train,20,False,0.9261584477461433,0.9623712629469686,0.8061721288706997,0.7165602698594453,0.8500006479763671,3.2786995917420882,1.5978592665104203,1.5067096642600215,2.383460073605066,0.8832356915703189,0.9406666666666667,3.860788475937077,0.65,4.77614683030721,11.30561722542985,45.626920122236704,0.9406666666666667,3.860788475937077,0.65
432,451,441,train,20,False,0.7976969515569784,0.8931388198689935,0.8877236556641127,0.6714202731856648,0.8076818772087362,3.2786995917420882,1.5597536214275005,1.4636962309227068,2.433049619242107,0.9043184096814959,0.9493333333333334,3.8672715937960875,0.65,4.600490841127807,10.633677990243958,45.626920122236704,0.9493333333333334,3.8672715937960875,0.65
433,452,442,train,20,False,0.833842245974284,0.9131496295647741,0.8754408562119903,0.6929644884084276,0.8305985431684201,3.2786995917420882,1.593729181454112,1.4978109577789622,2.379231972814677,0.9095974156659303,0.9493333333333334,3.8684171697928242,0.65,4.601616904003243,10.633981330499454,45.626920122236704,0.9493333333333334,3.8684171697928242,0.65
434,453,443,train,20,False,0.8048585537150414,0.8971390938505809,0.9265929774953272,0.6813704577015687,0.8214932233456806,3.049613600684727,1.5822748819012438,1.4865742796699577,2.390746716918031,0.9156810008354188,0.95,3.871746679462167,0.65,4.568622884511021,10.20162374369708,36.97976838618926,0.95,3.871746679462167,0.65
435,454,444,train,20,False,0.7699583782312801,0.8774727222149302,0.8599346474565643,0.6660304390227848,0.8057423471490968,3.049613600684727,1.5670930409022765,1.4694377840823225,2.414263716551771,0.9182534416742091,0.952,3.8554362671023896,0.7,4.54991418552993,10.098471384602856,36.97976838618926,0.952,3.8554362671023896,0.7
436,455,445,train,20,False,0.8028229487040471,0.8960038776166357,0.9074851947329935,0.6824217088343908,0.8239876137252369,3.049613600684727,1.5991572224079726,1.4980599838226576,2.4020153059032565,0.9196250533167762,0.948,3.826230591800845,0.7,4.565646621366074,10.662050084351929,36.97976838618926,0.948,3.826230591800845,0.7
437,456,446,train,20,False,0.8153596484525067,0.9029726731482558,0.9203037165554909,0.6922441665009131,0.8347121414702062,3.049613600684727,1.6061702386661711,1.5114440295845675,2.3645183747213325,0.9244046539746812,0.948,3.8780968785999974,0.7,4.618230085348417,10.70329239598021,36.97976838618926,0.948,3.8780968785999974,0.7
438,457,447,train,20,False,0.8317071947302903,0.911979821449077,0.8873096879388203,0.7055582691092459,0.8478907497215001,3.049613600684727,1.6270884044466825,1.5327414179491181,2.332205875190466,0.9297253401662512,0.948,3.924640873630844,0.7,4.665429723814119,10.739156550806145,36.97976838618926,0.948,3.924640873630844,0.7
439,458,448,train,20,False,0.845551983652714,0.9195390060528775,0.8867028629578582,0.7166555204732598,0.8590469044600153,3.049613600684727,1.641134092799821,1.5450195909907594,2.3144935478407977,0.9342147519630247,0.948,3.9531980826267192,0.7,4.694377605523388,10.762866437588578,36.97976838618926,0.948,3.9531980826267192,0.7
440,459,449,train,20,False,0.789597293741404,0.8885928728846546,0.8648749735296806,0.6825017731897574,0.8222679599941805,3.049613600684727,1.5884571317723257,1.4930024364884749,2.376622013534612,0.9253596164065975,0.956,3.960110848172353,0.75,4.6380097604432695,10.016931120904736,36.97976838618926,0.956,3.960110848172353,0.75
441,460,450,train,20,False,0.8112312282984764,0.9006837559867927,0.8310352705008083,0.6975845763341775,0.8356605725555459,3.049613600684727,1.5923015156137397,1.4996765933051457,2.326931330775844,0.9278068656184355,0.956,3.969888304198093,0.75,4.6479142295785625,10.031546330325295,36.97976838618926,0.956,3.969888304198093,0.75
442,461,451,train,20,False,0.8692673288749351,0.9323450696362023,0.8692011943930571,0.7206310490070863,0.8630057302810543,3.049613600684727,1.6482876639377406,1.5533724944356895,2.3364558983459918,0.9256291027717839,0.9473333333333334,3.9780282436675836,0.7,4.761459084873892,10.944227062664256,36.97976838618926,0.9473333333333334,3.9780282436675836,0.7
443,462,452,train,20,False,0.889522221098272,0.9431448569007159,0.8902642167086791,0.7314705860774551,0.8773805354534601,3.049613600684727,1.6894862175076955,1.5910166075226921,2.36596769971908,0.9302712399202758,0.9473333333333334,3.9955309569395068,0.7,4.779277393696416,10.965870950294107,36.97976838618926,0.9473333333333334,3.9955309569395068,0.7
444,463,453,train,20,False,0.8761808079589676,0.9360453023005711,0.898987576853557,0.7269891802529633,0.8679379248884928,3.049613600684727,1.654703168178172,1.5578210550732103,2.3241885593157683,0.9272392295066413,0.9473333333333334,3.9994459035933176,0.7,4.783297568890592,10.971315345795785,36.97976838618926,0.9473333333333334,3.9994459035933176,0.7
445,464,454,train,20,False,0.8890586749074509,0.9428990799165364,0.9070386330456095,0.7381562882791206,0.8803601684738661,3.049613600684727,1.6836795143006857,1.58270904384989,2.3242596084406357,0.9336738016032361,0.9473333333333334,3.99927672739002,0.7,4.7830829072634735,10.965609500594699,36.97976838618926,0.9473333333333334,3.99927672739002,0.7
446,465,455,train,20,False,0.8944863174507512,0.9457728677916021,0.9139128630734575,0.7440901291829695,0.8854172680827853,3.049613600684727,1.6933842978681473,1.5909835160299581,2.3147422740484807,0.9361838325413709,0.9473333333333334,3.992288666330371,0.7,4.775966916732689,10.95388209921531,36.97976838618926,0.9473333333333334,3.992288666330371,0.7
447,466,456,train,20,False,0.8798395803644784,0.9379976441145673,0.9176704504906348,0.7338344721178323,0.8723160189382713,3.049613600684727,1.6689158035655418,1.5637689880111538,2.311977469659006,0.9299767695703577,0.9473333333333334,3.996550289205182,0.7,4.780292772157724,10.961363316658762,36.97976838618926,0.9473333333333334,3.996550289205182,0.7
448,467,457,train,20,False,0.8183394472891002,0.9046211623044755,0.9420923593841916,0.6964775113386448,0.8335231470194009,3.049613600684727,1.6246425137580758,1.5160849814031665,2.3835419238552658,0.9214057571857416,0.9513333333333334,4.008895052813065,0.75,4.776255487150729,10.63336227649855,36.97976838618926,0.9513333333333334,4.008895052813065,0.75
449,468,458,train,20,False,0.9144399071364852,0.9562635134399331,0.9838830238291949,0.7357336049087966,0.8843464536349778,3.049613600684727,1.7296954139653018,1.6166239416137773,2.4094909706748964,0.924793679990727,0.9373333333333334,4.007717900572027,0.7,4.993728201640436,12.391900146745616,39.72080060406318,0.9373333333333334,4.007717900572027,0.7
450,469,459,train,20,False,0.9399060566402518,0.9694875226841508,0.9650751174360382,0.7474419369554145,0.891798340544959,3.049613600684727,1.7305175571811813,1.618381547645603,2.395764715048312,0.9198657225375121,0.946,4.029111942867046,0.7,4.7993561560957065,12.140561183725625,39.72080060406318,0.946,4.029111942867046,0.7
451,470,460,train,20,False,0.9628960923023646,0.9812726900828151,0.9989105410005742,0.760119549448842,0.9073267080210856,3.049613600684727,1.745704644126424,1.6349841454873502,2.3736174315626406,0.9246427799233985,0.946,4.040782886354419,0.7,4.811203171428559,12.156473664826567,39.72080060406318,0.946,4.040782886354419,0.7
452,471,461,train,20,False,0.9505825274179871,0.9749782189454219,1.0101068186066602,0.7551701464153476,0.9013787987834023,3.049613600684727,1.7274538798961445,1.6189061968894767,2.3677464931366625,0.9245117288449501,0.952,4.028698819753744,0.75,4.690906759877912,10.773289414955846,39.72080060406318,0.952,4.028698819753744,0.75
453,472,462,train,20,False,0.9103136384591718,0.9541035784751946,1.0039432850110839,0.7333711849243116,0.8744955527314942,3.049613600684727,1.6699513570600328,1.565993016047223,2.3656863191313358,0.9165624911805421,0.952,4.0231134481172,0.75,4.685369272906032,10.76280628033587,39.72080060406318,0.952,4.0231134481172,0.75
454,473,463,train,20,False,0.8649507339615632,0.9300272759234339,0.9504180122888102,0.7225052837343952,0.8574416777286304,2.825695798417084,1.617294067643337,1.5181209151833879,2.3403396167536807,0.9219532587119743,0.9593333333333334,4.014518608498585,0.8,4.503966901050418,9.12546279406312,39.72080060406318,0.9593333333333334,4.014518608498585,0.8
455,474,464,train,20,False,0.8368615129524313,0.9148013516345673,0.9171569112876903,0.7070442671781001,0.8391387536024777,2.825695798417084,1.587683318567039,1.4886848979885718,2.364742377459728,0.9172906796684377,0.9593333333333334,4.021262407982886,0.8,4.5109286538965065,9.123602957206279,39.72080060406318,0.9593333333333334,4.021262407982886,0.8
456,475,465,train,20,False,0.839659605690253,0.9163294198541554,0.8940668365650511,0.7064370664500383,0.8404154279362649,2.825695798417084,1.6122078995052462,1.5158517642946019,2.3937063908303906,0.9171542566755381,0.9606666666666667,4.036646887405683,0.8,4.5798081504060715,9.842737666754134,39.72080060406318,0.9606666666666667,4.036646887405683,0.8
457,476,466,train,20,False,0.8279054822884191,0.9098931158594503,0.8844719560260957,0.6990690793346459,0.8304971733614945,2.825695798417084,1.58800274673842,1.4907523895464805,2.3758514123524503,0.9127414625805127,0.9606666666666667,4.015419617729795,0.8,4.558339539618676,9.816535188149032,39.72080060406318,0.9606666666666667,4.015419617729795,0.8
458,477,467,train,20,False,1.0130398499786177,1.0064988077382993,0.9244673272404574,0.7544165102036295,0.8961946576589602,4.0994759829234715,1.7170530160307667,1.6110690655746527,2.3724791318569727,0.8904080668240401,0.94,4.014992167900936,0.75,5.400278891999453,14.113162766112584,90.51545164786064,0.94,4.014992167900936,0.75
459,478,468,train,20,False,1.0432608364441924,1.0214014080880212,0.8995104218020804,0.7638759797322632,0.9129847870585476,4.0994759829234715,1.783912592055034,1.672614091971355,2.430399714364487,0.8938550307734346,0.934,4.026412977218974,0.7,5.500943910733371,15.370645857587405,90.51545164786064,0.934,4.026412977218974,0.7
460,479,469,train,20,False,1.0807716832170517,1.039601694504704,0.8934930489417876,0.7901780140098633,0.940894693364684,4.0994759829234715,1.8102900568929627,1.700404918793542,2.3564134694721597,0.9050530586264128,0.934,4.034329741512692,0.7,5.508914227559436,15.382781190793228,90.51545164786064,0.934,4.034329741512692,0.7
461,480,470,train,20,False,1.0537619006378374,1.0265290549408903,0.8968838000724801,0.7733544181296657,0.9232434374504596,4.0994759829234715,1.7949653298474728,1.6843797248520775,2.392869133481299,0.8993836394661249,0.934,4.039978733720671,0.7,5.514608144968839,15.384562082028358,90.51545164786064,0.934,4.039978733720671,0.7
462,481,471,train,20,False,0.9733161861844126,0.9865678821978813,0.8700052739006893,0.7347138208625899,0.8772676707950907,4.0994759829234715,1.7121451883019283,1.5999695383329624,2.393612040041996,0.8892116666525866,0.9426666666666667,4.040427307963194,0.75,5.409753202133707,14.485816139690304,90.51545164786064,0.9426666666666667,4.040427307963194,0.75
463,482,472,train,20,False,0.9456635133563758,0.9724523193228426,0.8659418578536718,0.7141480528199409,0.8552572011162607,4.0994759829234715,1.6756339220734227,1.5640188305202474,2.437276425891997,0.8794849722933568,0.9426666666666667,4.037554413571443,0.75,5.406805596022133,14.482174021066248,90.51545164786064,0.9426666666666667,4.037554413571443,0.75
464,483,473,train,20,False,0.9386386247412762,0.9688336414169753,0.8692353899699221,0.7061068142492537,0.8488466439485484,4.0994759829234715,1.677334515711888,1.565297986891094,2.477016671007875,0.8761531471048641,0.9426666666666667,4.043284749263565,0.75,5.412574414999407,14.48964777451739,90.51545164786064,0.9426666666666667,4.043284749263565,0.75
465,484,474,train,20,False,1.0545446103814315,1.0269102250836883,0.8926650143334953,0.7521097048390013,0.8993473335862765,4.0994759829234715,1.762651868359114,1.6511620869128283,2.4535355387836675,0.8757798993704479,0.9366666666666666,4.043495677771854,0.7,5.480376552442255,15.344033698317102,90.51545164786064,0.9366666666666666,4.043495677771854,0.7
466,485,475,train,20,False,1.043474104728015,1.021505802591456,0.8852296209605593,0.7417542936813918,0.8875512872612239,4.0994759829234715,1.7428247524973284,1.6316771234160505,2.4653628080346475,0.868865634448279,0.9366666666666666,4.047549068335411,0.7,5.484425115335773,15.351843219493622,90.51545164786064,0.9366666666666666,4.047549068335411,0.7
467,486,476,train,20,False,1.065586184619468,1.0322723403344043,0.8986380105004093,0.7538914774992167,0.9056939031351817,4.0994759829234715,1.7998756041873858,1.686008630205686,2.514677800282274,0.8773788347770538,0.9333333333333333,4.044807093751541,0.65,5.5115831406443165,15.900023719243407,90.51545164786064,0.9333333333333333,4.044807093751541,0.65
468,487,477,train,20,False,1.169991155188305,1.0816612941158175,0.9002175128495571,0.8027486131736283,0.9604886339086688,4.0994759829234715,1.8841869918211174,1.773417538528071,2.45840110702695,0.887975412574785,0.9293333333333333,4.045739102757586,0.6,5.538794444690655,16.358875624291976,90.51545164786064,0.9293333333333333,4.045739102757586,0.6
469,488,478,train,20,False,1.0727267626973354,1.0357252351359096,0.8583086958778083,0.7592443682609236,0.9082910173224477,4.0994759829234715,1.7964292276335467,1.686587467784317,2.5184447280824163,0.8769613663060553,0.9433333333333334,4.054481024841829,0.65,5.3290798322178885,14.60660588007583,90.51545164786064,0.9433333333333334,4.054481024841829,0.65
470,489,479,train,20,False,0.9519847377095626,0.9756970522193672,0.8493066833170501,0.715459130044824,0.862863291034914,4.0994759829234715,1.7541358223076002,1.6436938244285888,2.561103566083412,0.8843557424635073,0.9533333333333334,4.052976210131818,0.65,5.222519756393643,13.508523170300114,90.51545164786064,0.9533333333333334,4.052976210131818,0.65
471,490,480,train,20,False,0.9449328245329255,0.9720765528151193,0.8309482832018675,0.7130580274525731,0.8587358332445765,4.0994759829234715,1.750767111689275,1.6383084311790284,2.563396427447595,0.8834035043409804,0.9533333333333334,4.0385310658150235,0.65,5.207834222025278,13.493024566579999,90.51545164786064,0.9533333333333334,4.0385310658150235,0.65
472,491,481,train,20,False,0.9451323073502987,0.9721791539373279,0.8519934366947488,0.7164463647370078,0.85883795833054,4.0994759829234715,1.7424169303248012,1.6350702246010322,2.5424692444125623,0.8834153199564547,0.9533333333333334,4.044067927398875,0.65,5.213461712434627,13.499773330585361,90.51545164786064,0.9533333333333334,4.044067927398875,0.65
473,492,482,train,20,False,0.9377700832490816,0.968385296898441,0.8433070401811704,0.70741187715708,0.8492605040023452,4.0994759829234715,1.7250319480310747,1.6168837184177705,2.568092668212196,0.8769861611100143,0.9533333333333334,4.035957125339407,0.65,5.205213499912075,13.49136055649289,90.51545164786064,0.9533333333333334,4.035957125339407,0.65
474,493,483,train,20,False,0.8954615085457098,0.946288279831104,0.9099331799694618,0.6844525047165692,0.8265779563636155,4.0994759829234715,1.7124833238096353,1.5975979061311039,2.6247888249888285,0.8734948682986386,0.9506666666666667,4.031709385349573,0.6,5.210885563327717,13.728504120023562,90.51545164786064,0.9506666666666667,4.031709385349573,0.6
475,494,484,train,20,False,0.9243078384771927,0.9614092981021104,0.9091236248066927,0.7068041760361079,0.8452775474160849,4.0994759829234715,1.7229163368759117,1.6100792534214072,2.557671111871871,0.8792067531328459,0.9506666666666667,4.006740543835005,0.6,5.185484390075598,13.699307797010215,90.51545164786064,0.9506666666666667,4.006740543835005,0.6
476,495,485,train,20,False,0.8832215733699311,0.9397986876825968,0.8925770447589091,0.6856084400419521,0.8217570473297553,4.0994759829234715,1.677536644950256,1.5617711593539962,2.5948141192680634,0.8743968874398893,0.956,4.001251098590886,0.65,5.072233050623611,12.120747629960114,90.51545164786064,0.956,4.001251098590886,0.65
477,496,486,train,20,False,0.890017226019164,0.9434072429333813,0.8943444583235112,0.6885643809845637,0.8278833372663019,4.0994759829234715,1.6998166532443046,1.5820396035823578,2.628319528429885,0.8775460899495796,0.956,4.016429582897278,0.65,5.087565050050153,12.133715858201988,90.51545164786064,0.956,4.016429582897278,0.65
478,497,487,train,20,False,0.7228413559510436,0.8502007739064013,0.8890741046812937,0.6435384415499223,0.7726656578130223,3.070960326776118,1.578253480078051,1.4705252734158807,2.6103937655896963,0.9088037573323654,0.9766666666666667,4.0131471350034476,0.7,4.241810550721252,7.828149830252689,29.52670029708278,0.9766666666666667,4.0131471350034476,0.7
479,498,488,train,20,False,0.7447814513485781,0.8630072139609136,0.8707074815853364,0.6539800120751328,0.7821042842277379,3.070960326776118,1.5763352267342057,1.4724729226379958,2.577566229865439,0.906254630987546,0.9826666666666667,4.0141303609577434,0.75,4.153697639082296,6.583266911465668,21.512116168757313,0.9826666666666667,4.0141303609577434,0.75
480,499,489,train,20,False,0.778304088573323,0.8822154433999232,0.8654931473364978,0.6658173540423242,0.7972996877489944,3.070960326776118,1.618882288650719,1.508582188055709,2.5968233196911035,0.9037471444348373,0.9786666666666667,4.002507074895882,0.7,4.171299399669602,7.155059289583212,21.512116168757313,0.9786666666666667,4.002507074895882,0.7
481,500,490,train,20,False,0.8287101524370002,0.9103351868608618,0.8360503178567542,0.69405439921616,0.8260631410339121,3.070960326776118,1.651921205023039,1.5382089152280929,2.5560074791808995,0.9074274541473589,0.9766666666666667,3.998498354985117,0.65,4.170583090564503,7.2387809954115685,21.512116168757313,0.9766666666666667,3.998498354985117,0.65
482,501,491,train,20,False,0.8915792503508765,0.9442347432449605,0.8461523809254197,0.7253271792787792,0.8650925331163322,3.070960326776118,1.7227759551471191,1.6090084241107612,2.55918736311894,0.9161837554752033,0.9766666666666667,4.001420917322179,0.65,4.173586967526537,7.249007407397866,21.512116168757313,0.9766666666666667,4.001420917322179,0.65
483,502,492,train,20,False,0.9420023337675347,0.9705680469537078,0.8604359678291796,0.7515546755410135,0.898887463304009,3.070960326776118,1.7883328771381126,1.6720032465338115,2.533865409631301,0.9261457412752456,0.974,3.9987364026974284,0.6,4.178720880473805,7.482092778032717,21.512116168757313,0.974,3.9987364026974284,0.6
484,503,493,train,20,False,0.9772127688369118,0.9885407269490275,0.8361752567236327,0.7716765441817193,0.9231294107278305,3.070960326776118,1.8225450517283885,1.7060260887603609,2.512766288093615,0.9338304285923772,0.974,3.9956030530184306,0.6,4.175516387826178,7.486550664306941,21.512116168757313,0.974,3.9956030530184306,0.6
485,504,494,train,20,False,0.957812932504633,0.9786791775166328,0.8329579639875095,0.7655845150242027,0.917035088647198,2.6885224673125174,1.803423158755208,1.687424800918127,2.508095113529713,0.9370129759725196,0.9666666666666667,3.9922486337382375,0.6,4.289027799036495,7.840453067193356,28.590164226485594,0.9666666666666667,3.9922486337382375,0.6
486,505,495,train,20,False,0.9949800657043324,0.9974868749534164,0.8043906792898396,0.790709089511697,0.9460203465567011,2.6885224673125174,1.8551125020383097,1.739350159916971,2.4944772315778994,0.9484038039105839,0.9666666666666667,3.994447537672305,0.6,4.291201493310443,7.8597462024404265,28.590164226485594,0.9666666666666667,3.994447537672305,0.6
487,506,496,train,20,False,0.9792368884634106,0.9895639890696359,0.7678584324399392,0.7841111695980976,0.9343421262929457,2.6885224673125174,1.8146398397483672,1.7005206709621903,2.4540225811338874,0.9441957636023026,0.97,3.950326649348628,0.65,4.216513030585023,7.279683833322876,28.590164226485594,0.97,3.950326649348628,0.65
488,507,497,train,20,False,0.87489081169139,0.9353559812666994,0.7690528006148203,0.7370836773618563,0.8796200195172783,2.6885224673125174,1.7221227089232714,1.6086746940435248,2.4693925624681423,0.9404120325675995,0.974,3.902810386037443,0.7,4.141993035048418,6.7870170766246956,28.590164226485594,0.974,3.902810386037443,0.7
489,508,498,train,20,False,0.8792694855314162,0.9376937056050958,0.7653023732641924,0.7433407254598984,0.8844047736700421,2.6885224673125174,1.7161325148058952,1.6046489325890576,2.4011835276162334,0.9431702147337481,0.974,3.852205901052671,0.7,4.090576630072641,6.741240966692605,28.590164226485594,0.974,3.852205901052671,0.7
490,509,499,train,20,False,0.9028712784711483,0.9501953896284429,0.7714438909475392,0.7494326740964914,0.896283410075282,2.6885224673125174,1.743118524224648,1.62854879087724,2.4148829552126267,0.943262217285392,0.9646666666666667,3.8087747482121825,0.7,4.2206921661742784,8.32833689503266,37.32998602030841,0.9646666666666667,3.8087747482121825,0.7
491,510,500,train,20,False,0.8903460667653436,0.9435815103981974,0.7590781762510064,0.7398156673661189,0.8876670885284856,2.6885224673125174,1.7356468914412893,1.621530588182552,2.4398941698430776,0.9407423510809199,0.9646666666666667,3.781950166319881,0.7,4.1934200512097375,8.300766586753188,37.32998602030841,0.9646666666666667,3.781950166319881,0.7
492,511,501,train,20,False,0.8489056786123902,0.9213607754904646,0.7431508365251204,0.7127586685983877,0.8566051975038127,2.6885224673125174,1.6791259997818042,1.5636794142162682,2.4546424902452637,0.9297174573638858,0.9646666666666667,3.747769783842956,0.7,4.158626662628917,8.27705473090977,37.32998602030841,0.9646666666666667,3.747769783842956,0.7
493,512,502,train,20,False,0.8904516161563653,0.943637438933177,0.7472212443569689,0.7434657948040881,0.8899831215944841,2.6885224673125174,1.7325976560109244,1.613639317813084,2.405907310956697,0.9431409616395133,0.9646666666666667,3.726808024485854,0.7,4.137310888771752,8.263403571975832,37.32998602030841,0.9646666666666667,3.726808024485854,0.7
494,513,503,train,20,False,0.8773285387292373,0.9366581760328777,0.7445132343143978,0.7360066823703972,0.878967152074938,2.6885224673125174,1.6932411980379694,1.5778314273996514,2.366671506001348,0.9384076011568229,0.9673333333333334,3.731409436252748,0.75,4.1319804954694455,8.027317301264336,37.32998602030841,0.9673333333333334,3.731409436252748,0.75
495,514,504,train,20,False,0.8578911202823771,0.926224119898838,0.7395990592021031,0.7245811908307978,0.8674387168016866,2.6885224673125174,1.689217190001203,1.5724939098074942,2.3912441719891304,0.9365322044263197,0.9673333333333334,3.7587895398507354,0.75,4.159714943210917,8.071337724522545,37.32998602030841,0.9673333333333334,3.7587895398507354,0.75
496,515,505,train,20,False,0.9084913722255145,0.9531481376079557,0.7687716459251763,0.7550555971560988,0.8950957881212693,2.6885224673125174,1.7007740658317314,1.5912991940948475,2.2973964232529207,0.9390940954546939,0.9633333333333334,3.76574041941635,0.7,4.181645203489887,8.344589338471874,37.32998602030841,0.9633333333333334,3.76574041941635,0.7
497,516,506,train,20,False,0.9332624062455931,0.9660550741265185,0.7655844086040086,0.7722667239544505,0.9110650320273294,2.6885224673125174,1.7152098023318565,1.6043975346080361,2.263024399148646,0.9430777358641694,0.9633333333333334,3.7581366534950607,0.7,4.173937310221815,8.337674374074151,37.32998602030841,0.9633333333333334,3.7581366534950607,0.7
498,517,507,train,20,False,0.9218882862178288,0.960150137331568,0.7762243897819869,0.7655843225308767,0.9047341439546278,2.6885224673125174,1.7099258205349872,1.5967032689603935,2.274743601245559,0.9422840332753049,0.9633333333333334,3.76519236044292,0.7,4.18109787797726,8.348052917369262,37.32998602030841,0.9633333333333334,3.76519236044292,0.7
499,518,508,train,20,False,0.8540540169150811,0.9241504298084166,0.7600511215545863,0.7341140456560097,0.8654846336627571,2.6885224673125174,1.6246643391616016,1.5142153188878802,2.25489212306735,0.9365192134814877,0.9633333333333334,3.7621259721820084,0.7,4.1780596019831355,8.344005274937118,37.32998602030841,0.9633333333333334,3.7621259721820084,0.7
500,519,509,train,20,False,0.7970092292748443,0.8927537338341657,0.7332346418619052,0.7055307374880917,0.835679144374129,2.6885224673125174,1.577954168713347,1.4725001313269224,2.2900652588452735,0.9360690554438627,0.9673333333333334,3.772838418547712,0.75,4.159586095926063,7.770615528424858,37.32998602030841,0.9673333333333334,3.772838418547712,0.75
501,520,510,train,20,False,0.7406390916751295,0.8606039110270935,0.7317282878676921,0.6743158552562438,0.8013165848470806,2.6885224673125174,1.518044143923099,1.418617979671107,2.2859605236933254,0.9311096249734025,0.9693333333333334,3.7732419596464344,0.8,4.15669217411175,7.685952973080643,37.32998602030841,0.9693333333333334,3.7732419596464344,0.8
502,521,511,train,20,False,0.6912480880932075,0.831413307623355,0.6988461981403427,0.6512730308979913,0.7747685931300347,2.6885224673125174,1.4797759402487551,1.3807022026125,2.3107658090277696,0.9318693675288374,0.9693333333333334,3.769877596346273,0.8,4.153282495284928,7.674246557110415,37.32998602030841,0.9693333333333334,3.769877596346273,0.8
503,522,512,train,20,False,0.7783788834370082,0.8822578327433587,0.6887110745010123,0.6835954420060475,0.8059752065254182,3.114063397516434,1.5189273390148117,1.420251803563097,2.276114455129284,0.9135370371484925,0.9593333333333334,3.769325039894206,0.8,4.463387950385044,10.093898280096877,57.427880189977984,0.9593333333333334,3.769325039894206,0.8
504,523,513,train,20,False,0.7777432971879868,0.8818975548146093,0.7311133033395569,0.6821359580353776,0.8056460090136353,3.114063397516434,1.5272480091612104,1.421545580274772,2.2909577049250647,0.913536957456466,0.9593333333333334,3.7720344814576183,0.8,4.46619514806794,10.100015706499864,57.427880189977984,0.9593333333333334,3.7720344814576183,0.8
505,524,514,train,20,False,0.7339493130158716,0.8567084177337536,0.7221262142897524,0.6699938281452967,0.7896741093901094,3.114063397516434,1.5072062746775083,1.399587127118882,2.295214650296651,0.9217536480837089,0.97,3.7670730784260233,0.8,4.294646540623466,9.292702040493154,57.427880189977984,0.97,3.7670730784260233,0.8
506,525,515,train,20,False,0.710616586497961,0.8429807746905982,0.760158040169344,0.6570390550637348,0.7747508853090382,3.114063397516434,1.4705688777547345,1.3645367254888332,2.280611845971616,0.9190611560428498,0.97,3.7661617170555166,0.8,4.293828322830229,9.268871698749164,57.427880189977984,0.97,3.7661617170555166,0.8
507,526,516,train,20,False,0.7217262433239945,0.849544727088571,0.7915281861823883,0.6639277804662207,0.7833821510920844,3.114063397516434,1.481191444445621,1.380471097558877,2.2708688027586215,0.922119961566675,0.97,3.811601768461916,0.8,4.3398793989142,9.305422273831786,57.427880189977984,0.97,3.811601768461916,0.8
508,527,517,train,20,False,0.7402943507983102,0.8604035976205063,0.8409953915532267,0.6758556408726049,0.7996905422699211,3.114063397516434,1.5269756810686204,1.4212699725690126,2.3005865856241403,0.9294365394118639,0.97,3.863504096086977,0.8,4.39251237417996,9.357449546921531,57.427880189977984,0.97,3.863504096086977,0.8
509,528,518,train,20,False,0.7493386222262407,0.865643472929959,0.8567328372014162,0.682209480013859,0.8074474494729472,3.114063397516434,1.5406684406222122,1.436365792829174,2.2993517212088546,0.9327713714977429,0.97,3.911417553922111,0.8,4.441164597128841,9.398555807177384,57.427880189977984,0.97,3.911417553922111,0.8
510,529,519,train,20,False,0.736865417955302,0.8584086544037764,0.8930591305452088,0.685208549759702,0.8015248389290047,3.114063397516434,1.4926846263298899,1.3945372539959855,2.237178492239768,0.9337334086941593,0.9806666666666667,3.946126552783945,0.85,4.301262310790472,7.744639329267642,57.427880189977984,0.9806666666666667,3.946126552783945,0.85
511,530,520,train,20,False,0.7248458831131883,0.8513788129341653,0.90955287506853,0.6761446634749018,0.7901108770961035,3.114063397516434,1.4672230815609766,1.3688865660543692,2.232361041791298,0.9280368093411793,0.9806666666666667,3.980856469829345,0.85,4.336475307726872,7.7849583292768205,57.427880189977984,0.9806666666666667,3.980856469829345,0.85
512,531,521,train,20,False,0.7748979939375211,0.8802829056260953,0.9350462940834251,0.7098254049089836,0.8253946188622703,3.114063397516434,1.5145711142506553,1.4161778438554908,2.1926345387124515,0.9376469923327818,0.9806666666666667,4.02131911698871,0.85,4.3775311592811175,7.823856716094989,57.427880189977984,0.9806666666666667,4.02131911698871,0.85
513,532,522,train,20,False,0.7609835973119996,0.8723437380482533,0.9301773200366735,0.7017868308251449,0.8174597401526731,3.114063397516434,1.5096269753155127,1.4143762422545718,2.2102224328307587,0.9370844364420207,0.9806666666666667,4.043483018145238,0.85,4.400092727907963,7.842512342345124,57.427880189977984,0.9806666666666667,4.043483018145238,0.85
514,533,523,train,20,False,0.7813797699318749,0.8839568823940877,0.937184227225282,0.7156071829977142,0.8332985454237576,3.114063397516434,1.5344209202150239,1.4412474518542115,2.200240231873485,0.94269139368752,0.9806666666666667,4.03866779764024,0.85,4.3953183187253675,7.844416907946115,57.427880189977984,0.9806666666666667,4.03866779764024,0.85
515,534,524,train,20,False,0.7676762005312744,0.8761713305805403,0.9254384678397105,0.705214077907619,0.8221866558351362,3.114063397516434,1.516047853814242,1.4233563318446631,2.210999857823276,0.9383857096652152,0.9806666666666667,4.03466119335946,0.85,4.391307253743096,7.822431064470791,57.427880189977984,0.9806666666666667,4.03466119335946,0.85
516,535,525,train,20,False,0.7599406667493933,0.8717457580908514,0.9620635023413306,0.6976063742696901,0.818846466706848,3.114063397516434,1.513242503035935,1.4191479631200572,2.2229960794244428,0.9393179824587223,0.984,4.023472175947767,0.85,4.36522383339693,7.548247334199127,57.427880189977984,0.984,4.023472175947767,0.85
517,536,526,train,20,False,0.7622874683368817,0.8730907560711438,0.9625806649988042,0.6976432727302861,0.8200846750661925,3.114063397516434,1.516457242988734,1.4230904397045534,2.2267153066583814,0.9392891510574737,0.984,4.034254725337219,0.85,4.376236678457182,7.567063042292486,57.427880189977984,0.984,4.034254725337219,0.85
518,537,527,train,20,False,0.8046407181576211,0.8970176799582164,0.9550892429531221,0.7159111588081155,0.8404694930456549,3.114063397516434,1.5603541234982614,1.4670291962972375,2.2294262034529817,0.9369597855471528,0.9773333333333334,4.0352896296151295,0.8,4.47066732748339,8.693720409769867,57.427880189977984,0.9773333333333334,4.0352896296151295,0.8
519,538,528,train,20,False,0.9402973015095029,0.9696892809088398,0.9512624994243412,0.7708222044568906,0.9025548704404667,3.114063397516434,1.6565039990778725,1.561833305006444,2.218593592747127,0.9307670902524039,0.9673333333333334,4.035029580382523,0.75,4.545468243179984,9.502551835519844,57.427880189977984,0.9673333333333334,4.035029580382523,0.75
520,539,529,train,20,False,0.95333832671555,0.9763904581239772,0.9326704821835342,0.7827380322915122,0.9112923326543658,3.114063397516434,1.6587588482608475,1.5643643461477006,2.1737986877225963,0.9333277738142894,0.9673333333333334,4.045899980102038,0.75,4.5564602892402375,9.536122796814329,57.427880189977984,0.9673333333333334,4.045899980102038,0.75
521,540,530,train,20,False,0.9796391913792057,0.989767241011343,0.9314618730277783,0.7972355041117323,0.9308548563296297,3.114063397516434,1.7187647323968065,1.618801971622565,2.2218985063077996,0.9404785466313104,0.9653333333333334,4.051969250393896,0.7,4.569510483504245,9.688877386549539,57.427880189977984,0.9653333333333334,4.051969250393896,0.7
522,541,531,train,20,False,0.9666125179809848,0.9831645426788869,0.9338946932192611,0.7869119351187902,0.9189102469874658,3.114063397516434,1.6915219893816924,1.5920460759182977,2.2246625150480743,0.9346454302386216,0.9653333333333334,4.035833603472608,0.7,4.553180658132222,9.668601480456587,57.427880189977984,0.9653333333333334,4.035833603472608,0.7
523,542,532,train,20,False,0.8283896776244545,0.9101591496131072,0.9331907532204973,0.7292537449021325,0.8530718692984831,2.775935038073376,1.573229242501916,1.4786277689838163,2.2340087568202436,0.9372776944132343,0.978,4.019812230086624,0.75,4.218311212855423,6.99230654031887,27.144849304324445,0.978,4.019812230086624,0.75
524,543,533,train,20,False,0.8411541558698257,0.9171445665050988,0.9589337517243782,0.7399716985443614,0.8593022787859512,2.775935038073376,1.5681100480675814,1.4782074345778715,2.20250250670277,0.9369322025865963,0.9766666666666667,4.007469603475326,0.7,4.206741419953278,7.027105558081776,27.144849304324445,0.9766666666666667,4.007469603475326,0.7
525,544,534,train,20,False,0.8437715382569995,0.9185703774110068,0.9313291602042796,0.737889350362923,0.8603732553970278,2.775935038073376,1.5750068342321146,1.4880292230696266,2.213368486926801,0.9366438071103406,0.9726666666666667,4.006198391810992,0.7,4.319102464315603,7.9859795312420045,31.62137036955599,0.9726666666666667,4.006198391810992,0.7
526,545,535,train,20,False,0.8419903733916996,0.9176003342369158,0.9268587098093517,0.7360918414524672,0.858932460255547,2.775935038073376,1.581645546178828,1.4902008479854065,2.2333778749720077,0.936063804913326,0.9726666666666667,3.977225860848698,0.7,4.2896741563987035,7.954729332173342,31.62137036955599,0.9726666666666667,3.977225860848698,0.7
527,546,536,train,20,False,0.8263775322826333,0.9090530965145178,0.9278782278822613,0.7229621075011267,0.8459155586277468,2.775935038073376,1.5653870169943946,1.4720186620853917,2.2699281625627794,0.9305458194588937,0.9726666666666667,3.9636525880102007,0.7,4.2758887076748895,7.9250072701726895,31.62137036955599,0.9726666666666667,3.9636525880102007,0.7
528,547,537,train,20,False,0.8208550989296384,0.9060105401868338,0.947923360050812,0.7222960938838897,0.8419281903908556,2.775935038073376,1.5350434432595805,1.4490588491392364,2.2201071697921537,0.9292697524437592,0.9726666666666667,3.9616758246393076,0.7,4.2739224626896055,7.911889064912565,31.62137036955599,0.9726666666666667,3.9616758246393076,0.7
529,548,538,train,20,False,0.8097455965100288,0.8998586536284622,0.9726657675531741,0.714104108179286,0.8320381383157411,2.775935038073376,1.5196062301253628,1.431835140986779,2.2276300930735218,0.9246320352210303,0.9726666666666667,3.956413436073485,0.7,4.268548208543007,7.896156062481962,31.62137036955599,0.9726666666666667,3.956413436073485,0.7
530,549,539,train,20,False,0.8051231885398058,0.8972865699094162,1.0303319236413495,0.7070103847668395,0.8296553600907444,2.775935038073376,1.5370228759046065,1.449703132941754,2.2648281939896115,0.9246269674742823,0.9726666666666667,3.9668256969294404,0.7,4.279013185447363,7.911413131507411,31.62137036955599,0.9726666666666667,3.9668256969294404,0.7
531,550,540,train,20,False,0.9182463065105718,0.958251692672949,1.0366919376829622,0.7538161722483784,0.8870187460813815,2.852478201014507,1.6367682328793425,1.55061947698552,2.250075719326369,0.9256636360402661,0.9646666666666667,3.967275151816483,0.65,4.419753308820069,9.308500581171245,32.69498347860389,0.9646666666666667,3.967275151816483,0.65
532,551,541,train,20,False,0.8893899276572063,0.9430747200817157,1.0692902744962858,0.737448918806768,0.8710264134010337,2.852478201014507,1.6278011533998875,1.5409311555906817,2.280954512409307,0.9236027589898295,0.9646666666666667,3.9599487060258296,0.65,4.412379235811679,9.294696814603906,32.69498347860389,0.9646666666666667,3.9599487060258296,0.65
533,552,542,train,20,False,0.8978301527057706,0.9475389979867692,1.114631914950608,0.7425613943250198,0.8760073791700321,2.852478201014507,1.62626727264295,1.5406058222683179,2.2629247578233893,0.924507994954593,0.9646666666666667,3.9731826498782783,0.65,4.425695999589513,9.310448561603243,32.69498347860389,0.9646666666666667,3.9731826498782783,0.65
534,553,543,train,20,False,0.8792177202187276,0.9376661027352581,1.0707308927531964,0.7292763047610317,0.8619409602845618,2.852478201014507,1.6065319473862805,1.5192947871801912,2.281850488874677,0.9192408233274093,0.9646666666666667,3.986695141875093,0.65,4.439320078952306,9.31732273626042,32.69498347860389,0.9646666666666667,3.986695141875093,0.65
535,554,544,train,20,False,0.8767374147571342,0.9363425733977572,1.0472349762157347,0.7270161505423561,0.8593553844855191,2.852478201014507,1.5970056680385967,1.5108030848404688,2.2712804005280742,0.9177788225169871,0.9646666666666667,3.9835619301002856,0.65,4.436152494404079,9.31331970382824,32.69498347860389,0.9646666666666667,3.9835619301002856,0.65
536,555,545,train,20,False,0.9260352181041555,0.9623072368553379,1.046637292571162,0.7496347753075918,0.8781374062096118,2.852478201014507,1.6183722156125129,1.5338641578378596,2.2527796830060964,0.9125333080516164,0.9566666666666667,3.982595794828486,0.65,4.532142949709354,10.117504166300206,32.69498347860389,0.9566666666666667,3.982595794828486,0.65
537,556,546,train,20,False,0.8976283413729542,0.947432499639396,1.0231041960032778,0.7322431233097069,0.8598650607355477,2.852478201014507,1.592397999976428,1.5100065330405554,2.2674557276382594,0.9075739549390828,0.9566666666666667,3.9811691377931213,0.65,4.530623485660152,10.123586578957935,32.69498347860389,0.9566666666666667,3.9811691377931213,0.65
538,557,547,train,20,False,0.83924458323575,0.916102932664092,0.9678678373816216,0.7050670833308132,0.828414625141072,2.852478201014507,1.5400711003529097,1.4541087542387876,2.287099622639886,0.9042811627422519,0.9606666666666667,3.929981906407355,0.65,4.395376174517411,9.169025287224077,32.69498347860389,0.9606666666666667,3.929981906407355,0.65
539,558,548,train,20,False,0.7075855977809083,0.8411810731233248,1.1027210265700313,0.6541523691101714,0.7702424850812125,2.852478201014507,1.452301520995235,1.3652640369947353,2.298312848471166,0.9156678742441081,0.9706666666666667,3.8921430117889675,0.7,4.2818964817333605,8.324951232845176,32.69498347860389,0.9706666666666667,3.8921430117889675,0.7
540,559,549,train,20,False,0.6950383117518875,0.8336895775718247,1.0822011448739688,0.6446160986248946,0.7618775877181057,2.852478201014507,1.4436219786854152,1.3549289163448988,2.318356385066198,0.9138624353888696,0.9706666666666667,3.8527247878993216,0.7,4.241909561503479,8.25778989123933,32.69498347860389,0.9706666666666667,3.8527247878993216,0.7
541,560,550,train,20,False,0.7004869966745495,0.836951012111551,1.075296771058992,0.644683923611111,0.7649107594984583,2.852478201014507,1.4569796037020892,1.3708513709559431,2.336860456885912,0.9139253653193612,0.9673333333333334,3.826891164256042,0.7,4.253425961782162,8.836127540286698,32.69498347860389,0.9673333333333334,3.826891164256042,0.7
542,561,551,train,20,False,0.7144976525328077,0.8452796297869763,1.0412559931818817,0.6562926829374068,0.7775874313261724,2.852478201014507,1.480169097530952,1.3956717313520663,2.3204435988776617,0.9199173905588338,0.9673333333333334,3.8134406136278134,0.7,4.239694357045077,8.832615048724886,32.69498347860389,0.9673333333333334,3.8134406136278134,0.7
543,562,552,train,20,False,0.718448387548763,0.8476133479062036,1.0231782936820815,0.6584930018583883,0.7821121100537305,2.852478201014507,1.499571820655083,1.4120341035668134,2.3592014583140495,0.9227227390716818,0.9673333333333334,3.8110665518259603,0.7,4.237328714952722,8.831288655364435,32.69498347860389,0.9673333333333334,3.8110665518259603,0.7
544,563,553,train,20,False,0.6795101299895867,0.8243240442869458,1.0130687275159296,0.6356826403203495,0.759483871968219,2.852478201014507,1.478765616231453,1.3886711452059415,2.3968525446652453,0.9213414035801726,0.9686666666666667,3.801037423195913,0.75,4.226153369514149,8.75728954295452,32.69498347860389,0.9686666666666667,3.801037423195913,0.75
545,564,554,train,20,False,0.6285683325915185,0.7928230146706883,1.0146379570978625,0.6117420730279888,0.7332283219272477,2.852478201014507,1.4360208598483624,1.3441900589577556,2.4201794455484302,0.9248322871048411,0.9753333333333334,3.8087355648406445,0.8,4.102408085928746,7.3965884547792555,32.69498347860389,0.9753333333333334,3.8087355648406445,0.8
546,565,555,train,20,False,0.6972199817916561,0.8349969950794172,1.066328351503792,0.6450678909190283,0.7689499092880062,2.852478201014507,1.4918272565663848,1.3971915147538545,2.401627469302421,0.9209014090103054,0.9713333333333334,3.843076558435236,0.75,4.172065563039122,8.075702659225147,32.69498347860389,0.9713333333333334,3.843076558435236,0.75
547,566,556,train,20,False,0.6966291955068021,0.8346431545917106,1.0564792406109682,0.6472461642873608,0.76831214185872,2.852478201014507,1.4870053880802754,1.389390430499265,2.373123576418119,0.9205276981329364,0.9713333333333334,3.8561686868740623,0.75,4.185330684189954,8.091620413735434,32.69498347860389,0.9713333333333334,3.8561686868740623,0.75
548,567,557,train,20,False,0.739440517391444,0.8599072725541075,0.9871104172606394,0.6677495758489355,0.7922969934685488,2.852478201014507,1.5371342463111555,1.4347573183609215,2.3827517913871477,0.921374918850562,0.9713333333333334,3.8556034655513467,0.75,4.184735216407491,8.08693038897397,32.69498347860389,0.9713333333333334,3.8556034655513467,0.75
549,568,558,train,20,False,0.7605598616541697,0.8721008322746686,0.9408246891376084,0.6837172539509301,0.8090507381897633,2.852478201014507,1.5620850136898625,1.4609165911634072,2.3640216831402254,0.9277032061528321,0.9713333333333334,3.8498577479926595,0.75,4.178924692316167,8.089180956123148,32.69498347860389,0.9713333333333334,3.8498577479926595,0.75
550,569,559,train,20,False,0.8137732576178932,0.9020938186341225,0.9545491859312547,0.7007009230565744,0.8317339910402721,2.852478201014507,1.6032398904413139,1.4987177889692984,2.3659169815154413,0.9220038690649898,0.9593333333333334,3.8402065543679162,0.7,4.399287748726282,9.71336873034025,37.0405533269646,0.9593333333333334,3.8402065543679162,0.7
551,570,560,train,20,False,0.7242172357453982,0.8510095391623987,0.9434899399085553,0.6723417843336804,0.7937951089950362,2.582406111373852,1.5382880437150168,1.4341937460847531,2.3638099202987024,0.9327687557724964,0.9673333333333334,3.8290886966142024,0.75,4.247869050115977,8.30679012487919,37.0405533269646,0.9673333333333334,3.8290886966142024,0.75
552,571,561,train,20,False,0.7028754182160853,0.8383766565309922,0.9066298728190517,0.6535281130094666,0.774297586520205,2.582406111373852,1.5020259962999813,1.3983695647992338,2.395525297757304,0.9235676834372614,0.9673333333333334,3.824750041994049,0.75,4.243606088633852,8.302109289109818,37.0405533269646,0.9673333333333334,3.824750041994049,0.75
553,572,562,train,20,False,0.7017412914159261,0.8377000008451272,0.8100565226874902,0.6532406225521101,0.7736609308979727,2.582406111373852,1.5061658867367573,1.4017401091649027,2.4016535509628225,0.9235536947802941,0.9673333333333334,3.814482800412284,0.75,4.233308682116579,8.284318284293569,37.0405533269646,0.9673333333333334,3.814482800412284,0.75
554,573,563,train,20,False,0.7381337746201163,0.8591471204747859,0.8303905821319248,0.67625354857137,0.7975949464667459,2.582406111373852,1.5423683728968782,1.4387036039710717,2.3783176058535394,0.9283566544760986,0.9673333333333334,3.8056292026355867,0.75,4.224484238503156,8.281964469464652,37.0405533269646,0.9673333333333334,3.8056292026355867,0.75
555,574,564,train,20,False,0.7747591870361922,0.8802040598839522,0.8305600677920184,0.6938475458012208,0.823341917557172,2.582406111373852,1.5941191783432878,1.4888714257967877,2.3957326989275374,0.9353989092776087,0.96,3.8160877074277813,0.7,4.289660969578053,9.075140525024654,37.0405533269646,0.96,3.8160877074277813,0.7
556,575,565,train,20,False,0.669884932869414,0.81846498573208,0.7382694306639556,0.6399191822915415,0.7678950304086014,2.582406111373852,1.5205036056083556,1.4155601675331788,2.456119630425838,0.938213660687945,0.9686666666666667,3.783433263810363,0.75,4.159374648293552,8.249218204183908,37.0405533269646,0.9686666666666667,3.783433263810363,0.75
557,576,566,train,20,False,0.6580689709675189,0.811214503671821,0.7389526926993912,0.6276333443075289,0.7552842880978332,2.582406111373852,1.5094447044977852,1.401361583254827,2.519716557050552,0.9310537283038833,0.9686666666666667,3.7580797935785557,0.75,4.133637756302024,8.203402982356774,37.0405533269646,0.9686666666666667,3.7580797935785557,0.75
558,577,567,train,20,False,0.6708119789411082,0.819031122083348,0.7450501280237593,0.6362313872117229,0.7643325929168158,2.582406111373852,1.5232825999327044,1.415911154110319,2.5062128616511283,0.9332155669159469,0.9713333333333334,3.791289665918739,0.8,4.157332631563212,8.0059694362975,37.0405533269646,0.9713333333333334,3.791289665918739,0.8
559,578,568,train,20,False,0.668344385346774,0.8175233240383872,0.7508327320419548,0.6307318829073254,0.7619890934770803,2.582406111373852,1.5240955687828242,1.4212572403943315,2.537626787940712,0.9320701575987094,0.9713333333333334,3.827229055468545,0.8,4.19381344979754,8.043371984676295,37.0405533269646,0.9713333333333334,3.827229055468545,0.8
560,579,569,train,20,False,0.6893280715201451,0.8302578343624016,0.7329985195113905,0.6459233636405699,0.7751392540879892,2.582406111373852,1.536847241426875,1.435648252985852,2.5086924894277995,0.9336126947639816,0.9713333333333334,3.8566248429045924,0.8,4.22359886696306,8.080610405431491,37.0405533269646,0.9713333333333334,3.8566248429045924,0.8
561,580,570,train,20,False,0.733858170464172,0.85665522263287,0.7751901849255222,0.6654514632937463,0.7949090955863907,2.582406111373852,1.5501426612026994,1.4465865478230187,2.4655908378553812,0.9279218460179267,0.9713333333333334,3.8791227339944454,0.8,4.261549987692068,8.207781190347443,37.0405533269646,0.9713333333333334,3.8791227339944454,0.8
562,581,571,train,20,False,0.7308212214263988,0.8548808229375594,0.7538240479393358,0.6655824933040227,0.7925952068584781,2.582406111373852,1.5478499487524102,1.4426947244992605,2.4608894688781353,0.9271411705493005,0.9713333333333334,3.93195979780722,0.8,4.315144320173774,8.263688134721544,37.0405533269646,0.9713333333333334,3.93195979780722,0.8
563,582,572,train,20,False,0.7343853605339746,0.8569628699856107,0.748993318876496,0.6717092036362364,0.7960465773093206,2.582406111373852,1.5435894625446216,1.436751693631877,2.4141428506169746,0.9289160653164438,0.9713333333333334,3.9130381734183395,0.8,4.295962030548692,8.26183039185776,37.0405533269646,0.9713333333333334,3.9130381734183395,0.8
564,583,573,train,20,False,0.7385345375536813,0.8593803218329363,0.7406870098217767,0.6744010711675771,0.7991648918856559,2.582406111373852,1.5511603784599166,1.4466819007595908,2.415432262606642,0.9299315699725943,0.9713333333333334,3.894326732269486,0.8,4.277017836845408,8.25626965383283,37.0405533269646,0.9713333333333334,3.894326732269486,0.8
565,584,574,train,20,False,0.7382869221642001,0.8592362435117598,0.7290955436294151,0.6769861820916376,0.798989478479864,2.582406111373852,1.5430951824445993,1.4404576061490344,2.390468801614396,0.9298833522365596,0.9686666666666667,3.8710290075303533,0.75,4.266218590866114,8.510387665981437,37.0405533269646,0.9686666666666667,3.8710290075303533,0.75
566,585,575,train,20,False,0.6598035161284899,0.812282903998656,0.7029171125081912,0.6345287459239147,0.7535659773134866,2.582406111373852,1.4733362400842371,1.3757035795531447,2.431656793480948,0.9277136987666227,0.9726666666666667,3.8397967844375556,0.8,4.199778819654945,7.830826671181194,37.0405533269646,0.9726666666666667,3.8397967844375556,0.8
567,586,576,train,20,False,0.7278425419808596,0.853136883495761,0.7343951486633084,0.6696383510292964,0.7933650817648299,2.582406111373852,1.5499419372169672,1.4489611036984928,2.4254575135370775,0.9299387907295558,0.968,3.8365737578419483,0.75,4.266496497467251,8.874835954084444,37.0405533269646,0.968,3.8365737578419483,0.75
568,587,577,train,20,False,0.7889018376657323,0.8882014623190688,0.7676709031320746,0.6790587054768197,0.8158588088307013,2.951068205187163,1.5908724322134071,1.4932440979061061,2.442942406696607,0.9185515262500437,0.9533333333333334,3.8404833834434147,0.7,4.605969094771686,10.828234124894914,43.59592617077895,0.9533333333333334,3.8404833834434147,0.7
569,588,578,train,20,False,0.8147523043835028,0.9026363079244613,0.7899631781298295,0.6910444426779836,0.8296689139720721,2.951068205187163,1.6204074361253862,1.51633715924035,2.4486837959565735,0.9191619112683692,0.9486666666666667,3.8561816391988355,0.65,4.678921159049032,11.835833225654024,43.59592617077895,0.9486666666666667,3.8561816391988355,0.65
570,589,579,train,20,False,0.7516539965196887,0.8669798132134846,0.7719233187438516,0.6677255686838306,0.8014363354376896,2.951068205187163,1.585859364605708,1.4792947476838392,2.4799696288683215,0.9244002261911309,0.9593333333333334,3.863145133977047,0.65,4.458672957661708,10.299172951364534,43.59592617077895,0.9593333333333334,3.863145133977047,0.65
571,590,580,train,20,False,0.7485986721373818,0.8652159684942147,0.8183715124360397,0.6640023956124042,0.7994811180806313,2.951068205187163,1.594008009035988,1.4834706178204178,2.5057546838653897,0.924024922323168,0.958,3.8660717254862593,0.6,4.463419852770132,10.364751198341116,43.59592617077895,0.958,3.8660717254862593,0.6
572,591,581,train,20,False,0.8546442192528365,0.9244696962328384,0.7835023858687846,0.7180824263099591,0.8567823958850441,2.951068205187163,1.6796903545083857,1.5701206677401682,2.4487039810857345,0.9267825645084786,0.958,3.876712373668833,0.6,4.474108773606208,10.376116207671496,43.59592617077895,0.958,3.876712373668833,0.6
573,592,582,train,20,False,0.8461625409940279,0.9198709371395685,0.8721903638611789,0.7133737030343326,0.8516940456744283,2.951068205187163,1.6758086365303995,1.5645643173989217,2.4583085078734723,0.9258842858138958,0.958,3.886293819705509,0.6,4.483756801582469,10.399608023488907,43.59592617077895,0.958,3.886293819705509,0.6
574,593,583,train,20,False,0.808893814421238,0.8993852424969169,0.8420205010368015,0.6909853738692167,0.8269049516970683,2.951068205187163,1.6356623409350857,1.522138552902902,2.469190127556616,0.919411296322113,0.958,3.8939543021671974,0.6,4.49137677033366,10.404321855235622,43.59592617077895,0.958,3.8939543021671974,0.6
575,594,584,train,20,False,0.996147463574798,0.9980718729504394,0.8932467926108021,0.7502407025513265,0.886675652578468,3.2800168450072125,1.7055565375179853,1.5927641947974633,2.4264913313745633,0.8883885786274403,0.9373333333333334,3.8820756794969355,0.6,5.355713099107909,12.47814960550442,61.68441310307154,0.9373333333333334,3.8820756794969355,0.6
576,595,585,train,20,False,1.084516290322625,1.0414011188406824,0.8950069791826192,0.7982821462008557,0.9364033854554382,3.2800168450072125,1.768636700660863,1.6545435834601754,2.3657130424973354,0.899176473420606,0.93,3.920156098419443,0.55,5.440073073867244,13.00526583907541,61.68441310307154,0.93,3.920156098419443,0.55
577,596,586,train,20,False,1.1145769719157053,1.0557352754908331,0.8984275753506185,0.8218923767729585,0.9616647214858496,3.2800168450072125,1.7994182325855363,1.6884065885886863,2.29483684775032,0.9108956987714103,0.93,3.940847813981762,0.55,5.461076939934106,13.033048865728423,61.68441310307154,0.93,3.940847813981762,0.55
578,597,587,train,20,False,1.1184877566506497,1.0575858152654325,0.9031140946445416,0.8201238433859868,0.9640536072947707,3.2800168450072125,1.8171092537351705,1.706351531068171,2.3284234850862333,0.9115606444218551,0.9266666666666666,3.9523727859436124,0.5,5.488863360826484,13.460433313216978,61.68441310307154,0.9266666666666666,3.9523727859436124,0.5
579,598,588,train,20,False,1.1154797494557722,1.0561627476178908,0.9059703349638846,0.8185460995561673,0.9608611870979548,3.2800168450072125,1.8113996200754694,1.6997646100177195,2.324270086208573,0.9097662166793115,0.9266666666666666,3.9543937081243694,0.5,5.490879442671497,13.467618982829169,61.68441310307154,0.9266666666666666,3.9543937081243694,0.5
580,599,589,train,20,False,1.0841398927241257,1.041220386241129,0.9593407275986542,0.7956536150307443,0.9387296103587787,3.2800168450072125,1.788042926292876,1.677312768207368,2.3744929013418448,0.9015666834450405,0.9266666666666666,3.9461372422224072,0.5,5.482594258779053,13.452535501965432,61.68441310307154,0.9266666666666666,3.9461372422224072,0.5
581,600,590,train,20,False,1.0586874771523922,1.0289253992162855,0.9317105617948126,0.7852718948541006,0.9282945332248481,3.2800168450072125,1.7608198292972468,1.6526059619641362,2.3701965015654767,0.9021980932066735,0.9293333333333333,3.9393378684643756,0.5,5.423279204414557,12.739388784684003,61.68441310307154,0.9293333333333333,3.9393378684643756,0.5
582,601,591,train,20,False,1.060415525861802,1.029764791523677,0.9536423439334677,0.7836112676523803,0.9296310600046465,3.2800168450072125,1.773256564026307,1.6619185183455223,2.401475119344251,0.9027605795582999,0.9293333333333333,3.92358226553905,0.5,5.407310399752212,12.718793499525498,61.68441310307154,0.9293333333333333,3.92358226553905,0.5
583,602,592,train,20,False,1.0957123332715322,1.0467627874889,0.9730666776467739,0.7989483933395697,0.9523222991185737,3.2800168450072125,1.827554355048198,1.7148431472289811,2.428486400917115,0.9097785195470298,0.928,3.9629814791442706,0.45,5.449901101575659,12.851696640192873,61.68441310307154,0.928,3.9629814791442706,0.45
584,603,593,train,20,False,1.1041037076170672,1.0507633927850109,0.9732908710610269,0.8041017126193036,0.957899816676259,3.2800168450072125,1.840649087900991,1.7276263254248305,2.428341517895225,0.9116227528039207,0.9266666666666666,4.002219682684982,0.4,5.4911549543268885,12.965665963703362,61.68441310307154,0.9266666666666666,4.002219682684982,0.4
585,604,594,train,20,False,1.1092471658067047,1.0532080353884055,0.9825817591914432,0.8050011034554061,0.961380498333898,3.2800168450072125,1.857327762496174,1.7405701927895731,2.451499619266476,0.9128115871043058,0.9293333333333333,4.017842280574513,0.45,5.494138874898479,12.700819284246064,61.68441310307154,0.9293333333333333,4.017842280574513,0.45
586,605,595,train,20,False,1.2085785165119607,1.0993536812654792,1.0143856046832,0.8559313915720953,1.0142872441390853,3.2800168450072125,1.9199246816468967,1.8051448111346242,2.392612231934087,0.9226214105832867,0.92,4.0218901157299065,0.4,5.55452137093339,13.20735157811705,61.68441310307154,0.92,4.0218901157299065,0.4
587,606,596,train,20,False,1.1649274092307897,1.0793180296978226,0.9969678982087028,0.8351097404987877,0.993374399452953,3.2800168450072125,1.8668403879888245,1.7598646684887231,2.383489062411731,0.9203722833492077,0.9246666666666666,4.019364914416563,0.45,5.482042277829876,12.161528704431852,61.68441310307154,0.9246666666666666,4.019364914416563,0.45
588,607,597,train,20,False,1.0810619418864496,1.039741286035353,0.9594516632040231,0.8146722588398105,0.9597075659623752,3.2800168450072125,1.7992211674943075,1.6910321724207384,2.362449555456857,0.9230253514524223,0.9393333333333334,4.000535213503842,0.5,5.127429687663429,10.183808677311784,61.68441310307154,0.9393333333333334,4.000535213503842,0.5
589,608,598,train,20,False,1.0332685163713928,1.0164981634864831,0.9589360549622047,0.7873121744727908,0.9282359971159246,3.2800168450072125,1.7382124800484813,1.6356702904548281,2.3553649348874273,0.9131703631732807,0.944,3.984195030357551,0.55,5.053806902842354,9.167567321764896,61.68441310307154,0.944,3.984195030357551,0.55
590,609,599,train,20,False,1.0084511434429566,1.004216681519958,0.9604534796465675,0.7741989083169981,0.9089020436436032,3.2800168450072125,1.6857519220297807,1.5885227946305251,2.3191953543765043,0.9050855859792244,0.9453333333333334,3.985789813411325,0.6,5.05264559772332,9.08728400311371,61.68441310307154,0.9453333333333334,3.985789813411325,0.6
591,610,600,train,20,False,1.087389917681688,1.0427798989631933,0.9857630431700932,0.8026252167139873,0.9442823053309519,3.2800168450072125,1.7473949062712997,1.648892146449197,2.306353971572605,0.9055432563188313,0.934,3.988226507993227,0.6,5.2227185657739215,10.514004599358833,61.68441310307154,0.934,3.988226507993227,0.6
592,611,601,train,20,False,0.996715521557854,0.9983564100850227,1.089448616362362,0.7648128960692218,0.9022113423083777,3.2800168450072125,1.6801337233062277,1.5801457882261654,2.3114749942375186,0.9036966490068843,0.934,3.995479288265144,0.6,5.230011930467823,10.525224925575127,61.68441310307154,0.934,3.995479288265144,0.6
593,612,602,train,20,False,1.030752779063241,1.0152599563970013,1.0191690897819456,0.7819093941565216,0.9199416564777637,3.2800168450072125,1.6960760297805817,1.5981272923445824,2.2868731035761996,0.9061143903897212,0.934,3.991816395068735,0.6,5.226321647550792,10.512337005477818,61.68441310307154,0.934,3.991816395068735,0.6
594,613,603,train,20,False,1.0398411794010927,1.0197260315403802,1.0332389945403635,0.7865272230239293,0.9277506928067429,3.2800168450072125,1.7201995300493487,1.6201368999758814,2.3128508757955877,0.9098038729140797,0.934,3.9815059643291426,0.6,5.2159107157349665,10.499237077736774,61.68441310307154,0.934,3.9815059643291426,0.6
595,614,604,train,20,False,0.8767828660960111,0.9363668437615735,0.9333959741477587,0.7409368734573036,0.8791745687235313,2.9492738399245515,1.6744241991479807,1.5702522273937667,2.3447323336156,0.9389210805368873,0.962,3.9877890181297913,0.65,4.291235209669379,7.650131273305014,34.40938823381683,0.962,3.9877890181297913,0.65
596,615,605,train,20,False,0.8644160238452028,0.9297397613554036,0.9745931792970546,0.7341546883103974,0.8745588588274689,2.9492738399245515,1.6902301942969729,1.583873772509398,2.368925588746851,0.9406490882486404,0.9626666666666667,3.9840007156044157,0.65,4.332951579768767,8.26849794417646,34.40938823381683,0.9626666666666667,3.9840007156044157,0.65
597,616,606,train,20,False,0.8598961988645822,0.927305882039245,0.9822095708904875,0.7307459017102076,0.8718030326518582,2.9492738399245515,1.6900406514513975,1.5815542519046795,2.3793416160990573,0.9401461260384436,0.9626666666666667,3.9888965979248483,0.65,4.337914716783307,8.29386860528837,34.40938823381683,0.9626666666666667,3.9888965979248483,0.65
598,617,607,train,20,False,0.8370277019400764,0.9148921805000174,0.9874969143965137,0.7188394835721925,0.8547970566237557,2.9492738399245515,1.641502939750851,1.5365299312961838,2.3512355862611756,0.934314528906108,0.966,3.9581450416985806,0.7,4.290560343418122,7.857627540261452,34.40938823381683,0.966,3.9581450416985806,0.7
599,618,608,train,20,False,0.8579631507299643,0.926263003001828,1.0109229338869978,0.7352990739018829,0.8719398224278084,2.9492738399245515,1.6591564695878667,1.5553914161598414,2.314400486079438,0.9413523152733411,0.966,3.9466603911185723,0.7,4.27889958904141,7.828371014781196,34.40938823381683,0.966,3.9466603911185723,0.7
600,619,609,train,20,False,0.932138090866929,0.9654729881601707,0.936309102398603,0.768161405795247,0.9131857677109542,2.9492738399245515,1.7393333174064352,1.6309367078912083,2.3006381012882025,0.945842896600498,0.9613333333333334,3.950855241470138,0.65,4.343757042434043,8.734974961905051,34.40938823381683,0.9613333333333334,3.950855241470138,0.65
601,620,610,train,20,False,0.9095583334298109,0.9537076771368734,0.8834038524288338,0.7645469113504081,0.9019252134630358,2.9492738399245515,1.7194994556573568,1.609286149034493,2.286041734658658,0.9457040507115411,0.964,3.954298907281445,0.7,4.339967407344755,8.591724289409342,34.40938823381683,0.964,3.954298907281445,0.7
602,621,611,train,20,False,0.8987618534210796,0.9480305129166886,0.8602285719575433,0.755596037060956,0.8923563527647349,2.9492738399245515,1.700465225262057,1.5938694907354685,2.308351763507516,0.9412738731576604,0.964,3.9439119909090636,0.7,4.32949397023805,8.58476702596349,34.40938823381683,0.964,3.9439119909090636,0.7
603,622,612,train,20,False,0.8674013833615504,0.9313438588199046,0.8225899369323776,0.7426358021269795,0.8730322562543144,2.9492738399245515,1.6503050682941935,1.5488207580529492,2.279621678110611,0.9373898243775652,0.9653333333333334,3.9370955634234694,0.75,4.320104396731394,8.468468410765134,34.40938823381683,0.9653333333333334,3.9370955634234694,0.75
604,623,613,train,20,False,0.8884277884207217,0.9425644744104892,0.8343759561054899,0.7560137585803388,0.8844342989888846,2.9492738399245515,1.640853165712399,1.5382323066097467,2.2337134295912544,0.9383276401776534,0.9666666666666667,3.9287888597507488,0.8,4.310273836698223,8.382531464920715,34.40938823381683,0.9666666666666667,3.9287888597507488,0.8
605,624,614,train,20,False,0.9089389107283605,0.9533828772997555,0.8184609429475863,0.7638836821758501,0.8959700721565378,2.9492738399245515,1.6722483731400906,1.5692817160918742,2.2459586304270545,0.9397799074115673,0.9633333333333334,3.93251408314637,0.75,4.34396854385645,8.992335527779463,34.40938823381683,0.9633333333333334,3.93251408314637,0.75
606,625,615,train,20,False,0.808646354307102,0.8992476601621502,0.8003425841182961,0.7132010522566482,0.8418545192516461,2.9492738399245515,1.6031194879320965,1.4977683355821614,2.28277643806747,0.9361764912458541,0.9726666666666667,3.9461112006697703,0.8,4.301580623873931,8.509003711951669,34.40938823381683,0.9726666666666667,3.9461112006697703,0.8
607,626,616,train,20,False,0.8150097970567168,0.9027789303349502,0.839516170003708,0.7148952559104769,0.8455072921981058,2.9492738399245515,1.6343414641443121,1.5237197726676348,2.321600053910489,0.9365607279784482,0.9693333333333334,3.9520976379860624,0.75,4.336655881172408,9.104224968281775,34.40938823381683,0.9693333333333334,3.9520976379860624,0.75
608,627,617,train,20,False,0.8221744513235121,0.906738358802313,0.8793147076512026,0.7200008592010352,0.8492913365969412,2.9492738399245515,1.640607749574119,1.530554593035446,2.3163868036461763,0.9366443234173394,0.9693333333333334,3.966814042469315,0.75,4.351600369803754,9.12864828958275,34.40938823381683,0.9693333333333334,3.966814042469315,0.75
609,628,618,train,20,False,0.853547839801031,0.9238765284392882,0.8970628599156153,0.7381688463181817,0.8724799767750746,2.9492738399245515,1.6796447797948466,1.5685588248734876,2.3202875913551333,0.9443685924665299,0.9693333333333334,3.9687753706298365,0.75,4.353626712252586,9.140621666649453,34.40938823381683,0.9693333333333334,3.9687753706298365,0.75
610,629,619,train,20,False,0.8637397610958633,0.9293760063052323,0.895416687381695,0.744790325235528,0.881874880832877,2.9492738399245515,1.7037277227775107,1.5916961786428627,2.338481451132984,0.9488892276644867,0.9693333333333334,3.9725617578814685,0.75,4.35751481565001,9.140221452335586,34.40938823381683,0.9693333333333334,3.9725617578814685,0.75
611,630,620,train,20,False,0.8102576599122093,0.900143133013972,0.8870318035425507,0.7310916575168257,0.8605938769551216,2.722698127705501,1.6572470565275679,1.5482650222018939,2.324620688604168,0.9560633696927436,0.982,3.961503599999664,0.8,4.176867078556766,7.620979952908132,26.794143031108327,0.982,3.961503599999664,0.8
612,631,621,train,20,False,0.8999619049931449,0.9486632200065231,0.8786962449879685,0.7654438024052583,0.9023403967788329,2.868470427015802,1.743352008668003,1.6309713451457746,2.339371396423293,0.9511704235488632,0.97,3.9527386731402974,0.75,4.384046726734595,9.569480131260926,43.70320986833691,0.97,3.9527386731402974,0.75
613,632,622,train,20,False,0.8988827838139815,0.9480942905713448,0.8769067415035068,0.7622755923608289,0.9018639210574569,2.868470427015802,1.7408833386087845,1.6300109333930373,2.343111601604355,0.9512386373658803,0.97,3.9540429008891036,0.75,4.385273968530345,9.57239291299713,43.70320986833691,0.97,3.9540429008891036,0.75
614,633,623,train,20,False,0.9031459765540536,0.9503399268441023,0.876848036814664,0.7663826565782621,0.9049493446077488,2.868470427015802,1.738468815383549,1.6303457382507918,2.320865435369344,0.9522375300098282,0.97,3.953961975867586,0.75,4.38524043969261,9.579142745741818,43.70320986833691,0.97,3.953961975867586,0.75
615,634,624,train,20,False,0.8738906194898423,0.9348211697912292,0.9167535535327214,0.7527953074513903,0.8910685958165413,2.868470427015802,1.7161740729314245,1.6111895345681049,2.3338909690230722,0.9531968515598988,0.97,3.9499592265634176,0.75,4.381226963586225,9.561763695865164,43.70320986833691,0.97,3.9499592265634176,0.75
616,635,625,train,20,False,0.8167607079608228,0.9037481440981346,0.922698310029562,0.726355229244472,0.8628124237672392,2.868470427015802,1.6610295733189182,1.558832528619018,2.3381155272607255,0.9547045041273685,0.9766666666666667,3.9591295033069147,0.8,4.299210104642552,8.450594599414476,43.70320986833691,0.9766666666666667,3.9591295033069147,0.8
617,636,626,train,20,False,0.8014731006623121,0.8952503005653292,0.989139089641057,0.7150396729138779,0.8515731569231495,2.868470427015802,1.6666556336989902,1.5577833064767455,2.41089418646781,0.9512123664023362,0.9766666666666667,3.9487424328938103,0.8,4.2887381009351575,8.417346290682945,43.70320986833691,0.9766666666666667,3.9487424328938103,0.8
618,637,627,train,20,False,0.7941439017845873,0.8911475196535011,1.0250657446698823,0.7078484141704734,0.8427157472910032,2.868470427015802,1.645400498541869,1.5389190017381391,2.3997089673810237,0.945652351272515,0.9766666666666667,3.9709345355958363,0.8,4.311361797692053,8.434293925092803,43.70320986833691,0.9766666666666667,3.9709345355958363,0.8
619,638,628,train,20,False,0.7735977171776736,0.8795440393622559,1.0506641325194508,0.6905743376681357,0.8260117565158426,2.868470427015802,1.6369917405909014,1.5281852304245445,2.4701461670011304,0.9391363246742838,0.9766666666666667,3.9725853477710533,0.8,4.313057261424226,8.44083840417232,43.70320986833691,0.9766666666666667,3.9725853477710533,0.8
620,639,629,train,20,False,0.7034669818646414,0.8387293853589735,1.0206293302416298,0.6613738121813888,0.788615826867469,2.868470427015802,1.5599860012982905,1.454839534755852,2.467966431485511,0.9402506227082338,0.9813333333333333,3.9658119299113714,0.85,4.245663925600762,7.528889512592204,43.70320986833691,0.9813333333333333,3.9658119299113714,0.85
621,640,630,train,20,False,0.6752697388328786,0.8217479776871243,0.9752109642766057,0.638076036598541,0.767998561889164,2.868470427015802,1.5330928476744485,1.4289837126511595,2.5150033213583347,0.9345913622455847,0.9813333333333333,3.9714399826656233,0.85,4.251309928501184,7.538061359583149,43.70320986833691,0.9813333333333333,3.9714399826656233,0.85
622,641,631,train,20,False,0.7616562180540991,0.872729177955051,0.9592326255508302,0.6850654918861067,0.8143464032250041,2.868470427015802,1.586152563152267,1.4778801784485076,2.4307891003860607,0.9331032166624159,0.9786666666666667,3.9685894735245664,0.8,4.262042411268807,7.860975621144919,43.70320986833691,0.9786666666666667,3.9685894735245664,0.8
623,642,632,train,20,False,0.8012693888056048,0.8951365196469222,0.9458056497326955,0.7037285859734463,0.8376222142316226,2.868470427015802,1.636347691386367,1.5255238570237293,2.442883535626328,0.9357480069766503,0.976,3.9710904129819222,0.75,4.271293364076177,8.059503336664749,43.70320986833691,0.976,3.9710904129819222,0.75
624,643,633,train,20,False,0.7765582849511998,0.8812254450202853,0.9569745946265092,0.6869256179464565,0.8238718594357897,2.868470427015802,1.6321165233026012,1.525411610890576,2.480785802981276,0.9349161035821254,0.976,3.9734869667073878,0.75,4.273682433665359,8.06394384228694,43.70320986833691,0.976,3.9734869667073878,0.75
625,644,634,train,20,False,0.7487928836786322,0.865328194200693,0.9771671452847546,0.6743793193933126,0.8073229971484626,2.868470427015802,1.5807466800058758,1.478862180357306,2.455411630488528,0.932967401916437,0.9793333333333333,3.9885413571231503,0.8,4.2589970881232535,7.477181300495215,43.70320986833691,0.9793333333333333,3.9885413571231503,0.8
626,645,635,train,20,False,1.1147686190632506,1.0558260363635907,1.0208342288430843,0.7803502936799893,0.9246875059183057,4.31721575292431,1.758362802407159,1.653481267011933,2.4267425100496576,0.8757953242970367,0.9493333333333334,3.9977450006337096,0.75,5.256212688136318,10.992497216185388,74.67622114629647,0.9493333333333334,3.9977450006337096,0.75
627,646,636,train,20,False,1.1385154396832575,1.067012389657804,0.9299131662991288,0.7925180837895771,0.9362874996037458,4.31721575292431,1.7640428101676544,1.660220942368221,2.396506660228245,0.8774851245204546,0.9526666666666667,4.088943552427168,0.8,5.319469697501613,10.590430521532886,74.67622114629647,0.9526666666666667,4.088943552427168,0.8
628,647,637,train,20,False,1.108028603541223,1.0526293761534602,0.8716751174585033,0.7764379256371624,0.9170428692462966,4.31721575292431,1.7325446023622804,1.6266387417060462,2.3978013657926374,0.8711925488887394,0.9526666666666667,4.049856430709855,0.8,5.279780259982574,10.568914978171074,74.67622114629647,0.9526666666666667,4.049856430709855,0.8
629,648,638,train,20,False,1.1690180325274508,1.081211372733126,0.8399125918756912,0.8000164217575929,0.9431248318157897,4.31721575292431,1.794299086416388,1.6858818237711215,2.4084433113215735,0.8722853417937363,0.9373333333333334,4.013758801524094,0.75,5.538272672565181,12.627762427388458,74.67622114629647,0.9373333333333334,4.013758801524094,0.75
630,649,639,train,20,False,1.1702027417970187,1.0817590960084498,0.8333194226034588,0.8017949811456179,0.944042439105375,4.31721575292431,1.7887541586211,1.6798097872746585,2.389735726412418,0.8726919353752316,0.9373333333333334,3.9760613625048777,0.75,5.500028051936237,12.58741500588405,74.67622114629647,0.9373333333333334,3.9760613625048777,0.75
631,650,640,train,20,False,1.1290426606913688,1.0625641913274553,0.825231264018932,0.777440297389907,0.9176532888939674,4.31721575292431,1.7392875697350807,1.6292767190625217,2.397818131705021,0.8636215076545619,0.9373333333333334,3.9630615244124825,0.75,5.486794956822096,12.579563758619381,74.67622114629647,0.9373333333333334,3.9630615244124825,0.75
632,651,641,train,20,False,1.0322050814438168,1.015974941346398,0.7911143287667152,0.7349149078397819,0.8699344924282923,4.31721575292431,1.662709658181916,1.5527511849575848,2.4437148481320268,0.8562558553613845,0.9493333333333334,3.9446410189181265,0.8,5.252034678321378,10.588535507628809,74.67622114629647,0.9493333333333334,3.9446410189181265,0.8
633,652,642,train,20,False,1.0081787218327365,1.0040810334991577,0.7821316392956279,0.7253649904912074,0.8580227632115737,4.31721575292431,1.6505410613544775,1.538562185132753,2.4525639733114306,0.8545353757170571,0.9493333333333334,3.9239039606492927,0.8,5.231044231696424,10.560533951509019,74.67622114629647,0.9493333333333334,3.9239039606492927,0.8
634,653,643,train,20,False,1.000614528088577,1.000307216853191,0.783007462882414,0.7183884266007083,0.8523339102885872,4.31721575292431,1.6493860501755768,1.5356230924777818,2.483862023818175,0.852072139367239,0.9493333333333334,3.9237876601348334,0.8,5.230832429386575,10.554079422238777,74.67622114629647,0.9493333333333334,3.9237876601348334,0.8
635,654,644,train,20,False,0.987704330366204,0.9938331501646561,0.7697314084097953,0.7127411285173806,0.8446306567719339,4.31721575292431,1.64251480380794,1.5258767493708627,2.496462864414792,0.8498716878502165,0.9493333333333334,3.9200428369013656,0.8,5.227010265445329,10.554695001247591,74.67622114629647,0.9493333333333334,3.9200428369013656,0.8
636,655,645,train,20,False,0.9828862849893685,0.9914062159323839,0.7842630929554519,0.7117823306711754,0.8411576205651474,4.31721575292431,1.6266122480941914,1.5102649621806825,2.4728424812555385,0.8484490081334292,0.9493333333333334,3.9147747500604164,0.8,5.221698592727701,10.545101668879088,74.67622114629647,0.9493333333333334,3.9147747500604164,0.8
637,656,646,train,20,False,1.0182319055398292,1.0090747769812847,0.7882090247831087,0.734656959301167,0.8634971431708243,4.31721575292431,1.6408420191788025,1.5306369627784233,2.392870783517232,0.8557315700170747,0.946,3.923320860764351,0.75,5.239999428759655,10.842772609077825,74.67622114629647,0.946,3.923320860764351,0.75
638,657,647,train,20,False,1.0313593670096344,1.015558647744991,0.783362263843892,0.7471149406553506,0.8775821439086726,4.31721575292431,1.6641492663154125,1.5544000441567725,2.3824185143875645,0.8641373355022973,0.946,3.9215915935286376,0.75,5.238155451219877,10.835051331302532,74.67622114629647,0.946,3.9215915935286376,0.75
639,658,648,train,20,False,1.1407971048964503,1.0680810385436352,0.8145093551477687,0.797951770849145,0.9324726388600857,4.31721575292431,1.7394941685381435,1.630558783047034,2.3151639235629213,0.8730354769068308,0.9286666666666666,3.89956731660486,0.7,5.520075863025253,12.459865345515041,74.67622114629647,0.9286666666666666,3.89956731660486,0.7
640,659,649,train,20,False,1.1756432253638607,1.084270826576027,0.8038146384316178,0.8197741883803549,0.9546528764159417,4.31721575292431,1.7713810529014822,1.6602986251069782,2.288501860789901,0.8804561120864974,0.9286666666666666,3.8750488340996525,0.7,5.495075931887222,12.441702155300623,74.67622114629647,0.9286666666666666,3.8750488340996525,0.7
641,660,650,train,20,False,1.1932382250102707,1.0923544411088695,0.826410125968968,0.8338717149981664,0.9688508051733644,4.31721575292431,1.7922378118121962,1.6812724655495461,2.2590161690628756,0.8869381298892929,0.9286666666666666,3.863693269835911,0.7,5.483490174497753,12.422240288777221,74.67622114629647,0.9286666666666666,3.863693269835911,0.7
642,661,651,train,20,False,1.1251262533943467,1.060719686530964,0.812728007255479,0.8030445960066324,0.9373208492606832,4.31721575292431,1.7491838973835914,1.6412336037242916,2.2751302259730553,0.8836649881800052,0.9313333333333333,3.8605166458796547,0.75,5.466562077296958,12.07712974543104,74.67622114629647,0.9313333333333333,3.8605166458796547,0.75
643,662,652,train,20,False,1.0807924497336692,1.0396116821841073,0.8774448282748021,0.7796722878610061,0.9099565545417592,4.31721575292431,1.703602615456952,1.5962105579196915,2.2954958637431067,0.8752850416513623,0.934,3.8508014873001835,0.8,5.449816316994337,11.870595945992589,74.67622114629647,0.934,3.8508014873001835,0.8
644,663,653,train,20,False,1.0858203751244266,1.0420270510521437,0.8782216190684484,0.7839032336850812,0.9131276669006407,4.31721575292431,1.7103791760703735,1.6003630909372055,2.2906850716299734,0.8762993877929062,0.934,3.8444802346905282,0.8,5.443345455021495,11.850369132278912,74.67622114629647,0.934,3.8444802346905282,0.8
645,664,654,train,20,False,1.066430158993718,1.0326810538562805,0.8735936757620484,0.7671367585564034,0.892270324167477,4.31721575292431,1.6724806871511178,1.5633500032783512,2.310581102946494,0.8640328210104408,0.934,3.836271900865187,0.8,5.435061921748758,11.842719457945181,74.67622114629647,0.934,3.836271900865187,0.8
646,665,655,train,20,False,0.7073657903279927,0.841050408910187,1.0438056401486822,0.6670920752251736,0.7824094768232268,2.801219523099531,1.5157959206050704,1.4081359152693687,2.355126493575148,0.9302765548108517,0.964,3.8379528146901527,0.85,4.448743357583646,8.347531698665417,45.555931450513064,0.964,3.8379528146901527,0.85
647,666,656,train,20,False,0.7819620316283176,0.8842861706644052,1.0938481496177679,0.6973199801417179,0.8089555875826953,2.801219523099531,1.5254999468733614,1.4222665392328573,2.3179706273303093,0.914811985553149,0.9473333333333334,3.7501428873983897,0.8,4.490101827603683,8.89012403441265,45.555931450513064,0.9473333333333334,3.7501428873983897,0.8
648,667,657,train,20,False,0.7781958772562966,0.8821541119647386,1.0763721706966973,0.6935601846254161,0.8056309088519307,2.801219523099531,1.5255268637180772,1.4235707392141248,2.3344544506349663,0.9132541558499624,0.9473333333333334,3.7832654248675124,0.8,4.523749073152464,8.90320709626867,45.555931450513064,0.9473333333333334,3.7832654248675124,0.8
649,668,658,train,20,False,0.6995888315022184,0.8364142702645732,1.0547307107036443,0.6611086259151439,0.7685100532543673,2.614403636903867,1.4559524153275398,1.3544662881917566,2.3418578748640853,0.9188150902916488,0.9626666666666667,3.829433579462528,0.85,4.275495476686478,6.851524855227419,36.77704021617599,0.9626666666666667,3.829433579462528,0.85
650,669,659,train,20,False,0.7002581027374688,0.8368142582063649,1.0096865643826916,0.6608154546867457,0.7690172378626411,2.614403636903867,1.4634353086293808,1.3606975552935698,2.3569787242880893,0.918981996687006,0.9626666666666667,3.865731718226342,0.85,4.312301033247289,6.885444211270846,36.77704021617599,0.9626666666666667,3.865731718226342,0.85
651,670,660,train,20,False,0.7098996220211299,0.842555411840153,0.9370601703072532,0.6666740190011384,0.777095480957506,2.614403636903867,1.4753663086263333,1.3758777763466021,2.353801716381798,0.9223078625301551,0.9626666666666667,3.888469432706241,0.85,4.335436813845191,6.912810159235836,36.77704021617599,0.9626666666666667,3.888469432706241,0.85
652,671,661,train,20,False,0.8068822070448636,0.8982662228119588,0.923912669853036,0.7116168733256139,0.8248628606856722,2.7618404903033418,1.5466127233438747,1.4524519180280333,2.299736242514142,0.9182832881141821,0.9533333333333334,3.901014325083825,0.8,4.5624369595570915,8.766021308241235,40.94686782863345,0.9533333333333334,3.901014325083825,0.8
653,672,662,train,20,False,0.8271121992570786,0.9094570903880395,0.8921504104223714,0.7142112359483506,0.8350653487075193,2.7618404903033418,1.5799992460262784,1.4815892108225552,2.333663875307451,0.9182020323259239,0.946,3.9147491630106326,0.75,4.644768631216687,9.816071113015738,40.94686782863345,0.946,3.9147491630106326,0.75
654,673,663,train,20,False,0.8417970322896545,0.9174949767108562,0.8615836535776517,0.7265768931236933,0.8453896202445403,2.7618404903033418,1.5865413982108933,1.4903154236562883,2.292675992758979,0.9214106253477183,0.946,3.917055109221544,0.75,4.647215599534439,9.822652568326662,40.94686782863345,0.946,3.917055109221544,0.75
655,674,664,train,20,False,0.900774324746013,0.9490913152832098,0.8188329314835154,0.7514497035071857,0.8736483116109776,2.7618404903033418,1.607742654274844,1.5156952828621697,2.2481345555299983,0.9205102791929773,0.938,3.9176415204860047,0.7,4.703367982709965,10.383029400494177,40.94686782863345,0.938,3.9176415204860047,0.7
656,675,665,train,20,False,0.893090726009605,0.9450347750266151,0.8268338486811836,0.745698051290679,0.8671834302997455,2.7618404903033418,1.6025068057853804,1.5097058505541214,2.2590317196321426,0.9176206561026528,0.938,3.930001246990625,0.7,4.7159103138538745,10.398878749331224,40.94686782863345,0.938,3.930001246990625,0.7
657,676,666,train,20,False,0.8711352640008295,0.9333462722917093,0.788461304378199,0.7336443936172788,0.8548673799544997,2.7618404903033418,1.5907526831859424,1.4978083469535508,2.280488884559377,0.91591663815776,0.9413333333333334,3.9249532491777464,0.75,4.701093277470023,10.104226760688492,40.94686782863345,0.9413333333333334,3.9249532491777464,0.75
658,677,667,train,20,False,0.9749083526772349,0.987374474390155,0.8283159454061464,0.7726820978917119,0.9026867685660658,2.9388544241316263,1.6829554624599694,1.5840627677822385,2.288358914504017,0.9142293952085443,0.9266666666666666,3.9263606014098937,0.7,5.035825719870732,11.990635799293969,41.84052810249532,0.9266666666666666,3.9263606014098937,0.7
659,678,668,train,20,False,0.8910031002484142,0.9439296055577525,0.8500626621155266,0.738185806655249,0.8675679091706925,2.9388544241316263,1.6385627521523403,1.5360721489412614,2.3216944611570733,0.9191023399017778,0.944,3.965869680447921,0.75,4.771648030020597,10.397553129510776,41.84052810249532,0.944,3.965869680447921,0.75
660,679,669,train,20,False,0.8711835519479696,0.9333721401177397,0.8417323982188393,0.7264599687018966,0.8565180783648095,2.9388544241316263,1.618261743972321,1.51766749936314,2.326894721491135,0.9176597860064309,0.944,3.993259914855046,0.75,4.799347992111217,10.42107586414041,41.84052810249532,0.944,3.993259914855046,0.75
661,680,670,train,20,False,0.9899798928589718,0.9949773328367696,0.8680798958736637,0.7666089151178419,0.9044022942769864,3.3344079224077285,1.7139513867282972,1.6099419470035603,2.331303018745312,0.9089677366804472,0.9373333333333334,4.004728126669797,0.7,4.969740853809026,12.113172034499323,41.84052810249532,0.9373333333333334,4.004728126669797,0.7
662,681,671,train,20,False,1.108361754430371,1.0527876112637207,0.8573525605059396,0.8118278485045514,0.9520768793847765,3.3344079224077285,1.7855797533510334,1.6797347684268416,2.3173886205868883,0.9043389846143275,0.9266666666666666,4.026260374162377,0.65,5.117772899699106,13.462977839941846,41.84052810249532,0.9266666666666666,4.026260374162377,0.65
663,682,672,train,20,False,1.1869068882697875,1.089452563570249,0.7936352172603666,0.8521303913902777,0.9934219085548252,3.3344079224077285,1.8403638436920962,1.7321301013002972,2.2727503528178006,0.9118542117146236,0.9193333333333333,4.072873975212422,0.6,5.200472607212589,13.863755421948659,41.84052810249532,0.9193333333333333,4.072873975212422,0.6
664,683,673,train,20,False,1.1734410982801726,1.0832548630309364,0.7299741534117806,0.8438829865507154,0.9842311677532167,3.3344079224077285,1.8246633504749212,1.7160657130208885,2.2788785314290196,0.9085868906227179,0.9193333333333333,4.0411990637036785,0.6,5.168311141801411,13.85472662733028,41.84052810249532,0.9193333333333333,4.0411990637036785,0.6
665,684,674,train,20,False,1.187066350947176,1.0895257458854177,0.6886178317324847,0.8596708907299536,1.00049465309086,3.3344079224077285,1.845791922914423,1.7389559909319936,2.2313206841354147,0.9182845443251042,0.9193333333333333,3.9925888827412885,0.6,5.119024704253439,13.817514192634054,41.84052810249532,0.9193333333333333,3.9925888827412885,0.6
666,685,675,train,20,False,1.1856363499209404,1.0888692988237572,0.667778711258011,0.8574897645893615,0.9991245759411024,3.3344079224077285,1.8451299887475856,1.7394077083555768,2.244079961462112,0.9175798941345845,0.9193333333333333,3.942392095246592,0.6,5.068064561333123,13.770099349382892,41.84052810249532,0.9193333333333333,3.942392095246592,0.6
667,686,676,train,20,False,1.0577509146691761,1.0284701817112523,0.6260461452226291,0.7995359236480997,0.9397265254231989,3.3344079224077285,1.7819045710334644,1.6736765893884757,2.3026068704185083,0.9137129516575828,0.936,3.894147637465862,0.65,4.88887015260528,13.012156128506387,41.84052810249532,0.936,3.894147637465862,0.65
668,687,677,train,20,False,1.0619109134884002,1.0304906178555922,0.6176157440951118,0.7994510235671264,0.9433778255260605,3.3344079224077285,1.788262538352842,1.68086803485092,2.3167855453987896,0.9154647399790891,0.936,3.853371844818158,0.65,4.847549263941916,12.983630355502035,41.84052810249532,0.936,3.853371844818158,0.65
669,688,678,train,20,False,1.0642089673600978,1.0316050442684437,0.6078944477269088,0.8017973994068583,0.9450101659365245,3.3344079224077285,1.7803057300822747,1.6754552692618727,2.29506810582086,0.9160581088537354,0.936,3.8147235645755053,0.65,4.808262577534131,12.953320866470268,41.84052810249532,0.936,3.8147235645755053,0.65
670,689,679,train,20,False,1.0513361278794506,1.0253468329689475,0.6038619365853926,0.7928032276869266,0.9332487372704023,3.3344079224077285,1.7598367083599284,1.6539232633757155,2.301508167163607,0.9101785925140372,0.936,3.77457223355485,0.65,4.767486292478937,12.9237172614198,41.84052810249532,0.936,3.77457223355485,0.65
671,690,680,train,20,False,1.0772705587911413,1.0379164507758518,0.6267073013447689,0.8070757491783725,0.9488123212008441,3.3344079224077285,1.7872935125245946,1.6811701511886052,2.295555695603786,0.9141509612759278,0.934,3.741341381773878,0.6,4.739349482113735,13.012136689141403,41.84052810249532,0.934,3.741341381773878,0.6
672,691,681,train,20,False,1.0194587411792206,1.0096824952326453,0.6291363868088814,0.7863266191276927,0.9259468755381286,3.3344079224077285,1.7433687821057575,1.635388306754611,2.294985545537899,0.917067375051181,0.9413333333333334,3.720593036643615,0.6,4.510503605746306,11.370689539024129,41.84052810249532,0.9413333333333334,3.720593036643615,0.6
673,692,682,train,20,False,0.9799761493853172,0.9899374472083159,0.6289000973711673,0.7744260017805632,0.9031326734415505,3.3344079224077285,1.6751707957228714,1.5745161476856835,2.2357564045571685,0.9123128698570195,0.9486666666666667,3.6863778598312615,0.65,4.407432544691281,10.311191988607993,41.84052810249532,0.9486666666666667,3.6863778598312615,0.65
674,693,683,train,20,False,1.0119314277278204,1.0059480243669752,0.6678786576050274,0.7865100587145569,0.9194726859593029,3.3344079224077285,1.7149415538203545,1.6113828019200427,2.250603850378355,0.9140359776917006,0.944,3.670576724052748,0.6,4.438879411469804,11.093786738054263,41.84052810249532,0.944,3.670576724052748,0.6
675,694,684,train,20,False,0.9628579999974818,0.9812532802480111,0.7374577644638465,0.7669444208734917,0.8972438445151723,3.3344079224077285,1.6929518470377924,1.586295852197813,2.273255811621133,0.9143855746279844,0.952,3.667857938715358,0.65,4.3805743226506655,10.53838535725887,41.84052810249532,0.952,3.667857938715358,0.65
676,695,685,train,20,False,0.9615131827853649,0.98056778592067,0.7454451409811862,0.7653784247910318,0.8959422196156789,3.3344079224077285,1.6845415891442204,1.5805448555711326,2.2611613800053223,0.9136973827612184,0.952,3.6517566659103444,0.65,4.364314390309374,10.512502151966006,41.84052810249532,0.952,3.6517566659103444,0.65
677,696,686,train,20,False,0.9398721828561056,0.9694700525834233,0.8237445643013688,0.7487118758739368,0.8773622817042641,3.3344079224077285,1.6437193791475568,1.5411656169564405,2.266806933374448,0.9049916285359074,0.952,3.6498389764405,0.65,4.362291432265502,10.50678931182333,41.84052810249532,0.952,3.6498389764405,0.65
678,697,687,train,20,False,0.88304012337926,0.9397021460969747,0.7982899036083263,0.7304178086838393,0.856364156274056,3.3344079224077285,1.6022174150990296,1.5031705111624905,2.2665755091115356,0.9113144625996007,0.962,3.6569488154371936,0.65,4.076435062366108,9.153815447455717,37.99350313972906,0.962,3.6569488154371936,0.65
679,698,688,train,20,False,0.9873101420272479,0.9936348132122022,0.734206912544541,0.7753194080514946,0.8978111726320461,3.3344079224077285,1.635927277983253,1.5411517525989993,2.2135604065152967,0.903562516826097,0.9613333333333334,3.6466618955906664,0.6,4.066241732682707,9.13875997440966,37.99350313972906,0.9613333333333334,3.6466618955906664,0.6
680,699,689,train,20,False,1.0083489232163172,1.004165784726963,0.7673455069419325,0.7853346007226916,0.9094625946008451,3.3344079224077285,1.6582311336327415,1.5621916628805896,2.2146865769056836,0.9056896863381299,0.9613333333333334,3.6541115441524794,0.6,4.073869248137865,9.152985420325884,37.99350313972906,0.9613333333333334,3.6541115441524794,0.6
681,700,690,train,20,False,0.8897857717198383,0.9432845656109499,0.8672906153753989,0.7441348740739423,0.8617311615950687,2.8116792704050195,1.5759117422042783,1.4849126407172348,2.2357195856104624,0.913543158672314,0.968,3.6428225758793706,0.65,3.9036205265042305,7.45984570819858,31.053726487599707,0.968,3.6428225758793706,0.65
682,701,691,train,20,False,0.7572324599724836,0.8701910479730779,0.7762011771093177,0.687491415765167,0.803270938635223,2.4007466884357638,1.4920880269659835,1.4030401418453202,2.2756885403161666,0.9230972215886031,0.9786666666666667,3.5897094824764895,0.7,3.7235867125144724,6.098111251060038,20.004251270449114,0.9786666666666667,3.5897094824764895,0.7
683,702,692,train,20,False,0.7365171783949209,0.8582057902361886,0.7984647839690506,0.6777737811364212,0.7951952283435266,2.4007466884357638,1.4736502434340992,1.38942258101312,2.2752881690809046,0.9265787266765927,0.978,3.5193367169433105,0.7,3.651736253374409,6.016188954708694,20.004251270449114,0.978,3.5193367169433105,0.7
684,703,693,train,20,True,0.7324266112338502,0.8558192631822739,0.8262898821896367,0.6746018822241547,0.7918255647008768,2.4007466884357638,1.4796327665233426,1.3937009727893017,2.3042934947434546,0.925225218414174,0.978,3.520749436644651,0.7,3.65324178429942,6.012999372621965,20.004251270449114,0.978,3.520749436644651,0.7
685,704,694,train,20,True,0.7367302086630653,0.8583298950071967,0.8589417486022882,0.6750858436766909,0.7953162905445357,2.4007466884357638,1.505076277326473,1.4133121142386258,2.350743032184421,0.9265857978043132,0.9766666666666667,3.5326688929515075,0.65,3.6683474421775193,6.121358719436314,20.004251270449114,0.9766666666666667,3.5326688929515075,0.65
686,705,695,train,20,True,0.7486260570706378,0.865231793839453,0.8738267468613675,0.6820819563029124,0.8051269079429376,2.4007466884357638,1.5280036317135173,1.4300006442214426,2.355473543331173,0.9305331977806769,0.9746666666666667,3.549227465699202,0.6,3.6938035349681018,6.353199865352484,20.004251270449114,0.9746666666666667,3.549227465699202,0.6
687,706,696,train,20,True,0.7471992471294426,0.8644068759151807,0.8807637111586761,0.6795383148302461,0.8036001367538365,2.4007466884357638,1.529614019630471,1.430339948017417,2.379338321837509,0.9296549566464684,0.9746666666666667,3.5809168902782065,0.6,3.725977068985588,6.369012878779678,20.004251270449114,0.9746666666666667,3.5809168902782065,0.6
688,707,697,train,20,True,0.7423732030748863,0.8616108188009748,0.8823756345821567,0.6755723235851129,0.7993167060277151,2.4007466884357638,1.5249818202419472,1.426797620541325,2.394587091239835,0.9277004055497484,0.9746666666666667,3.6125697492041273,0.6,3.7580096345865024,6.381660844309989,20.004251270449114,0.9746666666666667,3.6125697492041273,0.6
689,708,698,train,20,True,0.7537185481686357,0.8681696540242787,0.8954974796409226,0.6812030758612159,0.8064803172441962,2.4007466884357638,1.542461601100517,1.4439392724022588,2.4030529565497756,0.9289432238340396,0.9746666666666667,3.646103623831304,0.6,3.7920761283553914,6.402920640349228,20.004251270449114,0.9746666666666667,3.646103623831304,0.6
690,709,699,train,20,True,0.7707221942914859,0.8779078506833652,0.8994751287119036,0.6944811303427092,0.8212152706624618,2.4007466884357638,1.5578069550935512,1.4626425303217474,2.3710082626988567,0.935423085718195,0.9746666666666667,3.6788994243366924,0.6,3.825334493067551,6.42204360102763,20.004251270449114,0.9746666666666667,3.6788994243366924,0.6
691,710,700,train,20,True,0.7545359873197293,0.8686403095181165,0.9084836704520022,0.6881196104797663,0.8122105836963295,2.4007466884357638,1.5340487753569294,1.4397128791253837,2.3569832289835135,0.9350367174957701,0.9766666666666667,3.711146305698952,0.65,3.8523856263695144,6.339318446116581,20.004251270449114,0.9766666666666667,3.711146305698952,0.65
692,711,701,train,20,True,0.7593788106633237,0.8714234393584578,0.9082971727715033,0.6878508939518377,0.81449839209531,2.4007466884357638,1.556617063529607,1.459995633822707,2.382686341852604,0.9346757905604925,0.9733333333333334,3.7213191535235497,0.65,3.926935622687296,7.097155205361284,23.274660011182092,0.9733333333333334,3.7213191535235497,0.65
693,712,702,train,20,True,0.8206804922738808,0.9059141748940023,0.9329364735026855,0.7115621314264746,0.8465152643342604,2.4007466884357638,1.6268174769907702,1.5268089355082843,2.4120151155714074,0.934432077335922,0.962,3.7349376237944236,0.6,4.081337156364058,8.112153939869556,24.10986588666132,0.962,3.7349376237944236,0.6
694,713,703,test,20,True,0.7950895049617394,0.8916779154839147,0.9335741137786483,0.7038760014777544,0.833911122363643,2.4007466884357638,1.5847481204096825,1.4903377548157242,2.382913252351623,0.935215628740876,0.9666666666666667,3.743528388709582,0.65,4.042505179244079,7.31605721319193,24.10986588666132,0.9666666666666667,3.743528388709582,0.65
695,714,704,test,20,True,0.7852168654845626,0.8861246331552705,0.9515063518819431,0.6976950642608155,0.8279017845180034,2.4007466884357638,1.578021466046096,1.485409173094653,2.396517619762623,0.9342949665782906,0.9666666666666667,3.7392104544653315,0.65,4.0381376760098355,7.297563896279162,24.10986588666132,0.9666666666666667,3.7392104544653315,0.65
696,715,705,test,20,True,0.7953687931916548,0.8918345099802175,0.9637278498673043,0.7027258546249995,0.8365100950238864,2.4007466884357638,1.6169451100850456,1.517621211238228,2.452574855327546,0.937965604226777,0.9653333333333334,3.7369785660190864,0.6,4.037603845728939,7.374937398203815,24.10986588666132,0.9653333333333334,3.7369785660190864,0.6
697,716,706,test,20,True,0.8348754335797579,0.9137151818700168,0.980080667563189,0.7257667427975812,0.8653486668830419,2.4007466884357638,1.6739463263678627,1.5727516009006455,2.446786442407258,0.9470660924250076,0.9606666666666667,3.7199473740999203,0.55,4.0584868848880316,8.016092406613458,24.10986588666132,0.9606666666666667,3.7199473740999203,0.55
698,717,707,test,20,True,0.7929003988273885,0.8904495487265904,0.9968499645535517,0.7084601372527045,0.8423750153867535,2.4007466884357638,1.6340372578824038,1.5315170621260668,2.4452067844880245,0.946010940868478,0.9653333333333334,3.6919615139139386,0.6,3.9898464897715664,7.475667914321596,24.10986588666132,0.9653333333333334,3.6919615139139386,0.6
699,718,708,test,20,True,0.6802280073094849,0.824759363274819,1.1955845469143584,0.6571916097110323,0.7956116395800821,2.365554814688938,1.598228816339267,1.4903199070968272,2.5250620983769254,0.9646591175649077,0.9633333333333334,3.664039062470586,0.6,3.9815602717323344,7.914332085737966,24.10986588666132,0.9633333333333334,3.664039062470586,0.6
700,719,709,test,20,True,0.6391313642135716,0.7994569182973975,1.127665453254597,0.6323508949184266,0.7679437213779386,2.365554814688938,1.565578451378475,1.4570023102799328,2.5816956459265574,0.9605817446841632,0.9633333333333334,3.631774392696944,0.6,3.948939822697138,7.874858098111142,24.10986588666132,0.9633333333333334,3.631774392696944,0.6
701,720,710,test,20,True,0.6353769126034111,0.7971053334430847,1.1217815964679219,0.6296986035819889,0.7654044411357412,2.365554814688938,1.549262116193718,1.4424684514954547,2.565633723222243,0.9602299834447076,0.9633333333333334,3.63037550689776,0.6,3.9475272602489353,7.867452655306005,24.10986588666132,0.9633333333333334,3.63037550689776,0.6
702,721,711,test,20,True,0.636049539746835,0.797527140445286,1.0703351707986712,0.6300751173780145,0.7660102359430805,2.365554814688938,1.5508841810978096,1.4447464963684966,2.567085092684695,0.9604817154127085,0.9633333333333334,3.673062207172447,0.6,3.9908573011551027,7.89772996494968,24.10986588666132,0.9633333333333334,3.673062207172447,0.6
703,722,712,test,20,False,0.7210022359639853,0.8491185052535277,1.0012627331025399,0.654073818883236,0.7945679330310083,2.890960780029274,1.5977817730162196,1.4879048105226054,2.568776784982862,0.9357562320394467,0.95,3.707698926492573,0.6,4.4176693368059,9.922337500390208,50.879523915666866,0.95,3.707698926492573,0.6
704,723,713,test,20,False,0.8305919369527596,0.9113681676209454,0.8991499626171217,0.6980069466114592,0.8452836870582459,3.254200559395569,1.6897117847218497,1.5791478357286413,2.539122957173473,0.9274887110275007,0.94,3.7416195326286315,0.55,4.715185239011599,12.32442323914995,51.865504265906665,0.94,3.7416195326286315,0.55
705,724,714,test,20,False,0.8868016139783688,0.9417014463078883,0.8706284435906312,0.7210975190668912,0.8749347911761081,3.254200559395569,1.7381447142250508,1.62653337125395,2.5209555475090673,0.9290999760130442,0.936,3.7828722811722533,0.55,4.801121448552898,12.922255131097842,51.865504265906665,0.936,3.7828722811722533,0.55
706,725,715,test,20,False,0.9062726871709593,0.951983554044375,0.8654675228908686,0.7328508757754593,0.8867682212876045,3.254200559395569,1.744529646388132,1.6382688422827214,2.4837156618418925,0.9314953157754544,0.938,3.8006391853914785,0.6,4.81062453815906,12.718567486444394,51.865504265906665,0.938,3.8006391853914785,0.6
707,726,716,test,20,False,0.9624230226850281,0.9810316114606237,0.8082637122298081,0.7610938825703962,0.92177282461557,3.254200559395569,1.8214181008772456,1.7124391952014917,2.470679570534697,0.9395954359138078,0.9333333333333333,3.808749957121513,0.55,4.891443542087738,13.83702750166633,51.865504265906665,0.9333333333333333,3.808749957121513,0.55
708,727,717,test,20,False,1.0113889768703554,1.005678366512055,0.8313067680103639,0.7888554890655433,0.9516547597482627,3.254200559395569,1.8806801947976726,1.7630345692671647,2.4466675356034813,0.9462814269823068,0.93,3.8213813518937023,0.5,4.944289505260096,14.657647662364806,51.865504265906665,0.93,3.8213813518937023,0.5
709,728,718,test,20,False,1.00310574095669,1.0015516666436584,0.8327759469929988,0.7875039602503927,0.9465576225223324,3.254200559395569,1.8581733276226813,1.7418483739224708,2.4192304217060463,0.9450911561001952,0.93,3.826636333165407,0.5,4.949593563566885,14.677061564471469,51.865504265906665,0.93,3.826636333165407,0.5
710,729,719,test,20,False,0.9895070271825619,0.9947396780980248,0.8320736572829257,0.7784678669891236,0.9354748130748953,3.254200559395569,1.8360725045999273,1.7206417137996,2.41054998078107,0.9404217341199803,0.93,3.816981827205179,0.5,4.939817914497033,14.661748452621278,51.865504265906665,0.93,3.816981827205179,0.5
711,730,720,test,20,False,0.9779711503596655,0.9889242389382846,0.8341256092892713,0.7693451648779622,0.9275699566768185,3.254200559395569,1.8317347317824022,1.719101509168124,2.4344977561117274,0.9379585615907884,0.93,3.810846761802437,0.5,4.933656540046359,14.641273468575218,51.865504265906665,0.93,3.810846761802437,0.5
712,731,721,test,20,False,0.9288198469940246,0.963753001029841,0.8599646704615665,0.7419207262188645,0.8950776504796695,3.254200559395569,1.756546395884588,1.6486819381269178,2.4230280531966337,0.9287417518007344,0.9353333333333333,3.8024658245390093,0.55,4.854502731858135,13.67511079092246,51.865504265906665,0.9353333333333333,3.8024658245390093,0.55
713,732,722,test,20,False,0.8550596930020357,0.9246943781607173,0.8234528806155236,0.7056132804689981,0.8510021450355076,3.254200559395569,1.6837418165810785,1.5760279280700167,2.449208625730521,0.9203063900185176,0.9466666666666667,3.814346538559745,0.6,4.725919933223693,12.679622567658553,51.865504265906665,0.9466666666666667,3.814346538559745,0.6
714,733,723,test,20,False,0.8276402835534757,0.9097473734798446,0.8016546171921108,0.684769560166904,0.8311511369044698,3.254200559395569,1.6746505838763153,1.5608494295554372,2.5224391756178552,0.9136065254305282,0.9466666666666667,3.8208192695346117,0.6,4.732507457697475,12.691895323564408,51.865504265906665,0.9466666666666667,3.8208192695346117,0.6
715,734,724,test,20,False,0.8246165356955556,0.9080839915423878,0.7988402878595328,0.6857427894701046,0.8291106654853528,3.254200559395569,1.6641229329658107,1.5452171029301973,2.5014017882964863,0.9130330158965823,0.9466666666666667,3.8278415299268684,0.6,4.739641438636054,12.70451485399539,51.865504265906665,0.9466666666666667,3.8278415299268684,0.6
716,735,725,test,20,False,0.8394306018025555,0.9162044541490483,0.8012664200765391,0.6970007265310265,0.8387087215527866,3.254200559395569,1.6636429294929775,1.5481515799004824,2.4579872323865275,0.9154165511362439,0.948,3.8342405426923154,0.65,4.744355079592763,12.635912988329087,51.865504265906665,0.948,3.8342405426923154,0.65
717,736,726,test,20,False,0.8543160721100465,0.9242922006108493,0.7995145883390707,0.70907443938755,0.8458337016648437,3.254200559395569,1.6577425490970827,1.5436047014407757,2.421833003869255,0.9151150481480276,0.9526666666666667,3.8595110001643946,0.7,4.731936870264842,12.01469033828116,51.865504265906665,0.9526666666666667,3.8595110001643946,0.7
718,737,727,test,20,False,0.8787911361896651,0.9374386039574353,0.7969139051140578,0.7227294889881548,0.860558867182999,3.254200559395569,1.6793609312048432,1.5657549109736693,2.4117521568576787,0.9179895766507957,0.9526666666666667,3.894196989278402,0.7,4.767095594612124,12.054970428695745,51.865504265906665,0.9526666666666667,3.894196989278402,0.7
719,738,728,test,20,False,0.8855011818344478,0.9410107235491251,0.8072596975078327,0.7302867449766631,0.8648597239161754,3.254200559395569,1.6705441918367068,1.5614930354740686,2.364579258144059,0.9190753115482703,0.9553333333333334,3.9151254328961222,0.75,4.768014074955297,11.602801999244745,51.865504265906665,0.9553333333333334,3.9151254328961222,0.75
720,739,729,test,20,False,0.8803005231790392,0.9382433176841918,0.8118162673073688,0.7259904545835953,0.8583780334987174,3.254200559395569,1.643177482578078,1.5393602692949178,2.317517095680466,0.9148778545179508,0.9553333333333334,3.9344212205281983,0.75,4.787543097716955,11.63092664425038,51.865504265906665,0.9553333333333334,3.9344212205281983,0.75
721,740,730,test,20,False,0.9016262867458995,0.9495400395696326,0.7871165880541543,0.7382718855934898,0.8710611698835699,3.254200559395569,1.6583128784309955,1.5534113388958926,2.299621364010529,0.9173506472442886,0.9553333333333334,3.940032203330103,0.75,4.7934326657460815,11.644515003954602,51.865504265906665,0.9553333333333334,3.940032203330103,0.75
722,741,731,test,20,False,0.932539995981011,0.965681104703313,0.7919628678832279,0.7544114327323721,0.8913024221813085,3.254200559395569,1.703651396958774,1.5962794948596524,2.303640569372622,0.9229780077918621,0.9553333333333334,3.9434460671087046,0.75,4.796939423917277,11.66025436540561,51.865504265906665,0.9553333333333334,3.9434460671087046,0.75
723,742,732,test,20,False,0.7985453851556322,0.8936136666119382,0.7739844861430543,0.7072374071890397,0.8366949742106812,3.254200559395569,1.615062181926357,1.5115443892113372,2.3037723635258036,0.936305033676287,0.9766666666666667,3.9416918626367696,0.8,4.368560819743924,9.33460896576403,51.865504265906665,0.9766666666666667,3.9416918626367696,0.8
724,743,733,test,20,False,0.7140698641905278,0.8450265464413101,0.7687744858224969,0.6767062862594617,0.8028931282591257,2.6445992969945182,1.5338278229330737,1.4345733497923356,2.2934443074112485,0.9501395330600887,0.9866666666666667,3.939581097567952,0.85,4.103420090159384,6.956603941474034,26.529157834062936,0.9866666666666667,3.939581097567952,0.85
725,744,734,test,20,False,0.6623137967629177,0.8138266380273612,0.7472901165330182,0.6569479777298405,0.7764980596691676,2.6445992969945182,1.4920136968556108,1.391672245754235,2.306622206386127,0.9541320268789989,0.992,3.929802085309812,0.9,4.046396716935263,6.283219978515627,26.529157834062936,0.992,3.929802085309812,0.9
726,745,735,test,20,False,0.65762129277432,0.810938525891032,0.7649586572890894,0.6562950050605862,0.7739350224006306,2.6445992969945182,1.5015460696027625,1.3987297925872957,2.3210312426892292,0.9543695331902707,0.992,3.933873364152086,0.9,4.050416488434001,6.277292926791739,26.529157834062936,0.992,3.933873364152086,0.9
727,746,736,test,20,False,0.6160122899400398,0.7848645041916724,0.7985708807962203,0.6400642076604954,0.7515132487527068,2.314340921705408,1.4349471173333355,1.3384174753501654,2.2876320411718067,0.9575069897277187,0.9966666666666667,3.9312864648738413,0.95,3.975340890574188,5.164181892826177,20.45618948876993,0.9966666666666667,3.9312864648738413,0.95
728,747,737,test,20,False,0.5857781014946067,0.7653614188699394,0.7588283928834475,0.6247220553838402,0.7357794736413312,2.0744166342765156,1.4069801372236657,1.3160528701068084,2.303257073054634,0.9613490509199091,1.0,3.9254518848055424,1.0,3.929465216193993,4.357841334319963,4.778162777597583,1.0,3.9254518848055424,1.0
729,748,738,test,20,False,0.6322276941607395,0.7951274703849311,0.8006159741784047,0.6386714384066854,0.7591213248581419,2.278361830483224,1.463395595570376,1.370242635510434,2.337443939713873,0.9547165116690557,0.9926666666666667,3.919061569315799,0.95,3.9834586974087145,4.993314476087107,17.439033647313543,0.9926666666666667,3.919061569315799,0.95
730,749,739,test,20,False,0.6358041812381189,0.7973733010567378,0.7789222336819386,0.6395253817197476,0.7624573688711633,2.278361830483224,1.4880832249748506,1.3894723643440599,2.387669212000993,0.9562113101362921,0.9926666666666667,3.935322651657817,0.95,4.000007759572097,5.039969352685135,17.439033647313543,0.9926666666666667,3.935322651657817,0.95
731,750,740,test,20,False,0.6304299044839958,0.7939961615045729,0.7805835853335397,0.6340618831810275,0.758025352181907,2.278361830483224,1.4954496884587267,1.3897120200092732,2.4353656265095283,0.9546964946851841,0.9926666666666667,3.9022460714248486,0.95,3.966435043740527,5.026427162639474,17.439033647313543,0.9926666666666667,3.9022460714248486,0.95
732,751,741,test,20,False,0.6463943444963103,0.8039865325341652,0.7935486011705403,0.6448623706730378,0.7720003255329746,2.278361830483224,1.5251090661152777,1.417424173568703,2.4426149071007393,0.9602154940327543,0.9926666666666667,3.896387261724178,0.95,3.9605274577525464,5.022045720427927,17.439033647313543,0.9926666666666667,3.896387261724178,0.95
733,752,742,test,20,False,0.7057850000341952,0.8401101118509378,0.7994256899260546,0.6755180903896585,0.8101796401708443,2.466091656156814,1.6029404874921809,1.488096551919417,2.4352254965900277,0.9643731562590642,0.9833333333333333,3.8861591570603715,0.9,4.1737350037825625,7.558793508896376,54.935057190752154,0.9833333333333333,3.8861591570603715,0.9
734,753,743,test,20,False,0.7531715579174818,0.867854571871049,0.8118353338481197,0.7035116780544775,0.8401152107787176,2.466091656156814,1.645067069607911,1.5342313901887263,2.382977673842841,0.9680368554923587,0.9753333333333334,3.857936676736624,0.85,4.21510995965911,8.276653367983993,54.935057190752154,0.9753333333333334,3.857936676736624,0.85
735,754,744,test,20,False,0.781473669878458,0.8840099942186502,0.8237254475350512,0.7157853545542578,0.8561751799787245,2.466091656156814,1.6730502576217479,1.566657984871475,2.383082968082848,0.9685130095564947,0.9673333333333334,3.844222262243417,0.8,4.306339331729202,9.463987104867947,54.935057190752154,0.9673333333333334,3.844222262243417,0.8
736,755,745,test,20,False,0.7873015202547411,0.8873001297502109,0.8691392525759176,0.7183844595193549,0.8594125978308471,2.466091656156814,1.6883330217761443,1.5781433570271899,2.3954198671375684,0.9685703506803109,0.9673333333333334,3.8254288893229713,0.8,4.287294920789228,9.441145922271996,54.935057190752154,0.9673333333333334,3.8254288893229713,0.8
737,756,746,test,20,False,0.748493060650037,0.8651549344770779,0.8760665299640743,0.6955705010560718,0.8378600434856578,2.466091656156814,1.6603712052873472,1.551815271631865,2.4200501477609837,0.968450863650315,0.9673333333333334,3.8149243397458292,0.8,4.276668180002316,9.420114530930192,54.935057190752154,0.9673333333333334,3.8149243397458292,0.8
738,757,747,test,20,False,0.732937473185119,0.8561176748468162,0.8774417859502647,0.6877524341868212,0.8291309882769605,2.466091656156814,1.6511969043114614,1.5407007924358551,2.4293995012031533,0.968477830369891,0.9673333333333334,3.8084467666344453,0.8,4.270110197612285,9.398778130500956,54.935057190752154,0.9673333333333334,3.8084467666344453,0.8
739,758,748,test,20,False,0.7142226451952993,0.8451169417277702,0.8703665992027775,0.6746574292996609,0.8155074316970591,2.466091656156814,1.6329570398019793,1.5252633652280134,2.4538363780735812,0.9649640084481361,0.9673333333333334,3.8075491186635446,0.8,4.269324848105014,9.402730581417382,54.935057190752154,0.9673333333333334,3.8075491186635446,0.8
740,759,749,test,20,False,0.7499151904515766,0.8659764375845204,0.9276803001078765,0.6983608555710512,0.8441587775259315,2.466091656156814,1.6902377161061257,1.5801644340451941,2.4561197917898356,0.9748057116664223,0.9673333333333334,3.8090212880761545,0.8,4.2708210930733665,9.396700717627148,54.935057190752154,0.9673333333333334,3.8090212880761545,0.8
741,760,750,test,20,False,0.7290956083470489,0.8538709553246608,0.9863714602163519,0.6892421441134953,0.8318284251844504,2.466091656156814,1.6712099084444678,1.5582292065428534,2.4556562622241014,0.9741851739975985,0.9673333333333334,3.8202628109513572,0.8,4.282099661331913,9.41991269672932,54.935057190752154,0.9673333333333334,3.8202628109513572,0.8
742,761,751,test,20,False,0.7637133344621834,0.8739069369573532,0.9437710555922371,0.7070446675575509,0.8472756490414086,2.505414290955418,1.6927597912784127,1.5768133698428195,2.4321140431403516,0.9695261740241293,0.9626666666666667,3.8155633726701392,0.75,4.342295231842707,10.365855443266813,54.935057190752154,0.9626666666666667,3.8155633726701392,0.75
743,762,752,test,20,False,0.7959085522638959,0.8921370703338675,0.9858793144812951,0.72415406882275,0.8658517545457058,2.505414290955418,1.734327726228797,1.6137899278163874,2.4421101396264517,0.9705366847066171,0.9626666666666667,3.824090410056449,0.75,4.350970542514015,10.389618443801654,54.935057190752154,0.9626666666666667,3.824090410056449,0.75
744,763,753,test,20,False,0.8063064779912716,0.8979456987988036,0.978659131273439,0.7306347238638481,0.8712370268094638,2.505414290955418,1.7511891996456677,1.6249699559361868,2.445076751908363,0.970255804972318,0.9626666666666667,3.8225969822212527,0.75,4.349368336595227,10.386338456145499,54.935057190752154,0.9626666666666667,3.8225969822212527,0.75
745,764,754,test,20,False,0.799052541232278,0.8938973885364461,0.9883617371739087,0.7260525329947396,0.865755270020672,2.505414290955418,1.735985078952433,1.6121404787459759,2.4401342489522313,0.9685175067332388,0.9626666666666667,3.822603872330718,0.75,4.349361056346607,10.393769815204543,54.935057190752154,0.9626666666666667,3.822603872330718,0.75
746,765,755,test,20,False,0.7835424130632613,0.8851793112490042,0.9836768174985967,0.717661080944964,0.8559616987165745,2.505414290955418,1.6960008353643414,1.576481567805716,2.4089396410121435,0.9669924362655933,0.9626666666666667,3.829121943120932,0.75,4.355933310903219,10.397491987287518,54.935057190752154,0.9626666666666667,3.829121943120932,0.75
747,766,756,test,20,False,0.780541009404967,0.8834823198032697,0.968589709244928,0.7165661850696837,0.8537600829199468,2.505414290955418,1.7083879701616067,1.5806069970858343,2.434919614605831,0.9663578588760651,0.9626666666666667,3.8246075969249285,0.75,4.351338272258621,10.388435406767535,54.935057190752154,0.9626666666666667,3.8246075969249285,0.75
748,767,757,test,20,False,0.7545289159733266,0.8686362391549909,0.9901538371766779,0.6991778946385104,0.8312868620231821,2.505414290955418,1.6570959931974791,1.5323735743378164,2.4244339721390316,0.9570022807612284,0.9626666666666667,3.82013715628255,0.75,4.346816412573721,10.385853735640238,54.935057190752154,0.9626666666666667,3.82013715628255,0.75
749,768,758,test,20,False,0.7074341782058211,0.8410910641576339,0.9530288811773271,0.6806251309745374,0.8075190640503893,2.505414290955418,1.6130482252590412,1.4901275279676882,2.4220601483706177,0.9600851780052289,0.97,3.820047604441801,0.8,4.286386591124392,9.727841726380566,54.935057190752154,0.97,3.820047604441801,0.8
750,769,759,test,20,False,0.7691594424656201,0.8770173558519923,0.9261871948514665,0.7134078469331959,0.8414735166443235,2.505414290955418,1.6528427364473814,1.5310485487495609,2.373957580603222,0.9594719089987231,0.968,3.8122218043521765,0.75,4.284334799039842,9.872164001495497,54.935057190752154,0.968,3.8122218043521765,0.75
751,770,760,test,20,False,0.8176309368734728,0.9042294713586108,0.9284364278369317,0.7392573398998629,0.8700589475224604,2.505414290955418,1.6933093193629951,1.5737432685656596,2.3260786477430537,0.9622103404959707,0.9653333333333334,3.85707999677006,0.7,4.336939034506903,10.094331733420585,54.935057190752154,0.9653333333333334,3.85707999677006,0.7
752,771,761,test,20,False,0.8282580916195045,0.9100868593818419,0.9423682402672734,0.7445791445723009,0.8768788474001601,2.505414290955418,1.7314470202178682,1.601473707932146,2.362855457071656,0.9635111619958586,0.962,3.8869968447374146,0.65,4.386738292117823,10.628194358819764,54.935057190752154,0.962,3.8869968447374146,0.65
753,772,762,test,20,False,0.8782636680266058,0.9371572269510628,1.0193182945278763,0.7609501943649584,0.8954625358883505,2.81607129269996,1.748946002045026,1.6234616015125727,2.3428744279757256,0.9555093960077954,0.9573333333333334,3.9039680168327044,0.65,4.441027777875041,9.646942448686872,35.31001898809431,0.9573333333333334,3.9039680168327044,0.65
754,773,763,test,20,False,0.8667128286373066,0.9309741288764724,1.011575446109074,0.7558730815882376,0.8898825930441424,2.81607129269996,1.7205246810522052,1.5959800934544786,2.322877119169587,0.9558617854591508,0.9653333333333334,3.944411359046455,0.7,4.412019951464165,8.953829705903924,35.31001898809431,0.9653333333333334,3.944411359046455,0.7
755,774,764,test,20,False,0.8602994324448356,0.927523278653876,1.0537026441596977,0.7484213096118497,0.8867076075375607,2.81607129269996,1.718567108527114,1.596343497358079,2.343657328198513,0.9559949900389008,0.97,3.9707936337830736,0.7,4.340628440753072,7.973521915252867,35.31001898809431,0.97,3.9707936337830736,0.7
756,775,765,test,20,False,0.9502188587279656,0.9747917001739221,1.159270756252383,0.7740815053897857,0.9217528788025255,3.2393528990630824,1.7883242172792138,1.662901349194912,2.3523505785928456,0.9455895845625959,0.9653333333333334,4.001082189068797,0.65,4.444427904524274,9.142184379505052,35.31001898809431,0.9653333333333334,4.001082189068797,0.65
757,776,766,test,20,False,0.9881939366675023,0.9940794418292244,1.0896652940267186,0.7915648035506305,0.9429307449526545,3.2393528990630824,1.841357306237081,1.7095128506941553,2.366028780787925,0.9485466706941951,0.9613333333333334,4.007754716307488,0.6,4.48401016549531,9.75461417594645,35.31001898809431,0.9613333333333334,4.007754716307488,0.6
758,777,767,test,20,False,1.000094390243064,1.0000471940078948,0.9695542487393934,0.7948994251175364,0.9497546205888705,3.2393528990630824,1.8652874374350863,1.7322914748042735,2.3874518315110125,0.9497097999770726,0.9573333333333334,4.00337231113718,0.55,4.508353058913043,10.327242318521304,35.31001898809431,0.9573333333333334,4.00337231113718,0.55
759,778,768,test,20,False,1.031706336040493,1.015729460063305,0.9015774362580866,0.8160833731866017,0.9705822134744162,3.2393528990630824,1.899271610464399,1.7587303134114325,2.3607023543485175,0.9555518980555364,0.9526666666666667,3.9693630547049548,0.5,4.516784543540139,11.045153132259292,35.31001898809431,0.9526666666666667,3.9693630547049548,0.5
760,779,769,test,20,False,1.0499813390542976,1.0246859709463663,0.8800236230974013,0.8228153860513345,0.9797133077770411,3.2393528990630824,1.9085193584162152,1.768593846454009,2.3530220946365494,0.9561107847238409,0.95,3.9443719826463584,0.45,4.496476767985944,11.193437495194908,35.31001898809431,0.95,3.9443719826463584,0.45
761,780,770,test,20,False,1.0366502305131218,1.0181602184887808,0.8488113270068461,0.8128009360521405,0.9688223848909724,3.2393528990630824,1.8875863716525512,1.7496117312377113,2.3519728212865307,0.9515421711613926,0.95,3.9116889062488505,0.45,4.463289333456951,11.154610767038008,35.31001898809431,0.95,3.9116889062488505,0.45
762,781,771,test,20,False,0.9830394397837047,0.9914834541149462,0.8514406071701579,0.7886131974082408,0.9422677071958974,3.2393528990630824,1.8297715389605482,1.6988202543923556,2.3458226588933755,0.9503615045568445,0.9546666666666667,3.890534999201655,0.5,4.376856803723053,10.163079449496776,35.31001898809431,0.9546666666666667,3.890534999201655,0.5
763,782,772,test,20,False,0.9463517199742715,0.9728061060531392,0.8188077100228734,0.7690116198424053,0.9202146795410092,3.2393528990630824,1.7881551383499814,1.658949160015051,2.344348395073422,0.9459384288555677,0.9546666666666667,3.890384636726737,0.5,4.376655582450588,10.138695076823646,35.31001898809431,0.9546666666666667,3.890384636726737,0.5
764,783,773,test,20,False,1.035220661328342,1.0174579408154136,0.8720040597035574,0.7992301816795192,0.9531604726014923,3.2393528990630824,1.816754699439271,1.6944992546089996,2.3173368340106353,0.9368057728633068,0.9453333333333334,3.902875977643329,0.45,4.486676924544818,11.226700105932357,35.31001898809431,0.9453333333333334,3.902875977643329,0.45
765,784,774,test,20,False,1.0308030953519076,1.0152847360971737,0.8761111598247784,0.7972676541986534,0.9492713206112388,3.2393528990630824,1.7970058889637113,1.6785163984320683,2.2860466384487195,0.9349803920625309,0.9453333333333334,3.903919404079461,0.45,4.487639309463756,11.222929409658535,35.31001898809431,0.9453333333333334,3.903919404079461,0.45
766,785,775,test,20,False,1.021983133615938,1.01093181452358,0.8697066102288713,0.7914215423608029,0.9421943732227783,3.2393528990630824,1.793413371111543,1.6729780368315925,2.3020301887570374,0.9320058580477107,0.9453333333333334,3.8957969824141245,0.45,4.479449148375647,11.219903907140557,35.31001898809431,0.9453333333333334,3.8957969824141245,0.45
767,786,776,test,20,False,1.024838620711667,1.0123431338788578,0.8695967491557322,0.7917856234421231,0.9442921507156132,3.2393528990630824,1.785533943570897,1.6724723191723896,2.2866610654150543,0.9327787378746741,0.9453333333333334,3.9032061461248597,0.45,4.486893562049461,11.234795545179834,35.31001898809431,0.9453333333333334,3.9032061461248597,0.45
768,787,777,test,20,False,1.0363192971752777,1.0179976901620542,0.8628673270360747,0.8040979295118917,0.9563800687537436,3.2393528990630824,1.8035557388534855,1.689748117370477,2.2609905311215828,0.939471747329307,0.9453333333333334,3.920181095007617,0.45,4.5039802733648955,11.24958967417076,35.31001898809431,0.9453333333333334,3.920181095007617,0.45
769,788,778,test,20,False,1.0298042237484317,1.0147926998892098,0.8302113096838679,0.801195613424088,0.9517723269779157,3.2393528990630824,1.7901753832849312,1.6773508307917222,2.248826144158311,0.9378982792070002,0.9453333333333334,3.9249628445966223,0.45,4.508756320406627,11.263094845132635,35.31001898809431,0.9453333333333334,3.9249628445966223,0.45
770,789,779,test,20,False,0.9692117092433359,0.9844855048416589,0.8361680730164518,0.7678111146856241,0.9187957711339141,3.2393528990630824,1.7560795776062428,1.6424133127906295,2.313474924561647,0.9332750625736129,0.9473333333333334,3.9245239621880548,0.5,4.50240573052976,11.086584708390188,35.31001898809431,0.9473333333333334,3.9245239621880548,0.5
771,790,780,test,20,False,0.9282076995461711,0.9634353634500714,0.8145767117570092,0.7469215330069481,0.8962130591993578,3.2393528990630824,1.718201460711726,1.6054224392011922,2.3349437076476525,0.9302264513002825,0.95,3.9141280620559993,0.55,4.484792823166787,10.885544020125405,35.31001898809431,0.95,3.9141280620559993,0.55
772,791,781,test,20,False,0.9041690953087376,0.9508780654262341,0.8194250545345276,0.733049605826206,0.8781978495791796,3.2393528990630824,1.6515994285980917,1.5522333787351494,2.280501930873993,0.923565156785402,0.9533333333333334,3.8994483677463596,0.6,4.45036134304821,10.357003864882264,35.31001898809431,0.9533333333333334,3.8994483677463596,0.6
773,792,782,test,20,False,0.8340813992572983,0.9132805698454874,0.8463646790416293,0.7126963789834871,0.8501888163681329,3.2393528990630824,1.5942632126697833,1.4979069247891024,2.2663741688551338,0.930917446882694,0.9673333333333334,3.8900185281276825,0.65,4.180251570150964,8.791958700362153,27.270075683899904,0.9673333333333334,3.8900185281276825,0.65
774,793,783,test,20,False,0.8060751649644671,0.8978168883266048,0.8543494774419863,0.6976229699419721,0.8328013774009404,3.2393528990630824,1.571590683478394,1.4770126820144893,2.2755759251791905,0.9275848875522452,0.9673333333333334,3.8705697010653246,0.65,4.160470310696339,8.767468795210535,27.270075683899904,0.9673333333333334,3.8705697010653246,0.65
775,794,784,test,20,False,0.8300275525155453,0.9110584791963385,0.8513967160694418,0.7077916342213398,0.8438060267880424,3.2393528990630824,1.603719086543278,1.5015902771201934,2.280736753923297,0.9261820685016611,0.9653333333333334,3.8610405200435003,0.65,4.247790398800523,9.92862112208077,31.712626356948896,0.9653333333333334,3.8610405200435003,0.65
776,795,785,test,20,False,0.7754299915475457,0.8805850280055559,0.826672463761637,0.6944834396100801,0.8249056750100758,2.5834157018031716,1.55331479708547,1.4551652745985355,2.263854805191734,0.936770043522556,0.968,3.851059200437953,0.65,4.168506663447464,8.914211293679124,31.712626356948896,0.968,3.851059200437953,0.65
777,796,786,test,20,False,0.7276331124859553,0.8530141338137108,0.7894029580925918,0.6699195407273042,0.7955892325570251,2.5834157018031716,1.494248345635439,1.4016206855913924,2.2750924346436907,0.9326800119947054,0.972,3.8461356348180935,0.7,4.130693632229911,8.313006776683894,31.712626356948896,0.972,3.8461356348180935,0.7
778,797,787,test,20,False,0.7615365031617003,0.8726605887524085,0.777922644461287,0.6832428776983228,0.8110699788116189,2.5834157018031716,1.4941138362720434,1.407399319250079,2.241218789293374,0.9294220333373344,0.9726666666666667,3.840190229203435,0.7,4.097809663833602,7.765481263706931,31.712626356948896,0.9726666666666667,3.840190229203435,0.7
779,798,788,test,20,False,0.7569068385578669,0.8700039301967933,0.7979014454755983,0.6818775085846583,0.8086142207580493,2.5834157018031716,1.4852204928199932,1.3998938743479434,2.233971224726015,0.9294374343517532,0.9773333333333334,3.8813830586908122,0.75,4.096627887924406,7.058671841363106,31.712626356948896,0.9773333333333334,3.8813830586908122,0.75
780,799,789,test,20,False,0.7722364992494744,0.8787698784377366,0.8284349642456517,0.6909339569782088,0.815232148472471,2.5834157018031716,1.4989333309529163,1.4107328661182275,2.2278713002004893,0.9276969642175015,0.9753333333333334,3.903448025324405,0.75,4.15448879439503,7.566641969535404,31.712626356948896,0.9753333333333334,3.903448025324405,0.75
781,800,790,test,20,False,0.776128408200631,0.8809815027573683,0.8282888384168055,0.6950794654660077,0.8188410589940531,2.5834157018031716,1.509746097109233,1.422056000125985,2.2326141687906715,0.9294645306753627,0.9753333333333334,3.9393801647531816,0.75,4.190930648709557,7.603290712366731,31.712626356948896,0.9753333333333334,3.9393801647531816,0.75
782,801,791,test,20,False,0.763116729576099,0.8735655267786722,0.8192669828712044,0.6860307491326989,0.8087177936231518,2.5834157018031716,1.49871706312635,1.4089946257538102,2.250024021932868,0.9257666068913565,0.9753333333333334,3.9413583116269124,0.75,4.192871890163213,7.608629745020272,31.712626356948896,0.9753333333333334,3.9413583116269124,0.75
783,802,792,test,20,False,0.7551416559405584,0.868988869859999,0.7948170815758087,0.6771032476095046,0.801292546499613,2.5834157018031716,1.4887271225722614,1.400032663434968,2.2727845803043816,0.9220975944475648,0.9753333333333334,3.9145959161348705,0.75,4.1658004450788315,7.585973017599959,31.712626356948896,0.9753333333333334,3.9145959161348705,0.75
784,803,793,test,20,False,0.6337796064102073,0.7961027612125254,0.7756688674434752,0.6292340012612422,0.7485697324564271,2.5834157018031716,1.43024084563398,1.3373235513928985,2.319301702866558,0.9402928477679164,0.982,3.880538399621358,0.75,4.049557912040827,6.813688018562407,31.712626356948896,0.982,3.880538399621358,0.75
785,804,794,test,20,False,0.6453604708612307,0.8033433082196121,0.772188204146936,0.6353182637925028,0.7578773311266773,2.5834157018031716,1.4487890291387029,1.3570045118867609,2.329673549469793,0.9434040507616881,0.982,3.8601917474679266,0.75,4.02899624318553,6.7855293720628325,31.712626356948896,0.982,3.8601917474679266,0.75
786,805,795,test,20,False,0.7280366649156244,0.8532506460094972,0.8359455133446909,0.673870035913536,0.8002342408782532,2.5834157018031716,1.5073754202672887,1.4126211312675774,2.307325385129031,0.9378653794413254,0.9686666666666667,3.8437038793608687,0.7,4.093778138497187,7.426887311852755,31.712626356948896,0.9686666666666667,3.8437038793608687,0.7
787,806,796,test,20,False,0.7805421128640228,0.8834829442971849,0.8406785915216952,0.69904233776705,0.8272504867613384,2.5834157018031716,1.5499937470703995,1.4499590044349708,2.2901866300279665,0.9363513943321456,0.9646666666666667,3.84691642970447,0.65,4.132735547626739,8.055540587861376,31.712626356948896,0.9646666666666667,3.84691642970447,0.65
788,807,797,test,20,False,0.7857765918171168,0.8864404051131225,0.8291807160166736,0.7011190296208065,0.8313601015192951,2.5834157018031716,1.5567262658325323,1.4558224673759992,2.2944969313701638,0.9378635007202787,0.9646666666666667,3.842254936230329,0.65,4.128042627326684,8.05472994709929,31.712626356948896,0.9646666666666667,3.842254936230329,0.65
789,808,798,test,20,False,1.0299755026118123,1.0148770874405493,0.8319724746838985,0.7770891077248872,0.9136492937949529,3.5391043803017443,1.6771915168304505,1.576085372616665,2.2792474120211885,0.9002561050019505,0.9386666666666666,3.842210731038398,0.6,4.71571177305573,10.737394827115278,58.20219448167734,0.9386666666666666,3.842210731038398,0.6
790,809,799,test,20,False,1.1039582376289199,1.0506941694084535,0.8394523968393107,0.815110940285767,0.9517759821066886,3.5391043803017443,1.7190451386442696,1.6201576990151128,2.2137692166884717,0.9058544434890541,0.9353333333333333,3.8615506503907455,0.55,4.74471988137208,10.992215272007494,58.20219448167734,0.9353333333333333,3.8615506503907455,0.55
791,810,800,test,20,False,1.0946381204980504,1.04624954981976,0.8278687750685173,0.8099500781336308,0.9440735511644414,3.5391043803017443,1.706406915067674,1.6062404503147731,2.217843023003653,0.9023407000051559,0.9353333333333333,3.8634918454782836,0.55,4.7466341596175035,11.008780888539366,58.20219448167734,0.9353333333333333,3.8634918454782836,0.55
792,811,801,test,20,False,1.0934219773213067,1.0456681965716021,0.8201677803616596,0.8098955229622214,0.942791240931086,3.5391043803017443,1.7143070206161923,1.6094900699865835,2.2381300510161446,0.9016160614066533,0.9353333333333333,3.8322931176362367,0.55,4.715083054847183,11.00295870513482,58.20219448167734,0.9353333333333333,3.8322931176362367,0.55
793,812,802,test,20,False,1.054614046888653,1.0269440329875104,0.8173847390187404,0.7849217072338343,0.914659580676426,3.5391043803017443,1.6642608667570602,1.5610167721451988,2.2334508986931096,0.8906615660598028,0.9353333333333333,3.808367632242297,0.55,4.690760620596679,10.992512142587255,58.20219448167734,0.9353333333333333,3.808367632242297,0.55
794,813,803,test,20,False,1.052266641491634,1.025800488151392,0.8068612686226939,0.7829016077910378,0.9127427542286434,3.5391043803017443,1.6625626805635343,1.5564712763303112,2.238135021423909,0.8897858450754966,0.9353333333333333,3.7978637258901498,0.55,4.680247360474127,10.968093508351803,58.20219448167734,0.9353333333333333,3.7978637258901498,0.55
795,814,804,test,20,False,1.1986491803354848,1.0948283793981068,0.8410759351569309,0.8241280213172699,0.9572729281839368,4.397396748792254,1.7532617329129885,1.6488421469756456,2.224151286880324,0.874358891491475,0.9266666666666666,3.79572087516998,0.55,5.290196646407316,14.70185774709758,106.38791113186448,0.9266666666666666,3.79572087516998,0.55
796,815,805,test,20,False,1.211060750080373,1.100482053502179,0.8630918402500894,0.8302824029553738,0.9620357011928036,4.397396748792254,1.76382289059738,1.663197430267304,2.2221246530952703,0.8741948113839901,0.9206666666666666,3.8023444661678005,0.55,5.431421096443698,15.889030461468943,106.38791113186448,0.9206666666666666,3.8023444661678005,0.55
797,816,806,test,20,False,1.2796870042796094,1.1312325155685763,0.8514444577259143,0.8648317390121807,1.0000639281850177,4.397396748792254,1.808617350694642,1.7101048130247996,2.1746377140205597,0.8840480753705783,0.9193333333333333,3.8078573057163765,0.5,5.439137194435095,15.96350348416613,106.38791113186448,0.9193333333333333,3.8078573057163765,0.5
798,817,807,test,20,False,1.2425351560134155,1.114690609996072,0.8767016891858211,0.8511041022827104,0.9828227020416325,4.397396748792254,1.7933676989659564,1.691738237516386,2.1898077615007034,0.8816999921126953,0.9226666666666666,3.8079603235609247,0.55,5.4374142649033,15.932790568733642,106.38791113186448,0.9226666666666666,3.8079603235609247,0.55
799,818,808,test,20,False,1.216246011335137,1.102835441639022,0.8678736995995322,0.8331646991887895,0.9650732470136127,4.397396748792254,1.767202955517881,1.6696675496015978,2.2106577169649464,0.8750836349431529,0.9226666666666666,3.7994108210025486,0.55,5.428763053733514,15.911827692089025,106.38791113186448,0.9226666666666666,3.7994108210025486,0.55
800,819,809,test,20,False,1.1791113617426636,1.085868943170705,0.8466336149529347,0.8160696660798947,0.947340082121156,4.397396748792254,1.7389781126126629,1.6416549320344178,2.221501443208719,0.8724258006265021,0.9273333333333333,3.802429719484375,0.6,5.3913413223654825,15.258376636170619,106.38791113186448,0.9273333333333333,3.802429719484375,0.6
801,820,810,test,20,False,1.2079561168242072,1.0990705695378287,0.8213469581892171,0.8319506313101398,0.9662161137382024,4.397396748792254,1.7911483160761912,1.685277560144955,2.2438626824745915,0.8791210869603278,0.9273333333333333,3.7985647663990796,0.6,5.38752341225143,15.248731426440838,106.38791113186448,0.9273333333333333,3.7985647663990796,0.6
802,821,811,test,20,False,1.3094792228223493,1.1443247890447665,0.8316891620873998,0.879210806056463,1.0153615670564071,4.397396748792254,1.8678561148619792,1.7583520995297959,2.2159738902714303,0.8873019065714616,0.9206666666666666,3.811232372069962,0.55,5.516158411634333,16.628265874173664,106.38791113186448,0.9206666666666666,3.811232372069962,0.55
803,822,812,test,20,False,1.3065570202601717,1.1430472519804995,0.8388022047570494,0.8773544103304001,1.011953262615508,4.397396748792254,1.8699323044299974,1.7594727381240385,2.2364300962106256,0.8853118371634666,0.9206666666666666,3.832875944812359,0.55,5.538179867673141,16.656589782459932,106.38791113186448,0.9206666666666666,3.832875944812359,0.55
804,823,813,test,20,False,1.2956354461695436,1.138259832450194,0.8372112193707894,0.8673098213438862,1.0014187491227247,4.397396748792254,1.850582859786949,1.74108437206403,2.2596140151166106,0.8797804513290185,0.9233333333333333,3.8574246208738034,0.6,5.547420977564188,16.341373635799282,106.38791113186448,0.9233333333333333,3.8574246208738034,0.6
805,824,814,test,20,False,1.3035547902179117,1.1417332395169686,0.8462153523021548,0.8750960873891934,1.0065824279444175,4.397396748792254,1.85694944787571,1.7416329328841382,2.244462817955439,0.8816266296760099,0.9233333333333333,3.8756489004075085,0.6,5.565928086802938,16.36095998468477,106.38791113186448,0.9233333333333333,3.8756489004075085,0.6
806,825,815,test,20,False,1.3173930334883424,1.147777432034775,0.8915541152099266,0.8809916730767673,1.0113630639537932,4.397396748792254,1.8573993877241872,1.74763121649,2.2370462000971143,0.8811491110788378,0.9226666666666666,3.8933015091212244,0.6,5.609812353385115,16.597415114984493,106.38791113186448,0.9226666666666666,3.8933015091212244,0.6
807,826,816,test,20,False,1.2890250393627378,1.1353523855450067,0.8774054195630128,0.8674754168629404,0.998637998444754,4.397396748792254,1.8375824228940343,1.7312512250580543,2.2473857464436295,0.8795841812279053,0.924,3.89856038138542,0.6,5.588412116120362,16.19451178916319,106.38791113186448,0.924,3.89856038138542,0.6
808,827,817,test,20,False,1.2810447608954383,1.1318324791661698,0.8746862981742944,0.8622953631002688,0.9921271564431444,4.397396748792254,1.8311370042592856,1.7231413308581114,2.257318693271919,0.8765671375449948,0.924,3.8900196644031335,0.6,5.579756777254273,16.17869180132299,106.38791113186448,0.924,3.8900196644031335,0.6
809,828,818,test,20,False,1.0729287570163237,1.035822744013822,0.8566361038516483,0.8044720106066483,0.9306086876806837,4.397396748792254,1.7494387362918065,1.635997577625971,2.2751617152851447,0.8984246513786394,0.9466666666666667,3.8910867744134054,0.6,5.0143237825801155,13.97381745068193,106.38791113186448,0.9466666666666667,3.8910867744134054,0.6
810,829,819,test,20,False,1.045327757133657,1.0224127136991485,0.8684432716361739,0.7920491439061648,0.919481174067398,4.397396748792254,1.7375400519965591,1.6230513659890236,2.286996889502763,0.8993248633818938,0.946,3.8668750729295875,0.6,5.008300228306437,14.213814846712202,106.38791113186448,0.946,3.8668750729295875,0.6
811,830,820,test,20,False,1.0385863129951618,1.0191105499381123,0.8920403784501587,0.7868548435496217,0.9120516301925414,4.397396748792254,1.7130394529200834,1.6032138170143504,2.2565343991157554,0.8949486689622904,0.946,3.8610642459694087,0.6,5.00241901659529,14.193038929840469,106.38791113186448,0.946,3.8610642459694087,0.6
812,831,821,test,20,False,1.0387750311693817,1.0192031353804705,0.9164963983925035,0.7860002183509899,0.9122552478295353,4.397396748792254,1.707884870768325,1.6002381030326756,2.2486947090081673,0.8950671521325223,0.946,3.902797391561525,0.6,5.044689741277233,14.219171388774024,106.38791113186448,0.946,3.902797391561525,0.6
813,832,822,test,20,False,1.0570313462900303,1.0281202975771027,0.9108325586441693,0.8008373636932609,0.9283007091176694,4.397396748792254,1.7418015658795056,1.631606990851365,2.258672692856345,0.9029105945144056,0.946,3.928344079274762,0.6,5.070612736686901,14.227781313310032,106.38791113186448,0.946,3.928344079274762,0.6
814,833,823,test,20,False,1.0571680784545108,1.028186791616441,0.9019464929576158,0.7965995062780031,0.9284157458814917,4.397396748792254,1.7570563809528448,1.6438644965892641,2.31557979275496,0.9029640853700361,0.9453333333333334,3.935479117511786,0.55,5.0783641510802475,14.251529895803818,106.38791113186448,0.9453333333333334,3.935479117511786,0.55
815,834,824,test,20,False,0.8627259319804697,0.9288304107750077,0.8870941859206536,0.7389578032330382,0.85842208549732,2.6626929331734637,1.5967857099172158,1.4868903924227836,2.2898044852684434,0.9241967915123067,0.9593333333333334,3.930048193807577,0.6,4.356632463311709,9.135655846665296,31.52506895437511,0.9593333333333334,3.930048193807577,0.6
816,835,825,test,20,False,0.7855462718497106,0.8863104827596877,0.8666324088424678,0.7030596070996921,0.8173748786091819,2.6626929331734637,1.5221335689360944,1.4134946122849588,2.288680903203978,0.9222218336672919,0.9673333333333334,3.925257570888754,0.65,4.213287415300372,7.823417293741372,31.52506895437511,0.9673333333333334,3.925257570888754,0.65
817,836,826,test,20,False,0.758349528425446,0.8708326638484836,0.8674800678678203,0.6948954770358252,0.8057120775010539,2.6626929331734637,1.5025411378450717,1.390901438947768,2.2841122908566125,0.9252203218243545,0.9653333333333334,3.9180192984368696,0.65,4.221898629832696,8.069791553722663,31.52506895437511,0.9653333333333334,3.9180192984368696,0.65
818,837,827,test,20,False,0.7635588643576662,0.8738185534524122,0.8836729034676346,0.6981906525938253,0.808504028363106,2.6626929331734637,1.5009718200042408,1.388563151922504,2.273267345559851,0.9252539044504697,0.9633333333333334,3.9193297576587005,0.6,4.233414817485839,8.38391544190468,31.52506895437511,0.9633333333333334,3.9193297576587005,0.6
819,838,828,test,20,False,0.7736007557972476,0.8795457667439754,0.9180323947613009,0.7011494323575557,0.8163326921672269,2.6626929331734637,1.5262845489808918,1.4133124706232707,2.3079564023460866,0.9281298632011391,0.9633333333333334,3.91699937607796,0.6,4.230998405836487,8.380085652110449,31.52506895437511,0.9633333333333334,3.91699937607796,0.6
820,839,829,test,20,False,0.7559356758125724,0.8694456140625314,0.895710594165569,0.6904870728485076,0.8045919907012278,2.6626929331734637,1.5091246911872276,1.3964658519912803,2.3228524493081184,0.9254080734753821,0.9633333333333334,3.908679619590549,0.6,4.222478468978407,8.359860394395072,31.52506895437511,0.9633333333333334,3.908679619590549,0.6
821,840,830,test,20,False,0.7320124484516894,0.8555772603638373,0.963882490519811,0.6783827952411821,0.7897153094101341,2.6626929331734637,1.4623359446732498,1.3564084795529734,2.296013975171744,0.9230204517991805,0.9633333333333334,3.8928859571948355,0.6,4.206372676324928,8.33937998381363,31.52506895437511,0.9633333333333334,3.8928859571948355,0.6
822,841,831,test,20,False,0.6290473789982041,0.7931250714724658,1.029359127192898,0.6296105384841266,0.7392037615214521,2.256366315348205,1.375628102201522,1.2745434900846004,2.309268355941459,0.9320141149353571,0.97,3.8876288302743025,0.65,4.085233340816821,6.965029777137225,21.838892879547558,0.97,3.8876288302743025,0.65
823,842,832,test,20,False,0.636586772243403,0.797863880773784,1.0736811994485158,0.6359716405947211,0.7471547683652446,2.256366315348205,1.3843350453726981,1.2818943310237731,2.287685538226067,0.9364439052443875,0.97,3.8838378607735247,0.65,4.081349794773421,6.952133958538527,21.838892879547558,0.97,3.8838378607735247,0.65
824,843,833,test,20,False,0.8270904558940337,0.9094451362748793,1.0727515125216256,0.7128231236869448,0.8262614799594685,3.1119943125268366,1.4908337790977144,1.3892518572380492,2.215841301532573,0.9085336179198955,0.9546666666666667,3.8927998362164233,0.6,4.353132754627831,8.428035318833393,33.76790890109128,0.9546666666666667,3.8927998362164233,0.6
825,844,834,test,20,False,0.8461807239203365,0.9198808204981428,1.042641596921687,0.71829060734842,0.8366141726412228,3.1119943125268366,1.5275295217343803,1.4284572416170713,2.2464323110765,0.9094810479776841,0.9513333333333334,3.8971415820829693,0.55,4.362931583682591,8.54415531501973,33.76790890109128,0.9513333333333334,3.8971415820829693,0.55
826,845,835,test,20,False,0.7717525966384282,0.8784945057531255,1.0052172697191568,0.6867223524632865,0.8050679035064021,3.1119943125268366,1.4900565594651973,1.3893861982898135,2.2662310464018374,0.9164176875713351,0.9653333333333334,3.89756738588584,0.6,4.255912674324184,7.672885785744869,33.76790890109128,0.9653333333333334,3.89756738588584,0.6
827,846,836,test,20,False,0.7784130957685476,0.8822772216081222,0.9300886243162065,0.6877404786599998,0.8083327018694382,3.1119943125268366,1.5161320382066452,1.4120899865493455,2.294800560644053,0.9161890186806527,0.9673333333333334,3.899013331419233,0.6,4.248518981112514,7.458966255506068,33.76790890109128,0.9673333333333334,3.899013331419233,0.6
828,847,837,test,20,False,0.8454437595012468,0.9194801572090867,0.8827380909543248,0.7192494127031829,0.8449893761537565,3.1119943125268366,1.5596005019001145,1.4606361357501088,2.2672332384693163,0.918985983034769,0.9613333333333334,3.898419355659139,0.55,4.269877113165818,7.736445699648952,33.76790890109128,0.9613333333333334,3.898419355659139,0.55
829,848,838,test,20,False,0.8487763294308881,0.9212905781732971,0.8877069525752076,0.7229604585794538,0.8465158759065364,3.1119943125268366,1.5553269698613221,1.462394969996422,2.2553423091869202,0.9188370053506666,0.9646666666666667,3.907322066906489,0.6,4.257629582729736,7.271390822477095,33.76790890109128,0.9646666666666667,3.907322066906489,0.6
830,849,839,test,20,False,0.8025203555023334,0.8958350046198984,0.8920112298344115,0.6987743166942,0.8196232746602756,3.1119943125268366,1.516436707811637,1.4245849562226693,2.280790448481235,0.9149265996901302,0.9686666666666667,3.925408582119905,0.65,4.248011187380926,6.794383815689644,33.76790890109128,0.9686666666666667,3.925408582119905,0.65
831,850,840,test,20,False,0.849213710711276,0.9215279218294343,0.8559565290880733,0.7272911819938508,0.8525622441941042,3.1119943125268366,1.5808916169676897,1.4876222810415833,2.2810314242509646,0.9251615973844632,0.9686666666666667,3.936826430642542,0.65,4.259627671751299,6.812906810655467,33.76790890109128,0.9686666666666667,3.936826430642542,0.65
832,851,841,test,20,False,0.8684554653937159,0.9319095800525478,0.855523640513659,0.742322512537433,0.8680672900301936,3.1119943125268366,1.6071719188527471,1.5123716214411624,2.2664684832777504,0.9314930424701136,0.9686666666666667,3.9377797709010336,0.65,4.260665391874804,6.812484703818728,33.76790890109128,0.9686666666666667,3.9377797709010336,0.65
833,852,842,test,20,False,1.0022610232365143,1.0011298733114073,0.8667746414695524,0.7883180355520523,0.9211551741288216,3.2673659510932707,1.7032023264486722,1.605415945657074,2.267804407384222,0.9201155601140382,0.9566666666666667,3.9569002333284335,0.6,4.625577164752075,10.00125983758495,67.74788561278538,0.9566666666666667,3.9569002333284335,0.6
834,853,843,test,20,False,1.0247927114026916,1.0123204588482304,0.8907211418087303,0.805054810164496,0.9362490212762944,3.2673659510932707,1.7244503906916446,1.626179625842059,2.224082150396858,0.9248543908136696,0.9573333333333334,3.9695683496443137,0.65,4.637864715037415,9.998040486104891,67.74788561278538,0.9573333333333334,3.9695683496443137,0.65
835,854,844,test,20,False,1.025656464210135,1.0127469892377536,0.8859279888931433,0.8042594640633854,0.9368701819338273,3.2673659510932707,1.7316811581206217,1.635663915787508,2.239272936079275,0.92507821982168,0.9573333333333334,3.981988632903725,0.65,4.65054914326875,10.024886651147806,67.74788561278538,0.9573333333333334,3.981988632903725,0.65
836,855,845,test,20,False,1.0241314608191512,1.011993804733582,0.8801574470338726,0.8030467263603793,0.9353891667359256,3.2673659510932707,1.7274410872467132,1.6280217855817862,2.235271390697312,0.9243032539929202,0.9573333333333334,3.9657871301321173,0.65,4.634128237869358,10.001472416039787,67.74788561278538,0.9573333333333334,3.9657871301321173,0.65
837,856,846,test,20,False,0.9764813417538912,0.9881707047640561,0.8880344449573717,0.771559928391968,0.9021642293893114,3.2673659510932707,1.6891827980724805,1.5890317708767132,2.2915478188073024,0.9129639494875734,0.9606666666666667,3.9691131240124613,0.7,4.619384733813922,9.671871679451966,67.74788561278538,0.9606666666666667,3.9691131240124613,0.7
838,857,847,test,20,False,0.960428146904474,0.9800143605603308,0.879635336471569,0.7637947958880622,0.8929213782715566,3.2673659510932707,1.6755364026211814,1.5757169445232138,2.2948322147354245,0.9111309121644114,0.9626666666666667,3.9784204592490653,0.75,4.618526964475018,9.370140509977354,67.74788561278538,0.9626666666666667,3.9784204592490653,0.75
839,858,848,test,20,False,0.947412972425318,0.9733514126076552,0.875422717235625,0.7575823560404508,0.8823154771678976,3.2673659510932707,1.6479868357042153,1.5468367480880045,2.2742179471865085,0.9064716665938071,0.9626666666666667,3.98817183308028,0.75,4.628384980645871,9.383268139500032,67.74788561278538,0.9626666666666667,3.98817183308028,0.75
840,859,849,test,20,False,0.9524297226841434,0.9759250599734303,0.8991973415954901,0.7637883105818515,0.8860470162998016,3.2673659510932707,1.6391868684887758,1.541170568253182,2.235004726476445,0.9079047691673422,0.9626666666666667,4.005843762126845,0.75,4.646283116267157,9.409556579386413,67.74788561278538,0.9626666666666667,4.005843762126845,0.75
841,860,850,test,20,False,0.9577069372729637,0.978625023833421,0.9263882060777897,0.766753307439066,0.8898526587621831,3.2673659510932707,1.6445176435239308,1.5468578925873755,2.2339387464384948,0.909288682683074,0.9626666666666667,4.006847367486218,0.75,4.647368302133499,9.419887917047467,67.74788561278538,0.9626666666666667,4.006847367486218,0.75
842,861,851,test,20,False,0.9533383185081163,0.9763904539210306,0.9389543259498686,0.7614372801646597,0.8851790551221868,3.2673659510932707,1.645793049055058,1.5472535347323468,2.273358525718096,0.9065830698850513,0.9626666666666667,4.020637074189776,0.75,4.661468170494269,9.44291852961818,67.74788561278538,0.9626666666666667,4.020637074189776,0.75
843,862,852,test,20,False,0.9725444767620871,0.9861766965215144,0.941227427030558,0.7743137742306836,0.899049682875602,3.2673659510932707,1.6665077534390396,1.5682809902582273,2.2575457438485413,0.9116517212856168,0.9626666666666667,4.025482904328283,0.75,4.666353952865177,9.452492852989161,67.74788561278538,0.9626666666666667,4.025482904328283,0.75
844,863,853,test,20,False,0.8515327865226714,0.9227853415191809,0.9095402865931593,0.7350578150975962,0.8617502665913005,3.2673659510932707,1.6390787324873284,1.5362114006231922,2.2936601204429636,0.9338577758209744,0.9726666666666667,4.021360085113894,0.75,4.5026179466701,9.398614024766303,67.74788561278538,0.9726666666666667,4.021360085113894,0.75
845,864,854,test,20,False,0.8717350682653973,0.9336675362597745,0.9126825139618291,0.7434804201651825,0.8708012112019995,3.2673659510932707,1.6579657695573982,1.5541140484115934,2.2909702697493004,0.93266733326767,0.97,4.020295957493882,0.75,4.5816535072094045,10.376988624731625,67.74788561278538,0.97,4.020295957493882,0.75
846,865,855,test,20,False,0.8908121755681288,0.9438284672376273,0.9355206140261247,0.7509628939361883,0.8807038849222583,3.2673659510932707,1.7040312627322005,1.5962929093514835,2.325672705586073,0.933118586155681,0.9653333333333334,4.022762590110662,0.7,4.631724144087379,11.088067547213456,67.74788561278538,0.9653333333333334,4.022762590110662,0.7
847,866,856,test,20,False,0.8715940581787839,0.9335920191276187,0.9805597043331054,0.743680062672986,0.8706074890851859,3.2673659510932707,1.670433152850828,1.566376568344952,2.3070876842046637,0.9325352737041521,0.966,4.008173955650904,0.75,4.616868495792552,11.07695370261169,67.74788561278538,0.966,4.008173955650904,0.75
848,867,857,test,20,False,0.9034931709927421,0.9505225778448095,0.96409752131748,0.7492096609062815,0.8820393165757061,3.2673659510932707,1.718639857680288,1.605492872250305,2.3387839367030496,0.927951988868712,0.958,4.008351044902379,0.75,4.933709760941573,13.155245502513742,67.74788561278538,0.958,4.008351044902379,0.75
849,868,858,test,20,False,0.897248897123254,0.9472322297743325,0.9549959683922282,0.7441760715403978,0.8791427406874744,3.2673659510932707,1.7290169933065962,1.612839444225876,2.3604743057884847,0.9281174278634082,0.9553333333333334,3.9988028168030683,0.7,4.932611591408628,13.331165064612971,67.74788561278538,0.9553333333333334,3.9988028168030683,0.7
850,869,859,test,20,False,0.8960461695126721,0.9465971527068271,0.9514706481999345,0.7429732085374462,0.8781072129495253,3.2673659510932707,1.7291626785487773,1.613985360642055,2.3677590921461222,0.9276461591275103,0.9553333333333334,3.991780153964593,0.7,4.925452091248324,13.319910005810126,67.74788561278538,0.9553333333333334,3.991780153964593,0.7
851,870,860,test,20,False,0.9227715072444734,0.9606099662425294,0.9949851332621846,0.7542067992649795,0.8896869225965934,3.2673659510932707,1.7478799962715912,1.630528676060372,2.3617810991181862,0.9261687405520529,0.9553333333333334,3.9941747697980197,0.7,4.927805546942865,13.31647533997165,67.74788561278538,0.9553333333333334,3.9941747697980197,0.7
852,871,861,test,20,False,0.9291476661904305,0.963923060306387,1.028886516579078,0.7523761262164431,0.8936001987085342,3.2673659510932707,1.7822972130949453,1.6607670573673434,2.4214077985886884,0.9270451507037291,0.952,3.98775670239803,0.65,4.935090540319306,13.706454032851425,67.74788561278538,0.952,3.98775670239803,0.65
853,872,862,test,20,False,0.8486596387912266,0.9212272460100313,1.094529203618706,0.7255151591057776,0.8672568411867587,2.9288430588874927,1.7290415503245882,1.609091202518916,2.4236248226492023,0.9414146671659721,0.9553333333333334,3.9758271968085475,0.65,4.637164582586352,11.254514607889961,51.35643978477128,0.9553333333333334,3.9758271968085475,0.65
854,873,863,test,20,False,0.8260960917986072,0.9088982846273873,1.0672029950310544,0.7111846439915994,0.8521362300313834,2.9288430588874927,1.7047495453295078,1.58754119792941,2.4443911682670962,0.9375485072905885,0.9553333333333334,3.9931022008591337,0.65,4.65454816135668,11.297953549788804,51.35643978477128,0.9553333333333334,3.9931022008591337,0.65
855,874,864,test,20,False,0.8324581019184738,0.9123914192485996,1.0402896618591955,0.717104690167091,0.856410468824752,2.9288430588874927,1.6997048433139228,1.5826863084439973,2.4176782596846573,0.9386437122896765,0.9553333333333334,3.952473567436979,0.65,4.613376814759114,11.254908017683231,51.35643978477128,0.9553333333333334,3.952473567436979,0.65
856,875,865,test,20,False,0.8332662763730241,0.9128341998265753,1.0387878582694379,0.7150815898030572,0.8572059238152482,2.9288430588874927,1.7168221532175298,1.601656025353135,2.470381292375381,0.9390598248598752,0.9553333333333334,3.94110363276148,0.65,4.60189132859556,11.247765616635414,51.35643978477128,0.9553333333333334,3.94110363276148,0.65
857,876,866,test,20,False,0.8545848720774775,0.9244375977195418,1.027098553612124,0.7332625413133896,0.8758610875062806,2.9288430588874927,1.7291345834985037,1.6167357238530375,2.4107636150350786,0.9474529050602305,0.9553333333333334,3.94279738054019,0.65,4.60362805776129,11.252630649657604,51.35643978477128,0.9553333333333334,3.94279738054019,0.65
858,877,867,test,20,False,0.8667345885412658,0.9309858154350504,1.0408350976742566,0.7412264177151509,0.8830277936639129,2.9288430588874927,1.7286164421898587,1.6196558410428092,2.390038899334754,0.9484868394598185,0.9553333333333334,3.9474152924697363,0.65,4.608371583998015,11.259059935486286,51.35643978477128,0.9553333333333334,3.9474152924697363,0.65
859,878,868,test,20,False,0.8952388878152391,0.946170644130983,1.0415356585365416,0.7560700444428303,0.9031397135312809,2.9288430588874927,1.7766726299313773,1.665810505471961,2.4015636321861757,0.9545209620837221,0.9553333333333334,3.94974698241018,0.65,4.6107850550658345,11.26784424314243,51.35643978477128,0.9553333333333334,3.94974698241018,0.65
860,879,869,test,20,False,1.0066646003416753,1.0033267664832206,1.0478931296042076,0.7978281795885176,0.9503063798749432,2.9288430588874927,1.86299194961904,1.7489001655487084,2.4078678882898545,0.9471554149859669,0.942,3.9422920634213816,0.6,4.872585021444422,13.474352788430888,51.35643978477128,0.942,3.9422920634213816,0.6
861,880,870,test,20,False,1.007595762109496,1.0037906963652812,1.0240265404894728,0.797085701744035,0.9509374976243896,2.9288430588874927,1.8624212710895616,1.750859455037083,2.409328574508486,0.9473463950878678,0.942,3.9547906190253665,0.6,4.885225888943372,13.486856338236336,51.35643978477128,0.942,3.9547906190253665,0.6
862,881,871,test,20,False,1.0078742633015052,1.0039294115133321,1.0242981771217177,0.7994728688859829,0.9512659805528049,2.9288430588874927,1.8568225061633203,1.7442689823429736,2.375300447935914,0.9475426953762198,0.942,3.9418054225072834,0.6,4.872085118740509,13.475186569961133,51.35643978477128,0.942,3.9418054225072834,0.6
863,882,872,test,20,False,0.9830041031261485,0.9914656338603717,1.0297172320021257,0.7813477215293821,0.9316925446018877,2.9288430588874927,1.8279227475380424,1.7165865080806875,2.404945208884829,0.939712394240281,0.942,3.942064486353658,0.6,4.872323087252333,13.478815305550459,51.35643978477128,0.942,3.942064486353658,0.6
864,883,873,test,20,False,1.07416468677305,1.0364191655759025,0.9617092956371264,0.8050562745557454,0.9612073448914972,3.1825926469183585,1.85888168520933,1.7503310711947275,2.388072688696267,0.9274310788698965,0.93,3.9408761113367836,0.6,5.276073150299122,14.297033574250595,51.35643978477128,0.93,3.9408761113367836,0.6
865,884,874,test,20,False,1.0770840202325,1.037826584855341,0.9195578079998351,0.8066342970977566,0.9624052460918456,3.1825926469183585,1.8454980354588515,1.7342421921687667,2.3715483918136,0.9273276095793903,0.9346666666666666,3.9671165660099286,0.6,5.222072764479024,13.420641517311463,51.35643978477128,0.9346666666666666,3.9671165660099286,0.6
866,885,875,test,20,False,1.036569233582303,1.0181204415894531,0.8491231450540747,0.7857600255557942,0.9374923102906498,3.1825926469183585,1.7821653588097366,1.6735765098219606,2.358426155851428,0.9208068829529348,0.9393333333333334,3.9364892953489314,0.65,5.143352519902951,12.682526532305175,51.35643978477128,0.9393333333333334,3.9364892953489314,0.65
867,886,876,test,20,False,1.0108575362108243,1.0054141118021094,0.8017019016620431,0.7692442801251971,0.9178434242515052,3.1825926469183585,1.754433845344466,1.6446232447759832,2.396278094578462,0.9129008768400497,0.9393333333333334,3.9009705728844972,0.65,5.107161409201841,12.658458859377308,51.35643978477128,0.9393333333333334,3.9009705728844972,0.65
868,887,877,test,20,False,0.9218187593210374,0.9601139303858878,0.7609859284303269,0.7381000223076336,0.8776468138435382,3.1825926469183585,1.678891773996862,1.5740576578760979,2.396140036855441,0.9141069471732334,0.9533333333333334,3.8628954544831235,0.7,4.7299276481450185,10.281603306545247,49.05469771063678,0.9533333333333334,3.8628954544831235,0.7
869,888,878,test,20,False,0.9575273498040238,0.9785332645362772,0.742048511776528,0.7531798041625909,0.8925508956414425,3.1825926469183585,1.696063915960958,1.5930370723883975,2.3821759968894813,0.9121313786551943,0.9433333333333334,3.824940006280709,0.7,4.886476144712231,11.448921272063917,49.05469771063678,0.9433333333333334,3.824940006280709,0.7
870,889,879,test,20,False,0.9735568265682957,0.9866898330115171,0.7345458978871269,0.7611747773926972,0.9042166109957943,3.1825926469183585,1.7258162555207412,1.619460411330986,2.3946809144835624,0.9164142375279141,0.9433333333333334,3.7984067731771134,0.7,4.859642315463267,11.428644743509384,49.05469771063678,0.9433333333333334,3.7984067731771134,0.7
871,890,880,test,20,False,0.9249671079822989,0.9617521031857944,0.7247357062191083,0.7378843423074303,0.8807443981453206,3.1825926469183585,1.6921963111969613,1.5861211227238108,2.4197401689850544,0.9157707014394493,0.9433333333333334,3.767100230738983,0.7,4.828019343137946,11.398429772333035,49.05469771063678,0.9433333333333334,3.767100230738983,0.7
872,891,881,test,20,False,0.9055169894079353,0.9515865643271427,0.7342541359992966,0.7299858836792618,0.8672083256414085,3.1825926469183585,1.659758663230427,1.5539848935520122,2.4066961282135337,0.9113288881444044,0.9466666666666667,3.7518317589663686,0.75,4.798680968429175,10.984122257525012,49.05469771063678,0.9466666666666667,3.7518317589663686,0.75
873,892,882,test,20,False,0.8525982306569679,0.923362458981828,0.6907931495724822,0.7083222322811272,0.8407361574488306,3.1825926469183585,1.6291273153823866,1.5236058264549264,2.4315646694783077,0.9105158535207207,0.9553333333333334,3.7566854357957538,0.8,4.743876878239876,10.268311277917451,49.05469771063678,0.9553333333333334,3.7566854357957538,0.8
874,893,883,test,20,False,0.8885155813505218,0.9426110445727451,0.7163829474423414,0.7294993738659862,0.8627657112961998,3.1825926469183585,1.6484500668884252,1.544464703944484,2.3870904496633214,0.9152934460759087,0.954,3.7452349178774917,0.75,4.733185112120391,10.26853561750198,49.05469771063678,0.954,3.7452349178774917,0.75
875,894,884,test,20,False,0.8651871188817999,0.9301543521812925,0.7169789506540031,0.7106257040734711,0.8429589780360512,3.1825926469183585,1.6349392804509324,1.5291491420788934,2.4488346021115808,0.9062570916958453,0.954,3.7675245901088585,0.75,4.755751661343017,10.280282198518584,49.05469771063678,0.954,3.7675245901088585,0.75
876,895,885,test,20,False,0.8735235103280485,0.9346247965510269,0.7182606115034851,0.7158025909694,0.8500602749175801,3.1825926469183585,1.6445492298448237,1.5357268038326402,2.436909006699231,0.9095203530384506,0.954,3.7768998162506646,0.75,4.765319107564826,10.283883527925955,49.05469771063678,0.954,3.7768998162506646,0.75
877,896,886,test,20,False,0.8652637766572285,0.9301955582871961,0.7149080534530351,0.7099739993430882,0.8441506862098789,3.1825926469183585,1.6480473355888936,1.5365693394989823,2.4608612293384704,0.9074980832678293,0.954,3.770864909722687,0.75,4.759138970341913,10.278189620786993,49.05469771063678,0.954,3.770864909722687,0.75
878,897,887,test,20,False,0.9139302978432278,0.9559970176957812,0.7227858350786158,0.7269229442038977,0.8656102421488272,3.1825926469183585,1.7033709689780057,1.5871982903818753,2.4835122026883263,0.9054528687078844,0.9473333333333334,3.756037346231973,0.7,4.85034418910709,11.495335643712432,49.05469771063678,0.9473333333333334,3.756037346231973,0.7
879,898,888,test,20,False,0.9058260898459942,0.9517489636695142,0.7628914185813094,0.725272547722757,0.8609137642152245,3.1825926469183585,1.6991026779994627,1.5826833881188056,2.484361032977246,0.904559707526163,0.9433333333333334,3.755833451412127,0.65,4.8901119480329704,12.197634151921395,49.05469771063678,0.9433333333333334,3.755833451412127,0.65
880,899,889,test,20,False,0.8592062560978798,0.926933792726255,0.756213339340681,0.7064738094215073,0.8453443849734722,3.1825926469183585,1.673007506325138,1.5574977668849517,2.494316029119175,0.9119792498741299,0.944,3.748929919051506,0.65,4.786617191928184,11.176647289441558,49.05469771063678,0.944,3.748929919051506,0.65
881,900,890,test,20,False,0.8387708244237219,0.9158443232469817,0.791202638577084,0.6905200714235742,0.827173416596049,3.1825926469183585,1.6481016100565888,1.5289603299161223,2.5187506302373657,0.9031812455455704,0.944,3.7335677739869273,0.65,4.771020039316153,11.155032796325665,49.05469771063678,0.944,3.7335677739869273,0.65
882,901,891,test,20,False,0.8617208127905325,0.9282891859709088,0.8119569648980294,0.7089992522122507,0.8458601312080221,3.1825926469183585,1.6759553099871307,1.5534721006933345,2.4997893232085375,0.9112032586303661,0.944,3.739752082223803,0.65,4.77728380515015,11.151284738085913,49.05469771063678,0.944,3.739752082223803,0.65
883,902,892,test,20,False,0.940547615846554,0.9698183416736116,0.8426739333427571,0.7432394981485805,0.8903977697478391,3.1825926469183585,1.7700756242172855,1.6410327464683772,2.4993546147055077,0.9181077852283999,0.9333333333333333,3.7319400483158067,0.6,4.992742164238689,12.769302635388339,49.05469771063678,0.9333333333333333,3.7319400483158067,0.6
884,903,893,test,20,False,0.824015331147671,0.9077529020320844,1.042356264193949,0.7036014141750956,0.8497321806165793,2.852776209656545,1.7213267655029,1.5926089612708993,2.543596340300309,0.9360831331019481,0.9433333333333334,3.7405601453607717,0.6,4.5613819767570805,11.489732213203578,36.834034850669184,0.9433333333333334,3.7405601453607717,0.6
885,904,894,test,20,False,0.7794653549464734,0.8828733515892715,0.9992648000838301,0.6844892906192703,0.8276764715746694,2.852776209656545,1.691415167190317,1.5660429351607668,2.5612936902416763,0.9374804099418772,0.9446666666666667,3.7217421283742547,0.65,4.53732529341811,11.288525244310282,36.834034850669184,0.9446666666666667,3.7217421283742547,0.65
886,905,895,test,20,False,0.8193294623181148,0.905168195595777,0.9244097707158158,0.7076270365396742,0.8522822470975289,2.852776209656545,1.738117565129573,1.6125228173536112,2.549913098616521,0.9415733465276707,0.9446666666666667,3.758794399959176,0.65,4.574896763698673,11.31794459707223,36.834034850669184,0.9446666666666667,3.758794399959176,0.65
887,906,896,test,20,False,0.8214624863268583,0.9063456770608321,0.9344593720187349,0.7109576412936586,0.8545041077577255,2.852776209656545,1.7240254812640483,1.6026394689035217,2.490818557683501,0.9428015484431694,0.9446666666666667,3.794570302414403,0.65,4.611337093551076,11.34279791497341,36.834034850669184,0.9446666666666667,3.794570302414403,0.65
888,907,897,test,20,False,0.8111784959886992,0.9006544820233224,0.8802252458061895,0.705636281916574,0.8462510951740928,2.852776209656545,1.6969932937969088,1.579244029621656,2.4612999989641247,0.9395957185190349,0.9446666666666667,3.8280595120350625,0.65,4.6454128190892305,11.360771626160304,36.834034850669184,0.9446666666666667,3.8280595120350625,0.65
889,908,898,test,20,False,0.7542785828208758,0.868492131697735,0.9240597406286777,0.6832382198051994,0.8200227930863025,2.852776209656545,1.650285517146888,1.5320650639155082,2.457945538139126,0.9441913900628158,0.9573333333333334,3.8543456412815926,0.7,4.468590316265901,9.9907196697831,36.834034850669184,0.9573333333333334,3.8543456412815926,0.7
890,909,899,test,20,False,0.7545282561960589,0.8686358593772531,0.9230327569499486,0.685231088695313,0.8201778232939361,2.852776209656545,1.6520351575229497,1.532124027442862,2.451417431209723,0.9442136361742448,0.954,3.8845416135195703,0.65,4.535945587641409,10.73177217440227,36.834034850669184,0.954,3.8845416135195703,0.65
891,910,900,test,20,False,0.7502894783408824,0.8661925180587065,0.9304162461235125,0.686180120960828,0.8174357133998207,2.852776209656545,1.6250773470839897,1.5090343250855915,2.407076688754322,0.94371135325879,0.954,3.9082139700474716,0.65,4.559870662296059,10.758452280049058,36.834034850669184,0.954,3.9082139700474716,0.65
892,911,901,test,20,False,0.7526558302140328,0.8675573930375056,0.9323448639849715,0.6861345967319837,0.8193987586134949,2.852776209656545,1.6219929936633508,1.510520700815555,2.400981251197713,0.9444893965396377,0.954,3.917934835231691,0.65,4.569704365674533,10.760241110661498,36.834034850669184,0.954,3.917934835231691,0.65
893,912,902,test,20,False,0.7446067826363648,0.8629060103141969,0.9389267460207511,0.6803897141043059,0.8134381732972195,2.852776209656545,1.6058402382227162,1.4967105247350312,2.398640569094863,0.942672971997303,0.954,3.9007932208795824,0.65,4.552356495441286,10.73751675315604,36.834034850669184,0.954,3.9007932208795824,0.65
894,913,903,test,20,False,0.7029029571128159,0.8383930803106714,0.8951512072835919,0.656368737305539,0.7860654248586066,2.852776209656545,1.57007597874277,1.459827550394217,2.422765815934641,0.9375857736890261,0.9553333333333334,3.8933891488396632,0.7,4.544046318433191,10.694594107077606,36.834034850669184,0.9553333333333334,3.8933891488396632,0.7
895,914,904,test,20,False,0.8063675446434777,0.8979797016878932,0.8883846771993448,0.7021378988644393,0.8410562812843395,2.852776209656545,1.6506307285164759,1.5411352703079026,2.3767856305398487,0.9366094575450233,0.942,3.9065549568093756,0.65,4.769516625077555,12.30884202382926,36.834034850669184,0.942,3.9065549568093756,0.65
896,915,905,test,20,False,0.8191098372967367,0.9050468702209498,0.8640030585966514,0.7088453535154512,0.8496236848533748,2.852776209656545,1.667312239940724,1.560168592364811,2.3737249601215993,0.9387620827261195,0.942,3.92090257379416,0.65,4.784079621772659,12.333877951037845,36.834034850669184,0.942,3.92090257379416,0.65
897,916,906,test,20,False,0.8725037843020788,0.9340791103017339,0.9071466565954329,0.730149620007308,0.8784054998651275,2.852776209656545,1.7236626943508138,1.6159045124364186,2.3834940663670996,0.9403973284247603,0.9373333333333334,3.922634776800461,0.6,4.8361954259035915,13.129878994346774,36.834034850669184,0.9373333333333334,3.922634776800461,0.6
898,917,907,test,20,False,0.7995917070385737,0.8941989191665206,0.925601527764491,0.6954954164234447,0.840989785803656,2.852776209656545,1.6691101814517668,1.5628616143868235,2.4247759963075426,0.940495193829511,0.944,3.9327172077406347,0.65,4.740154160905161,11.908336592519765,36.834034850669184,0.944,3.9327172077406347,0.65
899,918,908,test,20,False,0.7877775376114139,0.8875683284183894,0.9161818229093208,0.6887797856750191,0.8329586163703441,2.852776209656545,1.6423255331849405,1.5377989741201772,2.4115214503880273,0.9384726670617488,0.948,3.9045063534272697,0.7,4.6716034787057845,11.172556933401461,36.834034850669184,0.948,3.9045063534272697,0.7
900,919,909,test,20,False,0.7276503614768728,0.853024244366403,0.89537877087568,0.6677413111870645,0.8045179611021698,2.852776209656545,1.588948578863918,1.4872778512644476,2.4001297973986935,0.943136102420791,0.958,3.8842037649860988,0.7,4.482606504474642,10.048250351360425,36.834034850669184,0.958,3.8842037649860988,0.7
901,920,910,test,20,False,0.7273416787119273,0.852843290828935,0.8908262098726025,0.6681054754285527,0.8041080247856638,2.852776209656545,1.5862888114646683,1.4867476700245208,2.388888725880448,0.9428555438410002,0.958,3.8619327403030703,0.7,4.460078622595118,10.038681338334051,36.834034850669184,0.958,3.8619327403030703,0.7
902,921,911,test,20,False,0.7684441346684006,0.8766094539008809,0.887124384684589,0.6794789663888908,0.8245497518298848,2.852776209656545,1.6239773095016123,1.5301805049701955,2.4056290527455535,0.9406124336905879,0.9486666666666667,3.8504794233157904,0.65,4.530196576134175,10.670804703319074,36.834034850669184,0.9486666666666667,3.8504794233157904,0.65
903,922,912,test,20,False,0.7686225732182541,0.8767112256714032,0.8870275316199057,0.6852445961822845,0.8246167839629794,2.5765839030717794,1.5945823308731168,1.5079308209493154,2.3663139209128508,0.9405797026626084,0.9486666666666667,3.8505704153372777,0.65,4.424417979103096,10.00332388338724,36.26633276320601,0.9486666666666667,3.8505704153372777,0.65
904,923,913,test,20,False,0.7446101079885161,0.8629079371453922,0.8944078427324162,0.6788723213081929,0.8111490046810333,2.5765839030717794,1.5514259302285809,1.468707724607145,2.327083646493791,0.940018013236054,0.956,3.8529035760832073,0.7,4.358713519844374,9.066216329573532,36.26633276320601,0.956,3.8529035760832073,0.7
905,924,914,test,20,False,0.7411408691832204,0.8608953880601408,0.8923048456672092,0.6753092098070212,0.8088867398739346,2.5765839030717794,1.5377379880089923,1.458763893988706,2.3192930049996123,0.9395877258636528,0.956,3.843187153638268,0.7,4.348946831457584,9.050587367038883,36.26633276320601,0.956,3.843187153638268,0.7
906,925,915,test,20,False,0.7069843376034026,0.8408236067115401,0.9551444058897999,0.6561569084684935,0.788953744208573,2.5765839030717794,1.4994579350259927,1.4195594691001712,2.3280335870823574,0.9383106491195816,0.956,3.839111534594346,0.7,4.344884473741322,9.042890730134966,36.26633276320601,0.956,3.839111534594346,0.7
907,926,916,test,20,False,0.7171962490162807,0.8468743997879973,0.9375518315840274,0.6627341201224619,0.7976236815788716,2.5765839030717794,1.5207522249124723,1.4386872924479717,2.3419413014705395,0.9418441291631264,0.956,3.849321239053476,0.7,4.355200002067441,9.046382635343216,36.26633276320601,0.956,3.849321239053476,0.7
908,927,917,test,20,False,0.7202192101170757,0.8486572983938073,0.9767500180027597,0.6640048682335575,0.8002886599350688,2.5765839030717794,1.5455382970245375,1.4559273783397693,2.386427738215925,0.9430056884560089,0.956,3.84933747081046,0.7,4.355117028975768,9.056257868540385,36.26633276320601,0.956,3.84933747081046,0.7
909,928,918,test,20,False,0.7659227362127884,0.875170118441431,0.831747993573753,0.6802336040567287,0.8222240613652673,2.6347894421270084,1.6054528491816888,1.5131568249784857,2.4133104926353126,0.9395019825740234,0.9493333333333334,3.8532849850993176,0.65,4.477741289775824,10.38863786474605,36.26633276320601,0.9493333333333334,3.8532849850993176,0.65
910,929,919,test,20,False,0.777187394512816,0.8815823242969519,0.8475445540746327,0.6859739039593921,0.8286874170433839,2.6347894421270084,1.6037805272813697,1.5157334581093427,2.389546652366167,0.940000036530053,0.9526666666666667,3.8565455305565544,0.7,4.444341974862995,9.688141203092915,36.26633276320601,0.9526666666666667,3.8565455305565544,0.7
911,930,920,test,20,False,0.8319126877356675,0.9120924776225641,0.8396799398800446,0.7120914109563763,0.8556443030367411,2.6347894421270084,1.644426104626718,1.5521916617149258,2.3852307719164925,0.9381113472912754,0.9486666666666667,3.8696664468885404,0.65,4.4785038795185645,10.10714520157601,36.26633276320601,0.9486666666666667,3.8696664468885404,0.65
912,931,921,test,20,False,0.8236737391573332,0.9075647300095643,0.8328599848734952,0.7069536197068226,0.8481139880120792,2.6347894421270084,1.6253220591846573,1.532501779842438,2.3745112388655567,0.9344942128845635,0.9486666666666667,3.850128805932761,0.65,4.458721084074336,10.108607831847554,36.26633276320601,0.9486666666666667,3.850128805932761,0.65
913,932,922,test,20,False,0.8333123281287355,0.912859424078393,0.8395115967676923,0.7130586340343856,0.8551407260017839,2.6347894421270084,1.636350115034114,1.5439986921926065,2.3670091689565256,0.9367715372661229,0.9486666666666667,3.839168375918027,0.65,4.447517693158614,10.10364471847527,36.26633276320601,0.9486666666666667,3.839168375918027,0.65
914,933,923,test,20,False,0.8472855365323413,0.9204811440395405,0.8278383909429959,0.7214665159959568,0.8667124351467417,2.6347894421270084,1.652890605633622,1.5636454263023603,2.360932025626878,0.9415863005549094,0.9486666666666667,3.844995146876217,0.65,4.453359814868966,10.10862561676891,36.26633276320601,0.9486666666666667,3.844995146876217,0.65
915,934,924,test,20,False,0.7902784666319409,0.8889760776488538,0.8579671636555587,0.7044210847627431,0.844187096527493,2.6347894421270084,1.6244352254601693,1.5331836153330882,2.3688013912070227,0.9496173381405069,0.9586666666666667,3.8375074324588385,0.65,4.24715744023883,8.797899883805886,30.914921274346227,0.9586666666666667,3.8375074324588385,0.65
916,935,925,test,20,False,0.7900716333063378,0.8888597377012516,0.9017446274451352,0.7079369055195188,0.8440622084532228,2.6347894421270084,1.6070202943287115,1.5140726642794002,2.3307193772165133,0.9496011267605807,0.9586666666666667,3.848405524250519,0.65,4.2581246349972535,8.819330299219702,30.914921274346227,0.9586666666666667,3.848405524250519,0.65
917,936,926,test,20,False,0.7600171410934882,0.8717896197440573,0.8465337138737549,0.698252665201893,0.8300922432625188,2.6347894421270084,1.5718248809120479,1.4804865584009204,2.31552854549948,0.9521703682434529,0.962,3.8492603510217998,0.65,4.210464808756123,8.091535675813441,30.914921274346227,0.962,3.8492603510217998,0.65
918,937,927,test,20,False,0.782574433314568,0.8846323718441282,0.8565259247164423,0.713404067994843,0.8451208259520439,2.6347894421270084,1.585072427891267,1.495041244750679,2.2749853146773704,0.9553356318967645,0.962,3.8449545321008,0.65,4.206197359633272,8.082610759151567,30.914921274346227,0.962,3.8449545321008,0.65
919,938,928,test,20,False,0.7848426078674333,0.8859134313619098,0.8589644111665332,0.7156093814342019,0.846808248899565,2.6347894421270084,1.5776129823025964,1.4905135485951475,2.251659256675988,0.955858912306783,0.962,3.8689609782828573,0.65,4.230434418845173,8.109149683871298,30.914921274346227,0.962,3.8689609782828573,0.65
920,939,929,test,20,False,0.768006662775115,0.8763598934085899,0.8657586187299848,0.7026882291403334,0.8336842250629483,2.6347894421270084,1.5680783729845174,1.478531365036083,2.288656864950312,0.9513034899627193,0.9646666666666667,3.9030431455955936,0.7,4.260563462401222,8.051466304449336,30.914921274346227,0.9646666666666667,3.9030431455955936,0.7
921,940,930,test,20,False,0.7872963146379214,0.8872971963428722,0.8623867782068588,0.7161970082395607,0.8512745044204252,2.6347894421270084,1.619327562679354,1.5255031761854927,2.322901435456593,0.9594017742071992,0.9646666666666667,3.9458374360848367,0.7,4.303956604468647,8.093812833894088,30.914921274346227,0.9646666666666667,3.9458374360848367,0.7
922,941,931,test,20,False,0.7440348205797184,0.862574530449235,0.8733667853400985,0.7002216114596437,0.829461483324746,2.6347894421270084,1.5860193263808404,1.4903988314356025,2.3263033019599546,0.961611378546914,0.974,3.9567496111535476,0.75,4.233277875643168,7.464287864653981,30.914921274346227,0.974,3.9567496111535476,0.75
923,942,932,test,20,False,0.6873269631512852,0.8290518458765321,0.8758664119188047,0.6732387354583478,0.8028523605828933,2.6347894421270084,1.5620282697321592,1.4633185033800935,2.373841851722748,0.968398254676173,0.9846666666666667,3.9743615548822686,0.8,4.133614195406503,6.519197374097972,30.914921274346227,0.9846666666666667,3.9743615548822686,0.8
924,943,933,test,20,False,0.7236938262368162,0.8507019608751447,0.8800422637410645,0.6892413762073668,0.8220229546318908,2.6347894421270084,1.6040821346427756,1.5048180253748222,2.3817088551818086,0.9662878333867352,0.98,3.968899479643249,0.75,4.161777191367817,7.126910677127917,30.914921274346227,0.98,3.968899479643249,0.75
925,944,934,test,20,False,0.724810469583353,0.8513580149287097,0.8770934614756445,0.6902049805557731,0.8227658300072294,2.6347894421270084,1.6164910706205684,1.5107300693266326,2.3981338829190975,0.9664157916879722,0.98,3.973170458140545,0.75,4.16602685183037,7.133056463685358,30.914921274346227,0.98,3.973170458140545,0.75
926,945,935,test,20,False,0.7821712818528168,0.8844044786480996,0.9000079662363224,0.7195456375290308,0.8527314605554672,2.6347894421270084,1.6521973669748278,1.5508093348731535,2.366946416290147,0.9641871803486932,0.97,3.9633572833828947,0.7,4.19169801678956,7.516695477696653,30.914921274346227,0.97,3.9633572833828947,0.7
927,946,936,test,20,False,0.7644944407250664,0.8743537274610697,0.9287878121496833,0.7049316654264047,0.8349917912594892,2.6347894421270084,1.6283330986482074,1.5241697807902785,2.406889342097141,0.9549816796505474,0.97,3.941709715416221,0.7,4.169771509989162,7.494496847290931,30.914921274346227,0.97,3.941709715416221,0.7
928,947,937,test,20,False,0.841547671129123,0.9173590742610677,1.017714836159664,0.7375221733568564,0.8741066063656614,2.650656893256012,1.6922119770693116,1.5942781567474102,2.3854899331976207,0.9528511036638013,0.9553333333333334,3.924684179145824,0.65,4.364649835163297,9.009595987663179,34.67829042325628,0.9553333333333334,3.924684179145824,0.65
929,948,938,test,20,False,0.7795324947596024,0.8829113742384354,1.2191422291226148,0.7084419915503226,0.8406366173884242,2.650656893256012,1.6120143667292173,1.5185168478199251,2.3670664165770754,0.9521189124033251,0.962,3.917986457188977,0.7,4.239192556851064,7.6635162753235875,34.67829042325628,0.962,3.917986457188977,0.7
930,949,939,test,20,False,0.7913952334047959,0.8896039756008265,1.2489125474607794,0.7182066098317686,0.8465940064482492,2.650656893256012,1.606495038974374,1.5153584856537827,2.3368911611547194,0.9516526787961699,0.962,3.9036732139762096,0.7,4.224601793483908,7.6379194779375315,34.67829042325628,0.962,3.9036732139762096,0.7
931,950,940,test,20,False,0.7377045133334976,0.8588972658784622,1.2033005787210678,0.6915653121524634,0.8203246734193659,2.650656893256012,1.5883223634318862,1.4955389392511285,2.3769738249704373,0.9550905632239438,0.966,3.889450059039649,0.75,4.1893096552683655,7.20765781279255,34.67829042325628,0.966,3.889450059039649,0.75
932,951,941,test,20,False,0.7546705916098712,0.8687177859407916,1.1866265971077776,0.703916707979511,0.8342161754764718,2.650656893256012,1.6186510708793223,1.5253516167354573,2.371963124225781,0.9602844433224585,0.966,3.9123889294876983,0.75,4.212591065634644,7.218340634198557,34.67829042325628,0.966,3.9123889294876983,0.75
933,952,942,test,20,False,0.758287452010941,0.8707970211311825,1.180129029994986,0.7071397355122979,0.8365366886333815,2.650656893256012,1.6284663809660844,1.5319697780004196,2.3749551665335735,0.9606563508298455,0.966,3.9234482203230425,0.75,4.223908586184234,7.222016887564311,34.67829042325628,0.966,3.9234482203230425,0.75
934,953,943,test,20,False,0.7480286193416508,0.8648864777192732,1.2825641288289187,0.7017116247695612,0.8285124560650452,2.650656893256012,1.6197068053811237,1.520002758429114,2.382413876177345,0.957943588446258,0.966,3.9170052551299457,0.75,4.217356091584771,7.218749528648547,34.67829042325628,0.966,3.9170052551299457,0.75
935,954,944,test,20,False,0.7053780616738657,0.839867883463742,1.2069241477539074,0.67592993699425,0.8004264757500282,2.650656893256012,1.5694239447768827,1.4707487148803833,2.4020765262576815,0.9530385570275036,0.9693333333333334,3.918491737284136,0.8,4.205364318074393,6.933755283273106,34.67829042325628,0.9693333333333334,3.918491737284136,0.8
936,955,945,test,20,False,0.7294351801902952,0.8540697747785571,1.2130960087598375,0.6811760525640875,0.8130477475669753,2.650656893256012,1.6281481538193756,1.5241909288647926,2.461688082498053,0.9519687636502323,0.9646666666666667,3.9108257757008738,0.75,4.253894895572893,7.780149579024581,34.67829042325628,0.9646666666666667,3.9108257757008738,0.75
937,956,946,test,20,False,0.7011511140485037,0.8373476661748713,1.1793888651279005,0.6622975190733195,0.7941045971664833,2.650656893256012,1.6004314499763652,1.4996748912280926,2.489489547164663,0.9483570913788669,0.966,3.9166274831179764,0.8,4.2579333707987805,7.721643801831583,34.67829042325628,0.966,3.9166274831179764,0.8
938,957,947,test,20,False,0.6978479868204781,0.8353729627061665,1.2186440662576103,0.6589700896512963,0.7922321634897289,2.650656893256012,1.604434349030435,1.5032437959090466,2.505089402799606,0.9483574389615337,0.966,3.9161034975130984,0.8,4.257310409350828,7.713362415201156,34.67829042325628,0.966,3.9161034975130984,0.8
939,958,948,test,20,False,0.7043985358317879,0.8392845380630981,1.1951681064958037,0.6641266661032308,0.7966968048315388,2.650656893256012,1.611604457049555,1.5059540424867004,2.4988192738435537,0.9492570978016069,0.966,3.916364245390123,0.8,4.257618968417869,7.711764043746617,34.67829042325628,0.966,3.916364245390123,0.8
940,959,949,test,20,False,0.7041067264403469,0.8391106759184672,1.1704053230455023,0.6632069129814611,0.7964091949496972,2.650656893256012,1.6071198752212124,1.501526518234941,2.49379937845875,0.9491110264780862,0.966,3.905173914871789,0.8,4.246170651946357,7.689813923892755,34.67829042325628,0.966,3.905173914871789,0.8
941,960,950,test,20,False,0.7022686400472737,0.8380147015698911,1.256648420206693,0.661607611008512,0.7951171086587074,2.650656893256012,1.5857683032320877,1.4847110649815636,2.4640223469446747,0.9488104530495448,0.966,3.898700481010413,0.8,4.2395737013741455,7.675048546432225,34.67829042325628,0.966,3.898700481010413,0.8
942,961,951,test,20,False,0.7185313569989118,0.8476622894755386,1.2558987927795129,0.6716768695931946,0.8044929019514422,2.650656893256012,1.5946457852979592,1.4938497570945948,2.447330183378834,0.9490724218122221,0.966,3.911517429890376,0.8,4.2525317525807855,7.692901214929201,34.67829042325628,0.966,3.911517429890376,0.8
943,962,952,test,20,False,0.7285100046141881,0.8535279752967609,1.2109150329280254,0.6813640541402781,0.8103103069269405,2.650656893256012,1.595552797326197,1.4962775835898496,2.4133679662817697,0.9493658443300652,0.966,3.9094775332508944,0.8,4.250446443165066,7.696824797586608,34.67829042325628,0.966,3.9094775332508944,0.8
944,963,953,test,20,False,0.6795575922907064,0.8243528324029138,1.187448574950984,0.6580197318243726,0.7816297074899422,2.650656893256012,1.5490529798196935,1.4443815013314885,2.4296560296044727,0.9481737391640451,0.9706666666666667,3.9091977538683915,0.85,4.216505217744197,7.08654426710258,34.67829042325628,0.9706666666666667,3.9091977538683915,0.85
945,964,954,test,20,False,0.6937430972882026,0.8329124187381304,1.2129727087142115,0.665655698157603,0.7900421936843643,2.650656893256012,1.5621461002041777,1.459681411592756,2.4197658280572116,0.9485297324312744,0.9706666666666667,3.9088307749241333,0.85,4.216318999714663,7.088357599208402,34.67829042325628,0.9706666666666667,3.9088307749241333,0.85
946,965,955,test,20,False,0.6541036803827056,0.808766765132387,1.344694714031067,0.644214677547817,0.7715511794846668,2.650656893256012,1.5550296729912303,1.4485999092777289,2.464313632962593,0.9539847737912074,0.9806666666666667,3.922790540294319,0.9,4.194917192179931,6.7200244235859685,34.67829042325628,0.9806666666666667,3.922790540294319,0.9
947,966,956,test,20,False,0.658390953858833,0.8114129367090673,1.3425231317271382,0.6489157182308711,0.777228150759254,2.650656893256012,1.5644720761719673,1.457912192750362,2.4492622603591427,0.9578700506200207,0.9806666666666667,3.943235154039634,0.9,4.215600361302485,6.747606894590406,34.67829042325628,0.9806666666666667,3.943235154039634,0.9
948,967,957,test,20,False,0.6149769217398778,0.7842046427686321,1.5149652297233653,0.6354791461224364,0.7590536284548699,2.5590069991498128,1.5177025447954071,1.4098018613101415,2.4312675631270984,0.9679279961605856,0.9953333333333333,3.9686597869663816,0.95,4.029275036634511,5.235564371603594,21.798668977323892,0.9953333333333333,3.9686597869663816,0.95
949,968,958,test,20,False,0.6802396997496075,0.824766451639255,1.245127282655054,0.6708585090032517,0.7937983100255923,2.5590069991498128,1.5687102833669428,1.4565426095767302,2.412680525857695,0.9624522292921683,0.9953333333333333,3.9850314618348106,0.95,4.0458280816373815,5.2668487027198525,21.798668977323892,0.9953333333333333,3.9850314618348106,0.95
950,969,959,test,20,False,0.6577848674971063,0.8110393748130273,1.2424494919511069,0.6573107449709357,0.7817922483699641,2.5590069991498128,1.5586494655668717,1.4422180536929412,2.4334953450814196,0.9639387095727556,0.9953333333333333,3.981558117418264,0.95,4.042342120373957,5.263046243584328,21.798668977323892,0.9953333333333333,3.981558117418264,0.95
951,970,960,test,20,False,0.653779820386439,0.8085665219302856,1.0921464005545003,0.6536891457959665,0.7790560848802994,2.5590069991498128,1.5433485254031984,1.4305431579915635,2.422552359039022,0.9635027715721695,0.9953333333333333,3.9804769531151547,0.95,4.041295577593479,5.270200231165518,21.798668977323892,0.9953333333333333,3.9804769531151547,0.95
952,971,961,test,20,False,0.6417340022241889,0.8010830183097061,1.0749215889920496,0.6440844247907774,0.7699034606754834,2.5590069991498128,1.5355086668724187,1.4192874840962573,2.462115070343825,0.9610782441749771,0.9953333333333333,3.9876183288532374,0.95,4.048594085277195,5.2835775632662925,21.798668977323892,0.9953333333333333,3.9876183288532374,0.95
953,972,962,test,20,False,0.6218069861871192,0.7885473899437618,0.9987648233158657,0.6303225902780498,0.7545516038480395,2.5590069991498128,1.5057455759275031,1.3909442319128034,2.4726602071435715,0.9568880874767123,0.9953333333333333,4.002423232555867,0.95,4.06354078675175,5.304551859292443,21.798668977323892,0.9953333333333333,4.002423232555867,0.95
954,973,963,test,20,False,0.6524043146600115,0.8077154911601061,0.9489393930062555,0.6462837633168358,0.7746752153433654,2.5590069991498128,1.544116649553525,1.4267325256600063,2.472382394733752,0.9590941659800463,0.9953333333333333,4.000720934708511,0.95,4.0619554345609306,5.309212122486004,21.798668977323892,0.9953333333333333,4.000720934708511,0.95
955,974,964,test,20,False,0.6526364581474302,0.8078591821273249,0.915423584568261,0.6470972592201385,0.7749166091982287,2.5590069991498128,1.5402554451160246,1.4261021172291728,2.4572466061133307,0.9592223822444539,0.9953333333333333,4.000424431502425,0.95,4.061710243905681,5.310488092967333,21.798668977323892,0.9953333333333333,4.000424431502425,0.95
956,975,965,test,20,False,0.6094830295539923,0.7806939410255419,0.9175654746797446,0.6270298764812748,0.7484183309597963,2.050992006755836,1.478815028989953,1.369870164717951,2.461424853444717,0.9586577935735642,1.0,3.9958748383127296,1.0,4.000784498901776,4.441413814745058,4.669793641585733,1.0,3.9958748383127296,1.0
957,976,966,test,20,False,0.6195612207234118,0.7871221129681288,0.9396469964005885,0.6354056445500971,0.7563375525017106,2.050992006755836,1.4959122551185522,1.383630727661916,2.4528660913673335,0.9608897273253653,1.0,3.9993207814043434,1.0,4.004341603351865,4.448930258107663,4.669793641585733,1.0,3.9993207814043434,1.0
958,977,967,test,20,False,0.5923786561611207,0.7696613905875237,0.9389874128171443,0.6180162331568454,0.735625255854333,2.050992006755836,1.4606326276608235,1.3472102308243468,2.4738051910045025,0.9557777807884982,1.0,3.9979002056688597,1.0,4.002928885409027,4.453438888735189,4.669793641585733,1.0,3.9979002056688597,1.0
959,978,968,test,20,False,0.653934386199471,0.8086620964280884,0.9574075863795256,0.6399045970528819,0.764476837093557,2.393098666490742,1.5097121128688584,1.3979766639679754,2.4768493770802094,0.9453600465142357,0.9886666666666667,3.9975874223161325,0.95,4.1105191677025905,5.499476532140886,25.337595375140626,0.9886666666666667,3.9975874223161325,0.95
960,979,969,test,20,False,0.6865419616596238,0.8285782773278719,0.9289432329022648,0.6606149890947752,0.7868632661693934,2.393098666490742,1.5614479359143414,1.4483110367780418,2.4747383093628947,0.9496547130187777,0.9886666666666667,4.006310291886306,0.95,4.11940479839532,5.513875179342199,25.337595375140626,0.9886666666666667,4.006310291886306,0.95
961,980,970,test,20,False,0.680971416949476,0.8252099229586833,0.9460185017029981,0.6559950061657671,0.7826167801658581,2.393098666490742,1.5670652629829618,1.4513414226395447,2.510631821786729,0.9483850816527836,0.9886666666666667,4.000005308457301,0.95,4.113145944082027,5.512502244940515,25.337595375140626,0.9886666666666667,4.000005308457301,0.95
962,981,971,test,20,False,0.6546818401863049,0.8091241191475539,0.9425682086142939,0.6411574035893695,0.7661004495206265,2.393098666490742,1.5399055596799376,1.4255940571044454,2.514032872334038,0.9468268605411805,0.9886666666666667,3.9835582070557916,0.95,4.096453158928744,5.49299459786981,25.337595375140626,0.9886666666666667,3.9835582070557916,0.95
963,982,972,test,20,False,0.6318403203025911,0.7948838407607687,0.9598507550063454,0.6285711000163416,0.7512085188201999,2.393098666490742,1.5034079597548873,1.3923407416010554,2.4990040775804174,0.9450544599085472,0.9886666666666667,3.9738725658244083,0.95,4.08671897671277,5.473742203053465,25.337595375140626,0.9886666666666667,3.9738725658244083,0.95
964,983,973,test,20,False,0.643609861084268,0.8022529906982385,0.9697679554769818,0.6357245359288634,0.7601755107253252,2.393098666490742,1.5170446772571793,1.4103250483807572,2.4904018835461845,0.9475508593164714,0.9886666666666667,3.966452460961606,0.95,4.079218733553839,5.459539471769589,25.337595375140626,0.9886666666666667,3.966452460961606,0.95
965,984,974,test,20,False,0.6323332261541709,0.7951938292983484,0.9701869166094025,0.6318441138726533,0.753633201974432,2.393098666490742,1.4926321728098952,1.3895781986935196,2.4691768622506913,0.9477352240514894,0.9886666666666667,3.9640160607979356,0.95,4.076615840112762,5.451580452119968,25.337595375140626,0.9886666666666667,3.9640160607979356,0.95
966,985,975,test,20,False,0.603776966019189,0.7770308655511626,0.9956975219736642,0.6151019919966279,0.7324994790443962,2.393098666490742,1.4449098527920514,1.344813687896845,2.4620050916916947,0.9426903248236098,0.9886666666666667,3.965709879978641,0.95,4.078253608576755,5.445923581434998,25.337595375140626,0.9886666666666667,3.965709879978641,0.95
967,986,976,test,20,False,0.6052219978502676,0.7779601518395833,0.9894501181135399,0.6161330007157474,0.7341035974636749,2.393098666490742,1.4412393976917908,1.3452239695739485,2.444423335642967,0.9436262200934017,0.9886666666666667,3.966951674911652,0.95,4.079564280423317,5.44407028872976,25.337595375140626,0.9886666666666667,3.966951674911652,0.95
968,987,977,test,20,False,0.5819369907773296,0.7628479473508004,0.9901590161291572,0.6057560365931682,0.7208791170938869,2.393098666490742,1.412110368481294,1.3162718144274401,2.4310727525968323,0.9449840162739352,0.9886666666666667,3.968533931334617,0.95,4.0811294941724645,5.4417170075867904,25.337595375140626,0.9886666666666667,3.968533931334617,0.95
969,988,978,test,20,False,0.5191819484234913,0.7205428151216909,0.8978484613643988,0.5732109559107753,0.6881825340874418,2.393098666490742,1.3651235525203314,1.2729926547387072,2.4463018962011183,0.9550890240591964,0.9886666666666667,3.9613235341910693,0.95,4.073779182415004,5.421514990489557,25.337595375140626,0.9886666666666667,3.9613235341910693,0.95
970,989,979,test,20,False,0.5094799569697395,0.7137786470396403,0.8836894476841136,0.567791245335254,0.6817183603628802,2.393098666490742,1.359117340655311,1.2687916719578027,2.456648883303745,0.9550837128432905,0.9886666666666667,3.972051642648043,0.95,4.084680034357326,5.432471810553531,25.337595375140626,0.9886666666666667,3.972051642648043,0.95
971,990,980,test,20,False,0.5055675050138837,0.7110327031957698,0.8880796853782819,0.5658032896363066,0.6788226234530833,2.393098666490742,1.354214003876195,1.264589668987061,2.4558501989394395,0.9546995804863591,0.9886666666666667,3.969810712089973,0.95,4.082371866292169,5.425710979772199,25.337595375140626,0.9886666666666667,3.969810712089973,0.95
972,991,981,test,20,False,0.5200600560613524,0.721151895276822,0.8942079276182963,0.5757363755995577,0.6895732518180056,2.393098666490742,1.3567302587414969,1.271736482045682,2.406540427830472,0.9562108292779364,0.9886666666666667,3.966311742976623,0.95,4.078875840561727,5.420870089738175,25.337595375140626,0.9886666666666667,3.966311742976623,0.95
973,992,982,test,20,False,0.5773011249972259,0.7598033462661413,0.9017091563426693,0.6077675953087883,0.723754875609733,2.393098666490742,1.390359390616141,1.3083295334724279,2.356492276589877,0.9525555252769556,0.9886666666666667,3.9726581041739184,0.95,4.085210734670127,5.432424917226881,25.337595375140626,0.9886666666666667,3.9726581041739184,0.95
974,993,983,test,20,False,0.5759101800636678,0.7588874620545972,0.8218856846036176,0.6085175688816872,0.7230260078530241,2.393098666490742,1.3800528006424162,1.300835298709921,2.341550662671736,0.9527447006378488,0.9886666666666667,3.9772595467141847,0.95,4.089882261962454,5.429322549640066,25.337595375140626,0.9886666666666667,3.9772595467141847,0.95
975,994,984,test,20,False,0.5855033017506492,0.765181874949119,0.7885853118048212,0.6161201066093521,0.7314745402533711,2.393098666490742,1.3911069285784057,1.3089231452656205,2.3293999186798104,0.9559485975827782,0.9886666666666667,3.9988423444003547,0.95,4.111602399934605,5.461540725647731,25.337595375140626,0.9886666666666667,3.9988423444003547,0.95
976,995,985,test,20,False,0.6412082927788433,0.800754826884511,0.7659003656357563,0.6453786850705484,0.7635042576561536,2.393098666490742,1.4410149097756177,1.3590226981668088,2.2846336488985868,0.9534806810053361,0.9813333333333333,3.9714437369676365,0.9,4.196460599799488,6.635417698682559,27.89472287357495,0.9813333333333333,3.9714437369676365,0.9
977,996,986,test,20,False,0.6251106747262003,0.7906394087864583,0.732622221874373,0.6332846273353063,0.7495231925007608,2.393098666490742,1.4255672858133466,1.3414521033750257,2.3265880937321115,0.9479962473046895,0.9813333333333333,3.9418456841697966,0.9,4.166408062034473,6.601315269590894,27.89472287357495,0.9813333333333333,3.9418456841697966,0.9
978,997,987,test,20,False,0.6637851650670833,0.8147301179329774,0.75116520001468,0.6601595903912097,0.7764446023487938,2.393098666490742,1.4446187791293972,1.3651360046347685,2.2619056208233315,0.9530083462713806,0.9813333333333333,3.9211010904075083,0.9,4.145338624979644,6.58447636877311,27.89472287357495,0.9813333333333333,3.9211010904075083,0.9
979,998,988,test,20,False,0.6061374065949855,0.7785482686352757,0.6867982649439522,0.6404210691262102,0.7500276052291301,2.3283583005726167,1.4152600986217665,1.331387665735533,2.2800417420954915,0.9633668655430448,0.99,3.912486285208077,0.9,4.046061925957409,5.919824510728993,27.89472287357495,0.99,3.912486285208077,0.9
980,999,989,test,20,False,0.6651582227426511,0.815572328333086,0.7778522854225531,0.6601343901519592,0.7746524180459341,3.0949610911858283,1.4663859084090665,1.380304934438945,2.2809280641633776,0.9498267549479193,0.982,3.9047705368970975,0.85,4.3244636322848535,8.52718236945699,56.54994246039849,0.982,3.9047705368970975,0.85
981,1000,990,test,20,False,0.7160727912686371,0.8462108432705392,0.8057599285968876,0.6860783294668238,0.8030271143147718,3.0949610911858283,1.5137212845320178,1.4282580227651143,2.247036642736126,0.94896812148038,0.9793333333333333,3.9131733717861015,0.8,4.340220979042927,8.693938616181583,56.54994246039849,0.9793333333333333,3.9131733717861015,0.8
