{
  "mse": 4.784589434339874,
  "rmse": 2.187370438297975,
  "mae": 1.432726090219374,
  "r2": 0.9813851275335499,
  "mape": 1.6115529952235335
}