t_ini,t_fin,t_centro,bloque,n_ventana,cruza_T0,mise,rmse_f,mise_rel,mae_f,l2_medio,linf_max,linf_medio,q95_abs,razon_linf_l1,razon_agregacion,cobertura_puntual,ancho_medio,cobertura_simultanea,winkler,winkler_max_medio,winkler_max_glob,picp,mpiw,picp_simultaneo,banda
5,34,19,train,30,False,0.9069168168059831,0.9523218031768375,1.0024203129178044,0.7582400611871987,0.8887733162000505,2.9490290963895736,1.6574079170376892,1.5494806515115553,2.270049354507005,0.9332699442932039,0.968,3.9774432549879726,0.7666666666666667,4.403616386751244,8.093940821117913,47.57268488430427,0.968,3.9774432549879726,0.7666666666666667,FAR (IC del modelo AR)
6,35,20,train,30,False,0.9325096803057333,0.9656654080507043,1.0119554954305892,0.7737510190709977,0.9042486731544115,2.9490290963895736,1.6719801997251167,1.566726984958667,2.2408625062851906,0.9363995703022345,0.968,3.9774432549879726,0.7666666666666667,4.403616386751244,8.093940821117911,47.57268488430427,0.968,3.9774432549879726,0.7666666666666667,FAR (IC del modelo AR)
7,36,21,train,30,False,1.0024447338121545,1.0012216207274764,1.0061406312557375,0.7996059425153622,0.9325730031240639,2.9490290963895736,1.7192494269630447,1.6138046807669084,2.2360227247801676,0.9314351426475057,0.9586666666666667,3.9774432549879726,0.7333333333333333,4.567732223383718,9.198859193397602,47.57268488430427,0.9586666666666667,3.9774432549879726,0.7333333333333333,FAR (IC del modelo AR)
8,37,22,train,30,False,1.0454489228974415,1.0224719668027293,1.0005461801034579,0.8143783529264103,0.9481808732573968,3.151833406658957,1.7465886486575775,1.6413990950542956,2.227412727528273,0.9273416817698769,0.9528888888888889,3.9774432549879726,0.7333333333333333,4.728612442703466,10.247969163211016,47.57268488430427,0.9528888888888889,3.9774432549879726,0.7333333333333333,FAR (IC del modelo AR)
9,38,23,train,30,False,1.048435290354663,1.0239312918134025,0.9998612246992236,0.8160834417854469,0.949447304104257,3.151833406658957,1.7443513429116309,1.6426163443733264,2.2214087216416285,0.9272568498446484,0.9533333333333334,3.9774432549879726,0.7333333333333333,4.7133389581151075,9.99173521418578,47.57268488430427,0.9533333333333334,3.9774432549879726,0.7333333333333333,FAR (IC del modelo AR)
10,39,24,train,30,False,1.0245913445578765,1.0122209959084412,0.9678875864623797,0.8065317200474404,0.936606163696061,3.151833406658957,1.7110334166044283,1.6126175912601228,2.2074673476842763,0.925298099409094,0.9555555555555556,3.9774432549879726,0.7666666666666667,4.69317781185279,9.572081712302657,47.57268488430427,0.9555555555555556,3.9774432549879726,0.7666666666666667,FAR (IC del modelo AR)
11,40,25,train,30,False,0.9990434484993588,0.9995216098210977,0.9576024345518853,0.7972629739270307,0.9263368538659044,3.151833406658957,1.6937142240578247,1.594589349007805,2.2077294705464725,0.9267802164194404,0.96,3.9774432549879726,0.8,4.664987544158218,9.132371972001405,47.57268488430427,0.96,3.9774432549879726,0.8,FAR (IC del modelo AR)
12,41,26,train,30,False,0.9637209301798698,0.9816928899507573,0.9250213938691697,0.7791423564771076,0.9074579728445996,3.151833406658957,1.6682700985950247,1.572837684298988,2.2243110845037135,0.9243807122715523,0.96,3.9774432549879726,0.8,4.664987544158218,9.132371972001405,47.57268488430427,0.96,3.9774432549879726,0.8,FAR (IC del modelo AR)
13,42,27,train,30,False,0.9300775827729608,0.9644053000543708,0.9029088815058637,0.7642330916186891,0.8889512014250599,3.151833406658957,1.6332906821219573,1.540544965131132,2.216022420900464,0.9217610079236842,0.96,3.9774432549879726,0.8,4.664987544158218,9.132371972001405,47.57268488430427,0.96,3.9774432549879726,0.8,FAR (IC del modelo AR)
14,43,28,train,30,False,0.914170108611459,0.956122433902405,0.8932065471507213,0.7545646266918463,0.877534776609783,3.151833406658957,1.6087487127339108,1.5174721548217827,2.213847375181819,0.9178058640755168,0.96,3.9774432549879726,0.8,4.664987544158218,9.132371972001406,47.57268488430427,0.96,3.9774432549879726,0.8,FAR (IC del modelo AR)
15,44,29,train,30,False,0.9173837623962927,0.9578015255763026,0.8877226177628003,0.7567695317304252,0.8806816916274759,3.151833406658957,1.618017297382918,1.5268230286365443,2.223930804501085,0.9194824482009213,0.96,3.9774432549879726,0.8,4.664987544158218,9.132371972001406,47.57268488430427,0.96,3.9774432549879726,0.8,FAR (IC del modelo AR)
16,45,30,train,30,False,0.9516670838454905,0.9755342555981776,0.8920988304397706,0.775315282349917,0.9015558911718939,3.151833406658957,1.6517413224450308,1.5601749719334663,2.2121560053999105,0.9241663078443907,0.96,3.9774432549879726,0.8,4.664987544158218,9.132371972001406,47.57268488430427,0.96,3.9774432549879726,0.8,FAR (IC del modelo AR)
17,46,31,train,30,False,0.9601011215673162,0.9798474991381649,0.8921765059203863,0.7791569681245369,0.9095850630784468,3.151833406658957,1.6859694904299347,1.588894643711878,2.2672454697514093,0.9282924780422278,0.96,3.9774432549879726,0.8,4.664987544158218,9.132371972001405,47.57268488430427,0.96,3.9774432549879726,0.8,FAR (IC del modelo AR)
18,47,32,train,30,False,0.9645202579692659,0.9820999225991548,0.8908459033616573,0.7806937046338945,0.9134276190934616,3.151833406658957,1.701996857644671,1.599965727497467,2.291877241509345,0.9300760524204604,0.96,3.9774432549879726,0.8,4.664987544158218,9.132371972001406,47.57268488430427,0.96,3.9774432549879726,0.8,FAR (IC del modelo AR)
19,48,33,train,30,False,0.9569660254317537,0.9782464032296534,0.8802083882223494,0.7763989115932216,0.9085222306254693,3.151833406658957,1.7013531392589039,1.5934971535477735,2.30563591459161,0.928725347341946,0.96,3.9774432549879726,0.8,4.664987544158218,9.132371972001406,47.57268488430427,0.96,3.9774432549879726,0.8,FAR (IC del modelo AR)
20,49,34,train,30,False,0.9158526017221026,0.957001881775633,0.846894098795246,0.758807302836302,0.8886428261860347,3.151833406658957,1.6620515690217197,1.554035679220364,2.3018794232779864,0.9285695703515608,0.9644444444444444,3.9774432549879726,0.8333333333333334,4.6143097703961455,8.545171189606233,47.57268488430427,0.9644444444444444,3.9774432549879726,0.8333333333333334,FAR (IC del modelo AR)
21,50,35,train,30,False,0.9108730702807722,0.954396704877365,0.8437149320062919,0.758603610173379,0.8863018601600179,3.151833406658957,1.662040392793944,1.5525554302752114,2.3023677753600293,0.9286514251680102,0.9657777777777777,3.9774432549879726,0.8333333333333334,4.604075249974701,8.369924470479573,47.57268488430427,0.9657777777777777,3.9774432549879726,0.8333333333333334,FAR (IC del modelo AR)
22,51,36,train,30,False,0.9159946730791081,0.9570761062105292,0.8472449336895295,0.7623216962957794,0.890329778811355,3.151833406658957,1.6674139761957882,1.5575834237200403,2.29797941710479,0.9302601674349062,0.9657777777777777,3.9774432549879726,0.8333333333333334,4.604075249974701,8.369924470479573,47.57268488430427,0.9657777777777777,3.9774432549879726,0.8333333333333334,FAR (IC del modelo AR)
23,52,37,train,30,False,0.9207187968637623,0.95954093027018,0.8514798144508191,0.7673152599084792,0.8937500669926082,3.151833406658957,1.6538306524797464,1.547200431479437,2.252231613288708,0.9314350631618737,0.9657777777777777,3.9774432549879726,0.8333333333333334,4.604075249974701,8.369924470479573,47.57268488430427,0.9657777777777777,3.9774432549879726,0.8333333333333334,FAR (IC del modelo AR)
24,53,38,train,30,False,0.9198811278715378,0.9591043362802285,0.8625607407595475,0.7675466433061701,0.8929082530583774,3.151833406658957,1.6470512590831334,1.540254338946905,2.23551897265483,0.9309813534171009,0.9657777777777777,3.9774432549879726,0.8333333333333334,4.604075249974701,8.369924470479573,47.57268488430427,0.9657777777777777,3.9774432549879726,0.8333333333333334,FAR (IC del modelo AR)
25,54,39,train,30,False,0.9535335758233285,0.9764904381627751,0.8713902381521932,0.782363343240917,0.9112656461519916,3.151833406658957,1.674403917832533,1.5678275472041048,2.228596823767509,0.9332048840810964,0.9644444444444444,3.9774432549879726,0.8,4.606059163754243,8.426355038142662,47.57268488430427,0.9644444444444444,3.9774432549879726,0.8,FAR (IC del modelo AR)
26,55,40,train,30,False,0.9561681735853328,0.9778385212218492,0.8783269423851108,0.7832982695602947,0.9133731973986579,3.151833406658957,1.6779246543666453,1.5755061519577287,2.2310715412218984,0.934073650787822,0.9644444444444444,3.9774432549879726,0.8,4.606059163754243,8.426355038142662,47.57268488430427,0.9644444444444444,3.9774432549879726,0.8,FAR (IC del modelo AR)
27,56,41,train,30,False,0.9271563374499376,0.9628895769764764,0.8943233799621727,0.7667873920189213,0.8939711366705421,3.151833406658957,1.640849449965441,1.5400031979215703,2.2354224765310837,0.9284253958565615,0.9644444444444444,3.9774432549879726,0.8,4.606059163754243,8.426355038142662,47.57268488430427,0.9644444444444444,3.9774432549879726,0.8,FAR (IC del modelo AR)
28,57,42,train,30,False,0.9606114026143836,0.9801078525419453,0.9103075635966804,0.7814782794452757,0.9111669138071726,3.151833406658957,1.6661410816814077,1.5671107837171334,2.231426621268547,0.9296598445202007,0.9622222222222222,3.9774432549879726,0.7666666666666667,4.610225163268946,8.496006651802103,47.57268488430427,0.9622222222222222,3.9774432549879726,0.7666666666666667,FAR (IC del modelo AR)
29,58,43,train,30,False,1.0221006168593,1.0109899192669036,0.914253838111533,0.8071087356036146,0.9394492105671854,3.151833406658957,1.7024576105883966,1.6027514876428228,2.2202012410135055,0.9292369712730724,0.9546666666666667,3.9774432549879726,0.7333333333333333,4.6321940784221205,8.738843491673139,47.57268488430427,0.9546666666666667,3.9774432549879726,0.7333333333333333,FAR (IC del modelo AR)
30,59,44,train,30,False,1.0198654086996266,1.009883859015296,0.9176973340774207,0.8083922820795896,0.9378087683017611,3.151833406658957,1.6845129282316278,1.5876648418621286,2.1816423930561926,0.9286303171695278,0.9546666666666667,3.9774432549879726,0.7333333333333333,4.632194078422121,8.73884349167314,47.57268488430427,0.9546666666666667,3.9774432549879726,0.7333333333333333,FAR (IC del modelo AR)
31,60,45,train,30,False,1.0155658330955988,1.0077528631046397,0.9047917220281672,0.8077866789400562,0.9356403786385431,3.151833406658957,1.6725576475923545,1.5759195674778794,2.1690377429897274,0.9284422926431231,0.9546666666666667,3.9774432549879726,0.7333333333333333,4.632194078422122,8.738843491673139,47.57268488430427,0.9546666666666667,3.9774432549879726,0.7333333333333333,FAR (IC del modelo AR)
32,61,46,train,30,False,0.9656574334350759,0.9826787030535851,0.9129122219142879,0.7843784929183942,0.9110163431861997,3.151833406658957,1.64381404008097,1.5461589257118915,2.1802857328717655,0.9270744754672091,0.9546666666666667,3.9774432549879726,0.7333333333333333,4.632194078422122,8.738843491673139,47.57268488430427,0.9546666666666667,3.9774432549879726,0.7333333333333333,FAR (IC del modelo AR)
33,62,47,train,30,False,1.0895662609609453,1.0438229068960623,0.9100255822468991,0.8266532864678922,0.9574670263560695,3.8501546281273904,1.7322083541581395,1.6300640515437108,2.1776500711443867,0.9172696058215634,0.9426666666666667,3.9774432549879726,0.7,5.018738791854463,11.191148345794216,77.85145988989088,0.9426666666666667,3.9774432549879726,0.7,FAR (IC del modelo AR)
34,63,48,train,30,False,1.0932971593682368,1.0456085115224707,0.9168738881011335,0.8258107410201087,0.9592203968593919,3.8501546281273904,1.7574051414760576,1.6517139269437189,2.2068728830080904,0.9173800579173821,0.94,3.9774432549879726,0.6666666666666666,5.034975183194258,11.499923952922193,77.85145988989088,0.94,3.9774432549879726,0.6666666666666666,FAR (IC del modelo AR)
35,64,49,train,30,False,0.9932296498786056,0.9966090757556875,0.9515722087677172,0.7855191625350169,0.917981579605576,3.8501546281273904,1.7060738462582221,1.600628560508108,2.2525465005796375,0.9211049768029742,0.9528888888888889,3.9774432549879726,0.7,4.762238291056294,10.056911598987334,77.85145988989088,0.9528888888888889,3.9774432549879726,0.7,FAR (IC del modelo AR)
36,65,50,train,30,False,0.9766223029505753,0.9882420265049323,0.94628930370091,0.7732759645474216,0.9089974397606411,3.8501546281273904,1.7057005407634456,1.5971169616874397,2.290774001334005,0.9198125715979194,0.9528888888888889,3.9774432549879726,0.7,4.762238291056294,10.056911598987336,77.85145988989088,0.9528888888888889,3.9774432549879726,0.7,FAR (IC del modelo AR)
37,66,51,train,30,False,0.9093466425346339,0.9535966875648394,1.0161817494162702,0.7501034801614328,0.882268231058184,3.8501546281273904,1.6586285575264734,1.5503450567373136,2.288552847178639,0.9252006037386686,0.9622222222222222,3.9774432549879726,0.7333333333333333,4.5981224544238195,8.951993226707646,77.85145988989088,0.9622222222222222,3.9774432549879726,0.7333333333333333,FAR (IC del modelo AR)
38,67,52,train,30,False,0.8504283154436497,0.9221867031375207,0.9796001453908239,0.7322539677066817,0.8589151052295433,3.8501546281273904,1.6142101618218048,1.5055200971989373,2.2858518418958136,0.9313896007254161,0.9706666666666667,3.9774432549879726,0.7666666666666667,4.420513778175246,7.597303931895611,77.85145988989088,0.9706666666666667,3.9774432549879726,0.7666666666666667,FAR (IC del modelo AR)
39,68,53,train,30,False,0.828951144570372,0.9104675417445545,0.9329295700438578,0.7218198438644828,0.8486262728948867,3.8501546281273904,1.5982849002928177,1.4889408853612716,2.294202073695089,0.9320774590918715,0.9728888888888889,3.9774432549879726,0.8,4.415267215757425,7.484012742809499,77.85145988989088,0.9728888888888889,3.9774432549879726,0.8,FAR (IC del modelo AR)
40,69,54,train,30,False,0.8481856978513195,0.9209699766286192,0.9509819373911441,0.7279359415395584,0.8593516559711541,3.8501546281273904,1.6400112678256495,1.5264157505058933,2.330279461297947,0.9330941048881634,0.9697777777777777,3.9774432549879726,0.7666666666666667,4.455762225074552,8.129544781587054,77.85145988989088,0.9697777777777777,3.9774432549879726,0.7666666666666667,FAR (IC del modelo AR)
41,70,55,train,30,False,0.8255862196492174,0.9086177522199407,0.9761678936888653,0.7153054244093862,0.846823253941172,3.8501546281273904,1.631612617789586,1.5216226248879212,2.3568202805434937,0.9319906548955356,0.9697777777777777,3.9774432549879726,0.7666666666666667,4.455762225074552,8.129544781587052,77.85145988989088,0.9697777777777777,3.9774432549879726,0.7666666666666667,FAR (IC del modelo AR)
42,71,56,train,30,False,0.8536353244577944,0.9239238737351657,1.001554188506669,0.7277346754424757,0.8625995338321779,3.8501546281273904,1.6675158297714576,1.554359682105572,2.363558953899706,0.9336261983846454,0.9671111111111111,3.9774432549879726,0.7333333333333333,4.478795061666839,8.531009654275117,77.85145988989088,0.9671111111111111,3.9774432549879726,0.7333333333333333,FAR (IC del modelo AR)
43,72,57,train,30,False,0.8449692167354269,0.9192220715014555,1.0074333344731836,0.7201755662881983,0.8539649776483654,3.8501546281273904,1.6575695403917405,1.5433532795088654,2.3744181566458247,0.9290083475187892,0.9671111111111111,3.9774432549879726,0.7333333333333333,4.4787950616668395,8.531009654275117,77.85145988989088,0.9671111111111111,3.9774432549879726,0.7333333333333333,FAR (IC del modelo AR)
44,73,58,train,30,False,0.8559883730799158,0.9251963970314172,1.0205598145276198,0.7284432712662847,0.8624130791634366,3.8501546281273904,1.6774056277043967,1.5591312975260692,2.374717118795813,0.9321405508393386,0.9671111111111111,3.9774432549879726,0.7333333333333333,4.478795061666839,8.531009654275119,77.85145988989088,0.9671111111111111,3.9774432549879726,0.7333333333333333,FAR (IC del modelo AR)
45,74,59,train,30,False,0.9264141674634738,0.9625041129592506,1.0319446862955484,0.7562867150457723,0.8957160051111902,3.8501546281273904,1.7256280166398696,1.6084538699799282,2.3605164611058305,0.9306100545973583,0.9573333333333334,3.9774432549879726,0.7,4.585221508470578,9.222712725220797,77.85145988989088,0.9573333333333334,3.9774432549879726,0.7,FAR (IC del modelo AR)
46,75,60,train,30,False,0.8975906133585885,0.947412588769322,1.0350809109646002,0.7408559591857533,0.8795580948536036,3.8501546281273904,1.7068198036528992,1.5887249994869217,2.3865553026877433,0.9283791510477387,0.9573333333333334,3.9774432549879726,0.7,4.585221508470578,9.222712725220799,77.85145988989088,0.9573333333333334,3.9774432549879726,0.7,FAR (IC del modelo AR)
47,76,61,train,30,False,0.8981349723857568,0.9476998324288955,1.028211738994465,0.7439571622002022,0.8799756041925271,3.8501546281273904,1.6949932455588135,1.5811374920380847,2.3456314573057715,0.9285383135894458,0.9573333333333334,3.9774432549879726,0.7,4.585221508470578,9.222712725220799,77.85145988989088,0.9573333333333334,3.9774432549879726,0.7,FAR (IC del modelo AR)
48,77,62,train,30,False,0.914270012946367,0.9561746770053927,1.0428603715490383,0.7530030332277591,0.8902328117500476,3.8501546281273904,1.704886262226671,1.5943009104293557,2.315469362500148,0.9310357544064376,0.9573333333333334,3.9774432549879726,0.7,4.585221508470578,9.222712725220799,77.85145988989088,0.9573333333333334,3.9774432549879726,0.7,FAR (IC del modelo AR)
49,78,63,train,30,False,0.9386082744440457,0.9688179779731824,1.0547113393342147,0.7638998754921553,0.9037634979822767,3.8501546281273904,1.7250806660098654,1.6181930490806773,2.3081837321567864,0.9328517002471373,0.9555555555555556,3.9774432549879726,0.6666666666666666,4.588033044960403,9.296587320016073,77.85145988989088,0.9555555555555556,3.9774432549879726,0.6666666666666666,FAR (IC del modelo AR)
50,79,64,train,30,False,0.9407736596808655,0.9699348739378667,1.0512211392310808,0.7654137176734434,0.9051931269954785,3.8501546281273904,1.7320892705487918,1.624600495488614,2.3140987697308586,0.933251449471508,0.9555555555555556,3.9774432549879726,0.6666666666666666,4.588033044960403,9.296587320016075,77.85145988989088,0.9555555555555556,3.9774432549879726,0.6666666666666666,FAR (IC del modelo AR)
51,80,65,train,30,False,0.9100382820399776,0.9539592664469367,1.042640767714757,0.7465218340262291,0.8831882042346032,3.8501546281273904,1.6905287250622594,1.5865737707529668,2.313367478974618,0.9258133290366543,0.9568888888888889,3.9774432549879726,0.7,4.585574998093134,9.22488832590765,77.85145988989088,0.9568888888888889,3.9774432549879726,0.7,FAR (IC del modelo AR)
52,81,66,train,30,False,0.9114573553927929,0.9547027576124377,1.0447834606998645,0.7471553309780081,0.884185938797262,3.8501546281273904,1.6938098589604818,1.58942675905656,2.3165560838615273,0.9261374095205012,0.9568888888888889,3.9774432549879726,0.7,4.585574998093134,9.22488832590765,77.85145988989088,0.9568888888888889,3.9774432549879726,0.7,FAR (IC del modelo AR)
53,82,67,train,30,False,0.9028513214951667,0.9501848880587224,1.0379002597778133,0.7395427540625217,0.8774756074821053,3.8501546281273904,1.6970918622626854,1.591864646792143,2.358102713830114,0.9234788076611428,0.9568888888888889,3.9774432549879726,0.7,4.585574998093134,9.224888325907651,77.85145988989088,0.9568888888888889,3.9774432549879726,0.7,FAR (IC del modelo AR)
54,83,68,train,30,False,0.9147384744453849,0.9564196121187525,1.0438863976142747,0.7463330418761608,0.8869537425414643,3.8501546281273904,1.7221783034383296,1.6158081134210212,2.3768652664396646,0.9273688361289448,0.9568888888888889,3.9774432549879726,0.7,4.585574998093134,9.224888325907651,77.85145988989088,0.9568888888888889,3.9774432549879726,0.7,FAR (IC del modelo AR)
55,84,69,train,30,False,1.0374676691851616,1.0185615686767107,1.073724473769162,0.7793296884462617,0.9225186471860757,4.278083977065535,1.7938690256805407,1.685110530619865,2.3779076465128575,0.9057072989555146,0.9422222222222222,3.9774432549879726,0.7,5.110756746353851,12.12605865753157,93.01034124486868,0.9422222222222222,3.9774432549879726,0.7,FAR (IC del modelo AR)
56,85,70,train,30,False,1.0392049817905364,1.019414038450784,1.084375685628439,0.7821762487413912,0.9238037787960206,4.278083977065535,1.7922988386686345,1.679195033923885,2.364008150119571,0.9062105719084824,0.9422222222222222,3.9774432549879726,0.7,5.110756746353851,12.126058657531571,93.01034124486868,0.9422222222222222,3.9774432549879726,0.7,FAR (IC del modelo AR)
57,86,71,train,30,False,1.0835024690869068,1.0409142467498977,1.1062477396569081,0.8028315795492216,0.9499141672485142,4.278083977065535,1.842064202399725,1.7267190200891815,2.3626620280923687,0.9125767758626439,0.9364444444444444,3.9774432549879726,0.6666666666666666,5.164393675629813,12.626310330462859,93.01034124486868,0.9364444444444444,3.9774432549879726,0.6666666666666666,FAR (IC del modelo AR)
58,87,72,train,30,False,1.0646488912466059,1.0318182452576645,1.0957264957859483,0.7925251071645645,0.9413633601569893,4.278083977065535,1.8558530291389104,1.736558902562332,2.4063361465349007,0.9123344779796108,0.9351111111111111,3.9774432549879726,0.6666666666666666,5.216438960051267,13.346466674223963,93.01034124486868,0.9351111111111111,3.9774432549879726,0.6666666666666666,FAR (IC del modelo AR)
59,88,73,train,30,False,1.0050002131906495,1.0024969891179971,1.0542865177495564,0.7665432764555873,0.914428381057659,4.278083977065535,1.82848958014423,1.7096805995486293,2.4344185297089007,0.912150750559539,0.9426666666666667,3.9774432549879726,0.7,5.194470044898091,13.103629834352928,93.01034124486868,0.9426666666666667,3.9774432549879726,0.7,FAR (IC del modelo AR)
60,89,74,train,30,False,1.0088816631952493,1.0044310146522006,1.0477410623499746,0.7688878877076274,0.9172073554509157,4.278083977065535,1.8419140138308832,1.7190565607453607,2.4477271918620054,0.9131611251256638,0.9426666666666667,3.9774432549879726,0.7,5.194470044898091,13.103629834352931,93.01034124486868,0.9426666666666667,3.9774432549879726,0.7,FAR (IC del modelo AR)
61,90,75,train,30,False,0.9981313459730381,0.9990652360947397,1.047542562020951,0.7638878140961319,0.9109988063119908,4.278083977065535,1.8295173244116785,1.7061817995948896,2.444495362319198,0.9118511718744283,0.9426666666666667,3.9774432549879726,0.7,5.194470044898092,13.103629834352933,93.01034124486868,0.9426666666666667,3.9774432549879726,0.7,FAR (IC del modelo AR)
62,91,76,train,30,False,1.0122824282244933,1.0061224717818866,1.04464921005774,0.7703598027911526,0.920068866491013,4.278083977065535,1.8406933586885568,1.7193833666285128,2.4434821981715826,0.9144700494180704,0.9426666666666667,3.9774432549879726,0.7,5.194470044898091,13.103629834352931,93.01034124486868,0.9426666666666667,3.9774432549879726,0.7,FAR (IC del modelo AR)
63,92,77,train,30,False,0.8960688375432784,0.946609126061691,1.0528687260393361,0.732978324216924,0.8789810852364551,4.278083977065535,1.7585110849117105,1.641436442320713,2.439496218083911,0.9285575862694264,0.9546666666666667,3.9774432549879726,0.7333333333333333,4.807925331465751,10.651324980231852,93.01034124486868,0.9546666666666667,3.9774432549879726,0.7333333333333333,FAR (IC del modelo AR)
64,93,78,train,30,False,0.8749725466125794,0.9353996721255462,1.0443140985404251,0.723617428159295,0.8674886822270539,4.278083977065535,1.7297971982464118,1.6141407149846596,2.4322437839861424,0.9273989590522568,0.9573333333333334,3.9774432549879726,0.7666666666666667,4.7916889401259555,10.342549373103877,93.01034124486868,0.9573333333333334,3.9774432549879726,0.7666666666666667,FAR (IC del modelo AR)
65,94,79,train,30,False,0.8715826211563705,0.9335858938289345,1.0337776449820675,0.722613876514522,0.8643974789970845,4.278083977065535,1.7167198564571646,1.6008006640712584,2.4084704834721395,0.9258896098482313,0.9573333333333334,3.9774432549879726,0.7666666666666667,4.7916889401259555,10.342549373103877,93.01034124486868,0.9573333333333334,3.9774432549879726,0.7666666666666667,FAR (IC del modelo AR)
66,95,80,train,30,False,0.8561241147045082,0.9252697523990008,1.0334909736261106,0.7147009403022168,0.8513954975211396,4.278083977065535,1.6872686348392751,1.573183172444222,2.392005610012504,0.920159224176168,0.9573333333333334,3.9774432549879726,0.7666666666666667,4.7916889401259555,10.342549373103877,93.01034124486868,0.9573333333333334,3.9774432549879726,0.7666666666666667,FAR (IC del modelo AR)
67,96,81,train,30,False,0.8789214551827393,0.937508109395721,1.0245385726819187,0.7231693020289759,0.8625223239974065,4.278083977065535,1.7054447710062128,1.5919578771837546,2.394116741152862,0.9200158541064276,0.9546666666666667,3.9774432549879726,0.7333333333333333,4.813060286874312,10.679138988154277,93.01034124486868,0.9546666666666667,3.9774432549879726,0.7333333333333333,FAR (IC del modelo AR)
68,97,82,train,30,False,0.8809434021487672,0.9385858523058864,1.0360559439519421,0.7255753975998063,0.8636123008467693,4.278083977065535,1.697794684914358,1.588211033821255,2.3789571364739657,0.9201207313375493,0.9546666666666667,3.9774432549879726,0.7333333333333333,4.813060286874312,10.679138988154277,93.01034124486868,0.9546666666666667,3.9774432549879726,0.7333333333333333,FAR (IC del modelo AR)
69,98,83,train,30,False,0.8709753406442639,0.9332605963203761,1.0513123763965329,0.723404668017463,0.857346136340175,4.278083977065535,1.6843360012979511,1.575231548615002,2.365848653284565,0.9186567393078485,0.9546666666666667,3.9774432549879726,0.7333333333333333,4.813060286874312,10.679138988154277,93.01034124486868,0.9546666666666667,3.9774432549879726,0.7333333333333333,FAR (IC del modelo AR)
70,99,84,train,30,False,0.8515363727643409,0.9227872846785119,1.070314249591133,0.7188763886451125,0.8464814518842444,4.278083977065535,1.643805444113176,1.539692265826157,2.326251642888066,0.9173094015693427,0.9577777777777777,3.9774432549879726,0.7666666666666667,4.772565277557185,10.033606949376724,93.01034124486868,0.9577777777777777,3.9774432549879726,0.7666666666666667,FAR (IC del modelo AR)
71,100,85,train,30,False,0.8832240212518253,0.9397999900254443,1.0470139922013177,0.7334309503142994,0.86296408847389,4.278083977065535,1.6656860825571402,1.5600414318700857,2.3092791145704874,0.9182422830740037,0.9546666666666667,3.9774432549879726,0.7333333333333333,4.78480966709758,10.283761626266763,93.01034124486868,0.9546666666666667,3.9774432549879726,0.7333333333333333,FAR (IC del modelo AR)
72,101,86,train,30,False,0.8509123069436303,0.9224490809489867,1.0880278934373198,0.7166972517365505,0.8436293693058708,4.278083977065535,1.6343789456903643,1.5274321452483013,2.338937432287234,0.9145538618109644,0.9573333333333334,3.9774432549879726,0.7666666666666667,4.761776830505294,9.882296753578697,93.01034124486868,0.9573333333333334,3.9774432549879726,0.7666666666666667,FAR (IC del modelo AR)
73,102,87,train,30,False,0.8625574546013595,0.9287397130527797,1.0913573792341849,0.7255962480133177,0.8545039860254303,4.278083977065535,1.6603855064727782,1.5488638570288915,2.3510037920656703,0.9200683184060952,0.9573333333333334,3.9774432549879726,0.7666666666666667,4.761776830505294,9.882296753578698,93.01034124486868,0.9573333333333334,3.9774432549879726,0.7666666666666667,FAR (IC del modelo AR)
74,103,88,train,30,False,0.9974946047984725,0.9987465167891564,1.0698182341353737,0.7652467673852389,0.9004575003542228,4.278083977065535,1.728142719316323,1.6175979509978842,2.336750368611136,0.9015876253056477,0.944,3.9774432549879726,0.7333333333333333,5.288538263603231,12.155720471154268,93.01034124486868,0.944,3.9774432549879726,0.7333333333333333,FAR (IC del modelo AR)
75,104,89,train,30,False,0.947029541272688,0.9731544282757429,1.0519706760751193,0.7486867149745777,0.880358459194327,4.278083977065535,1.696933055305769,1.5858062515216145,2.3384650159423486,0.9046441485696839,0.9537777777777777,3.9774432549879726,0.7666666666666667,5.182111816799491,11.464017400208588,93.01034124486868,0.9537777777777777,3.9774432549879726,0.7666666666666667,FAR (IC del modelo AR)
76,105,90,train,30,False,1.0028020524257455,1.0014000461482642,1.0358597769423146,0.7745634078014528,0.9069546166612458,4.278083977065535,1.7229786209444262,1.6150052264118053,2.301149357286192,0.9056866136063318,0.9471111111111111,3.9774432549879726,0.7333333333333333,5.226862483542575,11.849230994797638,93.01034124486868,0.9471111111111111,3.9774432549879726,0.7333333333333333,FAR (IC del modelo AR)
77,106,91,train,30,False,1.0136636783018385,1.006808660223897,1.066693998982816,0.7792586417427783,0.9140564763660158,4.278083977065535,1.7450785164957916,1.6346364136590423,2.3157977477407763,0.9078750635326729,0.9457777777777778,3.9774432549879726,0.7,5.230498756679683,11.95920711060471,93.01034124486868,0.9457777777777778,3.9774432549879726,0.7,FAR (IC del modelo AR)
78,107,92,train,30,False,1.010764162313762,1.0053676751884169,1.0359205036571162,0.7805781654510294,0.9124749048678302,4.278083977065535,1.726961451235385,1.6183063036657235,2.288209939535568,0.9076031857666624,0.9457777777777778,3.9774432549879726,0.7,5.230498756679683,11.95920711060471,93.01034124486868,0.9457777777777778,3.9774432549879726,0.7,FAR (IC del modelo AR)
79,108,93,train,30,False,0.9830412927345482,0.991484388548074,1.0217842018787666,0.7671162977538768,0.8963716390372781,4.278083977065535,1.694833709478242,1.586912540040435,2.2846964201282693,0.9040703508704977,0.9475555555555556,3.9774432549879726,0.7333333333333333,5.227687220189858,11.885332515809438,93.01034124486868,0.9475555555555556,3.9774432549879726,0.7333333333333333,FAR (IC del modelo AR)
80,109,94,train,30,False,0.9750239496602419,0.98743301021398,1.0199173260538588,0.7604084625313876,0.8905775684069308,4.278083977065535,1.6958159147073921,1.5852297593544262,2.317312082830296,0.9019118858644798,0.9475555555555556,3.9774432549879726,0.7333333333333333,5.227687220189858,11.88533251580944,93.01034124486868,0.9475555555555556,3.9774432549879726,0.7333333333333333,FAR (IC del modelo AR)
81,110,95,train,30,False,1.1750386903391044,1.0839920158096665,1.0334826810847473,0.8266204071491813,0.9608712895840991,4.278083977065535,1.7969735994717473,1.6847867722523227,2.298972032923825,0.8864191576783849,0.9244444444444444,3.9774432549879726,0.7,5.932431118953621,14.106173507411032,93.01034124486868,0.9244444444444444,3.9774432549879726,0.7,FAR (IC del modelo AR)
82,111,96,train,30,False,1.288672810221151,1.1351972560842238,1.0529358116343057,0.8597339621686092,1.0028009048444615,4.278083977065535,1.8659956120711771,1.7537960867553835,2.2981336400159535,0.8833715017102372,0.9115555555555556,3.9774432549879726,0.6666666666666666,6.366757558468005,15.811465083326485,93.01034124486868,0.9115555555555556,3.9774432549879726,0.6666666666666666,FAR (IC del modelo AR)
83,112,97,train,30,False,1.327367589088333,1.1521143993060468,1.0664316225098731,0.8800541659038934,1.0249623677755493,4.278083977065535,1.8980872769618342,1.7841573002154478,2.2676854750963913,0.8896359323283478,0.9088888888888889,3.9774432549879726,0.6333333333333333,6.383772794999709,16.131536210381203,93.01034124486868,0.9088888888888889,3.9774432549879726,0.6333333333333333,FAR (IC del modelo AR)
84,113,98,train,30,False,1.4005426903995495,1.183445262950319,1.0385046990973639,0.9084424621980568,1.0549682998684922,4.278083977065535,1.943318714350329,1.830727058027342,2.2508228720014327,0.8914381872115194,0.9022222222222223,3.9774432549879726,0.6,6.552081932450023,17.61489821851046,93.01034124486868,0.9022222222222223,3.9774432549879726,0.6,FAR (IC del modelo AR)
85,114,99,train,30,False,1.2423845098077118,1.1146230348452844,1.0169660456862055,0.8596270167436498,0.9996126873090149,3.7206620502914314,1.8322450719159293,1.724516320823959,2.23851859668152,0.8968168215254644,0.9182222222222223,3.9774432549879726,0.6333333333333333,6.024916270409765,14.657297319223453,72.48502579352558,0.9182222222222223,3.9774432549879726,0.6333333333333333,FAR (IC del modelo AR)
86,115,100,train,30,False,1.2390032217913916,1.1131052159573198,1.0233180480360375,0.8543604650599609,0.9970377668493842,3.7206620502914314,1.8411225766541075,1.7340450497189734,2.2814546408141165,0.8957264349820583,0.9182222222222223,3.9774432549879726,0.6333333333333333,6.024916270409764,14.657297319223453,72.48502579352558,0.9182222222222223,3.9774432549879726,0.6333333333333333,FAR (IC del modelo AR)
87,116,101,train,30,False,1.2020498346192872,1.0963803330137254,1.0327735083874672,0.8409879017233839,0.9775349772014992,3.7206620502914314,1.798899010209964,1.6919793622784423,2.2650443012045773,0.8916020725348615,0.924,3.9774432549879726,0.6666666666666666,5.971279341133802,14.157045646292167,72.48502579352558,0.924,3.9774432549879726,0.6666666666666666,FAR (IC del modelo AR)
88,117,102,train,30,False,1.190852052077204,1.091261679010678,1.0329752662974239,0.8380051149314803,0.971162418068593,3.7206620502914314,1.7719092759697153,1.6663062966433924,2.239138765844205,0.889944581348293,0.9275555555555556,3.9774432549879726,0.7,5.915068057197645,13.367237688871619,72.48502579352558,0.9275555555555556,3.9774432549879726,0.7,FAR (IC del modelo AR)
89,118,103,train,30,False,1.22295314019096,1.105872117467006,1.0116279621392243,0.8536255261607724,0.9879644017865661,3.7206620502914314,1.8016934758861367,1.6919979740512332,2.2300175944075873,0.8933803341108673,0.9226666666666666,3.9774432549879726,0.6666666666666666,5.949743561573636,13.740008783152932,72.48502579352558,0.9226666666666666,3.9774432549879726,0.6666666666666666,FAR (IC del modelo AR)
90,119,104,train,30,False,1.2414559194088,1.1142064079015161,1.006399031454241,0.8633291466888373,0.9983002050129979,3.7206620502914314,1.8025372405025875,1.6980141408261522,2.2052332259820826,0.8959742090275583,0.9226666666666666,3.9774432549879726,0.6666666666666666,5.949743561573636,13.740008783152932,72.48502579352558,0.9226666666666666,3.9774432549879726,0.6666666666666666,FAR (IC del modelo AR)
91,120,105,train,30,False,1.2358747663597702,1.1116990448677062,0.9973303224415379,0.858764004954415,0.9943919148653441,3.7206620502914314,1.8064586228868729,1.7022420255913162,2.228671007525445,0.8944794181987249,0.9226666666666666,3.9774432549879726,0.6666666666666666,5.949743561573636,13.740008783152932,72.48502579352558,0.9226666666666666,3.9774432549879726,0.6666666666666666,FAR (IC del modelo AR)
92,121,106,train,30,False,1.2180584584977023,1.103656857224066,0.9863832223103928,0.8481064471969422,0.9822577240242432,3.7206620502914314,1.7922056337994652,1.6872515849541536,2.2396834570499067,0.8900028279576248,0.9226666666666666,3.9774432549879726,0.6666666666666666,5.949743561573636,13.740008783152932,72.48502579352558,0.9226666666666666,3.9774432549879726,0.6666666666666666,FAR (IC del modelo AR)
93,122,107,train,30,False,1.2038269801835215,1.0971904940271409,0.9783488836567034,0.8378760237554828,0.9709252574416897,3.7206620502914314,1.7804709946833317,1.6747404831400972,2.2625713463373622,0.8849194945883957,0.9226666666666666,3.9774432549879726,0.6666666666666666,5.949743561573636,13.740008783152934,72.48502579352558,0.9226666666666666,3.9774432549879726,0.6666666666666666,FAR (IC del modelo AR)
94,123,108,train,30,False,1.1926461107965252,1.0920833808810229,0.9720962021384203,0.8303465038432347,0.9617212273140676,3.7206620502914314,1.7611174454383631,1.656525685889012,2.2586823950579826,0.8806298531328374,0.9226666666666666,3.9774432549879726,0.6666666666666666,5.949743561573636,13.740008783152932,72.48502579352558,0.9226666666666666,3.9774432549879726,0.6666666666666666,FAR (IC del modelo AR)
95,124,109,train,30,False,1.198211093254937,1.094628289993885,0.9689274890957005,0.8332329240177259,0.9665638060164365,3.7206620502914314,1.7716342765563908,1.6685364444476904,2.2655918305959473,0.8830064185732274,0.9226666666666666,3.9774432549879726,0.6666666666666666,5.949743561573636,13.740008783152932,72.48502579352558,0.9226666666666666,3.9774432549879726,0.6666666666666666,FAR (IC del modelo AR)
96,125,110,train,30,False,1.2025722993087724,1.0966185751248119,0.9673794793697597,0.8373266831253938,0.9712117289317098,3.7206620502914314,1.7761418707068255,1.673346250926081,2.2533327505339242,0.8856422378411484,0.9226666666666666,3.9774432549879726,0.6666666666666666,5.949743561573636,13.740008783152932,72.48502579352558,0.9226666666666666,3.9774432549879726,0.6666666666666666,FAR (IC del modelo AR)
97,126,111,train,30,False,1.173728989353393,1.0833877373098668,0.97029405558994,0.825179709973108,0.956310477245699,3.7206620502914314,1.7535754191000819,1.6513410925789487,2.255105557113858,0.8827038042910562,0.9253333333333333,3.9774432549879726,0.7,5.92837221482528,13.403419168102532,72.48502579352558,0.9253333333333333,3.9774432549879726,0.7,FAR (IC del modelo AR)
98,127,112,train,30,False,1.163213934246695,1.0785239609052248,0.9646700982126506,0.81755198719422,0.9501340242049329,3.7206620502914314,1.751932378716599,1.6463024591462416,2.2744123123459614,0.880957733574568,0.9253333333333333,3.9774432549879726,0.7,5.92837221482528,13.403419168102532,72.48502579352558,0.9253333333333333,3.9774432549879726,0.7,FAR (IC del modelo AR)
99,128,113,train,30,False,1.2370067034168515,1.1122080306385365,0.9633358887186431,0.8447764302459837,0.9815846103347996,3.7206620502914314,1.7976655313439853,1.69084468821143,2.2694142694487183,0.8825548668006435,0.9142222222222223,3.9774432549879726,0.6666666666666666,6.09237223288356,14.220542056705815,72.48502579352558,0.9142222222222223,3.9774432549879726,0.6666666666666666,FAR (IC del modelo AR)
100,129,114,train,30,False,1.3458990831753914,1.1601289079991892,0.9679082628529593,0.8757164297316944,1.0221932561926708,4.012111249884916,1.8862576842741292,1.7752491965989596,2.2846543693655073,0.8811031680570666,0.9031111111111111,3.9774432549879726,0.6333333333333333,6.547669122813667,17.008523303170918,87.92175166021153,0.9031111111111111,3.9774432549879726,0.6333333333333333,FAR (IC del modelo AR)
101,130,115,train,30,False,1.353423405805498,1.163367270386054,0.9677897482217258,0.8769364013794373,1.0251945751903615,4.012111249884916,1.9061823345060296,1.7932404654034488,2.30088686092801,0.8812303743513078,0.9013333333333333,3.9774432549879726,0.6333333333333333,6.641071135658978,17.922968248353666,87.92175166021153,0.9013333333333333,3.9774432549879726,0.6333333333333333,FAR (IC del modelo AR)
102,131,116,train,30,False,1.383154471250318,1.1760758781857223,0.9703533182836398,0.8922031037513748,1.0433648915157907,4.012111249884916,1.9370032152631744,1.8276317135027618,2.27505924269091,0.8871578023735519,0.8977777777777778,3.9774432549879726,0.6,6.68187602753167,18.58606815314398,87.92175166021153,0.8977777777777778,3.9774432549879726,0.6,FAR (IC del modelo AR)
103,132,117,train,30,False,1.3784841430258497,1.1740886435980247,0.9723936580900298,0.8902177156788679,1.0397398239436373,4.012111249884916,1.9196668702171409,1.816216692033177,2.2519070054752865,0.8855718259545787,0.8977777777777778,3.9774432549879726,0.6,6.681876027531669,18.586068153143984,87.92175166021153,0.8977777777777778,3.9774432549879726,0.6,FAR (IC del modelo AR)
104,133,118,train,30,False,1.2338669289126116,1.1107956287781346,0.9881315813973841,0.8429079568631502,0.9865691932805414,4.012111249884916,1.836944636353368,1.736305986212698,2.273358219636051,0.8881644541271365,0.9111111111111111,3.9774432549879726,0.6333333333333333,6.155114594433733,16.31264443556841,87.92175166021153,0.9111111111111111,3.9774432549879726,0.6333333333333333,FAR (IC del modelo AR)
105,134,119,train,30,False,1.2104646412580848,1.1002111803004389,0.9930357452439913,0.8290911239640347,0.9699705012965665,4.012111249884916,1.8115645947244172,1.7111832119648704,2.279875983677721,0.8816221091588007,0.9111111111111111,3.9774432549879726,0.6333333333333333,6.155114594433733,16.31264443556841,87.92175166021153,0.9111111111111111,3.9774432549879726,0.6333333333333333,FAR (IC del modelo AR)
106,135,120,train,30,False,1.2196305292014673,1.1043688374820557,1.0138173675592745,0.8290385811756239,0.9730391379746918,4.012111249884916,1.8282410297118048,1.7266296167960071,2.2928951552334893,0.8810816685059734,0.9084444444444445,3.9774432549879726,0.6333333333333333,6.264915137025181,16.85760210620654,87.92175166021153,0.9084444444444445,3.9774432549879726,0.6333333333333333,FAR (IC del modelo AR)
107,136,121,train,30,False,1.2207986374810789,1.1048975687732683,0.9842918846884275,0.8298924120038568,0.9737019523272382,4.012111249884916,1.8190438310020687,1.720383758872777,2.2770249631881003,0.881259928382599,0.9097777777777778,3.9774432549879726,0.6666666666666666,6.261278863888072,16.747625990399467,87.92175166021153,0.9097777777777778,3.9774432549879726,0.6666666666666666,FAR (IC del modelo AR)
108,137,122,train,30,False,1.2720250445296795,1.1278408773092414,0.9570464491485716,0.849271766291141,0.9948636254335789,4.012111249884916,1.8556087454058199,1.7536361037361943,2.2776165824518357,0.8820957330497592,0.9022222222222223,3.9774432549879726,0.6333333333333333,6.3573244093644945,17.508817552348848,87.92175166021153,0.9022222222222223,3.9774432549879726,0.6333333333333333,FAR (IC del modelo AR)
109,138,123,train,30,False,1.287540484913902,1.134698411435348,0.9603081078420196,0.8589215033785076,1.0049346558297567,4.012111249884916,1.8735011545272944,1.7707259555531136,2.2741325400669603,0.885640312617125,0.9022222222222223,3.9774432549879726,0.6333333333333333,6.3573244093644945,17.508817552348848,87.92175166021153,0.9022222222222223,3.9774432549879726,0.6333333333333333,FAR (IC del modelo AR)
110,139,124,train,30,False,1.2902049340674462,1.1358718827699918,0.9357541863249165,0.8612033531601513,1.0070281976949305,4.012111249884916,1.8697804247713046,1.769160991811817,2.2540982164913097,0.8865684704151168,0.9022222222222223,3.9774432549879726,0.6333333333333333,6.3573244093644945,17.508817552348848,87.92175166021153,0.9022222222222223,3.9774432549879726,0.6333333333333333,FAR (IC del modelo AR)
111,140,125,train,30,False,1.0986787894853278,1.0481787965253484,0.9493765427710907,0.8008831756849083,0.9452825322849165,4.012111249884916,1.7901610060644315,1.6892066546619684,2.2902271237885743,0.9018332897197243,0.9253333333333333,3.9774432549879726,0.6666666666666666,5.65258051060073,15.287976560747252,87.92175166021153,0.9253333333333333,3.9774432549879726,0.6666666666666666,FAR (IC del modelo AR)
112,141,126,train,30,False,1.0425923174273715,1.0210740998709993,0.8652971630655782,0.792870900363146,0.9291898932283279,4.012111249884916,1.7489117232661078,1.6497837605494816,2.2725149355127274,0.9100122051335159,0.9337777777777778,3.9774432549879726,0.6666666666666666,5.231444250573157,13.75129731365706,87.92175166021153,0.9337777777777778,3.9774432549879726,0.6666666666666666,FAR (IC del modelo AR)
113,142,127,train,30,False,1.0011166216432976,1.000558155053117,0.8420370277367236,0.7702466036299672,0.9042407221950096,4.012111249884916,1.7021807237011959,1.6068217967981078,2.281999330561855,0.9037362972140343,0.9364444444444444,3.9774432549879726,0.7,5.214429014041451,13.431226186602345,87.92175166021153,0.9364444444444444,3.9774432549879726,0.7,FAR (IC del modelo AR)
114,143,128,train,30,False,1.0193689789208473,1.0096380435189867,0.8139325660673107,0.7727647241018818,0.9094623721589737,4.012111249884916,1.7029987844342103,1.607304539998163,2.2793524975383574,0.9007806094440922,0.9302222222222222,3.9774432549879726,0.7,5.342967424388944,13.225383055374154,87.92175166021153,0.9302222222222222,3.9774432549879726,0.7,FAR (IC del modelo AR)
115,144,129,train,30,False,1.0881271228613967,1.0431333197925357,0.8394474092694889,0.7952526216696356,0.9413825319906348,4.012111249884916,1.7665288773956649,1.66958423685159,2.2989538789168185,0.902456583572522,0.92,3.9774432549879726,0.6666666666666666,5.542620107006791,14.566231668374618,87.92175166021153,0.92,3.9774432549879726,0.6666666666666666,FAR (IC del modelo AR)
116,145,130,train,30,False,1.1008480813137178,1.0492130771743735,0.8431465090015065,0.805670921315663,0.9499101177045699,4.012111249884916,1.76325909785409,1.6702811937453794,2.2497285666179954,0.9053548210271687,0.92,3.9774432549879726,0.6666666666666666,5.542620107006791,14.566231668374618,87.92175166021153,0.92,3.9774432549879726,0.6666666666666666,FAR (IC del modelo AR)
117,146,131,train,30,False,1.105803860083241,1.051572089817546,0.8538866098439916,0.806761150768141,0.9534129873176794,4.012111249884916,1.7780494210904196,1.6847208178691644,2.2700837044173103,0.9066548994117011,0.92,3.9774432549879726,0.6666666666666666,5.542620107006791,14.566231668374622,87.92175166021153,0.92,3.9774432549879726,0.6666666666666666,FAR (IC del modelo AR)
118,147,132,train,30,False,1.1172136323606048,1.0569832696692056,0.8629823087286848,0.8107806903047091,0.9598941687201386,4.012111249884916,1.7866322478782386,1.6929294306151272,2.268609866097339,0.9081450920415681,0.92,3.9774432549879726,0.6666666666666666,5.542620107006791,14.566231668374622,87.92175166021153,0.92,3.9774432549879726,0.6666666666666666,FAR (IC del modelo AR)
119,148,133,train,30,False,1.0967776503048439,1.0472715265416337,0.8775359891912412,0.8004919179475571,0.9502830183220097,4.012111249884916,1.7738318892287663,1.6827418870653152,2.2826084550043597,0.9073893390953676,0.9248888888888889,3.9774432549879726,0.7,5.5079446026308,14.193460574093308,87.92175166021153,0.9248888888888889,3.9774432549879726,0.7,FAR (IC del modelo AR)
120,149,134,train,30,False,1.1555891786675352,1.0749833387860181,0.8927564216084448,0.815684824880933,0.9717207219256639,4.012111249884916,1.8185337528464485,1.7241399569800053,2.2958576108733566,0.9039402629468016,0.9124444444444444,3.9774432549879726,0.6666666666666666,5.733272554354167,15.450623811198021,87.92175166021153,0.9124444444444444,3.9774432549879726,0.6666666666666666,FAR (IC del modelo AR)
121,150,135,train,30,False,1.1918178064597822,1.0917040837423766,0.9058546762774955,0.8302788844804981,0.9909217123993418,4.012111249884916,1.8415010540031846,1.7476078766472563,2.2799659302720707,0.9076834346927132,0.9097777777777778,3.9774432549879726,0.6333333333333333,5.742134512530281,15.601383887786593,87.92175166021153,0.9097777777777778,3.9774432549879726,0.6333333333333333,FAR (IC del modelo AR)
122,151,136,train,30,False,1.1990135696707396,1.0949947806591316,0.9017503050186031,0.834505706892802,0.9965710816451766,4.012111249884916,1.8509712025778735,1.757775939162514,2.28061105960493,0.910114914927075,0.9097777777777778,3.9774432549879726,0.6333333333333333,5.742134512530281,15.601383887786593,87.92175166021153,0.9097777777777778,3.9774432549879726,0.6333333333333333,FAR (IC del modelo AR)
123,152,137,train,30,False,1.2051266939262362,1.0977826259903352,0.8986361791084763,0.839315257645141,1.0022058942758556,4.012111249884916,1.8557864598184381,1.7649478793961522,2.2652073840218607,0.9129365600696608,0.9097777777777778,3.9774432549879726,0.6333333333333333,5.742134512530281,15.601383887786593,87.92175166021153,0.9097777777777778,3.9774432549879726,0.6333333333333333,FAR (IC del modelo AR)
124,153,138,train,30,False,1.2511584136478728,1.118551927112851,0.9051019422343178,0.861267314939698,1.0287413765696276,4.012111249884916,1.909136981314774,1.8145685674704226,2.2690397283872414,0.9197081973878157,0.9066666666666666,3.9774432549879726,0.6,5.7744114018904105,16.121482918357326,87.92175166021153,0.9066666666666666,3.9774432549879726,0.6,FAR (IC del modelo AR)
125,154,139,train,30,False,1.2508027758176097,1.1183929433868982,0.9056460041270022,0.861160694014568,1.0284648651206088,4.012111249884916,1.9130395550033201,1.8166080766098647,2.2774012453838486,0.9195916973564275,0.9066666666666666,3.9774432549879726,0.6,5.7744114018904105,16.121482918357326,87.92175166021153,0.9066666666666666,3.9774432549879726,0.6,FAR (IC del modelo AR)
126,155,140,train,30,False,1.264124211975953,1.1243327852446325,0.9078245095469023,0.8693509905267469,1.0381916967491331,4.012111249884916,1.928901508465562,1.834740030406771,2.275083976152079,0.9233847045768065,0.9066666666666666,3.9774432549879726,0.6,5.7744114018904105,16.121482918357326,87.92175166021153,0.9066666666666666,3.9774432549879726,0.6,FAR (IC del modelo AR)
127,156,141,train,30,False,1.2630172343959265,1.1238403954280725,0.9097103040301667,0.8667601949082963,1.0374365643965964,4.012111249884916,1.933075088070461,1.8381728667615143,2.2911691910798377,0.923117347104644,0.9066666666666666,3.9774432549879726,0.6,5.7744114018904105,16.12148291835733,87.92175166021153,0.9066666666666666,3.9774432549879726,0.6,FAR (IC del modelo AR)
128,157,142,train,30,False,1.2682111906147993,1.1261488314671375,0.9070756844642103,0.8697187170827994,1.0406552110027971,4.012111249884916,1.936237171713135,1.8428780168317764,2.285709289268255,0.9240831956882999,0.9066666666666666,3.9774432549879726,0.6,5.7744114018904105,16.121482918357326,87.92175166021153,0.9066666666666666,3.9774432549879726,0.6,FAR (IC del modelo AR)
129,158,143,train,30,False,1.1949024497008387,1.0931159360748697,0.9200156253165517,0.8402398445494613,1.0095471622998986,4.012111249884916,1.900015688732597,1.8045670807958336,2.3150308077254733,0.9235499446883488,0.9177777777777778,3.9774432549879726,0.6333333333333333,5.610411383832132,15.304360029754042,87.92175166021153,0.9177777777777778,3.9774432549879726,0.6333333333333333,FAR (IC del modelo AR)
130,159,144,train,30,False,1.0930641346642946,1.0454970753972939,0.8853896839774074,0.8139634387040658,0.9733587576729794,2.9764275098688553,1.8146554130483186,1.7227543730311663,2.2915549700464397,0.9310009378104653,0.9288888888888889,3.9774432549879726,0.6666666666666666,5.155114493902024,12.516378783288939,44.50777265627241,0.9288888888888889,3.9774432549879726,0.6666666666666666,FAR (IC del modelo AR)
131,160,145,train,30,False,1.0414948570405709,1.0205365535053466,0.8784526919814113,0.788628048500153,0.9425059178030447,2.9764275098688553,1.7452541099873098,1.6574000284878834,2.28641080714234,0.923539597445793,0.9337777777777778,3.9774432549879726,0.7,5.049468091516316,11.351779161216152,44.50777265627241,0.9337777777777778,3.9774432549879726,0.7,FAR (IC del modelo AR)
132,161,146,train,30,False,1.0282586927357362,1.0140309131065661,0.8806032984416935,0.7842296817364478,0.9358240098741842,2.9764275098688553,1.7327699308258455,1.6435223236808667,2.285652288177293,0.9228752277454849,0.9373333333333334,3.9774432549879726,0.7333333333333333,5.0086631996436255,10.688679256425836,44.50777265627241,0.9373333333333334,3.9774432549879726,0.7333333333333333,FAR (IC del modelo AR)
133,162,147,train,30,False,1.0505492426759995,1.0249630445416067,0.8921047240456993,0.796497662391051,0.9497726160871703,2.9764275098688553,1.7613599390540489,1.668092151866672,2.293095422068746,0.9266408395357671,0.9373333333333334,3.9774432549879726,0.7333333333333333,5.0086631996436255,10.688679256425836,44.50777265627241,0.9373333333333334,3.9774432549879726,0.7333333333333333,FAR (IC del modelo AR)
134,163,148,train,30,False,1.0601632798020497,1.0296423067269769,0.8968525115554891,0.8008358645050269,0.9569473125373632,2.9764275098688553,1.777610031384152,1.6853069493501212,2.30156602252327,0.929397817363686,0.9373333333333334,3.9774432549879726,0.7333333333333333,5.0086631996436255,10.688679256425836,44.50777265627241,0.9373333333333334,3.9774432549879726,0.7333333333333333,FAR (IC del modelo AR)
135,164,149,train,30,False,1.135061090897075,1.0653924586259633,0.8967969422969118,0.8362762848302141,0.9939749314312881,2.9764275098688553,1.8219462522662326,1.7306448154588365,2.278003314644769,0.9329659914368247,0.9315555555555556,3.9774432549879726,0.7,5.021621256693504,10.803652379878946,44.50777265627241,0.9315555555555556,3.9774432549879726,0.7,FAR (IC del modelo AR)
136,165,150,train,30,False,1.1313570788968732,1.0636527059603962,0.895179729823079,0.8326362720232822,0.9927575052053066,2.9998668288262724,1.830186488043421,1.7346776471241916,2.2915936222129862,0.9333474165413074,0.9328888888888889,3.9774432549879726,0.7,5.003645405498836,11.158882677930226,44.50777265627241,0.9328888888888889,3.9774432549879726,0.7,FAR (IC del modelo AR)
137,166,151,train,30,False,1.1499341702322818,1.0723498357496408,0.9022088863075943,0.8419751358551453,1.0018035613806116,2.9998668288262724,1.8275093510986467,1.734751129175553,2.2664599891173016,0.9342133769995751,0.9328888888888889,3.9774432549879726,0.7,5.003645405498835,11.158882677930226,44.50777265627241,0.9328888888888889,3.9774432549879726,0.7,FAR (IC del modelo AR)
138,167,152,train,30,False,1.1254790818172324,1.06088598907575,0.911454005086388,0.8336404116606305,0.9930473344141736,2.9998668288262724,1.8084923865818638,1.7203864979889505,2.263331831444486,0.9360547171325376,0.94,3.9774432549879726,0.7,4.907903956280398,10.40575605326601,44.50777265627241,0.94,3.9774432549879726,0.7,FAR (IC del modelo AR)
139,168,153,train,30,False,1.1767210642902686,1.0847677467044587,0.9056391938486736,0.8503959303458827,1.013825961863836,3.135751509741386,1.858045421907679,1.7679204698900057,2.2750438960109105,0.9346018674908568,0.9324444444444444,3.9774432549879726,0.6666666666666666,5.107031445862584,12.116493449733515,55.60443616028359,0.9324444444444444,3.9774432549879726,0.6666666666666666,FAR (IC del modelo AR)
140,169,154,train,30,False,1.1794730010376095,1.086035451096146,0.9157816468721834,0.8536472483539121,1.015799101160327,3.135751509741386,1.8543365275650288,1.7672112841048104,2.2563718424476256,0.9353277557699162,0.9324444444444444,3.9774432549879726,0.6666666666666666,5.107031445862585,12.116493449733516,55.60443616028359,0.9324444444444444,3.9774432549879726,0.6666666666666666,FAR (IC del modelo AR)
141,170,155,train,30,False,1.1757601029817244,1.084324722111289,0.9156297861175906,0.8527907411902284,1.0125785274798014,3.135751509741386,1.8388181422660412,1.753348956835789,2.2281399126698305,0.9338332944288215,0.9324444444444444,3.9774432549879726,0.6666666666666666,5.107031445862584,12.116493449733516,55.60443616028359,0.9324444444444444,3.9774432549879726,0.6666666666666666,FAR (IC del modelo AR)
142,171,156,train,30,False,1.1049164444167165,1.0511500579920625,0.9345209922805372,0.8168377406054886,0.9744802542188368,3.135751509741386,1.7901492267268992,1.7045618346020281,2.2539123220628,0.9270610288319038,0.9368888888888889,3.9774432549879726,0.7,5.093841266375777,11.947881120908256,55.60443616028359,0.9368888888888889,3.9774432549879726,0.7,FAR (IC del modelo AR)
143,172,157,train,30,False,1.1132188147407893,1.055091851328968,0.9366316361822201,0.8239626360856191,0.9818038835825315,3.135751509741386,1.8030594153338642,1.7165015946668838,2.245303085940784,0.9305387794871842,0.9368888888888889,3.9774432549879726,0.7,5.093841266375778,11.947881120908256,55.60443616028359,0.9368888888888889,3.9774432549879726,0.7,FAR (IC del modelo AR)
144,173,158,train,30,False,1.018024379223377,1.0089719417423741,1.0007888062576653,0.7906669708897687,0.9439982429774807,3.135751509741386,1.759769095752905,1.6674868415958213,2.2800215619931596,0.9356040578762858,0.9497777777777778,3.9774432549879726,0.7333333333333333,4.796993718577969,10.670362244007189,55.60443616028359,0.9497777777777778,3.9774432549879726,0.7333333333333333,FAR (IC del modelo AR)
145,174,159,train,30,False,0.9509000359085764,0.975141033855399,0.9973277894667385,0.7674882849830167,0.913399807122694,3.135751509741386,1.712776689004298,1.6175651555081882,2.2950321600044217,0.9366848234366677,0.96,3.9774432549879726,0.7666666666666667,4.597341035960123,9.329513631006726,55.60443616028359,0.96,3.9774432549879726,0.7666666666666667,FAR (IC del modelo AR)
146,175,160,train,30,False,0.9381359943354189,0.9685742069327569,1.0130638624472803,0.7586501778758074,0.9048373325572345,3.135751509741386,1.710859241888078,1.6125024298544475,2.3235199642447695,0.9341951562210584,0.96,3.9774432549879726,0.7666666666666667,4.597341035960123,9.329513631006726,55.60443616028359,0.96,3.9774432549879726,0.7666666666666667,FAR (IC del modelo AR)
147,176,161,train,30,False,0.9369846356251383,0.9679796669481949,1.0218442884558112,0.7598981196360596,0.90406811205651,3.135751509741386,1.6972468343398444,1.6023662458372059,2.2980730298211993,0.9339742795495048,0.96,3.9774432549879726,0.7666666666666667,4.597341035960123,9.329513631006726,55.60443616028359,0.96,3.9774432549879726,0.7666666666666667,FAR (IC del modelo AR)
148,177,162,train,30,False,0.941237299884761,0.9701738503406289,1.0154579132787038,0.7637984651872686,0.9061753738196977,3.135751509741386,1.6969567706132151,1.6041487481047172,2.287551575973447,0.9340340120500452,0.96,3.9774432549879726,0.7666666666666667,4.597341035960123,9.329513631006726,55.60443616028359,0.96,3.9774432549879726,0.7666666666666667,FAR (IC del modelo AR)
149,178,163,train,30,False,0.9374516329227051,0.9682208595783841,1.067385186616119,0.7634747937591967,0.9040413075822861,3.135751509741386,1.68337870371386,1.5921374880730736,2.269968649564915,0.9337139337980744,0.96,3.9774432549879726,0.7666666666666667,4.597341035960123,9.329513631006726,55.60443616028359,0.96,3.9774432549879726,0.7666666666666667,FAR (IC del modelo AR)
150,179,164,train,30,False,0.8625142395084205,0.9287164473123217,1.0538259458756585,0.7409171530550916,0.8738246020006112,3.135751509741386,1.630579877608258,1.5409622260641698,2.2632284907748046,0.9408949357249288,0.9724444444444444,3.9774432549879726,0.8,4.372013084236754,8.072350393902006,55.60443616028359,0.9724444444444444,3.9774432549879726,0.8,FAR (IC del modelo AR)
151,180,165,train,30,False,0.8320080002016049,0.9121447254693769,1.0237040707146545,0.7305535287196363,0.8586231381436286,3.135751509741386,1.6099902304964535,1.5196543172324222,2.266017616940305,0.9413233603930485,0.9751111111111112,3.9774432549879726,0.8333333333333334,4.36315112606064,7.921590317313436,55.60443616028359,0.9751111111111112,3.9774432549879726,0.8333333333333334,FAR (IC del modelo AR)
152,181,166,train,30,False,0.832461754382993,0.9123934208349997,1.0263618936560583,0.7292263261275242,0.8589355160250552,3.135751509741386,1.6225914894020408,1.527249233033788,2.2939791386781754,0.9414091513713227,0.9751111111111112,3.9774432549879726,0.8333333333333334,4.363151126060641,7.921590317313435,55.60443616028359,0.9751111111111112,3.9774432549879726,0.8333333333333334,FAR (IC del modelo AR)
153,182,167,train,30,False,0.8599149430801599,0.9273159887978638,1.0198624445521813,0.7438091895197771,0.874804437600885,3.135751509741386,1.6473723192191572,1.5515756349434289,2.2859658319285034,0.94337253769877,0.9751111111111112,3.9774432549879726,0.8333333333333334,4.363151126060641,7.921590317313437,55.60443616028359,0.9751111111111112,3.9774432549879726,0.8333333333333334,FAR (IC del modelo AR)
154,183,168,train,30,False,0.8250932245167867,0.9083464231870937,1.0395304798636633,0.7295688066980424,0.8574925174714564,3.135751509741386,1.6138827227702108,1.521197822266192,2.2861438936547014,0.9440148555468437,0.9782222222222222,3.9774432549879726,0.8666666666666667,4.330874236700511,7.401491286742701,55.60443616028359,0.9782222222222222,3.9774432549879726,0.8666666666666667,FAR (IC del modelo AR)
155,184,169,train,30,False,0.8793504311201179,0.9377368666742915,1.0313641573420753,0.7509025109552621,0.8837570260034512,3.135751509741386,1.6511621881327911,1.5598114111981898,2.2646582451915993,0.9424360472652832,0.9702222222222222,3.9774432549879726,0.8333333333333334,4.475223809158941,8.35616998975829,55.60443616028359,0.9702222222222222,3.9774432549879726,0.8333333333333334,FAR (IC del modelo AR)
156,185,170,train,30,False,0.8795638284717467,0.9378506429446785,1.0313610438471799,0.7515658679727895,0.883885176801577,3.135751509741386,1.6520897369888379,1.5570122202332752,2.2640524671304134,0.9424583577896157,0.9702222222222222,3.9774432549879726,0.8333333333333334,4.475223809158941,8.35616998975829,55.60443616028359,0.9702222222222222,3.9774432549879726,0.8333333333333334,FAR (IC del modelo AR)
157,186,171,train,30,False,0.8732595850815801,0.9344835927300061,1.0324641184793364,0.749363720541801,0.8790265064342179,3.135751509741386,1.6375091079047042,1.5437021343694923,2.2464464132717765,0.9406548314735248,0.9702222222222222,3.9774432549879726,0.8333333333333334,4.47522380915894,8.35616998975829,55.60443616028359,0.9702222222222222,3.9774432549879726,0.8333333333333334,FAR (IC del modelo AR)
158,187,172,train,30,False,0.9361604504075143,0.9675538488412488,1.0226038186671988,0.7747823778278202,0.9044590449196563,3.135751509741386,1.6742289186843948,1.5794633792874004,2.2327468615235357,0.9347893618560295,0.9644444444444444,3.9774432549879726,0.8,4.579476357262836,9.3065724872857,55.60443616028359,0.9644444444444444,3.9774432549879726,0.8,FAR (IC del modelo AR)
159,188,173,train,30,False,0.9596711044233938,0.9796280439143185,1.0221289815586085,0.7875751711339581,0.9174305300620854,3.135751509741386,1.6903625204423163,1.5971054631972348,2.2137888284575835,0.9365090513296156,0.9617777777777777,3.9774432549879726,0.7666666666666667,4.59843788948346,9.661243043729257,55.60443616028359,0.9617777777777777,3.9774432549879726,0.7666666666666667,FAR (IC del modelo AR)
160,189,174,train,30,False,0.9594403740154586,0.9795102725420793,1.029042226446484,0.7850719502045097,0.9172967305188963,3.135751509741386,1.709003430917139,1.612164881659326,2.2463478837153628,0.9364850540446881,0.96,3.9774432549879726,0.7333333333333333,4.610882180849419,9.944936234666999,55.60443616028359,0.96,3.9774432549879726,0.7333333333333333,FAR (IC del modelo AR)
161,190,175,train,30,False,0.9709457429239728,0.9853657914317773,1.036481255602504,0.7953212428107889,0.92806135216456,3.135751509741386,1.7215510762459494,1.6248378446558127,2.2245251918065523,0.9418445010314884,0.96,3.9774432549879726,0.7333333333333333,4.610882180849419,9.944936234666999,55.60443616028359,0.96,3.9774432549879726,0.7333333333333333,FAR (IC del modelo AR)
162,191,176,train,30,False,0.9578796693419172,0.978713272282499,1.0561794713893584,0.7879056849732777,0.9194826151287503,3.135751509741386,1.7006849459485627,1.6056486901352238,2.222717527569229,0.9394810933588196,0.96,3.9774432549879726,0.7333333333333333,4.610882180849419,9.944936234666999,55.60443616028359,0.96,3.9774432549879726,0.7333333333333333,FAR (IC del modelo AR)
163,192,177,train,30,False,0.9994515419023803,0.9997257333400897,1.0676323891116895,0.8003943035978985,0.9360265044744154,3.135751509741386,1.7293389979089233,1.6333433219778715,2.225543263693554,0.9362832957666751,0.952,3.9774432549879726,0.7,4.70383252161523,10.705786902621576,55.60443616028359,0.952,3.9774432549879726,0.7,FAR (IC del modelo AR)
164,193,178,train,30,False,0.995215247288229,0.9976047550449171,1.0602252927480085,0.8002787708522483,0.9331421238336984,3.135751509741386,1.7224450398592521,1.623946228726961,2.21429768228011,0.9353825942737048,0.952,3.9774432549879726,0.7,4.70383252161523,10.705786902621576,55.60443616028359,0.952,3.9774432549879726,0.7,FAR (IC del modelo AR)
165,194,179,train,30,False,0.9513997375749204,0.9753972204055742,1.10562612655972,0.7827233444414406,0.9165117878533142,3.135751509741386,1.720854118379593,1.61791743052418,2.2412633217350044,0.9396292799278481,0.9577777777777777,3.9774432549879726,0.7333333333333333,4.6908744645653515,10.590813779168464,55.60443616028359,0.9577777777777777,3.9774432549879726,0.7333333333333333,FAR (IC del modelo AR)
166,195,180,train,30,False,0.9117691108277045,0.9548660172127316,1.0090922176309989,0.7739158094954868,0.9008932919790702,3.135751509741386,1.6850781640416723,1.5853375964515024,2.226653293752544,0.9434761272673536,0.9657777777777777,3.9774432549879726,0.7666666666666667,4.554299106425487,9.305412215890007,55.60443616028359,0.9657777777777777,3.9774432549879726,0.7666666666666667,FAR (IC del modelo AR)
167,196,181,train,30,False,0.8895699668684074,0.9431701685636624,0.9794996615230647,0.7604786426512512,0.889740189665263,3.135751509741386,1.6893209320700986,1.585567603671188,2.270693955304041,0.9433506479750446,0.9657777777777777,3.9774432549879726,0.7666666666666667,4.554299106425487,9.305412215890009,55.60443616028359,0.9657777777777777,3.9774432549879726,0.7666666666666667,FAR (IC del modelo AR)
168,197,182,train,30,False,0.845046863648866,0.9192643056536385,0.9938556601198049,0.7381686432542757,0.8647224349637556,3.135751509741386,1.6576551441900162,1.5514607792426032,2.2881614272945208,0.9406679119874004,0.9662222222222222,3.9774432549879726,0.8,4.553995010167503,9.297347278604837,55.60443616028359,0.9662222222222222,3.9774432549879726,0.8,FAR (IC del modelo AR)
169,198,183,train,30,False,0.8931509149017793,0.945066619292936,0.9607715693087064,0.7487614057092651,0.8784602337963061,3.862529013124262,1.6818810609694455,1.5763343746156715,2.287473907038215,0.9295220208428667,0.9617777777777777,3.9774432549879726,0.8,4.743828383458971,10.1033785757127,79.78537507351957,0.9617777777777777,3.9774432549879726,0.8,FAR (IC del modelo AR)
170,199,184,train,30,False,0.9093280932320188,0.9535869615467794,0.9682195815182121,0.7547414183544455,0.8877906716046021,3.862529013124262,1.7120832374998327,1.6032544130495603,2.309840019784877,0.9310012693174291,0.96,3.9774432549879726,0.7666666666666667,4.749669601456958,10.243389902105973,79.78537507351957,0.96,3.9774432549879726,0.7666666666666667,FAR (IC del modelo AR)
171,200,185,train,30,False,0.9250965079685654,0.9618193738787785,0.9863342398350375,0.7644222963659738,0.8990918679384159,3.862529013124262,1.7330665024603606,1.622076869681887,2.3138628937568346,0.9347824470540677,0.96,3.9774432549879726,0.7666666666666667,4.749669601456957,10.243389902105974,79.78537507351957,0.96,3.9774432549879726,0.7666666666666667,FAR (IC del modelo AR)
172,201,186,train,30,False,0.9514241907697613,0.9754097553181234,0.9866685869709081,0.7825505774136474,0.9190901403342827,3.862529013124262,1.7747274014950836,1.6596174103100756,2.312919227196306,0.9422605580098259,0.96,3.9774432549879726,0.7666666666666667,4.749669601456957,10.243389902105974,79.78537507351957,0.96,3.9774432549879726,0.7666666666666667,FAR (IC del modelo AR)
173,202,187,train,30,False,0.9437466203924565,0.9714662219513638,0.9834199903034307,0.776638735965798,0.9124354608497871,3.862529013124262,1.766283436457415,1.6488280165992026,2.3251993827142683,0.9392353951504325,0.96,3.9774432549879726,0.7666666666666667,4.749669601456957,10.243389902105976,79.78537507351957,0.96,3.9774432549879726,0.7666666666666667,FAR (IC del modelo AR)
174,203,188,train,30,False,0.9459079428316243,0.9725779880460097,0.9824744515911327,0.7782970179354675,0.913947727151982,3.862529013124262,1.7567068334118678,1.6441376194685795,2.3019315833709344,0.939716648315452,0.96,3.9774432549879726,0.7666666666666667,4.749669601456958,10.243389902105976,79.78537507351957,0.96,3.9774432549879726,0.7666666666666667,FAR (IC del modelo AR)
175,204,189,train,30,False,0.9650764961324122,0.9823830699540848,0.978048299002357,0.7868813812168047,0.9257161184447892,3.862529013124262,1.7764422144556187,1.6637123406943966,2.296239263954506,0.9423168484449307,0.9577777777777777,3.9774432549879726,0.7333333333333333,4.764527564430753,10.559709976841756,79.78537507351957,0.9577777777777777,3.9774432549879726,0.7333333333333333,FAR (IC del modelo AR)
176,205,190,train,30,False,0.9680700973240671,0.9839055327235776,0.9749233714969151,0.7898937839929275,0.9280140134692302,3.862529013124262,1.7734895078719093,1.6632060218099527,2.277586758190202,0.9431942220106919,0.9577777777777777,3.9774432549879726,0.7333333333333333,4.764527564430753,10.559709976841757,79.78537507351957,0.9577777777777777,3.9774432549879726,0.7333333333333333,FAR (IC del modelo AR)
177,206,191,train,30,False,0.9593175491515494,0.9794475734573798,0.9759098322206269,0.7827087690869462,0.9211024486692935,3.862529013124262,1.7671357592047383,1.6555850601624118,2.29220090221513,0.9404305790639388,0.9577777777777777,3.9774432549879726,0.7333333333333333,4.764527564430753,10.559709976841756,79.78537507351957,0.9577777777777777,3.9774432549879726,0.7333333333333333,FAR (IC del modelo AR)
178,207,192,train,30,False,0.953518304031831,0.9764826183971894,0.9841073598378982,0.7782877632006867,0.9181942033952571,3.862529013124262,1.7669557844585961,1.6553735147177981,2.3037123630907463,0.940307780288391,0.9564444444444444,3.9774432549879726,0.7,4.769295522825487,10.677844192944322,79.78537507351957,0.9564444444444444,3.9774432549879726,0.7,FAR (IC del modelo AR)
179,208,193,train,30,False,0.938353751871061,0.968686611795095,0.9690775330026764,0.7676812089264721,0.9072078636868525,3.862529013124262,1.7611162955341242,1.646538880368007,2.3451717801281005,0.9365339136933927,0.9564444444444444,3.9774432549879726,0.7,4.7692955228254865,10.677844192944322,79.78537507351957,0.9564444444444444,3.9774432549879726,0.7,FAR (IC del modelo AR)
180,209,194,train,30,False,0.9215667308226686,0.9599826721470907,0.9584475016521958,0.752990066112515,0.8923046161070698,3.862529013124262,1.7440485198136733,1.6279288276296693,2.386300594519559,0.9295007524576954,0.9564444444444444,3.9774432549879726,0.7,4.769295522825487,10.677844192944324,79.78537507351957,0.9564444444444444,3.9774432549879726,0.7,FAR (IC del modelo AR)
181,210,195,train,30,False,1.0115902316988081,1.0057784207760714,0.962343076060994,0.783054037055488,0.9270293025383654,3.862529013124262,1.7957260011092238,1.679770732077323,2.376132785867684,0.9217033129653526,0.9413333333333334,3.9774432549879726,0.6666666666666666,5.020765937016089,12.001450708330804,79.78537507351957,0.9413333333333334,3.9774432549879726,0.6666666666666666,FAR (IC del modelo AR)
182,211,196,train,30,False,1.0545207903810097,1.0268986271200335,0.9787727574396881,0.8052042170913699,0.9476602561656033,3.862529013124262,1.814070365491807,1.701752611695502,2.3364935991895472,0.9228372023666479,0.9373333333333334,3.9774432549879726,0.6333333333333333,5.0465693567299486,12.297013272960791,79.78537507351957,0.9373333333333334,3.9774432549879726,0.6333333333333333,FAR (IC del modelo AR)
183,212,197,train,30,False,1.054438041269009,1.0268583355405014,0.9913781636985268,0.8032279515739443,0.9476227271837758,3.862529013124262,1.8359058892320907,1.7182660159036716,2.3649310574710283,0.9228368650140831,0.9337777777777778,3.9774432549879726,0.6,5.104058290084579,13.1062761727098,79.78537507351957,0.9337777777777778,3.9774432549879726,0.6,FAR (IC del modelo AR)
184,213,198,train,30,False,1.0573882853828134,1.028293871119931,0.9902976676433507,0.8032811615003908,0.9495270891627663,3.862529013124262,1.843188685534278,1.7255279642942116,2.376156881809826,0.9234005140268136,0.9337777777777778,3.9774432549879726,0.6,5.104058290084579,13.106276172709801,79.78537507351957,0.9337777777777778,3.9774432549879726,0.6,FAR (IC del modelo AR)
185,214,199,train,30,False,1.0022393406546617,1.001119044197373,0.9871006096673647,0.7836350596123857,0.9225529226071362,3.862529013124262,1.8004497279077767,1.6806967221290996,2.378867219462919,0.9215216990970084,0.9417777777777778,3.9774432549879726,0.6333333333333333,4.9597087176261505,12.151597469694208,79.78537507351957,0.9417777777777778,3.9774432549879726,0.6333333333333333,FAR (IC del modelo AR)
186,215,200,train,30,False,0.9985191711098287,0.9992593112449984,0.983997484380667,0.7795150153610123,0.9202267469931582,3.862529013124262,1.8090912806150559,1.689973692703602,2.4068235770495447,0.9209088538255682,0.9408888888888889,3.9774432549879726,0.6,4.960491676600933,12.177103559107367,79.78537507351957,0.9408888888888889,3.9774432549879726,0.6,FAR (IC del modelo AR)
187,216,201,train,30,False,0.9993090461128907,0.9996544633586602,0.9835876013655804,0.778318909461834,0.9209007114179841,3.862529013124262,1.8154796274682226,1.6945133499337515,2.424989296784487,0.9212190263462863,0.9408888888888889,3.9774432549879726,0.6,4.960491676600933,12.177103559107369,79.78537507351957,0.9408888888888889,3.9774432549879726,0.6,FAR (IC del modelo AR)
188,217,202,train,30,False,0.9213322410284277,0.9598605320714191,0.9948086168012027,0.7419666783369199,0.8845697599362794,3.862529013124262,1.7695706271237464,1.647155561255094,2.477197515459147,0.9215607167713636,0.9466666666666667,3.9774432549879726,0.6333333333333333,4.8562391284970365,11.226701061579957,79.78537507351957,0.9466666666666667,3.9774432549879726,0.6333333333333333,FAR (IC del modelo AR)
189,218,203,train,30,False,0.8817447534609958,0.939012648190106,0.9891986137129403,0.7141786561299874,0.8530582610201422,3.862529013124262,1.7151745381692551,1.59499758025133,2.5115864133549763,0.9084630144911934,0.9493333333333334,3.9774432549879726,0.6666666666666666,4.8372775962764125,10.872030505136404,79.78537507351957,0.9493333333333334,3.9774432549879726,0.6666666666666666,FAR (IC del modelo AR)
190,219,204,train,30,False,0.9247444345373864,0.9616363317478112,0.982757475984922,0.7303011394978145,0.8718766233937586,3.862529013124262,1.7362446596262933,1.6188790276846807,2.491268877507586,0.9066594039860049,0.9426666666666667,3.9774432549879726,0.6666666666666666,4.953212331404227,11.526758519650008,79.78537507351957,0.9426666666666667,3.9774432549879726,0.6666666666666666,FAR (IC del modelo AR)
191,220,205,train,30,False,0.924453088986054,0.9614848355465905,0.9800846803081111,0.7300689192893286,0.8716663328665673,3.862529013124262,1.7390814154359184,1.6196710482435994,2.4966907466019337,0.9065835472808443,0.9426666666666667,3.9774432549879726,0.6666666666666666,4.9532123314042265,11.526758519650008,79.78537507351957,0.9426666666666667,3.9774432549879726,0.6666666666666666,FAR (IC del modelo AR)
192,221,206,train,30,False,0.9331690717453129,0.9660067658900288,0.9795191881950573,0.7351711580568955,0.8776919684556787,3.862529013124262,1.755869608095569,1.6346683007661358,2.5017141999158103,0.9085774545761266,0.9426666666666667,3.9774432549879726,0.6666666666666666,4.9532123314042265,11.526758519650008,79.78537507351957,0.9426666666666667,3.9774432549879726,0.6666666666666666,FAR (IC del modelo AR)
193,222,207,train,30,False,0.8634297256910372,0.9292091937185282,0.98358255278978,0.7031633076953226,0.8413458579436972,3.862529013124262,1.6985522070130956,1.5800833479292706,2.5317265394045996,0.9054428901814696,0.9506666666666667,3.9774432549879726,0.7,4.860261990638416,10.765907851695433,79.78537507351957,0.9506666666666667,3.9774432549879726,0.7,FAR (IC del modelo AR)
194,223,208,train,30,False,0.8566314312782762,0.9255438570258442,0.9937067524453119,0.6981826816820781,0.835746870077454,3.862529013124262,1.6835837656497517,1.5669562176756928,2.526115318816655,0.902979219983216,0.9506666666666667,3.9774432549879726,0.7,4.860261990638416,10.765907851695433,79.78537507351957,0.9506666666666667,3.9774432549879726,0.7,FAR (IC del modelo AR)
195,224,209,train,30,False,0.8275120619922448,0.9096768997793914,0.9965511021464784,0.6811276654737998,0.8173680656607305,3.862529013124262,1.6518109565264516,1.5363890594833276,2.5449457201284753,0.8985256917691908,0.9506666666666667,3.9774432549879726,0.7,4.860261990638415,10.765907851695435,79.78537507351957,0.9506666666666667,3.9774432549879726,0.7,FAR (IC del modelo AR)
196,225,210,train,30,False,0.7960988376083998,0.892243709761184,1.041888934393686,0.6601594037234498,0.794796431225158,3.862529013124262,1.6128351708025639,1.497869528171052,2.5631480229482215,0.8907840117336232,0.9506666666666667,3.9774432549879726,0.7,4.860261990638415,10.765907851695435,79.78537507351957,0.9506666666666667,3.9774432549879726,0.7,FAR (IC del modelo AR)
197,226,211,train,30,False,0.8834763488426314,0.9399342258065888,1.0238494140354877,0.6941768941882577,0.8278145415664023,3.862529013124262,1.6491473793325637,1.5359810112157637,2.522554149601987,0.8807153935223787,0.9391111111111111,3.9774432549879726,0.6666666666666666,5.1047062813604125,12.227833877484938,79.78537507351957,0.9391111111111111,3.9774432549879726,0.6666666666666666,FAR (IC del modelo AR)
198,227,212,train,30,False,0.9015326546486357,0.9494907343669214,1.021101074527162,0.705024834976497,0.8405968818538035,3.862529013124262,1.6760398806122099,1.5633224268352208,2.5251679323271845,0.8853134121569669,0.9391111111111111,3.9774432549879726,0.6666666666666666,5.1047062813604125,12.227833877484938,79.78537507351957,0.9391111111111111,3.9774432549879726,0.6666666666666666,FAR (IC del modelo AR)
199,228,213,train,30,False,0.7986615308008208,0.8936786507469118,1.0828312382352552,0.6743705100221542,0.8041038819743856,3.0639934351468687,1.5987928037451338,1.4896493369505464,2.5187725449464287,0.8997684808765858,0.9511111111111111,3.9774432549879726,0.7,4.715745418486759,9.711065183909568,48.140095039943645,0.9511111111111111,3.9774432549879726,0.7,FAR (IC del modelo AR)
200,229,214,train,30,False,0.7756660466366619,0.880719050910483,1.0774441580206513,0.6623353207184568,0.7895126955476245,3.0639934351468687,1.5684204011097334,1.4604348113220234,2.522144462333776,0.8964410327350478,0.9528888888888889,3.9774432549879726,0.7333333333333333,4.709904200488773,9.571053857516295,48.140095039943645,0.9528888888888889,3.9774432549879726,0.7333333333333333,FAR (IC del modelo AR)
201,230,215,train,30,False,0.7682334963313326,0.8764893018921182,1.0486191680716932,0.655334033373168,0.7848512707362455,3.0639934351468687,1.5739107499328688,1.463609599583091,2.5573611421098676,0.8954487739233675,0.9528888888888889,3.9774432549879726,0.7333333333333333,4.709904200488773,9.571053857516295,48.140095039943645,0.9528888888888889,3.9774432549879726,0.7333333333333333,FAR (IC del modelo AR)
202,231,216,train,30,False,0.8075141669959783,0.8986179204734225,1.0260963688152147,0.6698039322050989,0.801176105143714,3.0639934351468687,1.594584996515298,1.484792565875608,2.5473424757504106,0.8915647984425095,0.9466666666666667,3.9774432549879726,0.7,4.771662904938822,10.238962219646936,48.140095039943645,0.9466666666666667,3.9774432549879726,0.7,FAR (IC del modelo AR)
203,232,217,train,30,False,0.8487534418547861,0.9212781566143778,1.0451501978542017,0.6884476722201957,0.8256170987632862,3.0639934351468687,1.648291624718504,1.5375055274595406,2.5526761738149144,0.8961648475389471,0.9435555555555556,3.9774432549879726,0.6666666666666666,4.819189251559952,10.944806051908278,48.140095039943645,0.9435555555555556,3.9774432549879726,0.6666666666666666,FAR (IC del modelo AR)
204,233,218,train,30,False,0.8545271612127663,0.9244063831523267,1.0619405333242968,0.6911070258714958,0.8292623107318577,3.0639934351468687,1.6550105896424927,1.5448398606052491,2.553766400288931,0.8970754917377168,0.9435555555555556,3.9774432549879726,0.6666666666666666,4.819189251559952,10.944806051908278,48.140095039943645,0.9435555555555556,3.9774432549879726,0.6666666666666666,FAR (IC del modelo AR)
205,234,219,train,30,False,0.8527292287222679,0.9234333916002105,1.064439262288202,0.6928770511377687,0.8283423079051005,3.0639934351468687,1.6449460503626985,1.5366124408520063,2.535878279191208,0.8970244258437229,0.9457777777777778,3.9774432549879726,0.7,4.804331288586156,10.628485977172499,48.140095039943645,0.9457777777777778,3.9774432549879726,0.7,FAR (IC del modelo AR)
206,235,220,train,30,False,0.8577571966617622,0.9261518216047314,1.0695969510119727,0.6964280382159892,0.8317533517254997,3.0639934351468687,1.645921913824619,1.5373482438296913,2.5264500076040575,0.8980745190182008,0.9457777777777778,3.9774432549879726,0.7,4.804331288586156,10.628485977172499,48.140095039943645,0.9457777777777778,3.9774432549879726,0.7,FAR (IC del modelo AR)
207,236,221,train,30,False,0.9326747664934003,0.9657508822120746,1.0563498739367407,0.7245226374266092,0.8671010517703802,3.0639934351468687,1.7067477649797138,1.5977007367485194,2.525100152974185,0.8978516797046722,0.9364444444444444,3.9774432549879726,0.6666666666666666,4.968910502739452,11.60980769477838,48.140095039943645,0.9364444444444444,3.9774432549879726,0.6666666666666666,FAR (IC del modelo AR)
208,237,222,train,30,False,0.9212814599202849,0.9598340793701196,1.067876060935973,0.7182298421909473,0.8604247684008324,3.0639934351468687,1.6996419527671383,1.5878864327632387,2.5387983301282313,0.8964307341175848,0.9377777777777778,3.9774432549879726,0.7,4.9641425443447185,11.491673478675814,48.140095039943645,0.9377777777777778,3.9774432549879726,0.7,FAR (IC del modelo AR)
209,238,223,train,30,False,0.9330746749019528,0.9659579053467873,1.0696785028466542,0.7257108591462867,0.86936607504147,3.0639934351468687,1.7145761936678134,1.6018382940595342,2.5223821202159855,0.9000040997949699,0.9377777777777778,3.9774432549879726,0.7,4.964142544344719,11.491673478675816,48.140095039943645,0.9377777777777778,3.9774432549879726,0.7,FAR (IC del modelo AR)
210,239,224,train,30,False,0.9904510459801477,0.9952140704291452,1.056970943143268,0.7544492645980464,0.9032187673686853,3.0639934351468687,1.776144333736576,1.6631965276590603,2.4966349538578876,0.9075622966013828,0.9333333333333333,3.9774432549879726,0.6666666666666666,5.038157669274714,12.305260765679067,48.140095039943645,0.9333333333333333,3.9774432549879726,0.6666666666666666,FAR (IC del modelo AR)
211,240,225,train,30,False,0.8942268078716169,0.9456356633881872,1.093839716304908,0.7206587778433812,0.8641265200315086,2.942585552468958,1.7161238527559914,1.601644237821022,2.5068860010061993,0.9138049182021821,0.9484444444444444,3.9774432549879726,0.7,4.786687255084113,10.981654250292586,48.140095039943645,0.9484444444444444,3.9774432549879726,0.7,FAR (IC del modelo AR)
212,241,226,train,30,False,0.8650077351751952,0.9300579203335646,1.022163707467156,0.7075334680465579,0.8515448951842781,2.942585552468958,1.7057248245003216,1.589709190407596,2.5232318079859932,0.9155826498191341,0.9524444444444444,3.9774432549879726,0.7333333333333333,4.760883835370251,10.686091685662598,48.140095039943645,0.9524444444444444,3.9774432549879726,0.7333333333333333,FAR (IC del modelo AR)
213,242,227,train,30,False,0.8919227237769825,0.9444166049879589,1.0238524180213349,0.7123447575594724,0.8622095631717281,3.1695215456295123,1.7255223571787404,1.6090234472984535,2.5290592589029943,0.9129546840006283,0.9484444444444444,3.9774432549879726,0.7333333333333333,4.85068178414102,11.388901098938176,49.6444836569961,0.9484444444444444,3.9774432549879726,0.7333333333333333,FAR (IC del modelo AR)
214,243,228,train,30,False,0.8939777475198654,0.9455039648356137,1.0269548048851973,0.7151405022848826,0.8634597004900394,3.1695215456295123,1.7267556201983945,1.6097493190127175,2.5202983115585083,0.9132269483821376,0.9484444444444444,3.9774432549879726,0.7333333333333333,4.85068178414102,11.388901098938176,49.6444836569961,0.9484444444444444,3.9774432549879726,0.7333333333333333,FAR (IC del modelo AR)
215,244,229,train,30,False,0.9021100616748586,0.9497947471295357,1.0301145735269626,0.7199680404198634,0.8692334527169656,3.1695215456295123,1.7258634736080873,1.6133851905097625,2.5028339120753054,0.9151803116872966,0.9484444444444444,3.9774432549879726,0.7333333333333333,4.85068178414102,11.38890109893818,49.6444836569961,0.9484444444444444,3.9774432549879726,0.7333333333333333,FAR (IC del modelo AR)
216,245,230,train,30,False,0.8959801631628281,0.9465622869958575,1.0296756922210821,0.7163231997854218,0.864848468635769,3.1695215456295123,1.7126092622707398,1.6017108057957385,2.4974151697563647,0.9136730678131845,0.9493333333333334,3.9774432549879726,0.7666666666666667,4.849898825166239,11.363395009525018,49.6444836569961,0.9493333333333334,3.9774432549879726,0.7666666666666667,FAR (IC del modelo AR)
217,246,231,train,30,False,0.9019535422590884,0.9497123471131079,1.03081712147063,0.7220790006454845,0.8693491315767482,3.1695215456295123,1.7231842406156554,1.610312620094723,2.491519092882007,0.9153815196984181,0.9493333333333334,3.9774432549879726,0.7666666666666667,4.849898825166239,11.363395009525018,49.6444836569961,0.9493333333333334,3.9774432549879726,0.7666666666666667,FAR (IC del modelo AR)
218,247,232,train,30,False,0.945464894634259,0.9723501913581645,1.0315723490450066,0.7467200134381697,0.8936996258524305,3.1695215456295123,1.7455599299856275,1.6350943647798089,2.4375344013485365,0.9191129222735319,0.9493333333333334,3.9774432549879726,0.7666666666666667,4.849898825166239,11.363395009525018,49.6444836569961,0.9493333333333334,3.9774432549879726,0.7666666666666667,FAR (IC del modelo AR)
219,248,233,train,30,False,0.9575128533072073,0.9785258572501839,1.0321196355595885,0.7589012381921016,0.9092164261099901,3.1695215456295123,1.7789657158575929,1.6658787236507144,2.427597157919039,0.9291695455703495,0.9493333333333334,3.9774432549879726,0.7666666666666667,4.849898825166239,11.36339500952502,49.6444836569961,0.9493333333333334,3.9774432549879726,0.7666666666666667,FAR (IC del modelo AR)
220,249,234,train,30,False,0.9019746224654823,0.9497234452541868,1.0366554853940078,0.7347979849867928,0.8818299091842179,3.1695215456295123,1.7425522894811611,1.6271349602337215,2.4629435175944745,0.9285123091261607,0.9577777777777777,3.9774432549879726,0.8,4.721519798672466,10.424973804073675,49.6444836569961,0.9577777777777777,3.9774432549879726,0.8,FAR (IC del modelo AR)
221,250,235,train,30,False,0.8909291344756599,0.9438904250365399,1.0418294420851861,0.7259381232386433,0.8714995177541642,3.1695215456295123,1.7248845528998555,1.6097685817087088,2.463924209435051,0.9233058145710364,0.9577777777777777,3.9774432549879726,0.8,4.721519798672466,10.424973804073675,49.6444836569961,0.9577777777777777,3.9774432549879726,0.8,FAR (IC del modelo AR)
222,251,236,train,30,False,0.8957506421611362,0.9464410399814329,1.0424808062247204,0.7288180901250098,0.874316224028308,3.1695215456295123,1.7158240981991475,1.6025106601317392,2.44122411487023,0.923793651261636,0.9577777777777777,3.9774432549879726,0.8,4.721519798672466,10.424973804073675,49.6444836569961,0.9577777777777777,3.9774432549879726,0.8,FAR (IC del modelo AR)
223,252,237,train,30,False,0.9373791308990079,0.968183418004568,1.0462758391635847,0.7539467598427521,0.9002369189768326,3.1695215456295123,1.7527618237482288,1.6384919904030615,2.405615204741559,0.929820633400463,0.9564444444444444,3.9774432549879726,0.7666666666666667,4.725077753134584,10.527202532656649,49.6444836569961,0.9564444444444444,3.9774432549879726,0.7666666666666667,FAR (IC del modelo AR)
224,253,238,train,30,False,0.9362402056376015,0.967595062842717,1.0374750432205626,0.7537249505633216,0.8991120373136531,3.1695215456295123,1.7504760034921145,1.635594112746436,2.4014878092529464,0.9292234653121666,0.9564444444444444,3.9774432549879726,0.7666666666666667,4.725077753134584,10.527202532656649,49.6444836569961,0.9564444444444444,3.9774432549879726,0.7666666666666667,FAR (IC del modelo AR)
225,254,239,train,30,False,0.952601511882834,0.9760130695246012,1.0265573763766433,0.7648997791113551,0.9109087565644411,3.1695215456295123,1.762747693399659,1.6501649283083155,2.3747773954807374,0.9332956545429548,0.9564444444444444,3.9774432549879726,0.7666666666666667,4.725077753134584,10.527202532656649,49.6444836569961,0.9564444444444444,3.9774432549879726,0.7666666666666667,FAR (IC del modelo AR)
226,255,240,train,30,False,0.9899748713336293,0.994974809396514,1.0430244020761947,0.7892904862832353,0.9362500338684581,3.1695215456295123,1.7901089504072583,1.6793224349675495,2.3380692243868344,0.9409786308422476,0.9564444444444444,3.9774432549879726,0.7666666666666667,4.725077753134584,10.527202532656649,49.6444836569961,0.9564444444444444,3.9774432549879726,0.7666666666666667,FAR (IC del modelo AR)
227,256,241,train,30,False,0.9192910485364801,0.9587966669406398,1.049023746532704,0.7683909915887915,0.9119399403522102,3.1695215456295123,1.746665500054887,1.6358919736301272,2.3322932117197297,0.9511296521942013,0.968,3.9774432549879726,0.8,4.480633462412586,9.065276506867143,49.6444836569961,0.968,3.9774432549879726,0.8,FAR (IC del modelo AR)
228,257,242,train,30,False,0.9015737965574242,0.9495123993700262,1.0405707294418909,0.7563615789002557,0.8994839528366736,3.1695215456295123,1.7233581431225298,1.6127171311940116,2.3449889029939133,0.9473114341987056,0.968,3.9774432549879726,0.8,4.480633462412586,9.065276506867143,49.6444836569961,0.968,3.9774432549879726,0.8,FAR (IC del modelo AR)
229,258,243,train,30,False,0.9032684056352989,0.9504043379716335,1.0195952276058988,0.7559295032050682,0.9004505686730044,3.1695215456295123,1.7442994607255806,1.6288234440486642,2.3764425050128493,0.9474394557107756,0.9657777777777777,3.9774432549879726,0.7666666666666667,4.488472524499307,9.2593830727584,49.6444836569961,0.9657777777777777,3.9774432549879726,0.7666666666666667,FAR (IC del modelo AR)
230,259,244,train,30,False,0.8996603877098441,0.948504289768815,1.017122829365375,0.7543760360726578,0.8969595651240134,3.1695215456295123,1.7332418125896933,1.6173190437761302,2.3600229584474817,0.945656835503227,0.9657777777777777,3.9774432549879726,0.7666666666666667,4.488472524499309,9.2593830727584,49.6444836569961,0.9657777777777777,3.9774432549879726,0.7666666666666667,FAR (IC del modelo AR)
231,260,245,train,30,False,0.912663532405772,0.955334251665757,1.0136646001990277,0.7648175942857429,0.9046719464246012,3.1695215456295123,1.7305668952679334,1.6158172234731503,2.320194559808695,0.9469690266492392,0.9657777777777777,3.9774432549879726,0.7666666666666667,4.488472524499307,9.2593830727584,49.6444836569961,0.9657777777777777,3.9774432549879726,0.7666666666666667,FAR (IC del modelo AR)
232,261,246,train,30,False,0.9261498611404767,0.9623668017655621,1.0295845519322537,0.7699881049279774,0.9091236341043543,3.1695215456295123,1.7253943777002698,1.6118028965797946,2.3093231107292738,0.9446747668731635,0.9635555555555556,3.9774432549879726,0.7666666666666667,4.519378236537674,9.392878909417874,49.6444836569961,0.9635555555555556,3.9774432549879726,0.7666666666666667,FAR (IC del modelo AR)
233,262,247,train,30,False,0.9644475354166,0.9820628978922887,1.000743923103607,0.7838453761336338,0.9226709830507319,3.1695215456295123,1.732948224517485,1.6207776637508038,2.2867646349124913,0.9395233085691108,0.956,3.9774432549879726,0.7666666666666667,4.665921668480568,9.727158061392565,49.6444836569961,0.956,3.9774432549879726,0.7666666666666667,FAR (IC del modelo AR)
234,263,248,train,30,False,1.0161862532341706,1.0080606396612113,0.9756792180933924,0.8057602933224557,0.9446599197111778,3.1695215456295123,1.7684422480858932,1.6537048422291056,2.2762382624870137,0.9371062439543903,0.9484444444444444,3.9774432549879726,0.7333333333333333,4.763233664472427,10.497968207567466,49.6444836569961,0.9484444444444444,3.9774432549879726,0.7333333333333333,FAR (IC del modelo AR)
235,264,249,train,30,False,1.0102883068469715,1.0051309898948353,0.9839762140894527,0.7997926587896794,0.9414369623218889,3.1695215456295123,1.7737973766351733,1.6595884785261985,2.3040047491469173,0.9366311175226919,0.9484444444444444,3.9774432549879726,0.7333333333333333,4.763233664472427,10.49796820756747,49.6444836569961,0.9484444444444444,3.9774432549879726,0.7333333333333333,FAR (IC del modelo AR)
236,265,250,train,30,False,1.000916751741623,1.0004582708647187,0.9721083435452617,0.7926685347289081,0.9346031041585569,3.1695215456295123,1.7756071311085222,1.6577100563678193,2.334848385340661,0.9341749989739785,0.9484444444444444,3.9774432549879726,0.7333333333333333,4.763233664472427,10.49796820756747,49.6444836569961,0.9484444444444444,3.9774432549879726,0.7333333333333333,FAR (IC del modelo AR)
237,266,251,train,30,False,0.9247240067944129,0.9616257103439014,0.9659948710990628,0.7636617615356563,0.8980071515897929,3.1695215456295123,1.7142707152769778,1.595191199329722,2.339843684243571,0.9338427019267643,0.9577777777777777,3.9774432549879726,0.7666666666666667,4.598654450319131,9.516646489961586,49.6444836569961,0.9577777777777777,3.9774432549879726,0.7666666666666667,FAR (IC del modelo AR)
238,267,252,train,30,False,0.9097449494483207,0.9538055092356726,0.9650887222619705,0.7530025938935245,0.884344809939687,3.1695215456295123,1.6830562224794723,1.5670239902282082,2.335660727855181,0.9271751959666834,0.9577777777777777,3.9774432549879726,0.7666666666666667,4.598654450319131,9.51664648996159,49.6444836569961,0.9577777777777777,3.9774432549879726,0.7666666666666667,FAR (IC del modelo AR)
239,268,253,train,30,False,0.9453043555812474,0.9722676357779515,0.9562602090309666,0.7680112781706966,0.9013091402888378,3.1695215456295123,1.7057436215298607,1.591337490055104,2.3165687807517004,0.9270175280160006,0.9537777777777777,3.9774432549879726,0.7333333333333333,4.6519395703608835,10.22616118657038,49.6444836569961,0.9537777777777777,3.9774432549879726,0.7333333333333333,FAR (IC del modelo AR)
240,269,254,train,30,False,0.9416378341919504,0.9703802523711776,0.9529691731482286,0.7663872533581936,0.8999355285236911,3.1695215456295123,1.6929618383106186,1.5796836237195604,2.308369338768365,0.9274050315066172,0.9537777777777777,3.9774432549879726,0.7333333333333333,4.618044737064995,9.867071210208788,49.6444836569961,0.9537777777777777,3.9774432549879726,0.7333333333333333,FAR (IC del modelo AR)
241,270,255,train,30,False,1.0799383343502873,1.0392008152182557,0.9310174220827553,0.8111589602746182,0.9496705212679613,3.2985958004167824,1.7608023981335341,1.6493425562437285,2.2909991186012637,0.9138469748683838,0.9368888888888889,3.9774432549879726,0.7,5.117874416494911,11.493596442478651,53.07807123435434,0.9368888888888889,3.9774432549879726,0.7,FAR (IC del modelo AR)
242,271,256,train,30,False,1.1718656952937485,1.0825274570622903,0.9792113784801187,0.8408750824806079,0.9814035127357198,3.5375562027881307,1.8152629733438286,1.70458990945547,2.282744832518603,0.9065853307767402,0.9288888888888889,3.9774432549879726,0.6666666666666666,5.422414516143003,13.362582798796247,60.35190495578633,0.9288888888888889,3.9774432549879726,0.6666666666666666,FAR (IC del modelo AR)
243,272,257,train,30,False,1.1531581572225382,1.0738520183072424,0.9797492248394094,0.8413933263043345,0.9742912607764226,3.5375562027881307,1.7812411436734417,1.6757356186769328,2.2493619818392534,0.9072863338397765,0.9342222222222222,3.9774432549879726,0.6666666666666666,5.282436656427384,12.004210116359534,60.35190495578633,0.9342222222222222,3.9774432549879726,0.6666666666666666,FAR (IC del modelo AR)
244,273,258,train,30,False,1.1549971216561405,1.074707923882643,0.9712790833078947,0.8414100104086445,0.9753644578450494,3.5375562027881307,1.780549867883579,1.672897973689564,2.2483480586934923,0.9075623582650334,0.9342222222222222,3.9774432549879726,0.6666666666666666,5.282436656427385,12.004210116359536,60.35190495578633,0.9342222222222222,3.9774432549879726,0.6666666666666666,FAR (IC del modelo AR)
245,274,259,train,30,False,1.1444793269862126,1.0698034057649155,0.9701439415439513,0.8335573744388873,0.9675593767686129,3.5375562027881307,1.779837302358344,1.6667002230012786,2.277656374732905,0.9044272728565511,0.9342222222222222,3.9774432549879726,0.6666666666666666,5.282436656427385,12.004210116359536,60.35190495578633,0.9342222222222222,3.9774432549879726,0.6666666666666666,FAR (IC del modelo AR)
246,275,260,train,30,False,1.1415976572726134,1.0684557348213417,0.9725826636247957,0.8314983027281339,0.9651458668218904,3.5375562027881307,1.783715287516682,1.667773426646213,2.299218818753419,0.9033091735740219,0.9342222222222222,3.9774432549879726,0.6666666666666666,5.282436656427384,12.004210116359536,60.35190495578633,0.9342222222222222,3.9774432549879726,0.6666666666666666,FAR (IC del modelo AR)
247,276,261,train,30,False,1.1398933306062466,1.0676578715142069,0.9735168026999319,0.8274319666953206,0.9639510190643226,3.5375562027881307,1.7814851069895083,1.6673525885888487,2.3128469947792127,0.9028650888858226,0.9342222222222222,3.9774432549879726,0.6666666666666666,5.282436656427385,12.00421011635954,60.35190495578633,0.9342222222222222,3.9774432549879726,0.6666666666666666,FAR (IC del modelo AR)
248,277,262,train,30,False,1.101571939947346,1.0495579736000036,0.9880999259810879,0.8075679475629493,0.943971093184039,3.5375562027881307,1.7601185844394116,1.6459180306720083,2.338745861386817,0.8993987153908235,0.9342222222222222,3.9774432549879726,0.6666666666666666,5.282436656427385,12.00421011635954,60.35190495578633,0.9342222222222222,3.9774432549879726,0.6666666666666666,FAR (IC del modelo AR)
249,278,263,train,30,False,1.09643950576217,1.0471100733744136,0.9913897776198796,0.8059644208526308,0.9393148182203241,3.5375562027881307,1.743224509212736,1.631220383618807,2.3106420388002538,0.8970545142339154,0.9342222222222222,3.9774432549879726,0.6666666666666666,5.282436656427385,12.00421011635954,60.35190495578633,0.9342222222222222,3.9774432549879726,0.6666666666666666,FAR (IC del modelo AR)
250,279,264,train,30,False,1.090116951267221,1.0440866588876716,0.9904699235527008,0.8021912677125406,0.933119114777716,3.5375562027881307,1.7189308227980058,1.6098316878325665,2.277522229026809,0.893718071038111,0.9342222222222222,3.9774432549879726,0.6666666666666666,5.282436656427385,12.00421011635954,60.35190495578633,0.9342222222222222,3.9774432549879726,0.6666666666666666,FAR (IC del modelo AR)
251,280,265,train,30,False,1.1163750134278438,1.0565864912196463,1.0003209583428214,0.817247636023393,0.9526419129924341,3.5375562027881307,1.755538509329554,1.6478033161443784,2.284590565192312,0.9016222722029824,0.9342222222222222,3.9774432549879726,0.6666666666666666,5.282436656427385,12.004210116359541,60.35190495578633,0.9342222222222222,3.9774432549879726,0.6666666666666666,FAR (IC del modelo AR)
252,281,266,train,30,False,1.1148647339890212,1.0558715518418995,1.0049130851632084,0.8179282283430399,0.95178896903659,3.5375562027881307,1.7559133143775105,1.6474138696885066,2.2832226023280087,0.901424957776593,0.9342222222222222,3.9774432549879726,0.6666666666666666,5.282436656427385,12.004210116359541,60.35190495578633,0.9342222222222222,3.9774432549879726,0.6666666666666666,FAR (IC del modelo AR)
253,282,267,train,30,False,1.1144572469122158,1.0556785717784631,1.0072053864316028,0.815111998942449,0.9516176462374878,3.5375562027881307,1.768032275293642,1.6596725182895165,2.300961777592254,0.9014274530876686,0.932,3.9774432549879726,0.6666666666666666,5.312379149958967,12.365486169662155,60.35190495578633,0.932,3.9774432549879726,0.6666666666666666,FAR (IC del modelo AR)
254,283,268,train,30,False,1.1180978992147605,1.0574014844016253,1.0114515647247655,0.8167711898051001,0.9549889993817039,3.5375562027881307,1.7758348449383914,1.6652268618677712,2.309576160693479,0.9031470198116132,0.932,3.9774432549879726,0.6666666666666666,5.312379149958967,12.365486169662155,60.35190495578633,0.932,3.9774432549879726,0.6666666666666666,FAR (IC del modelo AR)
255,284,269,train,30,False,1.1367614009397597,1.066190133578322,1.0445925386871122,0.825176927696431,0.9642363292446046,3.5375562027881307,1.7903370961331504,1.6757408855843623,2.306587817288585,0.9043755882531548,0.932,3.9774432549879726,0.6666666666666666,5.312379149958967,12.365486169662155,60.35190495578633,0.932,3.9774432549879726,0.6666666666666666,FAR (IC del modelo AR)
256,285,270,train,30,False,1.1167815672830452,1.0567788639460223,1.0368591122311424,0.8143244472149413,0.9538486059524551,3.5375562027881307,1.7867422067505534,1.6694583529123617,2.325734057979148,0.9026000031745293,0.932,3.9774432549879726,0.6666666666666666,5.312379149958967,12.365486169662153,60.35190495578633,0.932,3.9774432549879726,0.6666666666666666,FAR (IC del modelo AR)
257,286,271,train,30,False,1.1373618312833575,1.0664716739245153,1.0373342461527044,0.817780952716568,0.9623103904710607,3.5375562027881307,1.8092532167721622,1.6903990720440445,2.3409304428092486,0.902330942302339,0.9266666666666666,3.9774432549879726,0.6333333333333333,5.347375482406997,12.829518022038847,60.35190495578633,0.9266666666666666,3.9774432549879726,0.6333333333333333,FAR (IC del modelo AR)
258,287,272,train,30,False,1.144910057418869,1.0700046997181223,1.0364885226168143,0.8237628782620477,0.9684349782590593,3.5375562027881307,1.820223938089966,1.69912297804111,2.331628981650556,0.9050754436070981,0.9266666666666666,3.9774432549879726,0.6333333333333333,5.347375482406997,12.829518022038847,60.35190495578633,0.9266666666666666,3.9774432549879726,0.6333333333333333,FAR (IC del modelo AR)
259,288,273,train,30,False,1.1291710685780774,1.062624613199825,1.041916524454253,0.817269708451436,0.9576427924074853,3.5375562027881307,1.7854843102542246,1.6683884686205837,2.302771060911802,0.9012051673862386,0.9288888888888889,3.9774432549879726,0.6666666666666666,5.339536420320274,12.635411456147587,60.35190495578633,0.9288888888888889,3.9774432549879726,0.6666666666666666,FAR (IC del modelo AR)
260,289,274,train,30,False,1.1645439826396307,1.0791403906070935,1.0468106993221267,0.8365125376022876,0.9798289027733892,3.5375562027881307,1.8315404780889977,1.7132300912786513,2.3053452966208385,0.9079716701384566,0.9257777777777778,3.9774432549879726,0.6333333333333333,5.363462878324687,13.028057652087252,60.35190495578633,0.9257777777777778,3.9774432549879726,0.6333333333333333,FAR (IC del modelo AR)
261,290,275,train,30,False,1.1512431454732783,1.072959992484938,1.0476066611085166,0.8269877519648735,0.9719109997380576,3.5375562027881307,1.8252741253399223,1.7087123974560166,2.324817055566606,0.9058222175527212,0.9257777777777778,3.9774432549879726,0.6333333333333333,5.363462878324687,13.028057652087254,60.35190495578633,0.9257777777777778,3.9774432549879726,0.6333333333333333,FAR (IC del modelo AR)
262,291,276,train,30,False,1.0805809694887576,1.0395099660362845,1.0754048054073104,0.7958924761391996,0.9397778481030328,3.5375562027881307,1.7895541656208038,1.6726942117326358,2.358267653790599,0.9040585264290092,0.9342222222222222,3.9774432549879726,0.6666666666666666,5.270798461836272,12.22665345329714,60.35190495578633,0.9342222222222222,3.9774432549879726,0.6666666666666666,FAR (IC del modelo AR)
263,292,277,train,30,False,1.025862133546108,1.012848524482367,1.0552736220694225,0.7776183289018899,0.9187534837698716,3.5375562027881307,1.764204192431997,1.646511377768759,2.3740191004008335,0.9070986051338878,0.9435555555555556,3.9774432549879726,0.6666666666666666,5.080652480497538,11.303339075958549,60.35190495578633,0.9435555555555556,3.9774432549879726,0.6666666666666666,FAR (IC del modelo AR)
264,293,278,train,30,False,0.9679544523320894,0.9838467626272343,1.0389262846602,0.7512198790109476,0.8928498156684631,3.5375562027881307,1.7285455338852402,1.6114034860711366,2.4022458395226987,0.907509024356826,0.9511111111111111,3.9774432549879726,0.7,4.983340484505679,10.532528929783647,60.35190495578633,0.9511111111111111,3.9774432549879726,0.7,FAR (IC del modelo AR)
265,294,279,train,30,False,0.9599859815274558,0.9797887433153414,1.0288401447124962,0.7497422994782785,0.8878134965867598,3.5375562027881307,1.7089012016160696,1.591202169119419,2.3767532093848485,0.9061274715023138,0.9511111111111111,3.9774432549879726,0.7,4.983340484505678,10.532528929783647,60.35190495578633,0.9511111111111111,3.9774432549879726,0.7,FAR (IC del modelo AR)
266,295,280,train,30,False,1.0254434796123078,1.0126418318498933,1.012370765734209,0.7768548685486454,0.9189690204380203,3.5375562027881307,1.756246859270475,1.6416879901859172,2.3552916227804435,0.9074966010037808,0.9431111111111111,3.9774432549879726,0.6666666666666666,5.115486111388957,11.528719971439383,60.35190495578633,0.9431111111111111,3.9774432549879726,0.6666666666666666,FAR (IC del modelo AR)
267,296,281,train,30,False,1.0322424007077855,1.015993307412891,1.0209098855088907,0.7785824782774219,0.9248303575702844,3.5375562027881307,1.7763508238486234,1.6607164458597874,2.389551964660205,0.9102720961078548,0.9431111111111111,3.9774432549879726,0.6666666666666666,5.1154861113889565,11.528719971439383,60.35190495578633,0.9431111111111111,3.9774432549879726,0.6666666666666666,FAR (IC del modelo AR)
268,297,282,train,30,False,1.1082189907923408,1.0527198064026062,1.015998153345015,0.8168464591790319,0.9649973882479842,3.5375562027881307,1.8414817202295934,1.7227299694196747,2.36268825324695,0.9166706870896725,0.9386666666666666,3.9774432549879726,0.6333333333333333,5.198612691187516,12.480723463776716,60.35190495578633,0.9386666666666666,3.9774432549879726,0.6333333333333333,FAR (IC del modelo AR)
269,298,283,train,30,False,1.0774941628813006,1.0380241629563836,1.0174823415498861,0.8039631208764108,0.9509213612870209,3.5375562027881307,1.8198421923237977,1.7010992959087012,2.37444649772963,0.9160878862190585,0.9426666666666667,3.9774432549879726,0.6666666666666666,5.145327571145763,11.771208767167924,60.35190495578633,0.9426666666666667,3.9774432549879726,0.6666666666666666,FAR (IC del modelo AR)
270,299,284,train,30,False,1.0960677951127342,1.0469325647398375,1.0131354720932837,0.8128549311860749,0.9574954681492539,3.5375562027881307,1.8293965706087212,1.7098057802424917,2.3674390293849332,0.9145722469595654,0.9408888888888889,3.9774432549879726,0.6666666666666666,5.171396185447768,12.036059487688211,60.35190495578633,0.9408888888888889,3.9774432549879726,0.6666666666666666,FAR (IC del modelo AR)
271,300,285,train,30,False,0.9736172023228772,0.9867204276404118,1.0312694697836553,0.7772017517914704,0.917740837486807,3.5375562027881307,1.7762569148873708,1.6573715503866586,2.377794774432071,0.9300920623295914,0.9577777777777777,3.9774432549879726,0.7,4.671566506017853,10.409534255418347,60.35190495578633,0.9577777777777777,3.9774432549879726,0.7,FAR (IC del modelo AR)
272,301,286,train,30,False,0.8861736847361665,0.9413679858249729,1.0054298312112047,0.7498630448558289,0.8882366444911904,2.7684098576733858,1.717658853858039,1.6007009234080292,2.3753002598006714,0.9435594346378579,0.9657777777777777,3.9774432549879726,0.7333333333333333,4.36702640636976,8.54054789910075,34.168045515930515,0.9657777777777777,3.9774432549879726,0.7333333333333333,FAR (IC del modelo AR)
273,302,287,train,30,False,0.8487103379020877,0.9212547627568,0.9851543467219125,0.728623495590083,0.8672908236344252,2.7684098576733858,1.6865302874939105,1.5709327640094324,2.4025562705643115,0.9414234354014183,0.968,3.9774432549879726,0.7666666666666667,4.359717383959978,8.386848268512873,34.168045515930515,0.968,3.9774432549879726,0.7666666666666667,FAR (IC del modelo AR)
274,303,288,train,30,False,0.8353059556765899,0.9139507402899731,0.987653759830517,0.7209553356724302,0.858188740066406,2.7684098576733858,1.667733724876037,1.555571398502412,2.4018907206729376,0.9389879587975657,0.968,3.9774432549879726,0.7666666666666667,4.359717383959978,8.386848268512873,34.168045515930515,0.968,3.9774432549879726,0.7666666666666667,FAR (IC del modelo AR)
275,304,289,train,30,False,0.8816785247887148,0.9389773824692024,1.0047434584752792,0.7386307225945105,0.8831073314789558,2.7781612275156378,1.7190915658268782,1.6074721101684806,2.40577190535832,0.9404990449894259,0.9613333333333334,3.9774432549879726,0.7333333333333333,4.473819724990163,9.481168601232717,37.11192424785375,0.9613333333333334,3.9774432549879726,0.7333333333333333,FAR (IC del modelo AR)
276,305,290,train,30,False,0.8848843707990784,0.9406829278769113,1.0058458349844788,0.7393748111611874,0.8857752942132969,2.7781612275156378,1.7201823288292775,1.6091557390419107,2.402702404935955,0.9416300306549211,0.9613333333333334,3.9774432549879726,0.7333333333333333,4.473819724990162,9.481168601232717,37.11192424785375,0.9613333333333334,3.9774432549879726,0.7333333333333333,FAR (IC del modelo AR)
277,306,291,train,30,False,0.8848060497050177,0.9406412970442122,1.010710700212444,0.7407834204605507,0.885718901824247,2.7781612275156378,1.712969376791733,1.6039770371320579,2.3834081780696326,0.9416117542441008,0.9613333333333334,3.9774432549879726,0.7333333333333333,4.473819724990162,9.481168601232719,37.11192424785375,0.9613333333333334,3.9774432549879726,0.7333333333333333,FAR (IC del modelo AR)
278,307,292,train,30,False,0.8911102738050581,0.94398637373908,1.0096442466424234,0.7446288167830771,0.8900693150671891,2.7781612275156378,1.7112926821862764,1.6034380946820015,2.365902910065853,0.9428836472942631,0.9613333333333334,3.9774432549879726,0.7333333333333333,4.473819724990162,9.481168601232719,37.11192424785375,0.9613333333333334,3.9774432549879726,0.7333333333333333,FAR (IC del modelo AR)
279,308,293,train,30,False,0.8977635887857781,0.9475038727022588,1.0126896359002904,0.7494691019957612,0.8959159533703409,2.7781612275156378,1.721168785021947,1.6134587186364833,2.3662497414304595,0.9455538696799304,0.9613333333333334,3.9774432549879726,0.7333333333333333,4.473819724990162,9.481168601232719,37.11192424785375,0.9613333333333334,3.9774432549879726,0.7333333333333333,FAR (IC del modelo AR)
280,309,294,train,30,False,0.9347842792716187,0.9668424273228904,1.0404443916286739,0.7681546977027811,0.919788340574913,2.7781612275156378,1.7748688677041498,1.6619347932450066,2.378421081764057,0.9513322073812313,0.9591111111111111,3.9774432549879726,0.7,4.491161756209517,9.869523135785242,37.11192424785375,0.9591111111111111,3.9774432549879726,0.7,FAR (IC del modelo AR)
281,310,295,train,30,False,0.9231418792410371,0.9608027264954222,1.0078742663072426,0.7636640259977457,0.9130532846356679,2.7781612275156378,1.7701529149531758,1.6547699190150802,2.3868118902980364,0.9503025537469874,0.9591111111111111,3.9774432549879726,0.7,4.491161756209518,9.869523135785244,37.11192424785375,0.9591111111111111,3.9774432549879726,0.7,FAR (IC del modelo AR)
282,311,296,train,30,False,0.9060541692816138,0.9518687773436072,0.9797678731847662,0.753089879058573,0.9005916989303179,2.7781612275156378,1.7431981644880503,1.629138317324713,2.3755364980384455,0.9461300973056508,0.9591111111111111,3.9774432549879726,0.7,4.491161756209517,9.869523135785244,37.11192424785375,0.9591111111111111,3.9774432549879726,0.7,FAR (IC del modelo AR)
283,312,297,train,30,False,0.8616085719734907,0.928228728263401,0.9492612725129856,0.7282089503852518,0.8701534107046666,2.7781612275156378,1.6802447457911678,1.5679203213035284,2.3677025734107393,0.9374342596922356,0.9626666666666667,3.9774432549879726,0.7333333333333333,4.457661308215818,9.406018353899647,37.11192424785375,0.9626666666666667,3.9774432549879726,0.7333333333333333,FAR (IC del modelo AR)
284,313,298,train,30,False,0.9033827150583323,0.9504644733278211,0.9568229279437607,0.7491997307661339,0.8926588271275488,2.7781612275156378,1.708976514211313,1.6004407076167468,2.3465906944539205,0.9391816866148825,0.9591111111111111,3.9774432549879726,0.7,4.480939859030977,9.71132780868926,37.11192424785375,0.9591111111111111,3.9774432549879726,0.7,FAR (IC del modelo AR)
285,314,299,train,30,False,1.0376539561884761,1.0186530106903313,0.9818411580125547,0.7843957740255035,0.931466552393465,3.8764338051447345,1.7719552741146747,1.6623381065381742,2.343144081176114,0.9144100519196613,0.9444444444444444,3.9774432549879726,0.6666666666666666,5.081553362295429,12.077567285452242,75.26949856914787,0.9444444444444444,3.9774432549879726,0.6666666666666666,FAR (IC del modelo AR)
286,315,300,train,30,False,1.0494289102331678,1.0244163754222049,0.9891938341421773,0.7898711653568931,0.9379819880326351,3.8764338051447345,1.7932458441376569,1.6831734617920828,2.3544196976754423,0.9156257265470337,0.9431111111111111,3.9774432549879726,0.6333333333333333,5.08321662398089,12.140247216759946,75.26949856914787,0.9431111111111111,3.9774432549879726,0.6333333333333333,FAR (IC del modelo AR)
287,316,301,train,30,False,1.0155539413863992,1.0077469629755276,0.9881483767782101,0.7795357698193531,0.9227938051714858,3.8764338051447345,1.7679484423115104,1.6590446748451257,2.349713687489581,0.9156999118576309,0.9484444444444444,3.9774432549879726,0.6666666666666666,5.048220291532861,11.676215364383252,75.26949856914787,0.9484444444444444,3.9774432549879726,0.6666666666666666,FAR (IC del modelo AR)
288,317,302,train,30,False,1.009199123167224,1.004589031976372,0.9773707100983449,0.7739023416434445,0.9177723823170546,3.8764338051447345,1.7581949937293306,1.652713900605576,2.3596273517866666,0.9135799347833622,0.9484444444444444,3.9774432549879726,0.6666666666666666,5.048220291532861,11.676215364383252,75.26949856914787,0.9484444444444444,3.9774432549879726,0.6666666666666666,FAR (IC del modelo AR)
289,318,303,train,30,False,1.0106995107018266,1.005335521456308,0.9649066330424573,0.7731685559910478,0.9190515099251807,3.8764338051447345,1.7715428310087065,1.662534276176954,2.3909574870955046,0.9141739153848479,0.9484444444444444,3.9774432549879726,0.6666666666666666,5.048220291532861,11.676215364383255,75.26949856914787,0.9484444444444444,3.9774432549879726,0.6666666666666666,FAR (IC del modelo AR)
290,319,304,train,30,False,0.9949351160979961,0.9974643432714756,0.9558121524821721,0.7632577219216254,0.9112727401518915,3.8764338051447345,1.7677047329775928,1.6577095787547549,2.418862678841058,0.9135892889796005,0.9493333333333334,3.9774432549879726,0.6666666666666666,5.042026141024077,11.644177646795589,75.26949856914787,0.9493333333333334,3.9774432549879726,0.6666666666666666,FAR (IC del modelo AR)
291,320,305,train,30,False,1.0292858855576905,1.0145372765737544,0.9548250764925975,0.7804209665324267,0.928741797047442,3.8764338051447345,1.8030246997358337,1.6884502413247067,2.4131808649083664,0.9154338815267028,0.9466666666666667,3.9774432549879726,0.6333333333333333,5.076672003905459,12.2192213285384,75.26949856914787,0.9466666666666667,3.9774432549879726,0.6333333333333333,FAR (IC del modelo AR)
292,321,306,train,30,False,1.107565964335911,1.0524095991275977,0.9706198262374851,0.8117900169939757,0.9632307261608744,3.8764338051447345,1.8500645238129612,1.7351878209071379,2.387262790726339,0.9152622011043525,0.9355555555555556,3.9774432549879726,0.6,5.236537750964684,13.177614990300498,75.26949856914787,0.9355555555555556,3.9774432549879726,0.6,FAR (IC del modelo AR)
293,322,307,train,30,False,1.13243400098635,1.0641588231962136,0.9803090736033551,0.8248086850861734,0.9740582858828726,3.8764338051447345,1.8466600773570503,1.735283349501517,2.356813666013333,0.9153316823115529,0.9364444444444444,3.9774432549879726,0.6,5.23263463401599,13.060806383403053,75.26949856914787,0.9364444444444444,3.9774432549879726,0.6,FAR (IC del modelo AR)
294,323,308,train,30,False,1.1418059164680672,1.068553188413224,0.9946107627224237,0.8332254799735399,0.9798051201852124,3.8764338051447345,1.8450445498928523,1.7354034922637642,2.326023677414574,0.9169455772624661,0.9364444444444444,3.9774432549879726,0.6,5.232634634015989,13.060806383403055,75.26949856914787,0.9364444444444444,3.9774432549879726,0.6,FAR (IC del modelo AR)
295,324,309,train,30,False,1.1328550608749386,1.0643566417676635,0.9975698446496547,0.8260099097299274,0.972401646548114,3.8764338051447345,1.8399141884181103,1.7310906451306813,2.353456845656946,0.9136050909901474,0.9364444444444444,3.9774432549879726,0.6,5.23263463401599,13.060806383403053,75.26949856914787,0.9364444444444444,3.9774432549879726,0.6,FAR (IC del modelo AR)
296,325,310,train,30,False,1.0623766088909146,1.0307165511870442,1.01542637668825,0.794645282945582,0.9363159921690057,3.8764338051447345,1.7784419021405704,1.670709023280691,2.368419182362343,0.9084126873587891,0.9444444444444444,3.9774432549879726,0.6333333333333333,5.100489007132711,12.06461534174732,75.26949856914787,0.9444444444444444,3.9774432549879726,0.6333333333333333,FAR (IC del modelo AR)
297,326,311,train,30,False,1.071942671585336,1.0353466431999168,1.0100254106267803,0.804130810277171,0.9425925359201158,3.8764338051447345,1.7763350604452068,1.6689848745580207,2.3232776369849586,0.9104125097724484,0.9444444444444444,3.9774432549879726,0.6333333333333333,5.100489007132712,12.06461534174732,75.26949856914787,0.9444444444444444,3.9774432549879726,0.6333333333333333,FAR (IC del modelo AR)
298,327,312,train,30,False,1.0000726303321288,1.0000363145066926,1.04484545048302,0.7707085534855124,0.9073483070155568,3.8764338051447345,1.7167608888616546,1.6139883566082298,2.332048727533929,0.9073153583059053,0.9488888888888889,3.9774432549879726,0.6666666666666666,5.017362427334153,11.112611849409989,75.26949856914787,0.9488888888888889,3.9774432549879726,0.6666666666666666,FAR (IC del modelo AR)
299,328,313,train,30,False,0.9810855861776884,0.9904976457204169,1.0467680400969026,0.7594180618076807,0.8931073066661293,3.8764338051447345,1.6906447287473958,1.5887420621454178,2.34325844209706,0.9016753452417821,0.9488888888888889,3.9774432549879726,0.6666666666666666,5.017362427334154,11.112611849409989,75.26949856914787,0.9488888888888889,3.9774432549879726,0.6666666666666666,FAR (IC del modelo AR)
300,329,314,train,30,False,0.9509428989946418,0.9751630114984068,1.1079195698504258,0.7474237182402906,0.881884345534841,3.8764338051447345,1.673038866510005,1.5716831983619952,2.3488461877706834,0.9043455659580067,0.9551111111111111,3.9774432549879726,0.7,4.951173521398043,10.393263818248036,75.26949856914787,0.9551111111111111,3.9774432549879726,0.7,FAR (IC del modelo AR)
301,330,315,train,30,False,1.026030916478557,1.0129318419708984,1.070074564389172,0.7695184504542323,0.9095237442659528,3.8764338051447345,1.7400192579890301,1.634724822825344,2.363430524023171,0.8979120870524313,0.9453333333333334,3.9774432549879726,0.6666666666666666,5.258971995966288,12.846803930086327,77.88851762140722,0.9453333333333334,3.9774432549879726,0.6666666666666666,FAR (IC del modelo AR)
302,331,316,train,30,False,1.0563843597345668,1.0278056040587475,1.0248520800834016,0.7833719454244049,0.9219115226893236,3.8764338051447345,1.757046224203843,1.6505742437918134,2.3554248910088593,0.8969707102673365,0.9408888888888889,3.9774432549879726,0.6333333333333333,5.306640840460622,13.381912029929323,77.88851762140722,0.9408888888888889,3.9774432549879726,0.6333333333333333,FAR (IC del modelo AR)
303,332,317,train,30,False,1.0779586729732604,1.0382478860914,1.023045625773466,0.7970462922608522,0.9356361090610922,3.8764338051447345,1.7710903903946067,1.664115053477854,2.32598295365159,0.9011683255945733,0.9408888888888889,3.9774432549879726,0.6333333333333333,5.306640840460621,13.381912029929323,77.88851762140722,0.9408888888888889,3.9774432549879726,0.6333333333333333,FAR (IC del modelo AR)
304,333,318,train,30,False,1.0943355065292417,1.0461049213770297,1.0177476095724018,0.8081897060002567,0.94639378351947,3.8764338051447345,1.7816656391290902,1.673174411160103,2.3065659829521308,0.9046834253238136,0.9408888888888889,3.9774432549879726,0.6333333333333333,5.306640840460622,13.381912029929323,77.88851762140722,0.9408888888888889,3.9774432549879726,0.6333333333333333,FAR (IC del modelo AR)
305,334,319,train,30,False,1.0862125900923842,1.0422152321341231,1.0092293423648464,0.812934543927108,0.9431594836559877,3.8764338051447345,1.7470692740590184,1.642961771979395,2.2642836663959818,0.9049565335220624,0.9475555555555556,3.9774432549879726,0.6666666666666666,5.192538499430438,12.28759169720948,77.88851762140722,0.9475555555555556,3.9774432549879726,0.6666666666666666,FAR (IC del modelo AR)
306,335,320,train,30,False,1.1126254759126681,1.0548106350964936,1.0104720678561623,0.829111661979138,0.9583597797544955,3.8764338051447345,1.7675831140022973,1.662613012103619,2.229910979845406,0.9085609756549574,0.9457777777777778,3.9774432549879726,0.6333333333333333,5.200784571046339,12.48663990008112,77.88851762140722,0.9457777777777778,3.9774432549879726,0.6333333333333333,FAR (IC del modelo AR)
307,336,321,train,30,False,1.109093419779875,1.0531350434677762,1.0119461783826222,0.8267355632619058,0.9556553686138844,3.8764338051447345,1.768691290922992,1.6623922727040379,2.242329302480164,0.9074385802100845,0.9457777777777778,3.9774432549879726,0.6333333333333333,5.200784571046339,12.486639900081121,77.88851762140722,0.9457777777777778,3.9774432549879726,0.6333333333333333,FAR (IC del modelo AR)
308,337,322,train,30,False,1.101431668316067,1.0494911473262016,1.0224224565567392,0.8207538506870915,0.9502501159480585,3.8764338051447345,1.777209658424183,1.6675106097947991,2.285549114599867,0.9054389056725439,0.9457777777777778,3.9774432549879726,0.6333333333333333,5.200784571046339,12.486639900081123,77.88851762140722,0.9457777777777778,3.9774432549879726,0.6333333333333333,FAR (IC del modelo AR)
309,338,323,train,30,False,1.1295587417703594,1.0628070105952254,1.0208936151410097,0.8348895043548943,0.9659999349672103,3.8764338051447345,1.8071861996976064,1.6928573807566671,2.2871150125104536,0.9089137777009973,0.9444444444444444,3.9774432549879726,0.6,5.205183842444328,12.627100732815569,77.88851762140722,0.9444444444444444,3.9774432549879726,0.6,FAR (IC del modelo AR)
310,339,324,train,30,False,1.1103460839816697,1.053729606674155,1.034146786099313,0.8268935044767034,0.9562726329941218,3.8764338051447345,1.7842762788543487,1.6728499890806574,2.2844576946277986,0.9075123513064867,0.9466666666666667,3.9774432549879726,0.6333333333333333,5.187841811224972,12.23874619826305,77.88851762140722,0.9466666666666667,3.9774432549879726,0.6333333333333333,FAR (IC del modelo AR)
311,340,325,train,30,False,1.1301959662637875,1.0631067520544621,1.030239354143187,0.8361064893321355,0.967009885068843,3.8764338051447345,1.7904330779010282,1.683044389140425,2.266083400067374,0.9096075094999526,0.9448888888888889,3.9774432549879726,0.6,5.191236715861972,12.317254335753514,77.88851762140722,0.9448888888888889,3.9774432549879726,0.6,FAR (IC del modelo AR)
312,341,326,train,30,False,1.1502714394849218,1.0725070813215742,1.0340609588150425,0.8465269742402491,0.9811359510061549,3.8764338051447345,1.8280683170266885,1.7191312580901612,2.291672710208252,0.9148060354036738,0.9426666666666667,3.9774432549879726,0.5666666666666667,5.199752139376147,12.497536310892281,77.88851762140722,0.9426666666666667,3.9774432549879726,0.5666666666666667,FAR (IC del modelo AR)
313,342,327,train,30,False,1.2548307639120009,1.120192288811167,1.05205243179761,0.8889974411565891,1.0317550312607273,3.8764338051447345,1.9144241957223394,1.8041730277872858,2.2864701603978914,0.9210517172508873,0.9315555555555556,3.9774432549879726,0.5333333333333333,5.490783322409899,13.921256213794745,77.88851762140722,0.9315555555555556,3.9774432549879726,0.5333333333333333,FAR (IC del modelo AR)
314,343,328,train,30,False,1.223260252484817,1.1060109639984665,1.0685989214221556,0.8744808501136344,1.0165394160766246,3.8764338051447345,1.9020916443327849,1.786898139511717,2.308070736165145,0.9191042848269938,0.9351111111111111,3.9774432549879726,0.5666666666666667,5.467504771594739,13.615946759005132,77.88851762140722,0.9351111111111111,3.9774432549879726,0.5666666666666667,FAR (IC del modelo AR)
315,344,329,train,30,False,1.0807959197821593,1.0396133510984549,1.0376587334449006,0.8343043794491838,0.9739787096592221,3.713817873147021,1.8484627913810159,1.7367372669039416,2.3342110280151642,0.9368662961379985,0.9475555555555556,3.9774432549879726,0.5666666666666667,4.875646354759442,11.425432233075664,77.88851762140722,0.9475555555555556,3.9774432549879726,0.5666666666666667,FAR (IC del modelo AR)
316,345,330,train,30,False,1.078691983898149,1.0386009743391102,1.0383136676891471,0.833228467581468,0.9729110872286675,3.713817873147021,1.8397663117286431,1.7291720012075835,2.3268710910613373,0.9367515641392085,0.9488888888888889,3.9774432549879726,0.6,4.873983093073983,11.362752301767957,77.88851762140722,0.9488888888888889,3.9774432549879726,0.6,FAR (IC del modelo AR)
317,346,331,train,30,False,1.0691333382673878,1.033989041657303,1.031914415823775,0.8278569144555774,0.9669178604669598,3.713817873147021,1.8228453133307398,1.7130493669021691,2.3167295694487615,0.9351335667128156,0.9488888888888889,3.9774432549879726,0.6,4.873983093073982,11.362752301767959,77.88851762140722,0.9488888888888889,3.9774432549879726,0.6,FAR (IC del modelo AR)
318,347,332,train,30,False,1.1289050188841887,1.062499420651225,1.0398126186745975,0.8560135415969349,0.9966856407774193,3.713817873147021,1.8696542611497107,1.755125759097758,2.292087555104802,0.9380575851669949,0.9448888888888889,3.9774432549879726,0.5666666666666667,4.919010179039846,12.00908224503546,77.88851762140722,0.9448888888888889,3.9774432549879726,0.5666666666666667,FAR (IC del modelo AR)
319,348,333,train,30,False,1.1554596740820269,1.0749231014737877,1.059792312230741,0.8697437240791339,1.0124514053119011,3.713817873147021,1.8913119390141981,1.7791444380225312,2.267109267012361,0.94188263692888,0.9431111111111111,3.9774432549879726,0.5333333333333333,4.922345424038139,12.101674414987372,77.88851762140722,0.9431111111111111,3.9774432549879726,0.5333333333333333,FAR (IC del modelo AR)
320,349,334,train,30,False,1.1519786902354203,1.0733027020535355,1.0851277497244234,0.8683558036452959,1.0104427228327126,3.713817873147021,1.8758159472999438,1.7661783510381812,2.250082244399023,0.9414331305599495,0.9453333333333334,3.9774432549879726,0.5666666666666667,4.90461311654251,11.741065936635373,77.88851762140722,0.9453333333333334,3.9774432549879726,0.5666666666666667,FAR (IC del modelo AR)
321,350,335,train,30,False,1.155878718512488,1.0751180021339461,1.0601505234432629,0.8687938234265409,1.0119802401165217,3.713817873147021,1.8789345798596533,1.7714412876258723,2.2520155104942083,0.9412736444817168,0.944,3.9774432549879726,0.5666666666666667,4.925652713878502,11.867557456915499,77.88851762140722,0.944,3.9774432549879726,0.5666666666666667,FAR (IC del modelo AR)
322,351,336,train,30,False,1.099271967122061,1.048461714666807,1.0150276258676558,0.847159267729801,0.9907620248415893,3.713817873147021,1.8657597203636367,1.754284638768817,2.2876172098044347,0.9449672896796674,0.9524444444444444,3.9774432549879726,0.5666666666666667,4.788537121488307,11.36451998530356,77.88851762140722,0.9524444444444444,3.9774432549879726,0.5666666666666667,FAR (IC del modelo AR)
323,352,337,train,30,False,1.0835550118077573,1.040939485180458,0.9925214315017905,0.8367783292512192,0.9842869752672769,3.713817873147021,1.8676577092416418,1.7557380006174532,2.3088442623370344,0.945575597121902,0.9528888888888889,3.9774432549879726,0.6,4.78851644121171,11.36451998530356,77.88851762140722,0.9528888888888889,3.9774432549879726,0.6,FAR (IC del modelo AR)
324,353,338,train,30,False,1.1079076073653848,1.0525719012805657,0.9801173850406799,0.8424068945307798,0.9956456639605842,3.713817873147021,1.8908566658655899,1.7783483693379565,2.3216244742272085,0.9459170083766015,0.9497777777777778,3.9774432549879726,0.5666666666666667,4.808032541315459,11.661406224869387,77.88851762140722,0.9497777777777778,3.9774432549879726,0.5666666666666667,FAR (IC del modelo AR)
325,354,339,train,30,False,1.1253541823327864,1.0608271217935494,0.9857957714596066,0.8523998748498126,1.008388061096555,3.713817873147021,1.9209560527028757,1.8045783731199283,2.321890680551122,0.9505677601753476,0.9497777777777778,3.9774432549879726,0.5666666666666667,4.808032541315458,11.661406224869388,77.88851762140722,0.9497777777777778,3.9774432549879726,0.5666666666666667,FAR (IC del modelo AR)
326,355,340,train,30,False,1.1634922262497487,1.0786529684053852,0.9880784770374926,0.8696798992191821,1.0323731729992995,3.713817873147021,1.972149335540707,1.8525111457223795,2.3294372510443306,0.9570948240428959,0.9457777777777778,3.9774432549879726,0.5333333333333333,4.8603290406055715,12.388093086793523,77.88851762140722,0.9457777777777778,3.9774432549879726,0.5333333333333333,FAR (IC del modelo AR)
327,356,341,train,30,False,1.1465244921205795,1.0707588393847511,0.9892024280014431,0.8581197544403396,1.0196109326094795,3.713817873147021,1.9477688591340412,1.8302826150786753,2.3266181311099854,0.9522320947593944,0.9457777777777778,3.9774432549879726,0.5333333333333333,4.8603290406055715,12.388093086793523,77.88851762140722,0.9457777777777778,3.9774432549879726,0.5333333333333333,FAR (IC del modelo AR)
328,357,342,train,30,False,1.1512867296870688,1.072980302562479,0.9836393768795461,0.8604336553872165,1.0238992199618475,3.713817873147021,1.9658390186863879,1.8454663174179926,2.353648707311159,0.9542572380094803,0.9457777777777778,3.9774432549879726,0.5333333333333333,4.8603290406055715,12.388093086793525,77.88851762140722,0.9457777777777778,3.9774432549879726,0.5333333333333333,FAR (IC del modelo AR)
329,358,343,train,30,False,1.1492953076309431,1.0720519146155858,0.9780980935852949,0.8592596291335236,1.0215126829925336,3.713817873147021,1.957208640344396,1.8371923542910893,2.337655321388852,0.9528574773907527,0.9457777777777778,3.9774432549879726,0.5333333333333333,4.8603290406055715,12.388093086793525,77.88851762140722,0.9457777777777778,3.9774432549879726,0.5333333333333333,FAR (IC del modelo AR)
330,359,344,train,30,False,1.2012744829739712,1.0960266798641223,0.9963929448075985,0.8748208962125463,1.0395054156575034,3.713817873147021,1.9823383705868127,1.8621384299326746,2.332504584600443,0.948430758808147,0.9351111111111111,3.9774432549879726,0.5,5.071492373831498,13.524057493120244,77.88851762140722,0.9351111111111111,3.9774432549879726,0.5,FAR (IC del modelo AR)
331,360,345,train,30,False,1.1441737855651153,1.069660593630108,1.0006370767549513,0.8558054100108011,1.020272434679923,3.127362624485175,1.9393589911402775,1.8230930213580574,2.337034414195793,0.9538281963042347,0.9391111111111111,3.9774432549879726,0.5,4.8218534246276255,11.749733223564535,46.99391135333246,0.9391111111111111,3.9774432549879726,0.5,FAR (IC del modelo AR)
332,361,346,train,30,False,1.119163795467535,1.0579053811506656,0.9962887669615533,0.8425099484460962,1.0103664133807089,3.127362624485175,1.9283962699798656,1.812815935351595,2.350471116350083,0.9550631194273259,0.9413333333333334,3.9774432549879726,0.5,4.78039842591686,11.356950034109968,46.99391135333246,0.9413333333333334,3.9774432549879726,0.5,FAR (IC del modelo AR)
333,362,347,train,30,False,1.15548494976121,1.0749348583803626,1.0195149925962708,0.8540159337666305,1.025302527380203,3.127362624485175,1.9683511244802772,1.8485953127355137,2.3652616098294623,0.9538275918645506,0.936,3.9774432549879726,0.4666666666666667,4.866822121012905,12.387573337308048,46.99391135333246,0.936,3.9774432549879726,0.4666666666666667,FAR (IC del modelo AR)
334,363,348,train,30,False,1.1545132237968334,1.0744827703582935,1.0170063530284752,0.853410492006074,1.0247712776969384,3.127362624485175,1.9711387359214572,1.8508318593084192,2.370064872123215,0.9537344906472736,0.936,3.9774432549879726,0.4666666666666667,4.866822121012905,12.387573337308048,46.99391135333246,0.936,3.9774432549879726,0.4666666666666667,FAR (IC del modelo AR)
335,364,349,train,30,False,1.160020494685788,1.077042475803897,1.0193095708196886,0.8520716457811903,1.0269910077437328,3.127362624485175,1.9956511174881042,1.872288761018353,2.394378103898417,0.9535287890825233,0.9324444444444444,3.9774432549879726,0.43333333333333335,4.9116308197495835,12.974472552710493,46.99391135333246,0.9324444444444444,3.9774432549879726,0.43333333333333335,FAR (IC del modelo AR)
336,365,350,train,30,False,1.1375858123830984,1.066576679092084,0.9994749013342944,0.8403011583873958,1.014696980801607,3.127362624485175,1.9802157405313043,1.858015697466496,2.4129728113866324,0.9513586793078588,0.9342222222222222,3.9774432549879726,0.4666666666666667,4.903384748133683,12.775424349838854,46.99391135333246,0.9342222222222222,3.9774432549879726,0.4666666666666667,FAR (IC del modelo AR)
337,366,351,train,30,False,1.1509082763585394,1.0728039319272369,1.0049621533209019,0.849352939516727,1.0236222859508128,3.127362624485175,1.9890275262927177,1.8669494480451523,2.394742854027227,0.9541559790072062,0.9342222222222222,3.9774432549879726,0.4666666666666667,4.903384748133683,12.775424349838854,46.99391135333246,0.9342222222222222,3.9774432549879726,0.4666666666666667,FAR (IC del modelo AR)
338,367,352,train,30,False,1.2136410756615286,1.1016537911982731,1.0054958711001092,0.8766498122349138,1.052987825308018,3.127362624485175,2.0312639313501686,1.9134102462330644,2.357204966255513,0.9558246281371928,0.928,3.9774432549879726,0.43333333333333335,5.058733947725932,14.118749504556648,46.99391135333246,0.928,3.9774432549879726,0.43333333333333335,FAR (IC del modelo AR)
339,368,353,train,30,False,1.2255897791270722,1.107063584048844,0.9983538908583763,0.8788836404498394,1.057951418630689,3.127362624485175,2.056178392087485,1.9427650581476328,2.376104005697343,0.9556374483581711,0.9244444444444444,3.9774432549879726,0.43333333333333335,5.176445119190106,15.27857160786527,46.99391135333246,0.9244444444444444,3.9774432549879726,0.43333333333333335,FAR (IC del modelo AR)
340,369,354,train,30,False,1.219476401430709,1.104299054346561,0.9971320179196859,0.8747018522052012,1.0540481228218057,3.127362624485175,2.0545788111276213,1.9436983237155898,2.392455978226734,0.9544951783423469,0.9244444444444444,3.9774432549879726,0.43333333333333335,5.176445119190106,15.27857160786527,46.99391135333246,0.9244444444444444,3.9774432549879726,0.43333333333333335,FAR (IC del modelo AR)
341,370,355,train,30,False,1.190519485610738,1.091109291322706,0.9903278544916613,0.8585828418981145,1.036409106002614,3.127362624485175,2.032453886947323,1.9198089199887352,2.414111214019832,0.9498673636499041,0.9262222222222222,3.9774432549879726,0.4666666666666667,5.173050214553106,15.200063470374804,46.99391135333246,0.9262222222222222,3.9774432549879726,0.4666666666666667,FAR (IC del modelo AR)
342,371,356,train,30,False,1.1963109615744911,1.093760010959667,0.9868001007849568,0.8618766003302208,1.0394025049137599,3.127362624485175,2.037585412352389,1.9241759435551065,2.4105608938396044,0.9503021636362315,0.9284444444444444,3.9774432549879726,0.5,5.164534791038932,15.019781495236039,46.99391135333246,0.9284444444444444,3.9774432549879726,0.5,FAR (IC del modelo AR)
343,372,357,train,30,False,1.1078465483636974,1.0525428962107424,0.9894688553676777,0.8321309801838574,1.0045583309833557,2.862291906787197,1.9879860887578247,1.873910040728096,2.42942578093795,0.954410822209588,0.9395555555555556,3.9774432549879726,0.5333333333333333,4.873503608005181,13.596061592333571,44.582068907792184,0.9395555555555556,3.9774432549879726,0.5333333333333333,FAR (IC del modelo AR)
344,373,358,train,30,False,1.0940781175046668,1.0459818915758852,1.0009810673382686,0.8238268993696115,0.9939744942846311,2.862291906787197,1.962998506057338,1.8517483645915123,2.4193613979951945,0.95027887412764,0.9395555555555556,3.9774432549879726,0.5333333333333333,4.873503608005181,13.596061592333573,44.582068907792184,0.9395555555555556,3.9774432549879726,0.5333333333333333,FAR (IC del modelo AR)
345,374,359,train,30,False,1.1167454010833615,1.0567617522806934,0.9964939621546366,0.8322088651837054,1.003584199815647,2.862291906787197,1.9809646981123972,1.8678392969536897,2.4153399434201472,0.9496787687950675,0.9373333333333334,3.9774432549879726,0.5333333333333333,4.946769428357683,14.391954648869136,44.582068907792184,0.9373333333333334,3.9774432549879726,0.5333333333333333,FAR (IC del modelo AR)
346,375,360,train,30,False,1.1216788788265601,1.0590934230871987,1.0162313256039144,0.8343912238377815,1.0060359840713948,2.862291906787197,1.9791420747565733,1.8672374530182778,2.407782062809557,0.9499029661980672,0.9373333333333334,3.9774432549879726,0.5333333333333333,4.946769428357683,14.39195464886914,44.582068907792184,0.9373333333333334,3.9774432549879726,0.5333333333333333,FAR (IC del modelo AR)
347,376,361,train,30,False,1.1363173986111073,1.0659818941291204,1.039052528410149,0.8401027050785294,1.014765061666027,2.862291906787197,1.9997984045291568,1.8867186381928163,2.4217136209179886,0.9519533748695271,0.9373333333333334,3.9774432549879726,0.5333333333333333,4.946769428357684,14.391954648869136,44.582068907792184,0.9373333333333334,3.9774432549879726,0.5333333333333333,FAR (IC del modelo AR)
348,377,362,train,30,False,1.0835626974328152,1.0409431768510782,1.100752804847758,0.8174514417809892,0.9904817297954053,2.862291906787197,1.9647461146095992,1.8533292825358578,2.440395844990344,0.9515233413524817,0.9413333333333334,3.9774432549879726,0.5666666666666667,4.901742342391819,13.745624705601642,44.582068907792184,0.9413333333333334,3.9774432549879726,0.5666666666666667,FAR (IC del modelo AR)
349,378,363,train,30,False,1.0764975598432798,1.0375440038105757,1.100431038675216,0.8149276442207797,0.9870422197131491,2.862291906787197,1.9567500312343415,1.8441823334525802,2.438167714993521,0.9513256460333738,0.9413333333333334,3.9774432549879726,0.5666666666666667,4.908399314163154,13.874060725240984,44.582068907792184,0.9413333333333334,3.9774432549879726,0.5666666666666667,FAR (IC del modelo AR)
350,379,364,train,30,False,1.0650049396637595,1.0319907652996512,1.0871933903839275,0.8090286956895121,0.9790162496734272,2.862291906787197,1.9429744600369152,1.8302507063558409,2.442262993817116,0.9486676456733194,0.9413333333333334,3.9774432549879726,0.5666666666666667,4.908399314163154,13.874060725240987,44.582068907792184,0.9413333333333334,3.9774432549879726,0.5666666666666667,FAR (IC del modelo AR)
351,380,365,train,30,False,1.0267236627350382,1.0132737353425472,1.0796021629351578,0.7918020841678766,0.9599885339371707,2.862291906787197,1.9088051438184899,1.7964288490840132,2.45174159473373,0.9474128268139084,0.9453333333333334,3.9774432549879726,0.6,4.852713853945781,13.172525523218047,44.582068907792184,0.9453333333333334,3.9774432549879726,0.6,FAR (IC del modelo AR)
352,381,366,train,30,False,1.0078150587691623,1.0038999246783329,1.0734892431822176,0.7851184319800184,0.948846325849037,2.862291906787197,1.8739018317591196,1.7675440635851318,2.426436643685808,0.9451602719793649,0.948,3.9774432549879726,0.6333333333333333,4.829963699276751,12.717169333067888,44.582068907792184,0.948,3.9774432549879726,0.6333333333333333,FAR (IC del modelo AR)
353,382,367,train,30,False,0.9797760623534483,0.989836381607308,1.063276420929134,0.7732684584760757,0.9328541375133008,2.862291906787197,1.8503145261997567,1.741468896218448,2.432947484067695,0.9424326634655732,0.948,3.9774432549879726,0.6333333333333333,4.829963699276751,12.717169333067886,44.582068907792184,0.948,3.9774432549879726,0.6333333333333333,FAR (IC del modelo AR)
354,383,368,train,30,False,0.9421085610284543,0.9706227696836986,1.0545636544317891,0.7584305534500199,0.912875104133543,2.862291906787197,1.821942373429846,1.7123496752985297,2.4425371894720262,0.9405045220925795,0.9511111111111111,3.9774432549879726,0.6666666666666666,4.810447599173003,12.420283093502059,44.582068907792184,0.9511111111111111,3.9774432549879726,0.6666666666666666,FAR (IC del modelo AR)
355,384,369,train,30,False,0.9278894296739261,0.9632701748076321,1.050008341171624,0.753518437480659,0.90312990755997,2.862291906787197,1.7840818982773026,1.6791072181686728,2.3994437001273856,0.9375665635451941,0.9511111111111111,3.9774432549879726,0.6666666666666666,4.810447599173003,12.42028309350206,44.582068907792184,0.9511111111111111,3.9774432549879726,0.6666666666666666,FAR (IC del modelo AR)
356,385,370,train,30,False,0.9278746088803081,0.9632624818191085,1.043217349915126,0.7549008028399756,0.9031234900550573,2.862291906787197,1.7787555673995168,1.6756158933828977,2.3894176288239777,0.937567389056325,0.952,3.9774432549879726,0.6666666666666666,4.785697453444601,12.09619645725015,44.582068907792184,0.952,3.9774432549879726,0.6666666666666666,FAR (IC del modelo AR)
357,386,371,train,30,False,0.9808245563607105,0.9903658699494398,1.0292595329276728,0.7790489061113941,0.9322226983679248,2.862291906787197,1.837483567860968,1.7336066809481605,2.4002353721421312,0.9412912204007159,0.948,3.9774432549879726,0.6333333333333333,4.842874905241943,12.777994010613558,44.582068907792184,0.948,3.9774432549879726,0.6333333333333333,FAR (IC del modelo AR)
358,387,372,train,30,False,0.9798348157827436,0.9898660595165103,1.0287060963053405,0.7796267153585178,0.9314079140744015,2.862291906787197,1.8229270849434487,1.7202845379062095,2.3677875585491757,0.940943378268104,0.948,3.9774432549879726,0.6333333333333333,4.842874905241942,12.777994010613558,44.582068907792184,0.948,3.9774432549879726,0.6333333333333333,FAR (IC del modelo AR)
359,388,373,train,30,False,1.0131423257829486,1.0065497135178911,1.0239402359743075,0.7993600583882784,0.9543575244577044,2.862291906787197,1.8605252933854421,1.7597600455837568,2.3544427899142213,0.9481474304157566,0.948,3.9774432549879726,0.6333333333333333,4.842874905241943,12.777994010613558,44.582068907792184,0.948,3.9774432549879726,0.6333333333333333,FAR (IC del modelo AR)
360,389,374,train,30,False,0.921448786814077,0.9599212399015229,0.9985730244235064,0.7623919262837192,0.9116718366659261,2.862291906787197,1.7999694428910138,1.6983618938773701,2.3866355363868115,0.9497360812220942,0.9586666666666667,3.9774432549879726,0.6666666666666666,4.631711572016016,11.642029604286837,44.582068907792184,0.9586666666666667,3.9774432549879726,0.6666666666666666,FAR (IC del modelo AR)
361,390,375,train,30,False,0.955631969413714,0.9775643044903563,0.9784048396869963,0.7746839297547968,0.9240433701076,2.944936755899321,1.8173194517626252,1.712972296344377,2.375196670361357,0.9452507276125851,0.9555555555555556,3.9774432549879726,0.6666666666666666,4.722758135608305,12.083496942261673,44.582068907792184,0.9555555555555556,3.9774432549879726,0.6666666666666666,FAR (IC del modelo AR)
362,391,376,train,30,False,0.9474850729947072,0.973388449178799,0.9728890385441348,0.7723661704883684,0.9201855949915575,2.944936755899321,1.8200801943145715,1.7113427539847956,2.3843832376858316,0.9453426283904168,0.9568888888888889,3.9774432549879726,0.6666666666666666,4.717334042266121,11.972403670535181,44.582068907792184,0.9568888888888889,3.9774432549879726,0.6666666666666666,FAR (IC del modelo AR)
363,392,377,train,30,False,0.903068177414269,0.9502989936931792,0.9497353487166461,0.7596243478694606,0.9008795103086408,2.944936755899321,1.7736250087614802,1.667913479982124,2.3644925541532507,0.9479958584482154,0.9622222222222222,3.9774432549879726,0.7,4.630910347170078,10.9417803673371,44.582068907792184,0.9622222222222222,3.9774432549879726,0.7,FAR (IC del modelo AR)
364,393,378,train,30,False,0.9024338074985483,0.9499651612025297,0.9315675836329144,0.7593824554746436,0.9005275982196959,2.944936755899321,1.7729523930734836,1.6693516602195346,2.364241687827068,0.9479585515322978,0.9622222222222222,3.9774432549879726,0.7,4.630910347170078,10.9417803673371,44.582068907792184,0.9622222222222222,3.9774432549879726,0.7,FAR (IC del modelo AR)
365,394,379,train,30,False,0.8567406585120876,0.9256028621995978,0.9220203666326933,0.7358477153958003,0.8747944122375774,2.944936755899321,1.7288626728332053,1.6254856081485396,2.3881011759118667,0.9451077216407051,0.9657777777777777,3.9774432549879726,0.7333333333333333,4.5861016484334,10.354881151934654,44.582068907792184,0.9657777777777777,3.9774432549879726,0.7333333333333333,FAR (IC del modelo AR)
366,395,380,train,30,False,0.8721794378837989,0.9339054758827571,0.9217418185935287,0.7447436087679815,0.8837465677252972,2.944936755899321,1.7370746136398807,1.6336633070200481,2.3686330969168616,0.9462912366906854,0.9657777777777777,3.9774432549879726,0.7333333333333333,4.5861016484334,10.354881151934656,44.582068907792184,0.9657777777777777,3.9774432549879726,0.7333333333333333,FAR (IC del modelo AR)
367,396,381,train,30,False,0.856954089476228,0.9257181479674188,0.9299333127806784,0.7340321310471415,0.8732036799042439,2.944936755899321,1.7210473446121481,1.618994397074921,2.3802087247413577,0.943271644637755,0.9657777777777777,3.9774432549879726,0.7333333333333333,4.586101648433399,10.354881151934656,44.582068907792184,0.9657777777777777,3.9774432549879726,0.7333333333333333,FAR (IC del modelo AR)
368,397,382,train,30,False,0.8002899640974489,0.8945892711727818,0.9174161518492542,0.7128210478446422,0.848214780534017,2.944936755899321,1.6752602138828665,1.5702621020954373,2.3817178900075144,0.9481611370344638,0.972,3.9774432549879726,0.7666666666666667,4.43075244884115,9.011555997216863,43.29080234755066,0.972,3.9774432549879726,0.7666666666666667,FAR (IC del modelo AR)
369,398,383,train,30,False,0.7715769372960902,0.8783945225786021,0.9288459129131088,0.7025811260958217,0.8349019361801623,2.944936755899321,1.6399338140498243,1.5301056759794072,2.3706928416367825,0.9504862732172287,0.9768888888888889,3.9774432549879726,0.8,4.308642005978985,7.711273061173786,37.90280967398115,0.9768888888888889,3.9774432549879726,0.8,FAR (IC del modelo AR)
370,399,384,train,30,False,0.8107499056467464,0.9004165178664518,0.9402517507086007,0.7190148376814299,0.854213610223487,2.944936755899321,1.6770453804991563,1.563827001458719,2.3583060840549823,0.9486871834021401,0.9724444444444444,3.9774432549879726,0.7666666666666667,4.405877466962938,8.827105081484534,37.90280967398115,0.9724444444444444,3.9774432549879726,0.7666666666666667,FAR (IC del modelo AR)
371,400,385,train,30,False,0.827036969284317,0.9094157296222213,0.9545339853129973,0.7299868673722739,0.8654495684399921,2.944936755899321,1.6947856313014389,1.5809934851103915,2.344085948301674,0.9516544966728329,0.9724444444444444,3.9774432549879726,0.7666666666666667,4.405877466962938,8.827105081484536,37.90280967398115,0.9724444444444444,3.9774432549879726,0.7666666666666667,FAR (IC del modelo AR)
372,401,386,train,30,False,0.8402085474687457,0.9166289039020893,0.975778644298279,0.7349180394402128,0.8714261909396639,2.944936755899321,1.70307228829231,1.5884463841217322,2.340657902800856,0.9506859179652773,0.9702222222222222,3.9774432549879726,0.7333333333333333,4.419635628226533,9.119258757489145,37.90280967398115,0.9702222222222222,3.9774432549879726,0.7333333333333333,FAR (IC del modelo AR)
373,402,387,train,30,False,0.8385597983327533,0.9157291075054638,0.9943307628848265,0.7341085148831853,0.8702966370361758,2.944936755899321,1.7010411533614023,1.5861288647605787,2.340819780047656,0.9503865607231262,0.9702222222222222,3.9774432549879726,0.7333333333333333,4.419635628226533,9.119258757489145,37.90280967398115,0.9702222222222222,3.9774432549879726,0.7333333333333333,FAR (IC del modelo AR)
374,403,388,train,30,False,0.8569859211869134,0.9257353407896414,1.00264903449981,0.7468892080984261,0.8836193675517927,2.944936755899321,1.7151865869598868,1.6021111984678555,2.3235621507318567,0.9545053846578611,0.9702222222222222,3.9774432549879726,0.7333333333333333,4.419635628226533,9.119258757489145,37.90280967398115,0.9702222222222222,3.9774432549879726,0.7333333333333333,FAR (IC del modelo AR)
375,404,389,train,30,False,0.8084319364745373,0.8991284315794587,0.9623501539701922,0.7260860629198204,0.8576102974854071,2.944936755899321,1.6553818649847052,1.5451048016794917,2.309404074416634,0.953824022647,0.9746666666666667,3.9774432549879726,0.7666666666666667,4.337614721444874,8.147640750120068,37.90280967398115,0.9746666666666667,3.9774432549879726,0.7666666666666667,FAR (IC del modelo AR)
376,405,390,train,30,False,0.8372739505582444,0.9150267485479561,0.9952476466929606,0.737949477462346,0.8694292411455178,2.944936755899321,1.664117347049393,1.5519740519351233,2.2971991188502203,0.9501681153312771,0.9746666666666667,3.9774432549879726,0.7666666666666667,4.337614721444874,8.147640750120068,37.90280967398115,0.9746666666666667,3.9774432549879726,0.7666666666666667,FAR (IC del modelo AR)
377,406,391,train,30,False,0.8730992813362127,0.9343978174932841,0.9860209869704483,0.7532927264496246,0.88442659640687,2.944936755899321,1.6917904353384112,1.577732010372518,2.2941617872911095,0.9465204004644701,0.9693333333333334,3.9774432549879726,0.7333333333333333,4.397363605497698,8.763374518670199,37.90280967398115,0.9693333333333334,3.9774432549879726,0.7333333333333333,FAR (IC del modelo AR)
378,407,392,train,30,False,0.9036697019901647,0.9506154332800224,0.9807998389871465,0.7698654760152487,0.9003378827994509,2.944936755899321,1.7032946423257695,1.5892245880814688,2.265146756540858,0.9471105257495213,0.9693333333333334,3.9774432549879726,0.7333333333333333,4.397363605497698,8.763374518670199,37.90280967398115,0.9693333333333334,3.9774432549879726,0.7333333333333333,FAR (IC del modelo AR)
379,408,393,train,30,False,0.8906548163972645,0.9437451013898109,0.964987472019249,0.7644895246695794,0.8927909088143852,2.944936755899321,1.6866275703646398,1.5736488964526076,2.2592391830403047,0.9460085223219832,0.9711111111111111,3.9774432549879726,0.7666666666666667,4.38737138872807,8.542346329078937,37.90280967398115,0.9711111111111111,3.9774432549879726,0.7666666666666667,FAR (IC del modelo AR)
380,409,394,train,30,False,0.89668768161641,0.9469359437767741,0.9551123684538445,0.7684531265512908,0.8973354836676651,2.944936755899321,1.6951740088128409,1.5793824926328754,2.255021930224919,0.9476200471266496,0.9711111111111111,3.9774432549879726,0.7666666666666667,4.38737138872807,8.542346329078937,37.90280967398115,0.9711111111111111,3.9774432549879726,0.7666666666666667,FAR (IC del modelo AR)
381,410,395,train,30,False,0.882125479490681,0.9392153530957003,0.9501112535293638,0.7569550284138066,0.8828797668797388,2.944936755899321,1.6644062022734643,1.5521743436080164,2.2509785040277683,0.9400184568637251,0.9711111111111111,3.9774432549879726,0.7666666666666667,4.38737138872807,8.542346329078937,37.90280967398115,0.9711111111111111,3.9774432549879726,0.7666666666666667,FAR (IC del modelo AR)
382,411,396,train,30,False,0.9085384712747024,0.9531728443858976,0.9543706718443057,0.7695264680677705,0.8975341842412328,2.944936755899321,1.686060049797505,1.573217667812519,2.2444992931651027,0.9416279424320873,0.9693333333333334,3.9774432549879726,0.7333333333333333,4.38951841466931,8.593081804351502,37.90280967398115,0.9693333333333334,3.9774432549879726,0.7333333333333333,FAR (IC del modelo AR)
383,412,397,train,30,False,0.9196472117365566,0.9589823834338963,0.955575198437991,0.7767969895420468,0.9049585321356279,2.944936755899321,1.6950921407765391,1.5827236978087285,2.2326197178664,0.9436654392911564,0.9693333333333334,3.9774432549879726,0.7333333333333333,4.38951841466931,8.593081804351502,37.90280967398115,0.9693333333333334,3.9774432549879726,0.7333333333333333,FAR (IC del modelo AR)
384,413,398,train,30,False,0.9512548324713869,0.9753229375296096,0.982660489264531,0.7937771967639645,0.9224223254999356,2.944936755899321,1.724182543147372,1.609887844670616,2.2191043200266387,0.9457609269770013,0.9666666666666667,3.9774432549879726,0.7,4.406188544852292,8.949076056768451,37.90280967398115,0.9666666666666667,3.9774432549879726,0.7,FAR (IC del modelo AR)
385,414,399,train,30,False,0.9565036067355936,0.978010023842084,0.9798909195326699,0.7961437979348721,0.9264946034890826,2.944936755899321,1.734422128878355,1.6212024760954504,2.2293036629047824,0.9473262859304605,0.9666666666666667,3.9774432549879726,0.7,4.406188544852292,8.949076056768451,37.90280967398115,0.9666666666666667,3.9774432549879726,0.7,FAR (IC del modelo AR)
386,415,400,train,30,False,0.9283643586365762,0.9635166623554448,0.9762281158474234,0.784731298831833,0.91131606281,2.944936755899321,1.7059700673506364,1.5922196129264177,2.229546678833034,0.9458228367137591,0.9697777777777777,3.9774432549879726,0.7333333333333333,4.37864219129058,8.546475831096227,37.90280967398115,0.9697777777777777,3.9774432549879726,0.7333333333333333,FAR (IC del modelo AR)
387,416,401,train,30,False,0.8906785783228482,0.943757690470837,0.9677301337850214,0.77086415955782,0.8939662780924278,2.944936755899321,1.6711103270615253,1.5584043844020632,2.2244266279173357,0.9472413174682914,0.9737777777777777,3.9774432549879726,0.7666666666666667,4.32146473949324,7.864678277732818,37.90280967398115,0.9737777777777777,3.9774432549879726,0.7666666666666667,FAR (IC del modelo AR)
388,417,402,train,30,False,0.8885426774739804,0.9426254173710682,0.9719858824744381,0.7687284418682849,0.8920823799782762,2.944936755899321,1.6739076325516054,1.5621689819492521,2.2405499404665616,0.9463805702017309,0.9737777777777777,3.9774432549879726,0.7666666666666667,4.32146473949324,7.864678277732819,37.90280967398115,0.9737777777777777,3.9774432549879726,0.7666666666666667,FAR (IC del modelo AR)
389,418,403,train,30,False,0.9135585352927429,0.9558025608318608,0.991599161812427,0.7813289562886363,0.9023072614602115,2.944936755899321,1.6871416094159644,1.5710599736748003,2.230083331477567,0.9440310148101184,0.9711111111111111,3.9774432549879726,0.7333333333333333,4.341482195079906,8.254427113357908,37.90280967398115,0.9711111111111111,3.9774432549879726,0.7333333333333333,FAR (IC del modelo AR)
390,419,404,train,30,False,0.9516028986054965,0.9755013575620982,0.9933479611161562,0.8020637248004938,0.9262827367427119,2.944936755899321,1.7280172301784338,1.6118291693075697,2.210092022811753,0.9495453077150093,0.9688888888888889,3.9774432549879726,0.7,4.357020161974932,8.561131820475063,37.90280967398115,0.9688888888888889,3.9774432549879726,0.7,FAR (IC del modelo AR)
391,420,405,train,30,False,0.905297664219009,0.9514713154998468,0.9960243625123336,0.7877453866904871,0.9084722226418248,2.8104849734299444,1.693377809970629,1.5800957636088913,2.207684294717519,0.9548077885717103,0.9777777777777777,3.9774432549879726,0.7333333333333333,4.207814073018268,7.440448640217642,37.75727487558086,0.9777777777777777,3.9774432549879726,0.7333333333333333,FAR (IC del modelo AR)
392,421,406,train,30,False,0.8815040248771842,0.9388844576821922,0.9887146293087822,0.7746938680822965,0.8929140489536211,2.8104849734299444,1.6580790241078214,1.5483043305871147,2.1996110447717263,0.9510372034040723,0.9786666666666667,3.9774432549879726,0.7666666666666667,4.207024320576884,7.409217001555706,37.75727487558086,0.9786666666666667,3.9774432549879726,0.7666666666666667,FAR (IC del modelo AR)
393,422,407,train,30,False,0.8788896173987505,0.9374911292373653,0.9704407337367842,0.771570562980348,0.8913528831154528,2.8104849734299444,1.6578098611920562,1.5488913677308356,2.2071567479921486,0.9507854051275713,0.9786666666666667,3.9774432549879726,0.7666666666666667,4.207024320576883,7.409217001555706,37.75727487558086,0.9786666666666667,3.9774432549879726,0.7666666666666667,FAR (IC del modelo AR)
394,423,408,train,30,False,0.8703239800918093,0.9329115607021972,0.9583529582929676,0.7646766694703349,0.8861136508111496,2.8104849734299444,1.6564875312889038,1.5468762285761506,2.2274789465127642,0.9498367135081668,0.9786666666666667,3.9774432549879726,0.7666666666666667,4.207024320576884,7.409217001555706,37.75727487558086,0.9786666666666667,3.9774432549879726,0.7666666666666667,FAR (IC del modelo AR)
395,424,409,train,30,False,0.8747316401426014,0.9352708913157735,0.9537052265722783,0.7681617268551153,0.8900436092899745,2.8104849734299444,1.6575582614194637,1.5506722239243944,2.20851021254732,0.9516425856447093,0.9786666666666667,3.9774432549879726,0.7666666666666667,4.207024320576883,7.409217001555706,37.75727487558086,0.9786666666666667,3.9774432549879726,0.7666666666666667,FAR (IC del modelo AR)
396,425,410,train,30,False,0.8599929228088266,0.9273580337759665,0.9627557890424304,0.7607688045909992,0.8815675869570362,2.8104849734299444,1.6360448052004237,1.5322243173334311,2.200594552708084,0.9506226881623236,0.9786666666666667,3.9774432549879726,0.7666666666666667,4.207024320576883,7.409217001555705,37.75727487558086,0.9786666666666667,3.9774432549879726,0.7666666666666667,FAR (IC del modelo AR)
397,426,411,train,30,False,0.8648472963108541,0.9299716642515804,0.9572642302920926,0.7639561843579833,0.885467195344702,2.8104849734299444,1.6527997349201207,1.545767449598558,2.2175907354464166,0.9521442742637813,0.9786666666666667,3.9774432549879726,0.7666666666666667,4.207024320576883,7.409217001555705,37.75727487558086,0.9786666666666667,3.9774432549879726,0.7666666666666667,FAR (IC del modelo AR)
398,427,412,train,30,False,0.8608044813897558,0.9277954954567067,0.9703728839707921,0.7608557662793184,0.88264653164441,2.8104849734299444,1.6471127155976417,1.5412442323217064,2.2198639200550634,0.9513373754955857,0.9786666666666667,3.9774432549879726,0.7666666666666667,4.207024320576883,7.409217001555705,37.75727487558086,0.9786666666666667,3.9774432549879726,0.7666666666666667,FAR (IC del modelo AR)
399,428,413,train,30,False,0.8490422528373573,0.9214348880074801,0.9726705224076925,0.7507647715018598,0.8749396580838231,2.8104849734299444,1.645771341224638,1.5410279517628385,2.266684851629041,0.9495404064586715,0.9786666666666667,3.9774432549879726,0.7666666666666667,4.207024320576883,7.409217001555705,37.75727487558086,0.9786666666666667,3.9774432549879726,0.7666666666666667,FAR (IC del modelo AR)
400,429,414,train,30,False,0.8046830527652286,0.8970412770688028,0.9998082200141674,0.7325987201732896,0.8517353881375158,2.4979428776726382,1.5956594662806538,1.491753654237918,2.263776314276844,0.9494940867388737,0.9831111111111112,3.9774432549879726,0.8,4.109788859592931,6.293384981244958,22.75432732276235,0.9831111111111112,3.9774432549879726,0.8,FAR (IC del modelo AR)
401,430,415,train,30,False,0.78603812296293,0.8865879104538534,0.9957716572406354,0.7204627718743494,0.8382425896340319,2.4979428776726382,1.570838717919016,1.4658952738628939,2.2682288906078076,0.9454703586076725,0.9831111111111112,3.9774432549879726,0.8,4.109788859592931,6.293384981244958,22.75432732276235,0.9831111111111112,3.9774432549879726,0.8,FAR (IC del modelo AR)
402,431,416,train,30,False,0.9019402624974742,0.949705355622192,1.0263927656610323,0.7541186489367168,0.8722866835005426,3.3420171850998432,1.6049842871731044,1.5022753930704638,2.247139773333353,0.9184813777627597,0.9657777777777777,3.9774432549879726,0.8,4.609931581881262,7.772388764563329,57.4170380459479,0.9657777777777777,3.9774432549879726,0.8,FAR (IC del modelo AR)
403,432,417,train,30,False,0.8967193272530498,0.9469526531210786,1.015669663913068,0.7498622773797406,0.8682884572592756,3.3420171850998432,1.5975941637644906,1.4939141524736936,2.255239578588099,0.9169291140348651,0.9657777777777777,3.9774432549879726,0.8,4.609931581881262,7.772388764563329,57.4170380459479,0.9657777777777777,3.9774432549879726,0.8,FAR (IC del modelo AR)
404,433,418,train,30,False,0.9690391198263592,0.9843978463133486,0.9424328239917593,0.7734266098012033,0.895964987172006,3.3420171850998432,1.663613458961835,1.5569693656743402,2.2727521841696103,0.9101655296458326,0.96,3.9774432549879726,0.7666666666666667,4.811580803218038,9.47556076163731,57.4170380459479,0.96,3.9774432549879726,0.7666666666666667,FAR (IC del modelo AR)
405,434,419,train,30,False,1.110441050833245,1.053774667959543,0.9982859663123916,0.816869695584165,0.9488583659169267,3.596943103938281,1.7497644851268441,1.6420839724579672,2.2692642667091527,0.9004376312767425,0.9444444444444444,3.9774432549879726,0.7333333333333333,5.335198597061167,11.4733269328861,64.21529940372207,0.9444444444444444,3.9774432549879726,0.7333333333333333,FAR (IC del modelo AR)
406,435,420,train,30,False,1.137870006639731,1.066709898069635,1.0188641418521416,0.8193497134672828,0.9578118542927689,3.596943103938281,1.785064708157044,1.6771935695872189,2.2929157806552585,0.8979122215197096,0.9342222222222222,3.9774432549879726,0.7,5.591047353537997,12.979290090767895,64.21529940372207,0.9342222222222222,3.9774432549879726,0.7,FAR (IC del modelo AR)
407,436,421,train,30,False,1.0882622942209204,1.0431981088081594,0.9798172583636047,0.7939579172075889,0.9346828518164488,3.596943103938281,1.7608203983547723,1.651311582405062,2.343176179697916,0.895978284397306,0.9395555555555556,3.9774432549879726,0.7333333333333333,5.531298469485174,12.363556322217764,64.21529940372207,0.9395555555555556,3.9774432549879726,0.7333333333333333,FAR (IC del modelo AR)
408,437,422,train,30,False,1.0478094315215887,1.0236256305513205,0.9571984136859365,0.7705316190189098,0.9105093356464258,3.596943103938281,1.7339692970366392,1.6243550029292246,2.378531818355739,0.8894944679687526,0.9395555555555556,3.9774432549879726,0.7333333333333333,5.531298469485174,12.363556322217764,64.21529940372207,0.9395555555555556,3.9774432549879726,0.7333333333333333,FAR (IC del modelo AR)
409,438,423,train,30,False,1.0377974484129064,1.0187234405926402,0.9555178298208084,0.763198826949398,0.9025611957185408,3.596943103938281,1.7173846341665495,1.6080898306087876,2.377566186528262,0.8859727377957237,0.9395555555555556,3.9774432549879726,0.7333333333333333,5.531298469485174,12.363556322217764,64.21529940372207,0.9395555555555556,3.9774432549879726,0.7333333333333333,FAR (IC del modelo AR)
410,439,424,train,30,False,1.0620534918064055,1.0305597953570698,0.9536019642941674,0.7762459465072137,0.9156307998610415,3.596943103938281,1.7345879618195343,1.6279731690861088,2.3597790516087755,0.8884790615607049,0.9368888888888889,3.9774432549879726,0.7,5.544440602324238,12.68316198074867,64.21529940372207,0.9368888888888889,3.9774432549879726,0.7,FAR (IC del modelo AR)
411,440,425,train,30,False,1.0769594353228562,1.0377665610930313,0.9533272834271888,0.786628470733167,0.9303238810889549,3.596943103938281,1.7695447814767684,1.6601299446331008,2.376613763820799,0.8964673906134419,0.9368888888888889,3.9774432549879726,0.7,5.544440602324238,12.68316198074867,64.21529940372207,0.9368888888888889,3.9774432549879726,0.7,FAR (IC del modelo AR)
412,441,426,train,30,False,1.0579162612524684,1.028550563294031,0.9512755446380264,0.777663627674452,0.9205525584179713,3.596943103938281,1.7512780009698963,1.643797035874983,2.3764849534042454,0.8949998097029028,0.9386666666666666,3.9774432549879726,0.7333333333333333,5.542293576382999,12.632426505476102,64.21529940372207,0.9386666666666666,3.9774432549879726,0.7333333333333333,FAR (IC del modelo AR)
413,442,427,train,30,False,1.0462472699205956,1.022862292745507,0.947117531806047,0.7708040828606068,0.9126836341362434,3.596943103938281,1.7343100141643895,1.6293988046532182,2.3721896044771342,0.8922839766499471,0.9386666666666666,3.9774432549879726,0.7333333333333333,5.542293576382998,12.632426505476102,64.21529940372207,0.9386666666666666,3.9774432549879726,0.7333333333333333,FAR (IC del modelo AR)
414,443,428,train,30,False,1.0229356402126208,1.01140280809014,0.9463172091010726,0.757313828652762,0.9009144359699995,3.596943103938281,1.7159636261999607,1.6146209206412816,2.3885533953244655,0.8907573014071626,0.9413333333333334,3.9774432549879726,0.7666666666666667,5.525623446200017,12.276432253059157,64.21529940372207,0.9413333333333334,3.9774432549879726,0.7666666666666667,FAR (IC del modelo AR)
415,444,429,train,30,False,1.0111004698937183,1.0055349172921437,0.96164756184574,0.7471617156997765,0.889989599055448,3.596943103938281,1.6991994567013105,1.5975746438910579,2.4007461517801536,0.8850906952611317,0.9413333333333334,3.9774432549879726,0.7666666666666667,5.525623446200017,12.276432253059157,64.21529940372207,0.9413333333333334,3.9774432549879726,0.7666666666666667,FAR (IC del modelo AR)
416,445,430,train,30,False,1.0000023866385213,1.0000011933185486,0.9857670085662075,0.7386080106422412,0.8798475697110999,3.596943103938281,1.6762202678915972,1.57729486856173,2.3960868978127547,0.8798465197739279,0.9413333333333334,3.9774432549879726,0.7666666666666667,5.525623446200018,12.276432253059157,64.21529940372207,0.9413333333333334,3.9774432549879726,0.7666666666666667,FAR (IC del modelo AR)
417,446,431,train,30,False,0.9891253617163918,0.994547817712347,0.9904461552817828,0.730948552669875,0.8721994373228024,3.596943103938281,1.6633095960105746,1.5650610784382741,2.4025658913946675,0.8769808970362334,0.9413333333333334,3.9774432549879726,0.7666666666666667,5.525623446200017,12.276432253059157,64.21529940372207,0.9413333333333334,3.9774432549879726,0.7666666666666667,FAR (IC del modelo AR)
418,447,432,train,30,False,1.0268150820100233,1.0133188451864612,1.0165441953598147,0.7515155964190497,0.8939778306718467,3.596943103938281,1.6945117048596108,1.593496771150096,2.3838684205540783,0.8822275781393817,0.9413333333333334,3.9774432549879726,0.7666666666666667,5.525623446200018,12.276432253059157,64.21529940372207,0.9413333333333334,3.9774432549879726,0.7666666666666667,FAR (IC del modelo AR)
419,448,433,train,30,False,0.9699922451795515,0.98488184325814,1.0751043523852315,0.7209078418134109,0.8626379900804777,3.596943103938281,1.6438126837339664,1.5462596750153341,2.3963094049002907,0.8758796763140023,0.944,3.9774432549879726,0.8,5.505605990613351,11.886683417434066,64.21529940372207,0.944,3.9774432549879726,0.8,FAR (IC del modelo AR)
420,449,434,train,30,False,1.0173726572660446,1.0086489266667786,1.0490057469962948,0.7351440275702615,0.8794896477593829,3.596943103938281,1.6563217484174346,1.5609406905520562,2.3817583249713663,0.8719482314483586,0.9333333333333333,3.9774432549879726,0.8,5.7038536767935835,12.602198226375451,64.21529940372207,0.9333333333333333,3.9774432549879726,0.8,FAR (IC del modelo AR)
421,450,435,train,30,False,0.9924840158675381,0.9962349200201417,1.0328903642739937,0.7230201083699662,0.8639191904747278,3.596943103938281,1.629223994355391,1.532223978971686,2.380945969080993,0.8671842083765355,0.9333333333333333,3.9774432549879726,0.8,5.7038536767935835,12.602198226375451,64.21529940372207,0.9333333333333333,3.9774432549879726,0.8,FAR (IC del modelo AR)
422,451,436,train,30,False,1.0249518240688527,1.0123990438897366,1.0390266537555208,0.737957348374751,0.8835710950455604,3.596943103938281,1.6756703989792252,1.5750325746692944,2.396327944662249,0.8727498315790516,0.9306666666666666,3.9774432549879726,0.7666666666666667,5.723981852389449,12.9904342471361,64.21529940372207,0.9306666666666666,3.9774432549879726,0.7666666666666667,FAR (IC del modelo AR)
423,452,437,train,30,False,1.0344373499578094,1.0170729324673868,1.027771374267145,0.7410080339230508,0.8888790097816066,3.596943103938281,1.6988690105485524,1.5945472853100204,2.4176153759568186,0.8739579841390668,0.9293333333333333,3.9774432549879726,0.7333333333333333,5.727200070498772,13.088907426469538,64.21529940372207,0.9293333333333333,3.9774432549879726,0.7333333333333333,FAR (IC del modelo AR)
424,453,438,train,30,False,1.1263490845099755,1.0612959457710067,1.0030249125019177,0.7716192678612337,0.9248332476345901,3.596943103938281,1.7644397549112056,1.6588343920170918,2.4093107419007174,0.8714188076566337,0.9173333333333333,3.9774432549879726,0.7,5.997884040027433,14.885261111370413,64.21529940372207,0.9173333333333333,3.9774432549879726,0.7,FAR (IC del modelo AR)
425,454,439,train,30,False,1.1404959144225348,1.0679400331584799,0.9813080170026901,0.7783971967900545,0.9341472757182708,3.596943103938281,1.7848264355091812,1.6763158537270086,2.4151226328486435,0.8747188481693012,0.9173333333333333,3.9774432549879726,0.7,5.997884040027434,14.885261111370413,64.21529940372207,0.9173333333333333,3.9774432549879726,0.7,FAR (IC del modelo AR)
426,455,440,train,30,False,1.1648222593550714,1.0792693173416317,0.9928471850780941,0.7880789632006203,0.9471281320984698,3.596943103938281,1.8174500843365282,1.703280663539235,2.4295065709885386,0.8775642157893999,0.9151111111111111,3.9774432549879726,0.6666666666666666,6.008748244284184,15.155433481262966,64.21529940372207,0.9151111111111111,3.9774432549879726,0.6666666666666666,FAR (IC del modelo AR)
427,456,441,train,30,False,1.1698475719391992,1.0815949204481312,0.9921799239464573,0.7920314566757499,0.9505589663905772,3.596943103938281,1.813288770022657,1.7024464341108045,2.4064194615006795,0.8788493255836829,0.9151111111111111,3.9774432549879726,0.6666666666666666,6.0087482442841855,15.155433481262968,64.21529940372207,0.9151111111111111,3.9774432549879726,0.6666666666666666,FAR (IC del modelo AR)
428,457,442,train,30,False,1.1869939746451272,1.089492530789049,0.9882134010593921,0.8004474840942474,0.9608957859815666,3.596943103938281,1.8297776134330657,1.7204623203846474,2.4027288339317416,0.8819663823538577,0.9151111111111111,3.9774432549879726,0.6666666666666666,6.008748244284184,15.155433481262968,64.21529940372207,0.9151111111111111,3.9774432549879726,0.6666666666666666,FAR (IC del modelo AR)
429,458,443,train,30,False,1.1900704636970258,1.0909035079680631,0.989215675827183,0.8056860535961282,0.963153392190163,3.596943103938281,1.8225332896148396,1.712556155865427,2.3599828564385543,0.8828951278964629,0.9151111111111111,3.9774432549879726,0.6666666666666666,6.008748244284183,15.155433481262968,64.21529940372207,0.9151111111111111,3.9774432549879726,0.6666666666666666,FAR (IC del modelo AR)
430,459,444,train,30,False,1.185261493125842,1.0886971539991468,0.9835822230181083,0.8010235719090392,0.9587098977489561,3.596943103938281,1.808045541572194,1.7025064102638128,2.3533760191264714,0.8806029245390194,0.9151111111111111,3.9774432549879726,0.6666666666666666,6.008748244284183,15.155433481262968,64.21529940372207,0.9151111111111111,3.9774432549879726,0.6666666666666666,FAR (IC del modelo AR)
431,460,445,train,30,False,1.228749308020237,1.1084896517425127,0.9728788079314001,0.822575166261746,0.9838353953996278,3.596943103938281,1.8480867672235428,1.743733549040659,2.3437660486317466,0.8875458547159804,0.9128888888888889,3.9774432549879726,0.6333333333333333,6.0166267195973315,15.32662899469493,64.21529940372207,0.9128888888888889,3.9774432549879726,0.6333333333333333,FAR (IC del modelo AR)
432,461,446,train,30,False,1.1285812457510234,1.0623470458146074,0.9750492891694997,0.7941833425134095,0.9559206000361516,3.596943103938281,1.8204862926191674,1.716973448325026,2.360188284569008,0.8998195117144153,0.9266666666666666,3.9774432549879726,0.6333333333333333,5.581465311510042,14.261931156881879,64.21529940372207,0.9266666666666666,3.9774432549879726,0.6333333333333333,FAR (IC del modelo AR)
433,462,447,train,30,False,1.1435889673802202,1.0693871924519296,0.9809073285641902,0.8034139548053475,0.966003950340047,3.596943103938281,1.8396531891694985,1.7374736873319898,2.350319561490014,0.9033247799846549,0.9266666666666666,3.9774432549879726,0.6333333333333333,5.581465311510042,14.261931156881879,64.21529940372207,0.9266666666666666,3.9774432549879726,0.6333333333333333,FAR (IC del modelo AR)
434,463,448,train,30,False,1.056273968193881,1.0277519001168915,1.0560331819652136,0.7701626932975849,0.9281850348230604,3.596943103938281,1.7607116583052709,1.6625683886086264,2.339260566064609,0.90312169183778,0.9324444444444444,3.9774432549879726,0.6666666666666666,5.379816090173266,12.558759159807899,64.21529940372207,0.9324444444444444,3.9774432549879726,0.6666666666666666,FAR (IC del modelo AR)
435,464,449,train,30,False,0.9194024088569638,0.9588547381417917,0.9767758504469981,0.7298000599710159,0.8790675497325994,3.4830397671421913,1.6809166364498311,1.582606766305784,2.3424092786781037,0.9167890763476692,0.948,3.9774432549879726,0.7,4.856198296330138,10.56099298855911,58.17292481328473,0.948,3.9774432549879726,0.7,FAR (IC del modelo AR)
436,465,450,train,30,False,0.8310363341938495,0.9116119427661363,0.9352556744905819,0.695210464669864,0.835305318793608,3.4830397671421913,1.6029878973636955,1.5068847165016888,2.35562317875168,0.9162948395114391,0.9582222222222222,3.9774432549879726,0.7333333333333333,4.600349539853308,9.055029830677313,58.17292481328473,0.9582222222222222,3.9774432549879726,0.7333333333333333,FAR (IC del modelo AR)
437,466,451,train,30,False,0.8177582674831022,0.9042998769673156,0.9555585155775058,0.6876398334810349,0.8230473302259163,3.4830397671421913,1.5751176956725648,1.4810168789536011,2.350020569428873,0.9101486699147963,0.9582222222222222,3.9774432549879726,0.7333333333333333,4.600349539853308,9.055029830677313,58.17292481328473,0.9582222222222222,3.9774432549879726,0.7333333333333333,FAR (IC del modelo AR)
438,467,452,train,30,False,0.819279643376822,0.9051406760149617,0.9641656491682512,0.6900914705732867,0.8245776708620611,3.4830397671421913,1.571020943688384,1.4801923629623583,2.326010093097237,0.910993940182212,0.9582222222222222,3.9774432549879726,0.7333333333333333,4.600349539853309,9.055029830677313,58.17292481328473,0.9582222222222222,3.9774432549879726,0.7333333333333333,FAR (IC del modelo AR)
439,468,453,train,30,False,0.8695922075700471,0.9325192799991039,0.973594541867465,0.7138721691891764,0.8519057050409837,3.4830397671421913,1.6208479583797841,1.5287199658991155,2.3243448338874755,0.9135529133958521,0.9542222222222222,3.9774432549879726,0.7,4.656877705978151,9.68747005157074,58.17292481328473,0.9542222222222222,3.9774432549879726,0.7,FAR (IC del modelo AR)
440,469,454,train,30,False,0.9697845368677181,0.9847763892720611,0.9716176470371183,0.7432222406174216,0.883312071062683,3.4830397671421913,1.6500932512587048,1.560128014438073,2.3065497772943058,0.8969671497867858,0.94,3.9774432549879726,0.7,5.063537245352234,10.613534387031244,58.17292481328473,0.94,3.9774432549879726,0.7,FAR (IC del modelo AR)
441,470,455,train,30,False,0.970487696164531,0.9851333392818107,0.9790857298564459,0.7431178934365393,0.8837905300252141,3.4830397671421913,1.657121050633006,1.563685021783612,2.31988433667633,0.8971278250206431,0.94,3.9774432549879726,0.7,5.063537245352235,10.613534387031244,58.17292481328473,0.94,3.9774432549879726,0.7,FAR (IC del modelo AR)
442,471,456,train,30,False,0.9769581745177945,0.9884119457583435,0.9628419085120173,0.7432201240252417,0.88745510819355,3.4830397671421913,1.6770492732761226,1.579492636345342,2.3479294633955,0.8978595533997357,0.9391111111111111,3.9774432549879726,0.6666666666666666,5.064325588374208,10.652240061509177,58.17292481328473,0.9391111111111111,3.9774432549879726,0.6666666666666666,FAR (IC del modelo AR)
443,472,457,train,30,False,0.9717499553932564,0.9857737851014584,0.9746686416404536,0.7371860924359935,0.8827440044486988,3.4830397671421913,1.6735551076906603,1.5751095987172865,2.3709022129628914,0.8954833429231885,0.9391111111111111,3.9774432549879726,0.6666666666666666,5.064325588374208,10.652240061509179,58.17292481328473,0.9391111111111111,3.9774432549879726,0.6666666666666666,FAR (IC del modelo AR)
444,473,458,train,30,False,1.014970377800689,1.007457382622555,0.9649856921107698,0.7574996833584681,0.902270313893224,3.4830397671421913,1.696637967823446,1.59948896660097,2.3466602479495844,0.8955915450681258,0.9337777777777778,3.9774432549879726,0.6333333333333333,5.114764410434637,11.128407589126777,58.17292481328473,0.9337777777777778,3.9774432549879726,0.6333333333333333,FAR (IC del modelo AR)
445,474,459,train,30,False,1.0422800455882193,1.0209211750121647,0.9887092577360244,0.7763349710760271,0.922371421466476,3.4830397671421913,1.7316880556713456,1.632744883964726,2.3353769644119007,0.9034697722431759,0.9337777777777778,3.9774432549879726,0.6333333333333333,5.114764410434637,11.128407589126777,58.17292481328473,0.9337777777777778,3.9774432549879726,0.6333333333333333,FAR (IC del modelo AR)
446,475,460,train,30,False,1.097380100180804,1.0475591153633306,1.0124796066938742,0.8041518202542185,0.954038041922994,3.4830397671421913,1.7931052657891615,1.6914494375368165,2.3314004419279484,0.9107247771808085,0.9284444444444444,3.9774432549879726,0.6,5.1841767215190595,12.127672214723438,58.17292481328473,0.9284444444444444,3.9774432549879726,0.6,FAR (IC del modelo AR)
447,476,461,train,30,False,1.0947492936995369,1.046302677861209,1.017268572495111,0.8034569485869528,0.9516941730091084,3.4830397671421913,1.7867667440526689,1.685162719436167,2.32118225147267,0.9095782636765359,0.9284444444444444,3.9774432549879726,0.6,5.1841767215190595,12.127672214723438,58.17292481328473,0.9284444444444444,3.9774432549879726,0.6,FAR (IC del modelo AR)
448,477,462,train,30,False,1.1907194400455487,1.0912009164427734,1.0386491714693584,0.8263509243570178,0.9810823876824869,4.277457687421995,1.8620567118257922,1.7545876363531139,2.339247781813523,0.899085010742784,0.916,3.9774432549879726,0.5666666666666667,5.700022851138592,15.200157555445719,96.45687448792691,0.916,3.9774432549879726,0.5666666666666667,FAR (IC del modelo AR)
449,478,463,train,30,False,1.2192703908146578,1.1042057737644093,1.0371683694934515,0.8408167131354937,1.0006417858364942,4.277457687421995,1.9167661838686345,1.804670834187302,2.3680249408217877,0.9062095214600723,0.9124444444444444,3.9774432549879726,0.5333333333333333,5.743706245842884,15.895614382657637,96.45687448792691,0.9124444444444444,3.9774432549879726,0.5333333333333333,FAR (IC del modelo AR)
450,479,464,train,30,False,1.15208996125689,1.0733545366079607,1.0280570292243145,0.8187507380822405,0.9739425028843658,4.277457687421995,1.878969061284248,1.7668025436061912,2.3728144560478395,0.9073819224375209,0.9253333333333333,3.9774432549879726,0.5666666666666667,5.529920592767626,14.873394866599096,96.45687448792691,0.9253333333333333,3.9774432549879726,0.5666666666666667,FAR (IC del modelo AR)
451,480,465,train,30,False,1.1526239306481056,1.0736032463848577,1.0310452908785621,0.8179597317446152,0.9744087191247129,4.277457687421995,1.8835616918197178,1.7730017599776575,2.3860184688736408,0.9076059730685778,0.9253333333333333,3.9774432549879726,0.5666666666666667,5.529920592767626,14.873394866599096,96.45687448792691,0.9253333333333333,3.9774432549879726,0.5666666666666667,FAR (IC del modelo AR)
452,481,466,train,30,False,1.1160023530726648,1.0564101254118425,1.0355932006686461,0.7994193816407572,0.950282501321749,4.277457687421995,1.8279850490086693,1.7215323870301373,2.3669542135827637,0.8995393725058063,0.928,3.9774432549879726,0.6,5.50979241717176,14.485158845838445,96.45687448792691,0.928,3.9774432549879726,0.6,FAR (IC del modelo AR)
453,482,467,train,30,False,1.089409053868655,1.0437476006528854,1.0319243399540585,0.7823088739870435,0.9307203493012871,4.277457687421995,1.787107777849086,1.6832240791278537,2.383275772357419,0.8917101689327023,0.9293333333333333,3.9774432549879726,0.6333333333333333,5.506574199062438,14.38668566650501,96.45687448792691,0.9293333333333333,3.9774432549879726,0.6333333333333333,FAR (IC del modelo AR)
454,483,468,train,30,False,0.9857077134298698,0.9928281389192541,0.9984296699658645,0.7440696600845236,0.8847520407830806,4.277457687421995,1.6977005081031242,1.5973693991775189,2.37961789445616,0.8911431959877566,0.9413333333333334,3.9774432549879726,0.6666666666666666,5.235890229533777,12.590331981604132,96.45687448792691,0.9413333333333334,3.9774432549879726,0.6666666666666666,FAR (IC del modelo AR)
455,484,469,train,30,False,1.077069942223814,1.0378198023856617,1.0286095559079766,0.7763360166395545,0.9175793763477063,4.277457687421995,1.7525356559973515,1.651838157370985,2.3624022129383295,0.8841413261131115,0.9302222222222222,3.9774432549879726,0.6333333333333333,5.467678267545453,14.406155187126455,96.45687448792691,0.9302222222222222,3.9774432549879726,0.6333333333333333,FAR (IC del modelo AR)
456,485,470,train,30,False,1.040094691715815,1.0198503280951645,1.018891158951543,0.7577489874601379,0.8936609525681699,4.277457687421995,1.704271298137525,1.6089977908441635,2.353537761920634,0.8762667696909153,0.9324444444444444,3.9774432549879726,0.6666666666666666,5.456814063288702,14.1359828172339,96.45687448792691,0.9324444444444444,3.9774432549879726,0.6666666666666666,FAR (IC del modelo AR)
457,486,471,train,30,False,1.038769213544706,1.0192002813700092,1.0240617584178602,0.7548091172778801,0.8928013047027863,4.277457687421995,1.7203287818581272,1.6198468274642084,2.3922072185709577,0.875982199987899,0.9324444444444444,3.9774432549879726,0.6666666666666666,5.456814063288702,14.1359828172339,96.45687448792691,0.9324444444444444,3.9774432549879726,0.6666666666666666,FAR (IC del modelo AR)
458,487,472,train,30,False,1.1045847455250002,1.0509922671099918,1.0291752884618495,0.776622649661128,0.9171763057144379,4.277457687421995,1.759321633000847,1.6577539435034871,2.3859836127571787,0.8726765499773661,0.9213333333333333,3.9774432549879726,0.6333333333333333,5.651669289708418,15.385576860791103,96.45687448792691,0.9213333333333333,3.9774432549879726,0.6333333333333333,FAR (IC del modelo AR)
459,488,473,train,30,False,1.1081643957159764,1.0526938755953585,1.0287176632630546,0.7776447687035516,0.9195596408756904,4.277457687421995,1.7583351359634674,1.6598442252896286,2.3806952001130472,0.8735299617427972,0.9213333333333333,3.9774432549879726,0.6333333333333333,5.651669289708418,15.385576860791103,96.45687448792691,0.9213333333333333,3.9774432549879726,0.6333333333333333,FAR (IC del modelo AR)
460,489,474,train,30,False,1.1396765373650548,1.067556339199508,1.0322061710048074,0.7937364779785488,0.9398069294713235,4.277457687421995,1.8036291945902405,1.7013995736530927,2.388716716968668,0.8803347373460633,0.9195555555555556,3.9774432549879726,0.6,5.656728345256209,15.510396405508665,96.45687448792691,0.9195555555555556,3.9774432549879726,0.6,FAR (IC del modelo AR)
461,490,475,train,30,False,1.1131281112490454,1.0550488667588083,1.025221169511092,0.7836927603156887,0.9272038022835196,4.277457687421995,1.7858212006229717,1.6824965677724828,2.392279581194211,0.878825456807476,0.9217777777777778,3.9774432549879726,0.6333333333333333,5.648849869943061,15.339200892076702,96.45687448792691,0.9217777777777778,3.9774432549879726,0.6333333333333333,FAR (IC del modelo AR)
462,491,476,train,30,False,1.0834114903372438,1.0408705444661424,1.0073143093874475,0.7726675619472626,0.914694909457325,4.277457687421995,1.767512037659717,1.664647209657903,2.398597065124146,0.8787787437355791,0.9253333333333333,3.9774432549879726,0.6333333333333333,5.578071682910251,14.779339867001859,96.45687448792691,0.9253333333333333,3.9774432549879726,0.6333333333333333,FAR (IC del modelo AR)
463,492,477,train,30,False,1.0602021598502025,1.0296611869203396,0.9960902884236416,0.7564521594419773,0.8956751397117314,4.277457687421995,1.7250402395970108,1.6245327757052095,2.3962120934628928,0.8698736546442494,0.9253333333333333,3.9774432549879726,0.6333333333333333,5.578071682910251,14.779339867001859,96.45687448792691,0.9253333333333333,3.9774432549879726,0.6333333333333333,FAR (IC del modelo AR)
464,493,478,train,30,False,1.0664824716149683,1.0327063820926878,0.9922994336845737,0.7590335159824864,0.9004429492341971,4.277457687421995,1.7520822977709158,1.6463256603330916,2.433683783218131,0.8719254231871109,0.9253333333333333,3.9774432549879726,0.6333333333333333,5.578071682910251,14.77933986700186,96.45687448792691,0.9253333333333333,3.9774432549879726,0.6333333333333333,FAR (IC del modelo AR)
465,494,479,train,30,False,1.0836320597741784,1.0409764933821408,0.9912813083756107,0.7696361818035294,0.9109710521417218,4.277457687421995,1.761747449216844,1.658517133589601,2.4192848418851636,0.8751120298422587,0.9253333333333333,3.9774432549879726,0.6333333333333333,5.57807168291025,14.77933986700186,96.45687448792691,0.9253333333333333,3.9774432549879726,0.6333333333333333,FAR (IC del modelo AR)
466,495,480,train,30,False,1.0923557780421984,1.0451582550227494,0.9830075980745033,0.7754630105166254,0.9199199908525908,4.277457687421995,1.7926388309053805,1.6847467810775023,2.451763594845733,0.8801729177679101,0.9253333333333333,3.9774432549879726,0.6333333333333333,5.57807168291025,14.77933986700186,96.45687448792691,0.9253333333333333,3.9774432549879726,0.6333333333333333,FAR (IC del modelo AR)
467,496,481,train,30,False,1.1001703344023552,1.0488900487669597,0.9806839307146916,0.7827525240559314,0.9280622994227097,4.277457687421995,1.8001985850179085,1.6955043573874964,2.4188153739145077,0.8848041799173411,0.9253333333333333,3.9774432549879726,0.6333333333333333,5.57807168291025,14.779339867001859,96.45687448792691,0.9253333333333333,3.9774432549879726,0.6333333333333333,FAR (IC del modelo AR)
468,497,482,train,30,False,1.1159119939798674,1.0563673574944785,0.977741140012165,0.7929371313748238,0.9394543312343282,4.277457687421995,1.8178310553975565,1.7096672129269306,2.414387766261673,0.889325408030926,0.9253333333333333,3.9774432549879726,0.6333333333333333,5.57807168291025,14.77933986700186,96.45687448792691,0.9253333333333333,3.9774432549879726,0.6333333333333333,FAR (IC del modelo AR)
469,498,483,train,30,False,1.117417653897553,1.0570797765058004,0.9764410930549723,0.7931157685493151,0.9400166125130224,4.277457687421995,1.8301518530289906,1.72091329018965,2.424747577458211,0.8892579665276231,0.9244444444444444,3.9774432549879726,0.6333333333333333,5.600684178216536,15.062436674830764,96.45687448792691,0.9244444444444444,3.9774432549879726,0.6333333333333333,FAR (IC del modelo AR)
470,499,484,train,30,False,1.033432777892364,1.0165789580216404,0.9736706714529081,0.7694520402429116,0.9152343882512247,4.277457687421995,1.8070454933700264,1.6954746832803764,2.4373856288913656,0.9003082161294761,0.9373333333333334,3.9774432549879726,0.6333333333333333,5.199122338296628,14.124291316922895,96.45687448792691,0.9373333333333334,3.9774432549879726,0.6333333333333333,FAR (IC del modelo AR)
471,500,485,train,30,False,1.0831205746768084,1.040730788761824,0.9649604724505173,0.793247550055682,0.9381246564309074,4.277457687421995,1.82325215556746,1.716127386861912,2.3866859905542555,0.9014095350700742,0.9315555555555556,3.9774432549879726,0.6,5.234860384743356,14.531608172828793,96.45687448792691,0.9315555555555556,3.9774432549879726,0.6,FAR (IC del modelo AR)
472,501,486,train,30,False,1.1097259657124405,1.0534353163400403,0.9937519045556483,0.8060937449965638,0.9500390288296205,4.277457687421995,1.8319639650024875,1.726153872809491,2.3608791726674707,0.9018484705167754,0.928,3.9774432549879726,0.6,5.255336147557766,14.806343779663324,96.45687448792691,0.928,3.9774432549879726,0.6,FAR (IC del modelo AR)
473,502,487,train,30,False,1.1544008741586802,1.0744304882860873,1.0063014467432883,0.8270082306976833,0.9757711796615478,4.277457687421995,1.8858069075812165,1.7769333045371392,2.358520647449323,0.9081752521915875,0.9235555555555556,3.9774432549879726,0.5666666666666667,5.312778756783489,15.549349278594237,96.45687448792691,0.9235555555555556,3.9774432549879726,0.5666666666666667,FAR (IC del modelo AR)
474,503,488,train,30,False,1.1437195645734883,1.069448252405645,1.027700184522707,0.8196349609492745,0.9717850993946704,4.277457687421995,1.8781482243009462,1.768981319491867,2.3647156457928586,0.9086789353376485,0.9262222222222222,3.9774432549879726,0.5666666666666667,5.269795811926975,15.203547196546536,96.45687448792691,0.9262222222222222,3.9774432549879726,0.5666666666666667,FAR (IC del modelo AR)
475,504,489,train,30,False,1.2131126589885037,1.1014139362603435,1.0377026944678058,0.8410775200251641,0.9972460109371384,4.277457687421995,1.9168314638561308,1.807122313964958,2.3613351042889414,0.9054234544399458,0.9146666666666666,3.9774432549879726,0.5333333333333333,5.476316423273274,16.42482169088332,96.45687448792691,0.9146666666666666,3.9774432549879726,0.5333333333333333,FAR (IC del modelo AR)
476,505,490,train,30,False,1.2347829268828163,1.1112078684399316,1.0336255584405587,0.8470633652947488,1.0046847478478198,4.277457687421995,1.9223743413717573,1.8138311555659372,2.355374844124751,0.9041375393231658,0.9137777777777778,3.9774432549879726,0.5333333333333333,5.515901670483411,16.340769958032368,96.45687448792691,0.9137777777777778,3.9774432549879726,0.5333333333333333,FAR (IC del modelo AR)
477,506,491,train,30,False,1.2447398407125532,1.1156790939658918,1.0170830788224172,0.8528310021241158,1.0124355583258635,4.277457687421995,1.9471578277691757,1.8361476353726418,2.3762984343423885,0.9074612617567033,0.9137777777777778,3.9774432549879726,0.5333333333333333,5.5159016704834105,16.340769958032368,96.45687448792691,0.9137777777777778,3.9774432549879726,0.5333333333333333,FAR (IC del modelo AR)
478,507,492,train,30,False,1.1107695199129795,1.0539305100019543,0.9986644534820786,0.8102569462332466,0.9609784080052205,3.4417268738874522,1.8381839447710708,1.7330149009231366,2.3668483927453705,0.9118043351866136,0.9262222222222222,3.9774432549879726,0.5666666666666667,5.000055540863878,13.268284617310089,58.75701043192808,0.9262222222222222,3.9774432549879726,0.5666666666666667,FAR (IC del modelo AR)
479,508,493,train,30,False,1.085564702027599,1.0419043631867557,0.9895395529653987,0.7992041565304411,0.9448481383309307,3.4417268738874522,1.7854546077747255,1.6867864949238616,2.3265355686258515,0.9068472805325722,0.9297777777777778,3.9774432549879726,0.6,4.956372146159586,12.572827790098167,58.75701043192808,0.9297777777777778,3.9774432549879726,0.6,FAR (IC del modelo AR)
480,509,494,train,30,False,1.105698766818087,1.0515221190341586,0.9745332095924488,0.8047560781163217,0.9548403474794116,3.4417268738874522,1.8209078998636803,1.7188915901139257,2.353350936641721,0.9080554086265435,0.9262222222222222,3.9774432549879726,0.5666666666666667,4.995642544940418,13.17220201710599,58.75701043192808,0.9262222222222222,3.9774432549879726,0.5666666666666667,FAR (IC del modelo AR)
481,510,495,train,30,False,1.1136767577441566,1.0553088447199506,0.9661155229322791,0.8086989415163258,0.960802221570844,3.4417268738874522,1.8327180376347605,1.729133444489686,2.356141149244324,0.9104464786569794,0.9262222222222222,3.9774432549879726,0.5666666666666667,4.995642544940418,13.17220201710599,58.75701043192808,0.9262222222222222,3.9774432549879726,0.5666666666666667,FAR (IC del modelo AR)
482,511,496,train,30,False,1.1160057867524256,1.0564117505747583,0.9613601869002583,0.809658299666198,0.9634668092284849,3.4417268738874522,1.841311686799355,1.73783910167552,2.3738947182655488,0.9120182624855269,0.9262222222222222,3.9774432549879726,0.5666666666666667,4.995642544940418,13.172202017105992,58.75701043192808,0.9262222222222222,3.9774432549879726,0.5666666666666667,FAR (IC del modelo AR)
483,512,497,train,30,False,1.1417975303352168,1.0685492643463925,0.9582060944966071,0.8274952888606654,0.9826144755782529,3.4417268738874522,1.8662451923070291,1.7645173666956968,2.3358124995512863,0.9195780750261393,0.9262222222222222,3.9774432549879726,0.5666666666666667,4.995642544940418,13.172202017105992,58.75701043192808,0.9262222222222222,3.9774432549879726,0.5666666666666667,FAR (IC del modelo AR)
484,513,498,train,30,False,1.1457535902493805,1.0703987996300166,0.9578023528743813,0.8313785670009022,0.9865862795531927,3.4417268738874522,1.8791696099781836,1.7746022269867547,2.3449626254154246,0.9216997252745484,0.9262222222222222,3.9774432549879726,0.5666666666666667,4.995642544940418,13.172202017105992,58.75701043192808,0.9262222222222222,3.9774432549879726,0.5666666666666667,FAR (IC del modelo AR)
485,514,499,train,30,False,1.0388806508118897,1.0192549488778015,0.9545689334176628,0.7923295526936173,0.9433135448946202,2.9825182418282163,1.79916000210916,1.6974694513503927,2.346641428992833,0.9254932202519176,0.9373333333333334,3.9774432549879726,0.6,4.763854506928742,11.356378811583669,41.77013557297456,0.9373333333333334,3.9774432549879726,0.6,FAR (IC del modelo AR)
486,515,500,train,30,False,1.0798417310301167,1.039154334557729,0.9694291971106046,0.815073985447883,0.9689536403572416,2.9825182418282163,1.8413023273068811,1.7388750637587196,2.3401722144012767,0.9324444003494774,0.9342222222222222,3.9774432549879726,0.5666666666666667,4.778559987407916,11.639043367659863,41.77013557297456,0.9342222222222222,3.9774432549879726,0.5666666666666667,FAR (IC del modelo AR)
487,516,501,train,30,False,1.0882596576945471,1.04319684513257,0.9571391379520056,0.8230825547566494,0.9740017541611115,2.9825182418282163,1.8301886308930086,1.7296021009444975,2.2942324507759535,0.9336701493161963,0.9342222222222222,3.9774432549879726,0.5666666666666667,4.778559987407916,11.639043367659863,41.77013557297456,0.9342222222222222,3.9774432549879726,0.5666666666666667,FAR (IC del modelo AR)
488,517,502,train,30,False,1.0051995698817426,1.0025964142573733,0.9836808586760288,0.7938206322598667,0.9392170373707386,2.932973247103506,1.769200614389148,1.6686484193612074,2.291172327925705,0.9367847560739782,0.9453333333333334,3.9774432549879726,0.6,4.5837047609882005,10.389449324102658,40.920549096361896,0.9453333333333334,3.9774432549879726,0.6,FAR (IC del modelo AR)
489,518,503,train,30,False,0.9896522940724136,0.9948126929590382,0.9688894083752496,0.7826452799499396,0.9260107201602329,2.932973247103506,1.7477792551456315,1.6473297895591834,2.3030849529456416,0.9308392692556464,0.9453333333333334,3.9774432549879726,0.6,4.5837047609882,10.389449324102658,40.920549096361896,0.9453333333333334,3.9774432549879726,0.6,FAR (IC del modelo AR)
490,519,504,train,30,False,0.9706603058615332,0.9852209426628796,0.9529646386523323,0.7735215410771494,0.9157832469174689,2.932973247103506,1.7302203097060072,1.6302335567082455,2.3143500028554564,0.9295206864383814,0.9471111111111111,3.9774432549879726,0.6333333333333333,4.578645705440409,10.264629779385096,40.920549096361896,0.9471111111111111,3.9774432549879726,0.6333333333333333,FAR (IC del modelo AR)
491,520,505,train,30,False,0.9695271227910077,0.9846456838838058,0.9376779904071736,0.7714691723226496,0.9151199863099908,2.932973247103506,1.7209870938101022,1.6244692609027092,2.307419799959826,0.9293901362573591,0.9471111111111111,3.9774432549879726,0.6333333333333333,4.578645705440409,10.264629779385096,40.920549096361896,0.9471111111111111,3.9774432549879726,0.6333333333333333,FAR (IC del modelo AR)
492,521,506,train,30,False,0.9591297506903553,0.9793516991818391,0.9155132078249882,0.7651397619247393,0.9094381022559003,2.932973247103506,1.7133132836520408,1.6157336182844741,2.318290427208276,0.9286123698112279,0.9493333333333334,3.9774432549879726,0.6666666666666666,4.5706844170085805,10.11803118295001,40.920549096361896,0.9493333333333334,3.9774432549879726,0.6666666666666666,FAR (IC del modelo AR)
493,522,507,train,30,False,1.048535119779377,1.0239800387602178,0.8958709801533251,0.805079260253586,0.9542646007170883,3.010011817551844,1.791727073534058,1.6914282570495947,2.303361943249995,0.931917190370686,0.9404444444444444,3.9774432549879726,0.6333333333333333,4.741134870193211,11.591791093335464,48.49511157782213,0.9404444444444444,3.9774432549879726,0.6333333333333333,FAR (IC del modelo AR)
494,523,508,train,30,False,1.05145297912739,1.0254038127135037,0.8817990039879832,0.8068702534215945,0.9561868576542434,3.010011817551844,1.7845635588612856,1.683627089799334,2.2839846029174784,0.9324978567457313,0.9404444444444444,3.9774432549879726,0.6333333333333333,4.741134870193211,11.591791093335464,48.49511157782213,0.9404444444444444,3.9774432549879726,0.6333333333333333,FAR (IC del modelo AR)
495,524,509,train,30,False,1.0775216000531942,1.0380373789287138,0.902570883425177,0.8162360003921117,0.9675866136139065,3.010011817551844,1.8185292022951074,1.7129336941352602,2.2995672212380494,0.9321308011205582,0.9373333333333334,3.9774432549879726,0.6,4.769922036586242,12.093390905492333,48.49511157782213,0.9373333333333334,3.9774432549879726,0.6,FAR (IC del modelo AR)
496,525,510,train,30,False,1.0869904397940524,1.0425883366861786,0.910550340812738,0.8243826270315312,0.9741599147548043,3.010011817551844,1.8108812043545497,1.7088608015486513,2.245286424033667,0.9343667874236242,0.9373333333333334,3.9774432549879726,0.6,4.769922036586242,12.093390905492333,48.49511157782213,0.9373333333333334,3.9774432549879726,0.6,FAR (IC del modelo AR)
497,526,511,train,30,False,1.0944645728606224,1.0461666085574621,0.906806245090881,0.8294419878565747,0.979623738018213,3.010011817551844,1.8185923408290945,1.716842288614706,2.2391578096126197,0.9363936202943777,0.9373333333333334,3.9774432549879726,0.6,4.769922036586242,12.093390905492333,48.49511157782213,0.9373333333333334,3.9774432549879726,0.6,FAR (IC del modelo AR)
498,527,512,train,30,False,1.0857324324088196,1.0419848522933621,0.911096820543651,0.8226939827720294,0.9740086525618452,3.010011817551844,1.826543421514721,1.7233752397892297,2.2767482473685168,0.9347627755030178,0.9373333333333334,3.9774432549879726,0.6,4.769922036586242,12.093390905492333,48.49511157782213,0.9373333333333334,3.9774432549879726,0.6,FAR (IC del modelo AR)
499,528,513,train,30,False,1.040569262075415,1.0200829682312194,0.8968042195610926,0.8028849597504918,0.9517149657955499,3.010011817551844,1.7751252101105734,1.6756573807088633,2.271098553451306,0.9329779982953577,0.9422222222222222,3.9774432549879726,0.6333333333333333,4.690781375155113,11.177853876770005,48.49511157782213,0.9422222222222222,3.9774432549879726,0.6333333333333333,FAR (IC del modelo AR)
500,529,514,train,30,False,1.0189838951863253,1.0094473216499835,0.8912794740598584,0.7962660633000205,0.9426168335561026,3.010011817551844,1.7488370078747542,1.652076406592763,2.2572664776788867,0.9337949720995411,0.9462222222222222,3.9774432549879726,0.6666666666666666,4.6725415428618735,10.870329240686468,48.49511157782213,0.9462222222222222,3.9774432549879726,0.6666666666666666,FAR (IC del modelo AR)
501,530,515,train,30,False,0.9572565601438435,0.9783948896758627,0.9017755600030247,0.7669228730581454,0.9094989371007668,3.010011817551844,1.69890596411285,1.6014380080078787,2.2688832559126406,0.9295826733131028,0.952,3.9774432549879726,0.7,4.636803496415145,10.463012384780567,48.49511157782213,0.952,3.9774432549879726,0.7,FAR (IC del modelo AR)
502,531,516,train,30,False,0.959323167333404,0.9794504414892078,0.9156765377616148,0.7706772154423251,0.910289469323017,3.010011817551844,1.6920938385105104,1.5962052731688423,2.2566774568778527,0.9293879820391578,0.9542222222222222,3.9774432549879726,0.7,4.621706791448853,10.280331783953939,48.49511157782213,0.9542222222222222,3.9774432549879726,0.7,FAR (IC del modelo AR)
503,532,517,train,30,False,0.9259842667255843,0.9622807629406214,0.9034498804625716,0.7592868773824297,0.8937086556168414,3.010011817551844,1.655041195892882,1.5615770246559124,2.2456660245854043,0.9287400206211841,0.9586666666666667,3.9774432549879726,0.7333333333333333,4.564264182223129,9.537326285023024,48.49511157782213,0.9586666666666667,3.9774432549879726,0.7333333333333333,FAR (IC del modelo AR)
504,533,518,train,30,False,0.890890510004867,0.9438699645633751,0.9373479249741911,0.7462571392358149,0.8765506656896443,3.010011817551844,1.6293354257884651,1.5354101517396306,2.2481243358830065,0.9286773587452039,0.9613333333333334,3.9774432549879726,0.7666666666666667,4.5568083050192145,9.406960839453127,48.49511157782213,0.9613333333333334,3.9774432549879726,0.7666666666666667,FAR (IC del modelo AR)
505,534,519,train,30,False,0.7995165540948055,0.894156895681516,0.8732089902602898,0.7107545215591882,0.836731681356469,3.010011817551844,1.5718891802506407,1.47978590761157,2.2738135795855303,0.9357772505000052,0.9728888888888889,3.9774432549879726,0.8,4.350287693672915,8.18568634511634,48.49511157782213,0.9728888888888889,3.9774432549879726,0.8,FAR (IC del modelo AR)
506,535,520,train,30,False,0.7462866235559281,0.8638788245789615,0.856717123379474,0.6931135642062682,0.8154118380770274,3.010011817551844,1.5416489226492516,1.4492854944701887,2.2817238984356454,0.9438960822710801,0.9786666666666667,3.9774432549879726,0.8,4.241635733746216,7.275952356688424,48.49511157782213,0.9786666666666667,3.9774432549879726,0.8,FAR (IC del modelo AR)
507,536,521,train,30,False,0.7534424480385586,0.868010626685272,0.8826276195205787,0.6981873965419586,0.8197553889623204,3.010011817551844,1.5355379290455677,1.4448523824731856,2.2572082744849222,0.944407088762004,0.9786666666666667,3.9774432549879726,0.8,4.241635733746216,7.275952356688423,48.49511157782213,0.9786666666666667,3.9774432549879726,0.8,FAR (IC del modelo AR)
508,537,522,train,30,False,0.7951655523590929,0.8917205573267294,0.9148680546769008,0.71740219995359,0.8433564468627861,3.010011817551844,1.5823283333211033,1.4937625123837797,2.262046617881608,0.9457631540883917,0.9746666666666667,3.9774432549879726,0.7666666666666667,4.298746635219557,8.025154622654863,48.49511157782213,0.9746666666666667,3.9774432549879726,0.7666666666666667,FAR (IC del modelo AR)
509,538,523,train,30,False,0.9308215167098292,0.964790918650165,0.9487705673238235,0.7633521578508025,0.8949851268726051,3.26940490399289,1.6623572175345693,1.5704360568239522,2.2597453756786803,0.9276467155441048,0.9595555555555556,3.9774432549879726,0.7333333333333333,4.73295701613108,9.582022231215385,50.98834252307412,0.9595555555555556,3.9774432549879726,0.7333333333333333,FAR (IC del modelo AR)
510,539,524,train,30,False,0.9247235007814908,0.9616254472410195,0.9780521969364266,0.7653286162834477,0.8922540316833744,3.26940490399289,1.6383975130665263,1.5485657780157076,2.229102108791544,0.9278602539516011,0.9631111111111111,3.9774432549879726,0.7666666666666667,4.693686617350249,8.982648004207567,50.98834252307412,0.9631111111111111,3.9774432549879726,0.7666666666666667,FAR (IC del modelo AR)
511,540,525,train,30,False,0.9599208501047115,0.9797555052688969,1.019354819595218,0.7823734579778233,0.9095439033963045,3.26940490399289,1.6647413911421516,1.5736647839755453,2.2120041542649456,0.9283376296484065,0.96,3.9774432549879726,0.7333333333333333,4.727043125904988,9.478582544109548,50.98834252307412,0.96,3.9774432549879726,0.7333333333333333,FAR (IC del modelo AR)
512,541,526,train,30,False,0.9641144561461344,0.9818933018134579,1.0354625736165728,0.7855455076523608,0.913457944415479,3.26940490399289,1.6697592605000893,1.5792922947360297,2.2050558215211344,0.9303026537897899,0.96,3.9774432549879726,0.7333333333333333,4.727043125904989,9.478582544109548,50.98834252307412,0.96,3.9774432549879726,0.7333333333333333,FAR (IC del modelo AR)
513,542,527,train,30,False,0.9392256003693693,0.9691365230809172,1.0358902008064164,0.7705015827489368,0.8954302625007292,3.26940490399289,1.642153439458493,1.550082792597428,2.2121432681224804,0.923946462830775,0.96,3.9774432549879726,0.7333333333333333,4.727043125904988,9.478582544109548,50.98834252307412,0.96,3.9774432549879726,0.7333333333333333,FAR (IC del modelo AR)
514,543,528,train,30,False,0.967996126284553,0.9838679414863323,1.0297457944460076,0.7870958502966248,0.9129612848137685,3.26940490399289,1.6614622067299223,1.5693153906850255,2.1900435407723378,0.9279307174442081,0.96,3.9774432549879726,0.7333333333333333,4.727043125904988,9.47858254410955,50.98834252307412,0.96,3.9774432549879726,0.7333333333333333,FAR (IC del modelo AR)
515,544,529,train,30,False,1.0083725791427678,1.0041775635527652,1.0262635334851309,0.8059266082434594,0.9349941447998067,3.26940490399289,1.7088648365628099,1.6145658211385727,2.197120053812165,0.9311043970070506,0.9555555555555556,3.9774432549879726,0.7,4.804961582311301,10.340701480379638,50.98834252307412,0.9555555555555556,3.9774432549879726,0.7,FAR (IC del modelo AR)
516,545,530,train,30,False,0.9773417825034455,0.9886059793989946,1.015438148829091,0.7898018521889999,0.9183870937166155,3.26940490399289,1.6895232121898813,1.5935119406307299,2.2185518321980457,0.9289718177457642,0.9586666666666667,3.9774432549879726,0.7333333333333333,4.790256101832127,10.058036924303444,50.98834252307412,0.9586666666666667,3.9774432549879726,0.7333333333333333,FAR (IC del modelo AR)
517,546,531,train,30,False,0.955902500681966,0.9777026647616166,1.0166758731096968,0.7732523996186629,0.9023689641341807,3.26940490399289,1.6679703563941084,1.574160255954033,2.2508624283963043,0.922948250687438,0.9586666666666667,3.9774432549879726,0.7333333333333333,4.790256101832127,10.058036924303444,50.98834252307412,0.9586666666666667,3.9774432549879726,0.7333333333333333,FAR (IC del modelo AR)
518,547,532,train,30,False,0.9534102998543972,0.9764273141685443,1.0244513597914586,0.770866026230948,0.9004312576077461,3.26940490399289,1.664517702957333,1.5724573705565343,2.2530551855017515,0.9221692639502705,0.9586666666666667,3.9774432549879726,0.7333333333333333,4.790256101832127,10.058036924303444,50.98834252307412,0.9586666666666667,3.9774432549879726,0.7333333333333333,FAR (IC del modelo AR)
519,548,533,train,30,False,0.9552288998550734,0.977358122621935,1.0310548624758553,0.772527514467187,0.9025819414423444,3.26940490399289,1.6681758712085992,1.5765169671642005,2.2511966933975014,0.9234915232719504,0.9586666666666667,3.9774432549879726,0.7333333333333333,4.790256101832127,10.058036924303444,50.98834252307412,0.9586666666666667,3.9774432549879726,0.7333333333333333,FAR (IC del modelo AR)
520,549,534,train,30,False,0.9647450642331737,0.9822143677594896,1.0374887081394963,0.780734000928095,0.9081260182020527,3.26940490399289,1.6693550219819968,1.5785045386761232,2.222900342712695,0.9245700816549465,0.9586666666666667,3.9774432549879726,0.7333333333333333,4.790256101832127,10.058036924303444,50.98834252307412,0.9586666666666667,3.9774432549879726,0.7333333333333333,FAR (IC del modelo AR)
521,550,535,train,30,False,1.0424757660846873,1.0210170253647524,1.0645278649241454,0.8053150190329809,0.9381468054120834,3.26940490399289,1.7254756738247488,1.6327198631721638,2.228770735651005,0.9188356140064716,0.9462222222222222,3.9774432549879726,0.7,5.045646080454527,11.409446716433802,50.98834252307412,0.9462222222222222,3.9774432549879726,0.7,FAR (IC del modelo AR)
522,551,536,train,30,False,1.0356087718852676,1.017648648544903,1.075852062900837,0.801859095053472,0.9336418207000902,3.26940490399289,1.7187659806566298,1.6255382314390456,2.2332895057704234,0.9174500669116684,0.9462222222222222,3.9774432549879726,0.7,5.045646080454527,11.409446716433802,50.98834252307412,0.9462222222222222,3.9774432549879726,0.7,FAR (IC del modelo AR)
523,552,537,train,30,False,0.9749761339351816,0.98740879778093,1.1191345643011525,0.7820174033042556,0.9107948816991378,3.26940490399289,1.6765528323964716,1.585475295468784,2.2317704942440195,0.9224091214763613,0.9551111111111111,3.9774432549879726,0.7333333333333333,4.875195627269898,9.935686806048343,50.98834252307412,0.9551111111111111,3.9774432549879726,0.7333333333333333,FAR (IC del modelo AR)
524,553,538,train,30,False,0.9650097280518133,0.9823490866549494,1.1511281173460735,0.7764993650363726,0.9034392333975136,3.26940490399289,1.661662899689423,1.5739637843022645,2.228504724372292,0.9196722892814652,0.9551111111111111,3.9774432549879726,0.7333333333333333,4.875195627269897,9.935686806048345,50.98834252307412,0.9551111111111111,3.9774432549879726,0.7333333333333333,FAR (IC del modelo AR)
525,554,539,train,30,False,0.9218682803402721,0.9601397191764708,1.1113432781492742,0.756385725323842,0.8815697551839243,3.26940490399289,1.6185453004008734,1.5349071173723092,2.22877506414513,0.9181681973745057,0.9582222222222222,3.9774432549879726,0.7666666666666667,4.846408460876865,9.434086993891475,50.98834252307412,0.9582222222222222,3.9774432549879726,0.7666666666666667,FAR (IC del modelo AR)
526,555,540,train,30,False,0.9417168688066336,0.9704209750446626,1.1044350648618753,0.7659986930126663,0.8917799148002615,3.26940490399289,1.6373260069044682,1.5539726544486117,2.2273248926894835,0.9189619121322252,0.9568888888888889,3.9774432549879726,0.7333333333333333,4.847664917131332,9.469360815809926,50.98834252307412,0.9568888888888889,3.9774432549879726,0.7333333333333333,FAR (IC del modelo AR)
527,556,541,train,30,False,0.9457262147095837,0.9724845575686967,1.1063244169190336,0.7682355728372052,0.8942752955229827,3.26940490399289,1.640859419182917,1.5566686120930522,2.225610819886718,0.9195778879602525,0.9568888888888889,3.9774432549879726,0.7333333333333333,4.847664917131332,9.469360815809926,50.98834252307412,0.9568888888888889,3.9774432549879726,0.7333333333333333,FAR (IC del modelo AR)
528,557,542,train,30,False,0.9440271439895349,0.9716105927734294,1.103070946804759,0.7657229178033838,0.8930156801024924,3.26940490399289,1.6418072665564893,1.557147296484277,2.2434963108869472,0.9191086292641268,0.9568888888888889,3.9774432549879726,0.7333333333333333,4.847664917131332,9.469360815809926,50.98834252307412,0.9568888888888889,3.9774432549879726,0.7333333333333333,FAR (IC del modelo AR)
529,558,543,train,30,False,0.9407346683458101,0.9699147737537613,1.1034150271389347,0.7652795125097475,0.8904431122520156,3.26940490399289,1.633104997938408,1.54806603861118,2.229374813573396,0.9180632529246103,0.9568888888888889,3.9774432549879726,0.7333333333333333,4.847664917131332,9.469360815809926,50.98834252307412,0.9568888888888889,3.9774432549879726,0.7333333333333333,FAR (IC del modelo AR)
530,559,544,train,30,False,0.9231695234088354,0.9608171123626158,1.1263588171118382,0.7546357443373355,0.880728545164703,3.26940490399289,1.631853834906535,1.5432735609237347,2.2534246761192835,0.916645357199168,0.9568888888888889,3.9774432549879726,0.7333333333333333,4.847664917131332,9.469360815809926,50.98834252307412,0.9568888888888889,3.9774432549879726,0.7333333333333333,FAR (IC del modelo AR)
531,560,545,train,30,False,0.9496855637125451,0.9745181187194751,1.140110153741327,0.7679278883872772,0.8993029157024018,3.26940490399289,1.6798828848172078,1.5920961223332948,2.2773925376021165,0.9228180558449681,0.9537777777777777,3.9774432549879726,0.7,4.882342634422617,10.056134317823465,50.98834252307412,0.9537777777777777,3.9774432549879726,0.7,FAR (IC del modelo AR)
532,561,546,train,30,False,0.9078839872935092,0.9528294639092082,1.1308173115792752,0.7463536396103493,0.8785660130138326,3.26940490399289,1.6552609477171178,1.5676614468659407,2.300111684365848,0.9220600813594784,0.956,3.9774432549879726,0.7333333333333333,4.8761752335525275,9.925373637337628,50.98834252307412,0.956,3.9774432549879726,0.7333333333333333,FAR (IC del modelo AR)
533,562,547,train,30,False,0.8973740185088529,0.9472982732533892,1.1400692692991181,0.7378453149124463,0.8702497018210842,3.26940490399289,1.6438284772925715,1.5555129145994862,2.3200000612489555,0.9186649299299465,0.956,3.9774432549879726,0.7333333333333333,4.8761752335525275,9.925373637337628,50.98834252307412,0.956,3.9774432549879726,0.7333333333333333,FAR (IC del modelo AR)
534,563,548,train,30,False,0.8902566379529804,0.9435341212446853,1.1195435751435168,0.7335355988767845,0.8650747076166735,3.26940490399289,1.6384049936230078,1.5470699374791868,2.3276111052789705,0.9168451761717846,0.956,3.9774432549879726,0.7333333333333333,4.8761752335525275,9.925373637337628,50.98834252307412,0.956,3.9774432549879726,0.7333333333333333,FAR (IC del modelo AR)
535,564,549,train,30,False,0.8951137073406461,0.9461044907094809,1.1371185830827535,0.7377223428346331,0.8690571010737058,3.26940490399289,1.641859132022784,1.550112695838637,2.313795204385418,0.9185635514973642,0.956,3.9774432549879726,0.7333333333333333,4.8761752335525275,9.925373637337628,50.98834252307412,0.956,3.9774432549879726,0.7333333333333333,FAR (IC del modelo AR)
536,565,550,train,30,False,0.9224336589504484,0.9604340992230797,1.1369341276828817,0.7475812974802368,0.8813333858867888,3.26940490399289,1.66333732379993,1.5686368703681801,2.3125984986060066,0.9176406654029907,0.9511111111111111,3.9774432549879726,0.7333333333333333,4.93402313685207,10.677014715557466,50.98834252307412,0.9511111111111111,3.9774432549879726,0.7333333333333333,FAR (IC del modelo AR)
537,566,551,train,30,False,0.9021099915099577,0.9497947101926594,1.140754906322761,0.7328971566286339,0.8658619110628989,3.26940490399289,1.6488382188056818,1.5519686085719926,2.3499671640414013,0.9116305889798699,0.9511111111111111,3.9774432549879726,0.7333333333333333,4.93402313685207,10.677014715557466,50.98834252307412,0.9511111111111111,3.9774432549879726,0.7333333333333333,FAR (IC del modelo AR)
538,567,552,train,30,False,0.9085551569007272,0.9531815970216416,1.1043048701158504,0.7364526338283237,0.8683877856988701,3.26940490399289,1.6492645328112683,1.549810372419209,2.3431529420252164,0.9110412836465555,0.952,3.9774432549879726,0.7333333333333333,4.9066138666230374,10.397835130640594,50.98834252307412,0.952,3.9774432549879726,0.7333333333333333,FAR (IC del modelo AR)
539,568,553,train,30,False,0.7878860054012874,0.8876294302248475,1.1213311167875246,0.7001314932804295,0.8274651119940629,3.0343718270383153,1.5900854211756683,1.4922593384602603,2.3496342877899363,0.932219103848839,0.9671111111111111,3.9774432549879726,0.7666666666666667,4.472403485711516,8.840967522080069,44.824608030169195,0.9671111111111111,3.9774432549879726,0.7666666666666667,FAR (IC del modelo AR)
540,569,554,train,30,False,0.8077156760740603,0.8987300351462948,1.0879902788574625,0.7032778040513142,0.8357313839028344,3.0343718270383153,1.6093509715420224,1.5134237224975877,2.362184673684328,0.9299025861161906,0.9595555555555556,3.9774432549879726,0.7333333333333333,4.5761887751352734,9.669289243625592,44.824608030169195,0.9595555555555556,3.9774432549879726,0.7333333333333333,FAR (IC del modelo AR)
541,570,555,train,30,False,0.7849784567515049,0.8859900996915852,0.9909884516593843,0.6955596535040319,0.8256324568738321,3.0343718270383153,1.5872969453286485,1.4930340779070268,2.3559008279306273,0.9318754884069658,0.9626666666666667,3.9774432549879726,0.7666666666666667,4.542832266580534,9.17335470372361,44.824608030169195,0.9626666666666667,3.9774432549879726,0.7666666666666667,FAR (IC del modelo AR)
542,571,556,train,30,False,0.7776541451263927,0.8818470077776489,0.9744150470272788,0.6902035942726351,0.8180025761051035,3.0343718270383153,1.5728921734198602,1.4790212344492688,2.3507886972370513,0.9276014647558422,0.9626666666666667,3.9774432549879726,0.7666666666666667,4.542832266580533,9.173354703723613,44.824608030169195,0.9626666666666667,3.9774432549879726,0.7666666666666667,FAR (IC del modelo AR)
543,572,557,train,30,False,0.8198647755433668,0.9054638455197241,0.9348304895280202,0.7130594980813773,0.8440429163590053,3.0343718270383153,1.6197749547180753,1.5252499049716866,2.347090892972362,0.9321663372153043,0.9595555555555556,3.9774432549879726,0.7333333333333333,4.558301102009731,9.456270223902056,44.824608030169195,0.9595555555555556,3.9774432549879726,0.7333333333333333,FAR (IC del modelo AR)
544,573,558,train,30,False,0.8387082156819311,0.9158101417225795,0.9798389838256399,0.7196006854216223,0.851886627501562,3.0343718270383153,1.6367688515933545,1.543145825784023,2.3515031767238574,0.9302000367665929,0.9564444444444444,3.9774432549879726,0.7,4.578723200792087,9.78165981953169,44.824608030169195,0.9564444444444444,3.9774432549879726,0.7,FAR (IC del modelo AR)
545,574,559,train,30,False,0.8503669604559533,0.9221534365039005,1.00142491370483,0.7213666728561843,0.8563251819993336,3.0343718270383153,1.64763391282244,1.5532422302595437,2.3575854204554285,0.9286146405807074,0.9542222222222222,3.9774432549879726,0.7,4.610525942259858,9.953276541724797,44.824608030169195,0.9542222222222222,3.9774432549879726,0.7,FAR (IC del modelo AR)
546,575,560,train,30,False,0.8411036525573266,0.9171170331846021,1.0000706480631767,0.7139359822191629,0.8480751318713255,3.0343718270383153,1.6284795607046874,1.53543837784593,2.358099484723087,0.9247185486529075,0.9542222222222222,3.9774432549879726,0.7,4.610525942259857,9.953276541724797,44.824608030169195,0.9542222222222222,3.9774432549879726,0.7,FAR (IC del modelo AR)
547,576,561,train,30,False,0.8388181417636812,0.9158701555153335,0.9883652531919104,0.7116121160031308,0.8451019083425299,3.0343718270383153,1.6268612344924955,1.53173237755347,2.378370406386496,0.9227311352524808,0.9542222222222222,3.9774432549879726,0.7,4.610525942259857,9.953276541724795,44.824608030169195,0.9542222222222222,3.9774432549879726,0.7,FAR (IC del modelo AR)
548,577,562,train,30,False,0.8478459690740926,0.9207855174111356,0.9798949515799714,0.7175207935148045,0.851464440144653,3.0343718270383153,1.647434022884118,1.5475861671268374,2.3908601546505053,0.9247152828148465,0.9542222222222222,3.9774432549879726,0.7,4.610525942259857,9.953276541724797,44.824608030169195,0.9542222222222222,3.9774432549879726,0.7,FAR (IC del modelo AR)
549,578,563,train,30,False,0.8518715547314027,0.9229688806950117,0.9750977644684338,0.7206442246885368,0.8553817808604317,3.0343718270383153,1.6578105205330895,1.5586700723705926,2.3960366150450834,0.9267720708159892,0.9542222222222222,3.9774432549879726,0.7,4.610525942259858,9.953276541724797,44.824608030169195,0.9542222222222222,3.9774432549879726,0.7,FAR (IC del modelo AR)
550,579,564,train,30,False,0.8800759532760442,0.9381236343233467,0.9691651180130627,0.734538290815021,0.8678750074540797,3.0343718270383153,1.665846466393216,1.5665401174424765,2.3786951919646357,0.925117943628042,0.9542222222222222,3.9774432549879726,0.7,4.610525942259858,9.953276541724799,44.824608030169195,0.9542222222222222,3.9774432549879726,0.7,FAR (IC del modelo AR)
551,580,565,train,30,False,0.845446114953928,0.9194814380692674,0.9982500280219013,0.7254703569153923,0.8569204097838842,2.7894693696759365,1.6538111850671615,1.5529385651831473,2.384860590485864,0.93196053156141,0.9604444444444444,3.9774432549879726,0.7,4.42891940745442,9.439841160023883,35.29438402015419,0.9604444444444444,3.9774432549879726,0.7,FAR (IC del modelo AR)
552,581,566,train,30,False,0.8726980861938927,0.9341831117044949,1.0053284074260656,0.7408977475880161,0.8717735937627292,2.7894693696759365,1.6752019028223115,1.574168857830323,2.3633865736032984,0.9331934851317379,0.9582222222222222,3.9774432549879726,0.6666666666666666,4.4381092863956315,9.626834470601276,35.29438402015419,0.9582222222222222,3.9774432549879726,0.6666666666666666,FAR (IC del modelo AR)
553,582,567,train,30,False,0.853219820861599,0.9236989882324214,0.9819322727445292,0.7286646500608023,0.8596314840580146,2.7894693696759365,1.6608447927934191,1.5581359639918457,2.3840707365702527,0.9306402789322034,0.9582222222222222,3.9774432549879726,0.6666666666666666,4.438109286395632,9.626834470601278,35.29438402015419,0.9582222222222222,3.9774432549879726,0.6666666666666666,FAR (IC del modelo AR)
554,583,568,train,30,False,0.8578560507187711,0.9262051882378823,0.9783263047275188,0.7317919757448303,0.8633526773138434,2.7894693696759365,1.67187383210504,1.568708041516593,2.390658939252009,0.9321397550756364,0.9582222222222222,3.9774432549879726,0.6666666666666666,4.4381092863956315,9.62683447060128,35.29438402015419,0.9582222222222222,3.9774432549879726,0.6666666666666666,FAR (IC del modelo AR)
555,584,569,train,30,False,0.8600499584202089,0.927388784933379,0.9813938253227671,0.7332748532083484,0.8649601497434858,2.7894693696759365,1.6795392443395833,1.5748534498727897,2.3979907259170896,0.932683426623088,0.9582222222222222,3.9774432549879726,0.6666666666666666,4.438109286395632,9.62683447060128,35.29438402015419,0.9582222222222222,3.9774432549879726,0.6666666666666666,FAR (IC del modelo AR)
556,585,570,train,30,False,0.8221143978094976,0.9067052430693767,0.9644146251491557,0.7103127652625909,0.8393762910428866,2.7894693696759365,1.636085309554449,1.531762892210213,2.410754410296474,0.9257432858791372,0.9595555555555556,3.9774432549879726,0.7,4.436852830141166,9.591560648682831,35.29438402015419,0.9595555555555556,3.9774432549879726,0.7,FAR (IC del modelo AR)
557,586,571,train,30,False,0.8467980951568211,0.9202163306292825,0.9612906112886245,0.7219787558474772,0.8514531981759003,2.7894693696759365,1.6606858505073445,1.5513610700627065,2.411065085036997,0.9252750357012691,0.9577777777777777,3.9774432549879726,0.6666666666666666,4.4413335084469265,9.728938867812312,35.29438402015419,0.9577777777777777,3.9774432549879726,0.6666666666666666,FAR (IC del modelo AR)
558,587,572,train,30,False,0.9125830093402221,0.9552921068135244,0.9728421889160499,0.7442115560169614,0.8812768030775356,2.9588763181491977,1.7015341654143332,1.5937488264038815,2.3771000067433414,0.9225207628032494,0.9484444444444444,3.9774432549879726,0.6333333333333333,4.66137743044582,11.039316339643118,43.59363842118269,0.9484444444444444,3.9774432549879726,0.6333333333333333,FAR (IC del modelo AR)
559,588,573,train,30,False,0.9380313766894989,0.9685201994225515,0.9771666843709166,0.7571163969640008,0.8965885529100157,2.9588763181491977,1.7262355580722228,1.6181374970244167,2.3780802178124323,0.9257303600323228,0.9484444444444444,3.9774432549879726,0.6333333333333333,4.661377430445821,11.039316339643118,43.59363842118269,0.9484444444444444,3.9774432549879726,0.6333333333333333,FAR (IC del modelo AR)
560,589,574,train,30,False,0.9463175580643525,0.9727885474574381,0.9784631506018606,0.7597026094435148,0.9015625300271706,2.9588763181491977,1.740216342853071,1.6309540304160874,2.389391721166676,0.9267816036522738,0.9466666666666667,3.9774432549879726,0.6,4.666805415809879,11.181522575290947,43.59363842118269,0.9466666666666667,3.9774432549879726,0.6,FAR (IC del modelo AR)
561,590,575,train,30,False,0.9359393039488068,0.967439560876444,0.9806533408729439,0.7572404442277804,0.8958383890576553,2.9588763181491977,1.7194827521953089,1.607682725032363,2.370286750506969,0.9259889974378118,0.9497777777777778,3.9774432549879726,0.6333333333333333,4.632127698518594,10.594749073277406,43.59363842118269,0.9497777777777778,3.9774432549879726,0.6333333333333333,FAR (IC del modelo AR)
562,591,576,train,30,False,1.034008746114212,1.0168622060604928,0.9873465027905085,0.7939604314502579,0.9343234095560103,2.9823578236077832,1.7744605677969496,1.66251946807994,2.3501254464973362,0.918829910274419,0.9368888888888889,3.9774432549879726,0.6,4.877802612603688,11.871207977400912,43.59363842118269,0.9368888888888889,3.9774432549879726,0.6,FAR (IC del modelo AR)
563,592,577,train,30,False,1.0545878064682674,1.0269312569341082,1.0083081668473408,0.8058098700005367,0.9485913662441396,2.9823578236077832,1.8016655185133645,1.689230159292107,2.3409589581749968,0.9237145717778116,0.9368888888888889,3.9774432549879726,0.6,4.877802612603687,11.871207977400916,43.59363842118269,0.9368888888888889,3.9774432549879726,0.6,FAR (IC del modelo AR)
564,593,578,train,30,False,1.0635663044283745,1.0312935103201097,1.0221714783243667,0.810554206668528,0.9549546322833425,2.9823578236077832,1.8112622450667397,1.6992566220850478,2.3382620190575016,0.9259775444402129,0.9368888888888889,3.9774432549879726,0.6,4.877802612603688,11.871207977400916,43.59363842118269,0.9368888888888889,3.9774432549879726,0.6,FAR (IC del modelo AR)
565,594,579,train,30,False,1.2106414773426253,1.10029154197541,1.0347624073182464,0.8562402711297707,1.00612507973197,3.361472386899748,1.8795376568646627,1.767442911215476,2.31938278811454,0.9144168080449132,0.9195555555555556,3.9774432549879726,0.5666666666666667,5.491224381088587,13.992828617248419,67.93093346168357,0.9195555555555556,3.9774432549879726,0.5666666666666667,FAR (IC del modelo AR)
566,595,580,train,30,False,1.215424564413429,1.102462953760093,1.0143693745856526,0.8606459729861528,1.0079314465817248,3.361472386899748,1.8668830656015991,1.758125371204929,2.300970869821939,0.9142542551149169,0.9217777777777778,3.9774432549879726,0.5666666666666667,5.445542592543572,13.400949962595433,67.93093346168357,0.9217777777777778,3.9774432549879726,0.5666666666666667,FAR (IC del modelo AR)
567,596,581,train,30,False,1.230441788245262,1.109252806282347,1.0108243976414735,0.8721990596645572,1.0202503057888104,3.361472386899748,1.8772904672516868,1.7718057307728847,2.26616434044693,0.9197635561618925,0.9217777777777778,3.9774432549879726,0.5666666666666667,5.445542592543571,13.400949962595433,67.93093346168357,0.9217777777777778,3.9774432549879726,0.5666666666666667,FAR (IC del modelo AR)
568,597,582,train,30,False,1.1947638545158294,1.0930525396868302,1.0075523793172172,0.854990544015057,1.0034476767513167,3.361472386899748,1.8605716412664202,1.7543308973556897,2.297327194431846,0.9180232791360733,0.9248888888888889,3.9774432549879726,0.6,5.415840961299262,12.930927281545866,67.93093346168357,0.9248888888888889,3.9774432549879726,0.6,FAR (IC del modelo AR)
569,598,583,train,30,False,1.175200379753277,1.0840665937816167,1.0155133122923101,0.8401702952190101,0.9878270379154608,3.361472386899748,1.836851175488096,1.730647843356547,2.314084678068217,0.9112235757303087,0.9248888888888889,3.9774432549879726,0.6,5.415840961299262,12.930927281545866,67.93093346168357,0.9248888888888889,3.9774432549879726,0.6,FAR (IC del modelo AR)
570,599,584,train,30,False,1.123620141811931,1.0600095008121064,1.0201150624767814,0.8171325292662768,0.9587701462464088,3.361472386899748,1.7909422148937402,1.6839514482687339,2.3320128746178903,0.9044920309788402,0.9324444444444444,3.9774432549879726,0.6333333333333333,5.312055671875504,12.102605560000342,67.93093346168357,0.9324444444444444,3.9774432549879726,0.6333333333333333,FAR (IC del modelo AR)
571,600,585,train,30,False,1.1343441307896462,1.0650559284796486,1.0468584842913433,0.8182965321481505,0.9638730003784047,3.361472386899748,1.7993462115742949,1.6928646764555848,2.3387375741680425,0.904997544827828,0.9311111111111111,3.9774432549879726,0.6,5.315237268491185,12.174883519924814,67.93093346168357,0.9311111111111111,3.9774432549879726,0.6,FAR (IC del modelo AR)
572,601,586,train,30,False,1.1408080061677681,1.06808614173566,1.0569186052865367,0.8233368740561908,0.9707653999618701,3.361472386899748,1.8211290468796497,1.711542113859422,2.361621439907134,0.9088830591738211,0.9311111111111111,3.9774432549879726,0.6,5.315237268491185,12.174883519924814,67.93093346168357,0.9311111111111111,3.9774432549879726,0.6,FAR (IC del modelo AR)
573,602,587,train,30,False,1.1292192850012277,1.0626473003782713,1.1199649438672372,0.8155262832216877,0.9656091103414917,3.361472386899748,1.8205567441455837,1.7089938983838229,2.3809942840259732,0.9086825986362203,0.932,3.9774432549879726,0.6,5.310630136909234,12.142042710445756,67.93093346168357,0.932,3.9774432549879726,0.6,FAR (IC del modelo AR)
574,603,588,train,30,False,1.0925620183320721,1.0452569149888806,1.083289127105463,0.7984761139556823,0.9483064824656091,3.361472386899748,1.8014020414614025,1.6886984686035769,2.4018885060905952,0.9072472698979438,0.9351111111111111,3.9774432549879726,0.6333333333333333,5.290208038126877,11.816653114816122,67.93093346168357,0.9351111111111111,3.9774432549879726,0.6333333333333333,FAR (IC del modelo AR)
575,604,589,train,30,False,1.0531700711098242,1.026240747149432,1.0617511915002915,0.7849753288523031,0.9306410873406139,3.361472386899748,1.7702061513453329,1.6568538841476377,2.40581057035126,0.9068448021827595,0.9417777777777778,3.9774432549879726,0.6666666666666666,5.180486840252794,10.78291745635293,67.93093346168357,0.9417777777777778,3.9774432549879726,0.6666666666666666,FAR (IC del modelo AR)
576,605,590,train,30,False,1.1173180171609784,1.0570326471594804,1.0715491768285665,0.8179332450450719,0.9645405387673998,3.361472386899748,1.81060407063872,1.6993966633808626,2.371512874446919,0.9124983427516351,0.9368888888888889,3.9774432549879726,0.6333333333333333,5.212517943473662,11.137556340873175,67.93093346168357,0.9368888888888889,3.9774432549879726,0.6333333333333333,FAR (IC del modelo AR)
577,606,591,train,30,False,1.1358270778225834,1.0657518837996878,1.0639587512434239,0.8317411318705616,0.9805143236862041,3.361472386899748,1.8285364281305259,1.7204061395586516,2.325748798873062,0.9200211968571997,0.9368888888888889,3.9774432549879726,0.6333333333333333,5.212517943473663,11.137556340873175,67.93093346168357,0.9368888888888889,3.9774432549879726,0.6333333333333333,FAR (IC del modelo AR)
578,607,592,train,30,False,1.1414841167341157,1.0684026004901503,1.0591445970297768,0.8333082193284551,0.9838243134059844,3.361472386899748,1.827352297151591,1.7223273173256035,2.3192175137565414,0.9208366892355335,0.9368888888888889,3.9774432549879726,0.6333333333333333,5.212517943473662,11.137556340873175,67.93093346168357,0.9368888888888889,3.9774432549879726,0.6333333333333333,FAR (IC del modelo AR)
579,608,593,train,30,False,1.137682249386092,1.0666218867931092,1.06287097589066,0.8317570605986884,0.9801508265899213,3.361472386899748,1.8129779290196744,1.7073047545616553,2.2947156631234638,0.9189299776482455,0.9368888888888889,3.9774432549879726,0.6333333333333333,5.212517943473663,11.137556340873177,67.93093346168357,0.9368888888888889,3.9774432549879726,0.6333333333333333,FAR (IC del modelo AR)
580,609,594,train,30,False,1.0853498236712391,1.0418012400027363,1.0909491324112575,0.8022586180520775,0.9497097966689692,3.361472386899748,1.7701115056974865,1.6664034739934697,2.3071739366516018,0.9116036343616509,0.9368888888888889,3.9774432549879726,0.6333333333333333,5.212517943473662,11.137556340873177,67.93093346168357,0.9368888888888889,3.9774432549879726,0.6333333333333333,FAR (IC del modelo AR)
581,610,595,train,30,False,1.0955091056540847,1.0466657086453557,1.064268434902555,0.8048643491012129,0.9531696050248277,3.361472386899748,1.7830010390213151,1.6769639279957245,2.3127336477297296,0.9106724307023156,0.9346666666666666,3.9774432549879726,0.6333333333333333,5.303278867378678,11.685161802485014,67.93093346168357,0.9346666666666666,3.9774432549879726,0.6333333333333333,FAR (IC del modelo AR)
582,611,596,train,30,False,1.0645574375809315,1.0317739275543512,1.0410221849715637,0.7891300229263664,0.9354793348383007,3.361472386899748,1.7522978048318878,1.6454264765296638,2.3185348296356736,0.9066708412139268,0.9368888888888889,3.9774432549879726,0.6666666666666666,5.294088988437466,11.498168491907618,67.93093346168357,0.9368888888888889,3.9774432549879726,0.6666666666666666,FAR (IC del modelo AR)
583,612,597,train,30,False,1.119927173229178,1.0582661164514235,1.0367687173063014,0.8146940018324005,0.9624869157433521,3.361472386899748,1.7871361878420566,1.6810047359172935,2.2927991787651507,0.9094942196304667,0.9324444444444444,3.9774432549879726,0.6333333333333333,5.316635104391616,11.8393583810414,67.93093346168357,0.9324444444444444,3.9774432549879726,0.6333333333333333,FAR (IC del modelo AR)
584,613,598,train,30,False,1.1173052093933136,1.0570265887825687,1.0397396084767867,0.8125054235400623,0.960465171690731,3.361472386899748,1.783881828158683,1.6757702946468174,2.2972115339406214,0.9086480717547016,0.9324444444444444,3.9774432549879726,0.6333333333333333,5.316635104391616,11.8393583810414,67.93093346168357,0.9324444444444444,3.9774432549879726,0.6333333333333333,FAR (IC del modelo AR)
585,614,599,train,30,False,1.1569170956048582,1.0756008068074596,1.0121505335086662,0.8285605515196758,0.9802161044769947,3.361472386899748,1.8217017020813768,1.711004661355752,2.296862258885777,0.9113196069333747,0.9293333333333333,3.9774432549879726,0.6,5.3583254107995755,12.481081985249004,67.93093346168357,0.9293333333333333,3.9774432549879726,0.6,FAR (IC del modelo AR)
586,615,600,train,30,False,1.217566899374824,1.1034341391196958,1.0431379307350084,0.8592776206078031,1.0148112388485369,3.361472386899748,1.886058800774938,1.7734407822976042,2.288135076979943,0.9196844676730221,0.9248888888888889,3.9774432549879726,0.5666666666666667,5.427907636570926,13.275930739600922,67.93093346168357,0.9248888888888889,3.9774432549879726,0.5666666666666667,FAR (IC del modelo AR)
587,616,601,train,30,False,1.2105561748575866,1.1002527777095528,1.0699909337768976,0.8562532972769044,1.0117832990454472,3.361472386899748,1.8808192974580413,1.773139476468374,2.289237477623346,0.9195916788792148,0.9257777777777778,3.9774432549879726,0.5666666666666667,5.424254288743007,13.164903817132648,67.93093346168357,0.9257777777777778,3.9774432549879726,0.5666666666666667,FAR (IC del modelo AR)
588,617,602,train,30,False,1.140574451127629,1.067976802710447,1.0576458740555117,0.8321671215476613,0.9784819428286518,3.361472386899748,1.826196023976516,1.7171845054631325,2.3065316729988057,0.9162014945880249,0.9351111111111111,3.9774432549879726,0.6,5.204210366744112,11.854526345301842,67.93093346168357,0.9351111111111111,3.9774432549879726,0.6,FAR (IC del modelo AR)
589,618,603,train,30,False,1.1252887475513398,1.0607962799479171,1.0712404318955902,0.8248626817673311,0.9703385407476055,3.361472386899748,1.8121120922963427,1.7029067050135167,2.305964015117339,0.9147265682297143,0.9351111111111111,3.9774432549879726,0.6,5.204210366744112,11.854526345301842,67.93093346168357,0.9351111111111111,3.9774432549879726,0.6,FAR (IC del modelo AR)
590,619,604,train,30,False,1.1915580664472831,1.091585116446392,1.0490073979155967,0.8463755614615405,0.9959806883346959,3.361472386899748,1.8561279116282892,1.747318664316651,2.2969115699917553,0.912416881953345,0.9262222222222222,3.9774432549879726,0.6,5.435941762964973,13.198623054308477,67.93093346168357,0.9262222222222222,3.9774432549879726,0.6,FAR (IC del modelo AR)
591,620,605,train,30,False,1.1888186220256116,1.0903295932999395,1.0216912530501896,0.8459853185492234,0.9942573815711597,3.361472386899748,1.843710876277733,1.7377222150331055,2.280412987400674,0.9118869997483859,0.9262222222222222,3.9774432549879726,0.6,5.4359417629649744,13.198623054308479,67.93093346168357,0.9262222222222222,3.9774432549879726,0.6,FAR (IC del modelo AR)
592,621,606,train,30,False,1.0835612930264409,1.0409425022672678,1.0134864593203703,0.8032064942768553,0.9498633540137188,3.361472386899748,1.7871851702158483,1.6811445826588776,2.3355829301356095,0.9125031900847834,0.9391111111111111,3.9774432549879726,0.6333333333333333,5.190266848879879,11.92216415018497,67.93093346168357,0.9391111111111111,3.9774432549879726,0.6333333333333333,FAR (IC del modelo AR)
593,622,607,train,30,False,1.07293406628152,1.0358253068358196,0.9837062673769437,0.7998083975417258,0.943540143572657,3.361472386899748,1.767061727472247,1.661694096044508,2.318434107452156,0.9109066339139077,0.9391111111111111,3.9774432549879726,0.6333333333333333,5.190266848879879,11.92216415018497,67.93093346168357,0.9391111111111111,3.9774432549879726,0.6333333333333333,FAR (IC del modelo AR)
594,623,608,train,30,False,1.0861564096541734,1.0421882793690271,0.9732138697934847,0.8089586120539742,0.950805746275055,3.361472386899748,1.7741410884202895,1.6686627943680128,2.303295418163334,0.9123166754961992,0.9391111111111111,3.9774432549879726,0.6333333333333333,5.190266848879878,11.922164150184972,67.93093346168357,0.9391111111111111,3.9774432549879726,0.6333333333333333,FAR (IC del modelo AR)
595,624,609,train,30,False,0.972791637534489,0.9863020011814277,0.932230608220924,0.7763117864217903,0.917588338890794,3.1923874465987794,1.7531754364225556,1.6447778858186008,2.3402017941621436,0.9303320258822084,0.9524444444444444,3.9774432549879726,0.6333333333333333,4.645920718462114,10.670940243001658,48.87140260589236,0.9524444444444444,3.9774432549879726,0.6333333333333333,FAR (IC del modelo AR)
596,625,610,train,30,False,0.9192249652545323,0.9587622047486709,0.9446675291475,0.748568385898403,0.8881286769652361,3.1923874465987794,1.713355491019938,1.6048712595540944,2.360228436500512,0.9263284186281096,0.9555555555555556,3.9774432549879726,0.6666666666666666,4.633409005339726,10.505698915117017,48.87140260589236,0.9555555555555556,3.9774432549879726,0.6666666666666666,FAR (IC del modelo AR)
597,626,611,train,30,False,0.9173719542745313,0.9577953613765997,0.9584332166348595,0.745024115746612,0.886935348874345,3.1923874465987794,1.7267998786933192,1.6147084262237394,2.3947753998171772,0.9260175864702345,0.9555555555555556,3.9774432549879726,0.6666666666666666,4.633409005339726,10.505698915117017,48.87140260589236,0.9555555555555556,3.9774432549879726,0.6666666666666666,FAR (IC del modelo AR)
598,627,612,train,30,False,0.9305814055936532,0.9646664737584971,0.9598690941918413,0.7539893798741775,0.8941331397441341,3.1923874465987794,1.7238170272315128,1.6149271469785444,2.3610824334876033,0.9268831913069875,0.9555555555555556,3.9774432549879726,0.6666666666666666,4.633409005339725,10.505698915117017,48.87140260589236,0.9555555555555556,3.9774432549879726,0.6666666666666666,FAR (IC del modelo AR)
599,628,613,train,30,False,0.9466679287170019,0.9729686165118595,0.9694834575076084,0.7651405833158396,0.9076568590341171,3.1923874465987794,1.7488713016345407,1.6383098049841405,2.3573939035307547,0.9328737264806255,0.9555555555555556,3.9774432549879726,0.6666666666666666,4.633409005339725,10.505698915117016,48.87140260589236,0.9555555555555556,3.9774432549879726,0.6666666666666666,FAR (IC del modelo AR)
600,629,614,train,30,False,0.9614869924878884,0.9805544311703907,0.9828206100187981,0.772947251749334,0.9194452367074799,3.1923874465987794,1.7699102118872874,1.6590712166700254,2.3558189032238546,0.9376789370173252,0.9555555555555556,3.9774432549879726,0.6666666666666666,4.633409005339726,10.505698915117017,48.87140260589236,0.9555555555555556,3.9774432549879726,0.6666666666666666,FAR (IC del modelo AR)
601,630,615,train,30,False,0.956475903634572,0.9779958607451118,0.9808749290262866,0.7739870246421398,0.9171527533377068,3.1923874465987794,1.77182896329962,1.6596352583046499,2.3554748816394215,0.9377879704306213,0.956,3.9774432549879726,0.6666666666666666,4.630422232728742,10.433420955192547,48.87140260589236,0.956,3.9774432549879726,0.6666666666666666,FAR (IC del modelo AR)
602,631,616,train,30,False,1.0214440655972947,1.0106651599799483,0.9752013905464503,0.8006954321996923,0.9483704812229535,3.1923874465987794,1.8211567329881706,1.7079940655710812,2.332497433784881,0.938362692983074,0.9466666666666667,3.9774432549879726,0.6333333333333333,4.791725862089766,11.775752597595922,48.87140260589236,0.9466666666666667,3.9774432549879726,0.6333333333333333,FAR (IC del modelo AR)
603,632,617,train,30,False,1.0504330813843177,1.0249063768873319,0.9788604281268369,0.814296793760711,0.9602121411325414,3.1923874465987794,1.8264813717793824,1.7165766876042476,2.3070474450028167,0.9368779068862186,0.9426666666666667,3.9774432549879726,0.6333333333333333,4.81991584749548,11.91782970035146,48.87140260589236,0.9426666666666667,3.9774432549879726,0.6333333333333333,FAR (IC del modelo AR)
604,633,618,train,30,False,1.0492563798534527,1.0243321628521935,0.9836270832109938,0.8143793334170462,0.9594660396989709,3.1923874465987794,1.8190681163791054,1.7088479703454813,2.2956094843370005,0.9366747179229378,0.9426666666666667,3.9774432549879726,0.6333333333333333,4.81991584749548,11.917829700351461,48.87140260589236,0.9426666666666667,3.9774432549879726,0.6333333333333333,FAR (IC del modelo AR)
605,634,619,train,30,False,1.0398717000823916,1.0197409965684383,0.997212457731978,0.8087363989642025,0.9532673164927288,3.1923874465987794,1.806225041852313,1.6981397181241047,2.2993757740995706,0.9348131728552623,0.9426666666666667,3.9774432549879726,0.6333333333333333,4.81991584749548,11.91782970035146,48.87140260589236,0.9426666666666667,3.9774432549879726,0.6333333333333333,FAR (IC del modelo AR)
606,635,620,train,30,False,1.0004195936728373,1.0002097748336782,1.0105774807124057,0.7907148582670188,0.9369665512547383,3.1923874465987794,1.7918505935289997,1.6831626359652794,2.3172658423985952,0.936770040475303,0.9475555555555556,3.9774432549879726,0.6666666666666666,4.787884744274611,11.563190815831215,48.87140260589236,0.9475555555555556,3.9774432549879726,0.6666666666666666,FAR (IC del modelo AR)
607,636,621,train,30,False,0.9899305203645521,0.9949525216634973,1.025839346471089,0.7844150154923515,0.9295571651512297,3.1923874465987794,1.7953439764232872,1.6796096324493697,2.352731268227956,0.9342728873103102,0.9475555555555556,3.9774432549879726,0.6666666666666666,4.787884744274611,11.563190815831215,48.87140260589236,0.9475555555555556,3.9774432549879726,0.6666666666666666,FAR (IC del modelo AR)
608,637,622,train,30,False,0.9648889121674106,0.9822875913740388,1.0376572121179644,0.7666793369880428,0.9080011676828371,3.1923874465987794,1.758296766170023,1.6430836602518635,2.3596978071275716,0.9243740587343787,0.9475555555555556,3.9774432549879726,0.6666666666666666,4.787884744274611,11.563190815831216,48.87140260589236,0.9475555555555556,3.9774432549879726,0.6666666666666666,FAR (IC del modelo AR)
609,638,623,train,30,False,0.9642692497166574,0.9819721226779594,1.047539565702578,0.7655155793678229,0.9073158394185246,3.1923874465987794,1.7560313488313413,1.6427500377923796,2.359792604651341,0.9239731133549516,0.9475555555555556,3.9774432549879726,0.6666666666666666,4.787884744274611,11.563190815831216,48.87140260589236,0.9475555555555556,3.9774432549879726,0.6666666666666666,FAR (IC del modelo AR)
610,639,624,train,30,False,0.9664487157965038,0.9830812356039067,1.0628095037887197,0.7676711531025997,0.9097919600447693,3.1923874465987794,1.7632897669034548,1.6483304841372386,2.3669959803484897,0.9254494207550246,0.9475555555555556,3.9774432549879726,0.6666666666666666,4.787884744274611,11.563190815831216,48.87140260589236,0.9475555555555556,3.9774432549879726,0.6666666666666666,FAR (IC del modelo AR)
611,640,625,train,30,False,0.9099653860625084,0.9539210586115123,1.0811267316714666,0.7489283573887072,0.8852876457630708,3.1923874465987794,1.7090348166349112,1.5984406320637585,2.355204579248286,0.928051265637912,0.956,3.9774432549879726,0.7,4.623340376552633,10.177610943789935,48.87140260589236,0.956,3.9774432549879726,0.7,FAR (IC del modelo AR)
612,641,626,train,30,False,0.9629363350026431,0.9812931952289504,1.0825746664100655,0.7737664304360854,0.9116456179710019,3.1923874465987794,1.739109360012214,1.6313909571839156,2.3336755065976558,0.9290247016930564,0.9537777777777777,3.9774432549879726,0.6666666666666666,4.626446847776191,10.279448929265547,48.87140260589236,0.9537777777777777,3.9774432549879726,0.6666666666666666,FAR (IC del modelo AR)
613,642,627,train,30,False,0.9542377846541481,0.9768509531418538,1.053791220491604,0.7688664083207859,0.9085008510214291,3.1923874465987794,1.7481095168821672,1.639238638237951,2.349896901050718,0.9300301628405135,0.9542222222222222,3.9774432549879726,0.6666666666666666,4.6625025278656596,10.639043044411741,48.87140260589236,0.9542222222222222,3.9774432549879726,0.6666666666666666,FAR (IC del modelo AR)
614,643,628,train,30,False,0.9698575154146888,0.9848134419344046,1.061692951036467,0.7783870134279486,0.9186407274129833,3.1923874465987794,1.7642501785441238,1.6564045918078236,2.338511013747446,0.9328068528477409,0.9542222222222222,3.9774432549879726,0.6666666666666666,4.6625025278656596,10.639043044411741,48.87140260589236,0.9542222222222222,3.9774432549879726,0.6666666666666666,FAR (IC del modelo AR)
615,644,629,train,30,False,0.9326166282578416,0.965720781726189,1.059763543658745,0.7622071162589539,0.9005118725759326,3.1923874465987794,1.7274171547450345,1.6230482588298483,2.340982080961566,0.9324764358558195,0.9573333333333334,3.9774432549879726,0.7,4.620812221457701,9.997319440204134,48.87140260589236,0.9573333333333334,3.9774432549879726,0.7,FAR (IC del modelo AR)
616,645,630,train,30,False,1.1511027901091002,1.0728945848074265,1.1219289208284455,0.8085030600023829,0.9511893290050928,4.582878058885928,1.7913638810002912,1.687007599207061,2.3268094354950195,0.8865636405237532,0.9395555555555556,3.9774432549879726,0.7,5.756363010756028,12.623618262565559,106.91674156765872,0.9395555555555556,3.9774432549879726,0.7,FAR (IC del modelo AR)
617,646,631,train,30,False,1.2344542849700715,1.1110599826157324,1.1499758760660497,0.8282844550833184,0.9785575816309636,4.582878058885928,1.8407856794040098,1.7328947135361146,2.331534651835054,0.8807423513959861,0.9275555555555556,3.9774432549879726,0.7,6.141180624760144,14.544423635844673,106.91674156765872,0.9275555555555556,3.9774432549879726,0.7,FAR (IC del modelo AR)
618,647,632,train,30,False,1.2873427296279434,1.1346112680684708,1.1705014316577942,0.8546596567705154,1.0060154912277317,4.582878058885928,1.876907279000639,1.7727058828140718,2.2942134431758623,0.8866609380147821,0.9235555555555556,3.9774432549879726,0.6666666666666666,6.178754866147947,15.009483362527432,106.91674156765872,0.9235555555555556,3.9774432549879726,0.6666666666666666,FAR (IC del modelo AR)
619,648,633,train,30,False,1.3385342807732479,1.156950422781049,1.1286001345840757,0.8705887224483484,1.028269088898525,4.582878058885928,1.927263788411563,1.8208376997804865,2.3116761546365274,0.8887754121968313,0.9146666666666666,3.9774432549879726,0.6333333333333333,6.3542324590188235,16.36549544030003,106.91674156765872,0.9146666666666666,3.9774432549879726,0.6333333333333333,FAR (IC del modelo AR)
620,649,634,train,30,False,1.2596444976744328,1.1223388515392456,1.07425218188865,0.8442161796344255,0.9946123635388637,4.582878058885928,1.8635350252452934,1.760073156935829,2.308449281404192,0.886196144929662,0.9253333333333333,3.9774432549879726,0.6666666666666666,6.117073077433905,14.879192495645567,106.91674156765872,0.9253333333333333,3.9774432549879726,0.6666666666666666,FAR (IC del modelo AR)
621,650,635,train,30,False,1.2501166835279303,1.1180861699922462,1.0549816860366323,0.836238756186371,0.9874034903294195,4.582878058885928,1.8569070662947806,1.7524911176575242,2.326263422826315,0.8831193130098971,0.9253333333333333,3.9774432549879726,0.6666666666666666,6.117073077433905,14.87919249564557,106.91674156765872,0.9253333333333333,3.9774432549879726,0.6666666666666666,FAR (IC del modelo AR)
622,651,636,train,30,False,1.2518638342913806,1.1188672103030728,1.0385226262794596,0.8388828840498377,0.9890102695728202,4.582878058885928,1.8596987083462657,1.7518931118972207,2.312205658853854,0.8839389164911913,0.9253333333333333,3.9774432549879726,0.6666666666666666,6.117073077433906,14.879192495645572,106.91674156765872,0.9253333333333333,3.9774432549879726,0.6666666666666666,FAR (IC del modelo AR)
623,652,637,train,30,False,1.2611071141310526,1.1229902555815223,1.0324630654544504,0.8435348206310815,0.994584549606823,4.582878058885928,1.8697653655326647,1.7623307183765955,2.312618458400292,0.8856573284260543,0.9253333333333333,3.9774432549879726,0.6666666666666666,6.117073077433905,14.879192495645572,106.91674156765872,0.9253333333333333,3.9774432549879726,0.6666666666666666,FAR (IC del modelo AR)
624,653,638,train,30,False,1.2388925996742872,1.113055524075186,1.029215993334716,0.8284030312146987,0.9809444711322702,4.582878058885928,1.8567339979226836,1.7493359173455936,2.344281275355641,0.8813077604078341,0.9253333333333333,3.9774432549879726,0.6666666666666666,6.117073077433906,14.879192495645572,106.91674156765872,0.9253333333333333,3.9774432549879726,0.6666666666666666,FAR (IC del modelo AR)
625,654,639,train,30,False,1.2109699707077428,1.1004408074529692,1.0364164396020896,0.8175400484409435,0.9669605991832058,4.582878058885928,1.8284945443569114,1.7214064475663595,2.3483448667897253,0.8787029639706739,0.9293333333333333,3.9774432549879726,0.7,6.047997439366771,14.00879576298138,106.91674156765872,0.9293333333333333,3.9774432549879726,0.7,FAR (IC del modelo AR)
626,655,640,train,30,False,1.2183596131071859,1.1037932836845792,1.0301350623336407,0.8235579580276996,0.9734966502392137,4.582878058885928,1.8365164236034677,1.7282655261644548,2.3380598259949124,0.8819555841013804,0.9293333333333333,3.9774432549879726,0.7,6.047997439366772,14.008795762981382,106.91674156765872,0.9293333333333333,3.9774432549879726,0.7,FAR (IC del modelo AR)
627,656,641,train,30,False,1.2308624647631654,1.1094424116479258,1.016769715473366,0.8324517244203236,0.9807095688121581,4.582878058885928,1.8369252739576356,1.7297647713947575,2.3074891850502097,0.8839661784296198,0.9293333333333333,3.9774432549879726,0.7,6.047997439366772,14.008795762981382,106.91674156765872,0.9293333333333333,3.9774432549879726,0.7,FAR (IC del modelo AR)
628,657,642,train,30,False,1.2104378218144805,1.1001989919166808,1.006189469901776,0.8211740236739592,0.968610991459956,4.582878058885928,1.817790014147629,1.7111870927992971,2.3143436465833824,0.8803961815784956,0.9293333333333333,3.9774432549879726,0.7,6.047997439366772,14.008795762981382,106.91674156765872,0.9293333333333333,3.9774432549879726,0.7,FAR (IC del modelo AR)
629,658,643,train,30,False,1.2749855336529492,1.1291525732393073,0.99587918036995,0.8465423148197366,0.9954885834619721,4.582878058885928,1.85649351003823,1.7511753895393907,2.299513584558071,0.8816245094373025,0.9191111111111111,3.9774432549879726,0.6666666666666666,6.2260736897160465,15.029988922585801,106.91674156765872,0.9191111111111111,3.9774432549879726,0.6666666666666666,FAR (IC del modelo AR)
630,659,644,train,30,False,1.2854992811836015,1.1337986069772716,0.9862131695336118,0.8546035939546691,1.0013713082619355,4.582878058885928,1.8616842533857982,1.7544827753529106,2.279195336107123,0.8832003339037523,0.9177777777777778,3.9774432549879726,0.6333333333333333,6.227769747113458,15.080752476487062,106.91674156765872,0.9177777777777778,3.9774432549879726,0.6333333333333333,FAR (IC del modelo AR)
631,660,645,train,30,False,1.2665774030854846,1.1254232106569886,0.9808961332672959,0.8434284735116583,0.9908714482224948,4.582878058885928,1.8423621434360136,1.7364156025717328,2.286885284876389,0.880443409056806,0.9186666666666666,3.9774432549879726,0.6666666666666666,6.227574923108762,15.080752476487058,106.91674156765872,0.9186666666666666,3.9774432549879726,0.6666666666666666,FAR (IC del modelo AR)
632,661,646,train,30,False,1.2115433870869217,1.1007013160194374,0.9770498210318804,0.8246038229127158,0.9669410018425278,4.582878058885928,1.7942018220385891,1.6900933358302137,2.2782716724050416,0.878477192467945,0.928,3.9774432549879726,0.7,6.066271293747736,13.738420834083684,106.91674156765872,0.928,3.9774432549879726,0.7,FAR (IC del modelo AR)
633,662,647,train,30,False,1.1566845698823276,1.0754927102878604,0.9692016250165217,0.7995022509751099,0.9390419244785588,4.582878058885928,1.75682720309716,1.6515057700726188,2.3014393985208343,0.8731271867265563,0.9342222222222222,3.9774432549879726,0.7333333333333333,6.027219604494776,13.346269020628757,106.91674156765872,0.9342222222222222,3.9774432549879726,0.7333333333333333,FAR (IC del modelo AR)
634,663,648,train,30,False,1.1577003386174594,1.075964840790562,0.9685390033960021,0.7995083824988043,0.9396872219258261,4.582878058885928,1.760537149059892,1.6561178364226647,2.306982657003746,0.8733437992596428,0.9342222222222222,3.9774432549879726,0.7333333333333333,6.027219604494777,13.34626902062876,106.91674156765872,0.9342222222222222,3.9774432549879726,0.7333333333333333,FAR (IC del modelo AR)
635,664,649,train,30,False,1.1456636930828694,1.0703568064355313,0.9668385157751501,0.7895509314342667,0.9269701704733994,4.582878058885928,1.7310408397223283,1.627615144701336,2.2978531030928715,0.8660384695084683,0.9342222222222222,3.9774432549879726,0.7333333333333333,6.027219604494776,13.34626902062876,106.91674156765872,0.9342222222222222,3.9774432549879726,0.7333333333333333,FAR (IC del modelo AR)
636,665,650,train,30,False,1.1201610013752925,1.0583765876923452,0.9761412618604824,0.7744102841287552,0.9084185804106928,4.582878058885928,1.7019276076097647,1.5962771012621153,2.3067960561303718,0.8583131854715185,0.9342222222222222,3.9774432549879726,0.7333333333333333,6.027219604494777,13.34626902062876,106.91674156765872,0.9342222222222222,3.9774432549879726,0.7333333333333333,FAR (IC del modelo AR)
637,666,651,train,30,False,1.199357793451157,1.095151949937157,0.9963986774389598,0.8100196040095649,0.9436243702177711,4.582878058885928,1.7331803025368884,1.6317920735275997,2.2533052973587773,0.8616378487678528,0.9262222222222222,3.9774432549879726,0.7,6.099209946080153,13.974572005509525,106.91674156765872,0.9262222222222222,3.9774432549879726,0.7,FAR (IC del modelo AR)
638,667,652,train,30,False,1.2067974314741468,1.0985433225294972,1.0024674431755562,0.8183120401768131,0.9529757853184402,4.582878058885928,1.753335943635855,1.6509889167108478,2.2541427355722847,0.8674903991261134,0.9262222222222222,3.9774432549879726,0.7,6.099209946080154,13.974572005509525,106.91674156765872,0.9262222222222222,3.9774432549879726,0.7,FAR (IC del modelo AR)
639,668,653,train,30,False,1.2166107154556731,1.1030007776314907,1.0109492758815695,0.8254482681024634,0.9615724422518981,4.582878058885928,1.7692660764601593,1.6639815626929564,2.257167887637193,0.871778571468203,0.9262222222222222,3.9774432549879726,0.7,6.099209946080153,13.974572005509525,106.91674156765872,0.9262222222222222,3.9774432549879726,0.7,FAR (IC del modelo AR)
640,669,654,train,30,False,1.235269267780688,1.1114266812438363,1.0093910364461782,0.8356048477179636,0.9752451348428159,4.582878058885928,1.795370204202641,1.689421271719119,2.2624992725603943,0.8774714079667272,0.9262222222222222,3.9774432549879726,0.7,6.099209946080154,13.974572005509525,106.91674156765872,0.9262222222222222,3.9774432549879726,0.7,FAR (IC del modelo AR)
641,670,655,train,30,False,1.247687548616772,1.116999350320658,1.0147151903006093,0.8385917420239625,0.9822244912357455,4.582878058885928,1.8036522729759017,1.6981569586102054,2.2650617797821315,0.879342043443246,0.9262222222222222,3.9774432549879726,0.7,6.099209946080153,13.974572005509525,106.91674156765872,0.9262222222222222,3.9774432549879726,0.7,FAR (IC del modelo AR)
642,671,656,train,30,False,1.2567877559504417,1.1210654556940205,1.0030235183026925,0.8398562693773529,0.9853682116051584,4.582878058885928,1.8229317808231562,1.7173436527395431,2.2780346927012363,0.8789568946223076,0.9217777777777778,3.9774432549879726,0.7,6.235742206641672,15.045628635027331,106.91674156765872,0.9217777777777778,3.9774432549879726,0.7,FAR (IC del modelo AR)
643,672,657,train,30,False,1.2402766171649882,1.1136770704135863,1.0291865087285916,0.8322644165782028,0.9786869448447412,4.582878058885928,1.8129127532872933,1.7060333735704656,2.2868282561217126,0.8787888076758967,0.9204444444444444,3.9774432549879726,0.7,6.219134441894483,14.890011458732607,106.91674156765872,0.9204444444444444,3.9774432549879726,0.7,FAR (IC del modelo AR)
644,673,658,train,30,False,1.2434490627308734,1.11510047203419,1.004498751510105,0.8333034638210359,0.9803611912713063,4.582878058885928,1.8172652609136586,1.710502289606428,2.2891993163971276,0.8791684837895464,0.9204444444444444,3.9774432549879726,0.7,6.219134441894484,14.890011458732609,106.91674156765872,0.9204444444444444,3.9774432549879726,0.7,FAR (IC del modelo AR)
645,674,659,train,30,False,1.292785339958471,1.1370071855351096,0.966402973022545,0.8540261766885701,1.002919022046306,4.582878058885928,1.8463316265146046,1.7400479051328428,2.2716242909213813,0.8820692030845014,0.9137777777777778,3.9774432549879726,0.6666666666666666,6.272075482899381,15.309451250629717,106.91674156765872,0.9137777777777778,3.9774432549879726,0.6666666666666666,FAR (IC del modelo AR)
646,675,660,train,30,False,1.0199824199422804,1.0099417903732277,0.981591435981253,0.7821930848651887,0.9245192564389427,3.56212170002774,1.7330324194874234,1.6280768121435678,2.299687266977133,0.9154183590098626,0.936,3.9774432549879726,0.7,5.066942467829703,11.888303673916377,62.69701436446811,0.936,3.9774432549879726,0.7,FAR (IC del modelo AR)
647,676,661,train,30,False,0.915481549495011,0.956808000329748,0.8783118246021343,0.7513616685494835,0.8859522261983462,2.8339373889302544,1.670082744462239,1.5671768576971727,2.3102778576921996,0.9259456713290624,0.9488888888888889,3.9774432549879726,0.7333333333333333,4.681297523347745,9.941147003976056,44.96267659943651,0.9488888888888889,3.9774432549879726,0.7333333333333333,FAR (IC del modelo AR)
648,677,662,train,30,False,0.9455300796161377,0.9723837100734142,0.8706905475387207,0.7575609086569629,0.8958175866038804,3.2534645609662256,1.6984040264410363,1.5923759515051887,2.3217356362400374,0.9212593519653337,0.9431111111111111,3.9774432549879726,0.7333333333333333,4.879030698896295,11.096982247588926,52.90916337512735,0.9431111111111111,3.9774432549879726,0.7333333333333333,FAR (IC del modelo AR)
649,678,663,train,30,False,0.8974683753845041,0.947348075094104,0.8719606547385927,0.7409426584098224,0.8754177498277593,3.2534645609662256,1.6655138524203017,1.5591292643304884,2.3313458496651323,0.9240719148986506,0.952,3.9774432549879726,0.7666666666666667,4.703553106025418,9.740970169816324,52.90916337512735,0.952,3.9774432549879726,0.7666666666666667,FAR (IC del modelo AR)
650,679,664,train,30,False,0.9063642130352082,0.952031623968032,0.8859593280634267,0.7460142324259073,0.8813055779240186,3.2534645609662256,1.672979003411492,1.5650337183224359,2.3258747289027535,0.9257104026132769,0.952,3.9774432549879726,0.7666666666666667,4.703553106025418,9.740970169816324,52.90916337512735,0.952,3.9774432549879726,0.7666666666666667,FAR (IC del modelo AR)
651,680,665,train,30,False,1.0318721132586604,1.0158110617918374,0.9119086200525197,0.7873866295738782,0.9301354641354055,3.817282174557059,1.7637929555343257,1.654236578598127,2.321188913861468,0.9156579398679665,0.9386666666666666,3.9774432549879726,0.7333333333333333,5.120597679357612,12.091644288301179,74.80253782080418,0.9386666666666666,3.9774432549879726,0.7333333333333333,FAR (IC del modelo AR)
652,681,666,train,30,False,1.1742692436566131,1.0836370442434187,0.9582872595357563,0.8381607152026301,0.9826570323018714,3.817282174557059,1.8293955105070112,1.720837736243039,2.2763815304275914,0.906813805897481,0.9208888888888889,3.9774432549879726,0.7,5.513574401941962,13.824753916487968,74.80253782080418,0.9208888888888889,3.9774432549879726,0.7,FAR (IC del modelo AR)
653,682,667,train,30,False,1.301824073070464,1.1409750536582577,0.9784619713664273,0.8766674281279883,1.024187610493598,3.817282174557059,1.89020130097287,1.7798956189525548,2.265990623450819,0.897642421900278,0.9044444444444445,3.9774432549879726,0.6666666666666666,5.978965244105358,15.771185233011838,74.80253782080418,0.9044444444444445,3.9774432549879726,0.6666666666666666,FAR (IC del modelo AR)
654,683,668,train,30,False,1.3216000737292437,1.1496086611230987,0.9491758497858866,0.8903586804206787,1.0366092049263103,3.817282174557059,1.8967495087601733,1.7898150780815751,2.230050334939272,0.9017061544348537,0.9044444444444445,3.9774432549879726,0.6666666666666666,5.978965244105358,15.771185233011838,74.80253782080418,0.9044444444444445,3.9774432549879726,0.6666666666666666,FAR (IC del modelo AR)
655,684,669,train,30,False,1.3210243582032655,1.1493582375409617,0.9216278704670402,0.8928443548461095,1.0362416245288666,3.817282174557059,1.8741494409844683,1.7713679383814873,2.1879489413318534,0.9015828056758816,0.9044444444444445,3.9774432549879726,0.6666666666666666,5.978965244105358,15.771185233011838,74.80253782080418,0.9044444444444445,3.9774432549879726,0.6666666666666666,FAR (IC del modelo AR)
656,685,670,train,30,False,1.3185009743618816,1.1482599768179163,0.9102307677503882,0.8887529243060714,1.034249888528517,3.817282174557059,1.8803472434629025,1.7779464135838232,2.2195293437082713,0.9007105615530147,0.9044444444444445,3.9774432549879726,0.6666666666666666,5.978965244105358,15.771185233011838,74.80253782080418,0.9044444444444445,3.9774432549879726,0.6666666666666666,FAR (IC del modelo AR)
657,686,671,train,30,False,1.2968832873138156,1.1388078359906977,0.8997166361412566,0.8749789691166051,1.0200681472434057,3.817282174557059,1.8614067068806406,1.7596072198310828,2.2412035101475074,0.8957333406087821,0.9044444444444445,3.9774432549879726,0.6666666666666666,5.978965244105358,15.771185233011842,74.80253782080418,0.9044444444444445,3.9774432549879726,0.6666666666666666,FAR (IC del modelo AR)
658,687,672,train,30,False,1.296806391074718,1.1387740737629735,0.8936308384886663,0.874406370646916,1.0200100459195995,3.817282174557059,1.864424563927604,1.761986299643592,2.249108866757625,0.8957088762559116,0.9044444444444445,3.9774432549879726,0.6666666666666666,5.978965244105359,15.771185233011842,74.80253782080418,0.9044444444444445,3.9774432549879726,0.6666666666666666,FAR (IC del modelo AR)
659,688,673,train,30,False,1.235536947602454,1.1115470964392171,0.8933200574072775,0.8513264228530105,0.9951136958849471,3.817282174557059,1.8255425903613307,1.72308245708354,2.256225995646124,0.8952510416092505,0.9146666666666666,3.9774432549879726,0.7,5.800888993756084,14.749992073407421,74.80253782080418,0.9146666666666666,3.9774432549879726,0.7,FAR (IC del modelo AR)
660,689,674,train,30,False,1.2154181561694222,1.1024600474254937,0.8863732407349145,0.8408545907672582,0.9823983557866977,3.817282174557059,1.8017300216166445,1.6993186139485086,2.253960322621667,0.8910965599894811,0.916,3.9774432549879726,0.7333333333333333,5.799192936358674,14.69922851950616,74.80253782080418,0.916,3.9774432549879726,0.7333333333333333,FAR (IC del modelo AR)
661,690,675,train,30,False,1.2329597351550983,1.1103872005544275,0.8902389389093218,0.8499146472741451,0.9922401032156825,3.817282174557059,1.8183004458929226,1.7149450246024809,2.2483057205030623,0.8935982896058663,0.916,3.9774432549879726,0.7333333333333333,5.799192936358674,14.699228519506162,74.80253782080418,0.916,3.9774432549879726,0.7333333333333333,FAR (IC del modelo AR)
662,691,676,train,30,False,1.2518380739523818,1.1188556984492601,0.8931012541871902,0.8587009605712772,1.0022675854809637,3.817282174557059,1.8373373733378913,1.73440599747036,2.2499969516954823,0.8957970065935329,0.9133333333333333,3.9774432549879726,0.7,5.810207566863153,14.96172484061584,74.80253782080418,0.9133333333333333,3.9774432549879726,0.7,FAR (IC del modelo AR)
663,692,677,train,30,False,1.2583094352937796,1.1217439259001047,0.8918833194531723,0.8647311664313051,1.0073196977380285,3.817282174557059,1.8319683132370106,1.7311421810916245,2.21776708582282,0.8979943412037997,0.9133333333333333,3.9774432549879726,0.7,5.810207566863153,14.961724840615842,74.80253782080418,0.9133333333333333,3.9774432549879726,0.7,FAR (IC del modelo AR)
664,693,678,train,30,False,1.2820413464422649,1.1322726466899502,0.8956602330988103,0.8756130927920538,1.0194449733866038,3.817282174557059,1.854864949732937,1.7514682260695993,2.2146643225260556,0.9003529109060585,0.9111111111111111,3.9774432549879726,0.6666666666666666,5.824639977385482,15.254018391571716,74.80253782080418,0.9111111111111111,3.9774432549879726,0.6666666666666666,FAR (IC del modelo AR)
665,694,679,train,30,False,1.3039563457065109,1.1419090794395632,0.8963543264915158,0.8912887907628735,1.0386496828979075,3.817282174557059,1.8950772800335,1.789350264574967,2.216735220867523,0.9095730138231893,0.9111111111111111,3.9774432549879726,0.6666666666666666,5.824639977385482,15.254018391571716,74.80253782080418,0.9111111111111111,3.9774432549879726,0.6666666666666666,FAR (IC del modelo AR)
666,695,680,train,30,False,1.306994461509854,1.1432385846838158,0.8942607387906161,0.8944274632518484,1.041961040769287,3.817282174557059,1.8938352322887075,1.7913467447094495,2.196678456308162,0.9114117164419018,0.9111111111111111,3.9774432549879726,0.6666666666666666,5.824639977385482,15.254018391571716,74.80253782080418,0.9111111111111111,3.9774432549879726,0.6666666666666666,FAR (IC del modelo AR)
667,696,681,train,30,False,1.2214852201700637,1.105208224802034,0.8894994439217923,0.8540815064442338,1.000473697957658,3.817282174557059,1.8383969797424509,1.7375550142363343,2.22329774864587,0.9052354800715166,0.9191111111111111,3.9774432549879726,0.7,5.752649635800105,14.625715406690949,74.80253782080418,0.9191111111111111,3.9774432549879726,0.7,FAR (IC del modelo AR)
668,697,682,train,30,False,1.2570052084271566,1.1211624362362291,0.881894820090733,0.8707379227348688,1.021341535180053,3.817282174557059,1.8714846817105406,1.770740600907781,2.2160228046244366,0.9109666023138651,0.9155555555555556,3.9774432549879726,0.6666666666666666,5.78712479802494,15.114251517333683,74.80253782080418,0.9155555555555556,3.9774432549879726,0.6666666666666666,FAR (IC del modelo AR)
669,698,683,train,30,False,1.3596928396481327,1.1660586776179545,0.8816084929061949,0.9094887726859131,1.0610012831813276,3.817282174557059,1.922872716359546,1.8237826347214818,2.199586519138218,0.9099038526506745,0.9022222222222223,3.9774432549879726,0.6333333333333333,5.953255579702143,16.007157028229763,74.80253782080418,0.9022222222222223,3.9774432549879726,0.6333333333333333,FAR (IC del modelo AR)
670,699,684,train,30,False,1.3949179912274092,1.1810664635097423,0.9024002046957249,0.9240209096854005,1.0766885752071509,3.817282174557059,1.9440141720349295,1.8450477251623894,2.1883246358823993,0.9116240351178759,0.8968888888888888,3.9774432549879726,0.6,5.9905915681837865,16.38755348696364,74.80253782080418,0.8968888888888888,3.9774432549879726,0.6,FAR (IC del modelo AR)
671,700,685,train,30,False,1.4239992642653483,1.1933144029405445,0.9311372582671499,0.9365646876516577,1.0890186223257026,3.817282174557059,1.9632471582789295,1.863550007505412,2.181099277448617,0.9125999146931957,0.8911111111111111,3.9774432549879726,0.5666666666666667,6.01508601563151,16.65014272868832,74.80253782080418,0.8911111111111111,3.9774432549879726,0.5666666666666667,FAR (IC del modelo AR)
672,701,686,train,30,True,1.368447341939811,1.1698065403902524,0.9455712009813009,0.9137292318455195,1.064301757667879,3.817282174557059,1.927286008415662,1.8253084461704654,2.1987525431247357,0.9098100591169745,0.8977777777777778,3.9774432549879726,0.6,5.875447283846433,15.4772481136949,74.80253782080418,0.8977777777777778,3.9774432549879726,0.6,FAR (IC del modelo AR)
673,702,687,train,30,True,1.3771364802074935,1.173514584573832,0.9512157706654959,0.9208234151104607,1.0679521462990154,3.817282174557059,1.9147055306347316,1.8159602541064994,2.17053074026403,0.910045908536235,0.9008888888888889,3.9774432549879726,0.6,5.840716308295819,15.066224393804227,74.80253782080418,0.9008888888888889,3.9774432549879726,0.6,FAR (IC del modelo AR)
674,703,688,train,30,True,1.3576511489349905,1.1651828821841619,0.974348712806504,0.9093372446055998,1.0555694785280545,3.817282174557059,1.8936412937036025,1.7936300469768713,2.183452002882902,0.9059260092710644,0.9008888888888889,3.9774432549879726,0.6,5.84071630829582,15.066224393804227,74.80253782080418,0.9008888888888889,3.9774432549879726,0.6,FAR (IC del modelo AR)
675,704,689,train,30,True,1.3048319434956734,1.142292407177634,1.0417844073344253,0.8864200573149259,1.0305890604937125,3.817282174557059,1.8682523840657053,1.7650072357805306,2.2177904854421744,0.9022112499548891,0.9075555555555556,3.9774432549879726,0.6333333333333333,5.787775267290922,14.646784601907116,74.80253782080418,0.9075555555555556,3.9774432549879726,0.6333333333333333,FAR (IC del modelo AR)
676,705,690,train,30,True,1.3122841356202097,1.1455497089258981,1.05158295081895,0.8897945722208449,1.0363229954782576,3.817282174557059,1.8908547313732975,1.7830723918208484,2.242631174602663,0.9046512669013248,0.9075555555555556,3.9774432549879726,0.6333333333333333,5.787775267290923,14.646784601907118,74.80253782080418,0.9075555555555556,3.9774432549879726,0.6333333333333333,FAR (IC del modelo AR)
677,706,691,train,30,True,1.2998818044014746,1.1401235917221757,1.129560738206553,0.8807547627083369,1.0264520847239584,3.817282174557059,1.875450656910192,1.767069221074699,2.2636874351323515,0.9002989607236225,0.9075555555555556,3.9774432549879726,0.6333333333333333,5.787775267290922,14.646784601907118,74.80253782080418,0.9075555555555556,3.9774432549879726,0.6333333333333333,FAR (IC del modelo AR)
678,707,692,train,30,True,1.2169706878257758,1.1031639442194328,1.129777853055,0.8477479594227936,0.9891522554750358,3.817282174557059,1.806008922845773,1.7022340636330116,2.2807032534052833,0.896650276378396,0.9173333333333333,3.9774432549879726,0.6666666666666666,5.552467850354571,13.025889631611488,74.80253782080418,0.9173333333333333,3.9774432549879726,0.6666666666666666,FAR (IC del modelo AR)
679,708,693,train,30,True,1.2177312059612506,1.1035085889839058,1.128667333606668,0.8499773729632687,0.9895851119416574,3.817282174557059,1.798113114875207,1.6961314737560191,2.2624707271293896,0.8967624917653361,0.9173333333333333,3.9774432549879726,0.6666666666666666,5.55246785035457,13.02588963161149,74.80253782080418,0.9173333333333333,3.9774432549879726,0.6666666666666666,FAR (IC del modelo AR)
680,709,694,train,30,True,1.2107624075612011,1.1003464943194945,1.1384320916232145,0.8460567186503154,0.9850974865489025,3.817282174557059,1.7924724642084577,1.6880440960147167,2.2666743437121335,0.895261166945538,0.9173333333333333,3.9774432549879726,0.6666666666666666,5.552467850354571,13.02588963161149,74.80253782080418,0.9173333333333333,3.9774432549879726,0.6666666666666666,FAR (IC del modelo AR)
681,710,695,train,30,True,1.0972485351761165,1.0474963175000267,1.260303354668711,0.8136046975393589,0.9450328029491962,3.5008920989934293,1.7108625045262904,1.609524637178921,2.254688495427246,0.9021824584592606,0.9306666666666666,3.9774432549879726,0.7,5.135423277022375,10.675215513126634,62.67525376197461,0.9306666666666666,3.9774432549879726,0.7,FAR (IC del modelo AR)
682,711,696,train,30,True,0.9872982154091728,0.9936288116843094,1.1420952149010006,0.7792317814602259,0.9115292777036589,3.5008920989934293,1.6793290320995164,1.5780835036607983,2.2828524771965304,0.9173740404714283,0.9444444444444444,3.9774432549879726,0.7,4.807502161921123,9.798064034608753,62.67525376197461,0.9444444444444444,3.9774432549879726,0.7,FAR (IC del modelo AR)
683,712,697,train,30,True,0.8855261423888644,0.94102398608583,1.0932357234697956,0.7495639269907244,0.8818245391215408,2.7721513952460746,1.6384247776530678,1.54020635039036,2.294458322524167,0.9370903953144403,0.9551111111111111,3.9774432549879726,0.7,4.383027808159694,8.359885283019855,31.069479593140883,0.9551111111111111,3.9774432549879726,0.7,FAR (IC del modelo AR)
684,713,698,train,30,True,0.8799872827661651,0.9380763736317875,1.1078208410301225,0.7470752100165666,0.8788722857551049,2.7721513952460746,1.6373645560018812,1.5379263254913,2.2984541755589847,0.9368877742358307,0.9551111111111111,3.9774432549879726,0.7,4.383027808159694,8.359885283019857,31.069479593140883,0.9551111111111111,3.9774432549879726,0.7,FAR (IC del modelo AR)
685,714,699,train,30,True,0.8791276299003487,0.9376180618462662,1.1372121780460742,0.7431378510326049,0.8783135033271544,2.7721513952460746,1.6523219684328174,1.5503793465695181,2.3349171758394003,0.9367497695145345,0.9551111111111111,3.9774432549879726,0.7,4.383027808159694,8.359885283019855,31.069479593140883,0.9551111111111111,3.9774432549879726,0.7,FAR (IC del modelo AR)
686,715,700,train,30,True,0.8833360254781882,0.9398595775317652,1.1578653000311006,0.7458494893261277,0.8815408150663139,2.7721513952460746,1.662349797153546,1.5584462150006078,2.33861441546986,0.93794949388226,0.9551111111111111,3.9774432549879726,0.7,4.383027808159693,8.359885283019857,31.069479593140883,0.9551111111111111,3.9774432549879726,0.7,FAR (IC del modelo AR)
687,716,701,test,30,True,0.9112879249840508,0.95461401884953,1.179224200901331,0.7586316970435946,0.8988232962250904,2.7721513952460746,1.698696079538575,1.5927279082825234,2.340483794215104,0.9415567742325043,0.9533333333333334,3.9774432549879726,0.6666666666666666,4.393694639154813,8.610572970468608,31.069479593140883,0.9533333333333334,3.9774432549879726,0.6666666666666666,FAR (IC del modelo AR)
688,717,702,test,30,True,0.9108855999954284,0.9544032690615788,1.1657915374667502,0.7589725194207546,0.898516773744478,2.7721513952460746,1.698003677632029,1.591290541209336,2.337710207095948,0.9414435206492415,0.9533333333333334,3.9774432549879726,0.6666666666666666,4.393694639154812,8.61057297046861,31.069479593140883,0.9533333333333334,3.9774432549879726,0.6666666666666666,FAR (IC del modelo AR)
689,718,703,test,30,True,0.907412229202995,0.9525818753277825,1.1593673560392173,0.7553193997929155,0.8964129444518066,2.7721513952460746,1.7028062744716173,1.5961033442979253,2.358237830112524,0.9410350623597072,0.9533333333333334,3.9774432549879726,0.6666666666666666,4.393694639154813,8.610572970468608,31.069479593140883,0.9533333333333334,3.9774432549879726,0.6666666666666666,FAR (IC del modelo AR)
690,719,704,test,30,True,0.904396821987423,0.9509978033557296,1.1568529701286505,0.7507236143873753,0.8937206569976243,2.7721513952460746,1.7103223057643118,1.6037576684478265,2.402030213958894,0.9397715261213067,0.9533333333333334,3.9774432549879726,0.6666666666666666,4.393694639154812,8.610572970468608,31.069479593140883,0.9533333333333334,3.9774432549879726,0.6666666666666666,FAR (IC del modelo AR)
691,720,705,test,30,True,0.8857275697037107,0.9411310056010856,1.150014793391427,0.7407264555203203,0.883108642948032,2.7721513952460746,1.6917699498381729,1.58687350277042,2.4081097669833627,0.9383482614984132,0.9533333333333334,3.9774432549879726,0.6666666666666666,4.393694639154813,8.610572970468608,31.069479593140883,0.9533333333333334,3.9774432549879726,0.6666666666666666,FAR (IC del modelo AR)
692,721,706,test,30,True,0.863091993154093,0.9290274447798047,1.121039759192411,0.7293289180112925,0.8705880395583172,2.7721513952460746,1.6757311595347497,1.5661310432312439,2.419690415115589,0.9370961476435837,0.956,3.9774432549879726,0.7,4.3826800086503335,8.348076649358926,31.069479593140883,0.956,3.9774432549879726,0.7,FAR (IC del modelo AR)
693,722,707,test,30,True,0.9552009793403984,0.977343838851199,1.064867680161891,0.7606619411327313,0.90704821207644,3.0189965961584226,1.7400489218423698,1.627129311430049,2.427452741828192,0.9280748248667667,0.9426666666666667,3.9774432549879726,0.6666666666666666,4.682076600723567,9.954385317537001,52.4715743116007,0.9426666666666667,3.9774432549879726,0.6666666666666666,FAR (IC del modelo AR)
694,723,708,test,30,True,1.0201683246723965,1.0100338235288937,1.0060578460949734,0.7799733729770612,0.9288792532258323,3.7257319141501157,1.788280223629866,1.6751378787853957,2.4299495374642732,0.9196516310517993,0.9377777777777778,3.9774432549879726,0.6666666666666666,4.943792180561126,11.864833205838458,70.36455744397836,0.9377777777777778,3.9774432549879726,0.6666666666666666,FAR (IC del modelo AR)
695,724,709,test,30,True,1.0378189248509289,1.0187339813959917,0.9682565365619581,0.7872073871438268,0.9377750858292935,3.7257319141501157,1.802039358265081,1.688186407248906,2.424997227157675,0.9205298958853236,0.9351111111111111,3.9774432549879726,0.6333333333333333,4.959485933311028,12.148362525871743,70.36455744397836,0.9351111111111111,3.9774432549879726,0.6333333333333333,FAR (IC del modelo AR)
696,725,710,test,30,True,1.0659585016809434,1.0324526631671513,0.9656074536683227,0.8014469436101392,0.9558307175536369,3.7257319141501157,1.8466779670932307,1.729392375957473,2.4471438336987856,0.92578648072981,0.9351111111111111,3.9774432549879726,0.6333333333333333,4.9594859333110275,12.148362525871745,70.36455744397836,0.9351111111111111,3.9774432549879726,0.6333333333333333,FAR (IC del modelo AR)
697,726,711,test,30,True,1.120613565243686,1.058590367065413,0.9259436329836864,0.8266753702659353,0.9870225105736773,3.7257319141501157,1.9207794948301717,1.7998512520719694,2.4596788228848463,0.9323932479282487,0.9306666666666666,3.9774432549879726,0.6,5.072966708263233,13.421796840393906,70.36455744397836,0.9306666666666666,3.9774432549879726,0.6,FAR (IC del modelo AR)
698,727,712,test,30,True,1.1297374384844825,1.0628910755503043,0.9583074493107695,0.8283181241110927,0.9907612839145761,3.7257319141501157,1.943533490393823,1.8174148639896786,2.47853805663368,0.9321381152829951,0.9306666666666666,3.9774432549879726,0.6,5.111003010940735,13.952980268579307,70.36455744397836,0.9306666666666666,3.9774432549879726,0.6,FAR (IC del modelo AR)
699,728,713,test,30,True,1.0470821911760628,1.023270341198289,0.9864619311915461,0.8005381938975115,0.9625879024964558,3.7257319141501157,1.9117069990748161,1.7854742582260446,2.491550114884908,0.9406975495539414,0.944,3.9774432549879726,0.6333333333333333,4.94487222926353,13.060074757683227,70.36455744397836,0.944,3.9774432549879726,0.6333333333333333,FAR (IC del modelo AR)
700,729,714,test,30,True,0.9966732310763146,0.9983352298082616,0.9533026636476571,0.7789203471431227,0.9365264151860109,3.7257319141501157,1.8671045725260127,1.7421889026464659,2.489444954797901,0.9380881163192832,0.9493333333333334,3.9774432549879726,0.6666666666666666,4.907536240781889,12.679678298949348,70.36455744397836,0.9493333333333334,3.9774432549879726,0.6666666666666666,FAR (IC del modelo AR)
701,730,715,test,30,False,0.9489701378188897,0.9741509830713562,0.9365965073901843,0.7583885588349503,0.9129111868783137,3.7257319141501157,1.8353775792770846,1.7114878254500832,2.5061798681025578,0.9371352108068892,0.9551111111111111,3.9774432549879726,0.7,4.883041793334166,12.41708905722467,70.36455744397836,0.9551111111111111,3.9774432549879726,0.7,FAR (IC del modelo AR)
702,731,716,test,30,False,0.9375361449898808,0.9682645015644644,0.9450295310568166,0.7512737516180314,0.9035872678039703,3.7257319141501157,1.8069608875760013,1.685718424892798,2.482742280540285,0.9332029278611448,0.9551111111111111,3.9774432549879726,0.7,4.883041793334166,12.41708905722467,70.36455744397836,0.9551111111111111,3.9774432549879726,0.7,FAR (IC del modelo AR)
703,732,717,test,30,False,0.8908471623922918,0.9438470015803895,0.9731495890673623,0.7253067045274526,0.8749636716880698,3.7257319141501157,1.7710783437357434,1.6491299811109257,2.513686697445771,0.9270185424364535,0.9573333333333334,3.9774432549879726,0.7333333333333333,4.875778737588349,12.282945949130088,70.36455744397836,0.9573333333333334,3.9774432549879726,0.7333333333333333,FAR (IC del modelo AR)
704,733,718,test,30,False,0.88643474947932,0.9415066380431526,0.968195032520297,0.7218687579893289,0.8708761834965721,3.7257319141501157,1.7683889500571432,1.6464847542384538,2.5316921049309467,0.9249814587676405,0.9573333333333334,3.9774432549879726,0.7333333333333333,4.875778737588349,12.28294594913009,70.36455744397836,0.9573333333333334,3.9774432549879726,0.7333333333333333,FAR (IC del modelo AR)
705,734,719,test,30,False,0.8836335809533191,0.9400178620395035,0.9671258405535276,0.7197935097552313,0.8687220827822684,3.7257319141501157,1.759654091199903,1.637476018821488,2.526195694568515,0.924154867544167,0.9573333333333334,3.9774432549879726,0.7333333333333333,4.87577873758835,12.28294594913009,70.36455744397836,0.9573333333333334,3.9774432549879726,0.7333333333333333,FAR (IC del modelo AR)
706,735,720,test,30,False,0.889993335622677,0.9433945810861312,0.9564821288365218,0.7263028781247212,0.8727180070897186,3.7257319141501157,1.747958994105057,1.6297016405329823,2.481731916784886,0.9250827009043845,0.9573333333333334,3.9774432549879726,0.7333333333333333,4.87577873758835,12.28294594913009,70.36455744397836,0.9573333333333334,3.9774432549879726,0.7333333333333333,FAR (IC del modelo AR)
707,736,721,test,30,False,0.9243177947975496,0.9614144760703105,0.9369922359308072,0.7481740898151059,0.8941334645823447,3.7257319141501157,1.7733460578281435,1.6557860853127988,2.4382685384974834,0.9300187243248401,0.9573333333333334,3.9774432549879726,0.7333333333333333,4.87577873758835,12.28294594913009,70.36455744397836,0.9573333333333334,3.9774432549879726,0.7333333333333333,FAR (IC del modelo AR)
708,737,722,test,30,False,0.9699366941293207,0.984853640968708,0.9334550982972888,0.7731977838239394,0.9188533813871772,3.7257319141501157,1.8008706883371646,1.6821068082495287,2.40114320403048,0.932984702664436,0.9573333333333334,3.9774432549879726,0.7333333333333333,4.87577873758835,12.28294594913009,70.36455744397836,0.9573333333333334,3.9774432549879726,0.7333333333333333,FAR (IC del modelo AR)
709,738,723,test,30,False,0.9663878234638618,0.9830502649731914,0.9220084713077116,0.770940747411612,0.9167751174996345,3.7257319141501157,1.797347974220301,1.6784273824829055,2.40297126736553,0.9325821376230805,0.9573333333333334,3.9774432549879726,0.7333333333333333,4.87577873758835,12.28294594913009,70.36455744397836,0.9573333333333334,3.9774432549879726,0.7333333333333333,FAR (IC del modelo AR)
710,739,724,test,30,False,0.9565802313751406,0.978049196807165,0.9120739675832337,0.7636579252489935,0.9083631038215109,3.7257319141501157,1.7819791374699163,1.6671213412287884,2.4048948497663702,0.9287499103182704,0.9573333333333334,3.9774432549879726,0.7333333333333333,4.87577873758835,12.28294594913009,70.36455744397836,0.9573333333333334,3.9774432549879726,0.7333333333333333,FAR (IC del modelo AR)
711,740,725,test,30,False,0.979666416629976,0.9897809942759944,0.8927065911145057,0.7724080407887561,0.9200172137618472,3.7257319141501157,1.8020116182574755,1.686311036223384,2.4084563922740094,0.9295159424987969,0.9573333333333334,3.9774432549879726,0.7333333333333333,4.87577873758835,12.28294594913009,70.36455744397836,0.9573333333333334,3.9774432549879726,0.7333333333333333,FAR (IC del modelo AR)
712,741,726,test,30,False,0.9581063883864626,0.9788290904884583,0.895036237414152,0.762912516346576,0.9089261928231461,3.7257319141501157,1.775705820905406,1.6602804006498575,2.4050704850206004,0.9285851857647293,0.9613333333333334,3.9774432549879726,0.7666666666666667,4.810723130105253,11.42698779946118,70.36455744397836,0.9613333333333334,3.9774432549879726,0.7666666666666667,FAR (IC del modelo AR)
713,742,727,test,30,False,0.923997128453038,0.9612476936008939,0.8703152420566448,0.7498933722830742,0.8921335328626765,3.7257319141501157,1.7417136812444896,1.626056642560883,2.395972944406211,0.9280995302268956,0.9671111111111111,3.9774432549879726,0.8,4.769806641703285,10.918735234526203,70.36455744397836,0.9671111111111111,3.9774432549879726,0.8,FAR (IC del modelo AR)
714,743,728,test,30,False,0.9251557228941208,0.9618501561543361,0.8631396132957707,0.7471845071555673,0.8927747683330873,3.7257319141501157,1.7472281012804096,1.6312427937795817,2.4103471304588795,0.928184876428751,0.9671111111111111,3.9774432549879726,0.8,4.769806641703285,10.918735234526203,70.36455744397836,0.9671111111111111,3.9774432549879726,0.8,FAR (IC del modelo AR)
715,744,729,test,30,False,0.9261929786865626,0.9623892033302133,0.8689541616466596,0.7478679490568874,0.8934474994991054,3.7257319141501157,1.7517065486240746,1.6335151276284807,2.4145352430948512,0.9283640094957999,0.9671111111111111,3.9774432549879726,0.8,4.769806641703285,10.918735234526203,70.36455744397836,0.9671111111111111,3.9774432549879726,0.8,FAR (IC del modelo AR)
716,745,730,test,30,False,0.9434188167655683,0.9712974913823098,0.8829251709226484,0.7572826284557513,0.9035561299123928,3.7257319141501157,1.771960492255503,1.6532280162047697,2.403953393992253,0.9302568347278336,0.9648888888888889,3.9774432549879726,0.7666666666666667,4.780173321671328,11.148133362063582,70.36455744397836,0.9648888888888889,3.9774432549879726,0.7666666666666667,FAR (IC del modelo AR)
717,746,731,test,30,False,0.9222279479792683,0.9603270005468285,0.9093668131216389,0.7486811624120213,0.8916400860619824,3.7257319141501157,1.7492526114980407,1.631707794106486,2.4060517023176744,0.9284754938206107,0.9666666666666667,3.9774432549879726,0.8,4.76950649067621,10.89744567461483,70.36455744397836,0.9666666666666667,3.9774432549879726,0.8,FAR (IC del modelo AR)
718,747,732,test,30,False,0.9475999684514008,0.9734474656864647,0.931275686484483,0.7587707732882405,0.9062163553705368,3.7257319141501157,1.7819752785125742,1.663244085949541,2.4160057159538497,0.9309350399628221,0.964,3.9774432549879726,0.7666666666666667,4.784370445782667,11.175587048980978,70.36455744397836,0.964,3.9774432549879726,0.7666666666666667,FAR (IC del modelo AR)
719,748,733,test,30,False,0.9842053435262373,0.992071239138721,0.9543018529468351,0.7742317194126211,0.9235759846671978,3.7257319141501157,1.8036640655464926,1.6857873276311148,2.3968295787808676,0.9309573226505506,0.9582222222222222,3.9774432549879726,0.7333333333333333,4.83117645849945,11.589541344491598,70.36455744397836,0.9582222222222222,3.9774432549879726,0.7333333333333333,FAR (IC del modelo AR)
720,749,734,test,30,False,1.0122507710323865,1.0061067393832457,0.9622388473636425,0.7902744579866282,0.941395725120777,3.7257319141501157,1.8174266969464825,1.7011983126269654,2.3499846062665535,0.935681760463967,0.9582222222222222,3.9774432549879726,0.7333333333333333,4.831176458499448,11.589541344491598,70.36455744397836,0.9582222222222222,3.9774432549879726,0.7333333333333333,FAR (IC del modelo AR)
721,750,735,test,30,False,1.0093877194449963,1.0046828949698487,0.9453962635963901,0.7880365804667405,0.9393189311752274,3.7257319141501157,1.8253519897429438,1.7060154995622085,2.3759144992940695,0.934940702064423,0.9582222222222222,3.9774432549879726,0.7333333333333333,4.83117645849945,11.589541344491598,70.36455744397836,0.9582222222222222,3.9774432549879726,0.7333333333333333,FAR (IC del modelo AR)
722,751,736,test,30,False,1.0115358906590537,1.0057514059940724,0.9290348961559659,0.787488202289026,0.9407744177487559,3.7257319141501157,1.8283175506494447,1.7135335203554738,2.3830391224485648,0.9353945837330507,0.9582222222222222,3.9774432549879726,0.7333333333333333,4.83117645849945,11.589541344491597,70.36455744397836,0.9582222222222222,3.9774432549879726,0.7333333333333333,FAR (IC del modelo AR)
723,752,737,test,30,False,0.9486643445007287,0.9739940166657743,0.923402320222267,0.765728646072697,0.9197407022472667,3.7257319141501157,1.8160428412517884,1.6982798145045896,2.413574389550863,0.9442981029757962,0.9684444444444444,3.9774432549879726,0.7333333333333333,4.5914797348121805,10.886091817689314,70.36455744397836,0.9684444444444444,3.9774432549879726,0.7333333333333333,FAR (IC del modelo AR)
724,753,738,test,30,False,0.87901664011347,0.9375588728786423,0.9245944436304301,0.7450054463287044,0.8958376273755196,3.0273014710169317,1.7629379997990138,1.647092027370056,2.409358601170717,0.9555001326209805,0.9728888888888889,3.9774432549879726,0.7333333333333333,4.332599590772014,9.053735218189349,42.48534370192329,0.9728888888888889,3.9774432549879726,0.7333333333333333,FAR (IC del modelo AR)
725,754,739,test,30,False,0.8732648244569368,0.9344863960791172,0.9374842507251335,0.7436843724315524,0.8931889207681344,3.0273014710169317,1.755035382717067,1.6408280096864767,2.403981969007586,0.9558073017603497,0.9733333333333334,3.9774432549879726,0.7333333333333333,4.321616431885675,8.904029390821107,42.48534370192329,0.9733333333333334,3.9774432549879726,0.7333333333333333,FAR (IC del modelo AR)
726,755,740,test,30,False,0.8653248017805013,0.9302283600173139,0.9563364633092585,0.7425885823158727,0.8891785034688985,3.0273014710169317,1.7401907474723253,1.624252837936532,2.3893529277969154,0.9558712050580233,0.9733333333333334,3.9774432549879726,0.7333333333333333,4.321616431885675,8.904029390821108,42.48534370192329,0.9733333333333334,3.9774432549879726,0.7333333333333333,FAR (IC del modelo AR)
727,756,741,test,30,False,0.8208358471442309,0.9059999156425076,0.9867789462291329,0.723967023435528,0.8672708585239903,2.7994617173130445,1.6827027399350198,1.571706726215638,2.378306129665688,0.9572526923569835,0.9777777777777777,3.9774432549879726,0.7666666666666667,4.208135656933471,7.630595076298945,34.87390043110249,0.9777777777777777,3.9774432549879726,0.7666666666666667,FAR (IC del modelo AR)
728,757,742,test,30,False,0.8027345442436551,0.8959545436257662,0.9649927808169991,0.721481317859477,0.8594627078277318,2.650755314228728,1.656731660873424,1.5483469781019663,2.3579904614994778,0.9592704383747434,0.9804444444444445,3.9774432549879726,0.7666666666666667,4.1368042651426356,6.657916730623115,31.36808850753221,0.9804444444444445,3.9774432549879726,0.7666666666666667,FAR (IC del modelo AR)
729,758,743,test,30,False,0.7821620209841144,0.8843992429802925,0.9501758480338897,0.7088569004399076,0.8475871207361914,2.650755314228728,1.6451024792725302,1.5359766303344278,2.3822724313819017,0.9583761264651813,0.9804444444444445,3.9774432549879726,0.7666666666666667,4.1368042651426356,6.657916730623114,31.36808850753221,0.9804444444444445,3.9774432549879726,0.7666666666666667,FAR (IC del modelo AR)
730,759,744,test,30,False,0.7876801190184828,0.8875134472324815,0.9634138927538812,0.7113805341366042,0.8518928863391312,2.650755314228728,1.663457637407152,1.5532512723882115,2.40526122582143,0.9598647648613942,0.9804444444444445,3.9774432549879726,0.7666666666666667,4.1368042651426356,6.657916730623114,31.36808850753221,0.9804444444444445,3.9774432549879726,0.7666666666666667,FAR (IC del modelo AR)
731,760,745,test,30,False,0.7919599828408599,0.8899213351981511,0.9845842506849446,0.7149333868081149,0.8549432471949816,2.650755314228728,1.6697870004439375,1.5564760827877335,2.401362316709092,0.960695303483896,0.9804444444444445,3.9774432549879726,0.7666666666666667,4.1368042651426356,6.657916730623112,31.36808850753221,0.9804444444444445,3.9774432549879726,0.7666666666666667,FAR (IC del modelo AR)
732,761,746,test,30,False,0.8754540170093517,0.9356569975206468,1.0198937600229707,0.7505652068424454,0.8942306408756291,2.9405557897851926,1.7410344016013313,1.6225248759820128,2.4038796000112046,0.9557248470809373,0.9742222222222222,3.9774432549879726,0.7333333333333333,4.2523028004814165,7.907616819824576,41.773316942302294,0.9742222222222222,3.9774432549879726,0.7333333333333333,FAR (IC del modelo AR)
733,762,747,test,30,False,0.8888130167198143,0.9427688034294592,1.0315382238926833,0.7602259731284579,0.9060759551069657,2.9405557897851926,1.7652574336196853,1.644663896940098,2.4009061631868036,0.9610796961152958,0.9742222222222222,3.9774432549879726,0.7333333333333333,4.2523028004814165,7.907616819824574,41.773316942302294,0.9742222222222222,3.9774432549879726,0.7333333333333333,FAR (IC del modelo AR)
734,763,748,test,30,False,0.9071634531460233,0.9524512864950224,1.0318340493044975,0.7721490851531502,0.9195562640716238,2.9405557897851926,1.7832353063839759,1.6620190342610033,2.371817658628418,0.9654627770576585,0.9742222222222222,3.9774432549879726,0.7333333333333333,4.2523028004814165,7.907616819824574,41.773316942302294,0.9742222222222222,3.9774432549879726,0.7333333333333333,FAR (IC del modelo AR)
735,764,749,test,30,False,0.9162717572205122,0.9572208508074364,1.0718164927835463,0.7787209184023325,0.9259381089512674,2.9405557897851926,1.7995108121797239,1.678945554003501,2.3688493968480397,0.9673192013841098,0.9742222222222222,3.9774432549879726,0.7333333333333333,4.2523028004814165,7.907616819824574,41.773316942302294,0.9742222222222222,3.9774432549879726,0.7333333333333333,FAR (IC del modelo AR)
736,765,750,test,30,False,0.9126786700815825,0.9553421743446598,1.1210956218617667,0.7766808081469153,0.923755120028496,2.9405557897851926,1.79199874716355,1.6726523756479081,2.363909147013779,0.9669363970685878,0.9742222222222222,3.9774432549879726,0.7333333333333333,4.2523028004814165,7.907616819824574,41.773316942302294,0.9742222222222222,3.9774432549879726,0.7333333333333333,FAR (IC del modelo AR)
737,766,751,test,30,False,0.8845837017016218,0.9405231000361564,1.146230216454654,0.7604910007306536,0.907870796419561,2.9405557897851926,1.7782364264136001,1.6560348602145318,2.395253570613006,0.9652828265298958,0.9742222222222222,3.9774432549879726,0.7333333333333333,4.2523028004814165,7.907616819824574,41.773316942302294,0.9742222222222222,3.9774432549879726,0.7333333333333333,FAR (IC del modelo AR)
738,767,752,test,30,False,0.8346831374397495,0.9136099481943865,1.1062399233995728,0.7332620779558698,0.8787442126484771,2.9405557897851926,1.738287517136826,1.6170841316617712,2.4145794690813793,0.9618373950340446,0.9742222222222222,3.9774432549879726,0.7333333333333333,4.2523028004814165,7.907616819824574,41.773316942302294,0.9742222222222222,3.9774432549879726,0.7333333333333333,FAR (IC del modelo AR)
739,768,753,test,30,False,0.8279618421132025,0.9099240859067323,1.0843652092492782,0.7289139580963416,0.8742986089105222,2.9405557897851926,1.7339098537848776,1.6132219970203214,2.4236375426141574,0.9608478580268489,0.9742222222222222,3.9774432549879726,0.7333333333333333,4.2523028004814165,7.9076168198245735,41.773316942302294,0.9742222222222222,3.9774432549879726,0.7333333333333333,FAR (IC del modelo AR)
740,769,754,test,30,False,0.9024890395636795,0.9499942313317905,1.0721872014186211,0.7635237499089763,0.9111887521352214,2.9405557897851926,1.7898708182764274,1.6674056347485158,2.407765056733873,0.9591518791201837,0.9657777777777777,3.9774432549879726,0.7,4.3282038296306,8.68820915707325,41.773316942302294,0.9657777777777777,3.9774432549879726,0.7,FAR (IC del modelo AR)
741,770,755,test,30,False,0.8984809274266878,0.947882338387359,1.0368346899393996,0.7623006865106242,0.9094290960791203,2.9405557897851926,1.789895717814258,1.6679559722428976,2.4103554050685263,0.959432473049704,0.9644444444444444,3.9774432549879726,0.6666666666666666,4.330020687671721,8.738745890162368,41.773316942302294,0.9644444444444444,3.9774432549879726,0.6666666666666666,FAR (IC del modelo AR)
742,771,756,test,30,False,0.9013064469759404,0.9493716063670434,1.025840804176759,0.7630245708571995,0.9111289805571536,2.9405557897851926,1.805424691413151,1.6791663368125465,2.4305882848296947,0.9597179591706637,0.9631111111111111,3.9774432549879726,0.6333333333333333,4.338542459231975,8.999333727241773,41.773316942302294,0.9631111111111111,3.9774432549879726,0.6333333333333333,FAR (IC del modelo AR)
743,772,757,test,30,False,0.9699484399865388,0.984859604200791,1.0203871813575418,0.7863710195075747,0.9398579988233374,3.135315239994274,1.868135190220545,1.7373864792638936,2.4444958348331194,0.9543065781300146,0.9542222222222222,3.9774432549879726,0.6,4.573685441665154,10.547441082550582,50.72553492552274,0.9542222222222222,3.9774432549879726,0.6,FAR (IC del modelo AR)
744,773,758,test,30,False,0.9917275294444845,0.9958551749348318,1.0186076107412638,0.795996277748196,0.9500711831345497,3.135315239994274,1.8865961817131267,1.7572043579273635,2.441045063124578,0.954025451739729,0.9506666666666667,3.9774432549879726,0.5666666666666667,4.590384500574083,10.777144190863227,50.72553492552274,0.9506666666666667,3.9774432549879726,0.5666666666666667,FAR (IC del modelo AR)
745,774,759,test,30,False,1.004439512927295,1.0022172982578652,1.023325703171895,0.8011772197741129,0.9572260668623275,3.135315239994274,1.8948470641642545,1.7683793907422822,2.432130874591604,0.9551083068774155,0.9506666666666667,3.9774432549879726,0.5666666666666667,4.590384500574083,10.77714419086323,50.72553492552274,0.9506666666666667,3.9774432549879726,0.5666666666666667,FAR (IC del modelo AR)
746,775,760,test,30,False,1.069966083233333,1.0343916488609781,1.0365925359781643,0.8207120274434553,0.9812465482844368,3.342741795389249,1.930803107522377,1.803032008956773,2.419411601662213,0.9486218777625843,0.9426666666666667,3.9774432549879726,0.5666666666666667,4.814700852370472,12.202396193748182,53.92181817892847,0.9426666666666667,3.9774432549879726,0.5666666666666667,FAR (IC del modelo AR)
747,776,761,test,30,False,1.1067114737679624,1.0520035521650877,1.0221487111023988,0.8377193175482757,0.9998222895111968,3.342741795389249,1.9622548851854789,1.832000431481648,2.403767009822394,0.9503982067869461,0.9395555555555556,3.9774432549879726,0.5333333333333333,4.857112724024583,12.85555229197536,53.92181817892847,0.9395555555555556,3.9774432549879726,0.5333333333333333,FAR (IC del modelo AR)
748,777,762,test,30,False,1.1349132695104625,1.0653230822198787,1.0097572230397627,0.8494886167629592,1.01103836238606,3.342741795389249,1.9786437781295751,1.845816723920769,2.3910892825976893,0.9490438903091235,0.9382222222222222,3.9774432549879726,0.5333333333333333,4.914223789847498,13.532918561250279,53.92181817892847,0.9382222222222222,3.9774432549879726,0.5333333333333333,FAR (IC del modelo AR)
749,778,763,test,30,False,1.1138036337544284,1.0553689562207278,0.9639531740528587,0.8426005452963906,1.0020982840749457,3.342741795389249,1.981795559319204,1.843483657253555,2.411857210673442,0.94952412440049,0.9413333333333334,3.9774432549879726,0.5333333333333333,4.8886516211250335,13.545121591094373,53.92181817892847,0.9413333333333334,3.9774432549879726,0.5333333333333333,FAR (IC del modelo AR)
750,779,764,test,30,False,1.1107476843518844,1.0539201508425031,0.9510318796331956,0.8408228580717333,1.000617699246081,3.342741795389249,1.9822818059220586,1.8447922892092674,2.416791491838893,0.9494245825418441,0.9413333333333334,3.9774432549879726,0.5333333333333333,4.8886516211250335,13.545121591094373,53.92181817892847,0.9413333333333334,3.9774432549879726,0.5333333333333333,FAR (IC del modelo AR)
751,780,765,test,30,False,1.1069050405946501,1.0520955472744147,0.9522469132865102,0.8397201980979928,0.9974730113499758,3.342741795389249,1.9599332835635808,1.826311131060273,2.37741640165625,0.9480821527417872,0.9413333333333334,3.9774432549879726,0.5333333333333333,4.8886516211250335,13.545121591094373,53.92181817892847,0.9413333333333334,3.9774432549879726,0.5333333333333333,FAR (IC del modelo AR)
752,781,766,test,30,False,1.109098798286986,1.053137597034208,0.9634093554612192,0.8429779198585846,0.9988777187746134,3.342741795389249,1.956003222310908,1.8236472255996499,2.35965781002019,0.9484778832201998,0.9413333333333334,3.9774432549879726,0.5333333333333333,4.8886516211250335,13.545121591094373,53.92181817892847,0.9413333333333334,3.9774432549879726,0.5333333333333333,FAR (IC del modelo AR)
753,782,767,test,30,False,1.0761163432749923,1.0373602765071508,0.9814055533857379,0.8301717780684672,0.9806755610623298,3.342741795389249,1.9075092766906203,1.779197310419036,2.337247906087915,0.9453567707106721,0.9444444444444444,3.9774432549879726,0.5666666666666667,4.828951752739065,12.642262449718583,53.92181817892847,0.9444444444444444,3.9774432549879726,0.5666666666666667,FAR (IC del modelo AR)
754,783,768,test,30,False,1.1607729625833116,1.0773917405397684,1.0270428302741288,0.8559653220281541,1.0085800634762228,3.342741795389249,1.9310195500696132,1.8052557903065258,2.3173399355983952,0.9361312376229363,0.9297777777777778,3.9774432549879726,0.5666666666666667,5.1416046026423965,13.432757807897051,53.92181817892847,0.9297777777777778,3.9774432549879726,0.5666666666666667,FAR (IC del modelo AR)
755,784,769,test,30,False,1.1332686220309744,1.064550901568814,1.0393901995564159,0.8419430404595002,0.991002955605233,3.342741795389249,1.89279921371446,1.7692067606953894,2.3021527059168365,0.9309117620818373,0.932,3.9774432549879726,0.6,5.1368940087788335,13.298934315232007,53.92181817892847,0.932,3.9774432549879726,0.6,FAR (IC del modelo AR)
756,785,770,test,30,False,1.1217089438670482,1.0591076167543354,1.0491174672893793,0.8365040627225497,0.9839939792964788,3.342741795389249,1.8759754938508881,1.7549519056856444,2.293386209316169,0.9290783710081848,0.932,3.9774432549879726,0.6,5.136894008778834,13.298934315232007,53.92181817892847,0.932,3.9774432549879726,0.6,FAR (IC del modelo AR)
757,786,771,test,30,False,1.1266044724207123,1.0614162578464268,1.0513920666641607,0.8409975735022747,0.9873170103541811,3.342741795389249,1.8798974305681502,1.758349194624021,2.2828656876826092,0.9301883243784204,0.932,3.9774432549879726,0.6,5.1368940087788335,13.298934315232007,53.92181817892847,0.932,3.9774432549879726,0.6,FAR (IC del modelo AR)
758,787,772,test,30,False,1.1045962637400193,1.0509977467816092,1.0259589951936425,0.8287872531509765,0.9743277118798043,3.342741795389249,1.8532777354062033,1.7350425691843294,2.2821552379325194,0.9270502385598963,0.9328888888888889,3.9774432549879726,0.6333333333333333,5.135713935667329,13.251893122079704,53.92181817892847,0.9328888888888889,3.9774432549879726,0.6333333333333333,FAR (IC del modelo AR)
759,788,773,test,30,False,1.101260768896508,1.0494097240337104,1.003551352593558,0.8281411713193606,0.9717600503105523,3.342741795389249,1.8395693431958766,1.723046392562531,2.2593681158029977,0.9260063329462119,0.9328888888888889,3.9774432549879726,0.6333333333333333,5.13571393566733,13.251893122079705,53.92181817892847,0.9328888888888889,3.9774432549879726,0.6333333333333333,FAR (IC del modelo AR)
760,789,774,test,30,False,1.096116772390587,1.0469559553250494,0.988596205090287,0.8236772390237992,0.9677762183976648,3.342741795389249,1.8354127845645996,1.7172150641450277,2.2763067674337214,0.9243714728163502,0.9328888888888889,3.9774432549879726,0.6333333333333333,5.135713935667329,13.251893122079704,53.92181817892847,0.9328888888888889,3.9774432549879726,0.6333333333333333,FAR (IC del modelo AR)
761,790,775,test,30,False,1.0930030883939967,1.0454678801350124,0.9646840033348248,0.820509785057726,0.9655976305527302,3.342741795389249,1.8320482723939373,1.7167282149705423,2.283936562093156,0.9236033443973739,0.9328888888888889,3.9774432549879726,0.6333333333333333,5.135713935667329,13.251893122079704,53.92181817892847,0.9328888888888889,3.9774432549879726,0.6333333333333333,FAR (IC del modelo AR)
762,791,776,test,30,False,1.0101553639113283,1.005064855574668,0.9316608415623744,0.7844766956387351,0.9269788458048326,3.342741795389249,1.7673700278631217,1.65589185046759,2.2992091164855233,0.9223074915646234,0.9391111111111111,3.9774432549879726,0.6666666666666666,5.02021540032855,12.002193032878242,53.92181817892847,0.9391111111111111,3.9774432549879726,0.6666666666666666,FAR (IC del modelo AR)
763,792,777,test,30,False,1.0226717088352038,1.0112723217982402,0.9234344968080616,0.7925391158252658,0.9343260072943222,3.342741795389249,1.7680441069053807,1.6590544400930465,2.275432775572413,0.9239113808958082,0.9391111111111111,3.9774432549879726,0.6666666666666666,5.020215400328549,12.002193032878242,53.92181817892847,0.9391111111111111,3.9774432549879726,0.6666666666666666,FAR (IC del modelo AR)
764,793,778,test,30,False,1.00678010045239,1.0033843234037445,0.9407513380242178,0.7833225242521722,0.923236198958093,3.342741795389249,1.7444455289302376,1.6401968108337885,2.2728257338850164,0.9201222078358091,0.9391111111111111,3.9774432549879726,0.6666666666666666,5.02021540032855,12.002193032878242,53.92181817892847,0.9391111111111111,3.9774432549879726,0.6666666666666666,FAR (IC del modelo AR)
765,794,779,test,30,False,1.0386721797709728,1.0191526773604496,0.9465127460646341,0.7957885565147594,0.938577031400862,3.342741795389249,1.7701462918283661,1.6636125613649166,2.2653286911069643,0.9209385916855224,0.9337777777777778,3.9774432549879726,0.6333333333333333,5.079538510522874,12.778662561416166,53.92181817892847,0.9337777777777778,3.9774432549879726,0.6333333333333333,FAR (IC del modelo AR)
766,795,780,test,30,False,1.1001842443025334,1.048896679517355,0.9778236833298499,0.8175134913194024,0.9646216355962688,3.342741795389249,1.8176152179354668,1.7085284140566375,2.2705811321766003,0.9196536269331456,0.9248888888888889,3.9774432549879726,0.6,5.204032740225761,13.610277013069458,53.92181817892847,0.9248888888888889,3.9774432549879726,0.6,FAR (IC del modelo AR)
767,796,781,test,30,False,1.0938976638911524,1.045895627627897,0.9806142014340344,0.8121518223120373,0.9590309426884389,3.342741795389249,1.801637777931061,1.6958189786892568,2.268781940878943,0.9169470809085719,0.9248888888888889,3.9774432549879726,0.6,5.2040327402257605,13.610277013069458,53.92181817892847,0.9248888888888889,3.9774432549879726,0.6,FAR (IC del modelo AR)
768,797,782,test,30,False,1.1475419344278341,1.0712338374173185,0.9813099750480796,0.838763205946633,0.989581131500388,3.342741795389249,1.8441944058918527,1.7387120067774182,2.2526550370228273,0.9237769541393592,0.9217777777777778,3.9774432549879726,0.5666666666666667,5.206036926398955,13.635305147552483,53.92181817892847,0.9217777777777778,3.9774432549879726,0.5666666666666667,FAR (IC del modelo AR)
769,798,783,test,30,False,1.1481971636321981,1.071539622987502,0.9601399757293312,0.8417438439577669,0.9900516245452228,3.342741795389249,1.8389005002600196,1.7307960259183306,2.233303623461366,0.9239524169763439,0.9217777777777778,3.9774432549879726,0.5666666666666667,5.206036926398954,13.635305147552481,53.92181817892847,0.9217777777777778,3.9774432549879726,0.5666666666666667,FAR (IC del modelo AR)
770,799,784,test,30,False,1.1248364976467866,1.0605830932306939,0.9747459003451484,0.8332588537017298,0.9819513741421008,3.342741795389249,1.8323554240110456,1.7232022919118717,2.240723566342088,0.9258599165020921,0.9271111111111111,3.9774432549879726,0.5666666666666667,5.1557847961365955,13.26648790043473,53.92181817892847,0.9271111111111111,3.9774432549879726,0.5666666666666667,FAR (IC del modelo AR)
771,800,785,test,30,False,1.1095781271157428,1.0533651442475884,0.9767091611320644,0.8279586259619405,0.9743054182922604,3.342741795389249,1.8209106450067616,1.7088113284649105,2.240138549517405,0.9249455648052605,0.9284444444444444,3.9774432549879726,0.6,5.153967938095475,13.215951167345613,53.92181817892847,0.9284444444444444,3.9774432549879726,0.6,FAR (IC del modelo AR)
772,801,786,test,30,False,1.0987929805468672,1.0482332662851657,0.9774159639469817,0.8229504398323837,0.9671011624625105,3.342741795389249,1.7969810206085326,1.6908608430073204,2.223728467936239,0.9226010980264162,0.9297777777777778,3.9774432549879726,0.6333333333333333,5.145446166535222,12.955363330266207,53.92181817892847,0.9297777777777778,3.9774432549879726,0.6333333333333333,FAR (IC del modelo AR)
773,802,787,test,30,False,1.0196356480036288,1.0097700966079501,0.9914065930173174,0.7908300721364588,0.9301647161697141,3.342741795389249,1.7281361700830162,1.6244511021262318,2.2350042324527566,0.9211648466263272,0.9386666666666666,3.9774432549879726,0.6666666666666666,4.91030318410204,11.407255974957398,53.92181817892847,0.9386666666666666,3.9774432549879726,0.6666666666666666,FAR (IC del modelo AR)
774,803,788,test,30,False,0.9862564897430541,0.9931044707094285,0.9733467675797399,0.7754323246998374,0.9127460167153826,3.342741795389249,1.7072269684955472,1.600268693027776,2.2576405860927324,0.9190835844927358,0.9422222222222222,3.9774432549879726,0.7,4.893604125193112,11.177552866644755,53.92181817892847,0.9422222222222222,3.9774432549879726,0.7,FAR (IC del modelo AR)
775,804,789,test,30,False,0.9714536236799983,0.9856234695257607,0.9569287609974116,0.7709393908625867,0.9042162703940362,3.342741795389249,1.683459169480347,1.5779022108417633,2.2389402718873495,0.9174053767501151,0.9422222222222222,3.9774432549879726,0.7,4.893604125193112,11.177552866644755,53.92181817892847,0.9422222222222222,3.9774432549879726,0.7,FAR (IC del modelo AR)
776,805,790,test,30,False,0.9426284894526874,0.9708905651270319,0.9608017137824452,0.7673551609589838,0.8951412293507917,2.8378948719366712,1.6460272162291294,1.5431268305505297,2.216691199357672,0.9219795325064992,0.9493333333333334,3.9774432549879726,0.7,4.668415356840517,9.709673296733264,39.10872020433343,0.9493333333333334,3.9774432549879726,0.7,FAR (IC del modelo AR)
777,806,791,test,30,False,0.932347719397496,0.9655815446649216,0.9378752400884659,0.7644554753642427,0.8908705480429722,2.8378948719366712,1.6279493425851115,1.5272631357012836,2.205399479727996,0.9226259066002801,0.9524444444444444,3.9774432549879726,0.7333333333333333,4.626003485186406,9.05651719850608,39.10872020433343,0.9524444444444444,3.9774432549879726,0.7333333333333333,FAR (IC del modelo AR)
778,807,792,test,30,False,0.8863863440453648,0.9414809313232875,0.9136969310785673,0.7476227317173816,0.8702929459391466,2.8378948719366712,1.5843173734858476,1.4844084054467324,2.198806257414937,0.92438722547032,0.9564444444444444,3.9774432549879726,0.7666666666666667,4.554028464257034,8.101009554865012,39.10872020433343,0.9564444444444444,3.9774432549879726,0.7666666666666667,FAR (IC del modelo AR)
779,808,793,test,30,False,1.0687979768350035,1.0338268601825953,0.9559295003573061,0.795686343016851,0.9208331329286612,4.078892052288448,1.6396808940524645,1.5444487819248767,2.164851829208468,0.8907034324548532,0.9373333333333334,3.9774432549879726,0.7666666666666667,5.407066202224246,10.258498788389254,81.79171103262715,0.9373333333333334,3.9774432549879726,0.7666666666666667,FAR (IC del modelo AR)
780,809,794,test,30,False,1.1390815721537006,1.0672776452984016,0.9902879521774052,0.8217287841271687,0.9461289146256434,4.078892052288448,1.673281626440492,1.576244337979784,2.150893508348353,0.886488083764852,0.9257777777777778,3.9774432549879726,0.7333333333333333,5.576953271258999,11.315083847964765,81.79171103262715,0.9257777777777778,3.9774432549879726,0.7333333333333333,FAR (IC del modelo AR)
781,810,795,test,30,False,1.1693816286823586,1.0813795026180026,1.0058318898778833,0.8364860188520117,0.9642569445927321,4.078892052288448,1.7170766199863523,1.6157251402289607,2.1665983422015938,0.8916915312878424,0.9235555555555556,3.9774432549879726,0.7,5.595320162030168,11.687953913909165,81.79171103262715,0.9235555555555556,3.9774432549879726,0.7,FAR (IC del modelo AR)
782,811,796,test,30,False,1.159172708573674,1.0766488325232486,0.9957130882510178,0.8290515864745643,0.9568714602708234,4.078892052288448,1.7130252950517553,1.6098719158814183,2.1903754854958026,0.8887498238662337,0.9235555555555556,3.9774432549879726,0.7,5.595320162030168,11.687953913909167,81.79171103262715,0.9235555555555556,3.9774432549879726,0.7,FAR (IC del modelo AR)
783,812,797,test,30,False,1.1498554179645437,1.072313115635794,0.98764790095078,0.8203291069057607,0.9473738599949738,4.078892052288448,1.6946525995904755,1.5934860002809874,2.191170095588975,0.8834862188860375,0.9235555555555556,3.9774432549879726,0.7,5.595320162030168,11.687953913909167,81.79171103262715,0.9235555555555556,3.9774432549879726,0.7,FAR (IC del modelo AR)
784,813,798,test,30,False,1.0359953506807174,1.0178385680847024,0.9823395134840593,0.7791907422798041,0.9020134787974499,4.078892052288448,1.6356468876579886,1.532894689668512,2.208871939067173,0.8862048531868821,0.9408888888888889,3.9774432549879726,0.7333333333333333,5.265399465807117,10.527073715973337,81.79171103262715,0.9408888888888889,3.9774432549879726,0.7333333333333333,FAR (IC del modelo AR)
785,814,799,test,30,False,1.1719384219700573,1.0825610476874075,1.0040691253479577,0.821832225604279,0.9542235527657884,4.3569736841159585,1.7535837939544037,1.6460986353084335,2.233277851394814,0.8814501083372837,0.9306666666666666,3.9774432549879726,0.7,5.736983800018806,13.791869925896433,102.22620056395135,0.9306666666666666,3.9774432549879726,0.7,FAR (IC del modelo AR)
786,815,800,test,30,False,1.2124634714632248,1.101119190398217,1.0332171050858037,0.8376889681903458,0.9741268497667609,4.3569736841159585,1.792774367730843,1.6869034404998198,2.243227507889563,0.8846697598781023,0.9253333333333333,3.9774432549879726,0.6666666666666666,5.798370613329857,14.440484268525244,102.22620056395135,0.9253333333333333,3.9774432549879726,0.6666666666666666,FAR (IC del modelo AR)
787,816,801,test,30,False,1.2654322796214343,1.1249143432374904,1.0083396873861448,0.8591761144391646,0.9974381159677884,4.3569736841159585,1.8213479677059765,1.714863487990858,2.230247130431165,0.8866791698087635,0.9173333333333333,3.9774432549879726,0.6333333333333333,5.835676884644682,14.700191120335749,102.22620056395135,0.9173333333333333,3.9774432549879726,0.6333333333333333,FAR (IC del modelo AR)
788,817,802,test,30,False,1.2805567662708668,1.1316168814006209,0.9879424024891867,0.8663916826697826,1.0069502570221627,4.3569736841159585,1.841299090847573,1.7327467192438344,2.2360799851201616,0.8898331878681802,0.9173333333333333,3.9774432549879726,0.6333333333333333,5.835676884644682,14.700191120335749,102.22620056395135,0.9173333333333333,3.9774432549879726,0.6333333333333333,FAR (IC del modelo AR)
789,818,803,test,30,False,1.2814100628125547,1.1319938439817394,0.9695590390742568,0.8661817472459469,1.0076369534816159,4.3569736841159585,1.847651983787087,1.7379237624422355,2.249139510405183,0.890143492244884,0.9173333333333333,3.9774432549879726,0.6333333333333333,5.835676884644682,14.700191120335749,102.22620056395135,0.9173333333333333,3.9774432549879726,0.6333333333333333,FAR (IC del modelo AR)
790,819,804,test,30,False,1.2936626541992682,1.1373929198826886,0.9779154418708991,0.875101876056021,1.016211548324152,4.3569736841159585,1.8538397863981027,1.7445154006094188,2.218643757123448,0.8934568965217092,0.9173333333333333,3.9774432549879726,0.6333333333333333,5.835676884644682,14.700191120335749,102.22620056395135,0.9173333333333333,3.9774432549879726,0.6333333333333333,FAR (IC del modelo AR)
791,820,805,test,30,False,1.3170570658145309,1.1476310669437852,0.9692941428455645,0.8885628199278466,1.029487637783251,4.3569736841159585,1.8857654031027897,1.7702172536849436,2.21554135641724,0.8970545216459173,0.9155555555555556,3.9774432549879726,0.6,5.848435065787106,15.00610593163412,102.22620056395135,0.9155555555555556,3.9774432549879726,0.6,FAR (IC del modelo AR)
792,821,806,test,30,False,1.3808670097494535,1.1751029783595366,0.9658725263670395,0.9200027684265809,1.0620061858639853,4.3569736841159585,1.9388279199183427,1.8207255025298041,2.1983730236681907,0.903755845591136,0.912,3.9774432549879726,0.5666666666666667,5.897736448515786,15.689071916409596,102.22620056395135,0.912,3.9774432549879726,0.5666666666666667,FAR (IC del modelo AR)
793,822,807,test,30,False,1.3568378699787405,1.164833837926569,0.9769775193803065,0.9039397265523755,1.0450155483853656,4.3569736841159585,1.9153499894475348,1.7961407465798633,2.2169446189820663,0.8971370116149074,0.912,3.9774432549879726,0.5666666666666667,5.897736448515786,15.689071916409596,102.22620056395135,0.912,3.9774432549879726,0.5666666666666667,FAR (IC del modelo AR)
794,823,808,test,30,False,1.3564878689287645,1.1646835917659202,0.9697181495244042,0.9025363900865274,1.044694643986347,4.3569736841159585,1.9216913499925785,1.7997335066216071,2.2400515949427287,0.896977214560357,0.912,3.9774432549879726,0.5666666666666667,5.897736448515786,15.689071916409596,102.22620056395135,0.912,3.9774432549879726,0.5666666666666667,FAR (IC del modelo AR)
795,824,809,test,30,False,1.3259988184194604,1.1515202205864474,0.9616309587161403,0.8927989337266194,1.0302070926898659,4.3569736841159585,1.8828155574842222,1.76279526930281,2.220403180055031,0.8946495895358233,0.9173333333333333,3.9774432549879726,0.6,5.8384133383214625,14.912602387871669,102.22620056395135,0.9173333333333333,3.9774432549879726,0.6,FAR (IC del modelo AR)
796,825,810,test,30,False,1.2993698245871355,1.139899041401095,0.9534126624730342,0.8859653633522644,1.0209099789337934,4.3569736841159585,1.8657760240760453,1.7486069609054056,2.2175469396784604,0.8956143850063709,0.9204444444444444,3.9774432549879726,0.6,5.75256527362363,14.560021273756899,102.22620056395135,0.9204444444444444,3.9774432549879726,0.6,FAR (IC del modelo AR)
797,826,811,test,30,False,1.3251468054742401,1.1511502097790018,0.9598319817683968,0.9007887668874927,1.0383333125695744,4.3569736841159585,1.8919957365064817,1.7744936135868798,2.1992253211978072,0.9019963717583945,0.9204444444444444,3.9774432549879726,0.6,5.75256527362363,14.560021273756899,102.22620056395135,0.9204444444444444,3.9774432549879726,0.6,FAR (IC del modelo AR)
798,827,812,test,30,False,1.277255321546394,1.1301572109872122,0.9764066365336742,0.8790372939058173,1.0134774655128027,4.3569736841159585,1.8640821679953412,1.7419407621046674,2.2224363525569704,0.8967579516017177,0.9235555555555556,3.9774432549879726,0.6333333333333333,5.7505610874504365,14.534993139273874,102.22620056395135,0.9235555555555556,3.9774432549879726,0.6333333333333333,FAR (IC del modelo AR)
799,828,813,test,30,False,1.2976724683694074,1.1391542776856027,0.9975655541621287,0.8877852574051283,1.0251069132964352,4.3569736841159585,1.8829018003221039,1.7609442996110551,2.225161153647932,0.899884180200003,0.9235555555555556,3.9774432549879726,0.6333333333333333,5.7505610874504365,14.534993139273874,102.22620056395135,0.9235555555555556,3.9774432549879726,0.6333333333333333,FAR (IC del modelo AR)
800,829,814,test,30,False,1.2829054870061818,1.1326541780288377,0.9744962509464282,0.8815133571703513,1.0191063151450603,4.3569736841159585,1.870683248074193,1.7497695071467563,2.22559604588034,0.899750634318601,0.9244444444444444,3.9774432549879726,0.6333333333333333,5.7374595135370265,14.368962037785911,102.22620056395135,0.9244444444444444,3.9774432549879726,0.6333333333333333,FAR (IC del modelo AR)
801,830,815,test,30,False,1.261955821888758,1.1233680705310962,0.9656076058189119,0.8654726030440784,1.0026393875741753,4.3569736841159585,1.8433141218153763,1.7251400589904544,2.243552880809086,0.8925297183319053,0.9244444444444444,3.9774432549879726,0.6333333333333333,5.7374595135370265,14.36896203778591,102.22620056395135,0.9244444444444444,3.9774432549879726,0.6333333333333333,FAR (IC del modelo AR)
802,831,816,test,30,False,1.2546781660159934,1.120124174373535,0.9697086843055991,0.8595307916146461,0.9958913387889423,4.3569736841159585,1.8284897022350222,1.710154082286168,2.2444582601502945,0.8890901219464585,0.9244444444444444,3.9774432549879726,0.6333333333333333,5.7374595135370265,14.368962037785911,102.22620056395135,0.9244444444444444,3.9774432549879726,0.6333333333333333,FAR (IC del modelo AR)
803,832,817,test,30,False,1.2640696269330036,1.12430851056683,0.9675709579259714,0.8683978987459154,1.0033520126026734,4.3569736841159585,1.8372734741691559,1.7192686180038004,2.2229492239664568,0.8924169862387902,0.9244444444444444,3.9774432549879726,0.6333333333333333,5.7374595135370265,14.36896203778591,102.22620056395135,0.9244444444444444,3.9774432549879726,0.6333333333333333,FAR (IC del modelo AR)
804,833,818,test,30,False,1.2607030056841135,1.1228103159857918,0.9673162958263929,0.8644150648425897,1.0007958015624636,4.3569736841159585,1.8350968930232805,1.7168487626678173,2.2438805223235954,0.8913311423254932,0.9244444444444444,3.9774432549879726,0.6333333333333333,5.7374595135370265,14.368962037785911,102.22620056395135,0.9244444444444444,3.9774432549879726,0.6333333333333333,FAR (IC del modelo AR)
805,834,819,test,30,False,1.2596528470678277,1.1223425711732704,0.9713529956109875,0.8639764667837135,1.0000754979610211,4.3569736841159585,1.8311123341778173,1.7128784513494841,2.2389420407684892,0.8910608254978387,0.9244444444444444,3.9774432549879726,0.6333333333333333,5.7374595135370265,14.36896203778591,102.22620056395135,0.9244444444444444,3.9774432549879726,0.6333333333333333,FAR (IC del modelo AR)
806,835,820,test,30,False,1.1941827541296952,1.0927866919622031,0.9730972464155297,0.8315279077264874,0.9643361593992609,4.3569736841159585,1.7798779243266327,1.6650219302061922,2.251761708825107,0.882455987515462,0.9275555555555556,3.9774432549879726,0.6666666666666666,5.72796525012519,14.182191477275069,102.22620056395135,0.9275555555555556,3.9774432549879726,0.6666666666666666,FAR (IC del modelo AR)
807,836,821,test,30,False,1.1868980573954844,1.0894485106674314,0.9665099320063931,0.8295912899653509,0.9609928221154965,4.3569736841159585,1.7692782751964855,1.6557494944114763,2.2446271429885214,0.8820910880191678,0.9275555555555556,3.9774432549879726,0.6666666666666666,5.72796525012519,14.182191477275069,102.22620056395135,0.9275555555555556,3.9774432549879726,0.6666666666666666,FAR (IC del modelo AR)
808,837,822,test,30,False,1.1945088681822111,1.0929358939033027,0.9632999999852176,0.8332935202759358,0.9653494869664975,4.3569736841159585,1.7729643297960385,1.663499342441732,2.2395367667210246,0.8832626802280745,0.9275555555555556,3.9774432549879726,0.6666666666666666,5.72796525012519,14.182191477275069,102.22620056395135,0.9275555555555556,3.9774432549879726,0.6666666666666666,FAR (IC del modelo AR)
809,838,823,test,30,False,0.9929483736006991,0.9964679491085998,0.943895102715012,0.7737930063806188,0.9039793185895646,4.3569736841159585,1.6904191185614095,1.5808909220721803,2.28235952623311,0.9071835370101248,0.9493333333333334,3.9774432549879726,0.7,4.85369366816366,11.598544918396112,102.22620056395135,0.9493333333333334,3.9774432549879726,0.7,FAR (IC del modelo AR)
810,839,824,test,30,False,0.9034652351717091,0.9505078827509581,0.8971939243539557,0.7387065313189041,0.8672273628115257,4.3569736841159585,1.6455000531323378,1.5357841694059582,2.3111203795661033,0.9123831359521164,0.9608888888888889,3.9774432549879726,0.7333333333333333,4.683806599128906,10.541959858820599,102.22620056395135,0.9608888888888889,3.9774432549879726,0.7333333333333333,FAR (IC del modelo AR)
811,840,825,test,30,False,0.8785871193356852,0.9373297815260567,0.8808538915887428,0.7285805407752228,0.8534127027864905,4.3569736841159585,1.6135386929005733,1.5056182105493954,2.299675219960759,0.9104721941055348,0.9631111111111111,3.9774432549879726,0.7666666666666667,4.665439708357738,10.1690897928762,102.22620056395135,0.9631111111111111,3.9774432549879726,0.7666666666666667,FAR (IC del modelo AR)
812,841,826,test,30,False,0.8767062117978072,0.9363259111003002,0.8930406628121768,0.7274822071220346,0.851718024145015,4.3569736841159585,1.601888057797699,1.4961800648955565,2.280176516218478,0.9096384218868191,0.9631111111111111,3.9774432549879726,0.7666666666666667,4.665439708357737,10.1690897928762,102.22620056395135,0.9631111111111111,3.9774432549879726,0.7666666666666667,FAR (IC del modelo AR)
813,842,827,test,30,False,0.8832320424518175,0.9398042575195207,0.9002150072512538,0.7327035999581256,0.8588814689052137,4.3569736841159585,1.6186973423603122,1.5125342904520058,2.292348999414541,0.9138939965776586,0.9631111111111111,3.9774432549879726,0.7666666666666667,4.665439708357738,10.169089792876198,102.22620056395135,0.9631111111111111,3.9774432549879726,0.7666666666666667,FAR (IC del modelo AR)
814,843,828,test,30,False,1.028991932847628,1.0143923958940289,0.9293759246816148,0.7834534005475288,0.9120144986560715,4.3569736841159585,1.695523524781365,1.5888559383497929,2.2756434670075687,0.8990746602080676,0.944,3.9774432549879726,0.7333333333333333,5.124722380215101,12.03428716407189,102.22620056395135,0.944,3.9774432549879726,0.7333333333333333,FAR (IC del modelo AR)
815,844,829,test,30,False,0.9187768092267846,0.9585284603113173,0.9253777350199958,0.7527868210053009,0.8765218368697626,3.3725089865936537,1.621375424806406,1.5175089482680562,2.278735264130904,0.9144452910507007,0.952,3.9774432549879726,0.7333333333333333,4.659775234415581,8.911883838102602,60.238235402129206,0.952,3.9774432549879726,0.7333333333333333,FAR (IC del modelo AR)
816,845,830,test,30,False,0.8830879078803828,0.9397275710972743,0.923839980613676,0.7383128769854663,0.8597719967682999,3.3725089865936537,1.593859484540708,1.4884977176686125,2.2818291954151846,0.9149162195639166,0.9573333333333334,3.9774432549879726,0.7666666666666667,4.59838842110453,8.263269495473791,60.238235402129206,0.9573333333333334,3.9774432549879726,0.7666666666666667,FAR (IC del modelo AR)
817,846,831,test,30,False,0.8619259280916473,0.9283996596787654,0.9012393348143172,0.7267035806837563,0.8520482713976435,3.3725089865936537,1.6077602042572574,1.4996871937689311,2.317084142923423,0.9177602151345681,0.9608888888888889,3.9774432549879726,0.7666666666666667,4.632383698137008,8.85019763014032,60.238235402129206,0.9608888888888889,3.9774432549879726,0.7666666666666667,FAR (IC del modelo AR)
818,847,832,test,30,False,0.8902370487145415,0.9435237404085504,0.89331489566507,0.737397684182275,0.8646172842457676,3.3725089865936537,1.6175999286124758,1.511081860977453,2.303812215124418,0.916370460240231,0.9573333333333334,3.9774432549879726,0.7333333333333333,4.638102603932193,8.947234686630383,60.238235402129206,0.9573333333333334,3.9774432549879726,0.7333333333333333,FAR (IC del modelo AR)
819,848,833,test,30,False,0.9307241231695668,0.9647404434196624,0.9299242744843903,0.7571867403611999,0.8859054623004284,3.3725089865936537,1.655521051141888,1.5489381752560087,2.295116868228827,0.9182837397800055,0.9528888888888889,3.9774432549879726,0.7,4.6767811868841545,9.373685229687128,60.238235402129206,0.9528888888888889,3.9774432549879726,0.7,FAR (IC del modelo AR)
820,849,834,test,30,False,0.9212820154229159,0.9598343687443766,0.9301192353974329,0.7513180269270652,0.8795979084342229,3.3725089865936537,1.6469200489321374,1.5415152707890678,2.303432750945431,0.9164059311450617,0.9528888888888889,3.9774432549879726,0.7,4.676781186884155,9.37368522968713,60.238235402129206,0.9528888888888889,3.9774432549879726,0.7,FAR (IC del modelo AR)
821,850,835,test,30,False,0.9442643432823441,0.9717326501061617,0.9528746922088329,0.7595563580914008,0.8890065316710274,3.3725089865936537,1.6507956995140496,1.5505796082478147,2.2894079394371816,0.9148674088226875,0.9502222222222222,3.9774432549879726,0.7,4.726050994535089,9.71218985682167,60.238235402129206,0.9502222222222222,3.9774432549879726,0.7,FAR (IC del modelo AR)
822,851,836,test,30,False,0.8946873880050286,0.9458791614181108,0.9643562726417533,0.7381201878041002,0.867335264673374,3.3725089865936537,1.6154401589134746,1.5163415398505822,2.2973362258746457,0.9169620180372937,0.9537777777777777,3.9774432549879726,0.7333333333333333,4.676749611806408,9.029223872046199,60.238235402129206,0.9537777777777777,3.9774432549879726,0.7333333333333333,FAR (IC del modelo AR)
823,852,837,test,30,False,1.0061368749960093,1.00306374423364,0.9649796629411477,0.781095360247272,0.9150470243025316,3.3725089865936537,1.695736395374522,1.5948903083623733,2.282283616436111,0.912252117139021,0.9426666666666667,3.9774432549879726,0.7,5.042297709043202,11.119078584989104,66.97795565454568,0.9426666666666667,3.9774432549879726,0.7,FAR (IC del modelo AR)
824,853,838,test,30,False,1.0325675399661365,1.0161533053462635,0.9957973171779414,0.7975264478565862,0.9317520819706673,3.3725089865936537,1.7172995912803195,1.6159420806174591,2.250997318823601,0.916940462692452,0.9426666666666667,3.9774432549879726,0.7,5.042297709043202,11.119078584989104,66.97795565454568,0.9426666666666667,3.9774432549879726,0.7,FAR (IC del modelo AR)
825,854,839,test,30,False,1.0391896479815133,1.0194065175294462,1.0009706718078402,0.7970353158713777,0.9354694549407757,3.3725089865936537,1.7318321475925214,1.6333928520276217,2.2718481549853524,0.9176608535012177,0.9426666666666667,3.9774432549879726,0.7,5.042297709043203,11.119078584989104,66.97795565454568,0.9426666666666667,3.9774432549879726,0.7,FAR (IC del modelo AR)
826,855,840,test,30,False,0.9933213252323724,0.9966550683322553,0.9863386665463253,0.7745972407954991,0.9104827010564461,3.3725089865936537,1.6927401806681428,1.5945921153977047,2.2810212304251323,0.9135384246628024,0.9484444444444444,3.9774432549879726,0.7333333333333333,5.003651544038148,10.640045247450587,66.97795565454568,0.9484444444444444,3.9774432549879726,0.7333333333333333,FAR (IC del modelo AR)
827,856,841,test,30,False,0.9648922518927051,0.9822892913458362,0.9785469088883715,0.7570229350820539,0.8899924584866655,3.3725089865936537,1.6602543611267255,1.5614919374374214,2.3040333518219613,0.9060390521689241,0.9484444444444444,3.9774432549879726,0.7333333333333333,5.0036515440381475,10.640045247450587,66.97795565454568,0.9484444444444444,3.9774432549879726,0.7333333333333333,FAR (IC del modelo AR)
828,857,842,test,30,False,0.9739422029948358,0.9868851012123122,0.9790414623335337,0.7629951238292959,0.8965594220649292,3.3725089865936537,1.663848353309664,1.5685917683899908,2.2871245942947547,0.9084739661826642,0.9484444444444444,3.9774432549879726,0.7333333333333333,5.0036515440381475,10.640045247450587,66.97795565454568,0.9484444444444444,3.9774432549879726,0.7333333333333333,FAR (IC del modelo AR)
829,858,843,test,30,False,0.9452549644693017,0.9722422354893361,0.9726249814032777,0.74570479875385,0.8780382746426106,3.3725089865936537,1.636746762798979,1.543737796993009,2.3038434338432765,0.9031064919749018,0.9484444444444444,3.9774432549879726,0.7333333333333333,5.0036515440381475,10.640045247450589,66.97795565454568,0.9484444444444444,3.9774432549879726,0.7333333333333333,FAR (IC del modelo AR)
830,859,844,test,30,False,0.9292525613455768,0.9639774693142869,0.9806409609180797,0.7399898358724316,0.8702180897795616,3.3725089865936537,1.6204349745934477,1.5294896060701282,2.298017329984541,0.9027369596081746,0.9506666666666667,3.9774432549879726,0.7666666666666667,4.991104219064734,10.394301258807632,66.97795565454568,0.9506666666666667,3.9774432549879726,0.7666666666666667,FAR (IC del modelo AR)
831,860,845,test,30,False,0.9378105411350129,0.9684061860268205,0.983930345161185,0.7470972767212353,0.8785431984293913,3.3725089865936537,1.6349280166207574,1.5437100720211625,2.290507004804245,0.9072052730619996,0.9506666666666667,3.9774432549879726,0.7666666666666667,4.991104219064734,10.394301258807632,66.97795565454568,0.9506666666666667,3.9774432549879726,0.7666666666666667,FAR (IC del modelo AR)
832,861,846,test,30,False,0.9394098533852928,0.9692315788217452,0.9846910445933473,0.7503112391378026,0.880267046683008,3.3725089865936537,1.6302595082977211,1.5407081487264587,2.2616306741714065,0.9082112736701299,0.9506666666666667,3.9774432549879726,0.7666666666666667,4.991104219064734,10.394301258807632,66.97795565454568,0.9506666666666667,3.9774432549879726,0.7666666666666667,FAR (IC del modelo AR)
833,862,847,test,30,False,0.9452278170806558,0.9722282741623265,0.9874603614969789,0.7535618645294864,0.8839210086249804,3.3725089865936537,1.634053440800155,1.5444669415004657,2.2582067085488573,0.9091702351349207,0.9506666666666667,3.9774432549879726,0.7666666666666667,4.991104219064734,10.394301258807632,66.97795565454568,0.9506666666666667,3.9774432549879726,0.7666666666666667,FAR (IC del modelo AR)
834,863,848,test,30,False,0.9814287647064662,0.9906708659824747,1.0055467808547094,0.7717173696091193,0.9036719042339897,3.3725089865936537,1.6738516470675358,1.5826247641613256,2.2343213189975106,0.9121817702166847,0.9466666666666667,3.9774432549879726,0.7333333333333333,5.0699422918580614,11.397822986749615,66.97795565454568,0.9466666666666667,3.9774432549879726,0.7333333333333333,FAR (IC del modelo AR)
835,864,849,test,30,False,1.0263876549390814,1.0131079187031762,1.0099350355957186,0.7879670171580831,0.9252489756971711,3.3725089865936537,1.730504961998805,1.63667492287739,2.2569869864014516,0.9132778044825982,0.9417777777777778,3.9774432549879726,0.7,5.196165156892701,12.623538277271345,66.97795565454568,0.9417777777777778,3.9774432549879726,0.7,FAR (IC del modelo AR)
836,865,850,test,30,False,1.0519408766660872,1.025641690195015,1.0186165089474704,0.8032883292330906,0.9444007261233287,3.3725089865936537,1.783279912325463,1.6854361116434415,2.2833454306991743,0.9207901113533722,0.9395555555555556,3.9774432549879726,0.6666666666666666,5.212372073856566,12.948192420497872,66.97795565454568,0.9395555555555556,3.9774432549879726,0.6666666666666666,FAR (IC del modelo AR)
837,866,851,test,30,False,1.0369292449831187,1.0182972282114484,1.0440620828012017,0.7936499670033158,0.9362104559820372,3.3725089865936537,1.7795798511722596,1.6817723443704837,2.3048139391319853,0.919388200266842,0.9395555555555556,3.9774432549879726,0.6666666666666666,5.212372073856566,12.948192420497872,66.97795565454568,0.9395555555555556,3.9774432549879726,0.6666666666666666,FAR (IC del modelo AR)
838,867,852,test,30,False,1.0774284720818021,1.0379925202436684,1.0348132140563584,0.8051754033813198,0.9531791897406414,3.3725089865936537,1.8145627833569529,1.716504225451577,2.315425443912571,0.9182910003213539,0.9306666666666666,3.9774432549879726,0.6333333333333333,5.381214882777042,13.940094957993079,66.97795565454568,0.9306666666666666,3.9774432549879726,0.6333333333333333,FAR (IC del modelo AR)
839,868,853,test,30,False,1.0864387099982118,1.0423237069155684,1.0417909459269288,0.8135554707904908,0.9587720636808679,3.3725089865936537,1.8194575362864769,1.7204411719296528,2.288822247720732,0.9198409834868425,0.9306666666666666,3.9774432549879726,0.6333333333333333,5.381214882777042,13.940094957993079,66.97795565454568,0.9306666666666666,3.9774432549879726,0.6333333333333333,FAR (IC del modelo AR)
840,869,854,test,30,False,1.0809595646885568,1.039692052815908,1.050196739774987,0.8091645852737375,0.9541855965433507,3.3725089865936537,1.8132844976781473,1.7151781417470233,2.3013416390483195,0.9177579014469034,0.9306666666666666,3.9774432549879726,0.6333333333333333,5.381214882777042,13.940094957993079,66.97795565454568,0.9306666666666666,3.9774432549879726,0.6333333333333333,FAR (IC del modelo AR)
841,870,855,test,30,False,1.1291089436639334,1.0625953809724251,1.0886738088954409,0.8288458081293869,0.9773270681662289,3.3725089865936537,1.8571924939669102,1.7588832837823807,2.3032348396610316,0.9197546739492095,0.9262222222222222,3.9774432549879726,0.6,5.4449916207444655,14.652274924625944,66.97795565454568,0.9262222222222222,3.9774432549879726,0.6,FAR (IC del modelo AR)
842,871,856,test,30,False,1.1426325682901557,1.0689399273533362,1.1073141586798676,0.8350449474616021,0.987286729119965,3.3725089865936537,1.8945491440858893,1.7916227274246692,2.341153313983912,0.9236129214150115,0.9262222222222222,3.9774432549879726,0.6,5.444991620744466,14.652274924625946,66.97795565454568,0.9262222222222222,3.9774432549879726,0.6,FAR (IC del modelo AR)
843,872,857,test,30,False,1.1840289705071352,1.088130952830189,1.1202084592752954,0.8541982326635551,1.0101391525474943,3.3725089865936537,1.9274577228417635,1.8222850251275273,2.326195959288083,0.9283249869146348,0.9244444444444444,3.9774432549879726,0.5666666666666667,5.449950253329812,14.78624335791777,66.97795565454568,0.9244444444444444,3.9774432549879726,0.5666666666666667,FAR (IC del modelo AR)
844,873,858,test,30,False,1.052884857814537,1.0261017775126096,1.0717372726139474,0.8120651561357964,0.967076167585294,3.3250613020980673,1.8690177002502724,1.7633468343161112,2.342410343159103,0.9424758720617359,0.9435555555555556,3.9774432549879726,0.6,4.990667581472446,12.921045986722078,66.97795565454568,0.9435555555555556,3.9774432549879726,0.6,FAR (IC del modelo AR)
845,874,859,test,30,False,1.0422809122314691,1.0209215994538803,1.0527960926661515,0.8092703649060843,0.961406931235775,3.3250613020980673,1.8486915889486395,1.7438053532654705,2.324699578784697,0.9417049573150952,0.9457777777777778,3.9774432549879726,0.6333333333333333,4.984030393060277,12.778653102768263,66.97795565454568,0.9457777777777778,3.9774432549879726,0.6333333333333333,FAR (IC del modelo AR)
846,875,860,test,30,False,1.0279199362470792,1.0138638647506277,1.0399321968565636,0.7982740082950667,0.9503233523234235,3.3250613020980673,1.8358617528722978,1.7312350936414083,2.3530819107029095,0.9373283587310484,0.9457777777777778,3.9774432549879726,0.6333333333333333,4.984030393060277,12.778653102768263,66.97795565454568,0.9457777777777778,3.9774432549879726,0.6333333333333333,FAR (IC del modelo AR)
847,876,861,test,30,False,0.9943178648557062,0.9971548850884231,1.0437927826884579,0.7883149188779038,0.9335684640195574,3.3250613020980673,1.7866762130505298,1.6859913590297118,2.320996537151812,0.936232152076127,0.9502222222222222,3.9774432549879726,0.6666666666666666,4.9127288447129756,11.932018116291228,66.97795565454568,0.9502222222222222,3.9774432549879726,0.6666666666666666,FAR (IC del modelo AR)
848,877,862,test,30,False,0.9694782003913194,0.9846208409287909,1.0655621854566002,0.781876385435784,0.9227987281720966,3.3250613020980673,1.7671914370058288,1.6673631818717525,2.313120814306507,0.9372122646740063,0.9537777777777777,3.9774432549879726,0.7,4.907009938917791,11.83498105980117,66.97795565454568,0.9537777777777777,3.9774432549879726,0.7,FAR (IC del modelo AR)
849,878,863,test,30,False,0.9665359610270351,0.9831256079601605,1.0630506472631156,0.7791431362763136,0.9216243080695121,3.3250613020980673,1.7645853398590112,1.6633512985067889,2.3162791403223415,0.9374430902901061,0.9555555555555556,3.9774432549879726,0.7,4.885908408110693,11.724390445149481,66.97795565454568,0.9555555555555556,3.9774432549879726,0.7,FAR (IC del modelo AR)
850,879,864,test,30,False,1.0415705639813846,1.0205736445653417,1.076727155064759,0.8098858681451702,0.9543833851645254,3.3250613020980673,1.8162128927245484,1.714460148682332,2.2994062767591092,0.9351440635829799,0.9475555555555556,3.9774432549879726,0.6666666666666666,5.050317660902559,13.096087841161944,66.97795565454568,0.9475555555555556,3.9774432549879726,0.6666666666666666,FAR (IC del modelo AR)
851,880,865,test,30,False,1.0028747311367392,1.0014363340406314,1.0631329675234011,0.7928770542688065,0.9367656575589923,3.3250613020980673,1.7859141365210678,1.685346972315456,2.306760367982749,0.9354220789845886,0.952,3.9774432549879726,0.7,4.988289672109199,12.451668402729034,66.97795565454568,0.952,3.9774432549879726,0.7,FAR (IC del modelo AR)
852,881,866,test,30,False,0.9859288647750051,0.9929395071075604,1.074953736433969,0.7806183417442436,0.9228901358020997,3.3250613020980673,1.7619988940344051,1.6624766918518121,2.3138693298224484,0.9294525287753782,0.952,3.9774432549879726,0.7,4.988289672109199,12.451668402729034,66.97795565454568,0.952,3.9774432549879726,0.7,FAR (IC del modelo AR)
853,882,867,test,30,False,0.8717439848419289,0.9336723112751759,1.0775357746588605,0.7349908267541684,0.8717687198816099,2.9049481656134715,1.6737145633032897,1.5767726473671853,2.3238669346659835,0.9336988034816837,0.9631111111111111,3.9774432549879726,0.7333333333333333,4.622741574872405,10.361813689786123,45.4332361466324,0.9631111111111111,3.9774432549879726,0.7333333333333333,FAR (IC del modelo AR)
854,883,868,test,30,False,0.9922830789377808,0.9961340667489396,1.0468009276945094,0.7643652708433682,0.9093208726586018,3.727792678035259,1.7340488262812548,1.637204053232398,2.3229989313027657,0.9128498893992573,0.9493333333333334,3.9774432549879726,0.7,5.212591637162244,12.68547265969854,73.99208336363093,0.9493333333333334,3.9774432549879726,0.7,FAR (IC del modelo AR)
855,884,869,test,30,False,1.0998257550769837,1.048725776872574,1.077085327871167,0.8008651960671526,0.9454484895005376,3.727792678035259,1.7768588345486376,1.6780467396501308,2.296556341380126,0.901521170119398,0.936,3.9774432549879726,0.6666666666666666,5.563226114530953,14.238369766285498,73.99208336363093,0.936,3.9774432549879726,0.6666666666666666,FAR (IC del modelo AR)
856,885,870,test,30,False,1.1712249292043213,1.0822314582400205,1.088080183615314,0.8316895821328995,0.9793818061665143,3.727792678035259,1.8285950963570226,1.7282062398525442,2.284821270839513,0.9049651982573436,0.928,3.9774432549879726,0.6333333333333333,5.674355293945965,15.02970168793111,73.99208336363093,0.928,3.9774432549879726,0.6333333333333333,FAR (IC del modelo AR)
857,886,871,test,30,False,1.1820477540568095,1.0872201957546639,1.0542807904147449,0.8412176258844732,0.9894512357033627,3.727792678035259,1.8381969263337712,1.7391488425838346,2.2536595211191384,0.9100743709203842,0.928,3.9774432549879726,0.6333333333333333,5.674355293945964,15.02970168793111,73.99208336363093,0.928,3.9774432549879726,0.6333333333333333,FAR (IC del modelo AR)
858,887,872,test,30,False,1.1769202061517219,1.084859532912774,1.0329100039203156,0.8370176607883274,0.9859643028085655,3.727792678035259,1.8394093598213213,1.7374839918413576,2.2712356897974915,0.9088405207274333,0.928,3.9774432549879726,0.6333333333333333,5.674355293945965,15.02970168793111,73.99208336363093,0.928,3.9774432549879726,0.6333333333333333,FAR (IC del modelo AR)
859,888,873,test,30,False,1.2261244707883783,1.1073050486602047,1.0187333271566361,0.8633528670859177,1.0131614404317684,3.727792678035259,1.883162924046054,1.7813921036421234,2.253694738781536,0.9149795186589762,0.9235555555555556,3.9774432549879726,0.6,5.697496017442715,15.296336009506824,73.99208336363093,0.9235555555555556,3.9774432549879726,0.6,FAR (IC del modelo AR)
860,889,874,test,30,False,1.2216135769899445,1.105266292343137,0.996675562971369,0.8575522707653592,1.0105594460827143,3.727792678035259,1.8981683053151124,1.7935277596738977,2.2942473584085104,0.9143130963854453,0.9235555555555556,3.9774432549879726,0.6,5.697496017442715,15.296336009506824,73.99208336363093,0.9235555555555556,3.9774432549879726,0.6,FAR (IC del modelo AR)
861,890,875,test,30,False,1.2297739811840842,1.108951748807893,0.9843833375645907,0.861897784040896,1.0161992882463062,3.727792678035259,1.913530876437267,1.8085425598027467,2.30199892225167,0.9163602377999815,0.9235555555555556,3.9774432549879726,0.6,5.697496017442716,15.296336009506827,73.99208336363093,0.9235555555555556,3.9774432549879726,0.6,FAR (IC del modelo AR)
862,891,876,test,30,False,1.2334773938570711,1.1106202743769227,0.9837422569060477,0.8626984357637671,1.0196215883005237,3.727792678035259,1.9398614306391748,1.829638097731069,2.3548426433806826,0.9180649874886799,0.9235555555555556,3.9774432549879726,0.6,5.697496017442716,15.296336009506827,73.99208336363093,0.9235555555555556,3.9774432549879726,0.6,FAR (IC del modelo AR)
863,892,877,test,30,False,1.228254903566797,1.108266621155215,0.9882917204905275,0.8575892444850186,1.0163660513955892,3.727792678035259,1.9434165834085775,1.833342196558622,2.376113962362914,0.9170772014555196,0.9235555555555556,3.9774432549879726,0.6,5.697496017442715,15.296336009506827,73.99208336363093,0.9235555555555556,3.9774432549879726,0.6,FAR (IC del modelo AR)
864,893,878,test,30,False,1.1987804342746111,1.0948883204576672,0.9902500415439516,0.8458388499495492,1.0014684917085583,3.727792678035259,1.9013199252549067,1.79454754357374,2.3610359905523923,0.9146763857065724,0.9275555555555556,3.9774432549879726,0.6333333333333333,5.618657944649387,14.29281428156484,73.99208336363093,0.9275555555555556,3.9774432549879726,0.6333333333333333,FAR (IC del modelo AR)
865,894,879,test,30,False,1.1444823689274477,1.0698048274930563,1.011364189429192,0.8223129075698135,0.9721316425629356,3.727792678035259,1.8398110790813482,1.7330075632478572,2.361336591474244,0.9086999960927409,0.9324444444444444,3.9774432549879726,0.6666666666666666,5.492435079614749,13.06709899104311,73.99208336363093,0.9324444444444444,3.9774432549879726,0.6666666666666666,FAR (IC del modelo AR)
866,895,880,test,30,False,1.1298520242192995,1.0629449770422266,1.0245326008160494,0.8137921359714615,0.963218325552111,3.727792678035259,1.8102624908526181,1.7071567337059457,2.351942976249011,0.9061789145778579,0.9346666666666666,3.9774432549879726,0.7,5.476228162650884,12.742444847816582,73.99208336363093,0.9346666666666666,3.9774432549879726,0.7,FAR (IC del modelo AR)
867,896,881,test,30,False,1.1213548518917713,1.058940438311698,1.0314866892152605,0.810320930787537,0.9571740685960453,3.727792678035259,1.796163042081431,1.692371089161043,2.3416766763350134,0.9038979285011515,0.9346666666666666,3.9774432549879726,0.7,5.476228162650883,12.742444847816584,73.99208336363093,0.9346666666666666,3.9774432549879726,0.7,FAR (IC del modelo AR)
868,897,882,test,30,False,1.1122195707594096,1.0546182108988114,1.0184932802885873,0.8109704353292497,0.9539089076667155,3.727792678035259,1.791025967733026,1.6847231283921473,2.336073730148797,0.9045063870590049,0.9395555555555556,3.9774432549879726,0.7,5.369356149259288,12.505777118635498,73.99208336363093,0.9395555555555556,3.9774432549879726,0.7,FAR (IC del modelo AR)
869,898,883,test,30,False,1.1079080991721875,1.0525721349020158,1.0107653869024917,0.8076105046805551,0.9513769923789817,3.727792678035259,1.7952150395661723,1.6871140226003478,2.3534637021814793,0.9038591853541188,0.9395555555555556,3.9774432549879726,0.7,5.369356149259288,12.5057771186355,73.99208336363093,0.9395555555555556,3.9774432549879726,0.7,FAR (IC del modelo AR)
870,899,884,test,30,False,1.157828357598317,1.0760243294639378,1.006154350363885,0.8303247362137729,0.9781936538395698,3.727792678035259,1.8354544231624381,1.7254370038665543,2.3287078337628833,0.9090813535107464,0.9333333333333333,3.9774432549879726,0.6666666666666666,5.44548551305194,13.368852362283786,73.99208336363093,0.9333333333333333,3.9774432549879726,0.6666666666666666,FAR (IC del modelo AR)
871,900,885,test,30,False,1.0987075792411463,1.0481925296629175,1.014798206905191,0.8002139912230178,0.9449150112716622,3.727792678035259,1.7781423554010136,1.6686429002567584,2.355188949864295,0.9014708505655276,0.9377777777777778,3.9774432549879726,0.7,5.381708775084515,12.65667239565092,73.99208336363093,0.9377777777777778,3.9774432549879726,0.7,FAR (IC del modelo AR)
872,901,886,test,30,False,1.0954467624994513,1.0466359264326117,1.0365333997796837,0.8030408705815729,0.9428710088335834,3.727792678035259,1.7507290976953531,1.645526209973697,2.3034759550635155,0.900858631947879,0.9377777777777778,3.9774432549879726,0.7,5.381708775084515,12.65667239565092,73.99208336363093,0.9377777777777778,3.9774432549879726,0.7,FAR (IC del modelo AR)
873,902,887,test,30,False,1.103899089326336,1.0506660217815822,0.9994669508823565,0.8041189854790839,0.9461284650251929,3.727792678035259,1.774151113317675,1.6661048019132638,2.323417007016671,0.9005035333881568,0.9333333333333333,3.9774432549879726,0.7,5.478268081714948,13.53637139408118,73.99208336363093,0.9333333333333333,3.9774432549879726,0.7,FAR (IC del modelo AR)
874,903,888,test,30,False,1.112383115547563,1.0546957454866133,0.9816042169269643,0.804547033499133,0.9506214067180156,3.727792678035259,1.7967707681503016,1.6858057428912012,2.351890306148572,0.9013228798788981,0.9306666666666666,3.9774432549879726,0.6666666666666666,5.4980546666725205,13.929194368672677,73.99208336363093,0.9306666666666666,3.9774432549879726,0.6666666666666666,FAR (IC del modelo AR)
875,904,889,test,30,False,1.1100022866087145,1.0535664604611872,0.9858738597076356,0.8024791523098599,0.9491848020998738,3.727792678035259,1.7956178175959432,1.6835000705311443,2.3564905359941304,0.9009254164036111,0.9306666666666666,3.9774432549879726,0.6666666666666666,5.4980546666725205,13.929194368672679,73.99208336363093,0.9306666666666666,3.9774432549879726,0.6666666666666666,FAR (IC del modelo AR)
876,905,890,test,30,False,1.1679131190894805,1.080700291056443,0.9768732217327819,0.830926603243877,0.9799083832574049,3.727792678035259,1.8462780779196613,1.7321759919284716,2.3284244702190198,0.9067346343540738,0.9262222222222222,3.9774432549879726,0.6333333333333333,5.573899599198904,14.781467521279076,73.99208336363093,0.9262222222222222,3.9774432549879726,0.6333333333333333,FAR (IC del modelo AR)
877,906,891,test,30,False,1.1571419727189345,1.0757053373107965,0.9720738600598088,0.8224551255136923,0.9712420454767836,3.727792678035259,1.8360270873993791,1.7194553804987327,2.341140211203004,0.9028885623128307,0.9262222222222222,3.9774432549879726,0.6333333333333333,5.573899599198904,14.781467521279076,73.99208336363093,0.9262222222222222,3.9774432549879726,0.6333333333333333,FAR (IC del modelo AR)
878,907,892,test,30,False,1.1415775425714625,1.0684463218016442,0.9484626175641355,0.8135760899979089,0.9621418117618952,3.727792678035259,1.8236491499343217,1.7083404463104477,2.344838592882264,0.9005055210817747,0.9262222222222222,3.9774432549879726,0.6333333333333333,5.573899599198904,14.781467521279076,73.99208336363093,0.9262222222222222,3.9774432549879726,0.6333333333333333,FAR (IC del modelo AR)
879,908,893,test,30,False,1.1152811105960059,1.0560687054335083,0.9726156165673957,0.8056046537856663,0.949578682323475,3.727792678035259,1.7944571581590896,1.6807092842356968,2.33050358634095,0.8991637356905487,0.9288888888888889,3.9774432549879726,0.6666666666666666,5.556322547054038,14.46560759287402,73.99208336363093,0.9288888888888889,3.9774432549879726,0.6666666666666666,FAR (IC del modelo AR)
880,909,894,test,30,False,1.0527501465887794,1.026036133178934,0.9775890772638477,0.780157791858101,0.9248876771086423,3.727792678035259,1.7711102897391255,1.65507303232657,2.3689672989183777,0.9014182319711228,0.9346666666666666,3.9774432549879726,0.6666666666666666,5.401787894147489,13.352785096470608,73.99208336363093,0.9346666666666666,3.9774432549879726,0.6666666666666666,FAR (IC del modelo AR)
881,910,895,test,30,False,1.046473603030193,1.022972923898865,1.003022485369121,0.7788919713492125,0.9208280648083379,3.727792678035259,1.7556180443724605,1.6405089242310213,2.34934853718213,0.9001490101016344,0.9346666666666666,3.9774432549879726,0.6666666666666666,5.401787894147489,13.352785096470608,73.99208336363093,0.9346666666666666,3.9774432549879726,0.6666666666666666,FAR (IC del modelo AR)
882,911,896,test,30,False,1.0551298864412604,1.0271951549930813,1.0134460561989425,0.7841643776500413,0.9290573307641306,3.727792678035259,1.7751922278409304,1.659756073222184,2.3634996540937863,0.9044603902657506,0.9346666666666666,3.9774432549879726,0.6666666666666666,5.401787894147489,13.352785096470614,73.99208336363093,0.9346666666666666,3.9774432549879726,0.6666666666666666,FAR (IC del modelo AR)
883,912,897,test,30,False,1.0643780156932152,1.0316869756341869,1.0288428446202151,0.7909413052085518,0.9384713398898057,3.727792678035259,1.7962100081864365,1.680620264498843,2.374424648247998,0.9096473659686547,0.9346666666666666,3.9774432549879726,0.6666666666666666,5.401787894147488,13.35278509647061,73.99208336363093,0.9346666666666666,3.9774432549879726,0.6666666666666666,FAR (IC del modelo AR)
884,913,898,test,30,False,0.917264029242468,0.957739019379741,1.1325652088735605,0.7457301104426565,0.8840802168473024,3.139625322882951,1.7100511055165653,1.5956182869245148,2.392625483068053,0.9230909454016584,0.9484444444444444,3.9774432549879726,0.7,4.811937831857651,11.029126126558197,50.869227463867155,0.9484444444444444,3.9774432549879726,0.7,FAR (IC del modelo AR)
885,914,899,test,30,False,0.8629908522728326,0.9289730094425954,1.0077917905872489,0.7285617047616759,0.8690439497127741,2.838952450005948,1.6979244260049418,1.5843271712023779,2.4056661734887603,0.9354889118191064,0.9515555555555556,3.9774432549879726,0.7,4.672728693843116,10.816986393998071,44.50503548706347,0.9515555555555556,3.9774432549879726,0.7,FAR (IC del modelo AR)
886,915,900,test,30,False,0.8268200979095527,0.9092964851518742,0.9413849089561327,0.7140792440928387,0.8557639528500942,2.838952450005948,1.6918734276838707,1.5776525264537173,2.42746617092444,0.9411275275161337,0.956,3.9774432549879726,0.7,4.588038342681656,10.417608898685012,44.50503548706347,0.956,3.9774432549879726,0.7,FAR (IC del modelo AR)
887,916,901,test,30,False,0.8524779894128902,0.923297346152847,0.9845413627390092,0.7242660778683557,0.8699893690748559,2.838952450005948,1.7263674999770622,1.610497036641135,2.443210671102925,0.9422634784989772,0.9537777777777777,3.9774432549879726,0.6666666666666666,4.602586993897306,10.707638899105488,44.50503548706347,0.9537777777777777,3.9774432549879726,0.6666666666666666,FAR (IC del modelo AR)
888,917,902,test,30,False,0.8619621412989524,0.928419162500943,1.0155793832827857,0.7295868592320232,0.8761100832808882,2.838952450005948,1.7421254187431818,1.6266760380622916,2.446490318738909,0.943657906543908,0.9537777777777777,3.9774432549879726,0.6666666666666666,4.602586993897307,10.707638899105488,44.50503548706347,0.9537777777777777,3.9774432549879726,0.6666666666666666,FAR (IC del modelo AR)
889,918,903,test,30,False,0.8238761756222599,0.9076762504452014,1.0403278796468414,0.70969042628283,0.8577487073601889,2.838952450005948,1.7200879892822747,1.6039337227577297,2.4741421812400217,0.9449941065875374,0.9582222222222222,3.9774432549879726,0.7,4.579446270400556,10.441004577529775,44.50503548706347,0.9582222222222222,3.9774432549879726,0.7,FAR (IC del modelo AR)
890,919,904,test,30,False,0.8251453289589894,0.9083751036653247,1.0279864166849013,0.7131168389392982,0.8585049405801212,2.838952450005948,1.7077799115059153,1.5941482180161397,2.4432092979305864,0.9450995927959982,0.9582222222222222,3.9774432549879726,0.7,4.579446270400556,10.441004577529775,44.50503548706347,0.9582222222222222,3.9774432549879726,0.7,FAR (IC del modelo AR)
891,920,905,test,30,False,0.8098894827726837,0.8999385994459198,1.0305305180195843,0.7035006402369984,0.8462999270390021,2.838952450005948,1.681217491152735,1.5685932887127292,2.4389534342494126,0.9403974088455119,0.9582222222222222,3.9774432549879726,0.7,4.579446270400555,10.441004577529778,44.50503548706347,0.9582222222222222,3.9774432549879726,0.7,FAR (IC del modelo AR)
892,921,906,test,30,False,0.8498174041512524,0.9218554139078712,1.0187939279830809,0.720904007861741,0.8680364376754033,2.838952450005948,1.7041753185067343,1.5958790529148787,2.4043805835750662,0.941618853216556,0.952,3.9774432549879726,0.6666666666666666,4.649404650592252,10.988073261996169,44.50503548706347,0.952,3.9774432549879726,0.6666666666666666,FAR (IC del modelo AR)
893,922,907,test,30,False,0.8863318842916842,0.9414520084909714,1.0119453806151186,0.7372048996933172,0.8859114177965879,2.838952450005948,1.727279024124821,1.6196189375955692,2.38821804930908,0.9410053935904729,0.9493333333333334,3.9774432549879726,0.6333333333333333,4.662378975246025,11.212559572310996,44.50503548706347,0.9493333333333334,3.9774432549879726,0.6333333333333333,FAR (IC del modelo AR)
894,923,908,test,30,False,0.8796744728330179,0.937909629352966,1.0051226345380047,0.7331936334142595,0.8811136904845971,2.838952450005948,1.7169981707128248,1.6108493564474446,2.3863051483007727,0.9394441243688365,0.9493333333333334,3.9774432549879726,0.6333333333333333,4.662378975246025,11.212559572310996,44.50503548706347,0.9493333333333334,3.9774432549879726,0.6333333333333333,FAR (IC del modelo AR)
895,924,909,test,30,False,0.8903241670575232,0.9435699057608414,1.006518024872759,0.7401384762735226,0.8897691213172565,2.838952450005948,1.7304193376108574,1.6249687002872437,2.378398603415073,0.9429816655712403,0.9493333333333334,3.9774432549879726,0.6333333333333333,4.662378975246026,11.212559572310996,44.50503548706347,0.9493333333333334,3.9774432549879726,0.6333333333333333,FAR (IC del modelo AR)
896,925,910,test,30,False,0.8918829149968067,0.9443955288949683,1.0132725763360426,0.7422417852225011,0.8908767896374232,2.838952450005948,1.731279313709326,1.624732103632911,2.3706273243703664,0.9433301645125671,0.9493333333333334,3.9774432549879726,0.6333333333333333,4.662378975246025,11.212559572310996,44.50503548706347,0.9493333333333334,3.9774432549879726,0.6333333333333333,FAR (IC del modelo AR)
897,926,911,test,30,False,0.9102719316959687,0.9540817217073014,1.0090824071531088,0.7498130070514823,0.9025537806510546,2.838952450005948,1.753694785804979,1.6472384281825199,2.3785684044949513,0.9459921096024783,0.9493333333333334,3.9774432549879726,0.6333333333333333,4.662378975246025,11.212559572310996,44.50503548706347,0.9493333333333334,3.9774432549879726,0.6333333333333333,FAR (IC del modelo AR)
898,927,912,test,30,False,0.870218863801058,0.932855221243392,1.018260618219338,0.7336424813638724,0.8838178949119647,2.838952450005948,1.7138932247462193,1.611378523295083,2.3705402555604786,0.9474330794160468,0.9533333333333334,3.9774432549879726,0.6666666666666666,4.600408179717145,10.457324763996871,44.50503548706347,0.9533333333333334,3.9774432549879726,0.6666666666666666,FAR (IC del modelo AR)
899,928,913,test,30,False,0.9233932098747051,0.9609335096013174,0.9728565993444448,0.7541398703046196,0.9067799080544553,3.0660841003729757,1.7535943461543284,1.6518151132607792,2.3572529544790286,0.9436447985154249,0.948,3.9774432549879726,0.6333333333333333,4.743450894522767,11.83398098772483,45.58200097809715,0.948,3.9774432549879726,0.6333333333333333,FAR (IC del modelo AR)
900,929,914,test,30,False,0.9314685527611875,0.9651261848904461,1.0303198032388265,0.7586747270073266,0.9097121257119962,3.0660841003729757,1.755697495765159,1.655667174929958,2.3507780687785855,0.9425836123338214,0.9497777777777778,3.9774432549879726,0.6333333333333333,4.731439018141793,11.679296683434323,45.58200097809715,0.9497777777777778,3.9774432549879726,0.6333333333333333,FAR (IC del modelo AR)
901,930,915,test,30,False,1.007426676644675,1.0037064693647615,1.0407003054163366,0.7952454645622973,0.9487054378972216,3.0660841003729757,1.8165772361906323,1.7161771067699925,2.3168360652428683,0.9452020753613857,0.9444444444444444,3.9774432549879726,0.6,4.814257832084124,12.548685526897687,45.58200097809715,0.9444444444444444,3.9774432549879726,0.6,FAR (IC del modelo AR)
902,931,916,test,30,False,0.999969372178268,0.9999846859718743,1.0455693532065304,0.7877367043629558,0.9432652645254983,3.0660841003729757,1.818715905796206,1.7163221294537094,2.3486274674548264,0.9432797099375066,0.9444444444444444,3.9774432549879726,0.6,4.814257832084124,12.548685526897687,45.58200097809715,0.9444444444444444,3.9774432549879726,0.6,FAR (IC del modelo AR)
903,932,917,test,30,False,0.9581490701695754,0.9788508927153182,1.0660735259119252,0.7721938630305367,0.9232849767371055,3.0660841003729757,1.774465830969727,1.676901561648919,2.344068430634315,0.9432335237248712,0.9506666666666667,3.9774432549879726,0.6333333333333333,4.712739892868346,11.535018095175603,45.58200097809715,0.9506666666666667,3.9774432549879726,0.6333333333333333,FAR (IC del modelo AR)
904,933,918,test,30,False,0.9586046609223565,0.9790835821942663,1.0720851208507258,0.7762195489501865,0.9235094252836117,3.0660841003729757,1.760156115020223,1.6641221891872489,2.314102114203819,0.9432385978875214,0.9533333333333334,3.9774432549879726,0.6666666666666666,4.692953307910774,11.142195120584104,45.58200097809715,0.9533333333333334,3.9774432549879726,0.6666666666666666,FAR (IC del modelo AR)
905,934,919,test,30,False,0.9533981565758967,0.9764210959293621,1.068760573133341,0.7731827439861354,0.9200631792352479,3.0660841003729757,1.7587046370734323,1.6624253379520761,2.3230384929444323,0.942281135742492,0.9533333333333334,3.9774432549879726,0.6666666666666666,4.692953307910774,11.142195120584104,45.58200097809715,0.9533333333333334,3.9774432549879726,0.6666666666666666,FAR (IC del modelo AR)
906,935,920,test,30,False,0.9106380256033391,0.9542735591031217,1.0746292794824672,0.7560950281801527,0.9009039462783451,3.0660841003729757,1.717165926443541,1.6193483114517728,2.316488904340353,0.9440730466482418,0.9577777777777777,3.9774432549879726,0.7,4.617108375384393,10.289921967977705,45.58200097809715,0.9577777777777777,3.9774432549879726,0.7,FAR (IC del modelo AR)
907,936,921,test,30,False,0.9310949003950696,0.9649325885237111,1.0622960110498292,0.7685362410586927,0.915348626823431,3.0660841003729757,1.7403314449465543,1.643228958221817,2.3109703955300978,0.948614066630146,0.9577777777777777,3.9774432549879726,0.7,4.617108375384393,10.289921967977707,45.58200097809715,0.9577777777777777,3.9774432549879726,0.7,FAR (IC del modelo AR)
908,937,922,test,30,False,0.9402135745572541,0.969646107895687,1.098437180908733,0.7724129328104848,0.9210211969888729,3.0660841003729757,1.757832888917824,1.6581692300145383,2.3247732942214383,0.949852930351735,0.9577777777777777,3.9774432549879726,0.7,4.617108375384393,10.289921967977707,45.58200097809715,0.9577777777777777,3.9774432549879726,0.7,FAR (IC del modelo AR)
909,938,923,test,30,False,0.9307729726600531,0.9647657605139462,1.065184005712586,0.7643818237695847,0.9148560929097843,3.0660841003729757,1.7507666932773744,1.6522769577390366,2.3383294782352295,0.9482675799174566,0.9577777777777777,3.9774432549879726,0.7,4.617108375384393,10.289921967977707,45.58200097809715,0.9577777777777777,3.9774432549879726,0.7,FAR (IC del modelo AR)
910,939,924,test,30,False,0.9118256491676234,0.9548956221324001,1.0553394131037674,0.7548742408510065,0.9011248963977063,3.0660841003729757,1.7052082767982293,1.6114420500816466,2.3003277172243433,0.9436894206147713,0.96,3.9774432549879726,0.7333333333333333,4.607233775499077,10.031047068368652,45.58200097809715,0.96,3.9774432549879726,0.7333333333333333,FAR (IC del modelo AR)
911,940,925,test,30,False,0.9245802345040722,0.9615509526302141,1.0454740085771361,0.7590721737779881,0.908829523852813,3.0660841003729757,1.7398253362146483,1.6413772153477573,2.336094624333192,0.9451704263479875,0.9582222222222222,3.9774432549879726,0.7,4.615809956158485,10.22850882065249,45.58200097809715,0.9582222222222222,3.9774432549879726,0.7,FAR (IC del modelo AR)
912,941,926,test,30,False,0.9193197911168625,0.9588116557055731,1.0480624092900241,0.7569726493284921,0.9043066783941747,3.0660841003729757,1.726863311975761,1.6293756410175486,2.3199231458447627,0.9431536141774485,0.9582222222222222,3.9774432549879726,0.7,4.615809956158484,10.22850882065249,45.58200097809715,0.9582222222222222,3.9774432549879726,0.7,FAR (IC del modelo AR)
913,942,927,test,30,False,0.9241139368697154,0.9613084504308258,1.0489178023372256,0.7591764790235882,0.9078065744244695,3.0660841003729757,1.741742601670882,1.642731408433889,2.3360494976071142,0.9443447355712118,0.9582222222222222,3.9774432549879726,0.7,4.615809956158485,10.22850882065249,45.58200097809715,0.9582222222222222,3.9774432549879726,0.7,FAR (IC del modelo AR)
914,943,928,test,30,False,0.9581160190868925,0.9788340099766112,1.0490299662816214,0.7760172729274546,0.9280442373484782,3.0660841003729757,1.7776213274822235,1.6799897765174052,2.327158919893688,0.948111965756741,0.9551111111111111,3.9774432549879726,0.6666666666666666,4.6462664865086065,10.731892794044946,45.58200097809715,0.9551111111111111,3.9774432549879726,0.6666666666666666,FAR (IC del modelo AR)
915,944,929,test,30,False,0.8949951626859232,0.9460418398178397,1.0438694590227282,0.7526820108934331,0.9012293828238183,3.0660841003729757,1.7430338697515644,1.6431977391502892,2.350410816185181,0.9526316330759218,0.9653333333333334,3.9774432549879726,0.7,4.434841147154429,9.39113542001811,45.58200097809715,0.9653333333333334,3.9774432549879726,0.7,FAR (IC del modelo AR)
916,945,930,test,30,False,0.9058483961735883,0.9517606821956811,1.064307556754096,0.7595468525409583,0.9056452545139017,3.0660841003729757,1.7329151663314193,1.6359821846772606,2.326856787788723,0.951547244444483,0.964,3.9774432549879726,0.7,4.435343197419658,9.331409015721487,45.58200097809715,0.964,3.9774432549879726,0.7,FAR (IC del modelo AR)
917,946,931,test,30,False,0.8698101701581478,0.93263614028095,1.0474522733867921,0.7411562718720337,0.8819108422157845,3.0660841003729757,1.6878854045999019,1.5912118810684779,2.328243378680255,0.945610838059648,0.9662222222222222,3.9774432549879726,0.7333333333333333,4.420794546204007,9.041379015301013,45.58200097809715,0.9662222222222222,3.9774432549879726,0.7333333333333333,FAR (IC del modelo AR)
918,947,932,test,30,False,0.910188468953395,0.9540379808757066,1.0523072082202454,0.7565671201295324,0.8997191350359052,3.0660841003729757,1.7164127688590158,1.6230524824384642,2.3180427173924496,0.9430642731959765,0.9604444444444444,3.9774432549879726,0.7,4.542164926832743,10.201596400075406,45.58200097809715,0.9604444444444444,3.9774432549879726,0.7,FAR (IC del modelo AR)
919,948,933,test,30,False,0.9040589059136901,0.950820122795942,1.0567882587269226,0.754816146178435,0.8953132639568087,3.0660841003729757,1.6986769883976307,1.606946668096291,2.2938996288018805,0.9416221244078089,0.9604444444444444,3.9774432549879726,0.7,4.542164926832743,10.201596400075406,45.58200097809715,0.9604444444444444,3.9774432549879726,0.7,FAR (IC del modelo AR)
920,949,934,test,30,False,0.9167367407199889,0.9574637020378313,1.0707001281209099,0.7617221836525743,0.9019822523543778,3.0660841003729757,1.70653142510476,1.6150127003785382,2.286552125470098,0.9420537305326888,0.9604444444444444,3.9774432549879726,0.7,4.542164926832743,10.201596400075406,45.58200097809715,0.9604444444444444,3.9774432549879726,0.7,FAR (IC del modelo AR)
921,950,935,test,30,False,0.9311333588539472,0.9649525163726697,1.0710295786772734,0.7721029250703417,0.9136502501961944,3.0660841003729757,1.7330186707812956,1.6390314359103384,2.287762571694968,0.9468344138120657,0.9604444444444444,3.9774432549879726,0.7,4.542164926832743,10.201596400075406,45.58200097809715,0.9604444444444444,3.9774432549879726,0.7,FAR (IC del modelo AR)
922,951,936,test,30,False,0.8993118948738801,0.9483205654597395,1.0497096666200916,0.7606503459303623,0.8978603409490742,3.0660841003729757,1.7109498068099913,1.6155339652600142,2.293579131418171,0.9467899080241896,0.9666666666666667,3.9774432549879726,0.7333333333333333,4.472206546641047,9.654527715609015,45.58200097809715,0.9666666666666667,3.9774432549879726,0.7333333333333333,FAR (IC del modelo AR)
923,952,937,test,30,False,0.8677652261934086,0.9315391705094362,1.048392030551791,0.7475550172358261,0.8830908529267847,3.0660841003729757,1.6971540272437078,1.599831901152076,2.311487088280329,0.947991110716089,0.9693333333333334,3.9774432549879726,0.7666666666666667,4.459232221987275,9.430041405294189,45.58200097809715,0.9693333333333334,3.9774432549879726,0.7666666666666667,FAR (IC del modelo AR)
924,953,938,test,30,False,0.8667817192385833,0.9310111273441275,1.0491186815911018,0.7473532602074885,0.8822843633515759,3.0660841003729757,1.7007060895420738,1.601668503298385,2.319409599453536,0.9476625331734184,0.9693333333333334,3.9774432549879726,0.7666666666666667,4.459232221987275,9.430041405294189,45.58200097809715,0.9693333333333334,3.9774432549879726,0.7666666666666667,FAR (IC del modelo AR)
925,954,939,test,30,False,0.8555790418948829,0.9249751574474219,1.0530971018787485,0.739860506488877,0.8730488853764619,3.0660841003729757,1.6818689393567225,1.5851277699930237,2.31703467777394,0.94386198196473,0.9693333333333334,3.9774432549879726,0.7666666666666667,4.459232221987275,9.430041405294189,45.58200097809715,0.9693333333333334,3.9774432549879726,0.7666666666666667,FAR (IC del modelo AR)
926,955,940,test,30,False,0.8782215401407746,0.9371347502578136,1.066246241018434,0.7475129021013615,0.8855256884807401,3.0660841003729757,1.7199757266515727,1.6180156899484324,2.3413171370566923,0.9449288784106284,0.9666666666666667,3.9774432549879726,0.7333333333333333,4.490563381672255,9.980345713967063,45.58200097809715,0.9666666666666667,3.9774432549879726,0.7333333333333333,FAR (IC del modelo AR)
927,956,941,test,30,False,0.8572843894793704,0.9258965328152873,1.0892736706929989,0.7356972732708383,0.8716492117151705,3.0660841003729757,1.6969640987486676,1.5962628420582152,2.354082383991132,0.941411033330936,0.9666666666666667,3.9774432549879726,0.7333333333333333,4.490563381672255,9.980345713967063,45.58200097809715,0.9666666666666667,3.9774432549879726,0.7333333333333333,FAR (IC del modelo AR)
928,957,942,test,30,False,0.86361236585982,0.929307465729088,1.1309321097390732,0.7372433856550799,0.8753976791190623,3.0660841003729757,1.7150061097316747,1.611395734696948,2.374468017650894,0.9419892892308459,0.9666666666666667,3.9774432549879726,0.7333333333333333,4.4905633816722546,9.980345713967063,45.58200097809715,0.9666666666666667,3.9774432549879726,0.7333333333333333,FAR (IC del modelo AR)
929,958,943,test,30,False,0.8076194698300864,0.8986765101136707,1.2649698684096329,0.7163268154853374,0.8506439972315081,2.730743508811908,1.6569628322213228,1.554279599891547,2.3618603945785255,0.9465519435062488,0.972,3.9774432549879726,0.7666666666666667,4.3475206668666315,8.603689490239104,39.08883580949021,0.972,3.9774432549879726,0.7666666666666667,FAR (IC del modelo AR)
930,959,944,test,30,False,0.747831834485338,0.8647727068341935,1.1747642544030403,0.6882185668670693,0.8191092695412132,2.730743508811908,1.6055312766619785,1.503188109365407,2.3763345448710513,0.9471960239585412,0.9764444444444444,3.9774432549879726,0.8,4.283403179454954,7.8952985508813205,39.08883580949021,0.9764444444444444,3.9774432549879726,0.8,FAR (IC del modelo AR)
931,960,945,test,30,False,0.6792908873094582,0.8241910502483378,1.1391935092742251,0.6574319566384063,0.7875289243176603,2.7095272203622733,1.5562288965869395,1.4554226580120875,2.3986173400031903,0.9555174423216185,0.9817777777777777,3.9774432549879726,0.8333333333333334,4.200584365512623,7.025909707417956,39.08883580949021,0.9817777777777777,3.9774432549879726,0.8333333333333334,FAR (IC del modelo AR)
932,961,946,test,30,False,0.6957338753091045,0.8341066330566521,1.1550694490604925,0.6687722145321906,0.7982760294359468,2.7095272203622733,1.5626563843320807,1.4624943486527386,2.3689562561284507,0.9570431378906542,0.9817777777777777,3.9774432549879726,0.8333333333333334,4.200584365512623,7.025909707417956,39.08883580949021,0.9817777777777777,3.9774432549879726,0.8333333333333334,FAR (IC del modelo AR)
933,962,947,test,30,False,0.7015010578186011,0.8375565997701893,1.161772916391207,0.6720599813740707,0.8018767152757789,2.7095272203622733,1.570523099333216,1.4690786334301693,2.3682813861483454,0.9574000318256697,0.9817777777777777,3.9774432549879726,0.8333333333333334,4.200584365512623,7.025909707417956,39.08883580949021,0.9817777777777777,3.9774432549879726,0.8333333333333334,FAR (IC del modelo AR)
934,963,948,test,30,False,0.6784282443407742,0.8236675569310559,1.19359395968298,0.6593623786838222,0.7875046641448454,2.7095272203622733,1.548034110740743,1.4473079905318949,2.3770329215792945,0.9560952808182082,0.9817777777777777,3.9774432549879726,0.8333333333333334,4.200584365512623,7.025909707417956,39.08883580949021,0.9817777777777777,3.9774432549879726,0.8333333333333334,FAR (IC del modelo AR)
935,964,949,test,30,False,0.678949991043371,0.8239842177149821,1.2063713686965007,0.6604132630415046,0.7878724998372407,2.7095272203622733,1.549449042073767,1.4486248189666184,2.375121457824153,0.9561742602572122,0.9817777777777777,3.9774432549879726,0.8333333333333334,4.200584365512623,7.025909707417956,39.08883580949021,0.9817777777777777,3.9774432549879726,0.8333333333333334,FAR (IC del modelo AR)
936,965,950,test,30,False,0.6802581057692954,0.8247776098860198,1.2270079507743565,0.6594380467496718,0.7886509516488075,2.7095272203622733,1.5636929843479506,1.4646417905261222,2.39850815538449,0.9561983038770842,0.9817777777777777,3.9774432549879726,0.8333333333333334,4.200584365512623,7.025909707417956,39.08883580949021,0.9817777777777777,3.9774432549879726,0.8333333333333334,FAR (IC del modelo AR)
937,966,951,test,30,False,0.6572007274031066,0.8106791766186588,1.1963982759040142,0.6442945088924614,0.7713032457265274,2.7095272203622733,1.5400618165286113,1.4393794645673643,2.4206528225800725,0.9514284663677087,0.9817777777777777,3.9774432549879726,0.8333333333333334,4.200584365512623,7.025909707417956,39.08883580949021,0.9817777777777777,3.9774432549879726,0.8333333333333334,FAR (IC del modelo AR)
938,967,952,test,30,False,0.6635932425397801,0.8146123265331676,1.2176281465371182,0.6477443349342368,0.7747040543324947,2.7095272203622733,1.5426670578933064,1.4401768096062817,2.4149752940920277,0.951009491385289,0.9817777777777777,3.9774432549879726,0.8333333333333334,4.200584365512623,7.025909707417956,39.08883580949021,0.9817777777777777,3.9774432549879726,0.8333333333333334,FAR (IC del modelo AR)
939,968,953,test,30,False,0.7217681593580447,0.8495693964344788,1.1310120651820759,0.675903810661327,0.8016884256802475,2.7095272203622733,1.5751883116543384,1.4695685003576722,2.393566557401102,0.9436408950755748,0.9791111111111112,3.9774432549879726,0.8,4.210338698470251,7.235730571575991,39.08883580949021,0.9791111111111112,3.9774432549879726,0.8,FAR (IC del modelo AR)
940,969,954,test,30,False,0.731223376810313,0.8551160019613204,1.0795720833009201,0.6827982889409908,0.8095441423656761,2.7095272203622733,1.5896025005010128,1.4836648965222343,2.394674759923981,0.9467068099636549,0.9791111111111112,3.9774432549879726,0.8,4.210338698470251,7.235730571575991,39.08883580949021,0.9791111111111112,3.9774432549879726,0.8,FAR (IC del modelo AR)
941,970,955,test,30,False,0.7195849571043736,0.8482835357970668,1.0212526224476268,0.677604847780616,0.8026106458154388,2.7095272203622733,1.563472171270662,1.4601288425652563,2.3755609775427846,0.9461584622897193,0.9808888888888889,3.9774432549879726,0.8333333333333334,4.201762517810843,7.038268819292153,39.08883580949021,0.9808888888888889,3.9774432549879726,0.8333333333333334,FAR (IC del modelo AR)
942,971,956,test,30,False,0.7228814496325191,0.8502243525285071,1.0065452680726394,0.678156522890786,0.8055644609165938,2.7095272203622733,1.582463894449207,1.475661709295903,2.4144165425060415,0.947472815287991,0.9808888888888889,3.9774432549879726,0.8333333333333334,4.201762517810843,7.038268819292153,39.08883580949021,0.9808888888888889,3.9774432549879726,0.8333333333333334,FAR (IC del modelo AR)
943,972,957,test,30,False,0.7182627628001566,0.8475038423512642,0.94938380569163,0.6753375472527092,0.8022028360667057,2.7095272203622733,1.5730556068987493,1.4666470836381804,2.413082907509728,0.9465477275490833,0.9808888888888889,3.9774432549879726,0.8333333333333334,4.201762517810843,7.038268819292153,39.08883580949021,0.9808888888888889,3.9774432549879726,0.8333333333333334,FAR (IC del modelo AR)
944,973,958,test,30,False,0.7077910949333581,0.8413032122447638,0.9203386782658731,0.6698296578447335,0.7973106858552714,2.7095272203622733,1.5730823848998965,1.461248185962589,2.4298886996270364,0.9477090711776655,0.9826666666666667,3.9774432549879726,0.8333333333333334,4.1783007985579435,6.748628058851032,39.08883580949021,0.9826666666666667,3.9774432549879726,0.8333333333333334,FAR (IC del modelo AR)
945,974,959,test,30,False,0.7036185283292068,0.8388197233787524,0.8856060744755349,0.6691181220584229,0.7944605763010203,2.7095272203622733,1.5579708450028658,1.4499854747429481,2.408012367497551,0.9471171863972699,0.9826666666666667,3.9774432549879726,0.8333333333333334,4.1783007985579435,6.748628058851031,39.08883580949021,0.9826666666666667,3.9774432549879726,0.8333333333333334,FAR (IC del modelo AR)
946,975,960,test,30,False,0.6563288032934717,0.8101412242896121,0.8996358305845741,0.6431297887641383,0.7682426349673247,2.7095272203622733,1.5303516683874,1.4192587989175969,2.4584474235938027,0.9482823635360279,0.9875555555555555,3.9774432549879726,0.8666666666666667,4.151359920039164,6.4164000368150935,39.08883580949021,0.9875555555555555,3.9774432549879726,0.8666666666666667,FAR (IC del modelo AR)
947,976,961,test,30,False,0.6671850684271141,0.8168139741869712,0.9128070483269372,0.650833534381736,0.7780947193716413,2.7095272203622733,1.5502476320799006,1.439077075666559,2.4593398449284556,0.9525972179236163,0.9875555555555555,3.9774432549879726,0.8666666666666667,4.151359920039164,6.4164000368150935,39.08883580949021,0.9875555555555555,3.9774432549879726,0.8666666666666667,FAR (IC del modelo AR)
948,977,962,test,30,False,0.6137073883302084,0.7833947844670709,0.9126551286355385,0.6295475745142411,0.7513440616006564,2.5485446670545895,1.4924913814173133,1.379535768723476,2.4434869688353995,0.959087393097443,0.9933333333333333,3.9774432549879726,0.9,4.029989539410428,5.256182652040702,20.79144352644473,0.9933333333333333,3.9774432549879726,0.9,FAR (IC del modelo AR)
949,978,963,test,30,False,0.6530344984012308,0.8081054995489332,0.899217620091208,0.6485105033108951,0.7722077014533131,2.5485446670545895,1.5283579733550279,1.4141788185134698,2.4411182390736585,0.9555778322067384,0.9888888888888889,3.9774432549879726,0.8666666666666667,4.066805461795765,5.770582474524487,20.79144352644473,0.9888888888888889,3.9774432549879726,0.8666666666666667,FAR (IC del modelo AR)
950,979,964,test,30,False,0.6736683911159699,0.820773044827844,0.9069830115351976,0.6552971746174698,0.7809396263111762,2.5874950703067654,1.554030705748546,1.4380061102731259,2.452107357478626,0.9514684128972306,0.9848888888888889,3.9774432549879726,0.8333333333333334,4.12253723132661,6.435703164759707,24.235934973315068,0.9848888888888889,3.9774432549879726,0.8333333333333334,FAR (IC del modelo AR)
951,980,965,test,30,False,0.6635138084412119,0.8145635693064182,0.9062980484976504,0.647853771748439,0.7734723433176544,2.5874950703067654,1.5371158325672298,1.4225127725788258,2.4559821841888025,0.9495543042469332,0.9848888888888889,3.9774432549879726,0.8333333333333334,4.12253723132661,6.435703164759707,24.235934973315068,0.9848888888888889,3.9774432549879726,0.8333333333333334,FAR (IC del modelo AR)
952,981,966,test,30,False,0.6624249656668652,0.8138949352753494,0.9022750672479594,0.6478594617654879,0.7727560549291395,2.5874950703067654,1.5309742790535537,1.4177066455591651,2.4465278612631858,0.949454310915091,0.9848888888888889,3.9774432549879726,0.8333333333333334,4.12253723132661,6.435703164759707,24.235934973315068,0.9848888888888889,3.9774432549879726,0.8333333333333334,FAR (IC del modelo AR)
953,982,967,test,30,False,0.6504993703402175,0.8065354117087591,0.9035747178091982,0.6421926075551672,0.7645048413955039,2.5874950703067654,1.5044917862086327,1.3942240129265144,2.4245924460291737,0.9478875078476624,0.9848888888888889,3.9774432549879726,0.8333333333333334,4.12253723132661,6.435703164759707,24.235934973315068,0.9848888888888889,3.9774432549879726,0.8333333333333334,FAR (IC del modelo AR)
954,983,968,test,30,False,0.660296083704311,0.8125860469539894,0.9012038051384926,0.648048237190892,0.7714798422061813,2.5874950703067654,1.515536584110536,1.4058848899908225,2.419326774016424,0.9494131053543235,0.9848888888888889,3.9774432549879726,0.8333333333333334,4.12253723132661,6.435703164759707,24.235934973315068,0.9848888888888889,3.9774432549879726,0.8333333333333334,FAR (IC del modelo AR)
955,984,969,test,30,False,0.6792402861919434,0.8241603522324666,0.9200420761845618,0.6608424114654288,0.7854578956749511,2.5874950703067654,1.536932801182342,1.4267034906667224,2.4085686052055606,0.9530401378170167,0.9848888888888889,3.9774432549879726,0.8333333333333334,4.12253723132661,6.435703164759707,24.235934973315068,0.9848888888888889,3.9774432549879726,0.8333333333333334,FAR (IC del modelo AR)
956,985,970,test,30,False,0.6508277679746219,0.8067389713994372,0.9244267029059229,0.6495613984012578,0.768570226100516,2.5874950703067654,1.4911836043376967,1.3857097085839605,2.386248921350153,0.9526876143931531,0.9875555555555555,3.9774432549879726,0.8666666666666667,4.09120607164163,5.885398856086833,24.235934973315068,0.9875555555555555,3.9774432549879726,0.8666666666666667,FAR (IC del modelo AR)
957,986,971,test,30,False,0.6470007714881916,0.8043635816520982,0.9253432245924422,0.6474195333615234,0.7646440718914538,2.5874950703067654,1.4846002891314085,1.377994310858704,2.3844260487556985,0.9506199551214592,0.9875555555555555,3.9774432549879726,0.8666666666666667,4.09120607164163,5.885398856086832,24.235934973315068,0.9875555555555555,3.9774432549879726,0.8666666666666667,FAR (IC del modelo AR)
958,987,972,test,30,False,0.6365102868487689,0.79781594797846,0.9150667477724352,0.6434561236396781,0.7581057190670765,2.5874950703067654,1.4605602407433298,1.3562255699145518,2.361690509114995,0.9502263285009493,0.9875555555555555,3.9774432549879726,0.8666666666666667,4.09120607164163,5.885398856086833,24.235934973315068,0.9875555555555555,3.9774432549879726,0.8666666666666667,FAR (IC del modelo AR)
959,988,973,test,30,False,0.6316779561420015,0.7947817034519614,0.91760880567046,0.6404533160733695,0.7546956840413941,2.5874950703067654,1.4551354089496578,1.3525557686863807,2.3626871104585616,0.9495634848707986,0.9875555555555555,3.9774432549879726,0.8666666666666667,4.09120607164163,5.885398856086833,24.235934973315068,0.9875555555555555,3.9774432549879726,0.8666666666666667,FAR (IC del modelo AR)
960,989,974,test,30,False,0.6510947934030756,0.8069044512227428,0.9471471240140872,0.6540484197547366,0.7688285825371663,2.5874950703067654,1.4780020087995882,1.3751715649485905,2.349349732888866,0.952812419577215,0.9875555555555555,3.9774432549879726,0.8666666666666667,4.09120607164163,5.885398856086833,24.235934973315068,0.9875555555555555,3.9774432549879726,0.8666666666666667,FAR (IC del modelo AR)
961,990,975,test,30,False,0.6682798540772593,0.8174838555453309,0.978435270425494,0.6657202512999214,0.7798829895122282,2.5874950703067654,1.4874531200037586,1.3836150191493657,2.323903327931335,0.9540041484880216,0.9875555555555555,3.9774432549879726,0.8666666666666667,4.09120607164163,5.885398856086832,24.235934973315068,0.9875555555555555,3.9774432549879726,0.8666666666666667,FAR (IC del modelo AR)
962,991,976,test,30,False,0.6566896489073708,0.810363899064717,0.9911146787204765,0.6574724386415096,0.772817718288579,2.5874950703067654,1.4854414171157047,1.3812823524876392,2.346617735532183,0.953667505648423,0.9875555555555555,3.9774432549879726,0.8666666666666667,4.09120607164163,5.885398856086833,24.235934973315068,0.9875555555555555,3.9774432549879726,0.8666666666666667,FAR (IC del modelo AR)
963,992,977,test,30,False,0.6941310875732383,0.8331452979962368,1.0147297670393773,0.6751795727530614,0.7897100185479712,2.5874950703067654,1.4950704687411982,1.3929197327696696,2.3181462472236976,0.9478659009986253,0.9857777777777778,3.9774432549879726,0.8333333333333334,4.094269877522648,5.953765193966178,24.235934973315068,0.9857777777777778,3.9774432549879726,0.8333333333333334,FAR (IC del modelo AR)
964,993,978,test,30,False,0.7344157068357969,0.856980575530039,1.0124970263084425,0.6942732890615871,0.8116825427088573,2.5874950703067654,1.5284663639825078,1.4287867574008157,2.3069441238224995,0.9471422875679941,0.9835555555555555,3.9774432549879726,0.8,4.098296224328411,6.056654104583926,24.235934973315068,0.9835555555555555,3.9774432549879726,0.8,FAR (IC del modelo AR)
965,994,979,test,30,False,0.7532155375936403,0.867879909661262,1.0186154942044834,0.7045376812713058,0.8224162834052965,2.5874950703067654,1.5382253832768655,1.4384472041995986,2.2907359680615267,0.9476153028202827,0.9835555555555555,3.9774432549879726,0.8,4.098296224328411,6.0566541045839255,24.235934973315068,0.9835555555555555,3.9774432549879726,0.8,FAR (IC del modelo AR)
966,995,980,test,30,False,0.783601909600509,0.8852129176647328,1.0050329149709674,0.7187464076301566,0.8366725086684109,2.5874950703067654,1.5589867755185303,1.4598912818667285,2.275485469720304,0.9451652726392927,0.9791111111111112,3.9774432549879726,0.7666666666666667,4.167959092542227,6.839983752932879,27.782203716727032,0.9791111111111112,3.9774432549879726,0.7666666666666667,FAR (IC del modelo AR)
967,996,981,test,30,False,0.7872248326169998,0.8872569146628274,0.9792475815033724,0.7210601227384603,0.8405846772898319,2.5874950703067654,1.5731099207265293,1.47271847707719,2.29508902674004,0.9473971556584242,0.9791111111111112,3.9774432549879726,0.7666666666666667,4.167959092542227,6.839983752932879,27.782203716727032,0.9791111111111112,3.9774432549879726,0.7666666666666667,FAR (IC del modelo AR)
968,997,982,test,30,False,0.7864629929165204,0.8868274876865965,0.9781511903760669,0.7213341171393004,0.8401979817277737,2.5874950703067654,1.56738340330737,1.4689312541613135,2.287957538037463,0.9474198684566467,0.9791111111111112,3.9774432549879726,0.7666666666666667,4.167959092542227,6.839983752932879,27.782203716727032,0.9791111111111112,3.9774432549879726,0.7666666666666667,FAR (IC del modelo AR)
969,998,983,test,30,False,0.7374823311910407,0.858767914625972,0.9205171413847347,0.6996451072206374,0.8192348146292753,2.5874950703067654,1.5562145459515746,1.4551737981821884,2.318790007965961,0.9539653271583685,0.9817777777777777,3.9774432549879726,0.8,4.158204759584598,6.6301628887748425,27.782203716727032,0.9817777777777777,3.9774432549879726,0.8,FAR (IC del modelo AR)
970,999,984,test,30,False,0.7922127678472412,0.8900633504685165,0.9344269444276069,0.7197192838807834,0.8442342718323539,3.1386913189943235,1.6188471622996434,1.514149994624317,2.3367582577252297,0.9485103182688751,0.9764444444444444,3.9774432549879726,0.7666666666666667,4.3539226801168525,8.459084906083985,59.149974785532734,0.9764444444444444,3.9774432549879726,0.7666666666666667,FAR (IC del modelo AR)
971,1000,985,test,30,False,0.844064291416068,0.9187297161929987,0.9812922464390397,0.7396494275812109,0.8679854876248272,3.1386913189943235,1.6692829026838558,1.5634550152896298,2.3420937425647663,0.9447669671789395,0.9711111111111111,3.9774432549879726,0.7333333333333333,4.484219762475772,9.652873180628744,59.149974785532734,0.9711111111111111,3.9774432549879726,0.7333333333333333,FAR (IC del modelo AR)
5,34,19,train,30,False,0.6302404807285126,0.7938768674854512,0.6966083859050294,0.6424434573540275,0.7562791444435948,2.431984240368145,1.437457531297467,1.334148632296891,2.3112107271779494,0.9526403595044348,0.8608888888888889,2.810612611238224,0.2,4.445180223488426,18.19493586036724,62.82661981690853,0.8608888888888889,2.810612611238224,0.2,PSBPM-FD (predictiva bayesiana)
6,35,20,train,30,False,0.6275805946197305,0.7921998451273078,0.681047762788708,0.6398222291608043,0.7540779320621215,2.431984240368145,1.4303718726180679,1.3303229825160159,2.3115827108725293,0.9518784138880259,0.8688888888888889,2.8531110617952007,0.2,4.3634601312454615,17.27959781750368,62.82661981690853,0.8688888888888889,2.8531110617952007,0.2,PSBPM-FD (predictiva bayesiana)
7,36,21,train,30,False,0.6925304408614511,0.8321841387946848,0.6950837202589595,0.667762445436326,0.7857486940984848,2.675496745210018,1.4909702321823153,1.3884251689120968,2.3213396238135062,0.9442005170112279,0.8608888888888889,2.874455902492317,0.2,4.512378219263249,17.924678536695122,62.82661981690853,0.8608888888888889,2.874455902492317,0.2,PSBPM-FD (predictiva bayesiana)
8,37,22,train,30,False,0.7298609025308722,0.8543189700169792,0.6985128800077828,0.6886290751334913,0.8084115929357284,2.675496745210018,1.5210622877799163,1.418344924237279,2.28332307930992,0.946264359457758,0.8453333333333334,2.885531960536933,0.16666666666666666,4.800161204261541,19.208255111323993,62.82661981690853,0.8453333333333334,2.885531960536933,0.16666666666666666,PSBPM-FD (predictiva bayesiana)
9,38,23,train,30,False,0.7038316328454542,0.8389467401721364,0.6712230739208065,0.6741238638033589,0.7920320938386852,2.675496745210018,1.4977019757196077,1.3954636688590376,2.2910458275662378,0.9440791124311119,0.8471111111111111,2.878105874245262,0.16666666666666666,4.697950492382464,18.38383130486473,62.82661981690853,0.8471111111111111,2.878105874245262,0.16666666666666666,PSBPM-FD (predictiva bayesiana)
10,39,24,train,30,False,0.6802785595209143,0.8247900093483882,0.6426300364472861,0.6642268712367094,0.7776855317690754,2.675496745210018,1.4596240689006064,1.3613114969893862,2.270838762388039,0.9428891268742126,0.8426666666666667,2.851329793875313,0.16666666666666666,4.54320831855918,16.871729563946193,45.56259117562606,0.8426666666666667,2.851329793875313,0.16666666666666666,PSBPM-FD (predictiva bayesiana)
11,40,25,train,30,False,0.6816657442973396,0.8256305131821011,0.6533897772616987,0.6640925961425967,0.7783417270012852,2.675496745210018,1.4568044513696137,1.359158889702009,2.2681120690456695,0.9427240328139546,0.8302222222222222,2.837272292070815,0.16666666666666666,4.955138695739671,18.30528101982973,55.76488092660544,0.8302222222222222,2.837272292070815,0.16666666666666666,PSBPM-FD (predictiva bayesiana)
12,41,26,train,30,False,0.683720720445579,0.8268740656506158,0.6562649767560409,0.6641000925264289,0.7798342520278452,2.675496745210018,1.461787642739115,1.366818523953131,2.276549034748121,0.9431112722277027,0.8195555555555556,2.8028369148935504,0.16666666666666666,5.095155080284722,19.057390083521963,55.76488092660544,0.8195555555555556,2.8028369148935504,0.16666666666666666,PSBPM-FD (predictiva bayesiana)
13,42,27,train,30,False,0.6791571312826574,0.8241099024296804,0.6593181226289659,0.6607170804943724,0.7760463315345041,2.675496745210018,1.461619977678541,1.3648434196003094,2.2901524162613134,0.941678202441843,0.8071111111111111,2.803651920590032,0.16666666666666666,5.203144675790639,19.594069438319952,55.76488092660544,0.8071111111111111,2.803651920590032,0.16666666666666666,PSBPM-FD (predictiva bayesiana)
14,43,28,train,30,False,0.6626510977453225,0.8140338431203721,0.6474553186624675,0.6490709848290165,0.7626721655115146,2.675496745210018,1.441038928749465,1.3453841459114528,2.308396847105023,0.9369047392280687,0.804,2.804029099821113,0.16666666666666666,5.218029717164977,19.747805075282564,55.76488092660544,0.804,2.804029099821113,0.16666666666666666,PSBPM-FD (predictiva bayesiana)
15,44,29,train,30,False,0.6642318164605937,0.815004181866936,0.6427556613488639,0.6484024122404685,0.7642561107522414,2.675496745210018,1.4501002364729594,1.3540045504366887,2.3347413198985305,0.9377327475811897,0.7968888888888889,2.7608190996546504,0.16666666666666666,5.249088504518747,20.18609031414039,55.76488092660544,0.7968888888888889,2.7608190996546504,0.16666666666666666,PSBPM-FD (predictiva bayesiana)
16,45,30,train,30,False,0.6853864614741201,0.8278807048567566,0.6424856665312442,0.6571280682281798,0.7748193822065231,2.675496745210018,1.4796625054676105,1.3794146838767705,2.3491784531676934,0.9359070427188971,0.7906666666666666,2.7275794302037815,0.16666666666666666,5.664215604987615,21.580368486417502,65.16204719931696,0.7906666666666666,2.7275794302037815,0.16666666666666666,PSBPM-FD (predictiva bayesiana)
17,46,31,train,30,False,0.6928973519335277,0.8324045602551249,0.6438766964467083,0.6615388550825059,0.7825290263946765,2.675496745210018,1.5111838402213364,1.4050405853157342,2.3973669640684334,0.9400825797432417,0.7875555555555556,2.72365250960872,0.16666666666666666,5.789149169056916,22.949642871062228,65.16204719931696,0.7875555555555556,2.72365250960872,0.16666666666666666,PSBPM-FD (predictiva bayesiana)
18,47,32,train,30,False,0.6879172658911651,0.8294077802210231,0.63537108018982,0.6586365241165487,0.7786991280538044,2.675496745210018,1.5078319047733972,1.3973868587857974,2.409080755926851,0.9388616150264399,0.7911111111111111,2.689794692923625,0.16666666666666666,5.770431898484211,23.131677522433538,65.16204719931696,0.7911111111111111,2.689794692923625,0.16666666666666666,PSBPM-FD (predictiva bayesiana)
19,48,33,train,30,False,0.6793819699266402,0.8242463041631671,0.6248891735384801,0.6536296310897444,0.7734024087748114,2.675496745210018,1.507438233406398,1.3943179293597523,2.4260038244071747,0.9383146819930529,0.7893333333333333,2.6910349044174784,0.16666666666666666,5.811101563194908,23.474721643292266,65.16204719931696,0.7893333333333333,2.6910349044174784,0.16666666666666666,PSBPM-FD (predictiva bayesiana)
20,49,34,train,30,False,0.6613050818874462,0.8132066661602364,0.6115125625026318,0.6425572453863779,0.7602716961508288,2.675496745210018,1.4843552543043168,1.3717146574598182,2.429960327975542,0.9349058828312935,0.7893333333333333,2.651305126729318,0.16666666666666666,5.784031622491842,23.581265197213273,65.16204719931696,0.7893333333333333,2.651305126729318,0.16666666666666666,PSBPM-FD (predictiva bayesiana)
21,50,35,train,30,False,0.654508912389568,0.8090172509839132,0.6062523534086451,0.6394059846732698,0.7562117911334293,2.675496745210018,1.4876874378649534,1.3718240107114037,2.4449317612913912,0.9347288827447587,0.7902222222222223,2.6361668366286906,0.16666666666666666,5.772708799913403,23.693979812998965,65.16204719931696,0.7902222222222223,2.6361668366286906,0.16666666666666666,PSBPM-FD (predictiva bayesiana)
22,51,36,train,30,False,0.6673505080461812,0.8169152392055012,0.617262691099111,0.6491144711824867,0.7671859126095413,2.675496745210018,1.50796334218994,1.3915758331192025,2.436609218292082,0.9391254756805312,0.7862222222222223,2.6398616077695043,0.13333333333333333,5.858330650368057,24.75559027288355,65.16204719931696,0.7862222222222223,2.6398616077695043,0.13333333333333333,PSBPM-FD (predictiva bayesiana)
23,52,37,train,30,False,0.661779492017629,0.8134983048646315,0.6120130065661159,0.6458651647528417,0.7620313213054957,2.675496745210018,1.4863706225138196,1.374371696381823,2.4070834257464653,0.936733754389691,0.7893333333333333,2.642034639014345,0.13333333333333333,5.794113700676202,23.916271820954762,65.16204719931696,0.7893333333333333,2.642034639014345,0.13333333333333333,PSBPM-FD (predictiva bayesiana)
24,53,38,train,30,False,0.661295202080375,0.813200591539612,0.6200880332081785,0.6467740095654352,0.761511860429385,2.675496745210018,1.4858241741556502,1.3717678700967155,2.400144704402381,0.9364379076355981,0.7888888888888889,2.6495495349410922,0.13333333333333333,5.810133426373325,24.11931668714208,65.16204719931696,0.7888888888888889,2.6495495349410922,0.13333333333333333,PSBPM-FD (predictiva bayesiana)
25,54,39,train,30,False,0.6723145270614929,0.8199478806982142,0.61439715465021,0.6501717928802829,0.768006129458729,2.675496745210018,1.5013336626009204,1.3870189309980119,2.4095856128615787,0.9366523745445199,0.7871111111111111,2.6534761584113458,0.13333333333333333,5.921041043790604,25.0078277051141,65.16204719931696,0.7871111111111111,2.6534761584113458,0.13333333333333333,PSBPM-FD (predictiva bayesiana)
26,55,40,train,30,False,0.6734534632809115,0.8206421042579473,0.6186279125189866,0.6502830266786507,0.768793189897039,2.675496745210018,1.5029336118147505,1.3933438863758165,2.4117960407542722,0.9368190906950946,0.7893333333333333,2.6677196808914756,0.13333333333333333,5.927426961122607,25.085311687381314,65.16204719931696,0.7893333333333333,2.6677196808914756,0.13333333333333333,PSBPM-FD (predictiva bayesiana)
27,56,41,train,30,False,0.6574420202710411,0.8108279843906728,0.6341603308403253,0.6397720959633322,0.7583649988997497,2.675496745210018,1.4896549866427513,1.3822096454638237,2.4313860881430593,0.9352970216853722,0.7915555555555556,2.6764769163713273,0.13333333333333333,5.8975502661017805,24.773723783049594,65.16204719931696,0.7915555555555556,2.6764769163713273,0.13333333333333333,PSBPM-FD (predictiva bayesiana)
28,57,42,train,30,False,0.6689268362817473,0.8178794754007142,0.6338974916421164,0.6460543968305552,0.7652326229042618,2.675496745210018,1.4926352962669016,1.3876644933011602,2.4157041048146324,0.9356300603207357,0.7906666666666666,2.6761018849256346,0.13333333333333333,5.906546261696562,24.791448572101466,65.16204719931696,0.7906666666666666,2.6761018849256346,0.13333333333333333,PSBPM-FD (predictiva bayesiana)
29,58,43,train,30,False,0.6983750606126341,0.8356883753006464,0.6246861307729439,0.659532015566191,0.7779497825115879,2.675496745210018,1.4991163235930858,1.3948443605584417,2.3964308283701503,0.9309089434583956,0.7942222222222223,2.685799170688726,0.13333333333333333,5.870353410865135,24.537022193174344,65.16204719931696,0.7942222222222223,2.685799170688726,0.13333333333333333,PSBPM-FD (predictiva bayesiana)
30,59,44,train,30,False,0.6950830509577366,0.83371640919304,0.6254510226399724,0.6569253417088834,0.7746978392166993,2.675496745210018,1.4877351286536824,1.3854486510962905,2.3837278642783057,0.9292102574381795,0.7942222222222223,2.6830585786527434,0.13333333333333333,5.867494748279987,24.531825687389357,65.16204719931696,0.7942222222222223,2.6830585786527434,0.13333333333333333,PSBPM-FD (predictiva bayesiana)
31,60,45,train,30,False,0.7035672993595147,0.8387891864822261,0.6268248178552878,0.6621605709844984,0.7820396789915455,2.675496745210018,1.5046124633403162,1.4015989147143613,2.387607782848066,0.932343539467073,0.7937777777777778,2.689958375361955,0.1,5.874448073666466,24.53939297516974,65.16204719931696,0.7937777777777778,2.689958375361955,0.1,PSBPM-FD (predictiva bayesiana)
32,61,46,train,30,False,0.6719383977074925,0.819718486864541,0.6352364248453907,0.646978723903863,0.7661624695863016,2.675496745210018,1.4817399653263523,1.3823418928657432,2.39090496626244,0.9346653538544758,0.7995555555555556,2.6863577615011276,0.13333333333333333,5.8328386419253695,24.091605236894697,65.16204719931696,0.7995555555555556,2.6863577615011276,0.13333333333333333,PSBPM-FD (predictiva bayesiana)
33,62,47,train,30,False,0.7606134460172814,0.8721315531600043,0.6352782009478058,0.6790047700672043,0.8013324521474373,3.4724320524995083,1.5548459892003135,1.450942426897811,2.3971233032378034,0.9188206174217183,0.7902222222222223,2.6866648161337814,0.1,6.092217531277099,26.120219106785978,65.16204719931696,0.7902222222222223,2.6866648161337814,0.1,PSBPM-FD (predictiva bayesiana)
34,63,48,train,30,False,0.7575524963367706,0.8703749171114541,0.6353076991056837,0.6768903401189156,0.799005941585352,3.4724320524995083,1.5630239530589394,1.4573005943678785,2.421452633906666,0.9180020309374757,0.7902222222222223,2.7020710029122936,0.1,6.10760910419685,26.135678166213165,65.16204719931696,0.7902222222222223,2.7020710029122936,0.1,PSBPM-FD (predictiva bayesiana)
35,64,49,train,30,False,0.6981074967513367,0.8355282740585962,0.6688278916383168,0.647329156274795,0.7666100204878422,3.4724320524995083,1.511470380240405,1.4075299882156842,2.442372530281759,0.9175153544044868,0.8013333333333333,2.685810826576522,0.1,5.813239190579934,24.759342336016843,65.16204719931696,0.8013333333333333,2.685810826576522,0.1,PSBPM-FD (predictiva bayesiana)
36,65,50,train,30,False,0.7041881756727809,0.8391592075838654,0.6823167322910638,0.6502103591312594,0.7713443945565154,3.4724320524995083,1.5332551263090293,1.4257412264879399,2.469375977871395,0.9191871906850613,0.7982222222222223,2.6426629176465277,0.1,5.835885164778612,25.625580396777945,65.16204719931696,0.7982222222222223,2.6426629176465277,0.1,PSBPM-FD (predictiva bayesiana)
37,66,51,train,30,False,0.632158004966361,0.7950836465217739,0.7064274472974146,0.6128540282288498,0.731354450790198,3.4724320524995083,1.4704564053140117,1.3634853321456708,2.521825010118734,0.9198459231171842,0.8084444444444444,2.6261020380915143,0.13333333333333333,5.686789646758348,24.87990236321263,65.16204719931696,0.8084444444444444,2.6261020380915143,0.13333333333333333,PSBPM-FD (predictiva bayesiana)
38,67,52,train,30,False,0.6204168301750894,0.7876654303542142,0.7146521417567998,0.607490167304776,0.7259296433811708,3.4724320524995083,1.4601206206413448,1.355707937360439,2.5230413402620258,0.9216218148036779,0.8177777777777778,2.6431698073621632,0.13333333333333333,5.478553514879978,24.06511126532293,65.16204719931696,0.8177777777777778,2.6431698073621632,0.13333333333333333,PSBPM-FD (predictiva bayesiana)
39,68,53,train,30,False,0.6194590266080426,0.7870571939878592,0.697160076487677,0.6056970312284105,0.7250352696185188,3.4724320524995083,1.4640470401552446,1.3589138466395243,2.5414083471687876,0.9211976907865007,0.8293333333333334,2.676694542329448,0.16666666666666666,5.428147890813202,23.613220036686233,65.16204719931696,0.8293333333333334,2.676694542329448,0.16666666666666666,PSBPM-FD (predictiva bayesiana)
40,69,54,train,30,False,0.6457504373740683,0.803585986297713,0.7240124462848662,0.6150813913535488,0.7406789862954501,3.4724320524995083,1.5090880502936295,1.3996153254738328,2.5719233187870048,0.9217171515246446,0.836,2.709539124594277,0.16666666666666666,5.475091649895364,24.304785008286956,65.16204719931696,0.836,2.709539124594277,0.16666666666666666,PSBPM-FD (predictiva bayesiana)
41,70,55,train,30,False,0.624776049026514,0.7904277633196559,0.7387312255097928,0.6017812321085081,0.7288969990770132,3.4724320524995083,1.4977366658558726,1.3900739102273911,2.598808575762038,0.9221551075278221,0.8493333333333334,2.7511751516191287,0.16666666666666666,5.12012655299839,23.293436083680678,65.16204719931696,0.8493333333333334,2.7511751516191287,0.16666666666666666,PSBPM-FD (predictiva bayesiana)
42,71,56,train,30,False,0.6383968374449479,0.7989973951427801,0.7490189407034215,0.6073028893487146,0.7370689223129056,3.4724320524995083,1.5185156942084033,1.4077418056746835,2.6077735538380313,0.9224922719318654,0.8546666666666667,2.792547554209311,0.16666666666666666,5.128453418074882,23.466926217421097,65.16204719931696,0.8546666666666667,2.792547554209311,0.16666666666666666,PSBPM-FD (predictiva bayesiana)
43,72,57,train,30,False,0.6330353601574551,0.795635192885191,0.7547504821380308,0.6025186216954935,0.7312121611268273,3.4724320524995083,1.5055152061227162,1.3976536249125155,2.6023063425389212,0.9190294341747903,0.8693333333333333,2.837422722499714,0.2,5.053840831952327,22.729947090253972,65.16204719931696,0.8693333333333333,2.837422722499714,0.2,PSBPM-FD (predictiva bayesiana)
44,73,58,train,30,False,0.6549508326910165,0.8092903265769439,0.7808710040427734,0.6186381564292763,0.7477145371466406,3.4724320524995083,1.5235594842432658,1.4160945493713049,2.568436127127477,0.9239138447499424,0.8644444444444445,2.8582199059976263,0.2,5.132039899417325,22.793080190066103,65.16204719931696,0.8644444444444445,2.8582199059976263,0.2,PSBPM-FD (predictiva bayesiana)
45,74,59,train,30,False,0.697301643995636,0.8350458933469681,0.7767332922343482,0.6395476707454503,0.7717061915121537,3.4724320524995083,1.5534196933861577,1.4463792512841056,2.538549460004551,0.9241482386304051,0.8684444444444445,2.9012605726047314,0.2,5.151864255062586,22.695676825295926,65.16204719931696,0.8684444444444445,2.9012605726047314,0.2,PSBPM-FD (predictiva bayesiana)
46,75,60,train,30,False,0.6747488688635719,0.8214309884972516,0.7781049216215679,0.6267367703924595,0.7603009278534477,3.4724320524995083,1.5431358295184154,1.4370413904055785,2.566156566421703,0.925581014717211,0.8808888888888889,2.930369131259517,0.2,4.695967066901801,21.16251085284764,64.05895171450746,0.8808888888888889,2.930369131259517,0.2,PSBPM-FD (predictiva bayesiana)
47,76,61,train,30,False,0.6729728548608617,0.8203492273787193,0.7704394224338856,0.6269965732608879,0.7587693011854032,3.4724320524995083,1.525609796457666,1.4231144345321598,2.5257417960536857,0.9249344984573413,0.8826666666666667,2.9344043862106695,0.2,4.584265309226982,20.049087269237916,64.05895171450746,0.8826666666666667,2.9344043862106695,0.2,PSBPM-FD (predictiva bayesiana)
48,77,62,train,30,False,0.6855592115454311,0.8279850309911594,0.781981825880003,0.6340417207567268,0.7674707611798076,3.4724320524995083,1.5337380512001546,1.4351916549051358,2.5025448471488,0.9269138117884671,0.8817777777777778,2.966120382960058,0.2,4.6322377163684525,19.967177687753384,64.05895171450746,0.8817777777777778,2.966120382960058,0.2,PSBPM-FD (predictiva bayesiana)
49,78,63,train,30,False,0.7022456311583227,0.8380009732442575,0.7891113368026776,0.6423883052630099,0.7770595887817464,3.4724320524995083,1.53963376411151,1.4448654365786873,2.483706177863178,0.9272776686325541,0.8782222222222222,2.965169777140435,0.2,4.7854893055114935,20.20163423957452,64.05895171450746,0.8782222222222222,2.965169777140435,0.2,PSBPM-FD (predictiva bayesiana)
50,79,64,train,30,False,0.7112158285426969,0.8433361302248925,0.7947130596465162,0.6497395019372375,0.7844980559388293,3.4724320524995083,1.549883056511828,1.453569728943361,2.4725023846750878,0.9302317638515346,0.8724444444444445,3.000214614192438,0.2,4.8904715761103095,20.553390689200267,64.05895171450746,0.8724444444444445,3.000214614192438,0.2,PSBPM-FD (predictiva bayesiana)
51,80,65,train,30,False,0.694946231297866,0.8336343510783766,0.7962074633790556,0.6373203036440208,0.7698941559547923,3.4724320524995083,1.5186953121538496,1.4243567217844608,2.4714761258236986,0.9235393850539736,0.8728888888888889,3.027676409161546,0.2,4.903799149389891,20.301652811021587,64.05895171450746,0.8728888888888889,3.027676409161546,0.2,PSBPM-FD (predictiva bayesiana)
52,81,66,train,30,False,0.7025532870454371,0.8381845184954426,0.8053213353564661,0.6401128263258651,0.7745363934101126,3.4724320524995083,1.5249336497423196,1.4304609103247956,2.4709521737361753,0.924064303645718,0.8657777777777778,3.028863039261558,0.2,5.017550432013055,20.276529642393037,64.05895171450746,0.8657777777777778,3.028863039261558,0.2,PSBPM-FD (predictiva bayesiana)
53,82,67,train,30,False,0.7116395523190338,0.8435873116157175,0.818086941487681,0.6451557936557523,0.782362989320869,3.4724320524995083,1.551446576965696,1.4540035040343067,2.4996159787712102,0.9274238464094654,0.8622222222222222,3.037545184060724,0.2,5.117993329952769,21.303377609574703,64.05895171450746,0.8622222222222222,3.037545184060724,0.2,PSBPM-FD (predictiva bayesiana)
54,83,68,train,30,False,0.7185761670346387,0.8476887206012822,0.8200287922425725,0.649794075449705,0.7886403039803479,3.4724320524995083,1.560177907670504,1.4640221671013953,2.4962816585904406,0.9303418634861036,0.8644444444444445,3.0351845057907307,0.23333333333333334,5.10356310422299,21.03123353737036,64.05895171450746,0.8644444444444445,3.0351845057907307,0.23333333333333334,PSBPM-FD (predictiva bayesiana)
55,84,69,train,30,False,0.7802472737795225,0.883316066750471,0.8075148925910484,0.6719302805560391,0.812337096339403,3.4724320524995083,1.5980223104297602,1.4997846341275063,2.4793057562464957,0.91964487788365,0.8582222222222222,3.036083167519265,0.23333333333333334,5.271407292534127,21.328513975321123,64.05895171450746,0.8582222222222222,3.036083167519265,0.23333333333333334,PSBPM-FD (predictiva bayesiana)
56,85,70,train,30,False,0.8162712962239086,0.9034773357555288,0.8517518314592014,0.6897385774618529,0.8302710404616942,3.4724320524995083,1.6152199642154719,1.5180502370582876,2.4544921233574835,0.9189727374482325,0.8502222222222222,3.0206708883852698,0.23333333333333334,5.336148558214444,21.28571930939916,64.05895171450746,0.8502222222222222,3.0206708883852698,0.23333333333333334,PSBPM-FD (predictiva bayesiana)
57,86,71,train,30,False,0.8295226794673128,0.9107813565655112,0.8469363156395837,0.6956602100420798,0.8391678245999067,3.4724320524995083,1.628589209738205,1.532425902076373,2.449961259926248,0.9213713242488254,0.8506666666666667,3.0167549744996034,0.23333333333333334,5.313964952711408,21.16424128633339,64.05895171450746,0.8506666666666667,3.0167549744996034,0.23333333333333334,PSBPM-FD (predictiva bayesiana)
58,87,72,train,30,False,0.8231299881699897,0.907265114599911,0.8471575417298,0.6896046315121107,0.835556114801108,3.4724320524995083,1.6401529176121392,1.5396334996773609,2.4883289290039547,0.9209613610786462,0.8511111111111112,3.0135728929451044,0.23333333333333334,5.3194864786252225,21.378843523328314,64.05895171450746,0.8511111111111112,3.0135728929451044,0.23333333333333334,PSBPM-FD (predictiva bayesiana)
59,88,73,train,30,False,0.7940214677137832,0.8910788223910291,0.8329611449102774,0.6767257630578307,0.8230141172447155,3.4724320524995083,1.633760820664123,1.5339258308287917,2.5061104170012425,0.9236153935701493,0.8471111111111111,2.9782775086869173,0.23333333333333334,5.33273193967346,21.446742689735125,64.05895171450746,0.8471111111111111,2.9782775086869173,0.23333333333333334,PSBPM-FD (predictiva bayesiana)
60,89,74,train,30,False,0.8028290734710529,0.8960072954340567,0.8337518829115811,0.6834853944721007,0.8307033902521602,3.4724320524995083,1.6597487413695677,1.5546721475039604,2.5260272294546904,0.9271167706840365,0.8413333333333334,2.979361921538185,0.2,5.412160093579317,22.474750587780267,64.05895171450746,0.8413333333333334,2.979361921538185,0.2,PSBPM-FD (predictiva bayesiana)
61,90,75,train,30,False,0.8124897525475736,0.9013821345842027,0.8527110188787164,0.6888518431184124,0.8368903206819451,3.4724320524995083,1.6712572081254558,1.56394738856091,2.519775064482803,0.9284523051568948,0.8297777777777777,2.9837849436877297,0.2,5.611802573345722,23.65128156835335,64.05895171450746,0.8297777777777777,2.9837849436877297,0.2,PSBPM-FD (predictiva bayesiana)
62,91,76,train,30,False,0.8189825019457626,0.9049765201074349,0.845168699815678,0.6896228320028998,0.840861622176101,3.4724320524995083,1.6878055725046266,1.5772473301514343,2.540994732197437,0.9291529708155052,0.8182222222222222,2.9858433170323777,0.16666666666666666,5.825511047012752,24.601748230493172,64.05895171450746,0.8182222222222222,2.9858433170323777,0.16666666666666666,PSBPM-FD (predictiva bayesiana)
63,92,77,train,30,False,0.7377527254069242,0.8589253316831005,0.8668494423495902,0.6588113491888844,0.8103293956129665,3.202277611967789,1.6360892198460895,1.5296455496511425,2.5624776154824884,0.9434223974103683,0.8128888888888889,2.963669399843758,0.16666666666666666,5.823915767216358,24.06537672346365,54.99243113505307,0.8128888888888889,2.963669399843758,0.16666666666666666,PSBPM-FD (predictiva bayesiana)
64,93,78,train,30,False,0.7418398804038961,0.8613012715675602,0.8854150326940025,0.6618886312738476,0.8133850801280166,3.202277611967789,1.6346156007835093,1.529800513572274,2.5458891110941235,0.9443676759557819,0.8048888888888889,2.9600175098345174,0.13333333333333333,5.942927671229123,25.026018208669388,54.99243113505307,0.8048888888888889,2.9600175098345174,0.13333333333333333,PSBPM-FD (predictiva bayesiana)
65,94,79,train,30,False,0.7451066186903282,0.8631955854210147,0.8837654019630159,0.6655980852890963,0.8167714688596132,3.202277611967789,1.6387156316172486,1.5320642406952412,2.5334819167355884,0.9462183109535266,0.8008888888888889,2.987888161961287,0.13333333333333333,6.00493033921901,25.410529709651282,54.99243113505307,0.8008888888888889,2.987888161961287,0.13333333333333333,PSBPM-FD (predictiva bayesiana)
66,95,80,train,30,False,0.7355453539457117,0.8576394078782247,0.8879314002945614,0.6613151315126164,0.8086972553895123,3.202277611967789,1.6123607804125484,1.50838164181214,2.5046970634476287,0.9429338810237349,0.8044444444444444,2.9856812767814196,0.16666666666666666,5.937092470543937,24.463544679330575,54.99243113505307,0.8044444444444444,2.9856812767814196,0.16666666666666666,PSBPM-FD (predictiva bayesiana)
67,96,81,train,30,False,0.7627685938711172,0.8733662426903831,0.8891418474803614,0.6793452850185748,0.8304202567750861,3.202277611967789,1.640638281920979,1.5378234935926538,2.4574785183401233,0.9508270599250516,0.8026666666666666,2.9940866478768617,0.13333333333333333,5.948729987986847,24.5717702994171,54.99243113505307,0.8026666666666666,2.9940866478768617,0.13333333333333333,PSBPM-FD (predictiva bayesiana)
68,97,82,train,30,False,0.7463577054952804,0.8639199647509487,0.877773004720381,0.6729328357530076,0.8208480984582416,3.202277611967789,1.617299053874821,1.5153320807114998,2.442644897193706,0.9501436845424404,0.8044444444444444,3.0123927050352535,0.13333333333333333,5.933847446472758,24.394303514481454,54.99243113505307,0.8044444444444444,3.0123927050352535,0.13333333333333333,PSBPM-FD (predictiva bayesiana)
69,98,83,train,30,False,0.7485153577988164,0.8651678205983024,0.903496830340437,0.6743262227114034,0.8228046449820058,3.202277611967789,1.621405472459362,1.5190259507270312,2.443561704401963,0.9510347303636414,0.7968888888888889,3.010141035312541,0.1,5.977338564149473,24.93075217003344,54.99243113505307,0.7968888888888889,3.010141035312541,0.1,PSBPM-FD (predictiva bayesiana)
70,99,84,train,30,False,0.7188712844476401,0.8478627745382151,0.903564667318237,0.6617491538469606,0.8041718953864474,3.202277611967789,1.5714604715210752,1.4741114084122144,2.417593389459234,0.9484693980396016,0.792,2.99899738196259,0.1,5.973657399973677,24.531017015937657,54.99243113505307,0.792,2.99899738196259,0.1,PSBPM-FD (predictiva bayesiana)
71,100,85,train,30,False,0.7479592170578541,0.8648463545959213,0.886664930994026,0.6784242560674785,0.8195724088038112,3.202277611967789,1.586675084953412,1.4880890486239828,2.388129037052457,0.9476508797759075,0.7808888888888889,2.9700384159930078,0.1,6.286980905602215,25.526484320658152,55.28843233003178,0.7808888888888889,2.9700384159930078,0.1,PSBPM-FD (predictiva bayesiana)
72,101,86,train,30,False,0.7245154025957129,0.8511847053346958,0.9264091737967148,0.6646691943566883,0.8030024374852627,3.202277611967789,1.5503624691617555,1.4552136555863198,2.3948766879737806,0.9433938749751297,0.7866666666666666,2.963670977920048,0.1,6.145591121946767,24.724858562259996,55.28843233003178,0.7866666666666666,2.963670977920048,0.1,PSBPM-FD (predictiva bayesiana)
73,102,87,train,30,False,0.7386762498576901,0.8594627681625832,0.9346157428084606,0.67554957131567,0.815654155720773,3.202277611967789,1.5804383324991673,1.4815591466423355,2.4046061327100374,0.9490279113131718,0.7782222222222223,2.958286638810571,0.06666666666666667,6.232970061635036,25.489245097798616,55.28843233003178,0.7782222222222223,2.958286638810571,0.06666666666666667,PSBPM-FD (predictiva bayesiana)
74,103,88,train,30,False,0.8314312462699661,0.9118285180174868,0.8917144046801266,0.7050157253258493,0.8486339083947859,3.202277611967789,1.6297475901123373,1.5289059400014107,2.4020166741269713,0.9306946335040062,0.7715555555555556,2.9574967594769292,0.06666666666666667,6.672461976981921,26.877614625928786,61.19664232531509,0.7715555555555556,2.9574967594769292,0.06666666666666667,PSBPM-FD (predictiva bayesiana)
75,104,89,train,30,False,0.7938501869396218,0.8909827085525408,0.8818173894923652,0.689727490060495,0.8287259708133038,3.202277611967789,1.596071745087582,1.4962103649280984,2.3964307770740465,0.9301257621033104,0.7768888888888889,2.951593450859771,0.1,6.6098502358351725,26.38306977158837,61.19664232531509,0.7768888888888889,2.951593450859771,0.1,PSBPM-FD (predictiva bayesiana)
76,105,90,train,30,False,0.8279245339711647,0.909903584986434,0.8552173592085305,0.7072331129052424,0.8448146823603663,3.202277611967789,1.6023262311922062,1.50550365294813,2.3565469451835157,0.9284661543266278,0.7724444444444445,2.9596521089298053,0.1,6.652909550035485,26.492569007426994,61.19664232531509,0.7724444444444445,2.9596521089298053,0.1,PSBPM-FD (predictiva bayesiana)
77,106,91,train,30,False,0.8234396584922872,0.9074357599809957,0.8665183147428842,0.7021148068549168,0.8402181906984251,3.202277611967789,1.6034724913343774,1.505326529771975,2.4019136305319333,0.9259258095757893,0.7728888888888888,2.9831740296422633,0.1,6.690476096691879,26.729332210031192,61.19664232531509,0.7728888888888888,2.9831740296422633,0.1,PSBPM-FD (predictiva bayesiana)
78,107,92,train,30,False,0.8206281283324584,0.9058852732727574,0.8410522807529721,0.7023939387909747,0.8385210149959571,3.202277611967789,1.591565604809188,1.4935810620935752,2.383348452345907,0.9256370974732501,0.7764444444444445,2.963045964877393,0.1,6.558141307563131,25.77458690331762,61.19664232531509,0.7764444444444445,2.963045964877393,0.1,PSBPM-FD (predictiva bayesiana)
79,108,93,train,30,False,0.7972276054275113,0.8928760302682065,0.828647360541177,0.689843483847127,0.8237565885150464,3.202277611967789,1.5673344293390825,1.4693743557359666,2.3873133449022577,0.9225878628051,0.7862222222222223,2.95787896615325,0.1,6.31556869623073,24.843777279801678,61.19664232531509,0.7862222222222223,2.95787896615325,0.1,PSBPM-FD (predictiva bayesiana)
80,109,94,train,30,False,0.7926070769885459,0.8902848291353425,0.829101368079437,0.6845730948256549,0.820267848955696,3.202277611967789,1.5789717681974271,1.4781968476150995,2.4348506449681504,0.9213544049182014,0.7911111111111111,2.96021096393131,0.1,6.28399683006215,24.923936403312915,61.19664232531509,0.7911111111111111,2.96021096393131,0.1,PSBPM-FD (predictiva bayesiana)
81,110,95,train,30,False,0.9514803899507004,0.9754385628786163,0.8368562775767231,0.7437880724249674,0.8826410949754725,3.330568170286041,1.66712214642693,1.5656787596473511,2.4069447454544095,0.9048659019289854,0.7742222222222223,2.955838642444009,0.1,6.800322827358797,26.691809388395896,61.19664232531509,0.7742222222222223,2.955838642444009,0.1,PSBPM-FD (predictiva bayesiana)
82,111,96,train,30,False,0.9791192936417557,0.9895045697932656,0.8000089393991072,0.7576668730214234,0.8954278236475801,3.330568170286041,1.6850521627949597,1.5817191911204074,2.3937707061899163,0.9049254050788864,0.7768888888888889,2.9625004855451924,0.1,6.717665640416986,26.46819694746346,61.19664232531509,0.7768888888888889,2.9625004855451924,0.1,PSBPM-FD (predictiva bayesiana)
83,112,97,train,30,False,0.9680080307098385,0.9838739912762399,0.7777155200101713,0.7498714967733685,0.8852331020064356,3.330568170286041,1.6628581870625256,1.559012109474459,2.397089232177564,0.8997423550734871,0.7817777777777778,2.968394633702895,0.13333333333333333,6.629828271978946,25.407765840740485,61.19664232531509,0.7817777777777778,2.968394633702895,0.13333333333333333,PSBPM-FD (predictiva bayesiana)
84,113,98,train,30,False,1.0122953346666257,1.0061288857132697,0.7506186488508394,0.7694783171743339,0.9077328992904026,3.330568170286041,1.7032131638211279,1.5991385711818078,2.395105323293227,0.902203397775314,0.7622222222222222,2.9327092394856864,0.1,7.054706976928348,26.677737016435007,61.19664232531509,0.7622222222222222,2.9327092394856864,0.1,PSBPM-FD (predictiva bayesiana)
85,114,99,train,30,False,0.930870501984338,0.9648163047877756,0.7619731942693522,0.7369212871935867,0.8708254256877269,3.330568170286041,1.6366735477098955,1.5349375888160075,2.4129047647740838,0.9025815809355303,0.7688888888888888,2.9033537418920057,0.1,6.739113999812912,25.326381340185772,61.19664232531509,0.7688888888888888,2.9033537418920057,0.1,PSBPM-FD (predictiva bayesiana)
86,115,100,train,30,False,0.8858326876389578,0.9411868505450752,0.7316272959246904,0.7113112145339487,0.8457106873542419,3.330568170286041,1.6140751743762702,1.5075200521197691,2.477313824681958,0.8985576953869048,0.7737777777777778,2.8692645951256077,0.1,6.667743627344862,25.62676102620798,61.19664232531509,0.7737777777777778,2.8692645951256077,0.1,PSBPM-FD (predictiva bayesiana)
87,116,101,train,30,False,0.8721873062011354,0.9339096884609001,0.7493632279244503,0.7072178976634219,0.8364890388272995,3.330568170286041,1.5878771591688048,1.48063559432928,2.4492316373888294,0.8956851493915311,0.7684444444444445,2.860107841286718,0.1,6.710568166774039,25.669964379833385,61.19664232531509,0.7684444444444445,2.860107841286718,0.1,PSBPM-FD (predictiva bayesiana)
88,117,102,train,30,False,0.869277965750489,0.9323507739850324,0.7540337496931818,0.7073159076634513,0.8346790022176207,3.330568170286041,1.5726344190630015,1.4696926723589978,2.424124670003232,0.8952413893003539,0.7586666666666667,2.829112960537598,0.1,6.841989673095967,25.92568723375167,61.19664232531509,0.7586666666666667,2.829112960537598,0.1,PSBPM-FD (predictiva bayesiana)
89,118,103,train,30,False,0.8671169503524226,0.9311911459804709,0.7172799386936679,0.7046359344892313,0.8335479912991582,3.330568170286041,1.5806562521941403,1.4715802754743585,2.442534044318834,0.8951416633386241,0.7617777777777778,2.8478518774298975,0.1,6.976040966798622,27.476139242326052,63.51636257930009,0.7617777777777778,2.8478518774298975,0.1,PSBPM-FD (predictiva bayesiana)
90,119,104,train,30,False,0.8747075759335508,0.9352580263935459,0.7090907083067652,0.7096033649107484,0.8385241352226303,3.330568170286041,1.5742023664348173,1.469076201400977,2.415391173023441,0.8965698358730673,0.76,2.811646757914439,0.1,6.966693775622881,27.48228575206614,63.51636257930009,0.76,2.811646757914439,0.1,PSBPM-FD (predictiva bayesiana)
91,120,105,train,30,False,0.8608215032325337,0.9278046686843808,0.6946685948708747,0.7034257994514739,0.8290272152762425,3.330568170286041,1.5520056254109387,1.4469442288842091,2.405198699410087,0.893536369516006,0.7644444444444445,2.7747126584438635,0.1,6.800774536749671,27.10265264910485,63.51636257930009,0.7644444444444445,2.7747126584438635,0.1,PSBPM-FD (predictiva bayesiana)
92,121,106,train,30,False,0.8458125579481492,0.9196806826002976,0.6849386501600859,0.6957714642853865,0.8186169832654905,3.330568170286041,1.5280945305681972,1.426006755547252,2.3936911409679014,0.8901100118259955,0.768,2.740676787231182,0.1,6.615210325084698,26.638143921548647,63.51636257930009,0.768,2.740676787231182,0.1,PSBPM-FD (predictiva bayesiana)
93,122,107,train,30,False,0.827725865457798,0.9097944083460824,0.6726919148472332,0.685657259750882,0.8051132050988213,3.330568170286041,1.4985158964390826,1.3954395691490484,2.390428152163869,0.8849397157347215,0.7795555555555556,2.7543085644868746,0.1,6.392788121560195,25.810272558985282,63.51636257930009,0.7795555555555556,2.7543085644868746,0.1,PSBPM-FD (predictiva bayesiana)
94,123,108,train,30,False,0.8150857087349344,0.9028209726933322,0.6643561025402213,0.6747649036380103,0.793378939218976,3.330568170286041,1.4781650350011233,1.3768174719276787,2.4072533163756757,0.878777701466256,0.7875555555555556,2.7540907424066163,0.13333333333333333,6.269949364047069,24.847468276527202,63.51636257930009,0.7875555555555556,2.7540907424066163,0.13333333333333333,PSBPM-FD (predictiva bayesiana)
95,124,109,train,30,False,0.8142793256334852,0.9023742713716327,0.6584629593649793,0.6740590477634314,0.7926058501524982,3.330568170286041,1.4797749819337846,1.3783808358060228,2.41468806675673,0.8783559940685325,0.7911111111111111,2.751932809359368,0.13333333333333333,6.2591700181331476,24.950128902537436,63.51636257930009,0.7911111111111111,2.751932809359368,0.13333333333333333,PSBPM-FD (predictiva bayesiana)
96,125,110,train,30,False,0.8236707205376917,0.9075630669753435,0.6625814957353181,0.681574510852208,0.8005606738711969,3.330568170286041,1.4859030613262971,1.385797449696601,2.3911191085693884,0.8820992204313075,0.7871111111111111,2.7524328718862963,0.1,6.297580494315475,25.42718630417793,63.51636257930009,0.7871111111111111,2.7524328718862963,0.1,PSBPM-FD (predictiva bayesiana)
97,126,111,train,30,False,0.810672680352534,0.9003736337501971,0.6701639730382394,0.6766108410403022,0.79278494529709,3.330568170286041,1.473489444089927,1.3715764477780539,2.3882791099756164,0.8805066203405099,0.7835555555555556,2.74808646165414,0.1,6.34548761730116,25.840663238795717,63.51636257930009,0.7835555555555556,2.74808646165414,0.1,PSBPM-FD (predictiva bayesiana)
98,127,112,train,30,False,0.8145290754311855,0.9025126455796536,0.6755007140643645,0.6765745741790371,0.7953487170946981,3.330568170286041,1.484124702878107,1.3821405720873667,2.4049498270233562,0.8812604687481939,0.7817777777777778,2.73969041351498,0.1,6.407146315120364,26.5040983068757,63.51636257930009,0.7817777777777778,2.73969041351498,0.1,PSBPM-FD (predictiva bayesiana)
99,128,113,train,30,False,0.8533913949940755,0.9237918569645845,0.6645902206112984,0.6970235130366482,0.8168580760654305,3.330568170286041,1.5156345245512322,1.4116411121563646,2.3834032358183364,0.8842447245091342,0.7786666666666666,2.7435283272181534,0.1,6.575493273974213,27.297976423894696,63.51636257930009,0.7786666666666666,2.7435283272181534,0.1,PSBPM-FD (predictiva bayesiana)
100,129,114,train,30,False,0.9104499466384736,0.9541750083912666,0.6547534189460298,0.7183675627938627,0.8465388601246286,3.330568170286041,1.5831648449201337,1.4756726990154898,2.400686162013602,0.8871945425943278,0.7791111111111111,2.766493972481746,0.1,6.801836855756318,28.568384618464254,64.33070795158736,0.7791111111111111,2.766493972481746,0.1,PSBPM-FD (predictiva bayesiana)
101,130,115,train,30,False,0.9132847326344689,0.9556593182899797,0.653060673887947,0.7175587531338,0.8477267445018408,3.330568170286041,1.606458726501385,1.4974621518175246,2.425197281245633,0.8870595705786981,0.7888888888888889,2.873054721107706,0.1,6.605593787806902,27.97266668687092,64.33070795158736,0.7888888888888889,2.873054721107706,0.1,PSBPM-FD (predictiva bayesiana)
102,131,116,train,30,False,0.9241962415295675,0.9613512581411476,0.6483707411962558,0.724726831584934,0.8568784688015475,3.330568170286041,1.6259259737666136,1.5175620858567023,2.4214097379554174,0.8913271414013575,0.7853333333333333,2.8719219845672033,0.1,6.703680663004222,28.94718591471765,64.33070795158736,0.7853333333333333,2.8719219845672033,0.1,PSBPM-FD (predictiva bayesiana)
103,132,117,train,30,False,0.9142783354491727,0.9561790289737444,0.6449391961581765,0.7167060815957708,0.8490277551168475,3.330568170286041,1.6115726419920382,1.50408710961268,2.4347251576501545,0.8879380632600768,0.7813333333333333,2.796378997105898,0.1,6.670256518571203,28.9971128960435,64.33070795158736,0.7813333333333333,2.796378997105898,0.1,PSBPM-FD (predictiva bayesiana)
104,133,118,train,30,False,0.8027547414150036,0.8959658148696319,0.6428791416005573,0.6728044169482347,0.8029147891843463,3.330568170286041,1.5588793725818333,1.4497869543502395,2.4968188323444567,0.8961444464275403,0.796,2.7987016792398776,0.1,6.205985396288981,28.053702373011898,64.33070795158736,0.796,2.7987016792398776,0.1,PSBPM-FD (predictiva bayesiana)
105,134,119,train,30,False,0.7938984450318004,0.8910097895263556,0.6512949714836903,0.6648351447093835,0.7943447619548288,3.330568170286041,1.5509669287118866,1.4395277967034266,2.5171891672187314,0.8915107008836434,0.7951111111111111,2.8075578626181104,0.06666666666666667,6.21546093819887,28.071145833237956,64.33070795158736,0.7951111111111111,2.8075578626181104,0.06666666666666667,PSBPM-FD (predictiva bayesiana)
106,135,120,train,30,False,0.7774249034268842,0.8817170200392438,0.6462341259883893,0.6570501911246658,0.7874639922976473,3.330568170286041,1.5470926872177064,1.4336028223197173,2.5280937707154405,0.8931028599885693,0.7928888888888889,2.7992071088405535,0.06666666666666667,6.212917277039542,27.85038762132052,64.33070795158736,0.7928888888888889,2.7992071088405535,0.06666666666666667,PSBPM-FD (predictiva bayesiana)
107,136,121,train,30,False,0.8047435599945592,0.897075002435448,0.6488396456538444,0.6739088184352312,0.806750955195772,3.330568170286041,1.5771653490825013,1.4652854579095285,2.48549119684247,0.8993127141047768,0.7884444444444444,2.778185002789108,0.06666666666666667,6.248073773644999,28.106066429939947,64.33070795158736,0.7884444444444444,2.778185002789108,0.06666666666666667,PSBPM-FD (predictiva bayesiana)
108,137,122,train,30,False,0.846913348289862,0.920278951345657,0.6372008288697087,0.6916044823335713,0.8260529450210042,3.330568170286041,1.611040809974308,1.4975407101753901,2.482526943171126,0.8976114729269067,0.7764444444444445,2.793128990219906,0.06666666666666667,6.482759765063112,29.335589827757094,64.33070795158736,0.7764444444444445,2.793128990219906,0.06666666666666667,PSBPM-FD (predictiva bayesiana)
109,138,123,train,30,False,0.8529534418395153,0.9235547855105918,0.6361726993501227,0.6959389147319381,0.8307599844900969,3.330568170286041,1.6229807902042401,1.5107854547468844,2.4864236167515372,0.8995243135801708,0.7795555555555556,2.801668360915656,0.1,6.457407184113901,28.88759618350548,64.33070795158736,0.7795555555555556,2.801668360915656,0.1,PSBPM-FD (predictiva bayesiana)
110,139,124,train,30,False,0.850903140767528,0.9224441125442386,0.6171393048545033,0.6946912213697937,0.8290031530483433,3.330568170286041,1.6158470741534612,1.5060380048396795,2.479817374573167,0.8987028501508115,0.7808888888888889,2.7710000207200647,0.1,6.36384261288006,27.992396720719988,64.33070795158736,0.7808888888888889,2.7710000207200647,0.1,PSBPM-FD (predictiva bayesiana)
111,140,125,train,30,False,0.7019167084524803,0.8378046958882961,0.6065314670323656,0.6435952022779282,0.7767295736598252,3.0245736222515993,1.550595207283604,1.4403824771922038,2.51336082314276,0.9271010027417965,0.7964444444444444,2.767206287941999,0.1,5.862850953962034,26.575535403228635,64.33070795158736,0.7964444444444444,2.767206287941999,0.1,PSBPM-FD (predictiva bayesiana)
112,141,126,train,30,False,0.6877723592625008,0.8293204201407927,0.5708151320098511,0.6396654170913626,0.7707508223826945,3.0245736222515993,1.5357360795355295,1.4257289690393578,2.5061498202678356,0.9293763950149029,0.796,2.749317492660549,0.1,5.884043216379231,26.914820333377243,64.33070795158736,0.796,2.749317492660549,0.1,PSBPM-FD (predictiva bayesiana)
113,142,127,train,30,False,0.6904998245782232,0.8309631908684182,0.5807779107554774,0.642473151534521,0.7738596581032929,3.0245736222515993,1.5367939313148145,1.4296908417391991,2.487252862775169,0.9312803101357019,0.796,2.722304606652922,0.1,5.856868946253035,26.878539681489986,64.33070795158736,0.796,2.722304606652922,0.1,PSBPM-FD (predictiva bayesiana)
114,143,128,train,30,False,0.7085034659051828,0.8417264792705423,0.5657166894388757,0.6476353726005616,0.7802125614648894,3.0245736222515993,1.5417884042806944,1.434092156486574,2.4826538019471927,0.9269193505009344,0.8048888888888889,2.7567679015335935,0.1,5.617783405493255,26.6323701489024,64.33070795158736,0.8048888888888889,2.7567679015335935,0.1,PSBPM-FD (predictiva bayesiana)
115,144,129,train,30,False,0.7532980700354648,0.8679274566664341,0.58113992383179,0.6693425818011708,0.8046589991369041,3.0245736222515993,1.586608677844057,1.478408654729035,2.467631300986916,0.9271039796660728,0.8022222222222222,2.7879004061102037,0.1,5.813706299128124,27.842875256082337,64.33070795158736,0.8022222222222222,2.7879004061102037,0.1,PSBPM-FD (predictiva bayesiana)
116,145,130,train,30,False,0.7520174739916002,0.8671894106777367,0.5759749402910167,0.6711167540503744,0.8033802942310834,3.0245736222515993,1.567960565753723,1.4640816478557677,2.407213325559981,0.9264184782920902,0.8106666666666666,2.871152139906668,0.13333333333333333,5.768669072142608,26.83829523163571,64.33070795158736,0.8106666666666666,2.871152139906668,0.13333333333333333,PSBPM-FD (predictiva bayesiana)
117,146,131,train,30,False,0.7488308931574827,0.8653501563861202,0.578236969308968,0.6670315311457906,0.8005288132775937,3.0245736222515993,1.5739632045262189,1.4687063487134742,2.4384863723282053,0.9250923540833069,0.8151111111111111,2.861193188394523,0.13333333333333333,5.728972176001337,26.905418985232874,64.33070795158736,0.8151111111111111,2.861193188394523,0.13333333333333333,PSBPM-FD (predictiva bayesiana)
118,147,132,train,30,False,0.7556976478340665,0.8693087183699854,0.583732315770904,0.6727742272618028,0.804626035980959,3.0245736222515993,1.588973123302693,1.4769010132784048,2.4400799544658587,0.9255929671218404,0.8191111111111111,2.8625119692273437,0.13333333333333333,5.765506667543783,27.563389467441294,64.33070795158736,0.8191111111111111,2.8625119692273437,0.13333333333333333,PSBPM-FD (predictiva bayesiana)
119,148,133,train,30,False,0.7390942601649749,0.8597059149296199,0.5913521419033017,0.6657017038453777,0.7939610574750596,3.0245736222515993,1.5626905002922367,1.454946111771336,2.4272276162161623,0.923526340446381,0.8257777777777778,2.867146938021812,0.16666666666666666,5.574549267388422,25.547665924021388,64.33070795158736,0.8257777777777778,2.867146938021812,0.16666666666666666,PSBPM-FD (predictiva bayesiana)
120,149,134,train,30,False,0.7875495620459595,0.8874398920749278,0.6084255043493522,0.6828487254385731,0.8149804305587146,3.0245736222515993,1.5949620910951796,1.4862250913840536,2.42695742823032,0.9183500063910861,0.8177777777777778,2.898356646231479,0.16666666666666666,5.748024986967715,25.503033128215968,64.33070795158736,0.8177777777777778,2.898356646231479,0.16666666666666666,PSBPM-FD (predictiva bayesiana)
121,150,135,train,30,False,0.7971557496165732,0.8928357909585464,0.6058872921664412,0.6884779634078695,0.8219148496112428,3.0245736222515993,1.6022295907324733,1.4975479571848918,2.417228260346163,0.9205666461117525,0.8124444444444444,2.8982586146841447,0.16666666666666666,5.821625400449206,25.537743127794542,64.33070795158736,0.8124444444444444,2.8982586146841447,0.16666666666666666,PSBPM-FD (predictiva bayesiana)
122,151,136,train,30,False,0.793409720927501,0.8907354943682781,0.5967050548456846,0.6843953776662669,0.8182393032086531,3.0245736222515993,1.6029368177575158,1.497440662828183,2.4421372618545103,0.9186108652703457,0.8075555555555556,2.8572692939572866,0.16666666666666666,5.855761053497065,25.74372002511809,64.33070795158736,0.8075555555555556,2.8572692939572866,0.16666666666666666,PSBPM-FD (predictiva bayesiana)
123,152,137,train,30,False,0.7943487559158112,0.8912624506371909,0.5923282045725299,0.6850571344943688,0.8192139064327957,3.0245736222515993,1.6029435530671206,1.4965050987349144,2.437706331305177,0.9191612480107454,0.8004444444444444,2.820628578700953,0.16666666666666666,5.869606200555998,25.584940443077322,64.33070795158736,0.8004444444444444,2.820628578700953,0.16666666666666666,PSBPM-FD (predictiva bayesiana)
124,153,138,train,30,False,0.8440177003937909,0.9187043596248964,0.6105718121490902,0.7119117523739552,0.8495742282377043,3.0245736222515993,1.6546028747790593,1.5441582160472114,2.415859312249157,0.9247525815427527,0.7871111111111111,2.7828398302925956,0.13333333333333333,6.425842344555901,27.936505908703435,73.84323961427776,0.7871111111111111,2.7828398302925956,0.13333333333333333,PSBPM-FD (predictiva bayesiana)
125,154,139,train,30,False,0.8475633887807746,0.9206320593922279,0.6136797991928815,0.713895307569423,0.852753500083153,3.0245736222515993,1.6626537172723264,1.5521081460762265,2.4223398872701467,0.9262696116036995,0.7817777777777778,2.763765245527029,0.13333333333333333,6.490849304675406,28.292768326218198,73.84323961427776,0.7817777777777778,2.763765245527029,0.13333333333333333,PSBPM-FD (predictiva bayesiana)
126,155,140,train,30,False,0.8523775253360408,0.9232429394996968,0.6121306763656177,0.7168719078031105,0.8559320058803261,3.0245736222515993,1.6685929126193504,1.5596633673207596,2.422259833420621,0.9270929343301058,0.7768888888888889,2.7565663153611952,0.13333333333333333,6.574407194209946,28.77396096607837,73.84323961427776,0.7768888888888889,2.7565663153611952,0.13333333333333333,PSBPM-FD (predictiva bayesiana)
127,156,141,train,30,False,0.8533957988573287,0.9237942405413279,0.6146732843339825,0.7154043254180237,0.8566297981282597,3.0245736222515993,1.680868296344375,1.5708894067893726,2.449114476339129,0.9272950193176017,0.7773333333333333,2.767056608568463,0.13333333333333333,6.639725363426833,29.36660998903676,73.84323961427776,0.7773333333333333,2.767056608568463,0.13333333333333333,PSBPM-FD (predictiva bayesiana)
128,157,142,train,30,False,0.851138806395438,0.9225718434872365,0.6087687296079782,0.7164657059761513,0.8551614052890025,3.0245736222515993,1.671948154201734,1.5622840372143396,2.4323909580019576,0.9269320447246377,0.7751111111111111,2.7670280701965093,0.13333333333333333,6.588963208453629,28.666261596845928,73.84323961427776,0.7751111111111111,2.7670280701965093,0.13333333333333333,PSBPM-FD (predictiva bayesiana)
129,158,143,train,30,False,0.8229324940104884,0.907156267690682,0.6336172072121223,0.7011708093829584,0.8413112957523904,3.0245736222515993,1.6588771446961834,1.5498583723552082,2.4615322094821503,0.9274160645928061,0.7791111111111111,2.763161502897739,0.13333333333333333,6.49732516219604,28.491692830653953,73.84323961427776,0.7791111111111111,2.763161502897739,0.13333333333333333,PSBPM-FD (predictiva bayesiana)
130,159,144,train,30,False,0.7730580871999292,0.8792372189573922,0.6261825210579589,0.6865574145657752,0.8175673812600802,2.624602426737379,1.5957537212527746,1.489979421479653,2.4269560782960675,0.9298598417268543,0.7848888888888889,2.756427364707821,0.13333333333333333,6.208900236965371,26.817619071565954,73.84323961427776,0.7848888888888889,2.756427364707821,0.13333333333333333,PSBPM-FD (predictiva bayesiana)
131,160,145,train,30,False,0.7277111009577106,0.8530598460587103,0.6137906215279135,0.6615746235421047,0.7880613314124935,2.5506973355316873,1.532180829860548,1.4293307251038523,2.431685084882274,0.9238054458353401,0.7902222222222223,2.681080310566558,0.16666666666666666,6.033509644528592,25.687602401239783,73.84323961427776,0.7902222222222223,2.681080310566558,0.16666666666666666,PSBPM-FD (predictiva bayesiana)
132,161,146,train,30,False,0.7250790536061407,0.8515157389068864,0.6209595024553282,0.661742660351093,0.7861957894100983,2.5506973355316873,1.5215314699512377,1.417294347485531,2.4118590620038645,0.9232897919413198,0.7964444444444444,2.6794923174381258,0.2,5.9122901644099475,24.35060768743906,73.84323961427776,0.7964444444444444,2.6794923174381258,0.2,PSBPM-FD (predictiva bayesiana)
133,162,147,train,30,False,0.7240637663650842,0.8509193653719982,0.6148599991745728,0.662059901915585,0.7851777010100209,2.5506973355316873,1.511639190071225,1.4095337678797975,2.3862059296788902,0.9227404298958024,0.8088888888888889,2.7512070473043453,0.23333333333333334,5.849071020912097,23.524144452915834,73.84323961427776,0.8088888888888889,2.7512070473043453,0.23333333333333334,PSBPM-FD (predictiva bayesiana)
134,163,148,train,30,False,0.7489000441459479,0.8653901109591835,0.6335372091190697,0.6749152844311728,0.8014744646396414,2.5506973355316873,1.5374428589280744,1.4343700744513073,2.3595143980334674,0.9261423888369849,0.8053333333333333,2.7413337645637283,0.23333333333333334,5.888559890538556,23.71152626029198,73.84323961427776,0.8053333333333333,2.7413337645637283,0.23333333333333334,PSBPM-FD (predictiva bayesiana)
135,164,149,train,30,False,0.8006939032109067,0.8948150106088446,0.6326177946491099,0.7033334355964721,0.8320546293691119,2.5506973355316873,1.5790810288169017,1.4758099491183387,2.3360387463077936,0.9298621720739467,0.7968888888888889,2.7352084125643596,0.23333333333333334,6.025304016418322,24.587941991291657,73.84323961427776,0.7968888888888889,2.7352084125643596,0.23333333333333334,PSBPM-FD (predictiva bayesiana)
136,165,150,train,30,False,0.7886416137200482,0.8880549609793575,0.6240081048376962,0.6971654406014188,0.8260513604718013,2.5506973355316873,1.5829871492873773,1.4775828595271097,2.3591491263468973,0.9301804468957892,0.8044444444444444,2.739022444609035,0.23333333333333334,5.9732039591909745,24.595639289399845,73.84323961427776,0.8044444444444444,2.739022444609035,0.23333333333333334,PSBPM-FD (predictiva bayesiana)
137,166,151,train,30,False,0.7619598889331691,0.8729031383453545,0.5978142058919698,0.682228948327183,0.807504981595616,2.5506973355316873,1.5419114552544892,1.4381665537268582,2.3509429442272376,0.9250797094466804,0.8062222222222222,2.705150490432874,0.23333333333333334,5.866365886618943,23.940021794833125,73.84323961427776,0.8062222222222222,2.705150490432874,0.23333333333333334,PSBPM-FD (predictiva bayesiana)
138,167,152,train,30,False,0.734310057852954,0.8569189330694905,0.5946710640988873,0.6702496601633325,0.7960850995608421,2.5506973355316873,1.5238473984548198,1.4211390283833505,2.3582531506655617,0.929008648121776,0.8111111111111111,2.673704416034847,0.23333333333333334,5.683315536118638,23.01903730205105,73.84323961427776,0.8111111111111111,2.673704416034847,0.23333333333333334,PSBPM-FD (predictiva bayesiana)
139,168,153,train,30,False,0.7709329121560721,0.8780278538611813,0.5933326786306339,0.6843871176065944,0.8145865463451808,2.7219579343267974,1.567097627066477,1.460806027812903,2.368326528111287,0.9277456777287719,0.7973333333333333,2.6430565498221874,0.2,6.052592448476778,24.775934857411404,73.84323961427776,0.7973333333333333,2.6430565498221874,0.2,PSBPM-FD (predictiva bayesiana)
140,169,154,train,30,False,0.7662263496184155,0.8753435609053256,0.5949233494222553,0.680683665185271,0.8097272043371312,2.7219579343267974,1.5525446086993848,1.4464155970262935,2.3603313571034024,0.9250393108503242,0.7964444444444444,2.711868499313688,0.2,6.134736401494037,25.0357838622509,73.84323961427776,0.7964444444444444,2.711868499313688,0.2,PSBPM-FD (predictiva bayesiana)
141,170,155,train,30,False,0.7545714000385365,0.86866069327358,0.5876267172832239,0.6697915261450796,0.7966068546020185,2.7219579343267974,1.5247675463457355,1.4198342756988327,2.3645733763481465,0.917051802585859,0.7982222222222223,2.676227392090795,0.2,6.072288173060306,24.593114301663082,73.84323961427776,0.7982222222222223,2.676227392090795,0.2,PSBPM-FD (predictiva bayesiana)
142,171,156,train,30,False,0.7159378799055692,0.8461311245342351,0.6055290255850719,0.6416403119401891,0.7664990642839721,2.7219579343267974,1.4792962995008432,1.3771676977853917,2.3873236672598694,0.9058868561369875,0.8071111111111111,2.672644704068804,0.23333333333333334,5.924830135774228,23.451331669481345,73.84323961427776,0.8071111111111111,2.672644704068804,0.23333333333333334,PSBPM-FD (predictiva bayesiana)
143,172,157,train,30,False,0.7264308905225257,0.8523091519645473,0.6111989346154285,0.6490942585402855,0.7750499903676735,2.7219579343267974,1.4909172603578686,1.3869672355756968,2.3759329511072718,0.9093531244868207,0.796,2.694205600784988,0.2,6.091849637606847,24.27913871923529,73.84323961427776,0.796,2.694205600784988,0.2,PSBPM-FD (predictiva bayesiana)
144,173,158,train,30,False,0.6643168608316273,0.8150563543900675,0.6530697021575386,0.6245716979769476,0.746333647247069,2.7219579343267974,1.4571892025782462,1.34816056249127,2.4026632003569928,0.9156834901380213,0.7986666666666666,2.690355798930447,0.2,5.992063844588719,24.119661939209823,73.84323961427776,0.7986666666666666,2.690355798930447,0.2,PSBPM-FD (predictiva bayesiana)
145,174,159,train,30,False,0.6226902451709683,0.7891072456713145,0.6530931352268572,0.6057394363513848,0.7245729979381063,2.7219579343267974,1.4184241033537612,1.3079086369793949,2.4137451235331944,0.9182186602806983,0.8,2.6771591727639446,0.2,5.875955523549603,23.357001531734852,73.84323961427776,0.8,2.6771591727639446,0.2,PSBPM-FD (predictiva bayesiana)
146,175,160,train,30,False,0.6318809749790729,0.7949094130648302,0.6823485986940825,0.6102212003402285,0.7322702069464977,2.7219579343267974,1.4455488081387102,1.3311708290375464,2.447250208016393,0.9211995667823047,0.792,2.632557978825954,0.16666666666666666,5.927598445004438,24.165270111273042,73.84323961427776,0.792,2.632557978825954,0.16666666666666666,PSBPM-FD (predictiva bayesiana)
147,176,161,train,30,False,0.6370826489701308,0.7981745729914796,0.6947811536846518,0.6138158914307846,0.73673199559737,2.7219579343267974,1.4564705153685613,1.340902378828109,2.4493165706844566,0.9230211291198754,0.7902222222222223,2.657741205290891,0.16666666666666666,5.9915676164501726,24.37170320321373,73.84323961427776,0.7902222222222223,2.657741205290891,0.16666666666666666,PSBPM-FD (predictiva bayesiana)
148,177,162,train,30,False,0.6171324576049294,0.7855777858397788,0.6657960088202894,0.5995738097171225,0.7220434434273587,2.7219579343267974,1.4222529434666025,1.3134250268268834,2.450852152963884,0.9191240593132325,0.7995555555555556,2.676097692933865,0.2,5.755874531226026,22.64671760443795,73.84323961427776,0.7995555555555556,2.676097692933865,0.2,PSBPM-FD (predictiva bayesiana)
149,178,163,train,30,False,0.6352530408148673,0.797027628639602,0.723300980771284,0.6095588583604212,0.7335066475725972,2.7219579343267974,1.4359487935076074,1.3289427250728136,2.4392611255910266,0.9203026610565247,0.7951111111111111,2.682758377555447,0.16666666666666666,5.7771553730684015,22.826294573396932,73.84323961427776,0.7951111111111111,2.682758377555447,0.16666666666666666,PSBPM-FD (predictiva bayesiana)
150,179,164,train,30,False,0.5687838100135152,0.7541775719374816,0.6949440474488556,0.5794581152927201,0.6979393931436705,2.7219579343267974,1.3842786611804172,1.2764474015258112,2.454654563647675,0.9254311174365273,0.8088888888888889,2.6526081520336575,0.16666666666666666,5.502612924169383,21.926044195288,73.84323961427776,0.8088888888888889,2.6526081520336575,0.16666666666666666,PSBPM-FD (predictiva bayesiana)
151,180,165,train,30,False,0.5540590640929353,0.7443514385644292,0.6817152229195541,0.5698124587043669,0.6860251745513213,2.7219579343267974,1.3674656681768653,1.2576164448963334,2.465202474961171,0.9216414975624992,0.82,2.652317687986522,0.16666666666666666,5.370032301695336,21.22043487556869,73.84323961427776,0.82,2.652317687986522,0.16666666666666666,PSBPM-FD (predictiva bayesiana)
152,181,166,train,30,False,0.5680800601357386,0.7537108597703357,0.7003994155879456,0.5774981529738178,0.6972744724357265,2.7219579343267974,1.3938453846478147,1.2813908024981349,2.473446439061705,0.9251219660655998,0.8244444444444444,2.7259521988844497,0.16666666666666666,5.455612999542463,21.56170795746327,73.84323961427776,0.8244444444444444,2.7259521988844497,0.16666666666666666,PSBPM-FD (predictiva bayesiana)
153,182,167,train,30,False,0.6000379846752681,0.7746211878558887,0.7116473679165239,0.5968603979457753,0.7173214447821045,2.7219579343267974,1.4179110097629988,1.3098994741733523,2.4473028261945857,0.9260286912208185,0.8142222222222222,2.741607414666874,0.16666666666666666,5.792206893649664,22.587709833422515,73.84323961427776,0.8142222222222222,2.741607414666874,0.16666666666666666,PSBPM-FD (predictiva bayesiana)
154,183,168,train,30,False,0.5620555056712444,0.7497036118835525,0.7081306840964798,0.5799133620675969,0.6980184943864889,2.7219579343267974,1.3878845832290465,1.2803980908397998,2.45845754435561,0.9310592657180747,0.8173333333333334,2.7470038668553656,0.16666666666666666,5.4091265849194485,21.378191298678928,56.00559039620036,0.8173333333333334,2.7470038668553656,0.16666666666666666,PSBPM-FD (predictiva bayesiana)
155,184,169,train,30,False,0.5980648001702389,0.7733464942509527,0.7014525459182701,0.596600551726559,0.7179340696506203,2.7219579343267974,1.4159911622891357,1.3105851706210536,2.442054650961736,0.9283472220896227,0.8133333333333334,2.7588332518627867,0.16666666666666666,5.417527473322768,21.058211576892642,56.00559039620036,0.8133333333333334,2.7588332518627867,0.16666666666666666,PSBPM-FD (predictiva bayesiana)
156,185,170,train,30,False,0.601481680190157,0.7755524999573897,0.7052868176875041,0.5973061248133427,0.7199785381830652,2.7219579343267974,1.429662926220744,1.3203804530276135,2.4591159082714396,0.9283427469096188,0.8133333333333334,2.770887386617713,0.16666666666666666,5.392563558329414,20.64119383936774,56.00559039620036,0.8133333333333334,2.770887386617713,0.16666666666666666,PSBPM-FD (predictiva bayesiana)
157,186,171,train,30,False,0.5983311683696555,0.7735186929671807,0.7074133200058456,0.5985423131956199,0.7177494112142667,2.7219579343267974,1.4102653058068546,1.3047714677875384,2.4213148998017604,0.9279018306086624,0.8111111111111111,2.759134575623757,0.16666666666666666,5.331065781445574,20.140258283703428,56.00559039620036,0.8111111111111111,2.759134575623757,0.16666666666666666,PSBPM-FD (predictiva bayesiana)
158,187,172,train,30,False,0.6428332835138015,0.8017688466845052,0.7021913499992811,0.6183968065622385,0.7387200386872865,2.7219579343267974,1.4515077868367736,1.3427915925162692,2.4271192639890717,0.9213628613060488,0.812,2.7670867065523925,0.16666666666666666,5.4049872384789195,20.673767040713468,56.00559039620036,0.812,2.7670867065523925,0.16666666666666666,PSBPM-FD (predictiva bayesiana)
159,188,173,train,30,False,0.6310968190229179,0.7944160238961182,0.6721702319883333,0.6138674036374442,0.7301070550484942,2.7219579343267974,1.423795607857801,1.316216497040049,2.396665811937905,0.9190487516449777,0.816,2.779558090708474,0.16666666666666666,5.30081650185631,19.624897767484743,56.00559039620036,0.816,2.779558090708474,0.16666666666666666,PSBPM-FD (predictiva bayesiana)
160,189,174,train,30,False,0.6219158137049264,0.7886163919834068,0.6670322105778748,0.603684375084774,0.7221120764153091,2.7219579343267974,1.4288520725108886,1.318455450789024,2.466302237403194,0.9156696256327662,0.8182222222222222,2.7987188001852967,0.16666666666666666,5.333027196406825,20.051032371853477,56.00559039620036,0.8182222222222222,2.7987188001852967,0.16666666666666666,PSBPM-FD (predictiva bayesiana)
161,190,175,train,30,False,0.622374152573931,0.7889069353060163,0.6643822765747309,0.6040760962527861,0.7227939797481703,2.7219579343267974,1.4328014491776129,1.3200033013583794,2.4768062497690457,0.9161967621286016,0.8151111111111111,2.7665519638449023,0.13333333333333333,5.308368816496045,20.172442425474554,56.00559039620036,0.8151111111111111,2.7665519638449023,0.13333333333333333,PSBPM-FD (predictiva bayesiana)
162,191,176,train,30,False,0.6184474914913033,0.7864143255888103,0.6819139872695235,0.6020355969901997,0.7196813633103456,2.7219579343267974,1.4212960394180214,1.3100981508812206,2.463200917977749,0.9151427433261724,0.8053333333333333,2.745793419370062,0.1,5.360744353904541,20.71173956466753,56.00559039620036,0.8053333333333333,2.745793419370062,0.1,PSBPM-FD (predictiva bayesiana)
163,192,177,train,30,False,0.6478892925926009,0.8049157052714283,0.6920871741454397,0.6173260862133749,0.7387971770660502,2.7219579343267974,1.4567456953915434,1.3424761881762257,2.4669490828458724,0.917856580791796,0.804,2.7322093413747917,0.06666666666666667,5.349496884221372,20.788615659861545,56.00559039620036,0.804,2.7322093413747917,0.06666666666666667,PSBPM-FD (predictiva bayesiana)
164,193,178,train,30,False,0.6334010165015235,0.7958649486574487,0.6747764164355933,0.6119834976981884,0.7305973958812033,2.7219579343267974,1.444427192672265,1.3330485180704135,2.471337500560715,0.9179916732275422,0.8062222222222222,2.7256916040905925,0.06666666666666667,5.267940066446455,20.15445651192046,56.00559039620036,0.8062222222222222,2.7256916040905925,0.06666666666666667,PSBPM-FD (predictiva bayesiana)
165,194,179,train,30,False,0.6205852334001535,0.7877723233270851,0.7211850294948605,0.6048335288894602,0.7253759913849291,2.7219579343267974,1.4557725713018088,1.3425174338186472,2.495953350849619,0.9207939526503918,0.8062222222222222,2.7199788608664304,0.06666666666666667,5.306984478481582,20.804844970300465,56.00559039620036,0.8062222222222222,2.7199788608664304,0.06666666666666667,PSBPM-FD (predictiva bayesiana)
166,195,180,train,30,False,0.6104389858338722,0.7813059489302973,0.6755978269370463,0.6011120721976729,0.7191974143777494,2.7219579343267974,1.4271434407709442,1.3175615956744786,2.466614994509982,0.9205067686511513,0.8044444444444444,2.7128644669401014,0.06666666666666667,5.313824814593037,20.86459373706698,56.00559039620036,0.8044444444444444,2.7128644669401014,0.06666666666666667,PSBPM-FD (predictiva bayesiana)
167,196,181,train,30,False,0.622105311295336,0.7887365284398434,0.6849960818603297,0.6087485437153421,0.7290917760717753,2.7219579343267974,1.4537020970483308,1.341021965508544,2.4817787078629125,0.9243793710352833,0.8097777777777778,2.7454004734172455,0.1,5.334185279338598,20.742046371976183,56.00559039620036,0.8097777777777778,2.7454004734172455,0.1,PSBPM-FD (predictiva bayesiana)
168,197,182,train,30,False,0.5925479482271778,0.7697713610073954,0.6968928678050932,0.5925070068536802,0.7091085316469109,2.7219579343267974,1.4241591203853596,1.3115612375499766,2.500818530946669,0.9211937044772679,0.8173333333333334,2.787202490394052,0.1,5.298725195991436,20.35742525030196,56.00559039620036,0.8173333333333334,2.787202490394052,0.1,PSBPM-FD (predictiva bayesiana)
169,198,183,train,30,False,0.6208625997803,0.7879483484215828,0.6678682452915593,0.599757557222502,0.7190988411984852,3.0976627562150822,1.4366826144483025,1.3247183265688587,2.4956542362151612,0.9126218014657725,0.8208888888888889,2.819705751794025,0.1,5.143490815946502,19.98531577981749,49.634915545453765,0.8208888888888889,2.819705751794025,0.1,PSBPM-FD (predictiva bayesiana)
170,199,184,train,30,False,0.6409423889843036,0.8005887764541192,0.6824522152768503,0.6146247791411931,0.7346667735359077,3.0976627562150822,1.4535422948862544,1.342761594446044,2.459402625622515,0.9176580975689091,0.8226666666666667,2.776176607930771,0.1,5.084552722210649,19.80764730710965,49.634915545453765,0.8226666666666667,2.776176607930771,0.1,PSBPM-FD (predictiva bayesiana)
171,200,185,train,30,False,0.6694904228320894,0.8182239441815972,0.7138080422884538,0.637094561547173,0.7583526494601547,3.0976627562150822,1.4849135551367965,1.3723653700673202,2.4243418633190803,0.9268277405627297,0.8115555555555556,2.8154028934395012,0.1,5.22544815529112,20.42548873595634,49.634915545453765,0.8115555555555556,2.8154028934395012,0.1,PSBPM-FD (predictiva bayesiana)
172,201,186,train,30,False,0.6947265372627601,0.8335025718393196,0.7204618691665343,0.6583346987236111,0.7817070536597157,3.0976627562150822,1.5291639402932051,1.412040018150241,2.415272345512322,0.9378579983678935,0.8026666666666666,2.8264842196443705,0.06666666666666667,5.415575976561854,21.889598917632608,49.634915545453765,0.8026666666666666,2.8264842196443705,0.06666666666666667,PSBPM-FD (predictiva bayesiana)
173,202,187,train,30,False,0.6833275136921707,0.8266362644429355,0.7120533439470988,0.6508459539946173,0.7721940544409569,3.0976627562150822,1.5088460240269097,1.3941015277416615,2.405186937988555,0.934140065777701,0.8102222222222222,2.7881777855941685,0.06666666666666667,5.2457895110851185,21.26036517352454,49.634915545453765,0.8102222222222222,2.7881777855941685,0.06666666666666667,PSBPM-FD (predictiva bayesiana)
174,203,188,train,30,False,0.6963951451880112,0.8345029330014432,0.7233160938591541,0.6555562953904502,0.7806040113343811,3.0976627562150822,1.5211015570814181,1.4089491594111707,2.4039933378512575,0.9354119446013153,0.8084444444444444,2.7802288227298058,0.06666666666666667,5.359426637513091,21.548267358082914,49.634915545453765,0.8084444444444444,2.7802288227298058,0.06666666666666667,PSBPM-FD (predictiva bayesiana)
175,204,189,train,30,False,0.7064872298519137,0.8405279470974857,0.7159832782092193,0.6624108568267906,0.7874854979106963,3.0976627562150822,1.5277095077423268,1.41808947479231,2.3875406317408636,0.9368938898820013,0.8133333333333334,2.793815490818838,0.06666666666666667,5.283096727536428,20.818813429075053,49.634915545453765,0.8133333333333334,2.793815490818838,0.06666666666666667,PSBPM-FD (predictiva bayesiana)
176,205,190,train,30,False,0.7073295741016595,0.8410288782804426,0.7123369837048298,0.6644566729011817,0.7880694578901376,3.0976627562150822,1.5190217332497105,1.412932223321335,2.363647572733648,0.9370301998445224,0.8208888888888889,2.7959579851074214,0.06666666666666667,5.18955681829685,19.960308018530956,49.634915545453765,0.8208888888888889,2.7959579851074214,0.06666666666666667,PSBPM-FD (predictiva bayesiana)
177,206,191,train,30,False,0.7036414538490661,0.8388333886112701,0.7158115826992332,0.6616491402287022,0.7850166197751374,3.0976627562150822,1.5088605795295604,1.4034983286304985,2.3584921939107173,0.9358433157683088,0.8284444444444444,2.7904019796666657,0.1,5.084364587682574,19.190743045537968,49.634915545453765,0.8284444444444444,2.7904019796666657,0.1,PSBPM-FD (predictiva bayesiana)
178,207,192,train,30,False,0.709227315185273,0.8421563484206914,0.7319794677466415,0.666820190896659,0.7902193561383687,3.0976627562150822,1.5182075739695948,1.4123155301475754,2.351720532524289,0.9383285628853586,0.8266666666666667,2.8066055464836115,0.06666666666666667,5.105617408311555,19.32491505313973,49.634915545453765,0.8266666666666667,2.8066055464836115,0.06666666666666667,PSBPM-FD (predictiva bayesiana)
179,208,193,train,30,False,0.6877554656360207,0.8293102348554615,0.7102741035762854,0.6525446277565595,0.7758404714503478,3.0976627562150822,1.5051266365071803,1.3955876142504797,2.389229901025665,0.935525016866055,0.8311111111111111,2.813699329486372,0.1,5.098153509889445,19.160881485918754,49.634915545453765,0.8311111111111111,2.813699329486372,0.1,PSBPM-FD (predictiva bayesiana)
180,209,194,train,30,False,0.6916254149150005,0.8316401955864089,0.7193040165552599,0.6563503656990175,0.7800149532110859,3.0976627562150822,1.5067844953063103,1.4007225813589448,2.3733602806903704,0.937923584442764,0.8324444444444444,2.8577100479934434,0.1,5.139375889832402,19.086476395512918,49.634915545453765,0.8324444444444444,2.8577100479934434,0.1,PSBPM-FD (predictiva bayesiana)
181,210,195,train,30,False,0.74880241250546,0.8653337000865389,0.7123485324707557,0.6822781892145549,0.8114201035992751,3.0976627562150822,1.5532847860738856,1.4476380241759972,2.358051526799311,0.9376961783854343,0.8262222222222222,2.8950686438715363,0.1,5.193706532575934,19.213802196215752,49.634915545453765,0.8262222222222222,2.8950686438715363,0.1,PSBPM-FD (predictiva bayesiana)
182,211,196,train,30,False,0.7648451452417916,0.8745542551733377,0.7099050096036384,0.693284554522913,0.8201164876257706,3.0976627562150822,1.5444681726052538,1.444109943455068,2.312310660533291,0.9377536988408139,0.8346666666666667,2.899276539764726,0.13333333333333333,5.050701972476659,18.18619260701338,49.634915545453765,0.8346666666666667,2.899276539764726,0.13333333333333333,PSBPM-FD (predictiva bayesiana)
183,212,197,train,30,False,0.7363793303531327,0.8581254747140028,0.6923407158494139,0.6748167232578839,0.8032763780570054,3.0976627562150822,1.5377995608902715,1.4322380675978723,2.373644955668299,0.9360826612503519,0.8502222222222222,2.916789231104411,0.13333333333333333,4.763921630957693,17.915592702367164,49.634915545453765,0.8502222222222222,2.916789231104411,0.13333333333333333,PSBPM-FD (predictiva bayesiana)
184,213,198,train,30,False,0.7321872984810543,0.8556794367524876,0.6857304776186046,0.6702663299355346,0.8000298052976818,3.0976627562150822,1.537233352062631,1.4312894828761777,2.3979499510079534,0.9349643931306685,0.8497777777777777,2.9213099759887977,0.13333333333333333,4.787725294552211,18.020985630564315,49.634915545453765,0.8497777777777777,2.9213099759887977,0.13333333333333333,PSBPM-FD (predictiva bayesiana)
185,214,199,train,30,False,0.6934693585582716,0.8327480762861429,0.6829945691129784,0.6514542948213651,0.7777367786412855,3.0976627562150822,1.5094327853066996,1.4007691929692787,2.4283588076778355,0.9339400483634924,0.8551111111111112,2.922266824951237,0.13333333333333333,4.731290712583158,18.233178926897327,49.634915545453765,0.8551111111111112,2.922266824951237,0.13333333333333333,PSBPM-FD (predictiva bayesiana)
186,215,200,train,30,False,0.6876736529073256,0.8292609076203494,0.6776726617913323,0.6474187607424772,0.7741716389462923,3.0976627562150822,1.5100611732844629,1.4018077608531672,2.4464669879856547,0.9335682314602993,0.852,2.906562171282971,0.13333333333333333,4.842647647583241,19.298415420143506,51.66488464162239,0.852,2.906562171282971,0.13333333333333333,PSBPM-FD (predictiva bayesiana)
187,216,201,train,30,False,0.6775800621740706,0.823152514528183,0.6669201591633004,0.6381956597024654,0.7646591758110328,3.0976627562150822,1.500500818628855,1.3906792215686699,2.4659973945964437,0.9289398529619051,0.852,2.8849236223196817,0.13333333333333333,4.819431863435388,19.145838994745144,51.66488464162239,0.852,2.8849236223196817,0.13333333333333333,PSBPM-FD (predictiva bayesiana)
188,217,202,train,30,False,0.6205302443611562,0.7877374209475873,0.6700176186032191,0.6073709912292018,0.7329799355379716,3.0976627562150822,1.4543289122782534,1.343362312670332,2.5002263603670487,0.9304876422606068,0.8542222222222222,2.8508238983588914,0.13333333333333333,4.73012993391325,19.026664225958623,51.66488464162239,0.8542222222222222,2.8508238983588914,0.13333333333333333,PSBPM-FD (predictiva bayesiana)
189,218,203,train,30,False,0.6134035252997022,0.7832008205433024,0.6881559708650276,0.599561937056745,0.7246335219378595,3.0976627562150822,1.4416749026479811,1.3326830712875324,2.511911798079613,0.9252205857434941,0.8568888888888889,2.842658387977216,0.16666666666666666,4.716133962357195,18.927815379561107,51.66488464162239,0.8568888888888889,2.842658387977216,0.16666666666666666,PSBPM-FD (predictiva bayesiana)
190,219,204,train,30,False,0.658872561779896,0.8117096536199973,0.7002063614845707,0.6226081910039839,0.7512639416748519,3.0976627562150822,1.4764303695477279,1.369941981081966,2.458880596268385,0.9255328408679452,0.848,2.822616171251879,0.16666666666666666,4.801845840234128,19.001012539150352,51.66488464162239,0.848,2.822616171251879,0.16666666666666666,PSBPM-FD (predictiva bayesiana)
191,220,205,train,30,False,0.6679266996951473,0.8172678261715356,0.7081210866610513,0.6308377056379898,0.7605785098545693,3.0976627562150822,1.4938363634677698,1.3885680798367552,2.4440877200255757,0.9306355707375322,0.8448888888888889,2.8515859450374004,0.16666666666666666,4.891502976272576,19.64055065421293,51.66488464162239,0.8448888888888889,2.8515859450374004,0.16666666666666666,PSBPM-FD (predictiva bayesiana)
192,221,206,train,30,False,0.675313685645747,0.8217747170884165,0.7088562332049414,0.635311856463472,0.7661149608571995,3.0976627562150822,1.5182167034777427,1.4098387106228139,2.469153258887934,0.9322688383156615,0.8466666666666667,2.856783118863797,0.16666666666666666,5.005370729115473,20.54083643635016,51.66488464162239,0.8466666666666667,2.856783118863797,0.16666666666666666,PSBPM-FD (predictiva bayesiana)
193,222,207,train,30,False,0.6408140961692441,0.8005086484037784,0.7299882617191245,0.6139945845130345,0.7404265664541643,3.0976627562150822,1.4739559187779834,1.367882503614043,2.4814726730758982,0.9249451182452327,0.8453333333333334,2.852968139542784,0.16666666666666666,5.012137318374377,20.66107739502585,51.66488464162239,0.8453333333333334,2.852968139542784,0.16666666666666666,PSBPM-FD (predictiva bayesiana)
194,223,208,train,30,False,0.6297114515314338,0.7935436040517457,0.7304757899732616,0.6072688900391975,0.7315844366865281,3.0976627562150822,1.4457528819021899,1.3429143121492848,2.460847401005077,0.9219209038433918,0.8457777777777777,2.8675966315918293,0.16666666666666666,5.017916213306709,20.53139957936423,51.66488464162239,0.8457777777777777,2.8675966315918293,0.16666666666666666,PSBPM-FD (predictiva bayesiana)
195,224,209,train,30,False,0.5984487320688842,0.7735946820324479,0.7206961335229434,0.5912362374788053,0.7138926416215607,3.0976627562150822,1.416941697040943,1.3165486814723422,2.4832650601458246,0.9228251669801641,0.8497777777777777,2.878771864974768,0.16666666666666666,4.926777427801468,19.85798480580254,51.66488464162239,0.8497777777777777,2.878771864974768,0.16666666666666666,PSBPM-FD (predictiva bayesiana)
196,225,210,train,30,False,0.5849595956484561,0.7648265134319391,0.7655618887780936,0.5806271390831719,0.7014398992933848,3.0976627562150822,1.4033120852051155,1.3023613784540793,2.5056641077948854,0.9171228860070172,0.8542222222222222,2.889126352005638,0.2,4.8996989569672955,19.38304575530517,51.66488464162239,0.8542222222222222,2.889126352005638,0.2,PSBPM-FD (predictiva bayesiana)
197,226,211,train,30,False,0.6202255948532994,0.7875440272475561,0.7187714902523944,0.5975029939695998,0.719038723608682,3.0976627562150822,1.4252671098912084,1.3262243088274837,2.483212180562444,0.9130140014161517,0.8488888888888889,2.8948583488746857,0.16666666666666666,5.013831391105112,20.46475543587439,51.66488464162239,0.8488888888888889,2.8948583488746857,0.16666666666666666,PSBPM-FD (predictiva bayesiana)
198,227,212,train,30,False,0.6265270599340055,0.791534623332426,0.7096220539768384,0.6037131625749315,0.7249933410938176,3.0976627562150822,1.425174084025449,1.3276576489994403,2.4513356569420406,0.9159338324854773,0.8506666666666667,2.8945385899732,0.2,5.008045411592434,20.3215192714918,51.66488464162239,0.8506666666666667,2.8945385899732,0.2,PSBPM-FD (predictiva bayesiana)
199,228,213,train,30,False,0.5612552725306301,0.7491697221128402,0.7609540691299104,0.581030001164293,0.6962657334115392,2.347230616067522,1.366495697682636,1.2712434558027854,2.446599397024404,0.9293831729449785,0.848,2.867909089698964,0.2,4.880904083404795,19.519104836626614,51.66488464162239,0.848,2.867909089698964,0.2,PSBPM-FD (predictiva bayesiana)
200,229,214,train,30,False,0.5405336742104657,0.7352099524696777,0.7508319488996663,0.5647845954744775,0.6798942052096598,2.347230616067522,1.3490390973841855,1.2534709850093253,2.495577027322147,0.9247619716324511,0.8431111111111111,2.8470733238636523,0.2,4.906361748111446,19.823053031225808,51.66488464162239,0.8431111111111111,2.8470733238636523,0.2,PSBPM-FD (predictiva bayesiana)
201,230,215,train,30,False,0.5286826053240324,0.7271056356018928,0.7216382993143531,0.5552327435140204,0.6729542336372202,2.347230616067522,1.363202187958202,1.2649724357820276,2.547708560659624,0.9255247115230424,0.8511111111111112,2.842656077195984,0.2,4.939845001518006,20.63841381922425,51.66488464162239,0.8511111111111112,2.842656077195984,0.2,PSBPM-FD (predictiva bayesiana)
202,231,216,train,30,False,0.549219930402161,0.7410937392814495,0.6978856833720529,0.5639087589420864,0.682838697009623,2.347230616067522,1.3778093894086463,1.279824611597999,2.5438675566296927,0.9213931528711745,0.8568888888888889,2.8457481390940345,0.2,4.804492830911964,19.75144403692921,51.66488464162239,0.8568888888888889,2.8457481390940345,0.2,PSBPM-FD (predictiva bayesiana)
203,232,217,train,30,False,0.585904412444394,0.7654439316138014,0.7214793865833617,0.5807729293702529,0.7057594680517865,2.463797528832157,1.4349384734637343,1.332466307205692,2.572078188527835,0.9220263417123434,0.8493333333333334,2.8707906749818584,0.2,5.007699944971435,20.969165256070863,51.66488464162239,0.8493333333333334,2.8707906749818584,0.2,PSBPM-FD (predictiva bayesiana)
204,233,218,train,30,False,0.5705930508210112,0.7553760989209357,0.7090890918435442,0.5735158215594355,0.6955510390626998,2.463797528832157,1.419323613821791,1.3185217685953312,2.5811082815753275,0.9208009626678726,0.8506666666666667,2.8469722553627053,0.2,4.905815239795889,20.880643114092653,51.66488464162239,0.8506666666666667,2.8469722553627053,0.2,PSBPM-FD (predictiva bayesiana)
205,234,219,train,30,False,0.5790511775483275,0.7609541231561384,0.7228142152230659,0.5770866661451706,0.7002164040093829,2.463797528832157,1.4252693269052825,1.3232525680953697,2.578799108247629,0.920182153827041,0.8426666666666667,2.8385808690945624,0.2,5.04551987019985,21.928039448899618,51.66488464162239,0.8426666666666667,2.8385808690945624,0.2,PSBPM-FD (predictiva bayesiana)
206,235,220,train,30,False,0.5899626165432162,0.7680902398437415,0.7356653121903208,0.5824472680475815,0.7067995450979363,2.463797528832157,1.4358687046891154,1.333219660160165,2.577199116661666,0.9202037839222198,0.8306666666666667,2.8399382548036165,0.2,5.247113266339358,22.918864549590083,51.66488464162239,0.8306666666666667,2.8399382548036165,0.2,PSBPM-FD (predictiva bayesiana)
207,236,221,train,30,False,0.6410798298947313,0.8006746092481835,0.7260886879558123,0.604275104780221,0.733469991532416,2.53472819797867,1.4807980741282811,1.3770305441514878,2.565732384536985,0.9160650070084385,0.8208888888888889,2.8461440743811126,0.16666666666666666,5.549294789046703,24.602080372559453,53.621393582060726,0.8208888888888889,2.8461440743811126,0.16666666666666666,PSBPM-FD (predictiva bayesiana)
208,237,222,train,30,False,0.6461444367950054,0.8038310996689575,0.7489591465566305,0.6085171104165544,0.7372414825715109,2.53472819797867,1.4781187229960173,1.3756508457786008,2.54660555223601,0.9171596904811593,0.8226666666666667,2.8522601339439246,0.2,5.550242203278391,24.48334732892724,53.621393582060726,0.8226666666666667,2.8522601339439246,0.2,PSBPM-FD (predictiva bayesiana)
209,238,223,train,30,False,0.6550512946963125,0.8093523921607402,0.7509519945680047,0.6149781873446167,0.7442437709318479,2.53472819797867,1.4849618508607396,1.3816597932186572,2.524585314590928,0.9195546688197576,0.816,2.8508591342157485,0.16666666666666666,5.641325742623808,25.071082909280403,53.621393582060726,0.816,2.8508591342157485,0.16666666666666666,PSBPM-FD (predictiva bayesiana)
210,239,224,train,30,False,0.6656357838321652,0.8158650524640488,0.7103406928413643,0.619655806433401,0.7524039576461176,2.53472819797867,1.5152089986503372,1.4089387618672702,2.5603026662428587,0.9222161868237055,0.8146666666666667,2.8386240394971134,0.16666666666666666,5.634909618425804,25.196763322912474,53.621393582060726,0.8146666666666667,2.8386240394971134,0.16666666666666666,PSBPM-FD (predictiva bayesiana)
211,240,225,train,30,False,0.6158596441686294,0.784767254775981,0.7533343135445013,0.5996985012658691,0.727829923791309,2.53472819797867,1.4754705966681847,1.3709095647323648,2.5613315749749668,0.9274468568379228,0.8226666666666667,2.8320460776813854,0.2,5.603651458385451,24.93774339194754,53.621393582060726,0.8226666666666667,2.8320460776813854,0.2,PSBPM-FD (predictiva bayesiana)
212,241,226,train,30,False,0.5990795271026307,0.7740022784867178,0.7079212423075858,0.5893166893399581,0.7186638009938113,2.53472819797867,1.481765221396852,1.374044614722201,2.5998620492779385,0.9285034695232411,0.8173333333333334,2.830946638068692,0.16666666666666666,5.6295084979163,25.317568843569806,53.621393582060726,0.8173333333333334,2.830946638068692,0.16666666666666666,PSBPM-FD (predictiva bayesiana)
213,242,227,train,30,False,0.6381825277152386,0.7988632722282573,0.7325799721452021,0.6058021207437155,0.7400645658387478,2.9150576120056058,1.5270773114582339,1.4172083624387628,2.5842012254454625,0.9263970338434723,0.8155555555555556,2.8405776951953463,0.16666666666666666,5.69312608183736,25.73226705512343,53.621393582060726,0.8155555555555556,2.8405776951953463,0.16666666666666666,PSBPM-FD (predictiva bayesiana)
214,243,228,train,30,False,0.6338269382503336,0.7961324878751863,0.7281071833249286,0.6049717279909447,0.7360012119574146,2.9150576120056058,1.5085631559962431,1.400736197365615,2.546253555431057,0.9244707673238443,0.8231111111111111,2.834973638547885,0.16666666666666666,5.486944138216949,24.828259642992684,53.621393582060726,0.8231111111111111,2.834973638547885,0.16666666666666666,PSBPM-FD (predictiva bayesiana)
215,244,229,train,30,False,0.6491267857265285,0.8056840483257246,0.741234346507729,0.614777287062645,0.7469560585130848,2.9150576120056058,1.5203193946578106,1.4132694049738286,2.520644621967266,0.9271079153984974,0.8222222222222222,2.840254477261349,0.16666666666666666,5.536427511879979,24.905935272704813,53.621393582060726,0.8222222222222222,2.840254477261349,0.16666666666666666,PSBPM-FD (predictiva bayesiana)
216,245,230,train,30,False,0.6490403932740748,0.8056304321921279,0.7458882949649353,0.6160038803675947,0.7468991088791904,2.9150576120056058,1.5110528069412026,1.4060008567945945,2.500091308632324,0.9270989265473388,0.8266666666666667,2.8593390221709494,0.16666666666666666,5.411188747878187,24.00869406316293,53.621393582060726,0.8266666666666667,2.8593390221709494,0.16666666666666666,PSBPM-FD (predictiva bayesiana)
217,246,231,train,30,False,0.6507866841762956,0.8067135081156728,0.7437656431769121,0.6166573417173052,0.7489824476412662,2.9150576120056058,1.522920755713454,1.4127930985036945,2.5296713724597613,0.92843672518977,0.8337777777777777,2.8596293475078323,0.2,5.352236798507367,23.536700611636476,53.621393582060726,0.8337777777777777,2.8596293475078323,0.2,PSBPM-FD (predictiva bayesiana)
218,247,232,train,30,False,0.679264453798308,0.8241750140584875,0.7411279172861884,0.635698138497521,0.768722078068222,2.9150576120056058,1.5454710276231205,1.4372944874507143,2.4938435369922387,0.9327170381965374,0.8306666666666667,2.8810542937820265,0.2,5.443293463178188,23.822343347900762,53.621393582060726,0.8306666666666667,2.8810542937820265,0.2,PSBPM-FD (predictiva bayesiana)
219,248,233,train,30,False,0.6851490570130334,0.8277373115989356,0.7385339973095952,0.6418604125736352,0.7759069992693155,2.9150576120056058,1.560765692365517,1.4496580297406465,2.495928391201583,0.9373831388251669,0.8275555555555556,2.8862766209208415,0.16666666666666666,5.475186409086224,24.304739788555185,53.621393582060726,0.8275555555555556,2.8862766209208415,0.16666666666666666,PSBPM-FD (predictiva bayesiana)
220,249,234,train,30,False,0.6417059216436697,0.8010654914822318,0.7375240357243921,0.6215275835609081,0.751362806204121,2.9150576120056058,1.525443504822186,1.411792993779899,2.5222342477827984,0.9379542798852256,0.8351111111111111,2.8775158290835,0.16666666666666666,5.3915070274831765,24.32059273899334,53.621393582060726,0.8351111111111111,2.8775158290835,0.16666666666666666,PSBPM-FD (predictiva bayesiana)
221,250,235,train,30,False,0.6337681548393662,0.7960955689107723,0.7411120566354018,0.6154158139801471,0.7435609660582372,2.9150576120056058,1.505138732672333,1.3921812199193189,2.509290370157901,0.9340096781038317,0.8413333333333334,2.878430811829131,0.2,5.324295383588042,23.568947440245513,53.621393582060726,0.8413333333333334,2.878430811829131,0.2,PSBPM-FD (predictiva bayesiana)
222,251,236,train,30,False,0.6386295818991312,0.7991430296881349,0.7432415340623326,0.6190133478423073,0.7466147187074568,2.9150576120056058,1.4999830588963943,1.3867036177424743,2.4895328433194512,0.934269199593498,0.8457777777777777,2.904507051427425,0.2,5.184143833891333,22.444109995823126,53.621393582060726,0.8457777777777777,2.904507051427425,0.2,PSBPM-FD (predictiva bayesiana)
223,252,237,train,30,False,0.6623283008936001,0.8138355490475948,0.7392719508856905,0.637738647695204,0.7667563918138232,2.9150576120056058,1.5218508365354728,1.4111084330532975,2.4564535901381612,0.9421515104754679,0.8484444444444444,2.92414411883407,0.23333333333333334,5.190924806761071,22.251344049729582,53.621393582060726,0.8484444444444444,2.92414411883407,0.23333333333333334,PSBPM-FD (predictiva bayesiana)
224,253,238,train,30,False,0.6605904366561027,0.8127671478696114,0.7320195049241064,0.637263156420325,0.7648969278293919,2.9150576120056058,1.5181487246482495,1.405424390751312,2.4498699210105013,0.9411021715559066,0.8528888888888889,2.9193609657951844,0.26666666666666666,5.150956102839769,21.832787440954267,53.621393582060726,0.8528888888888889,2.9193609657951844,0.26666666666666666,PSBPM-FD (predictiva bayesiana)
225,254,239,train,30,False,0.6549910567415431,0.8093151776295457,0.7058417316909154,0.6338641819427392,0.7597166997494142,2.9150576120056058,1.497500806997533,1.3866438811520136,2.423809723124874,0.9387154976811338,0.8582222222222222,2.9075216013128875,0.3,5.053204230626805,20.957144584319074,53.621393582060726,0.8582222222222222,2.9075216013128875,0.3,PSBPM-FD (predictiva bayesiana)
226,255,240,train,30,False,0.7039155300404141,0.8389967401846172,0.7416360718767366,0.6625687521333309,0.7899690248512993,2.9150576120056058,1.5313690146056174,1.4223822775637933,2.3889029649020377,0.941563878636132,0.8488888888888889,2.9036324996577685,0.26666666666666666,5.11576282166954,21.34191929716653,53.621393582060726,0.8488888888888889,2.9036324996577685,0.26666666666666666,PSBPM-FD (predictiva bayesiana)
227,256,241,train,30,False,0.6635943871480643,0.814613029080719,0.757242519974904,0.6445766641469153,0.7686662580662579,2.9150576120056058,1.4923712751384237,1.3840739855141853,2.3862907310202846,0.9435968129968267,0.8542222222222222,2.861020966249405,0.3,4.964383724478831,20.237734465376345,53.621393582060726,0.8542222222222222,2.861020966249405,0.3,PSBPM-FD (predictiva bayesiana)
228,257,242,train,30,False,0.6571480080170662,0.8106466603996257,0.7584614644576686,0.6372955426159418,0.7625459562532793,2.9150576120056058,1.4872791994582546,1.3788002048070278,2.4116758288970397,0.9406637854738904,0.8542222222222222,2.8460446517091866,0.3,4.94928771449753,20.224381850735156,53.621393582060726,0.8542222222222222,2.8460446517091866,0.3,PSBPM-FD (predictiva bayesiana)
229,258,243,train,30,False,0.6663406332967005,0.8162969026626895,0.7521548693949557,0.6412557194329422,0.7683481693845065,2.9150576120056058,1.5106851387816034,1.3986263174552687,2.4321344809124903,0.9412606698349847,0.8568888888888889,2.8642945732198033,0.3,5.135379651567553,21.60516655837271,62.193414464837296,0.8568888888888889,2.8642945732198033,0.3,PSBPM-FD (predictiva bayesiana)
230,259,244,train,30,False,0.6656877473832435,0.8158968975202955,0.752601997755935,0.6416266535432761,0.7674757845339406,2.9150576120056058,1.5054959065235372,1.3947562140709568,2.4098487326759592,0.9406529021822265,0.86,2.88474838546053,0.3,5.11547199148857,21.39149270506163,62.193414464837296,0.86,2.88474838546053,0.3,PSBPM-FD (predictiva bayesiana)
231,260,245,train,30,False,0.6800014795877992,0.8246220222549233,0.7552547061063601,0.6517801455742536,0.7756762886750683,2.9150576120056058,1.4980121433034597,1.3907358705579027,2.3640849322299986,0.9406446441413082,0.856,2.8854511497189392,0.3,5.11554068430968,20.91410229295942,62.193414464837296,0.856,2.8854511497189392,0.3,PSBPM-FD (predictiva bayesiana)
232,261,246,train,30,False,0.6786367415433382,0.8237941135643895,0.7544285593329942,0.6518650709061761,0.7750972494157473,2.9150576120056058,1.4975431008485667,1.3902073122269658,2.3634745873976897,0.940887093817725,0.8551111111111112,2.8869810499327464,0.3,5.123213683451907,20.915997323227387,62.193414464837296,0.8551111111111112,2.8869810499327464,0.3,PSBPM-FD (predictiva bayesiana)
233,262,247,train,30,False,0.6663374319992207,0.8162949417944599,0.6914146299535513,0.6471947020037555,0.7692779411597813,2.9150576120056058,1.483754147486734,1.3784331232365004,2.3620404131116874,0.9424019453908152,0.8617777777777778,2.897709789023838,0.3,4.998515058333236,20.12517132790438,62.193414464837296,0.8617777777777778,2.897709789023838,0.3,PSBPM-FD (predictiva bayesiana)
234,263,248,train,30,False,0.6825611896135143,0.826172614901701,0.6553530572407231,0.6583944011268766,0.7799873680702003,2.9150576120056058,1.493559248329131,1.3868366312477456,2.332490632017463,0.9440973399523829,0.8657777777777778,2.9849295261678184,0.3,4.968488475554626,19.394860061511036,62.193414464837296,0.8657777777777778,2.9849295261678184,0.3,PSBPM-FD (predictiva bayesiana)
235,264,249,train,30,False,0.6675603288981603,0.817043651770308,0.65017429248047,0.6513012131391017,0.7710900801804333,2.9150576120056058,1.4823465512842848,1.3742352069005734,2.338837820935107,0.9437562834123906,0.8666666666666667,2.960658082498341,0.3,4.879988798401174,18.9089816912921,62.193414464837296,0.8666666666666667,2.960658082498341,0.3,PSBPM-FD (predictiva bayesiana)
236,265,250,train,30,False,0.6485307639635253,0.8053140778376628,0.6298647371000022,0.6406070132754498,0.7581041478366494,2.9150576120056058,1.465794782492764,1.354106639912119,2.353270696355353,0.9413769965033069,0.8768888888888889,2.953366256824695,0.3,4.684896108402433,18.16983372325957,62.193414464837296,0.8768888888888889,2.953366256824695,0.3,PSBPM-FD (predictiva bayesiana)
237,266,251,train,30,False,0.5996056358140915,0.7743420664112802,0.6263663153791981,0.6204085194200513,0.7333031346813501,2.9150576120056058,1.4210765186044314,1.313177773821269,2.356539404878783,0.9470015468485049,0.8808888888888889,2.949056971697654,0.3,4.42152309490553,16.89380499724897,62.193414464837296,0.8808888888888889,2.949056971697654,0.3,PSBPM-FD (predictiva bayesiana)
238,267,252,train,30,False,0.5913342740289864,0.7689826227093733,0.6273077298185795,0.6126236528877685,0.726732834621245,2.9150576120056058,1.4196432639841314,1.3111959616349085,2.3853018716974375,0.9450575515747434,0.8782222222222222,2.9375332464777553,0.26666666666666666,4.422531459170489,17.089041321966093,62.193414464837296,0.8782222222222222,2.9375332464777553,0.26666666666666666,PSBPM-FD (predictiva bayesiana)
239,268,253,train,30,False,0.6002079330886229,0.7747308778463802,0.6071642007874367,0.6182825958857585,0.7321304697883781,2.9150576120056058,1.4269711559786304,1.3201676379231704,2.376772887767487,0.9450126369347458,0.8795555555555555,2.932263340444511,0.26666666666666666,4.357719308345435,16.95636896107929,62.193414464837296,0.8795555555555555,2.932263340444511,0.26666666666666666,PSBPM-FD (predictiva bayesiana)
240,269,254,train,30,False,0.623058111403094,0.7893403013929379,0.6305557738731088,0.6296429327021094,0.7441426001664105,2.9150576120056058,1.4455725462985758,1.3387984165684372,2.3609248820506834,0.942739904263386,0.8768888888888889,2.932332599176611,0.26666666666666666,4.431643350765894,17.664346529104968,62.193414464837296,0.8768888888888889,2.932332599176611,0.26666666666666666,PSBPM-FD (predictiva bayesiana)
241,270,255,train,30,False,0.712885946031068,0.8443257345545426,0.6145806798424023,0.6624792388470856,0.781452284136688,2.9150576120056058,1.4998104391423743,1.393171778557888,2.3524561256881307,0.9255341299634483,0.8604444444444445,2.9350799335608673,0.23333333333333334,4.928982524460413,19.35124684320967,62.193414464837296,0.8604444444444445,2.9350799335608673,0.23333333333333334,PSBPM-FD (predictiva bayesiana)
242,271,256,train,30,False,0.7330061712358318,0.8561577957572025,0.6125002090707602,0.6726355445422868,0.7921703511775593,2.9150576120056058,1.513875671453785,1.4089904631016685,2.3365155935042305,0.9252620896559711,0.8595555555555555,2.9877100891093207,0.23333333333333334,5.010091586558408,19.599126137733034,62.193414464837296,0.8595555555555555,2.9877100891093207,0.23333333333333334,PSBPM-FD (predictiva bayesiana)
243,272,257,train,30,False,0.6897422909319639,0.8305072491748425,0.5860206344177454,0.6553632488772771,0.7668747622593578,2.782215341916892,1.451228673039798,1.3499862520976258,2.316457091045461,0.9233811782152326,0.8582222222222222,2.9699152726285782,0.23333333333333334,4.896613964189281,18.59419270454266,62.193414464837296,0.8582222222222222,2.9699152726285782,0.23333333333333334,PSBPM-FD (predictiva bayesiana)
244,273,258,train,30,False,0.7010598516609442,0.8372931694818394,0.589546724660957,0.6632639099632824,0.7761001713259407,2.782215341916892,1.4712656314242596,1.3662589950257884,2.321984590022003,0.9269156845101603,0.8435555555555555,2.9368704994845514,0.23333333333333334,5.114916396876298,19.541219036091643,62.193414464837296,0.8435555555555555,2.9368704994845514,0.23333333333333334,PSBPM-FD (predictiva bayesiana)
245,274,259,train,30,False,0.6833736381777568,0.8266641628725396,0.5792772130142511,0.6511578933358703,0.7627496453356915,2.782215341916892,1.4541769278948247,1.3474710235113083,2.3524990945228144,0.922683817192759,0.8453333333333334,2.925440781974027,0.23333333333333334,5.075302690653015,19.549962741860632,62.193414464837296,0.8453333333333334,2.925440781974027,0.23333333333333334,PSBPM-FD (predictiva bayesiana)
246,275,260,train,30,False,0.6731765501015958,0.8204733695261509,0.5735119006391004,0.6431417160286821,0.7547546905718229,2.782215341916892,1.4499578619528195,1.3406644465548108,2.391700912101119,0.9199015088176687,0.848,2.9102780321736095,0.23333333333333334,5.093091487072943,19.99782058564607,62.193414464837296,0.848,2.9102780321736095,0.23333333333333334,PSBPM-FD (predictiva bayesiana)
247,276,261,train,30,False,0.6815766974684397,0.8255765848595996,0.5820951395174503,0.6494045645476997,0.7622230297770386,2.782215341916892,1.4564499745210617,1.3515637954217676,2.3663989851394516,0.9232614438873227,0.8351111111111111,2.90324769541259,0.2,5.2846631469781435,20.937030616120634,62.193414464837296,0.8351111111111111,2.90324769541259,0.2,PSBPM-FD (predictiva bayesiana)
248,277,262,train,30,False,0.6572717951126322,0.8107230076374004,0.5895667714005967,0.6346080821322938,0.7467482722043125,2.782215341916892,1.434739433184067,1.3309552594105623,2.3778503985964425,0.9210892810116216,0.8297777777777777,2.8692718951798355,0.2,5.282524227077695,20.671795620178035,62.193414464837296,0.8297777777777777,2.8692718951798355,0.2,PSBPM-FD (predictiva bayesiana)
249,278,263,train,30,False,0.6508265246761753,0.8067382008286055,0.5884709189854642,0.6280680947864961,0.738586884413078,2.782215341916892,1.4174574666400261,1.3167836207055081,2.3710262694838677,0.9155223883714334,0.8315555555555556,2.819931938076288,0.2,5.208539718274031,20.20685871434277,62.193414464837296,0.8315555555555556,2.819931938076288,0.2,PSBPM-FD (predictiva bayesiana)
250,279,264,train,30,False,0.6463067283153289,0.8039320421001571,0.5872281639524384,0.6241102099310961,0.7334478260716711,2.782215341916892,1.401923819391196,1.3042214702988655,2.3594284900399156,0.9123256539889166,0.8324444444444444,2.8171999041124556,0.2,5.153274248164425,19.641325379941087,62.193414464837296,0.8324444444444444,2.8171999041124556,0.2,PSBPM-FD (predictiva bayesiana)
251,280,265,train,30,False,0.6748506938093775,0.8214929663785183,0.6046958097860966,0.6408932186588597,0.7538868967637747,2.782215341916892,1.4416983511835528,1.3424758438191458,2.3624367993436945,0.9177034102765612,0.8262222222222222,2.8142818114932417,0.16666666666666666,5.336337312043467,21.13901697694698,62.193414464837296,0.8262222222222222,2.8142818114932417,0.16666666666666666,PSBPM-FD (predictiva bayesiana)
252,281,266,train,30,False,0.6622628372602051,0.8137953288513059,0.5969482850164729,0.6315759113664967,0.7450039100265602,2.782215341916892,1.4333840200819055,1.3350294385503996,2.3857805677003077,0.9154684029437148,0.8275555555555556,2.811078614507388,0.16666666666666666,5.3293603717278355,21.04273057686879,62.193414464837296,0.8275555555555556,2.811078614507388,0.16666666666666666,PSBPM-FD (predictiva bayesiana)
253,282,267,train,30,False,0.6709021570050377,0.8190861719044205,0.6063366433986512,0.634711406784028,0.749512679879467,2.782215341916892,1.4565598238153716,1.354967196739002,2.4060703953391025,0.9150596183754498,0.8177777777777778,2.8058901963142886,0.13333333333333333,5.454542619388318,21.856678599713884,62.193414464837296,0.8177777777777778,2.8058901963142886,0.13333333333333333,PSBPM-FD (predictiva bayesiana)
254,283,268,train,30,False,0.6766422860938781,0.822582692556729,0.6121028395717788,0.6379130060853737,0.7550119464581979,2.782215341916892,1.463980072222063,1.363785030301845,2.4073416465255493,0.9178553758668208,0.8177777777777778,2.8089498984424606,0.13333333333333333,5.457705526354951,21.862372570334518,62.193414464837296,0.8177777777777778,2.8089498984424606,0.13333333333333333,PSBPM-FD (predictiva bayesiana)
255,284,269,train,30,False,0.7144936924582017,0.8452772873194936,0.6565623880823459,0.6572088374363826,0.7783121163394215,2.782215341916892,1.5126556357930125,1.40563435350538,2.410518317697735,0.9207772739376103,0.8093333333333333,2.808302185509768,0.1,5.619373473527609,23.07854113813088,62.193414464837296,0.8093333333333333,2.808302185509768,0.1,PSBPM-FD (predictiva bayesiana)
256,285,270,train,30,False,0.6994796741341417,0.8363490145472413,0.6494214224102065,0.6493906761970013,0.7718727611357157,2.782215341916892,1.5179376519855374,1.4057161787335855,2.429231928396886,0.9229074796645395,0.8106666666666666,2.8071555816820926,0.1,5.655418749802158,23.69371055023498,62.193414464837296,0.8106666666666666,2.8071555816820926,0.1,PSBPM-FD (predictiva bayesiana)
257,286,271,train,30,False,0.721036900216994,0.8491389169134776,0.6576238526405548,0.6586234259255475,0.7849657420866325,2.782215341916892,1.545329084380303,1.4316549807443442,2.439842865328878,0.9244255874408545,0.8106666666666666,2.8490566109683777,0.1,5.697835904744068,23.727778713470965,62.193414464837296,0.8106666666666666,2.8490566109683777,0.1,PSBPM-FD (predictiva bayesiana)
258,287,272,train,30,False,0.7328842594951204,0.856086595792225,0.6634810467869824,0.6679688811436263,0.7950680481385849,2.782215341916892,1.5679380311661941,1.4512967328862876,2.4367225555983127,0.9287238604674409,0.8093333333333333,2.857340600690908,0.06666666666666667,5.709553878898311,23.826960747722318,62.193414464837296,0.8093333333333333,2.857340600690908,0.06666666666666667,PSBPM-FD (predictiva bayesiana)
259,288,273,train,30,False,0.7328905156736335,0.8560902497246616,0.6762577966664907,0.6710095455199458,0.7950716058095341,2.782215341916892,1.5544134672182222,1.4412320225444104,2.408122719847009,0.9287240522424446,0.8146666666666667,2.856724503273765,0.06666666666666667,5.453050473919591,22.165087328053787,53.614739668731445,0.8146666666666667,2.856724503273765,0.06666666666666667,PSBPM-FD (predictiva bayesiana)
260,289,274,train,30,False,0.757094947515945,0.8701120315890046,0.6805540222413959,0.6875359018799886,0.813884296701937,2.782215341916892,1.5953013335854334,1.4784636196398424,2.40308256243885,0.9353787410750036,0.8173333333333334,2.8665192952915612,0.06666666666666667,5.4551406295493,21.99164458692096,53.614739668731445,0.8173333333333334,2.8665192952915612,0.06666666666666667,PSBPM-FD (predictiva bayesiana)
261,290,275,train,30,False,0.7459221980971307,0.8636678748784921,0.6787732604253743,0.6800139149550254,0.8076974193038154,2.782215341916892,1.5893496988340179,1.4739096187138687,2.415592474183142,0.9351944686115007,0.8262222222222222,2.8690519784248125,0.1,5.317446219084076,21.051511233318443,53.614739668731445,0.8262222222222222,2.8690519784248125,0.1,PSBPM-FD (predictiva bayesiana)
262,291,276,train,30,False,0.7050433744986482,0.839668609928136,0.7016660984832573,0.6550317158432833,0.7812655552041868,2.782215341916892,1.5476135387158854,1.4330863618890362,2.444042705255915,0.9304451136634159,0.828,2.84927510147935,0.1,5.2623600371430275,20.69662843609267,53.614739668731445,0.828,2.84927510147935,0.1,PSBPM-FD (predictiva bayesiana)
263,292,277,train,30,False,0.7025276879012956,0.8381692477664017,0.7226691712004166,0.6561047288120745,0.7799409642133679,2.782215341916892,1.54077155184197,1.4257253975207198,2.4318868283516575,0.9305292055176164,0.8231111111111111,2.8394455230478197,0.1,5.368123282600531,21.466815529467645,53.614739668731445,0.8231111111111111,2.8394455230478197,0.1,PSBPM-FD (predictiva bayesiana)
264,293,278,train,30,False,0.6891958975630387,0.8301782324073781,0.7397287460511246,0.6467936985284648,0.7715224770876182,2.782215341916892,1.53516224570567,1.4191526891496937,2.4586219078224256,0.9293455874533496,0.8235555555555556,2.7748378387197024,0.1,5.311456101438134,21.475106037988294,53.614739668731445,0.8235555555555556,2.7748378387197024,0.1,PSBPM-FD (predictiva bayesiana)
265,294,279,train,30,False,0.6918579409884756,0.8317799835223709,0.74148085266255,0.6479419722825487,0.7733293456062873,2.782215341916892,1.5348231559691652,1.4207072864245291,2.453995668641857,0.9297282465627984,0.8271111111111111,2.8008008591913516,0.1,5.305303119627185,21.5345346728675,53.614739668731445,0.8271111111111111,2.8008008591913516,0.1,PSBPM-FD (predictiva bayesiana)
266,295,280,train,30,False,0.7262420356723318,0.8521983546524434,0.7169836469582294,0.6641822156149152,0.793708711138709,2.782215341916892,1.569496400740183,1.4580084380292562,2.446084585076533,0.9313661623559593,0.8244444444444444,2.8029418611907295,0.1,5.348861227291155,21.797349687970787,53.614739668731445,0.8244444444444444,2.8029418611907295,0.1,PSBPM-FD (predictiva bayesiana)
267,296,281,train,30,False,0.7333384088516631,0.8563518020367933,0.7252874232899904,0.6675055363608207,0.7988411556048451,2.782215341916892,1.5892956818853605,1.4761228069912062,2.4658841683252537,0.9328422661163768,0.8275555555555556,2.805992347202367,0.1,5.331093904506809,21.701384336070976,53.614739668731445,0.8275555555555556,2.805992347202367,0.1,PSBPM-FD (predictiva bayesiana)
268,297,282,train,30,False,0.77533327128312,0.8805301081071106,0.7108136373726938,0.6908158913784911,0.8225329721296787,2.782215341916892,1.630000001729346,1.51381726387014,2.448543324673642,0.934133841144729,0.8275555555555556,2.812631765970753,0.1,5.345584832859213,21.871955123501685,53.614739668731445,0.8275555555555556,2.812631765970753,0.1,PSBPM-FD (predictiva bayesiana)
269,298,283,train,30,False,0.7731888768430792,0.8793115925785804,0.7301255598145531,0.6902374470196705,0.8213211517501554,2.782215341916892,1.6287738732020014,1.5106723843979075,2.4486110315218204,0.9340501804845219,0.832,2.8170574925210743,0.1,5.3184511084888735,21.473924428628827,53.614739668731445,0.832,2.8170574925210743,0.1,PSBPM-FD (predictiva bayesiana)
270,299,284,train,30,False,0.7806297959387835,0.8835325664279633,0.721564615222709,0.6944137113011706,0.8244776706617759,2.782215341916892,1.6242691661497133,1.505735459215365,2.4346979939312017,0.933160476466713,0.8262222222222222,2.8195839836531214,0.1,5.371016500977208,21.325778091458808,53.614739668731445,0.8262222222222222,2.8195839836531214,0.1,PSBPM-FD (predictiva bayesiana)
271,300,285,train,30,False,0.6849239889305091,0.8276013466219766,0.7254814286572465,0.656039827773949,0.7819784119193041,2.363382272912693,1.5672661409010458,1.447080938113813,2.46480947693853,0.9448732957130969,0.8395555555555556,2.823033242646191,0.1,4.893186048131935,19.878127469034247,48.726228280698344,0.8395555555555556,2.823033242646191,0.1,PSBPM-FD (predictiva bayesiana)
272,301,286,train,30,False,0.660759424955425,0.8128710998402052,0.7496806196653609,0.645354584668447,0.7685153166579991,2.363382272912693,1.533958229510131,1.4150699674763887,2.451040616041721,0.9454331896029695,0.8382222222222222,2.7693361152638163,0.1,4.8900171572909725,19.9159310247358,48.726228280698344,0.8382222222222222,2.7693361152638163,0.1,PSBPM-FD (predictiva bayesiana)
273,302,287,train,30,False,0.6616414241400282,0.813413439857019,0.7680110584891015,0.6446042682588351,0.7694166894901897,2.363382272912693,1.5361332282772926,1.4194614198116215,2.4617259191414673,0.9459109621122526,0.8417777777777777,2.784094331482632,0.1,4.876400645659152,19.7994338574958,48.726228280698344,0.8417777777777777,2.784094331482632,0.1,PSBPM-FD (predictiva bayesiana)
274,303,288,train,30,False,0.6600868873132338,0.8124573141484012,0.780477251047103,0.6418775340574802,0.7683605167794028,2.363382272912693,1.541435032963218,1.4282349849298106,2.481667117849572,0.9457241671641302,0.8506666666666667,2.840355972589511,0.1,4.792645220973592,19.53147494436541,48.726228280698344,0.8506666666666667,2.840355972589511,0.1,PSBPM-FD (predictiva bayesiana)
275,304,289,train,30,False,0.7010053794016834,0.837260640064779,0.798851905209564,0.6595304652411165,0.7929719049719679,2.572847333932399,1.5889496745379366,1.4754418297988787,2.4710516507760643,0.9471028100766992,0.848,2.8406930159435917,0.1,4.884780411179812,19.865658520867733,48.726228280698344,0.848,2.8406930159435917,0.1,PSBPM-FD (predictiva bayesiana)
276,305,290,train,30,False,0.7118939934511094,0.8437381071464708,0.8092081088703662,0.6663885095506853,0.8014191749671727,2.572847333932399,1.6000340353073548,1.4863749046264068,2.4480447564036125,0.9498435215609486,0.8462222222222222,2.8533400489805887,0.1,4.849398757590036,19.234880158221934,48.726228280698344,0.8462222222222222,2.8533400489805887,0.1,PSBPM-FD (predictiva bayesiana)
277,306,291,train,30,False,0.7063063338031917,0.8404203316217378,0.8068111304626626,0.6637245427395168,0.796802484931437,2.572847333932399,1.5924954521848569,1.4788238850964552,2.44583654978073,0.9480999625435851,0.8551111111111112,2.8788944821293567,0.1,4.724871861040515,18.946412087073487,48.726228280698344,0.8551111111111112,2.8788944821293567,0.1,PSBPM-FD (predictiva bayesiana)
278,307,292,train,30,False,0.7378555916285231,0.8589852103665832,0.8360038873299445,0.6808765915198225,0.8156678774884988,2.572847333932399,1.6233117158661843,1.5106894886984086,2.439241099995763,0.9495715032630211,0.8551111111111112,2.8831092521864923,0.1,4.798198252215956,19.157434265515814,48.726228280698344,0.8551111111111112,2.8831092521864923,0.1,PSBPM-FD (predictiva bayesiana)
279,308,293,train,30,False,0.7399863982008003,0.860224620782735,0.8347148018986432,0.6823701497930723,0.818975929943311,2.572847333932399,1.6329514414365853,1.5196651018697105,2.4621344573103485,0.9520489301946613,0.8502222222222222,2.891134981324482,0.1,4.839849199001648,19.465635744315797,48.726228280698344,0.8502222222222222,2.891134981324482,0.1,PSBPM-FD (predictiva bayesiana)
280,309,294,train,30,False,0.7748877899120835,0.8802771097285692,0.8624745548606955,0.704251784642993,0.8430744130753032,2.572847333932399,1.677407617405892,1.5595553355615563,2.4464527121613715,0.9577375166954673,0.8373333333333334,2.872342977732627,0.1,5.180554578378153,21.218195264372206,65.17482218047331,0.8373333333333334,2.872342977732627,0.1,PSBPM-FD (predictiva bayesiana)
281,310,295,train,30,False,0.760896627215482,0.8722938880993504,0.8307370157672382,0.6996368095123471,0.8351830444488879,2.572847333932399,1.6500420161404998,1.5360461621268717,2.4226703845660436,0.9574560315545445,0.8324444444444444,2.8777785743427358,0.1,5.071464182406308,20.061611125653744,65.17482218047331,0.8324444444444444,2.8777785743427358,0.1,PSBPM-FD (predictiva bayesiana)
282,311,296,train,30,False,0.7645329494125246,0.874375748412846,0.8267329341020518,0.7034927321111087,0.8381187438696983,2.572847333932399,1.64405115947675,1.5312578426088563,2.3939791678964406,0.9585338401608681,0.8266666666666667,2.8639361043955303,0.1,5.072079092573803,20.14870752553319,65.17482218047331,0.8266666666666667,2.8639361043955303,0.1,PSBPM-FD (predictiva bayesiana)
283,312,297,train,30,False,0.7322995192562686,0.8557450083151339,0.8067974206868043,0.6819999359673538,0.8136493526936205,2.572847333932399,1.5961591749342334,1.4861612210614505,2.3916533079224576,0.9508081785900276,0.8364444444444444,2.8658874912206085,0.13333333333333333,4.943664702865076,19.33966914721235,65.17482218047331,0.8364444444444444,2.8658874912206085,0.13333333333333333,PSBPM-FD (predictiva bayesiana)
284,313,298,train,30,False,0.7444961789295963,0.8628419200117692,0.7885373517694115,0.6914351528055867,0.822006192848381,2.572847333932399,1.6060703085795576,1.4968199896224805,2.37811345085229,0.9526729911745233,0.8364444444444444,2.8711713211542618,0.13333333333333333,4.949068689095552,19.355266339162036,65.17482218047331,0.8364444444444444,2.8711713211542618,0.13333333333333333,PSBPM-FD (predictiva bayesiana)
285,314,299,train,30,False,0.8117234074695953,0.9009569398531737,0.7680628456362601,0.7111878714836857,0.8444409870964736,3.4963163100626824,1.6438347764845571,1.5364401819808797,2.3711471757344396,0.9372711943748274,0.8306666666666667,2.8789701911664256,0.13333333333333333,5.144324163906216,20.218351774789756,65.54080674226985,0.8306666666666667,2.8789701911664256,0.13333333333333333,PSBPM-FD (predictiva bayesiana)
286,315,300,train,30,False,0.7802634329237667,0.8833252135673286,0.7354779054860501,0.6931526112240894,0.8236858475141813,3.4963163100626824,1.6041525955866356,1.5020858961324612,2.366883092309067,0.9324831159157198,0.8386666666666667,2.8849932785255628,0.16666666666666666,5.046771374487524,19.223564812583994,65.54080674226985,0.8386666666666667,2.8849932785255628,0.16666666666666666,PSBPM-FD (predictiva bayesiana)
287,316,301,train,30,False,0.7628745041878344,0.8734268739784885,0.7422877035655864,0.6846823371059124,0.8136884078617908,3.4963163100626824,1.5911229389046886,1.4899919551405094,2.3783970733429998,0.9316045018805215,0.8364444444444444,2.888556099669594,0.13333333333333333,5.059323243966228,19.416379104604832,65.54080674226985,0.8364444444444444,2.888556099669594,0.13333333333333333,PSBPM-FD (predictiva bayesiana)
288,317,302,train,30,False,0.7561225863717244,0.8695530957749069,0.7322757741249794,0.6793698322590349,0.8085836196106738,3.4963163100626824,1.5808608696692885,1.4814024203719651,2.385395664822212,0.9298841250057309,0.8333333333333334,2.8975165165511685,0.13333333333333333,5.1168110097924435,19.93424200077649,65.54080674226985,0.8333333333333334,2.8975165165511685,0.13333333333333333,PSBPM-FD (predictiva bayesiana)
289,318,303,train,30,False,0.7380764721466206,0.859113771363619,0.7046356272323895,0.6663315290895176,0.7953217874938976,3.4963163100626824,1.5651682723677534,1.4630268090430643,2.4144018162948724,0.9257467567206282,0.8382222222222222,2.903533728244197,0.16666666666666666,5.09938249370729,19.642052441513556,65.54080674226985,0.8382222222222222,2.903533728244197,0.16666666666666666,PSBPM-FD (predictiva bayesiana)
290,319,304,train,30,False,0.7245290518632957,0.8511927231028797,0.6960390294728676,0.6572162080939502,0.7868355244117993,3.4963163100626824,1.5559377573554358,1.4534128622648088,2.44201910768898,0.9243917423818226,0.8351111111111111,2.901883386398769,0.16666666666666666,5.130645138161883,20.142219885374615,65.54080674226985,0.8351111111111111,2.901883386398769,0.16666666666666666,PSBPM-FD (predictiva bayesiana)
291,320,305,train,30,False,0.7532120051672745,0.8678778745695009,0.6987229889578389,0.6702109270861575,0.800883922027504,3.4963163100626824,1.5926593763167196,1.4846602350611708,2.4489047697936295,0.9228071661865692,0.8284444444444444,2.9090733821710777,0.13333333333333333,5.298998454908784,21.7242231496313,65.54080674226985,0.8284444444444444,2.9090733821710777,0.13333333333333333,PSBPM-FD (predictiva bayesiana)
292,321,306,train,30,False,0.7799917929837313,0.8831714403125428,0.6835489017816389,0.6879198675681434,0.820733820022718,3.4963163100626824,1.6240351700220592,1.5167950987138183,2.425604868888715,0.9293029445475174,0.8266666666666667,2.9313675007965,0.13333333333333333,5.414211754264902,22.80657734436716,65.54080674226985,0.8266666666666667,2.9313675007965,0.13333333333333333,PSBPM-FD (predictiva bayesiana)
293,322,307,train,30,False,0.7838191670296353,0.8853356239470065,0.6785252304629779,0.6912933381913813,0.8227279665481224,3.4963163100626824,1.6119502842191666,1.506643476814879,2.4035235639575765,0.9292837024678094,0.8262222222222222,2.914526990196771,0.13333333333333333,5.316705999073664,22.09248923487011,65.54080674226985,0.8262222222222222,2.914526990196771,0.13333333333333333,PSBPM-FD (predictiva bayesiana)
294,323,308,train,30,False,0.7704712434478627,0.8777649135434058,0.6711464532184394,0.6793418346843291,0.8074155340151472,3.4963163100626824,1.5750504319004608,1.4732546360376,2.3924211759915366,0.9198539626694934,0.8302222222222222,2.870307083104013,0.16666666666666666,5.2469842237260025,21.697871117980863,65.54080674226985,0.8302222222222222,2.870307083104013,0.16666666666666666,PSBPM-FD (predictiva bayesiana)
295,324,309,train,30,False,0.7547115736037864,0.8687413732543111,0.6645841407582672,0.66602238560792,0.7930388556193531,3.4963163100626824,1.5530193075633185,1.4531062488758315,2.4205967170709366,0.9128595460448995,0.8297777777777777,2.841172642176557,0.16666666666666666,5.194526636321429,21.22244503391408,65.54080674226985,0.8297777777777777,2.841172642176557,0.16666666666666666,PSBPM-FD (predictiva bayesiana)
296,325,310,train,30,False,0.7183446139490958,0.8475521305200617,0.6865983893577499,0.6471687171521509,0.7707104390742301,3.4963163100626824,1.5138172644243297,1.4149904665822282,2.434494935398503,0.9093369142984971,0.8311111111111111,2.832074035620317,0.16666666666666666,5.1746673314173295,21.2511244255174,65.54080674226985,0.8311111111111111,2.832074035620317,0.16666666666666666,PSBPM-FD (predictiva bayesiana)
297,326,311,train,30,False,0.7279497697050821,0.8531997243934635,0.6859021331566737,0.6537031000434268,0.7763420718859781,3.4963163100626824,1.5077303945513987,1.409835520602167,2.4022657678273487,0.9099183341132427,0.8266666666666667,2.8401263849579004,0.16666666666666666,5.322221121485978,22.005233752494828,65.54080674226985,0.8266666666666667,2.8401263849579004,0.16666666666666666,PSBPM-FD (predictiva bayesiana)
298,327,312,train,30,False,0.694194526243148,0.8331833689189602,0.7252733156535686,0.6371774805062139,0.7591987443949976,3.4963163100626824,1.47323927020666,1.3781982532220591,2.4013679678558275,0.9112024708078892,0.8208888888888889,2.8479021414767742,0.16666666666666666,5.3904211424159145,22.222966423264282,65.54080674226985,0.8208888888888889,2.8479021414767742,0.16666666666666666,PSBPM-FD (predictiva bayesiana)
299,328,313,train,30,False,0.6754405965816115,0.8218519310566907,0.7206605004158761,0.6233321124322265,0.7447797424059217,3.4963163100626824,1.4513581301795362,1.358935683012762,2.426788394322404,0.9062213207290588,0.8177777777777778,2.8490277907534813,0.16666666666666666,5.430700562665718,22.71522666257041,65.54080674226985,0.8177777777777778,2.8490277907534813,0.16666666666666666,PSBPM-FD (predictiva bayesiana)
300,329,314,train,30,False,0.6417326839185666,0.8010821954821906,0.747666552721189,0.6072717670471622,0.7272903149044168,3.4963163100626824,1.4222207501270636,1.3313192680970618,2.4334811998828276,0.9078847576516706,0.828,2.852123704359039,0.2,5.303909207174951,22.022070695568143,65.54080674226985,0.828,2.852123704359039,0.2,PSBPM-FD (predictiva bayesiana)
301,330,315,train,30,False,0.6996807636079102,0.8364692245432047,0.7297154269959711,0.6334659607351598,0.7578768809843901,3.4963163100626824,1.4878602275284634,1.393630478396684,2.4291745839582988,0.9060427553664825,0.82,2.8408804162298846,0.2,5.600695217048409,24.125815431334917,73.29756306899773,0.82,2.8408804162298846,0.2,PSBPM-FD (predictiva bayesiana)
302,331,316,train,30,False,0.7230502490075758,0.8503236142831597,0.7014677421828058,0.6450091957027505,0.7709765724012682,3.4963163100626824,1.5224754617435743,1.422586203264423,2.4421945462540404,0.9066860656941973,0.8275555555555556,2.8516255582994265,0.23333333333333334,5.505641809852942,23.473333678906503,73.29756306899773,0.8275555555555556,2.8516255582994265,0.23333333333333334,PSBPM-FD (predictiva bayesiana)
303,332,317,train,30,False,0.7297430526056891,0.8542499942087732,0.692568701031589,0.6518302872503549,0.7766665384069286,3.4963163100626824,1.5284060008588627,1.4260027243865747,2.4189114885597744,0.9091794482554205,0.8235555555555556,2.8569650605843506,0.23333333333333334,5.536265366151181,23.471773039585482,73.29756306899773,0.8235555555555556,2.8569650605843506,0.23333333333333334,PSBPM-FD (predictiva bayesiana)
304,333,318,train,30,False,0.7242611229411834,0.8510353241441764,0.673573161230437,0.6495060557527695,0.7724981570761573,3.4963163100626824,1.5118732566302258,1.4090629895141369,2.3991761094064112,0.907715737713945,0.8288888888888889,2.839325150806767,0.23333333333333334,5.421156620147499,22.943922610284734,73.29756306899773,0.8288888888888889,2.839325150806767,0.23333333333333334,PSBPM-FD (predictiva bayesiana)
305,334,319,train,30,False,0.7072258355837475,0.8409672024423708,0.6571025519865393,0.649389050478568,0.7646291358799732,3.4963163100626824,1.4851582855987941,1.3831878152152968,2.3692713052781196,0.9092258695217916,0.8244444444444444,2.813778391487793,0.23333333333333334,5.385295730748397,22.518150054484064,73.29756306899773,0.8244444444444444,2.813778391487793,0.23333333333333334,PSBPM-FD (predictiva bayesiana)
306,335,320,train,30,False,0.7378591944396368,0.8589873074962381,0.6701141778013936,0.6645651806697636,0.7799338142907317,3.4963163100626824,1.4998639572469452,1.3991352163750492,2.3409608026752227,0.9079689623867316,0.8177777777777778,2.805639641448338,0.23333333333333334,5.607443710617885,23.28581411921312,73.29756306899773,0.8177777777777778,2.805639641448338,0.23333333333333334,PSBPM-FD (predictiva bayesiana)
307,336,321,train,30,False,0.7374718517027402,0.8587618131372285,0.672875529406225,0.6636083275284254,0.7795686938599731,3.4963163100626824,1.5020837778380198,1.402387197280688,2.3514482150605205,0.9077822068171066,0.8182222222222222,2.805207864923144,0.23333333333333334,5.605814344257876,23.446717631623144,73.29756306899773,0.8182222222222222,2.805207864923144,0.23333333333333334,PSBPM-FD (predictiva bayesiana)
308,337,322,train,30,False,0.7154680835255488,0.8458534645702817,0.6641452725474201,0.6494500469484542,0.7679191585075047,3.4963163100626824,1.499408776733376,1.395464296029338,2.396556553446413,0.9078631118424633,0.824,2.831461111997099,0.23333333333333334,5.54417952857487,23.840908293390633,73.29756306899773,0.824,2.831461111997099,0.23333333333333334,PSBPM-FD (predictiva bayesiana)
309,338,323,train,30,False,0.7517551596401609,0.867038153508922,0.6794352646265268,0.672822927016664,0.7924494352548711,3.4963163100626824,1.5347024073625464,1.430196542142864,2.3638196354542655,0.9139729688339681,0.8191111111111111,2.8600246839584886,0.23333333333333334,5.6814437676397915,24.443429397003232,73.29756306899773,0.8191111111111111,2.8600246839584886,0.23333333333333334,PSBPM-FD (predictiva bayesiana)
310,339,324,train,30,False,0.7307373680731398,0.8548317776458358,0.6805893329813227,0.6622004337457664,0.7809385800882365,3.4963163100626824,1.512041700619335,1.4103823003774885,2.3656600375080417,0.9135581999991886,0.8311111111111111,2.8866654286003257,0.23333333333333334,5.384722309053641,23.180938204520814,73.29756306899773,0.8311111111111111,2.8866654286003257,0.23333333333333334,PSBPM-FD (predictiva bayesiana)
311,340,325,train,30,False,0.7363060172494014,0.8580827566437874,0.6711857574314817,0.6612143770795122,0.7843378155482346,3.4963163100626824,1.530740077348749,1.4267684812376271,2.3957846794535382,0.9140584745182494,0.8422222222222222,2.8727632742424287,0.26666666666666666,5.299228267479923,22.814519053677643,73.29756306899773,0.8422222222222222,2.8727632742424287,0.26666666666666666,PSBPM-FD (predictiva bayesiana)
312,341,326,train,30,False,0.776007510014911,0.8809128844641285,0.6976084446754719,0.6773302569013827,0.8047971528438479,3.4963163100626824,1.5743191662795988,1.468733690205607,2.4081023790068765,0.9135944848092636,0.8395555555555556,2.883039715132728,0.26666666666666666,5.410593635007237,23.554273895026533,73.29756306899773,0.8395555555555556,2.883039715132728,0.26666666666666666,PSBPM-FD (predictiva bayesiana)
313,342,327,train,30,False,0.8421651588691805,0.9176955698210494,0.7060728257899771,0.7077505553163933,0.8430324990670854,3.4963163100626824,1.6493892446956713,1.539837487358117,2.416895655533389,0.9186406982780541,0.8302222222222222,2.8873215865186004,0.23333333333333334,5.6247345333954515,25.211379543612665,73.29756306899773,0.8302222222222222,2.8873215865186004,0.23333333333333334,PSBPM-FD (predictiva bayesiana)
314,343,328,train,30,False,0.8467218402182208,0.9201748965377293,0.7396676572821154,0.7077344078540718,0.8455828363369106,3.4963163100626824,1.6756743487518466,1.5604951128454778,2.4509205443951756,0.9189370841548923,0.8235555555555556,2.9010757605329465,0.2,5.735966753941822,26.25539573650396,73.29756306899773,0.8235555555555556,2.9010757605329465,0.2,PSBPM-FD (predictiva bayesiana)
315,344,329,train,30,False,0.7649170592606068,0.8745953688767205,0.7343873643256709,0.6803520878832665,0.8162618728330991,3.041308906498848,1.6230038031464675,1.5115807412685174,2.463161160499022,0.9333023039916831,0.828,2.8709882351595186,0.2,5.585084584158659,25.343736983869864,73.29756306899773,0.828,2.8709882351595186,0.2,PSBPM-FD (predictiva bayesiana)
316,345,330,train,30,False,0.7817839784311892,0.884185488701997,0.7525197202746119,0.6900945434259425,0.829373084482736,3.041308906498848,1.6523363437487781,1.5393924807534305,2.4779225201356216,0.9380080255561232,0.824,2.8601681290107988,0.16666666666666666,5.639182925926616,26.101488924231013,73.29756306899773,0.824,2.8601681290107988,0.16666666666666666,PSBPM-FD (predictiva bayesiana)
317,346,331,train,30,False,0.777093959471954,0.8815293298988719,0.7500415809016084,0.6893641285909966,0.8258571630802749,3.041308906498848,1.6326019031056513,1.521257622201131,2.446053797069467,0.9368459279454903,0.8235555555555556,2.8459717512767657,0.16666666666666666,5.629398934404635,26.17171167231444,73.29756306899773,0.8235555555555556,2.8459717512767657,0.16666666666666666,PSBPM-FD (predictiva bayesiana)
318,347,332,train,30,False,0.8092555363099244,0.8995863139854476,0.7453896513092416,0.7075532936208534,0.844470157886137,3.041308906498848,1.661853013025017,1.548247882606025,2.4254625423569873,0.938731664496841,0.8217777777777778,2.8330312203880297,0.16666666666666666,5.629498032639382,26.378055242623,73.29756306899773,0.8217777777777778,2.8330312203880297,0.16666666666666666,PSBPM-FD (predictiva bayesiana)
319,348,333,train,30,False,0.8338244983284095,0.9131399116939362,0.7647872209648139,0.7219353289780569,0.861232096838546,3.041308906498848,1.6861092054154871,1.574635247832141,2.403442826663896,0.943154587604108,0.8137777777777778,2.8304964531849968,0.13333333333333333,5.76431393899324,27.467701961625853,73.29756306899773,0.8137777777777778,2.8304964531849968,0.13333333333333333,PSBPM-FD (predictiva bayesiana)
320,349,334,train,30,False,0.8366781105521981,0.914701104488345,0.7881245052906739,0.7236562002491623,0.8632662769970558,3.041308906498848,1.678479377391175,1.5687064289793404,2.3795306068690367,0.9437687051661974,0.8133333333333334,2.8314956307133348,0.13333333333333333,5.768044381558115,27.39095686828123,73.29756306899773,0.8133333333333334,2.8314956307133348,0.13333333333333333,PSBPM-FD (predictiva bayesiana)
321,350,335,train,30,False,0.8402499278462304,0.9166514756690409,0.7706616503639012,0.7243972348216023,0.8646916193573398,3.041308906498848,1.6710053371601714,1.563648811440341,2.370868306009197,0.9433155810131906,0.8088888888888889,2.82203355483747,0.13333333333333333,5.881182134593632,27.19602865732525,73.29756306899773,0.8088888888888889,2.82203355483747,0.13333333333333333,PSBPM-FD (predictiva bayesiana)
322,351,336,train,30,False,0.8535725558632083,0.9238899046224114,0.7881577542197218,0.7245555093190952,0.8709402961376574,3.041308906498848,1.7020966372933704,1.5899502308518414,2.4075658867878977,0.942688400187256,0.8026666666666666,2.8216597221795365,0.13333333333333333,6.033579078094918,27.719529429434395,73.29756306899773,0.8026666666666666,2.8216597221795365,0.13333333333333333,PSBPM-FD (predictiva bayesiana)
323,352,337,train,30,False,0.8489667770629903,0.9213939315314543,0.7776418471474124,0.7190237279974535,0.8685246693306545,3.041308906498848,1.7125147800783358,1.5994674837746714,2.4341659963278275,0.9426203490260399,0.8071111111111111,2.8439402570964045,0.13333333333333333,6.074582837545206,28.275177300753004,73.29756306899773,0.8071111111111111,2.8439402570964045,0.13333333333333333,PSBPM-FD (predictiva bayesiana)
324,353,338,train,30,False,0.8935802353386769,0.9452937296622024,0.7905113366509618,0.7444299541991529,0.9008231524027271,3.041308906498848,1.7691551286368739,1.6549653533462885,2.4242316369792314,0.9529558105972346,0.7973333333333333,2.9057632036332763,0.1,6.3336222908674396,29.466985473027854,73.29756306899773,0.7973333333333333,2.9057632036332763,0.1,PSBPM-FD (predictiva bayesiana)
325,354,339,train,30,False,0.9236435551110957,0.9610637622505053,0.8090998596343946,0.7613267710916903,0.9232812621587577,3.041308906498848,1.8241022579708654,1.7047437651474011,2.429229329129654,0.9606867914744044,0.7977777777777778,2.9481272306470716,0.1,6.487365095804626,30.68865181337334,73.29756306899773,0.7977777777777778,2.9481272306470716,0.1,PSBPM-FD (predictiva bayesiana)
326,355,340,train,30,False,0.9371272356075468,0.9680533227087994,0.7958413738045037,0.7691484867911315,0.9338491274221912,3.041308906498848,1.849535927765986,1.72735105577311,2.4353616903801405,0.9646670338459267,0.7968888888888889,2.958927946906899,0.1,6.499711546602053,30.70064032410262,73.29756306899773,0.7968888888888889,2.958927946906899,0.1,PSBPM-FD (predictiva bayesiana)
327,356,341,train,30,False,0.9133116773588408,0.9556734156388577,0.7879902566184521,0.7540081323069099,0.9161056924929637,3.041308906498848,1.8279517952214916,1.7047933918866096,2.4618070111016155,0.9585970243616714,0.804,2.962659315994268,0.13333333333333333,6.347895387727996,29.651668509515936,73.29756306899773,0.804,2.962659315994268,0.13333333333333333,PSBPM-FD (predictiva bayesiana)
328,357,342,train,30,False,0.9148612438708047,0.9564837917449541,0.781641549969854,0.7548476971889687,0.9171484795024302,3.041308906498848,1.8430008120115702,1.7181777348841902,2.482597770862405,0.9588750875006853,0.8062222222222222,2.9560032133030085,0.13333333333333333,6.392795204254138,30.173463847986888,73.29756306899773,0.8062222222222222,2.9560032133030085,0.13333333333333333,PSBPM-FD (predictiva bayesiana)
329,358,343,train,30,False,0.9126224798299815,0.9553127654490865,0.7766796764573828,0.7532010344109342,0.9142863654685729,3.041308906498848,1.8319985176362594,1.7094511246106727,2.4618132030721394,0.9570544836577921,0.8102222222222222,2.947157663380986,0.16666666666666666,6.343417986138554,29.618742620369957,73.29756306899773,0.8102222222222222,2.947157663380986,0.16666666666666666,PSBPM-FD (predictiva bayesiana)
330,359,344,train,30,False,0.9675826525356466,0.9836577923930896,0.8025580682592672,0.7757863497263161,0.9396788865827067,3.041308906498848,1.8720481977562726,1.7483301714206714,2.4531273887782943,0.9552904412993172,0.8102222222222222,2.9506663408702134,0.16666666666666666,6.346995926257564,29.628492415369713,73.29756306899773,0.8102222222222222,2.9506663408702134,0.16666666666666666,PSBPM-FD (predictiva bayesiana)
331,360,345,train,30,False,0.9351396913955323,0.9670262102939776,0.8178263293223298,0.7638587201477223,0.9262056748999598,2.7878567845143216,1.832226942430576,1.7128484398909491,2.4420326536550854,0.9577875605030309,0.8142222222222222,2.9570865332008753,0.16666666666666666,6.110239808101849,27.987499073787813,58.36157460433441,0.8142222222222222,2.9570865332008753,0.16666666666666666,PSBPM-FD (predictiva bayesiana)
332,361,346,train,30,False,0.9201929736993975,0.9592668938827178,0.8191633135797339,0.7543286978359711,0.9185273563640524,2.7878567845143216,1.8160503375369568,1.7000828794199516,2.451123817031359,0.9575305498621259,0.8097777777777778,2.9528832346652636,0.13333333333333333,6.12989158047058,28.319192244257362,58.36157460433441,0.8097777777777778,2.9528832346652636,0.13333333333333333,PSBPM-FD (predictiva bayesiana)
333,362,347,train,30,False,0.9436906904209617,0.9714374351552248,0.8326433048362275,0.7633188272574927,0.9319560972825551,2.7878567845143216,1.8500084234888292,1.7336684441567356,2.4679111073723683,0.9593578171440748,0.8168888888888889,2.957345143674614,0.13333333333333333,6.071318308127078,27.892039759618285,58.36157460433441,0.8168888888888889,2.957345143674614,0.13333333333333333,PSBPM-FD (predictiva bayesiana)
334,363,348,train,30,False,0.9480578935440446,0.9736826451899225,0.8351406297471391,0.7674017630049891,0.9353375567377585,2.7878567845143216,1.8567053756273464,1.7399423910390235,2.4639294367394475,0.9606184944944925,0.8182222222222222,2.956427463296025,0.13333333333333333,6.036460440284494,27.43109175457526,58.36157460433441,0.8182222222222222,2.956427463296025,0.13333333333333333,PSBPM-FD (predictiva bayesiana)
335,364,349,train,30,False,0.9495138984615069,0.9744300377459159,0.8343375041751196,0.7669276719900958,0.9360837779335658,2.7878567845143216,1.8565944674676575,1.741180921379094,2.464898950110376,0.9606474982020732,0.8115555555555556,2.948238925455345,0.13333333333333333,6.21712358400986,28.079614528562413,58.36157460433441,0.8115555555555556,2.948238925455345,0.13333333333333333,PSBPM-FD (predictiva bayesiana)
336,365,350,train,30,False,0.9097011021110128,0.9537825234879348,0.7992569961569715,0.7463510640725598,0.9139101040496053,2.7878567845143216,1.825463804038548,1.7096179607250912,2.491906927058618,0.9581954811957362,0.8173333333333334,2.917344211735659,0.13333333333333333,5.990280412653576,27.416607321430938,58.36157460433441,0.8173333333333334,2.917344211735659,0.13333333333333333,PSBPM-FD (predictiva bayesiana)
337,366,351,train,30,False,0.91743765413532,0.9578296582040671,0.8010978280169069,0.7528053373568432,0.9201620294794185,2.7878567845143216,1.8364072236261166,1.7178724933810725,2.481511327743742,0.9606739795515672,0.8146666666666667,2.8863462313876695,0.13333333333333333,5.977981050329915,27.268075236494813,58.36157460433441,0.8146666666666667,2.8863462313876695,0.13333333333333333,PSBPM-FD (predictiva bayesiana)
338,367,352,train,30,False,0.973977252929372,0.9869028589123511,0.8069355314396387,0.7777978451303753,0.9449333310626178,2.84529174789629,1.8688934069170053,1.754317768605655,2.4427938608045934,0.9574734965344135,0.8093333333333333,2.8882859651661064,0.13333333333333333,6.278528858751552,27.883265418736393,60.165032751695506,0.8093333333333333,2.8882859651661064,0.13333333333333333,PSBPM-FD (predictiva bayesiana)
339,368,353,train,30,False,0.9648741995261507,0.982280102377194,0.7859774352654079,0.7705377065797213,0.9405655837973032,2.84529174789629,1.8799427024581417,1.7647125651025033,2.47542072057478,0.9575329699960954,0.8106666666666666,2.9052815012053794,0.13333333333333333,6.308057506256401,27.985102106155317,60.165032751695506,0.8106666666666666,2.9052815012053794,0.13333333333333333,PSBPM-FD (predictiva bayesiana)
340,369,354,train,30,False,0.9565066512087976,0.9780115803040359,0.7821089495085426,0.7652474331603272,0.9340552683474456,2.84529174789629,1.8642782580745432,1.7511437612455985,2.4680178793935457,0.9550554279296718,0.8106666666666666,2.9368644009857023,0.13333333333333333,6.309724591451432,27.729568714759548,60.165032751695506,0.8106666666666666,2.9368644009857023,0.13333333333333333,PSBPM-FD (predictiva bayesiana)
341,370,355,train,30,False,0.941180596010767,0.9701446263371081,0.7829165096431573,0.7579575822475131,0.9232266112807496,2.84529174789629,1.8444304039924417,1.7318381278121384,2.464439689986426,0.9516381230358376,0.8,2.9205467474828475,0.1,6.3766048099548955,28.20300524919335,60.165032751695506,0.8,2.9205467474828475,0.1,PSBPM-FD (predictiva bayesiana)
342,371,356,train,30,False,0.9224224591373639,0.9604282686059193,0.7608779028866064,0.7508984375324955,0.9151088581980097,2.84529174789629,1.832172888557303,1.719236473259401,2.4688000114025854,0.9528133314175647,0.7977777777777778,2.9208143325567555,0.1,6.546377312687812,28.948697362817914,60.165032751695506,0.7977777777777778,2.9208143325567555,0.1,PSBPM-FD (predictiva bayesiana)
343,372,357,train,30,False,0.8700664829006409,0.9327735432036229,0.7770965105239921,0.7319943479383865,0.8907019216189384,2.84529174789629,1.7917915635318618,1.6790782266934143,2.477002718483541,0.954896210456196,0.8013333333333333,2.9188867747100176,0.1,6.465259938019208,28.500094369962124,60.165032751695506,0.8013333333333333,2.9188867747100176,0.1,PSBPM-FD (predictiva bayesiana)
344,373,358,train,30,False,0.8481037509937006,0.9209254861245293,0.7759370965388516,0.7193018018682777,0.8748874363140884,2.84529174789629,1.7469168656501237,1.6386629393654026,2.4524301310931023,0.9500089306853915,0.808,2.9017459425795304,0.13333333333333333,6.350554719885067,27.451213424778192,60.165032751695506,0.808,2.9017459425795304,0.13333333333333333,PSBPM-FD (predictiva bayesiana)
345,374,359,train,30,False,0.8477145764557267,0.9207141665336352,0.7564324475830542,0.7206612605345702,0.874683061077442,2.84529174789629,1.7517855807464922,1.6413552096049824,2.454125064573415,0.9500049992393468,0.8177777777777778,2.932874807688149,0.16666666666666666,6.152819332189171,26.298047397525654,60.165032751695506,0.8177777777777778,2.932874807688149,0.16666666666666666,PSBPM-FD (predictiva bayesiana)
346,375,360,train,30,False,0.8444785215531424,0.9189551248854007,0.7650902086163653,0.721288437796068,0.8726853163783849,2.84529174789629,1.7375036425542518,1.627807862985225,2.4315081939068564,0.9496495451692639,0.8217777777777778,2.9305122464208657,0.2,6.085325729567874,25.514698396196025,60.165032751695506,0.8217777777777778,2.9305122464208657,0.2,PSBPM-FD (predictiva bayesiana)
347,376,361,train,30,False,0.8918239415985052,0.9443643055508321,0.8154868723714481,0.7404388618370192,0.8969030316761424,2.84529174789629,1.7822670551550879,1.6700283939995826,2.442017989298928,0.9497426219990321,0.8088888888888889,2.9386015374111527,0.2,6.3391395660368035,26.6008693483013,60.165032751695506,0.8088888888888889,2.9386015374111527,0.2,PSBPM-FD (predictiva bayesiana)
348,377,362,train,30,False,0.8583935350932244,0.9264952968543468,0.8720114615016404,0.7223755468120534,0.8771731216734298,2.84529174789629,1.7503801892141775,1.6394788304157026,2.456107587397017,0.9467647862343429,0.8151111111111111,2.9497347436513133,0.23333333333333334,6.28551381595849,25.79400043679519,60.165032751695506,0.8151111111111111,2.9497347436513133,0.23333333333333334,PSBPM-FD (predictiva bayesiana)
349,378,363,train,30,False,0.8525806070858533,0.9233529157834794,0.8715358009231522,0.7209695735517119,0.8740739547382551,2.84529174789629,1.7443151089695081,1.6325702343016792,2.4524756417881055,0.9466304159516187,0.8173333333333334,2.957901740054186,0.23333333333333334,6.17918213750663,25.001037085534833,60.165032751695506,0.8173333333333334,2.957901740054186,0.23333333333333334,PSBPM-FD (predictiva bayesiana)
350,379,364,train,30,False,0.8488726404580913,0.9213428463162295,0.866558162889987,0.7202946301293641,0.8713937231031218,2.84529174789629,1.738569377925945,1.626997729559312,2.445215247394924,0.94578660548262,0.8213333333333334,2.9624229866232104,0.26666666666666666,6.147648276297329,24.570608297016452,60.165032751695506,0.8213333333333334,2.9624229866232104,0.26666666666666666,PSBPM-FD (predictiva bayesiana)
351,380,365,train,30,False,0.8143677237693171,0.9024232509024339,0.8563094315600916,0.7051954146323814,0.854493564726322,2.84529174789629,1.7140175124986523,1.6025551542140315,2.4595222673632535,0.9468877977953453,0.8222222222222222,2.968479777546289,0.26666666666666666,6.025566822182212,24.33367061826457,60.165032751695506,0.8222222222222222,2.968479777546289,0.26666666666666666,PSBPM-FD (predictiva bayesiana)
352,381,366,train,30,False,0.7841960679856369,0.8855484560348106,0.8352981394785752,0.6968051791903349,0.837943207975896,2.84529174789629,1.6638331779970066,1.557347449033304,2.4207115467844633,0.9462420743500871,0.8257777777777778,2.962946844932002,0.26666666666666666,5.843762376517185,23.40188178889733,60.165032751695506,0.8257777777777778,2.962946844932002,0.26666666666666666,PSBPM-FD (predictiva bayesiana)
353,382,367,train,30,False,0.7680358257727824,0.8763765319614523,0.8334908509720665,0.6893431417368098,0.8272691119871306,2.84529174789629,1.6426257780993616,1.5350693564538003,2.414903397348403,0.9439653868133456,0.8266666666666667,2.9608188785056893,0.26666666666666666,5.75846353190539,22.665134318584652,60.165032751695506,0.8266666666666667,2.9608188785056893,0.26666666666666666,PSBPM-FD (predictiva bayesiana)
354,383,368,train,30,False,0.737971579147971,0.8590527219839135,0.8260597956179465,0.6780870343039365,0.8111679078072984,2.84529174789629,1.6115488612175433,1.5044894420426158,2.406141916881433,0.9442585851238223,0.8311111111111111,2.9639719100498803,0.26666666666666666,5.590245497183664,21.82859031813742,60.165032751695506,0.8311111111111111,2.9639719100498803,0.26666666666666666,PSBPM-FD (predictiva bayesiana)
355,384,369,train,30,False,0.7068046326000609,0.8407167374330434,0.7998267208083312,0.6608209616510765,0.7869025891649059,2.84529174789629,1.5468717962607894,1.446054364275746,2.365092452083686,0.9359901547429066,0.8364444444444444,2.9565565651633983,0.3,5.440579273908126,20.378724550721667,60.165032751695506,0.8364444444444444,2.9565565651633983,0.3,PSBPM-FD (predictiva bayesiana)
356,385,370,train,30,False,0.7200074899484012,0.8485325509068,0.8095105722198986,0.6687632005819567,0.7941905863994855,2.84529174789629,1.5526760939741793,1.4541349431878807,2.344255790731928,0.9359577137621403,0.8368888888888889,2.949486148029928,0.3,5.426300754713432,20.271563334882895,60.165032751695506,0.8368888888888889,2.949486148029928,0.3,PSBPM-FD (predictiva bayesiana)
357,386,371,train,30,False,0.7527639403439612,0.8676196979921337,0.7899368512122382,0.6888308228018318,0.8163864486596797,2.84529174789629,1.5796037760095532,1.4823622093667685,2.312919258183602,0.9409496471195626,0.8324444444444444,2.934789445259867,0.26666666666666666,5.425504877092991,20.498276114004423,60.165032751695506,0.8324444444444444,2.934789445259867,0.26666666666666666,PSBPM-FD (predictiva bayesiana)
358,387,372,train,30,False,0.7543687372643884,0.8685440330025809,0.7919944325167804,0.6889427859830569,0.8174228963535181,2.84529174789629,1.5785627746121222,1.4800090515036664,2.310846352294007,0.9411415717492921,0.8333333333333334,2.9283846025131126,0.26666666666666666,5.3583796553753436,20.21835684800117,60.165032751695506,0.8333333333333334,2.9283846025131126,0.26666666666666666,PSBPM-FD (predictiva bayesiana)
359,388,373,train,30,False,0.777182103537364,0.8815793234515905,0.7854651871108813,0.7034647433266039,0.8357360397542489,2.84529174789629,1.6254486335714837,1.5207138506087543,2.3283457421456952,0.9479986854525415,0.828,2.9280462092764985,0.23333333333333334,5.413939285620315,21.012528323580465,60.165032751695506,0.828,2.9280462092764985,0.23333333333333334,PSBPM-FD (predictiva bayesiana)
360,389,374,train,30,False,0.7116042832616387,0.8435664071438826,0.7711647695431535,0.6726410420657445,0.8008435287167445,2.84529174789629,1.5723681911534582,1.4683141616802995,2.3535421030485817,0.9493544573784205,0.828,2.9222271187561564,0.23333333333333334,5.407901537268688,20.994999417612593,60.165032751695506,0.828,2.9222271187561564,0.23333333333333334,PSBPM-FD (predictiva bayesiana)
361,390,375,train,30,False,0.7141885663776297,0.8450967792966849,0.7312077998203508,0.6727892610882583,0.8021092570740234,2.84529174789629,1.5818219927544444,1.4755123726687103,2.364539474565573,0.9491330185183795,0.8288888888888889,2.9175359562096808,0.23333333333333334,5.406029324901389,21.12444519251961,60.165032751695506,0.8288888888888889,2.9175359562096808,0.23333333333333334,PSBPM-FD (predictiva bayesiana)
362,391,376,train,30,False,0.7298718660962255,0.8543253865455629,0.7494411873132876,0.6825445353068872,0.810124365539744,2.84529174789629,1.589069910151419,1.4822228650201812,2.3455030929918923,0.9482620770704892,0.828,2.9114553993666648,0.23333333333333334,5.421552632389677,21.321214422615636,60.165032751695506,0.828,2.9114553993666648,0.23333333333333334,PSBPM-FD (predictiva bayesiana)
363,392,377,train,30,False,0.7059635752985666,0.8402163859974207,0.7424451211282826,0.6738417990045528,0.7963887079993832,2.84529174789629,1.5481119230283966,1.445427675031147,2.31592526600966,0.9478376300100246,0.8293333333333334,2.9078876657443016,0.26666666666666666,5.415041059116559,21.198167189462975,60.165032751695506,0.8293333333333334,2.9078876657443016,0.26666666666666666,PSBPM-FD (predictiva bayesiana)
364,393,378,train,30,False,0.7194269128541393,0.8481903753604725,0.7426525748915894,0.681772109617708,0.8046013749882434,2.84529174789629,1.5508029208472485,1.4512365149157784,2.299470921761628,0.9486094140673264,0.82,2.912049606270105,0.26666666666666666,5.514040749704683,21.69980520244692,60.165032751695506,0.82,2.912049606270105,0.26666666666666666,PSBPM-FD (predictiva bayesiana)
365,394,379,train,30,False,0.6938326665543194,0.8329661857208367,0.7466995329825671,0.6659521443469498,0.7868343285407673,2.84529174789629,1.5196138993202724,1.4222835414156976,2.3021289509379406,0.9446173710639315,0.8373333333333334,2.9471532751763654,0.26666666666666666,5.225164492892958,20.586790208543597,60.165032751695506,0.8373333333333334,2.9471532751763654,0.26666666666666666,PSBPM-FD (predictiva bayesiana)
366,395,380,train,30,False,0.7047245606387781,0.8394787434109205,0.7447711673950929,0.6750482312290902,0.7947905668281746,2.84529174789629,1.5276440422836235,1.4310201221494236,2.2763257081133133,0.9467667562359332,0.8404444444444444,2.9789188809331715,0.26666666666666666,5.190136871855881,20.294501570750118,60.165032751695506,0.8404444444444444,2.9789188809331715,0.26666666666666666,PSBPM-FD (predictiva bayesiana)
367,396,381,train,30,False,0.6948705623028018,0.8335889648398674,0.7540465608268065,0.6674408211808874,0.7863899267705234,2.84529174789629,1.5064487518022007,1.413037554282972,2.2686265548748117,0.9433785233968267,0.8444444444444444,3.0116080817715782,0.26666666666666666,5.172386071890255,19.96657684957648,60.165032751695506,0.8444444444444444,3.0116080817715782,0.26666666666666666,PSBPM-FD (predictiva bayesiana)
368,397,382,train,30,False,0.6295255686708069,0.7934264733866692,0.7216595866624664,0.6376507506471942,0.7550599932210229,2.3003967710235025,1.4539652162284566,1.358109270780725,2.2977296391527062,0.9516445676410538,0.8577777777777778,3.0141787399867965,0.3,4.744954206066255,18.070752661339544,56.90130674605889,0.8577777777777778,3.0141787399867965,0.3,PSBPM-FD (predictiva bayesiana)
369,398,383,train,30,False,0.6348994198471902,0.7968057604254567,0.7643096919182045,0.6423763024048313,0.7577040303351332,2.3003967710235025,1.4404829323507176,1.3444817444633776,2.2677392412732558,0.9509268983328572,0.8608888888888889,2.9996716400147934,0.3,4.698734517118383,18.06660414239757,56.90130674605889,0.8608888888888889,2.9996716400147934,0.3,PSBPM-FD (predictiva bayesiana)
370,399,384,train,30,False,0.6670057771725394,0.8167042164532637,0.7735472373801167,0.6569864402887138,0.7769574324496378,2.312111131919232,1.4847704845132113,1.3859119906115154,2.28304238700171,0.9513327062565735,0.856,2.9691332319456465,0.3,4.789763842186742,18.666397287696704,56.90130674605889,0.856,2.9691332319456465,0.3,PSBPM-FD (predictiva bayesiana)
371,400,385,train,30,False,0.678490170902015,0.8237051480366109,0.7830870334457225,0.6652048595920896,0.785487375495517,2.312111131919232,1.4995434909099978,1.3959221106849335,2.276066892633426,0.9536026056991509,0.8631111111111112,2.985663834981103,0.3,4.76019907032393,18.774836464161908,56.90130674605889,0.8631111111111112,2.985663834981103,0.3,PSBPM-FD (predictiva bayesiana)
372,401,386,train,30,False,0.689321883594783,0.8302541078457745,0.8005459776452392,0.6696253090141806,0.7903797617070392,2.3449155158719552,1.5098799826391966,1.4051178505300896,2.275823150255378,0.9519733226708199,0.8693333333333333,2.9914633726124755,0.3,4.57309628236443,17.95036156680109,43.86642109911309,0.8693333333333333,2.9914633726124755,0.3,PSBPM-FD (predictiva bayesiana)
373,402,387,train,30,False,0.6858837828685068,0.8281810085171639,0.8132936332339497,0.6681821764681388,0.7878057521679904,2.3449155158719552,1.4975950861049256,1.3935637924250663,2.2605163693346304,0.9512482706872688,0.8751111111111111,2.987407882058269,0.3333333333333333,4.438308907817581,16.72814590886586,43.86642109911309,0.8751111111111111,2.987407882058269,0.3333333333333333,PSBPM-FD (predictiva bayesiana)
374,403,388,train,30,False,0.6978684340118722,0.835385200977293,0.8164861222000002,0.677109087926845,0.7977007126817417,2.3449155158719552,1.5157388942018233,1.4104812192942178,2.260437691120372,0.9548896865165134,0.8711111111111111,2.9884778245253902,0.3,4.476401234306376,17.271572869807205,43.86642109911309,0.8711111111111111,2.9884778245253902,0.3,PSBPM-FD (predictiva bayesiana)
375,404,389,train,30,False,0.681051699030562,0.8252585649543795,0.810717857438782,0.6687495836416283,0.7870468917214946,2.3449155158719552,1.4862901570629021,1.383760288834037,2.2467601252484717,0.9536973321385676,0.8711111111111111,2.98692127012182,0.3,4.4746993365410415,17.264765049308263,43.86642109911309,0.8711111111111111,2.98692127012182,0.3,PSBPM-FD (predictiva bayesiana)
376,405,390,train,30,False,0.6849510951927388,0.8276177228604634,0.8141850885672784,0.6710382296872679,0.789436786165598,2.3449155158719552,1.4956231368812922,1.3908512764152534,2.2537182378705647,0.9538664583415372,0.8711111111111111,2.996863946543489,0.3,4.484756555272968,17.280863650182607,43.86642109911309,0.8711111111111111,2.996863946543489,0.3,PSBPM-FD (predictiva bayesiana)
377,406,391,train,30,False,0.7050321229701755,0.8396619099198055,0.7962169762332271,0.6810766798270182,0.7963852920023822,2.4690627192189356,1.5012453351544732,1.394716207895765,2.243417230470882,0.9484594723112348,0.8688888888888889,2.995139750729522,0.3,4.531594268602477,17.181092701670366,40.87329264374595,0.8688888888888889,2.995139750729522,0.3,PSBPM-FD (predictiva bayesiana)
378,407,392,train,30,False,0.7060015513502247,0.8402389846646159,0.7662602899754101,0.6818947678946821,0.7972445000387796,2.4690627192189356,1.4990951326298798,1.395109936267876,2.234653683842139,0.948830647696027,0.8511111111111112,2.9179972864633115,0.26666666666666666,4.673840934493624,18.011324568462467,40.87329264374595,0.8511111111111112,2.9179972864633115,0.26666666666666666,PSBPM-FD (predictiva bayesiana)
379,408,393,train,30,False,0.6921034372991584,0.8319275432987889,0.7498653058843986,0.6730199114976442,0.7880145946732398,2.4690627192189356,1.4799974769533155,1.3784675398699586,2.2351544303356663,0.947215416800093,0.8377777777777777,2.8386260672384975,0.26666666666666666,4.823750335922528,18.550941203893895,40.87329264374595,0.8377777777777777,2.8386260672384975,0.26666666666666666,PSBPM-FD (predictiva bayesiana)
380,409,394,train,30,False,0.6947363976067837,0.8335084868234899,0.7400027231032764,0.6739922981802514,0.7899490627475234,2.4690627192189356,1.480297856733057,1.3813546447712681,2.2315052143589678,0.9477396754027402,0.8297777777777777,2.796158496792894,0.23333333333333334,4.9615093865202535,19.652121226276815,40.87329264374595,0.8297777777777777,2.796158496792894,0.23333333333333334,PSBPM-FD (predictiva bayesiana)
381,410,395,train,30,False,0.6785869407516179,0.8237638865303685,0.7308859157751909,0.6610927619596839,0.7751377888683327,2.4690627192189356,1.4554418980848471,1.35741105212227,2.2709504400960934,0.9409708310146429,0.8377777777777777,2.791369134289057,0.23333333333333334,4.807750653565464,18.62981058476214,40.87329264374595,0.8377777777777777,2.791369134289057,0.23333333333333334,PSBPM-FD (predictiva bayesiana)
382,411,396,train,30,False,0.6889195772114163,0.8300117934170672,0.7236728664087133,0.6673479136366619,0.7818946108563576,2.4690627192189356,1.45953307850938,1.3621889271927006,2.2592176114270957,0.9420283146066919,0.8422222222222222,2.7925544958120314,0.23333333333333334,4.745674241812671,18.085577041631215,40.87329264374595,0.8422222222222222,2.7925544958120314,0.23333333333333334,PSBPM-FD (predictiva bayesiana)
383,412,397,train,30,False,0.7028563093031721,0.8383652600765207,0.7303148953907439,0.6771457543960998,0.7913314109363719,2.4690627192189356,1.4700634717624292,1.3727927042499506,2.2446484396241138,0.9438981415620015,0.8422222222222222,2.801668860044072,0.23333333333333334,4.743763336250369,17.831185164437112,40.87329264374595,0.8422222222222222,2.801668860044072,0.23333333333333334,PSBPM-FD (predictiva bayesiana)
384,413,398,train,30,False,0.7043099225610167,0.8392317454440201,0.7275626987350841,0.6765063212264278,0.7923587084205822,2.4690627192189356,1.4875429330624457,1.3872663703299917,2.27718051361068,0.9441476835476018,0.8475555555555555,2.7744549926582516,0.26666666666666666,4.691342487991656,17.523198429263278,40.87329264374595,0.8475555555555555,2.7744549926582516,0.26666666666666666,PSBPM-FD (predictiva bayesiana)
385,414,399,train,30,False,0.7121764697153635,0.843905486245565,0.7295897797610986,0.6837506818979605,0.8017453035404059,2.4690627192189356,1.5150362521945016,1.4106283670413207,2.306536038112255,0.9500415823900792,0.8475555555555555,2.756713683293201,0.26666666666666666,4.673538140368198,17.5044326839513,40.87329264374595,0.8475555555555555,2.756713683293201,0.26666666666666666,PSBPM-FD (predictiva bayesiana)
386,415,400,train,30,False,0.6962540690296835,0.834418401660512,0.7321508970445415,0.6757135679302105,0.7926913348745727,2.4690627192189356,1.4951636762435967,1.3919525033935758,2.304676322241955,0.9499926335482277,0.8466666666666667,2.7599756539026274,0.26666666666666666,4.674858737667372,17.42171018551811,40.87329264374595,0.8466666666666667,2.7599756539026274,0.26666666666666666,PSBPM-FD (predictiva bayesiana)
387,416,401,train,30,False,0.6808022392188912,0.8251074107162601,0.7396976396143093,0.6677540396879655,0.7845474327831902,2.4690627192189356,1.4877056660990606,1.3844998081648205,2.315268309639548,0.9508427903976033,0.8448888888888889,2.754392704380159,0.26666666666666666,4.704126552066089,17.63850501338074,40.87329264374595,0.8448888888888889,2.754392704380159,0.26666666666666666,PSBPM-FD (predictiva bayesiana)
388,417,402,train,30,False,0.6665926124517924,0.8164512309083699,0.72919244634017,0.6593632410451018,0.7730323804562725,2.4690627192189356,1.4564509599203106,1.3558855451603624,2.2910385773575013,0.946820031854456,0.8493333333333334,2.757634641873443,0.26666666666666666,4.636283152210679,16.828236268627503,40.87329264374595,0.8493333333333334,2.757634641873443,0.26666666666666666,PSBPM-FD (predictiva bayesiana)
389,418,403,train,30,False,0.6693039113411159,0.8181099628663104,0.7264791163830108,0.6637801842150183,0.7745064306752115,2.4690627192189356,1.4453639280995179,1.3470403236133526,2.2634460731535646,0.9467021131996356,0.8457777777777777,2.7588589660952696,0.26666666666666666,4.7027440384518435,17.00969047370231,40.87329264374595,0.8457777777777777,2.7588589660952696,0.26666666666666666,PSBPM-FD (predictiva bayesiana)
390,419,404,train,30,False,0.6887550110668953,0.8299126526730962,0.7189694219662859,0.6782324697111922,0.7896281669164761,2.4690627192189356,1.4663147184797876,1.3667804763692388,2.23900732243043,0.9514593666853176,0.8426666666666667,2.7578050796270577,0.23333333333333334,4.725309666959111,17.382161563833694,40.87329264374595,0.8426666666666667,2.7578050796270577,0.23333333333333334,PSBPM-FD (predictiva bayesiana)
391,420,405,train,30,False,0.6680240783151563,0.8173273997090494,0.7349718032474425,0.6710762647274868,0.7775586048668185,2.4690627192189356,1.4319956968540772,1.3355202492870615,2.213079364988225,0.9513428830889705,0.8444444444444444,2.762501278824794,0.23333333333333334,4.703975059887516,17.23051326058073,40.87329264374595,0.8444444444444444,2.762501278824794,0.23333333333333334,PSBPM-FD (predictiva bayesiana)
392,421,406,train,30,False,0.6409884389845433,0.8006175360211287,0.7189469689944022,0.6565547446641921,0.7619105135543279,2.4690627192189356,1.4117594222570573,1.315347409206389,2.230936181977489,0.9516535415160088,0.8457777777777777,2.7596017965050414,0.23333333333333334,4.684166258418181,17.112133351656862,40.87329264374595,0.8457777777777777,2.7596017965050414,0.23333333333333334,PSBPM-FD (predictiva bayesiana)
393,422,407,train,30,False,0.6365863485572544,0.7978636152609382,0.7028975094837666,0.6529638643313034,0.7583031594383118,2.4690627192189356,1.4040953725517717,1.3076053547551525,2.2284254490956923,0.9504170198189972,0.8431111111111111,2.757133781807911,0.2,4.692066823074485,17.295179939163777,40.87329264374595,0.8431111111111111,2.757133781807911,0.2,PSBPM-FD (predictiva bayesiana)
394,423,408,train,30,False,0.6222681620484447,0.7888397568888403,0.6852075176507791,0.6432247981551596,0.7494684662131252,2.4690627192189356,1.403037827288076,1.3045304205678618,2.2544864210290103,0.9500896217110123,0.8488888888888889,2.779274749080133,0.2,4.672370261984735,17.474750873960705,40.87329264374595,0.8488888888888889,2.779274749080133,0.2,PSBPM-FD (predictiva bayesiana)
395,424,409,train,30,False,0.6233553042598465,0.7895285328978596,0.679633826423898,0.6443493783206236,0.7506223596229984,2.4690627192189356,1.4045739158739712,1.3063698776236403,2.2525069994563034,0.95072227075561,0.8488888888888889,2.777351202317203,0.2,4.671867821738506,17.490973883181752,40.87329264374595,0.8488888888888889,2.777351202317203,0.2,PSBPM-FD (predictiva bayesiana)
396,425,410,train,30,False,0.6408419887986262,0.8005260700305932,0.7174179207919982,0.6496255643329615,0.759894978080596,2.4690627192189356,1.4151904161587796,1.320227313052363,2.2518346749912657,0.9492445112394099,0.84,2.780490370499384,0.2,4.8779812755679,18.25669885237247,40.87329264374595,0.84,2.780490370499384,0.2,PSBPM-FD (predictiva bayesiana)
397,426,411,train,30,False,0.6441602076281462,0.8025959180236005,0.712994684692076,0.651800964756324,0.7631522687114091,2.4690627192189356,1.4261994113766219,1.3290137273209686,2.265576651253974,0.9508549091436674,0.8315555555555556,2.7547176396521844,0.2,4.9595141562730864,18.754238622422616,40.87329264374595,0.8315555555555556,2.7547176396521844,0.2,PSBPM-FD (predictiva bayesiana)
398,427,412,train,30,False,0.6450472701985773,0.8031483488114617,0.7271527895272053,0.654815242930836,0.7639113633634724,2.4690627192189356,1.4200136779193242,1.3241908300239096,2.235348112838122,0.9511460298635314,0.8195555555555556,2.742072548766724,0.16666666666666666,5.036071439281337,19.405778244836466,40.87329264374595,0.8195555555555556,2.742072548766724,0.16666666666666666,PSBPM-FD (predictiva bayesiana)
399,428,413,train,30,False,0.6184599452709223,0.7864222436267443,0.7085133349307356,0.6402021238650026,0.7474907666552354,2.4690627192189356,1.4048996104453872,1.306328180460452,2.2650387304402715,0.9504954529363658,0.8182222222222222,2.709278338405614,0.16666666666666666,5.000016321503642,19.440842480838334,40.87329264374595,0.8182222222222222,2.709278338405614,0.16666666666666666,PSBPM-FD (predictiva bayesiana)
400,429,414,train,30,False,0.5891589094171078,0.7675668761854616,0.7320222769767522,0.6260082928513445,0.7306508153071266,2.4690627192189356,1.374491680726783,1.2760628727053152,2.276503293651408,0.951905088633065,0.8217777777777778,2.7076436541326756,0.16666666666666666,4.888241325335915,18.636734962260444,40.87329264374595,0.8217777777777778,2.7076436541326756,0.16666666666666666,PSBPM-FD (predictiva bayesiana)
401,430,415,train,30,False,0.5762278953989403,0.759096762869491,0.7299791060856047,0.6162343558415804,0.7207419519930109,2.4690627192189356,1.3630499717454458,1.2678053872613464,2.3007825468923007,0.9494730938760777,0.82,2.7185276091891444,0.16666666666666666,4.898383340088825,18.554411843446587,40.87329264374595,0.82,2.7185276091891444,0.16666666666666666,PSBPM-FD (predictiva bayesiana)
402,431,416,train,30,False,0.6224890550927815,0.7889797558193629,0.7083820175420897,0.6345780540976051,0.7369850108200617,2.6538357458865898,1.3733473127459332,1.2799745072722615,2.278964096933717,0.9340987590419173,0.8191111111111111,2.714701299098527,0.16666666666666666,4.901900499030276,18.690903215193945,40.87329264374595,0.8191111111111111,2.714701299098527,0.16666666666666666,PSBPM-FD (predictiva bayesiana)
403,432,417,train,30,False,0.6251994175554874,0.790695527719417,0.7081324813779049,0.633499369944074,0.7390382007237241,2.6538357458865898,1.385650010022048,1.2910107245720281,2.307084194574432,0.934668497310606,0.8182222222222222,2.7217330864675136,0.13333333333333333,4.913197802099362,18.862754825381405,40.87329264374595,0.8182222222222222,2.7217330864675136,0.13333333333333333,PSBPM-FD (predictiva bayesiana)
404,433,418,train,30,False,0.6887168304293158,0.8298896495494541,0.6698071668649038,0.6570906328671364,0.7663348075095355,3.08883330367519,1.4437939085603986,1.347325635337763,2.314476340923099,0.9234177193625412,0.8106666666666666,2.7195765621727332,0.13333333333333333,5.169967363511253,19.945233858915124,52.31394582689342,0.8106666666666666,2.7195765621727332,0.13333333333333333,PSBPM-FD (predictiva bayesiana)
405,434,419,train,30,False,0.7333715915085466,0.8563711762480954,0.6593007051979994,0.6757606083440116,0.7892707525795485,3.08883330367519,1.48544881695075,1.3883763990341729,2.3140045005273313,0.9216456303883029,0.8017777777777778,2.7192588746182413,0.1,5.337269885877163,20.99647267491059,52.31394582689342,0.8017777777777778,2.7192588746182413,0.1,PSBPM-FD (predictiva bayesiana)
406,435,420,train,30,False,0.7305155810486513,0.8547020422630633,0.6541134982481435,0.6713171637821809,0.7875413391212465,3.08883330367519,1.4910431076686692,1.3942531139007313,2.3365202605634083,0.9214220865039819,0.7928888888888889,2.7640624170385095,0.06666666666666667,5.542927739441083,22.098020577672614,52.31394582689342,0.7928888888888889,2.7640624170385095,0.06666666666666667,PSBPM-FD (predictiva bayesiana)
407,436,421,train,30,False,0.6609068156992703,0.8129617553730744,0.5950476347761996,0.6388666772823982,0.7545140699947364,3.08883330367519,1.4524555477603471,1.3545531975771223,2.3741136705983545,0.9281052460438118,0.8071111111111111,2.8035231851023728,0.06666666666666667,5.334638696297884,21.683410471931925,52.31394582689342,0.8071111111111111,2.8035231851023728,0.06666666666666667,PSBPM-FD (predictiva bayesiana)
408,437,422,train,30,False,0.6596113873849173,0.8121646307152985,0.6025704242203263,0.6352349494182365,0.7533567535888708,3.08883330367519,1.4593328869760573,1.3594383663180378,2.41466398247333,0.9275911866851012,0.8168888888888889,2.84004672321998,0.06666666666666667,5.29412236542793,21.77909079099025,52.31394582689342,0.8168888888888889,2.84004672321998,0.06666666666666667,PSBPM-FD (predictiva bayesiana)
409,438,423,train,30,False,0.6496212908356347,0.8059908751565583,0.598117413926895,0.6257804232003892,0.742174834507577,3.08883330367519,1.4403784676566995,1.3393510229841732,2.4224077808816977,0.9208228745311968,0.836,2.8757008172409195,0.1,5.077136894915806,20.909599468509633,52.31394582689342,0.836,2.8757008172409195,0.1,PSBPM-FD (predictiva bayesiana)
410,439,424,train,30,False,0.6752597990484879,0.8217419297130261,0.6063056858711409,0.6401869164880793,0.7561265329573281,3.08883330367519,1.4555792710583226,1.351653640796629,2.4038869607850892,0.9201508473851242,0.8306666666666667,2.90460824164386,0.1,5.151384336185914,21.163945062257383,52.31394582689342,0.8306666666666667,2.90460824164386,0.1,PSBPM-FD (predictiva bayesiana)
411,440,425,train,30,False,0.6795804108350759,0.8243666725645062,0.6015663410177714,0.6459764886536072,0.761482508397529,3.08883330367519,1.458961049458884,1.3543828313023965,2.357892037657918,0.9237182114951928,0.8328888888888889,2.8826106669104967,0.13333333333333333,5.122611131465709,21.017222623682265,52.31394582689342,0.8328888888888889,2.8826106669104967,0.13333333333333333,PSBPM-FD (predictiva bayesiana)
412,441,426,train,30,False,0.6869701556277371,0.8288366278270629,0.6177217733388165,0.6489392468838381,0.7654734116500891,3.08883330367519,1.4711703482663303,1.3676984402599606,2.3660222830397712,0.9235516215745782,0.8244444444444444,2.8768449138654395,0.13333333333333333,5.22529876872305,21.384019162389677,52.31394582689342,0.8244444444444444,2.8768449138654395,0.13333333333333333,PSBPM-FD (predictiva bayesiana)
413,442,427,train,30,False,0.670403340522244,0.8187816195556933,0.606884027748188,0.6374139493178548,0.753695674631521,3.08883330367519,1.4509959718663623,1.3498329233571011,2.3681112747043005,0.9205087860185591,0.8231111111111111,2.8501566280754695,0.13333333333333333,5.217616069656448,21.393822513095586,52.31394582689342,0.8231111111111111,2.8501566280754695,0.13333333333333333,PSBPM-FD (predictiva bayesiana)
414,443,428,train,30,False,0.6735345818233177,0.8206915265940777,0.6230864784138511,0.639378063246652,0.7557719634558875,3.08883330367519,1.4446309646357052,1.3462031366920528,2.3488146198478366,0.9208965110099155,0.8155555555555556,2.8731147228556995,0.1,5.41267621292443,22.778366564597434,52.31394582689342,0.8155555555555556,2.8731147228556995,0.1,PSBPM-FD (predictiva bayesiana)
415,444,429,train,30,False,0.667851840313081,0.8172220263264329,0.6351872173284359,0.6345860572395065,0.7497128736924487,3.08883330367519,1.4261954376537034,1.3305005643872507,2.33317119828928,0.9173919076343908,0.8151111111111111,2.889957791222363,0.06666666666666667,5.429635446185105,22.803758042688912,52.31394582689342,0.8151111111111111,2.889957791222363,0.06666666666666667,PSBPM-FD (predictiva bayesiana)
416,445,430,train,30,False,0.6592968612755578,0.8119709731730302,0.6499115435927711,0.6292820261990568,0.743069156054977,3.08883330367519,1.4139651878930062,1.3184161275350592,2.3328210655536616,0.9151425119930114,0.816,2.8990633049462406,0.06666666666666667,5.41595266744228,22.57800163331109,52.31394582689342,0.816,2.8990633049462406,0.06666666666666667,PSBPM-FD (predictiva bayesiana)
417,446,431,train,30,False,0.6525885060599723,0.8078295030883511,0.6534599170388158,0.6248428412631751,0.7386577699248709,3.08883330367519,1.4057961348366173,1.310869407236072,2.3355504761364347,0.9143733511848291,0.8137777777777778,2.914121579405334,0.06666666666666667,5.491572889451399,22.81212688709961,52.31394582689342,0.8137777777777778,2.914121579405334,0.06666666666666667,PSBPM-FD (predictiva bayesiana)
418,447,432,train,30,False,0.6888876545408452,0.8299925629430936,0.6819969425339018,0.6456128550520146,0.7616544329948383,3.08883330367519,1.4400069341318082,1.3432930864942663,2.331174606836566,0.9176641659222423,0.8053333333333333,2.9092126203684345,0.06666666666666667,5.695992835804836,24.056077773930767,52.31394582689342,0.8053333333333333,2.9092126203684345,0.06666666666666667,PSBPM-FD (predictiva bayesiana)
419,448,433,train,30,False,0.6702462041639161,0.8186856565031027,0.7428766723108411,0.6315974523376805,0.7493437958031249,3.08883330367519,1.4189014673993605,1.3254984987211118,2.3483460400905893,0.9153009947723264,0.8124444444444444,2.9068360490699607,0.06666666666666667,5.574983011125014,23.150155255874648,52.31394582689342,0.8124444444444444,2.9068360490699607,0.06666666666666667,PSBPM-FD (predictiva bayesiana)
420,449,434,train,30,False,0.7070401666782363,0.8408568050971796,0.7290241121633909,0.6434691706796418,0.7658134707878046,3.08883330367519,1.447675786783344,1.3542455526414048,2.3525868874823823,0.9107537289887282,0.8035555555555556,2.9050066835954786,0.06666666666666667,5.713488771957116,23.588606595348367,52.31394582689342,0.8035555555555556,2.9050066835954786,0.06666666666666667,PSBPM-FD (predictiva bayesiana)
421,450,435,train,30,False,0.7236140676963987,0.8506550815085975,0.7530740908944504,0.6502914600331698,0.775822960437599,3.08883330367519,1.478346313843851,1.3815581011730136,2.375109028232908,0.9120300075815839,0.8031111111111111,2.9209417367101542,0.06666666666666667,5.7710819122349415,23.89516460135477,52.31394582689342,0.8031111111111111,2.9209417367101542,0.06666666666666667,PSBPM-FD (predictiva bayesiana)
422,451,436,train,30,False,0.7507188014245885,0.8664403045937952,0.7610278120770939,0.6627843298130821,0.7915024852508172,3.08883330367519,1.5144415200616832,1.415133357620768,2.379701030909499,0.9135106954908909,0.7977777777777778,2.9202405832215317,0.06666666666666667,6.019204930085957,25.46115990654339,63.01947354714861,0.7977777777777778,2.9202405832215317,0.06666666666666667,PSBPM-FD (predictiva bayesiana)
423,452,437,train,30,False,0.7668962755385675,0.8757261418608945,0.7619543504135614,0.6718894183476805,0.8026794240474566,3.08883330367519,1.541288021093526,1.4385569826260969,2.394418463130678,0.916587259050854,0.7968888888888889,2.9259957212189005,0.06666666666666667,6.08053584884738,26.185572306580774,63.01947354714861,0.7968888888888889,2.9259957212189005,0.06666666666666667,PSBPM-FD (predictiva bayesiana)
424,453,438,train,30,False,0.8061078827901805,0.8978351089093033,0.7178469798770153,0.6856144114248877,0.8227180965641322,3.08883330367519,1.5817267347920714,1.4778504278899247,2.4017826588309976,0.9163354032385481,0.7982222222222223,2.9331347465212976,0.06666666666666667,6.1304858916729055,26.47352262910616,63.01947354714861,0.7982222222222223,2.9331347465212976,0.06666666666666667,PSBPM-FD (predictiva bayesiana)
425,454,439,train,30,False,0.8337633961201155,0.913106453881537,0.7173885452367673,0.698243146019686,0.8408896298659302,3.08883330367519,1.6180201887921895,1.5125537335122072,2.4145716572175795,0.9209108382613884,0.7915555555555556,2.9382708824024433,0.06666666666666667,6.244644445232779,26.9374565674478,63.01947354714861,0.7915555555555556,2.9382708824024433,0.06666666666666667,PSBPM-FD (predictiva bayesiana)
426,455,440,train,30,False,0.8592883153690555,0.9269780554948728,0.7324224603649182,0.7114334779594969,0.8512086112239617,3.08883330367519,1.6327428075467332,1.5245249052547982,2.404277519365659,0.9182618792087143,0.7893333333333333,2.928262005880061,0.06666666666666667,6.310159541430136,26.936046485192723,63.01947354714861,0.7893333333333333,2.928262005880061,0.06666666666666667,PSBPM-FD (predictiva bayesiana)
427,456,441,train,30,False,0.8621352309288223,0.9285123752157654,0.7312006182451416,0.7139427477569017,0.8536044044471364,3.08883330367519,1.6310222174820135,1.5233310859509155,2.389020219708855,0.9193247470167297,0.7906666666666666,2.944149366381682,0.06666666666666667,6.278810870180417,26.513249374423086,63.01947354714861,0.7906666666666666,2.944149366381682,0.06666666666666667,PSBPM-FD (predictiva bayesiana)
428,457,442,train,30,False,0.8639516468087144,0.9294899928502266,0.719269527462388,0.7153610123912152,0.8550746394541799,3.08883330367519,1.6340443213878755,1.5270587403332176,2.3890069123041706,0.9199395862586359,0.7986666666666666,2.948617722839531,0.06666666666666667,6.212117037013598,26.155051623955504,63.01947354714861,0.7986666666666666,2.948617722839531,0.06666666666666667,PSBPM-FD (predictiva bayesiana)
429,458,443,train,30,False,0.8740893970082463,0.93492748221894,0.7265644850211301,0.7223681529032763,0.8625754627266099,3.08883330367519,1.6424906031826072,1.5364756942184388,2.371732843692037,0.9226121588375912,0.804,2.9805030913083916,0.06666666666666667,6.140112196141799,25.381312370742357,63.01947354714861,0.804,2.9805030913083916,0.06666666666666667,PSBPM-FD (predictiva bayesiana)
430,459,444,train,30,False,0.8727894465115453,0.934232008931157,0.7242791476862948,0.7222197210513954,0.8614942766189372,3.08883330367519,1.6414686926237463,1.536932805613933,2.3704987281957575,0.9221416825618745,0.8057777777777778,2.981534739339931,0.06666666666666667,6.128047050051868,25.366552870289862,63.01947354714861,0.8057777777777778,2.981534739339931,0.06666666666666667,PSBPM-FD (predictiva bayesiana)
431,460,445,train,30,False,0.8884055655958795,0.9425526858461969,0.7034070676378406,0.7334553708342886,0.8730294417669675,3.08883330367519,1.6488243388247452,1.5469760861819595,2.33644692211429,0.9262394080211936,0.8075555555555556,2.970776923376239,0.06666666666666667,6.11310780205285,25.282721547272843,63.01947354714861,0.8075555555555556,2.970776923376239,0.06666666666666667,PSBPM-FD (predictiva bayesiana)
432,461,446,train,30,False,0.8347648295897797,0.9136546555399254,0.7212035967987156,0.7127711047696395,0.853525316407969,3.08883330367519,1.6279461906636434,1.5279413289480575,2.352790383323012,0.9341881106090103,0.8097777777777778,2.9626404361388543,0.06666666666666667,6.04034930370437,24.669136938012105,63.01947354714861,0.8097777777777778,2.9626404361388543,0.06666666666666667,PSBPM-FD (predictiva bayesiana)
433,462,447,train,30,False,0.8302607974731409,0.9111864778809774,0.7121517643936646,0.7104441784410622,0.8499948331539714,3.08883330367519,1.6197986467396919,1.5216728308442073,2.35033747342722,0.9328439938339393,0.8106666666666666,2.9654954252370325,0.1,6.038972421656494,24.512625472260208,63.01947354714861,0.8106666666666666,2.9654954252370325,0.1,PSBPM-FD (predictiva bayesiana)
434,463,448,train,30,False,0.7547058327909325,0.8687380691502661,0.7545337914676554,0.6772189692307738,0.8127452988461192,2.5948970577364303,1.5501568271306874,1.4531665114005692,2.364800172266255,0.9355470051417054,0.8164444444444444,2.9401563311189207,0.1,5.741159680803789,23.1816303034631,63.01947354714861,0.8164444444444444,2.9401563311189207,0.1,PSBPM-FD (predictiva bayesiana)
435,464,449,train,30,False,0.7070511977373248,0.8408633644875515,0.7511732929197591,0.6561947320156942,0.7872730320414703,2.5948970577364303,1.5117061784740036,1.4122962984765837,2.3841528127167795,0.9362674904040553,0.8191111111111111,2.937344818475656,0.1,5.634377923379827,22.77375872709914,63.01947354714861,0.8191111111111111,2.937344818475656,0.1,PSBPM-FD (predictiva bayesiana)
436,465,450,train,30,False,0.7026683543024449,0.8382531564524197,0.7907892093356128,0.6559674674057664,0.7843755244924179,2.5948970577364303,1.496304010650352,1.3988150673626742,2.360549117443106,0.9357262999306583,0.8222222222222222,2.8882770620521363,0.1,5.455007348009551,21.973275479869983,63.01947354714861,0.8222222222222222,2.8882770620521363,0.1,PSBPM-FD (predictiva bayesiana)
437,466,451,train,30,False,0.6997189740858677,0.8364920645683781,0.8176284493665765,0.6538374296920992,0.7815147529711864,2.5948970577364303,1.484117610114553,1.3882818601793472,2.345115007452486,0.9342763500983605,0.8257777777777778,2.8570951990027806,0.13333333333333333,5.363932915516731,21.147538217459047,63.01947354714861,0.8257777777777778,2.8570951990027806,0.13333333333333333,PSBPM-FD (predictiva bayesiana)
438,467,452,train,30,False,0.696562203534961,0.8346030215227842,0.8197461691947041,0.6521747088118538,0.7783223790275487,2.5948970577364303,1.4808789099842312,1.3829528566426343,2.3530724137280044,0.9325659732305449,0.832,2.8961688861886246,0.13333333333333333,5.263797561069108,20.32249772854876,63.01947354714861,0.832,2.8961688861886246,0.13333333333333333,PSBPM-FD (predictiva bayesiana)
439,468,453,train,30,False,0.7472939787252291,0.8644616698993826,0.836669570545454,0.6789222303696083,0.8111839205031529,2.650115841313989,1.5503112506066214,1.44984640507062,2.3573955395351263,0.9383688701866553,0.8257777777777778,2.9290274317999265,0.1,5.437664201169117,21.64525983200673,63.01947354714861,0.8257777777777778,2.9290274317999265,0.1,PSBPM-FD (predictiva bayesiana)
440,469,454,train,30,False,0.8134037299234594,0.9018889787127125,0.8149412453121525,0.696093979269224,0.8337275671607045,3.156311082273369,1.595585845371111,1.494285164018608,2.3669575347816387,0.9244237226966712,0.8262222222222222,2.9395360669489534,0.1,5.512866068696628,22.164840573701856,63.01947354714861,0.8262222222222222,2.9395360669489534,0.1,PSBPM-FD (predictiva bayesiana)
441,470,455,train,30,False,0.8356272991632089,0.9141265225138197,0.8430305374530749,0.7091957061471322,0.8492390787860215,3.156311082273369,1.6204983268717599,1.5191735523503296,2.3580263261315184,0.9290169991465079,0.8222222222222222,2.9583037542816664,0.06666666666666667,5.555233845525119,22.56877425272216,63.01947354714861,0.8222222222222222,2.9583037542816664,0.06666666666666667,PSBPM-FD (predictiva bayesiana)
442,471,456,train,30,False,0.8211963181491206,0.9061988292583039,0.8093306866693702,0.7005926005041542,0.8408470938326036,3.156311082273369,1.6142690640780646,1.5088091665253895,2.3761451996291147,0.9278836682241262,0.8324444444444444,2.9555085152793263,0.06666666666666667,5.4266934293258995,21.874384437132555,63.01947354714861,0.8324444444444444,2.9555085152793263,0.06666666666666667,PSBPM-FD (predictiva bayesiana)
443,472,457,train,30,False,0.821067350150285,0.9061276676883258,0.8235334557257018,0.7003192674719655,0.8407242207023135,3.156311082273369,1.6193341272874706,1.5122205482194324,2.388545651644181,0.9278209359252136,0.8382222222222222,2.971964711377604,0.1,5.4078085960135995,21.614913718426212,63.01947354714861,0.8382222222222222,2.971964711377604,0.1,PSBPM-FD (predictiva bayesiana)
444,473,458,train,30,False,0.8561455161068058,0.9252813172796724,0.8139825471537986,0.7154418519387703,0.857612757218785,3.156311082273369,1.6387053634254498,1.532602572744937,2.3725902384952993,0.9268670416259641,0.8328888888888889,2.9595961453045407,0.1,5.445484367151706,21.187588811987958,63.01947354714861,0.8328888888888889,2.9595961453045407,0.1,PSBPM-FD (predictiva bayesiana)
445,474,459,train,30,False,0.8558420991004211,0.925117343422131,0.8118537912363757,0.7141644325442915,0.857204871633589,3.156311082273369,1.6445661447421662,1.537734262993098,2.40495827917365,0.9265904241538432,0.8333333333333334,2.9568869338076977,0.13333333333333333,5.442578035090322,21.17100217250419,63.01947354714861,0.8333333333333334,2.9568869338076977,0.13333333333333333,PSBPM-FD (predictiva bayesiana)
446,475,460,train,30,False,0.871464005589416,0.9335223648040876,0.8040418570390206,0.7209118112942179,0.8682162278742602,3.156311082273369,1.6843146199039227,1.5752798465386022,2.4425446433936497,0.9300433075928152,0.8293333333333334,2.9470793378140985,0.13333333333333333,5.530557762565577,21.887367726578944,63.01947354714861,0.8293333333333334,2.9470793378140985,0.13333333333333333,PSBPM-FD (predictiva bayesiana)
447,476,461,train,30,False,0.8650238214797571,0.930066568305601,0.8038018869848123,0.7178333639745258,0.8629865036827212,3.156311082273369,1.671708935362315,1.5620137752464922,2.43080761046766,0.9278760608016623,0.8346666666666667,2.9394585076778506,0.13333333333333333,5.426040562691796,21.399595048588267,63.01947354714861,0.8346666666666667,2.9394585076778506,0.13333333333333333,PSBPM-FD (predictiva bayesiana)
448,477,462,train,30,False,0.9229753201699327,0.9607160455462023,0.8050994376513204,0.7306659759603948,0.8831547663764083,3.584814329938074,1.7325696781348134,1.6170205561611577,2.458388044131881,0.9192672178950675,0.8302222222222222,2.949407658371764,0.13333333333333333,5.809701236193731,22.746916425119817,81.67312078015145,0.8302222222222222,2.949407658371764,0.13333333333333333,PSBPM-FD (predictiva bayesiana)
449,478,463,train,30,False,0.9326013976579567,0.9657128960814164,0.793314328210609,0.7379935897785121,0.8902450436087984,3.584814329938074,1.7500758272120012,1.6299610067831296,2.456472519826255,0.9218527030354003,0.8293333333333334,2.971625295852725,0.13333333333333333,5.834581149601323,22.810028111635038,81.67312078015145,0.8293333333333334,2.971625295852725,0.13333333333333333,PSBPM-FD (predictiva bayesiana)
450,479,464,train,30,False,0.8909483067224219,0.9439005809524761,0.795029641958013,0.7236823691161808,0.8708334656684309,3.584814329938074,1.718146443993515,1.5990391187625361,2.454773913408269,0.9225902422792088,0.8253333333333334,2.9565547557126526,0.13333333333333333,5.814327852685746,22.845118851793462,81.67312078015145,0.8253333333333334,2.9565547557126526,0.13333333333333333,PSBPM-FD (predictiva bayesiana)
451,480,465,train,30,False,0.8674607236067001,0.9313757155985442,0.775961066150946,0.7115409481637142,0.8549635374565769,3.584814329938074,1.6774280604876557,1.5617278317767083,2.431099554178022,0.9179577297730365,0.8204444444444444,2.92530353988676,0.13333333333333333,5.766969667379,22.363551569396567,81.67312078015145,0.8204444444444444,2.92530353988676,0.13333333333333333,PSBPM-FD (predictiva bayesiana)
452,481,466,train,30,False,0.8329834345209656,0.9126792615815074,0.7729660951739596,0.6934766016591533,0.8322427230501732,3.584814329938074,1.625279047044905,1.5121374832243437,2.421392927030708,0.911867682418956,0.828,2.932610282737865,0.13333333333333333,5.503755357487945,20.548972102288946,81.67312078015145,0.828,2.932610282737865,0.13333333333333333,PSBPM-FD (predictiva bayesiana)
453,482,467,train,30,False,0.8130768564476063,0.9017077444757843,0.7701733296984105,0.6795676403345706,0.8173375882237763,3.584814329938074,1.6069648166845842,1.495835043522548,2.455415305146562,0.9064329248929127,0.828,2.933190500389474,0.13333333333333333,5.462062707571024,19.972886948752382,81.67312078015145,0.828,2.933190500389474,0.13333333333333333,PSBPM-FD (predictiva bayesiana)
454,483,468,train,30,False,0.7687761050276123,0.8767987825194629,0.7786982513807547,0.6615371535261851,0.7931670448230482,3.584814329938074,1.5596935393178901,1.4502539164851078,2.4561546707206143,0.904616955037163,0.8284444444444444,2.935304869426104,0.13333333333333333,5.389203208695141,19.293733394566196,81.67312078015145,0.8284444444444444,2.935304869426104,0.13333333333333333,PSBPM-FD (predictiva bayesiana)
455,484,469,train,30,False,0.8100703582285215,0.9000390870559575,0.773623029263319,0.6785867649722579,0.809345546470669,3.584814329938074,1.591065856729694,1.4800921779807834,2.4483688834911206,0.8992337756330688,0.8328888888888889,2.944444322054481,0.13333333333333333,5.33834347866819,19.235100384472442,81.67312078015145,0.8328888888888889,2.944444322054481,0.13333333333333333,PSBPM-FD (predictiva bayesiana)
456,485,470,train,30,False,0.7501866622521778,0.866133166581316,0.7348932398368175,0.6466914274572216,0.7754309572013584,3.584814329938074,1.5416222035734368,1.4323719141605327,2.4736682509451327,0.8952791408069902,0.8484444444444444,2.9533044877547976,0.16666666666666666,5.041750362968299,18.127714646502657,81.67312078015145,0.8484444444444444,2.9533044877547976,0.16666666666666666,PSBPM-FD (predictiva bayesiana)
457,486,471,train,30,False,0.7607139900349347,0.87218919394529,0.7499433908229846,0.6501847548202088,0.782571143954477,3.584814329938074,1.5751200961996819,1.4624227333498991,2.5144943785905616,0.897249300251667,0.8515555555555555,2.9670365076080585,0.16666666666666666,5.100952951582383,19.033166987966247,81.67312078015145,0.8515555555555555,2.9670365076080585,0.16666666666666666,PSBPM-FD (predictiva bayesiana)
458,487,472,train,30,False,0.8129078781607754,0.9016140405743333,0.7574110573122074,0.6720181516552899,0.8080915838657539,3.584814329938074,1.6197151865986812,1.5058567489605632,2.51280841925922,0.8962721824418295,0.8475555555555555,2.974498610855675,0.16666666666666666,5.166478449156459,19.286947369616527,81.67312078015145,0.8475555555555555,2.974498610855675,0.16666666666666666,PSBPM-FD (predictiva bayesiana)
459,488,473,train,30,False,0.8009748727144692,0.8949719954917412,0.7435512299227826,0.6642854392026939,0.7989230772337675,3.584814329938074,1.5978129863804846,1.4879023568343221,2.504400475020764,0.8926794148400143,0.8502222222222222,2.9802948160501352,0.2,5.154209286188752,18.991134812251484,81.67312078015145,0.8502222222222222,2.9802948160501352,0.2,PSBPM-FD (predictiva bayesiana)
460,489,474,train,30,False,0.8129410139179784,0.9016324161863183,0.7362814831382802,0.6719476755637508,0.8073363161587369,3.584814329938074,1.6084320386860758,1.4982845987483355,2.488722906445995,0.895416249089146,0.8457777777777777,2.976748444146451,0.2,5.294144753163988,19.956864071188853,81.67312078015145,0.8457777777777777,2.976748444146451,0.2,PSBPM-FD (predictiva bayesiana)
461,490,475,train,30,False,0.812669384001281,0.9014817713083726,0.748490535700112,0.6715599754370174,0.8071760654683943,3.584814329938074,1.613575206014805,1.500205144367136,2.4967389305191947,0.8953881167190912,0.844,2.984480840242442,0.2,5.403730119551789,20.78327746542749,81.67312078015145,0.844,2.984480840242442,0.2,PSBPM-FD (predictiva bayesiana)
462,491,476,train,30,False,0.7935315107675575,0.8908038565068954,0.7377950602103944,0.6625537432288429,0.7968631160907297,3.584814329938074,1.5987358830716956,1.4854194643107297,2.504772840626472,0.894543855271872,0.8466666666666667,2.993213847800132,0.2,5.369571420026012,20.378312030334474,81.67312078015145,0.8466666666666667,2.993213847800132,0.2,PSBPM-FD (predictiva bayesiana)
463,492,477,train,30,False,0.7845960176676886,0.8857742475753563,0.7371504257688664,0.6547541654198693,0.7864375221874481,3.584814329938074,1.5717562218864316,1.4609001022261798,2.4865798475957686,0.8878532248371138,0.8466666666666667,2.9785436238370475,0.2,5.354689678147774,20.359630312422112,81.67312078015145,0.8466666666666667,2.9785436238370475,0.2,PSBPM-FD (predictiva bayesiana)
464,493,478,train,30,False,0.7951246336487902,0.8916976133470305,0.7398168696420935,0.6630508891247204,0.7953691012647476,3.584814329938074,1.5916389635661383,1.4793332481411412,2.4826321731684753,0.8919717731208128,0.8448888888888889,3.004281393852214,0.2,5.4291127832030694,20.86576188430809,81.67312078015145,0.8448888888888889,3.004281393852214,0.2,PSBPM-FD (predictiva bayesiana)
465,494,479,train,30,False,0.7982970672795767,0.8934747155233754,0.7302635190492804,0.6669120635042395,0.7980420547651268,3.584814329938074,1.5850561623229003,1.4766359901542498,2.451793704609862,0.8931892989245404,0.8444444444444444,2.966857167711197,0.2,5.403360617060477,20.870701427244487,81.67312078015145,0.8444444444444444,2.966857167711197,0.2,PSBPM-FD (predictiva bayesiana)
466,495,480,train,30,False,0.7938821998653072,0.8910006733248338,0.7144121449537033,0.6614973364268931,0.7947120931622268,3.584814329938074,1.5997827957225188,1.4866655204235266,2.505860851273789,0.8919320904626266,0.8475555555555555,2.970131019048729,0.2,5.4007418977524,20.988856773474005,81.67312078015145,0.8475555555555555,2.970131019048729,0.2,PSBPM-FD (predictiva bayesiana)
467,496,481,train,30,False,0.7990780911326638,0.8939116797159906,0.7122924685891219,0.6647326819351951,0.7994861014550202,3.584814329938074,1.6124028273241922,1.4986100585108002,2.5157883009690454,0.8943681121931746,0.8408888888888889,2.9688334199629156,0.16666666666666666,5.493641405693628,21.75480592981497,81.67312078015145,0.8408888888888889,2.9688334199629156,0.16666666666666666,PSBPM-FD (predictiva bayesiana)
468,497,482,train,30,False,0.8258571954181072,0.9087668542690733,0.7236005707363312,0.6824639005274222,0.8179809567896003,3.584814329938074,1.6309129887784206,1.5210504771857694,2.459991535883704,0.900099902353401,0.8351111111111111,2.9736077712931825,0.16666666666666666,5.648899684065254,22.682815898403643,81.67312078015145,0.8351111111111111,2.9736077712931825,0.16666666666666666,PSBPM-FD (predictiva bayesiana)
469,498,483,train,30,False,0.8093580235115976,0.8996432756996506,0.7072471339556369,0.6764333969913102,0.8108567257413124,3.584814329938074,1.6170569083967647,1.507162807413486,2.4618282749502587,0.9013091606900645,0.8395555555555556,2.9807010685321615,0.16666666666666666,5.519109626320032,21.511455916661188,81.67312078015145,0.8395555555555556,2.9807010685321615,0.16666666666666666,PSBPM-FD (predictiva bayesiana)
470,499,484,train,30,False,0.7518781524338505,0.8671090775870418,0.7083979927790603,0.6603005014841625,0.791961070028569,3.584814329938074,1.5950589250531204,1.4835440243442064,2.4729509124977667,0.9133350007503187,0.8431111111111111,2.9716774910071915,0.16666666666666666,5.378936104016205,20.97997513438757,81.67312078015145,0.8431111111111111,2.9716774910071915,0.16666666666666666,PSBPM-FD (predictiva bayesiana)
471,500,485,train,30,False,0.7699458593590346,0.8774655887036452,0.6859507035309592,0.6696250234886013,0.8003640687256001,3.584814329938074,1.602740157523648,1.4904691423976053,2.4612548102949456,0.9121315741943182,0.8364444444444444,2.969541884391698,0.16666666666666666,5.4322517034948605,21.289456472437323,81.67312078015145,0.8364444444444444,2.969541884391698,0.16666666666666666,PSBPM-FD (predictiva bayesiana)
472,501,486,train,30,False,0.8020116419488322,0.8955510269933434,0.7181958621205938,0.6847960982749464,0.816733124297373,3.584814329938074,1.623508782232314,1.5101919350040265,2.444476119801109,0.9119894899114929,0.828,2.970617449597378,0.16666666666666666,5.558267558245967,22.31848768419552,81.67312078015145,0.828,2.970617449597378,0.16666666666666666,PSBPM-FD (predictiva bayesiana)
473,502,487,train,30,False,0.8361818652316759,0.9144298033374,0.728907123650942,0.7007239234533772,0.8372864411428106,3.584814329938074,1.668917939316976,1.553219113667285,2.454476565548943,0.9156377428720731,0.8213333333333334,2.9736756348701245,0.13333333333333333,5.673438234855815,23.52836390976491,81.67312078015145,0.8213333333333334,2.9736756348701245,0.13333333333333333,PSBPM-FD (predictiva bayesiana)
474,503,488,train,30,False,0.8098405967826255,0.8999114382996949,0.7276900356757049,0.6905905680713026,0.8254699872007041,3.584814329938074,1.656410693462068,1.5403686036582778,2.463733647679415,0.9172791366674464,0.8315555555555556,2.981122476523975,0.13333333333333333,5.469308651610915,22.77357227703726,81.67312078015145,0.8315555555555556,2.981122476523975,0.13333333333333333,PSBPM-FD (predictiva bayesiana)
475,504,489,train,30,False,0.8738156534472611,0.9347810724695174,0.7474663225478404,0.72398160375582,0.86103783533727,3.584814329938074,1.7075768515857723,1.5910738194624154,2.4167143561994147,0.9211117562132153,0.8186666666666667,2.982126734335415,0.1,5.65772494384339,23.787062239259935,81.67312078015145,0.8186666666666667,2.982126734335415,0.1,PSBPM-FD (predictiva bayesiana)
476,505,490,train,30,False,0.8656441949218274,0.930400018767104,0.7246228830242125,0.7227320111903734,0.855915922542049,3.584814329938074,1.6830529590430703,1.5680720037352982,2.3836413511805494,0.919944008251681,0.824,3.0188441698460373,0.1,5.591700785919622,23.106133619899154,81.67312078015145,0.824,3.0188441698460373,0.1,PSBPM-FD (predictiva bayesiana)
477,506,491,train,30,False,0.8662171633685483,0.9307078829410161,0.7077903274497629,0.7223365067504769,0.8564414221092173,3.584814329938074,1.6899384033315363,1.5733457542985294,2.4000454956963546,0.9202043281323474,0.824,3.0487782749771917,0.1,5.630735638781191,23.269710158892295,81.67312078015145,0.824,3.0487782749771917,0.1,PSBPM-FD (predictiva bayesiana)
478,507,492,train,30,False,0.7732471354436987,0.8793447193471391,0.6952067139769567,0.6889402399117264,0.8146537001659832,2.908456112324001,1.6066483947073045,1.4936416230724168,2.4053475689243777,0.9264326972598583,0.8297777777777777,3.007482318582453,0.1,5.064365426938122,21.22369572322599,43.91715786605463,0.8297777777777777,3.007482318582453,0.1,PSBPM-FD (predictiva bayesiana)
479,508,493,train,30,False,0.7607548544935001,0.8722126200035747,0.6934612162920312,0.6805713737156134,0.8048699580054584,2.908456112324001,1.5817310547503554,1.4737954920743013,2.3957010325296153,0.9227910024990921,0.8231111111111111,2.957181572863444,0.1,5.087332136423101,21.674106685504757,43.91715786605463,0.8231111111111111,2.957181572863444,0.1,PSBPM-FD (predictiva bayesiana)
480,509,494,train,30,False,0.7691398758854243,0.8770062005969081,0.6778992383514876,0.6806104172709533,0.8097720426684553,2.908456112324001,1.6039710064132977,1.493860910268542,2.42738187829868,0.9233367359515907,0.8306666666666667,2.939788017247933,0.1,5.113062943027671,22.41761205400262,50.909704883245624,0.8306666666666667,2.939788017247933,0.1,PSBPM-FD (predictiva bayesiana)
481,510,495,train,30,False,0.7765617377095316,0.8812274040845142,0.6736679598451285,0.6836529819949809,0.8160043139567428,2.908456112324001,1.6277321187634046,1.5145734931897905,2.4610857669418005,0.9259860850610632,0.8315555555555556,2.9275009956507065,0.1,5.088683249642272,22.526441727320876,50.909704883245624,0.8315555555555556,2.9275009956507065,0.1,PSBPM-FD (predictiva bayesiana)
482,511,496,train,30,False,0.7733527371777067,0.8794047629946672,0.6661887785694052,0.6793330844168151,0.8114059463816665,2.908456112324001,1.6218211816800705,1.5103959956589388,2.481699576635225,0.9226763153050912,0.8333333333333334,2.8842857257581263,0.13333333333333333,5.038115536795891,22.32495036279827,50.909704883245624,0.8333333333333334,2.8842857257581263,0.13333333333333333,PSBPM-FD (predictiva bayesiana)
483,512,497,train,30,False,0.8105946538056333,0.9003303026143424,0.6802578537850676,0.7020597955268322,0.8348175532616531,2.908456112324001,1.6552099054636078,1.5406350779703741,2.4438152106666835,0.9272347613287524,0.816,2.8388670277986936,0.13333333333333333,5.35193202792511,23.332459318825634,50.909704883245624,0.816,2.8388670277986936,0.13333333333333333,PSBPM-FD (predictiva bayesiana)
484,513,498,train,30,False,0.8129056466150364,0.9016128030452076,0.6795553141782296,0.7042987794202155,0.8367976240720899,2.908456112324001,1.654299537091569,1.5386092119615162,2.43032268904041,0.9281119580886564,0.8168888888888889,2.8357196246965324,0.13333333333333333,5.345955765040978,23.362242636817776,50.909704883245624,0.8168888888888889,2.8357196246965324,0.13333333333333333,PSBPM-FD (predictiva bayesiana)
485,514,499,train,30,False,0.7595373519836393,0.8715144014780475,0.6978961052044658,0.6836919757857557,0.814175324738174,2.513729506110888,1.6155502473689107,1.5011925127302626,2.439979932800305,0.9342075396084917,0.8155555555555556,2.8336598498138548,0.13333333333333333,5.374467479977151,23.468126160353005,50.909704883245624,0.8155555555555556,2.8336598498138548,0.13333333333333333,PSBPM-FD (predictiva bayesiana)
486,515,500,train,30,False,0.782893685829822,0.8848127970536038,0.7028437366955204,0.7016530871026986,0.8322666602839399,2.513729506110888,1.6403569654732506,1.5255288671481932,2.4151041222554586,0.9406132721580872,0.8155555555555556,2.8356189458685046,0.13333333333333333,5.376579179758741,23.470773047655406,50.909704883245624,0.8155555555555556,2.8356189458685046,0.13333333333333333,PSBPM-FD (predictiva bayesiana)
487,516,501,train,30,False,0.7701383383499801,0.877575260789626,0.6773471202945094,0.6969007068890565,0.8232770152688211,2.513729506110888,1.6043175416349464,1.4921142112390724,2.374510265443502,0.938126964208234,0.8217777777777778,2.8410478639321455,0.16666666666666666,5.261218767336063,22.182853378440356,50.909704883245624,0.8217777777777778,2.8410478639321455,0.16666666666666666,PSBPM-FD (predictiva bayesiana)
488,517,502,train,30,False,0.7215519809126576,0.8494421586621761,0.7061054276486158,0.6780684330920634,0.800410748731231,2.496371581964043,1.5649515067903235,1.4528581945579497,2.3743540242668306,0.9422781063655152,0.8226666666666667,2.8239829662227485,0.16666666666666666,5.214763176238644,22.117502900374358,50.909704883245624,0.8226666666666667,2.8239829662227485,0.16666666666666666,PSBPM-FD (predictiva bayesiana)
489,518,503,train,30,False,0.7156701975120459,0.8459729295385555,0.7006554508208993,0.6718376100890873,0.7931323373713888,2.496371581964043,1.5526353044117107,1.4390185066108427,2.3773227171387026,0.9375386725483175,0.8226666666666667,2.7997463283605564,0.16666666666666666,5.191074187684932,22.1217671934887,50.909704883245624,0.8226666666666667,2.7997463283605564,0.16666666666666666,PSBPM-FD (predictiva bayesiana)
490,519,504,train,30,False,0.7026547687759184,0.8382450529385297,0.6898449887981736,0.6627720955635783,0.7838005607902078,2.496371581964043,1.5382069744564102,1.4248644425535242,2.3934069865519234,0.935049432194723,0.8306666666666667,2.8121706644495847,0.2,5.0358657528452415,20.849478591638544,50.909704883245624,0.8306666666666667,2.8121706644495847,0.2,PSBPM-FD (predictiva bayesiana)
491,520,505,train,30,False,0.6840529894810318,0.8270749600133182,0.6615817313724175,0.6498342811228406,0.7688025544922585,2.496371581964043,1.512724275068322,1.3989700543818813,2.3994380328184812,0.9295439853237472,0.836,2.810603940296349,0.23333333333333334,4.90031322932899,19.613278909340142,50.909704883245624,0.836,2.810603940296349,0.23333333333333334,PSBPM-FD (predictiva bayesiana)
492,521,506,train,30,False,0.6837371874115826,0.8268840229509714,0.6526441550852289,0.6499183389115634,0.7685975112641649,2.496371581964043,1.511056564125373,1.396261834221701,2.3965325536620408,0.9295106567922373,0.8382222222222222,2.805109656835544,0.23333333333333334,4.891052072500504,19.530115336446293,50.909704883245624,0.8382222222222222,2.805109656835544,0.23333333333333334,PSBPM-FD (predictiva bayesiana)
493,522,507,train,30,False,0.7588932257323076,0.8711447788584327,0.6484002349025495,0.6872967122559402,0.8103932157938517,2.6088919971319164,1.5805818006054395,1.4623415675351608,2.381283567407448,0.9302623805606789,0.8248888888888889,2.811292379708857,0.2,5.138165142356055,20.646479047720227,50.909704883245624,0.8248888888888889,2.811292379708857,0.2,PSBPM-FD (predictiva bayesiana)
494,523,508,train,30,False,0.7729253161639049,0.8791617121803615,0.6482123190292968,0.6951336332077657,0.8186712630104261,2.6088919971319164,1.585489963055177,1.4690479627638673,2.363446492116337,0.9311953098822783,0.8262222222222222,2.8105880952867577,0.2,5.102923320072575,20.29161308529327,50.909704883245624,0.8262222222222222,2.8105880952867577,0.2,PSBPM-FD (predictiva bayesiana)
495,524,509,train,30,False,0.8046401764981945,0.8970173780357851,0.673995579212067,0.709905901277431,0.8363237125580896,2.6088919971319164,1.6224723580127964,1.5020925640214255,2.372274383684995,0.9323383615927292,0.82,2.817736094132376,0.2,5.284856467041774,20.954732813184183,50.909704883245624,0.82,2.817736094132376,0.2,PSBPM-FD (predictiva bayesiana)
496,525,510,train,30,False,0.8047110782265527,0.8970568979872753,0.6740905160801606,0.7113559394571464,0.8363814672841136,2.6088919971319164,1.6116017794364914,1.4918639343705775,2.340779137818899,0.9323616697677716,0.8164444444444444,2.810238627528461,0.2,5.316033089285953,21.056670655479525,50.909704883245624,0.8164444444444444,2.810238627528461,0.2,PSBPM-FD (predictiva bayesiana)
497,526,511,train,30,False,0.8140295731485774,0.9022358744522285,0.6744549973787027,0.7176276885488349,0.842909605878861,2.6088919971319164,1.617166428631783,1.5012279251387366,2.3242356929086005,0.9342452785870592,0.8146666666666667,2.8129687828375025,0.2,5.356219236838569,21.256586004346406,50.909704883245624,0.8146666666666667,2.8129687828375025,0.2,PSBPM-FD (predictiva bayesiana)
498,527,512,train,30,False,0.8029821010500555,0.8960926855242461,0.6738257211282173,0.7112923743534717,0.8368420343575909,2.6088919971319164,1.6185300383076253,1.499262975884687,2.3459157267394155,0.9338788809195652,0.8142222222222222,2.810838638238091,0.2,5.371722391021879,21.761489023587,50.909704883245624,0.8142222222222222,2.810838638238091,0.2,PSBPM-FD (predictiva bayesiana)
499,528,513,train,30,False,0.7792450624762448,0.8827485839559556,0.671584569687391,0.7000126501996874,0.8226939202549892,2.6088919971319164,1.5832499929690822,1.4676990113548867,2.3346823376749772,0.9319685527765595,0.8057777777777778,2.801634180080042,0.2,5.481167791960918,22.3227585502867,50.909704883245624,0.8057777777777778,2.801634180080042,0.2,PSBPM-FD (predictiva bayesiana)
500,529,514,train,30,False,0.7633028385060551,0.8736720428776779,0.6676417121662902,0.6959781427204235,0.8156517667597439,2.6088919971319164,1.5635320809136657,1.4474434027809195,2.323756004964895,0.9335903253504275,0.7977777777777778,2.779267420813338,0.2,5.588182961372691,22.154862443738807,50.909704883245624,0.7977777777777778,2.779267420813338,0.2,PSBPM-FD (predictiva bayesiana)
501,530,515,train,30,False,0.7214859645898201,0.8494032991399433,0.6796698365321636,0.6717669075230037,0.7900744526701643,2.6088919971319164,1.5303618323816375,1.4147428881883228,2.3550752329931237,0.9301523239551202,0.8044444444444444,2.785382496155281,0.2,5.5398613727687005,21.84687220288198,50.909704883245624,0.8044444444444444,2.785382496155281,0.2,PSBPM-FD (predictiva bayesiana)
502,531,516,train,30,False,0.7033506591063783,0.8386600378618134,0.6713500917038184,0.6667945001343941,0.7818425077040381,2.6088919971319164,1.506317309729585,1.3960896304145645,2.33979635782671,0.9322520120278615,0.8102222222222222,2.793622585787024,0.2,5.443483396820998,21.194130329832042,50.909704883245624,0.8102222222222222,2.793622585787024,0.2,PSBPM-FD (predictiva bayesiana)
503,532,517,train,30,False,0.676694805080297,0.82261461516332,0.6602270283935766,0.6558073247964916,0.767401919826557,2.6088919971319164,1.4665246890696804,1.3598938729065497,2.3204555628704813,0.9328814558858756,0.8168888888888889,2.791538902163816,0.23333333333333334,5.329407048091606,19.993090776966078,50.909704883245624,0.8168888888888889,2.791538902163816,0.23333333333333334,PSBPM-FD (predictiva bayesiana)
504,533,518,train,30,False,0.6650654866589829,0.8155154729733721,0.6997467667360634,0.6483080952438111,0.760418167545648,2.6088919971319164,1.4595950858855693,1.3514758894259367,2.337914871186085,0.9324386755939293,0.8182222222222222,2.788626251703232,0.23333333333333334,5.318991943989165,19.91535834511127,50.909704883245624,0.8182222222222222,2.788626251703232,0.23333333333333334,PSBPM-FD (predictiva bayesiana)
505,534,519,train,30,False,0.6043442224464142,0.7773957952332995,0.6600473818200607,0.6194970083802533,0.7286923174926684,2.6088919971319164,1.4141632727239615,1.304831273454078,2.361820079192986,0.9373504744439543,0.8311111111111111,2.7908062129367868,0.26666666666666666,5.133845221509564,18.908301015493826,50.909704883245624,0.8311111111111111,2.7908062129367868,0.26666666666666666,PSBPM-FD (predictiva bayesiana)
506,535,520,train,30,False,0.6261738253847093,0.7913114591516474,0.7188308372231014,0.6312763780939721,0.7407887719082091,2.6088919971319164,1.4262329668176696,1.3172882003246327,2.345046969165752,0.9361532217698416,0.8266666666666667,2.750588152456563,0.26666666666666666,5.179822267599919,19.353511790335368,50.909704883245624,0.8266666666666667,2.750588152456563,0.26666666666666666,PSBPM-FD (predictiva bayesiana)
507,536,521,train,30,False,0.6453217654995023,0.8033192176834202,0.7559685748930536,0.6434181950311292,0.7536286121288155,2.6088919971319164,1.4414437632697232,1.3327492855541403,2.3280841902527167,0.9381433875092637,0.8217777777777778,2.7303706631490234,0.26666666666666666,5.228697588303121,19.747459424888863,50.909704883245624,0.8217777777777778,2.7303706631490234,0.26666666666666666,PSBPM-FD (predictiva bayesiana)
508,537,522,train,30,False,0.6650765563683477,0.8155222598852515,0.765195742610774,0.6550625858001587,0.7677818233895778,2.6088919971319164,1.466594622813973,1.360834470791514,2.3194324026043898,0.9414602901183947,0.8257777777777778,2.7696000903082703,0.26666666666666666,5.23902022864048,19.5896004606671,50.909704883245624,0.8257777777777778,2.7696000903082703,0.26666666666666666,PSBPM-FD (predictiva bayesiana)
509,538,523,train,30,False,0.7418626921808047,0.8613145140892522,0.7561680458619856,0.687196430880944,0.8045731888342452,2.78789305734142,1.5292316885813084,1.4208617984483296,2.313216721818613,0.9341224090308,0.8244444444444444,2.811095304399677,0.26666666666666666,5.330990535843925,20.15179090957437,50.909704883245624,0.8244444444444444,2.811095304399677,0.26666666666666666,PSBPM-FD (predictiva bayesiana)
510,539,524,train,30,False,0.7212079333115196,0.8492396206675237,0.7627999104891251,0.677865064110419,0.7900452321608874,2.78789305734142,1.487437960134294,1.3837245342514344,2.281379626183152,0.9302971893137675,0.8328888888888889,2.8449940078423563,0.3,5.163130622261511,18.56639391378662,49.43594516015323,0.8328888888888889,2.8449940078423563,0.3,PSBPM-FD (predictiva bayesiana)
511,540,525,train,30,False,0.7208002368349491,0.8489995505504989,0.7654289364617205,0.6778376815048548,0.7897474063808969,2.78789305734142,1.4910183020282537,1.3868020660960392,2.288079844073501,0.9302094516643945,0.8368888888888889,2.881162441584747,0.3,5.157155710868088,18.28870144202434,49.43594516015323,0.8368888888888889,2.881162441584747,0.3,PSBPM-FD (predictiva bayesiana)
512,541,526,train,30,False,0.72390170736752,0.85082413421783,0.7774731725862514,0.6814209990600442,0.7942165202750401,2.78789305734142,1.4977234784092275,1.3928487100528373,2.275355706717364,0.9334673151992453,0.8342222222222222,2.9085568415049154,0.26666666666666666,5.200656849407699,18.61644137612726,49.43594516015323,0.8342222222222222,2.9085568415049154,0.26666666666666666,PSBPM-FD (predictiva bayesiana)
513,542,527,train,30,False,0.6810761403572372,0.8252733731056863,0.7511721353439019,0.6519520803009741,0.7617528091948486,2.78789305734142,1.439031767161708,1.3389008283282144,2.286034204646391,0.9230308816679791,0.8551111111111112,2.927009074819688,0.3,4.836062443831182,17.25314271459119,49.43594516015323,0.8551111111111112,2.927009074819688,0.3,PSBPM-FD (predictiva bayesiana)
514,543,528,train,30,False,0.7083373630069011,0.8416278055095976,0.753523078036486,0.6672186301470762,0.7777330314478595,2.78789305734142,1.4674782761397454,1.3659136579958941,2.2798160750137435,0.9240819116912964,0.8488888888888889,2.9155091676381932,0.3,4.984342862972051,17.942778600545832,49.43594516015323,0.8488888888888889,2.9155091676381932,0.3,PSBPM-FD (predictiva bayesiana)
515,544,529,train,30,False,0.7087876669762802,0.8418952826666035,0.7213632645783915,0.6671776318460758,0.7779997307501226,2.78789305734142,1.470057384966886,1.3685649205028834,2.2836588975240693,0.924105107568605,0.8466666666666667,2.9004402188610077,0.3,4.956879550415644,17.67997493474759,49.43594516015323,0.8466666666666667,2.9004402188610077,0.3,PSBPM-FD (predictiva bayesiana)
516,545,530,train,30,False,0.6975513965130886,0.8351954241452049,0.7247416527860363,0.6597412519569464,0.7710915561804442,2.78789305734142,1.4662091226358318,1.3601067183431563,2.299048212281764,0.9232468640134508,0.8364444444444444,2.868392066950289,0.26666666666666666,5.016660633413264,18.52982884075944,49.43594516015323,0.8364444444444444,2.868392066950289,0.26666666666666666,PSBPM-FD (predictiva bayesiana)
517,546,531,train,30,False,0.6967313186545101,0.8347043300801249,0.7410273759202313,0.6575803926798313,0.7703641379125591,2.78789305734142,1.4699268942654695,1.365432482985091,2.3182215147885423,0.9229185834445238,0.8337777777777777,2.857726874305867,0.23333333333333334,5.0234322467964905,18.84864495620213,49.43594516015323,0.8337777777777777,2.857726874305867,0.23333333333333334,PSBPM-FD (predictiva bayesiana)
518,547,532,train,30,False,0.6898133876606786,0.8305500512676395,0.7412131619505867,0.6521310194110423,0.7649433882315255,2.78789305734142,1.4551182406451835,1.3533023834659847,2.310944937250942,0.921008176525929,0.8408888888888889,2.8840924943908015,0.26666666666666666,5.003174497223523,18.38401695867782,49.43594516015323,0.8408888888888889,2.8840924943908015,0.26666666666666666,PSBPM-FD (predictiva bayesiana)
519,548,533,train,30,False,0.6922624700133478,0.8320231186772084,0.7472141870132901,0.6548480107255901,0.768465149281994,2.78789305734142,1.4633874136596348,1.3605426560608125,2.317835273787965,0.9236103324914073,0.8408888888888889,2.9075056034259292,0.26666666666666666,5.026020185079162,18.381802430957855,49.43594516015323,0.8408888888888889,2.9075056034259292,0.26666666666666666,PSBPM-FD (predictiva bayesiana)
520,549,534,train,30,False,0.6939013459232888,0.8330074104852182,0.74622284958818,0.654329344097796,0.7698813011569686,2.78789305734142,1.4675184876219303,1.3632535838665618,2.331065976903546,0.9242190303067302,0.8386666666666667,2.9000861659926467,0.23333333333333334,5.029989661525884,18.59957510003319,49.43594516015323,0.8386666666666667,2.9000861659926467,0.23333333333333334,PSBPM-FD (predictiva bayesiana)
521,550,535,train,30,False,0.7678604896862573,0.8762764915745813,0.7841034911682702,0.68547322162163,0.8080783261993648,2.9533918188928836,1.5393935622510595,1.4366789246819074,2.33098098871108,0.9221727776210552,0.8333333333333334,2.9085095872240556,0.2,5.199411713704628,20.08192681695309,49.43594516015323,0.8333333333333334,2.9085095872240556,0.2,PSBPM-FD (predictiva bayesiana)
522,551,536,train,30,False,0.7646010379805035,0.874414683076916,0.7943130903670825,0.6824976110550175,0.8058570588757347,2.9533918188928836,1.5404309954442659,1.4368732139201634,2.3455579297243974,0.9215959824005484,0.8337777777777777,2.908629804139129,0.23333333333333334,5.199326463856449,20.076433399074144,49.43594516015323,0.8337777777777777,2.908629804139129,0.23333333333333334,PSBPM-FD (predictiva bayesiana)
523,552,537,train,30,False,0.7072772276320168,0.8409977572098614,0.8118541207683626,0.6601887939791321,0.7810031440730296,2.9533918188928836,1.4981420733432917,1.3971031829604132,2.347327977848063,0.9286625765378105,0.844,2.9142555235887153,0.23333333333333334,4.985955214141174,19.306867601294172,49.43594516015323,0.844,2.9142555235887153,0.23333333333333334,PSBPM-FD (predictiva bayesiana)
524,553,538,train,30,False,0.6885913156187455,0.8298140247180361,0.8213977556156854,0.6487907867695021,0.7692592885855856,2.9533918188928836,1.4778658637614142,1.3794606613869762,2.3530802895108756,0.9270261355813714,0.8502222222222222,2.9228330787765895,0.26666666666666666,4.956884663245099,18.863314480567645,49.43594516015323,0.8502222222222222,2.9228330787765895,0.26666666666666666,PSBPM-FD (predictiva bayesiana)
525,554,539,train,30,False,0.6522934409855629,0.8076468541296764,0.7863617248579033,0.6282139326624895,0.7476118995059452,2.9533918188928836,1.4425645254252106,1.3471543967012443,2.3765874295906815,0.9256668253992952,0.8604444444444445,2.95623728859466,0.26666666666666666,4.744655328271102,17.64289586223182,49.43594516015323,0.8604444444444445,2.95623728859466,0.26666666666666666,PSBPM-FD (predictiva bayesiana)
526,555,540,train,30,False,0.7361750684327277,0.8580064501113775,0.8633779285323001,0.6635319156807591,0.783831098973448,2.9533918188928836,1.486348996693844,1.3954705752880292,2.345983088137949,0.9135491917009472,0.8462222222222222,2.9564528613823158,0.26666666666666666,5.268139907554813,18.996960591573327,59.730947456350535,0.8462222222222222,2.9564528613823158,0.26666666666666666,PSBPM-FD (predictiva bayesiana)
527,556,541,train,30,False,0.720700855002876,0.8489410197433482,0.8430864459318724,0.6540095267943167,0.7714783919074328,2.9533918188928836,1.4631450412927858,1.3718612700197101,2.340009739603794,0.9087538167735918,0.8488888888888889,2.9096228462147216,0.26666666666666666,5.129035588523965,18.463403721959207,59.730947456350535,0.8488888888888889,2.9096228462147216,0.26666666666666666,PSBPM-FD (predictiva bayesiana)
528,557,542,train,30,False,0.7108716768429495,0.8431320637023297,0.8306349013631028,0.6486988530340121,0.7646188859060512,2.9533918188928836,1.4485301416108582,1.3560505003972343,2.3396156893722195,0.9068791460124118,0.8457777777777777,2.8685991425882613,0.26666666666666666,5.091197607561221,18.015633745227188,59.730947456350535,0.8457777777777777,2.8685991425882613,0.26666666666666666,PSBPM-FD (predictiva bayesiana)
529,558,543,train,30,False,0.7075260678870335,0.8411456876707112,0.829877883390702,0.6472017517217505,0.7617528462743945,2.9533918188928836,1.4430763917663891,1.3491091886366489,2.335278554386984,0.9056134477534205,0.8497777777777777,2.8449442846514286,0.26666666666666666,4.974373840063797,17.69516826533137,59.730947456350535,0.8497777777777777,2.8449442846514286,0.26666666666666666,PSBPM-FD (predictiva bayesiana)
530,559,544,train,30,False,0.6821876747449174,0.8259465326187388,0.8323369466711389,0.6308213253998464,0.7455897643297483,2.9533918188928836,1.4203946803278424,1.329290331173259,2.362335054541135,0.9027094792271697,0.8671111111111112,2.8334617841976386,0.3,4.673919740140457,16.48563878743407,59.730947456350535,0.8671111111111112,2.8334617841976386,0.3,PSBPM-FD (predictiva bayesiana)
531,560,545,train,30,False,0.7010792523290219,0.8373047547512327,0.8416549694964445,0.6406872387878411,0.7600919872270224,2.9533918188928836,1.4560849008059904,1.3666664585375812,2.3752086649566255,0.9077841525608552,0.8604444444444445,2.818968385157072,0.3,4.787933215676774,16.905628937682962,59.730947456350535,0.8604444444444445,2.818968385157072,0.3,PSBPM-FD (predictiva bayesiana)
532,561,546,train,30,False,0.6870374760114998,0.8288772382032817,0.8557413529162368,0.6310432448908723,0.7518789343699374,2.9533918188928836,1.4569384731110058,1.3671963885546992,2.4010984497156835,0.907105298246276,0.8555555555555555,2.7801657674051823,0.3,4.80117020890957,17.058853528907935,59.730947456350535,0.8555555555555555,2.7801657674051823,0.3,PSBPM-FD (predictiva bayesiana)
533,562,547,train,30,False,0.6753322518621414,0.8217860134257223,0.8579761961394518,0.6225160310517175,0.7411474391854705,2.9533918188928836,1.4417800314443785,1.3513057816491065,2.406333300490465,0.9018740001377009,0.8506666666666667,2.739596537379755,0.26666666666666666,4.789827071104278,17.415127363507683,59.730947456350535,0.8506666666666667,2.739596537379755,0.26666666666666666,PSBPM-FD (predictiva bayesiana)
534,563,548,train,30,False,0.6728388243445704,0.8202675321775027,0.8461294763655172,0.6222316895208345,0.7393693944322156,2.9533918188928836,1.4389393791399063,1.3473129257351995,2.402608119475828,0.901375911429125,0.8404444444444444,2.709296718707101,0.26666666666666666,4.90436569729455,18.136162118159785,59.730947456350535,0.8404444444444444,2.709296718707101,0.26666666666666666,PSBPM-FD (predictiva bayesiana)
535,564,549,train,30,False,0.6785662018788304,0.8237512985597233,0.8620248262097677,0.6259643878772666,0.7445009568798863,2.9533918188928836,1.4437560394045177,1.3539946920889776,2.3930172477697345,0.9037933635814581,0.8373333333333334,2.711559344718388,0.23333333333333334,4.91664866393595,18.2804688988727,59.730947456350535,0.8373333333333334,2.711559344718388,0.23333333333333334,PSBPM-FD (predictiva bayesiana)
536,565,550,train,30,False,0.6760143343740487,0.8222009087650346,0.8332130555894751,0.6249297238174019,0.7433038003097882,2.9533918188928836,1.4398930592694723,1.3504071855772453,2.3909873595024607,0.904041569871588,0.8351111111111111,2.7194941158008556,0.23333333333333334,4.945544209793776,18.673005125446032,59.730947456350535,0.8351111111111111,2.7194941158008556,0.23333333333333334,PSBPM-FD (predictiva bayesiana)
537,566,551,train,30,False,0.6541584561384497,0.8088006281763447,0.8272100690331641,0.6112701611612049,0.7278271962125268,2.9533918188928836,1.4116224173641059,1.3252490111154123,2.3856013416636657,0.8998845585142609,0.8431111111111111,2.721539991822456,0.26666666666666666,4.856968143357302,17.925324175163215,59.730947456350535,0.8431111111111111,2.721539991822456,0.26666666666666666,PSBPM-FD (predictiva bayesiana)
538,567,552,train,30,False,0.661348557098193,0.8132333964479035,0.8038371989862848,0.6155413589111698,0.7315487343091593,2.9533918188928836,1.417403461296373,1.3291524642127925,2.3802288688564563,0.8995556964390149,0.8471111111111111,2.722681199911102,0.3,4.828636234850706,17.528946139368735,59.730947456350535,0.8471111111111111,2.722681199911102,0.3,PSBPM-FD (predictiva bayesiana)
539,568,553,train,30,False,0.6096816002422473,0.7808211064272323,0.867707948862785,0.5996183173229496,0.7116236202438515,2.9533918188928836,1.3734728094868058,1.288693151638857,2.3672587235172733,0.9113785659560297,0.8484444444444444,2.710978465142712,0.3,4.725409202901123,16.592300323818698,59.730947456350535,0.8484444444444444,2.710978465142712,0.3,PSBPM-FD (predictiva bayesiana)
540,569,554,train,30,False,0.635072044515342,0.7969140759927271,0.8554398921229699,0.610499596489975,0.7286038613234503,2.9533918188928836,1.4119472358515175,1.3234176596315232,2.388313167013783,0.9142815810045998,0.8417777777777777,2.708520570410157,0.26666666666666666,4.794727030089885,17.302186796716754,59.730947456350535,0.8417777777777777,2.708520570410157,0.26666666666666666,PSBPM-FD (predictiva bayesiana)
541,570,555,train,30,False,0.6274964756358696,0.7921467513257058,0.7921768495220795,0.6050019573636731,0.7221005263231663,2.9533918188928836,1.390912520152878,1.3056999023405507,2.375921574968332,0.91157418131765,0.8466666666666667,2.700566481917631,0.3,4.760379891799558,16.971250136737787,59.730947456350535,0.8466666666666667,2.700566481917631,0.3,PSBPM-FD (predictiva bayesiana)
542,571,556,train,30,False,0.6258005698447946,0.7910755778336193,0.7841397046702603,0.6038431309977563,0.7198726345431244,2.9533918188928836,1.382545870941273,1.2987261651033701,2.357692319702205,0.9099922367904646,0.8493333333333334,2.6828526097027483,0.3333333333333333,4.727380676515134,16.660660691130694,59.730947456350535,0.8493333333333334,2.6828526097027483,0.3333333333333333,PSBPM-FD (predictiva bayesiana)
543,572,557,train,30,False,0.645651607380811,0.803524490840703,0.7361882424968633,0.6219564859841965,0.7404774699199954,2.9533918188928836,1.4241971841162693,1.3383120182824433,2.356001074038009,0.9215369019371851,0.8493333333333334,2.7033594191589705,0.3333333333333333,4.74814060931573,16.68525139696254,59.730947456350535,0.8493333333333334,2.7033594191589705,0.3333333333333333,PSBPM-FD (predictiva bayesiana)
544,573,558,train,30,False,0.6330291721801746,0.7956313041730916,0.739549999872943,0.6145080972453915,0.7341522943602649,2.9533918188928836,1.4140636681316612,1.330676875121374,2.3631136574396603,0.9227292723521952,0.8586666666666667,2.7069956751219513,0.36666666666666664,4.569791005414245,15.637826196964777,59.730947456350535,0.8586666666666667,2.7069956751219513,0.36666666666666664,PSBPM-FD (predictiva bayesiana)
545,574,559,train,30,False,0.6301965096460903,0.7938491731091557,0.7421437034089827,0.613999695447705,0.7324300675622167,2.9533918188928836,1.4041288894987975,1.3196662366061331,2.350504500955639,0.9226312659539752,0.8551111111111112,2.675324117059716,0.36666666666666664,4.651795370494318,16.505344475781698,59.730947456350535,0.8551111111111112,2.675324117059716,0.36666666666666664,PSBPM-FD (predictiva bayesiana)
546,575,560,train,30,False,0.6247635777639632,0.7904198743477818,0.7428427093390739,0.6086736737584388,0.7282290513469886,2.9533918188928836,1.4026296579363011,1.3226790349397646,2.3733533650924894,0.9213192569934932,0.8644444444444445,2.668351925222617,0.36666666666666664,4.552917136270067,15.655674338681004,59.730947456350535,0.8644444444444445,2.668351925222617,0.36666666666666664,PSBPM-FD (predictiva bayesiana)
547,576,561,train,30,False,0.6232857712533514,0.7894844971583365,0.7344071002332804,0.6074766052141926,0.726839987924483,2.9533918188928836,1.4067465530573844,1.3244892124118859,2.3918599533095173,0.9206513750943364,0.8631111111111112,2.6428108892407165,0.36666666666666664,4.551181072518776,15.855827852782324,59.730947456350535,0.8631111111111112,2.6428108892407165,0.36666666666666664,PSBPM-FD (predictiva bayesiana)
548,577,562,train,30,False,0.638665167990841,0.7991652945360184,0.738134987594084,0.6160847120437623,0.7375567731398398,2.9533918188928836,1.441617029478361,1.3534406386845572,2.41748106341975,0.922908912815155,0.8555555555555555,2.624946408803523,0.3333333333333333,4.709798118719188,17.43810266110712,59.730947456350535,0.8555555555555555,2.624946408803523,0.3333333333333333,PSBPM-FD (predictiva bayesiana)
549,578,563,train,30,False,0.6456617861570694,0.8035308246464907,0.7390590292487974,0.6199440550325097,0.7444904520992279,2.9533918188928836,1.4565815180685,1.3696426273742108,2.4301092663532047,0.9265238236837556,0.8497777777777777,2.6313613521215093,0.3,4.749059613426695,17.79909538601985,59.730947456350535,0.8497777777777777,2.6313613521215093,0.3,PSBPM-FD (predictiva bayesiana)
550,579,564,train,30,False,0.6555337962153216,0.8096504160533246,0.7218927941453468,0.6284328925978421,0.7514927358916207,2.9533918188928836,1.4654601415025168,1.3792427255055344,2.4025314323406137,0.9281693938413619,0.8475555555555555,2.6288375486746536,0.3,4.7969049539604685,18.348768433600448,59.730947456350535,0.8475555555555555,2.6288375486746536,0.3,PSBPM-FD (predictiva bayesiana)
551,580,565,train,30,False,0.6395052937148914,0.7996907487991164,0.7550879542522151,0.624083967044132,0.7459985141822407,2.6354455283476783,1.4548619318176768,1.367638226747615,2.402046119855726,0.9328587523395706,0.8408888888888889,2.6160721091107053,0.3,4.8788768835930245,18.27238637450483,59.730947456350535,0.8408888888888889,2.6160721091107053,0.3,PSBPM-FD (predictiva bayesiana)
552,581,566,train,30,False,0.6358819270862409,0.79742205079007,0.7325215617885491,0.6227492428781566,0.743249978259329,2.6354455283476783,1.4484140193054225,1.361609646000783,2.396823308217495,0.9320659963226897,0.832,2.5819337236823823,0.26666666666666666,4.95471919114378,19.014671430352667,59.730947456350535,0.832,2.5819337236823823,0.26666666666666666,PSBPM-FD (predictiva bayesiana)
553,582,567,train,30,False,0.626829889557002,0.791725892943386,0.7213902947722899,0.6173636719065368,0.736600571976377,2.6354455283476783,1.4375301633272006,1.3492284215234347,2.396620867899524,0.9303732245486243,0.824,2.5399873373947726,0.26666666666666666,4.994006558723896,19.21626841588218,59.730947456350535,0.824,2.5399873373947726,0.26666666666666666,PSBPM-FD (predictiva bayesiana)
554,583,568,train,30,False,0.6178314390844751,0.7860225436235752,0.7045946091276706,0.6089503923665368,0.7271939506926096,2.6354455283476783,1.4270455800394524,1.3364775558000683,2.427703824083926,0.9251566085372502,0.8235555555555556,2.4934646796609483,0.23333333333333334,4.947559399809419,19.181392064575345,59.730947456350535,0.8235555555555556,2.4934646796609483,0.23333333333333334,PSBPM-FD (predictiva bayesiana)
555,584,569,train,30,False,0.6268049730450768,0.7917101572198482,0.7152404627261099,0.6169431551781065,0.734408586611134,2.6354455283476783,1.4353963715565103,1.343921251838959,2.4046527593032594,0.9276230447643451,0.8208888888888889,2.4815368572037357,0.23333333333333334,5.033670871619139,20.11276082999238,59.730947456350535,0.8208888888888889,2.4815368572037357,0.23333333333333334,PSBPM-FD (predictiva bayesiana)
556,585,570,train,30,False,0.5362029837664739,0.73225882293522,0.6290146492639721,0.5755737448777903,0.6916929946726825,2.6354455283476783,1.3784028537554065,1.285961495460463,2.442952456873401,0.9446017897060883,0.8346666666666667,2.450001576227705,0.23333333333333334,4.4749631575769655,18.74099641656419,51.272864694518454,0.8346666666666667,2.450001576227705,0.23333333333333334,PSBPM-FD (predictiva bayesiana)
557,586,571,train,30,False,0.584661010662505,0.7646312906640069,0.6637109171015559,0.5994024641927943,0.7197860787814823,2.640272788297246,1.43990309110623,1.3426927745732853,2.4552165818893945,0.9413505405414667,0.8302222222222222,2.49945033588783,0.23333333333333334,4.815494869623625,20.6182290731737,72.94908036529456,0.8302222222222222,2.49945033588783,0.23333333333333334,PSBPM-FD (predictiva bayesiana)
558,587,572,train,30,False,0.6319532444095908,0.7949548694168687,0.6736820336250905,0.615766135878182,0.7439958486364895,2.640272788297246,1.4789862189110194,1.3862132623092351,2.4500635484429294,0.9358969637889512,0.832,2.5443365365931663,0.23333333333333334,4.890841623458086,20.83046846298029,72.94908036529456,0.832,2.5443365365931663,0.23333333333333334,PSBPM-FD (predictiva bayesiana)
559,588,573,train,30,False,0.6713485680911913,0.819358632157611,0.6993576874305167,0.6332259087114102,0.7664454400119995,2.640272788297246,1.520129205212301,1.4261150968829377,2.4537528814738443,0.9354212062106729,0.8288888888888889,2.583264709577223,0.23333333333333334,5.149810739373415,22.02832392043685,72.94908036529456,0.8288888888888889,2.583264709577223,0.23333333333333334,PSBPM-FD (predictiva bayesiana)
560,589,574,train,30,False,0.6822687666699886,0.8259956214593324,0.7054448491462584,0.6404694757947256,0.7746608125280051,2.640272788297246,1.5301084595510206,1.4391673312966156,2.4365865315806157,0.9378509914609097,0.8253333333333334,2.627171411199133,0.2,5.2510410687106,22.82382910368153,72.94908036529456,0.8253333333333334,2.627171411199133,0.2,PSBPM-FD (predictiva bayesiana)
561,590,575,train,30,False,0.6766671439573002,0.8225978020620407,0.7089945817864439,0.6394725461299182,0.7712346370075855,2.640272788297246,1.5229344143517136,1.4283973619410284,2.4300962745066794,0.9375598075685335,0.832,2.6457771660564986,0.2,5.1974006660627845,23.044517487748422,72.94908036529456,0.832,2.6457771660564986,0.2,PSBPM-FD (predictiva bayesiana)
562,591,576,train,30,False,0.7249642995163675,0.8514483539924002,0.692248463531268,0.6613833318661737,0.7938005047606654,2.640272788297246,1.553187007920482,1.4575850608837795,2.413383494086382,0.9322943676367137,0.8355555555555556,2.6815471734846943,0.2,5.1833147093187115,22.754609140632176,72.94908036529456,0.8355555555555556,2.6815471734846943,0.2,PSBPM-FD (predictiva bayesiana)
563,592,577,train,30,False,0.7340769544499776,0.8567829097560113,0.7018626459802593,0.6677160186495499,0.802619078133594,2.640272788297246,1.5692024560794857,1.4734787482991172,2.4179484518365393,0.9367823155601438,0.8382222222222222,2.719441129760558,0.2,5.195776486112692,22.480391087267552,72.94908036529456,0.8382222222222222,2.719441129760558,0.2,PSBPM-FD (predictiva bayesiana)
564,593,578,train,30,False,0.7374681252118739,0.858759643446217,0.7087652933589961,0.6712233183126535,0.8050061935363568,2.640272788297246,1.5670232281981273,1.472822021161327,2.400543551165843,0.937405710293806,0.8453333333333334,2.7540078876448484,0.2,5.10671084133601,22.02533242293493,72.94908036529456,0.8453333333333334,2.7540078876448484,0.2,PSBPM-FD (predictiva bayesiana)
565,594,579,train,30,False,0.8548077268477726,0.9245581251861738,0.7306233247259785,0.7116316203887465,0.8498642638130549,2.979501697650248,1.625371410463274,1.5315390483009153,2.3795030951321032,0.919211286626162,0.828,2.755382260605641,0.2,5.707396025431451,23.590818617156522,72.94908036529456,0.828,2.755382260605641,0.2,PSBPM-FD (predictiva bayesiana)
566,595,580,train,30,False,0.8220446630198495,0.9066667872045658,0.6860622659139217,0.6890380954585624,0.8262443521191501,2.979501697650248,1.5957020471210752,1.500231495183364,2.4254089257347915,0.9112987966247511,0.8355555555555556,2.779925671829894,0.2,5.624450644238859,22.806886148392405,72.94908036529456,0.8355555555555556,2.779925671829894,0.2,PSBPM-FD (predictiva bayesiana)
567,596,581,train,30,False,0.8226668748031433,0.9070098537519553,0.6758318484683363,0.6879344548329489,0.826887671406756,2.979501697650248,1.6055238652698933,1.509161666236354,2.455725351722653,0.9116633826923002,0.8324444444444444,2.822937538383477,0.16666666666666666,5.678984943424036,22.977976804904703,72.94908036529456,0.8324444444444444,2.822937538383477,0.16666666666666666,PSBPM-FD (predictiva bayesiana)
568,597,582,train,30,False,0.8092588923698644,0.8995881793186615,0.6824534567304068,0.6801538780940383,0.8195328778483096,2.979501697650248,1.5941992789364463,1.4974426873842814,2.465879739435095,0.9110089446362168,0.8204444444444444,2.793588399818943,0.13333333333333333,5.949644469401439,24.338038150513835,72.94908036529456,0.8204444444444444,2.793588399818943,0.13333333333333333,PSBPM-FD (predictiva bayesiana)
569,598,583,train,30,False,0.7803561767758673,0.8833777090100629,0.6743208217919355,0.660060505478294,0.7982141137335002,2.979501697650248,1.5711530670004998,1.4730004896307944,2.4995670413962383,0.9035932258557902,0.8253333333333334,2.798799663944946,0.13333333333333333,5.929308091747385,24.29600977074455,72.94908036529456,0.8253333333333334,2.798799663944946,0.13333333333333333,PSBPM-FD (predictiva bayesiana)
570,599,584,train,30,False,0.754719441081416,0.8687459013321536,0.6851965723484463,0.6481877004714066,0.7809821268845006,2.979501697650248,1.5403057689987165,1.4439949606678901,2.503406718179115,0.8989764736580925,0.8271111111111111,2.80597846071003,0.13333333333333333,5.913125443038512,24.166249314354367,72.94908036529456,0.8271111111111111,2.80597846071003,0.13333333333333333,PSBPM-FD (predictiva bayesiana)
571,600,585,train,30,False,0.7823551875045242,0.8845084439984302,0.7220164882400532,0.6627710512175627,0.7992057159715105,2.979501697650248,1.5718948567779514,1.4733954888271044,2.495741165006742,0.9035591705136158,0.8253333333333334,2.807500950237891,0.1,5.924951588618149,24.39100859183342,72.94908036529456,0.8253333333333334,2.807500950237891,0.1,PSBPM-FD (predictiva bayesiana)
572,601,586,train,30,False,0.7995180446838991,0.8941577291976506,0.740725426294436,0.674753297497597,0.8142039445262655,2.979501697650248,1.6129313432626469,1.5115398418398762,2.5201773844872712,0.9105820124787944,0.8204444444444444,2.8466475132707405,0.06666666666666667,6.071016404951606,25.460568960908596,72.94908036529456,0.8204444444444444,2.8466475132707405,0.06666666666666667,PSBPM-FD (predictiva bayesiana)
573,602,587,train,30,False,0.7998966478804087,0.8943694135425299,0.7933412192318334,0.672981270228984,0.81444225297283,2.979501697650248,1.620211777019947,1.515662626861766,2.5381728819781926,0.9106329450007528,0.8146666666666667,2.845578988898494,0.03333333333333333,6.123318788453528,25.985573184380556,72.94908036529456,0.8146666666666667,2.845578988898494,0.03333333333333333,PSBPM-FD (predictiva bayesiana)
574,603,588,train,30,False,0.7976580836384193,0.893117060434084,0.790888127771844,0.6719732172644018,0.8131759844359856,2.979501697650248,1.6258467069666056,1.5199535870100396,2.5492971691918522,0.9104920513339602,0.8093333333333333,2.855115154669051,0.0,6.290364102458221,27.539570658123246,72.94908036529456,0.8093333333333333,2.855115154669051,0.0,PSBPM-FD (predictiva bayesiana)
575,604,589,train,30,False,0.7948005976157575,0.8915158986892816,0.8012765503622774,0.6701777628817062,0.8113172622495386,2.979501697650248,1.6296103137592823,1.5191121297451589,2.5616658622379243,0.9100423934585439,0.812,2.8895987203244844,0.0,6.173680152489836,26.603354157975165,72.94908036529456,0.812,2.8895987203244844,0.0,PSBPM-FD (predictiva bayesiana)
576,605,590,train,30,False,0.822723367084506,0.9070409952612428,0.7890220449474891,0.6872289431204661,0.8280465845821684,2.979501697650248,1.6410292012137313,1.5320272686098304,2.521707723657865,0.9129097680349908,0.7951111111111111,2.8898486068703546,0.0,6.402179579090856,27.67298635799958,72.94908036529456,0.7951111111111111,2.8898486068703546,0.0,PSBPM-FD (predictiva bayesiana)
577,606,591,train,30,False,0.8195611375580997,0.905296160136615,0.7677042232128922,0.6858509033873692,0.8246055823470912,2.979501697650248,1.6226115867619186,1.5152288654570145,2.482464654982,0.9108683088003522,0.7991111111111111,2.932974585548043,0.03333333333333333,6.40397008810322,27.154931426052997,72.94908036529456,0.7991111111111111,2.932974585548043,0.03333333333333333,PSBPM-FD (predictiva bayesiana)
578,607,592,train,30,False,0.8101321646538366,0.9000734218128189,0.751694300861667,0.6813899864471903,0.8186274125500215,2.979501697650248,1.6008156349181162,1.4954875807999464,2.4657406510044,0.9095118161596654,0.7924444444444444,2.915353595660482,0.03333333333333333,6.3940497062997,26.33668577068206,72.94908036529456,0.7924444444444444,2.915353595660482,0.03333333333333333,PSBPM-FD (predictiva bayesiana)
579,608,593,train,30,False,0.8071095512471946,0.8983927600149028,0.7540359505896195,0.679733102570056,0.8159698444100333,2.979501697650248,1.5964153301524067,1.490361637585972,2.466222906470982,0.908255142657759,0.7933333333333333,2.8816956425442672,0.03333333333333333,6.385987708470594,26.598905769939233,72.94908036529456,0.7933333333333333,2.8816956425442672,0.03333333333333333,PSBPM-FD (predictiva bayesiana)
580,609,594,train,30,False,0.7955226507590913,0.8919207648435433,0.7996267440515293,0.6722824495687941,0.8074830958321065,2.979501697650248,1.5771085501294428,1.4726365027883277,2.4634814768897786,0.9053305267242561,0.7906666666666666,2.8884802796241518,0.03333333333333333,6.367241812097049,26.084725829441712,72.94908036529456,0.7906666666666666,2.8884802796241518,0.03333333333333333,PSBPM-FD (predictiva bayesiana)
581,610,595,train,30,False,0.793321791641743,0.8906861353146478,0.7706986068915845,0.6720823014876196,0.8066764213294916,2.979501697650248,1.582280407612622,1.4749714484760745,2.4684091969522757,0.9056797780337306,0.7884444444444444,2.8927031892698465,0.03333333333333333,6.324057904818909,25.94274740762505,72.94908036529456,0.7884444444444444,2.8927031892698465,0.03333333333333333,PSBPM-FD (predictiva bayesiana)
582,611,596,train,30,False,0.794719670883684,0.8914705103836492,0.7771499958735846,0.6733216948250816,0.8077780821884695,2.979501697650248,1.5824264176616083,1.4748853867986327,2.4627226714975703,0.906118680068102,0.7942222222222223,2.935319010475754,0.03333333333333333,6.2809305666678235,25.582008551221694,72.94908036529456,0.7942222222222223,2.935319010475754,0.03333333333333333,PSBPM-FD (predictiva bayesiana)
583,612,597,train,30,False,0.8099377726392594,0.8999654285800424,0.7497970990523423,0.681760691203102,0.818116469239708,2.979501697650248,1.6000028534648758,1.494821996977511,2.4636873275479454,0.9090532183336477,0.8053333333333333,2.9767637195432974,0.06666666666666667,6.219485639211952,25.047642682203346,72.94908036529456,0.8053333333333333,2.9767637195432974,0.06666666666666667,PSBPM-FD (predictiva bayesiana)
584,613,598,train,30,False,0.8180811729028256,0.9044783982510725,0.7612883134037095,0.6891053349561935,0.826820930103455,2.979501697650248,1.6173632144742618,1.5098670957050147,2.451795237944998,0.9141411577128008,0.8057777777777778,3.011285043277157,0.1,6.253780880262556,25.063531344342916,72.94908036529456,0.8057777777777778,3.011285043277157,0.1,PSBPM-FD (predictiva bayesiana)
585,614,599,train,30,False,0.8578091117909555,0.9261798485126718,0.7504703262197734,0.7042615709705692,0.8462622871728899,2.979501697650248,1.6524412211170803,1.5442730275331373,2.4536930952731213,0.9137126968718662,0.804,3.022515177529202,0.1,6.275704459500367,25.049073424586304,72.94908036529456,0.804,3.022515177529202,0.1,PSBPM-FD (predictiva bayesiana)
586,615,600,train,30,False,0.8867821911899265,0.9416911336472944,0.759741530757356,0.7212901204393305,0.8663511087203531,2.979501697650248,1.6913340951846343,1.5813732551121427,2.4426095150070704,0.9199949726242623,0.8053333333333333,3.057689426489485,0.1,6.297690494975937,25.117762368887476,72.94908036529456,0.8053333333333333,3.057689426489485,0.1,PSBPM-FD (predictiva bayesiana)
587,616,601,train,30,False,0.8530149537050356,0.9235880865976106,0.7539660577485244,0.7051813295125647,0.8501237304016578,2.979501697650248,1.6633986742361873,1.5553386067318633,2.4591204068105577,0.9204576615246448,0.8075555555555556,3.0165581256311595,0.1,6.0248173398145495,23.38287162191195,54.711057643459455,0.8075555555555556,3.0165581256311595,0.1,PSBPM-FD (predictiva bayesiana)
588,617,602,train,30,False,0.8025024389481487,0.8958250046455215,0.7441543098163076,0.6869336192802239,0.8230955576491353,2.979501697650248,1.6157862597918966,1.5058915570569114,2.456637696903642,0.9188128857542157,0.8133333333333334,2.997037498332948,0.1,5.854023322537411,22.91987659197176,54.711057643459455,0.8133333333333334,2.997037498332948,0.1,PSBPM-FD (predictiva bayesiana)
589,618,603,train,30,False,0.7607707132958551,0.872221711089477,0.7242304246425304,0.6681398666254349,0.7983374795256029,2.979501697650248,1.5675449536696862,1.45778468621108,2.443137930755896,0.9152919141721586,0.8226666666666667,2.9902174843744014,0.13333333333333333,5.59811790605306,21.36043393857544,54.711057643459455,0.8226666666666667,2.9902174843744014,0.13333333333333333,PSBPM-FD (predictiva bayesiana)
590,619,604,train,30,False,0.7882220299831031,0.8878186920667435,0.693924000798081,0.6794613374050094,0.8121347527268151,2.979501697650248,1.6018647272195634,1.48795065378287,2.4506642691847866,0.9147529332101079,0.8213333333333334,2.98454836243761,0.13333333333333333,5.642676785851398,21.696465785179004,54.711057643459455,0.8213333333333334,2.98454836243761,0.13333333333333333,PSBPM-FD (predictiva bayesiana)
591,620,605,train,30,False,0.7968269192208771,0.8926516225386458,0.6848068144960141,0.6867196355737178,0.8172404935106681,2.979501697650248,1.5944917622143966,1.4817475417117965,2.416250306181043,0.915520089670018,0.8173333333333334,2.9575793515695,0.13333333333333333,5.582142636693211,21.07107026789025,54.711057643459455,0.8173333333333334,2.9575793515695,0.13333333333333333,PSBPM-FD (predictiva bayesiana)
592,621,606,train,30,False,0.7376923199022899,0.858890167543144,0.6899851279085493,0.6560684026404788,0.785568382243567,2.979501697650248,1.5544195628411086,1.4414941632970364,2.4629670936257315,0.9146319423945507,0.8173333333333334,2.9498195099394717,0.13333333333333333,5.616147635003497,21.688702183655675,54.711057643459455,0.8173333333333334,2.9498195099394717,0.13333333333333333,PSBPM-FD (predictiva bayesiana)
593,622,607,train,30,False,0.7370133841621996,0.8584948364213961,0.6757215638177133,0.6565355818112305,0.7850387984790266,2.979501697650248,1.5566787567715905,1.4408989658544897,2.465149624161863,0.9144362495544315,0.8177777777777778,2.9503777635754345,0.13333333333333333,5.616311922148427,21.68732457955907,54.711057643459455,0.8177777777777778,2.9503777635754345,0.13333333333333333,PSBPM-FD (predictiva bayesiana)
594,623,608,train,30,False,0.7370600347668647,0.8585220059887019,0.6604178204260386,0.6562703445796992,0.7850700412398163,2.979501697650248,1.5598295862032534,1.4432690014589167,2.4708653018800137,0.9144437018078576,0.8213333333333334,2.9436684593619105,0.13333333333333333,5.585953942021892,21.32503089981747,54.711057643459455,0.8213333333333334,2.9436684593619105,0.13333333333333333,PSBPM-FD (predictiva bayesiana)
595,624,609,train,30,False,0.6412241949602598,0.8007647563175216,0.6144880344456931,0.6246054206189071,0.7531744144487488,2.7906012528430497,1.5388087847205718,1.4187677010143167,2.513285177768,0.9405688855643113,0.8373333333333334,2.9337138118986816,0.13333333333333333,5.089949134044744,20.91504992772337,49.78723439056057,0.8373333333333334,2.9337138118986816,0.13333333333333333,PSBPM-FD (predictiva bayesiana)
596,625,610,train,30,False,0.6422371347035144,0.80139698945249,0.6600131524921589,0.6266542948347454,0.7545799776948653,2.7906012528430497,1.53469667080156,1.4162233329273406,2.479781693599805,0.9415807491495445,0.8391111111111111,2.8993853157297966,0.16666666666666666,5.048114794985525,20.667260646696313,49.78723439056057,0.8391111111111111,2.8993853157297966,0.16666666666666666,PSBPM-FD (predictiva bayesiana)
597,626,611,train,30,False,0.6729503987867903,0.8203355403655204,0.7030714339365118,0.6436611825775178,0.7741120633781414,2.7906012528430497,1.5752730398759465,1.4530285213856893,2.4747440283903956,0.9436529630707173,0.832,2.8484068825175313,0.16666666666666666,5.194303534370521,21.886523322566305,49.78723439056057,0.832,2.8484068825175313,0.16666666666666666,PSBPM-FD (predictiva bayesiana)
598,627,612,train,30,False,0.6902785746758404,0.8308300516205709,0.7120033413857556,0.6530632979669545,0.7833338989689698,2.7906012528430497,1.5852020311563717,1.4658719481063713,2.459061875760591,0.9428328903619245,0.8422222222222222,2.8782478861259038,0.16666666666666666,4.9273643262664235,20.625893996921306,49.78723439056057,0.8422222222222222,2.8782478861259038,0.16666666666666666,PSBPM-FD (predictiva bayesiana)
599,628,613,train,30,False,0.7180705970489158,0.8473904631566936,0.7353767293088956,0.6703116646507356,0.804091270791154,2.7906012528430497,1.6198167349254688,1.498946118018622,2.4453844876401685,0.9489029033861889,0.8426666666666667,2.8758057203214977,0.16666666666666666,4.959284290376567,21.080561738453387,49.78723439056057,0.8426666666666667,2.8758057203214977,0.16666666666666666,PSBPM-FD (predictiva bayesiana)
600,629,614,train,30,False,0.7215519909064242,0.849442164544723,0.7375618946523222,0.6743349784622105,0.8073494000158139,2.7906012528430497,1.6158736679868488,1.4951410641007432,2.4152788289332814,0.9504465797839577,0.8408888888888889,2.837350459153738,0.16666666666666666,4.907816880927744,20.79925026049727,49.78723439056057,0.8408888888888889,2.837350459153738,0.16666666666666666,PSBPM-FD (predictiva bayesiana)
601,630,615,train,30,False,0.7041386392177493,0.8391296915362663,0.7221007190488007,0.6655671275862002,0.7974983080465948,2.7906012528430497,1.6077552589393769,1.485971055740598,2.4380242879138634,0.9503874265091808,0.8373333333333334,2.8321534573554525,0.16666666666666666,4.955407568688672,21.43702631756185,49.78723439056057,0.8373333333333334,2.8321534573554525,0.16666666666666666,PSBPM-FD (predictiva bayesiana)
602,631,616,train,30,False,0.7450350649151731,0.8631541374025691,0.711305940072482,0.6819041672158118,0.8164160359217033,2.7906012528430497,1.6362420134306974,1.5125348620239196,2.4224368267791805,0.9458519637969742,0.8302222222222222,2.829831664505803,0.16666666666666666,5.095238925416779,22.13163956201697,55.977071659025704,0.8302222222222222,2.829831664505803,0.16666666666666666,PSBPM-FD (predictiva bayesiana)
603,632,617,train,30,False,0.746159547479533,0.8638052717363636,0.6953189756116593,0.6841230060106371,0.8171115666424686,2.7906012528430497,1.626205569411374,1.5067029292401686,2.399019206419323,0.9459441767471105,0.836,2.8979959136643707,0.2,5.109437744871035,21.696339698116148,55.977071659025704,0.836,2.8979959136643707,0.2,PSBPM-FD (predictiva bayesiana)
604,633,618,train,30,False,0.7312183500985822,0.855113062757541,0.6854818199897714,0.6758106618977273,0.8065339208985216,2.7906012528430497,1.601802332453537,1.4824225345085067,2.393325207421994,0.9431898026415794,0.8391111111111111,2.8703462721952495,0.2,4.934056935111183,20.31218334535679,55.977071659025704,0.8391111111111111,2.8703462721952495,0.2,PSBPM-FD (predictiva bayesiana)
605,634,619,train,30,False,0.7384973228712713,0.8593586695153959,0.7082015313144849,0.6778697236402645,0.8110364185250164,2.7906012528430497,1.6062119173127527,1.4925667827680054,2.3919407432949553,0.9437694030390953,0.8346666666666667,2.8453622353410917,0.2,5.001998694895719,20.59799424153317,55.977071659025704,0.8346666666666667,2.8453622353410917,0.2,PSBPM-FD (predictiva bayesiana)
606,635,620,train,30,False,0.712365016471658,0.8440171896778276,0.7195981048817854,0.6627294125767345,0.7957849285700624,2.7906012528430497,1.5880053872035707,1.4738216124689656,2.4080111202512438,0.9428539350884831,0.8524444444444444,2.881043017889347,0.23333333333333334,4.809415546386995,19.52955058063329,55.977071659025704,0.8524444444444444,2.881043017889347,0.23333333333333334,PSBPM-FD (predictiva bayesiana)
607,636,621,train,30,False,0.7151122914689438,0.8456431229951225,0.7410523371516944,0.664039354407979,0.7988150393139584,2.7906012528430497,1.6077574874241083,1.4891805054764802,2.4511967892870095,0.9446242955121458,0.8493333333333334,2.8693368741024234,0.2,4.833394951880826,20.11812512767626,55.977071659025704,0.8493333333333334,2.8693368741024234,0.2,PSBPM-FD (predictiva bayesiana)
608,637,622,train,30,False,0.7038296332576557,0.8389455484461764,0.7569098223044287,0.6555755925112476,0.7884287121098666,2.7906012528430497,1.591787334915963,1.4743204162665822,2.4570901612692713,0.9397853216697165,0.8635555555555555,2.891811850662731,0.23333333333333334,4.671578563484547,19.328791812220114,55.977071659025704,0.8635555555555555,2.891811850662731,0.23333333333333334,PSBPM-FD (predictiva bayesiana)
609,638,623,train,30,False,0.7081754016380363,0.8415315808916718,0.7693305089746887,0.6590512489487661,0.7921457602307541,2.7906012528430497,1.6002294165298692,1.4820989566330973,2.454634559322346,0.9413143585073902,0.8666666666666667,2.914710506888598,0.23333333333333334,4.640647275275484,18.819083546898394,55.977071659025704,0.8666666666666667,2.914710506888598,0.23333333333333334,PSBPM-FD (predictiva bayesiana)
610,639,624,train,30,False,0.7085192117591633,0.8417358325265495,0.7791628666544661,0.6589576246490475,0.7924527607443816,2.7906012528430497,1.6030043656863968,1.483806187125207,2.4612521045597537,0.9414506667320551,0.8737777777777778,2.9049421536743174,0.26666666666666666,4.594495139392536,18.53813199935415,55.977071659025704,0.8737777777777778,2.9049421536743174,0.26666666666666666,PSBPM-FD (predictiva bayesiana)
611,640,625,train,30,False,0.6587762736126153,0.8116503395013245,0.7826898149119156,0.6361952165199586,0.7666993486773153,2.6959707659050127,1.5563770251456184,1.440801540197513,2.480735768977534,0.9446177884289102,0.8857777777777778,2.8977155001849817,0.26666666666666666,4.383199076426057,17.360796132336052,55.977071659025704,0.8857777777777778,2.8977155001849817,0.26666666666666666,PSBPM-FD (predictiva bayesiana)
612,641,626,train,30,False,0.6815098224042776,0.8255360818306354,0.7661828117042324,0.6492571401881083,0.7800522323559496,2.6959707659050127,1.5748427539254142,1.4567191400441897,2.4659292525084067,0.9449038625012912,0.8857777777777778,2.8893540573562237,0.26666666666666666,4.373698348271066,17.395734397944672,55.977071659025704,0.8857777777777778,2.8893540573562237,0.26666666666666666,PSBPM-FD (predictiva bayesiana)
613,642,627,train,30,False,0.6753416870918857,0.8217917540909532,0.7457985337976876,0.6453149003719949,0.776361924625559,2.6959707659050127,1.5809520245245243,1.4595981683511143,2.4878496135294546,0.944718562532125,0.8835555555555555,2.8815411821161137,0.23333333333333334,4.375186718533905,17.60122343018693,55.977071659025704,0.8835555555555555,2.8815411821161137,0.23333333333333334,PSBPM-FD (predictiva bayesiana)
614,643,628,train,30,False,0.6745600018731536,0.821316018273815,0.7384338293585866,0.6448016616626566,0.7756976493297354,2.6959707659050127,1.5808628688394548,1.4597750720918206,2.4907271870068093,0.9444569837564386,0.88,2.8551172923168635,0.2,4.390419971779183,18.08689474124132,55.977071659025704,0.88,2.8551172923168635,0.2,PSBPM-FD (predictiva bayesiana)
615,644,629,train,30,False,0.6285226028066847,0.7927941743016813,0.7142113068092075,0.6245384916540362,0.7514635141406997,2.6959707659050127,1.5379198620975174,1.4185391526463826,2.4956250890979006,0.9478670990520494,0.8786666666666667,2.847607996418684,0.2,4.338346032502026,17.52767417556007,55.977071659025704,0.8786666666666667,2.847607996418684,0.2,PSBPM-FD (predictiva bayesiana)
616,645,630,train,30,False,0.8226050927292538,0.9069757950073716,0.8017567604594574,0.6748352044886394,0.8047371701507146,4.141889288578582,1.6062773529767296,1.4868107691428243,2.4712416335747025,0.8872752443676556,0.86,2.8535327636003753,0.2,5.2206686636001525,19.369286241666636,75.88704536573691,0.86,2.8535327636003753,0.2,PSBPM-FD (predictiva bayesiana)
617,646,631,train,30,False,0.8475841599327454,0.9206433402424337,0.7895807473194495,0.6866879725338859,0.817392924831539,4.141889288578582,1.6236454845220247,1.5042768066561374,2.4542731787720413,0.8878497123721053,0.8626666666666667,2.9076942484114165,0.2,5.243999091030014,19.621315544191962,75.88704536573691,0.8626666666666667,2.9076942484114165,0.2,PSBPM-FD (predictiva bayesiana)
618,647,632,train,30,False,0.8472230967095231,0.9204472264663103,0.7703277649446563,0.6857770442925013,0.8170483001695884,4.141889288578582,1.6193645920980297,1.5022403430524502,2.449477977205731,0.8876644707880963,0.86,2.8845317809970323,0.2,5.197094997576187,19.064720049007843,75.88704536573691,0.86,2.8845317809970323,0.2,PSBPM-FD (predictiva bayesiana)
619,648,633,train,30,False,0.8806351026150844,0.938421601741501,0.7425173263076204,0.7021492625572654,0.8382214911294442,4.141889288578582,1.66455785577503,1.5470843647711583,2.4655964258194145,0.8932248464590885,0.8457777777777777,2.842446637929262,0.16666666666666666,5.409351257810379,20.33451786775428,75.88704536573691,0.8457777777777777,2.842446637929262,0.16666666666666666,PSBPM-FD (predictiva bayesiana)
620,649,634,train,30,False,0.8463110781240974,0.919951671624166,0.7217524658027175,0.6865549206676209,0.8196237954486214,4.141889288578582,1.6297005049338529,1.5118796833560644,2.4768800360231826,0.8909422317822232,0.8471111111111111,2.8118640174550626,0.16666666666666666,5.307244896553824,19.72317266801975,75.88704536573691,0.8471111111111111,2.8118640174550626,0.16666666666666666,PSBPM-FD (predictiva bayesiana)
621,650,635,train,30,False,0.8267886837558142,0.9092792111094448,0.6977324045649607,0.6732085047438523,0.8059576713899097,4.141889288578582,1.6093515952110609,1.4914802284780009,2.489152201141543,0.8863698427752804,0.8493333333333334,2.8009775127821808,0.16666666666666666,5.2691948202413865,19.589582129267846,75.88704536573691,0.8493333333333334,2.8009775127821808,0.16666666666666666,PSBPM-FD (predictiva bayesiana)
622,651,636,train,30,False,0.8247085364096284,0.9081346466299083,0.6841626474751765,0.6722191572269015,0.8034897890662785,4.141889288578582,1.5961596990991227,1.4767838517862613,2.458879817256841,0.8847694469625542,0.8537777777777777,2.785656978646035,0.2,5.188810995309897,18.67876852819421,75.88704536573691,0.8537777777777777,2.785656978646035,0.2,PSBPM-FD (predictiva bayesiana)
623,652,637,train,30,False,0.8221079354664963,0.9067016794219013,0.6730562928994488,0.6694986449246163,0.8013247486531149,4.141889288578582,1.592942938272962,1.4764639000818718,2.465695586479831,0.8837799320764763,0.8555555555555555,2.785852798999132,0.23333333333333334,5.185495447553589,18.59517024400893,75.88704536573691,0.8555555555555555,2.785852798999132,0.23333333333333334,PSBPM-FD (predictiva bayesiana)
624,653,638,train,30,False,0.8202613719244266,0.9056828208177665,0.6814360848722869,0.6674952618682006,0.800056553836724,4.141889288578582,1.5928385578022,1.4757591541650046,2.473304818148045,0.8833738870240802,0.8524444444444444,2.7961984080357167,0.23333333333333334,5.252444380803282,19.3077265668619,75.88704536573691,0.8524444444444444,2.7961984080357167,0.23333333333333334,PSBPM-FD (predictiva bayesiana)
625,654,639,train,30,False,0.7970854828783361,0.8927964397769158,0.6821907381736824,0.6561699784618048,0.7857338236860739,4.141889288578582,1.563124049288966,1.446672375500637,2.482582883782779,0.8800817170400077,0.8537777777777777,2.8056945810739675,0.23333333333333334,5.168794238066468,18.516281852106083,75.88704536573691,0.8537777777777777,2.8056945810739675,0.23333333333333334,PSBPM-FD (predictiva bayesiana)
626,655,640,train,30,False,0.8045137829459384,0.8969469231487103,0.6802243336265095,0.6632949870035636,0.7932499476656428,4.141889288578582,1.573697930770091,1.4557491648141536,2.4728912650762056,0.8843889501075026,0.8497777777777777,2.8184419441247464,0.2,5.199022712108762,18.772222630000677,75.88704536573691,0.8497777777777777,2.8184419441247464,0.2,PSBPM-FD (predictiva bayesiana)
627,656,641,train,30,False,0.8085334294598013,0.8991848694566659,0.6678994027011204,0.6660740656795252,0.7950664020489697,4.141889288578582,1.567396936864989,1.4504277766173561,2.4593839270963587,0.8842079410537569,0.8471111111111111,2.8232441920480276,0.2,5.21023505526574,18.779708221337334,75.88704536573691,0.8471111111111111,2.8232441920480276,0.2,PSBPM-FD (predictiva bayesiana)
628,657,642,train,30,False,0.7805914168116406,0.883510847025457,0.6488750183914527,0.6515112127203395,0.7780969867094049,4.141889288578582,1.53721160526203,1.4209449046910574,2.461087436034643,0.8806875312612716,0.8417777777777777,2.8060404577395466,0.2,5.273494431790351,19.411178260399556,75.88704536573691,0.8417777777777777,2.8060404577395466,0.2,PSBPM-FD (predictiva bayesiana)
629,658,643,train,30,False,0.7977107441447069,0.893146541248807,0.6230843418082072,0.6601939594312696,0.7858943075513017,4.141889288578582,1.5450994748168871,1.430668771785461,2.4503012721761808,0.8799164204929417,0.8333333333333334,2.771091147774572,0.2,5.285683238415007,19.38176038118168,75.88704536573691,0.8333333333333334,2.771091147774572,0.2,PSBPM-FD (predictiva bayesiana)
630,659,644,train,30,False,0.7927000114829705,0.8903370212919209,0.608145957183382,0.6551309905067291,0.780975593519243,4.141889288578582,1.5409110316876917,1.426012213078573,2.465960692160741,0.8771685045579825,0.8373333333333334,2.7794657838451675,0.2,5.264939561461051,19.13078862421377,75.88704536573691,0.8373333333333334,2.7794657838451675,0.2,PSBPM-FD (predictiva bayesiana)
631,660,645,train,30,False,0.782511577929745,0.8845968448563136,0.6060131652106953,0.6493308708605315,0.7726380782166656,4.141889288578582,1.5183619067646625,1.4046706201916648,2.453193531304969,0.8734352634302764,0.836,2.7919352238649604,0.2,5.280775511363975,18.858047511702196,75.88704536573691,0.836,2.7919352238649604,0.2,PSBPM-FD (predictiva bayesiana)
632,661,646,train,30,False,0.7307642390024771,0.8548474945874714,0.5893252165327889,0.62743177213597,0.7457053269126033,4.141889288578582,1.466132554697878,1.3533891927833792,2.45224744604017,0.872325568752427,0.8346666666666667,2.751186454565937,0.2,5.121552634949462,17.934478994936388,75.88704536573691,0.8346666666666667,2.751186454565937,0.2,PSBPM-FD (predictiva bayesiana)
633,662,647,train,30,False,0.7126953111541873,0.8442128352223669,0.5971770279451079,0.6136837684736755,0.7303545347488782,4.141889288578582,1.4428600776142853,1.3287612354696539,2.4741962971782434,0.8651308109482863,0.8288888888888889,2.6468701132270507,0.16666666666666666,5.058430270360424,18.32697958448891,75.88704536573691,0.8288888888888889,2.6468701132270507,0.16666666666666666,PSBPM-FD (predictiva bayesiana)
634,663,648,train,30,False,0.7215987844838954,0.8494697078082863,0.6036938439617542,0.6200462447067417,0.7372003535966236,4.141889288578582,1.449107369702099,1.3361996447205087,2.4599651364015376,0.8678359532074092,0.8217777777777778,2.6617343039743915,0.16666666666666666,5.202834535809348,19.241256624641057,75.88704536573691,0.8217777777777778,2.6617343039743915,0.16666666666666666,PSBPM-FD (predictiva bayesiana)
635,664,649,train,30,False,0.6988493571317647,0.8359721030822528,0.5897668567828304,0.6051914364776468,0.717703364855226,4.141889288578582,1.4080456233036458,1.2963429580442485,2.4478326752133364,0.8585254964956766,0.8351111111111111,2.695532213971381,0.2,5.0986681416298,18.47274480054739,75.88704536573691,0.8351111111111111,2.695532213971381,0.2,PSBPM-FD (predictiva bayesiana)
636,665,650,train,30,False,0.698192768879726,0.8355793013710464,0.6084257259441782,0.6040388026855862,0.7171738567118358,4.141889288578582,1.413435451944153,1.2993540097180412,2.4642336811385386,0.8582953832569488,0.8288888888888889,2.7010013628257954,0.16666666666666666,5.149517970720086,18.94979847351283,75.88704536573691,0.8288888888888889,2.7010013628257954,0.16666666666666666,PSBPM-FD (predictiva bayesiana)
637,666,651,train,30,False,0.7507350931017359,0.866449706042847,0.6236933281778413,0.6325027997858175,0.7455793253267762,4.141889288578582,1.4377114393658041,1.3283901908527536,2.4069375800890045,0.8604992535941911,0.8195555555555556,2.7084236837326965,0.16666666666666666,5.343783881403892,19.42284585944202,75.88704536573691,0.8195555555555556,2.7084236837326965,0.16666666666666666,PSBPM-FD (predictiva bayesiana)
638,667,652,train,30,False,0.7664231678150937,0.8754559770857091,0.6366555425060721,0.6423869176641887,0.7589287099560112,4.141889288578582,1.4612362307868876,1.3524002405332238,2.408077544468459,0.8668953434784882,0.8168888888888889,2.720040752813996,0.13333333333333333,5.37041431575596,19.693957720884228,75.88704536573691,0.8168888888888889,2.720040752813996,0.13333333333333333,PSBPM-FD (predictiva bayesiana)
639,668,653,train,30,False,0.7727026729548443,0.8790350806167205,0.6420814791219999,0.6476630194830789,0.7633699912896686,4.141889288578582,1.4686248384986713,1.358661970391857,2.3976723445461956,0.8684181190517418,0.8124444444444444,2.730392973965189,0.13333333333333333,5.473194620198217,20.53106205635886,75.88704536573691,0.8124444444444444,2.730392973965189,0.13333333333333333,PSBPM-FD (predictiva bayesiana)
640,669,654,train,30,False,0.780500631713213,0.8834594680647285,0.6377802493276064,0.6524452500252874,0.7693318814926582,4.141889288578582,1.4845899876254551,1.3744936835395491,2.4040791931506913,0.8708174051017035,0.8084444444444444,2.739625882552678,0.1,5.5310527075307565,21.227136007386086,75.88704536573691,0.8084444444444444,2.739625882552678,0.1,PSBPM-FD (predictiva bayesiana)
641,670,655,train,30,False,0.7856782817523666,0.8863849512217401,0.6389738264738275,0.6570789517363399,0.7733761775458832,4.141889288578582,1.4854777627280717,1.3755220644834374,2.3821437237601604,0.8725059879230888,0.8071111111111111,2.7471019757237904,0.1,5.569259402364536,21.65220922914656,75.88704536573691,0.8071111111111111,2.7471019757237904,0.1,PSBPM-FD (predictiva bayesiana)
642,671,656,train,30,False,0.7988103689568457,0.8937619196166536,0.6375186127763021,0.6609419716818751,0.7791455148299673,4.141889288578582,1.496715242900144,1.3916457164578089,2.3853057069067627,0.8717595790657015,0.8004444444444444,2.7434598181766146,0.1,5.658071721299057,21.957393684313264,75.88704536573691,0.8004444444444444,2.7434598181766146,0.1,PSBPM-FD (predictiva bayesiana)
643,672,657,train,30,False,0.8007037822903377,0.8948205307715831,0.6644272082665156,0.660456328721837,0.780331629051279,4.141889288578582,1.4993835277090006,1.3923491683406806,2.3916261909777146,0.8720537830959433,0.7991111111111111,2.7470480512244007,0.1,5.6805158965967495,22.24163732502467,75.88704536573691,0.7991111111111111,2.7470480512244007,0.1,PSBPM-FD (predictiva bayesiana)
644,673,658,train,30,False,0.8080632816085337,0.8989234014133427,0.6527799021652492,0.6662431929346305,0.7858917421699376,4.141889288578582,1.5055101281733818,1.3967491117807131,2.3752138783935965,0.8742588533509198,0.8026666666666666,2.7761654157982103,0.13333333333333333,5.667924887242285,21.76316435267757,75.88704536573691,0.8026666666666666,2.7761654157982103,0.13333333333333333,PSBPM-FD (predictiva bayesiana)
645,674,659,train,30,False,0.8466151644091617,0.9201169297481498,0.6328749148077958,0.6841742635133282,0.8071767843387482,4.141889288578582,1.535415877867103,1.4279819531629239,2.3626261586070045,0.8772545730244141,0.7982222222222223,2.752948212702862,0.13333333333333333,5.728516188254422,21.933398712510243,75.88704536573691,0.7982222222222223,2.752948212702862,0.13333333333333333,PSBPM-FD (predictiva bayesiana)
646,675,660,train,30,False,0.6270919878035348,0.791891398995806,0.6034889550696797,0.6202951714396734,0.73752864861252,2.323254106202679,1.4342285086353725,1.3287328056813597,2.389521725728054,0.9313507503020956,0.8208888888888889,2.745861915503318,0.13333333333333333,4.803441174107136,19.642052746155564,45.541966509414145,0.8208888888888889,2.745861915503318,0.13333333333333333,PSBPM-FD (predictiva bayesiana)
647,676,661,train,30,False,0.5947447216551421,0.771196940901053,0.5705973232749058,0.6052358155858119,0.7197582960602344,2.2654424749259543,1.4037423364294115,1.2992138079890865,2.399135116217428,0.9333002478190352,0.8248888888888889,2.721352440583416,0.13333333333333333,4.716127575062575,18.934119517086707,45.541966509414145,0.8248888888888889,2.721352440583416,0.13333333333333333,PSBPM-FD (predictiva bayesiana)
648,677,662,train,30,False,0.6600274025967917,0.8124207054210224,0.6077856568993196,0.634390307611154,0.7522184266292052,2.743038847659432,1.4623396506650628,1.353807011209518,2.391950441671919,0.9258976557464541,0.8195555555555556,2.752072362119332,0.13333333333333333,4.951886244039262,20.141806445433357,48.01291964906064,0.8195555555555556,2.752072362119332,0.13333333333333333,PSBPM-FD (predictiva bayesiana)
649,678,663,train,30,False,0.6384442387061652,0.7990270575557283,0.6202984658460003,0.624082226347674,0.7406536609970256,2.743038847659432,1.443404064625116,1.334210625287727,2.4003217191360076,0.9269444056910031,0.8302222222222222,2.8011064649631994,0.13333333333333333,4.793627358811286,19.531953623511615,48.01291964906064,0.8302222222222222,2.8011064649631994,0.13333333333333333,PSBPM-FD (predictiva bayesiana)
650,679,664,train,30,False,0.6363083780145331,0.7976893994623052,0.6219832324789568,0.6245121639792752,0.7389253763208331,2.743038847659432,1.4310140303689272,1.324765025191399,2.374308235830613,0.9263322000002973,0.8311111111111111,2.830341885123195,0.13333333333333333,4.818507037419666,19.585764884906606,48.01291964906064,0.8311111111111111,2.830341885123195,0.13333333333333333,PSBPM-FD (predictiva bayesiana)
651,680,665,train,30,False,0.7109218222039289,0.8431618007262478,0.6282714006136714,0.6537198433640301,0.7746307026496202,3.205783491985758,1.5043452184173227,1.3978278200526983,2.379085222175623,0.9187212964135719,0.8315555555555556,2.8653809877731318,0.13333333333333333,4.95408949591675,20.538393084612405,48.01291964906064,0.8315555555555556,2.8653809877731318,0.13333333333333333,PSBPM-FD (predictiva bayesiana)
652,681,666,train,30,False,0.7859873620387755,0.8865592828676352,0.6414216154145754,0.6904353824000536,0.8134535972730322,3.205783491985758,1.5587563388770145,1.4520804265530922,2.356864483195201,0.9175399919584198,0.812,2.8790773765993203,0.1,5.236766368025493,21.62391372544295,48.01291964906064,0.812,2.8790773765993203,0.1,PSBPM-FD (predictiva bayesiana)
653,682,667,train,30,False,0.9364882506084674,0.9677232303755384,0.7038724807804811,0.7384199416837656,0.8678329818795552,3.8242763033120437,1.6466736584270554,1.5371888373674265,2.3387307123281955,0.8967780814177422,0.8066666666666666,2.9781489688524356,0.06666666666666667,5.424156157063281,22.80937539634613,48.01291964906064,0.8066666666666666,2.9781489688524356,0.06666666666666667,PSBPM-FD (predictiva bayesiana)
654,683,668,train,30,False,0.9653145358726525,0.9825042167200365,0.6932908548590976,0.7508915149321507,0.8831791954117278,3.8242763033120437,1.6701667313263813,1.562177871444606,2.330502540325321,0.8989062646062809,0.8057777777777778,3.0613512886524616,0.06666666666666667,5.4902395319749475,22.63061377907634,48.01291964906064,0.8057777777777778,3.0613512886524616,0.06666666666666667,PSBPM-FD (predictiva bayesiana)
655,684,669,train,30,False,0.9668693289845467,0.9832951382898965,0.6745475321165968,0.7537168736861471,0.8844468945140596,3.8242763033120437,1.6636541088818615,1.5576346128339758,2.300841049955683,0.8994724575291306,0.7964444444444444,3.080676160530291,0.06666666666666667,5.5621942443968635,22.79379889560581,48.01291964906064,0.7964444444444444,3.080676160530291,0.06666666666666667,PSBPM-FD (predictiva bayesiana)
656,685,670,train,30,False,0.9605759252787067,0.9800897536851952,0.6631362273904547,0.7467718733543998,0.8783403703566964,3.8242763033120437,1.6655063716167453,1.5587902366393949,2.3475775800318774,0.8961836067095742,0.7982222222222223,3.1104374999298403,0.06666666666666667,5.6047812566648805,23.19542386226627,48.01291964906064,0.7982222222222223,3.1104374999298403,0.06666666666666667,PSBPM-FD (predictiva bayesiana)
657,686,671,train,30,False,0.9228425503019438,0.9606469436280656,0.6402247628354014,0.7239618037870078,0.8536005165116712,3.8242763033120437,1.6288839546349456,1.5228386783742593,2.385241408962716,0.8885683987999657,0.8048888888888889,3.0618386074579838,0.06666666666666667,5.407269511690681,22.464544653681955,48.01291964906064,0.8048888888888889,3.0618386074579838,0.06666666666666667,PSBPM-FD (predictiva bayesiana)
658,687,672,train,30,False,0.9221720306119447,0.9602978863935632,0.6354698516434649,0.7223514445223392,0.8530016031186362,3.8242763033120437,1.6293347611277615,1.5224288512129576,2.394233494226134,0.8882677085983366,0.8004444444444444,3.037631432012758,0.06666666666666667,5.466927334451859,22.50723141482281,48.01291964906064,0.8004444444444444,3.037631432012758,0.06666666666666667,PSBPM-FD (predictiva bayesiana)
659,688,673,train,30,False,0.892032867945899,0.9444749165255258,0.6449591445637689,0.708672747593765,0.8377074674681274,3.8242763033120437,1.604934654487083,1.49628845948358,2.3969722486897544,0.8869557600850134,0.7973333333333333,3.030842810905021,0.06666666666666667,5.61967496147028,22.835605161921624,48.01291964906064,0.7973333333333333,3.030842810905021,0.06666666666666667,PSBPM-FD (predictiva bayesiana)
660,689,674,train,30,False,0.8939224559977792,0.945474725203048,0.6519146848897465,0.7107165492400763,0.839734983536427,3.8242763033120437,1.6131453283172017,1.501265485362284,2.404816208175866,0.8881622756822901,0.7933333333333333,3.0191279280411285,0.06666666666666667,5.659561520006787,23.46727989161688,48.01291964906064,0.7933333333333333,3.0191279280411285,0.06666666666666667,PSBPM-FD (predictiva bayesiana)
661,690,675,train,30,False,0.9185902407819452,0.9584311351275819,0.6632534525900863,0.7265948083502808,0.8564708327058973,3.8242763033120437,1.6388177837731603,1.5262644252935524,2.3853976060464364,0.8936174977160857,0.7835555555555556,2.9756091025895954,0.06666666666666667,5.792664441052242,23.91027388498974,48.01291964906064,0.7835555555555556,2.9756091025895954,0.06666666666666667,PSBPM-FD (predictiva bayesiana)
662,691,676,train,30,False,0.9709252498582673,0.9853553926671672,0.6926890756986308,0.7498457184896424,0.883618392970994,3.8242763033120437,1.6820081336301136,1.572998353799218,2.375983310133435,0.896750958635553,0.7755555555555556,2.9942710195914324,0.06666666666666667,6.1009930408496205,24.543946659620143,48.01291964906064,0.7755555555555556,2.9942710195914324,0.06666666666666667,PSBPM-FD (predictiva bayesiana)
663,692,677,train,30,False,0.9680265094185715,0.9838833820217574,0.6861322599375816,0.7458825971836361,0.8784580498125292,3.8242763033120437,1.6690514271521435,1.5624258477653663,2.3650837805821876,0.8928477356812426,0.7813333333333333,3.0029479131203973,0.1,6.068475864134802,24.053838799191062,48.01291964906064,0.7813333333333333,3.0029479131203973,0.1,PSBPM-FD (predictiva bayesiana)
664,693,678,train,30,False,0.9853421390744066,0.9926440142742042,0.6883801153640929,0.754513761897717,0.8881030517876043,3.8242763033120437,1.6912397780293917,1.5825285786453622,2.370283886441092,0.8946843369996669,0.7653333333333333,2.9417214790795825,0.1,6.495755019323954,24.957228263602534,62.79253894468858,0.7653333333333333,2.9417214790795825,0.1,PSBPM-FD (predictiva bayesiana)
665,694,679,train,30,False,1.0020158109286919,1.0010073980389416,0.6887969910159799,0.767922669943984,0.903896729229288,3.8242763033120437,1.7159709548093953,1.6079980717444797,2.362908755942971,0.9029870618340068,0.7497777777777778,2.912617954803217,0.06666666666666667,6.768228824113583,26.063476585211692,62.79253894468858,0.7497777777777778,2.912617954803217,0.06666666666666667,PSBPM-FD (predictiva bayesiana)
666,695,680,train,30,False,0.9950481755387771,0.9975210150862873,0.6808234792071095,0.7635431563054667,0.8970588400055756,3.8242763033120437,1.6969105443279053,1.5900865794118721,2.3428541343554667,0.8992881617917377,0.7533333333333333,2.9044678842203897,0.06666666666666667,6.726285850775195,25.796623381962824,62.79253894468858,0.7533333333333333,2.9044678842203897,0.06666666666666667,PSBPM-FD (predictiva bayesiana)
667,696,681,train,30,False,0.9400075235902668,0.9695398514709268,0.6845241806523297,0.733213510805296,0.8659250845441179,3.8242763033120437,1.6605488100998358,1.553203300895959,2.3830034868866714,0.8931299556489495,0.7622222222222222,2.896421117713675,0.06666666666666667,6.512811514904799,25.068213117678667,62.79253894468858,0.7622222222222222,2.896421117713675,0.06666666666666667,PSBPM-FD (predictiva bayesiana)
668,697,682,train,30,False,0.9491089145479723,0.9742222100465439,0.6658796875544528,0.7373745861049319,0.8711762671164511,3.8242763033120437,1.669718682736716,1.561515013089774,2.3822663223132206,0.8942274751412518,0.764,2.8918696160835937,0.06666666666666667,6.493561992970692,24.81069382725659,62.79253894468858,0.764,2.8918696160835937,0.06666666666666667,PSBPM-FD (predictiva bayesiana)
669,698,683,train,30,False,1.0161137490059662,1.0080246767842374,0.658835940560102,0.7654816314453843,0.8992274028344807,3.8242763033120437,1.6894646974865641,1.5845265473057464,2.350620384083574,0.8920688387343476,0.7662222222222222,2.891520428424701,0.06666666666666667,6.437835652343434,24.451863313066973,62.79253894468858,0.7662222222222222,2.891520428424701,0.06666666666666667,PSBPM-FD (predictiva bayesiana)
670,699,684,train,30,False,1.0254297952543274,1.0126350750661994,0.6633709386201068,0.7706327827334788,0.9048542890702793,3.8242763033120437,1.6940340855196288,1.5903223267038944,2.3379549633201497,0.8935640403440754,0.7648888888888888,2.886044178498909,0.06666666666666667,6.412904986158462,24.13960725314289,62.79253894468858,0.7648888888888888,2.886044178498909,0.06666666666666667,PSBPM-FD (predictiva bayesiana)
671,700,685,train,30,False,1.0223062596068364,1.0110916178105902,0.6684746766149144,0.7689513443138709,0.9025078307339724,3.8242763033120437,1.689626376178167,1.5877307271429448,2.3371796052243132,0.8926073709208032,0.7617777777777778,2.849899401464189,0.06666666666666667,6.3869560345010115,23.90823507430318,62.79253894468858,0.7617777777777778,2.849899401464189,0.06666666666666667,PSBPM-FD (predictiva bayesiana)
672,701,686,train,30,True,0.9794442262609613,0.9896687457230128,0.6767774140340379,0.7450668736893332,0.8771019251935289,3.8242763033120437,1.65308220944285,1.5478641011542202,2.379182699738105,0.8862580828019915,0.7675555555555555,2.819307948084548,0.06666666666666667,6.31796496968501,24.09544243778725,62.79253894468858,0.7675555555555555,2.819307948084548,0.06666666666666667,PSBPM-FD (predictiva bayesiana)
673,702,687,train,30,True,0.9802149741550978,0.9900580660522381,0.6770541304071157,0.7476442077829637,0.8775701951678243,3.8242763033120437,1.6390903342047405,1.5387552550320407,2.348862003779241,0.8863825519517775,0.7644444444444445,2.781100947474647,0.06666666666666667,6.340287934385248,24.508511475240223,62.79253894468858,0.7644444444444445,2.781100947474647,0.06666666666666667,PSBPM-FD (predictiva bayesiana)
674,703,688,train,30,True,0.9689270022223766,0.9843408973634981,0.6953721345571101,0.7391161599670031,0.8682469084361439,3.8242763033120437,1.6222933029887878,1.5234259914957586,2.357988515259295,0.8820591634074075,0.76,2.7471337218518475,0.03333333333333333,6.3271807857044395,24.680634663439164,62.79253894468858,0.76,2.7471337218518475,0.03333333333333333,PSBPM-FD (predictiva bayesiana)
675,704,689,train,30,True,0.9318879671364929,0.9653434451719725,0.7440240548867224,0.7219507623281652,0.8482119764391995,3.8242763033120437,1.5994773522656018,1.4963163769581906,2.381054280003532,0.8786634235529446,0.7631111111111111,2.739555261546539,0.03333333333333333,6.303927504485142,25.180749439665234,62.79253894468858,0.7631111111111111,2.739555261546539,0.03333333333333333,PSBPM-FD (predictiva bayesiana)
676,705,690,train,30,True,0.9419297102375624,0.9705306333329012,0.7548039310004442,0.7273805205234118,0.8559658530220651,3.8242763033120437,1.6168278258566624,1.5121247830064908,2.3867625849971774,0.8819565540992672,0.7524444444444445,2.7055733505628177,0.03333333333333333,6.537267703539277,26.410219273294096,62.79253894468858,0.7524444444444445,2.7055733505628177,0.03333333333333333,PSBPM-FD (predictiva bayesiana)
677,706,691,train,30,True,0.9353759345130332,0.9671483518638871,0.8128153863771305,0.7221657041354302,0.8500618945399785,3.8242763033120437,1.6088861827453398,1.5040724985873912,2.402473185507608,0.8789364040188252,0.7484444444444445,2.711954295006063,0.03333333333333333,6.60557854006818,27.044768226441867,62.79253894468858,0.7484444444444445,2.711954295006063,0.03333333333333333,PSBPM-FD (predictiva bayesiana)
678,707,692,train,30,True,0.8729729610355063,0.934330220551335,0.8104266828774732,0.6937177858247092,0.8201848033240348,3.8242763033120437,1.5622392636098572,1.4582509698947466,2.4328626362599453,0.8778318257115298,0.7551111111111111,2.7158606241709657,0.03333333333333333,6.445812536081814,26.33033531128158,62.79253894468858,0.7551111111111111,2.7158606241709657,0.03333333333333333,PSBPM-FD (predictiva bayesiana)
679,708,693,train,30,True,0.883651238052093,0.9400272538879354,0.8190217034827498,0.7003944098000011,0.8264403488612229,3.8242763033120437,1.567350977906589,1.465137244612964,2.4179268140149515,0.8791663703824338,0.7506666666666667,2.7069722473952504,0.03333333333333333,6.604914564972001,27.00041695503649,62.79253894468858,0.7506666666666667,2.7069722473952504,0.03333333333333333,PSBPM-FD (predictiva bayesiana)
680,709,694,train,30,True,0.88666525833772,0.9416290449735076,0.8336963373782524,0.7012361701580196,0.8288401020374353,3.8242763033120437,1.5731594697605464,1.4671264127983639,2.425173236611139,0.8802193458898184,0.7448888888888889,2.7035392385207944,0.03333333333333333,6.633254224565874,26.86683344430652,62.79253894468858,0.7448888888888889,2.7035392385207944,0.03333333333333333,PSBPM-FD (predictiva bayesiana)
681,710,695,train,30,True,0.8264545242176128,0.9090954428538364,0.9492684437126261,0.6818932994819759,0.8038766717217205,3.8242763033120437,1.514282650195398,1.4105828458443632,2.4092362490726758,0.8842599289665202,0.7395555555555555,2.7044103787822857,0.03333333333333333,6.6779347087697385,26.693273481269237,62.79253894468858,0.7395555555555555,2.7044103787822857,0.03333333333333333,PSBPM-FD (predictiva bayesiana)
682,711,696,train,30,True,0.7645046400551653,0.87435955993811,0.8843701705819006,0.6534081107990704,0.7767628842450616,3.8242763033120437,1.4916441521178672,1.3878655086610292,2.453058718115821,0.8883792433172955,0.7515555555555555,2.7018761944344476,0.03333333333333333,6.467613914089029,26.090995221792333,62.79253894468858,0.7515555555555555,2.7018761944344476,0.03333333333333333,PSBPM-FD (predictiva bayesiana)
683,712,697,train,30,True,0.6446588108884549,0.8029064770497588,0.7958703958886992,0.619601550607623,0.7406007805684415,2.4248006996100786,1.4361448012400748,1.335007174141493,2.4669654649560626,0.9223998083683959,0.7435555555555555,2.579673332873732,0.03333333333333333,6.570710167998082,26.33397321370274,62.79253894468858,0.7435555555555555,2.579673332873732,0.03333333333333333,PSBPM-FD (predictiva bayesiana)
684,713,698,train,30,True,0.6062895891856598,0.778645997347742,0.7632613058772375,0.600539054005991,0.7171273454112842,2.4248006996100786,1.3916149476491428,1.29165652003508,2.463884734537802,0.9209927847237316,0.7417777777777778,2.5103814127594233,0.03333333333333333,6.487832192070669,25.995610469618892,62.79253894468858,0.7417777777777778,2.5103814127594233,0.03333333333333333,PSBPM-FD (predictiva bayesiana)
685,714,699,train,30,True,0.605995002623522,0.7784568084508748,0.7838963005822581,0.5994127172473338,0.7168930764301726,2.4248006996100786,1.3927152260151126,1.2925597363937749,2.471486741016463,0.9209156739945358,0.744,2.4628804808905764,0.03333333333333333,6.535708620755752,26.290566688551348,62.79253894468858,0.744,2.4628804808905764,0.03333333333333333,PSBPM-FD (predictiva bayesiana)
686,715,700,train,30,True,0.6122854432378193,0.7824867048313469,0.8025757446668732,0.6035680482726566,0.7229971592686845,2.4248006996100786,1.4045705216529876,1.3028384625729654,2.467164269680259,0.9239737299108687,0.7342222222222222,2.4074133005764127,0.03333333333333333,6.641269114895781,26.851523624643992,62.79253894468858,0.7342222222222222,2.4074133005764127,0.03333333333333333,PSBPM-FD (predictiva bayesiana)
687,716,701,test,30,True,0.6426692104764672,0.80166652074068,0.8316263887522324,0.6213388004761101,0.7443431955295157,2.4248006996100786,1.4390197158500186,1.336961736061459,2.4396067371595223,0.9284947996104391,0.7253333333333334,2.4160866441288964,0.03333333333333333,7.053169970549401,28.020336433005532,62.79253894468858,0.7253333333333334,2.4160866441288964,0.03333333333333333,PSBPM-FD (predictiva bayesiana)
688,717,702,test,30,True,0.6419310113424782,0.8012059731070895,0.8215716009390086,0.6221300388033587,0.7436603786132656,2.4248006996100786,1.4349932732008304,1.3325850914908342,2.4267628047855196,0.9281762787281014,0.7262222222222222,2.4131887507133394,0.03333333333333333,6.989987422220193,27.801992253426004,62.79253894468858,0.7262222222222222,2.4131887507133394,0.03333333333333333,PSBPM-FD (predictiva bayesiana)
689,718,703,test,30,True,0.6414705937386185,0.8009185937026425,0.819583472985438,0.6185442839731804,0.7433539685088086,2.4248006996100786,1.448384334334839,1.3438415260449696,2.463882837666009,0.9281267464053832,0.7302222222222222,2.4203893750633836,0.03333333333333333,7.037574071348154,28.422435296034617,62.79253894468858,0.7302222222222222,2.4203893750633836,0.03333333333333333,PSBPM-FD (predictiva bayesiana)
690,719,704,test,30,True,0.6398957917687136,0.7999348672040203,0.8185182978128104,0.6164308491000541,0.7416834113589884,2.4248006996100786,1.445351109326109,1.3428556029110235,2.4710339340916514,0.9271797514607208,0.7328888888888889,2.427380930903885,0.03333333333333333,7.038094241487796,28.39257804125592,62.79253894468858,0.7328888888888889,2.427380930903885,0.03333333333333333,PSBPM-FD (predictiva bayesiana)
691,720,705,test,30,True,0.6261080858653917,0.7912699197273909,0.8129289249154257,0.6071645645453368,0.7337504913520078,2.4248006996100786,1.436194397354165,1.3347573739914256,2.4885389363469708,0.9273074497824966,0.7453333333333333,2.4670784253295923,0.03333333333333333,6.895881074122731,28.178512700689023,62.79253894468858,0.7453333333333333,2.4670784253295923,0.03333333333333333,PSBPM-FD (predictiva bayesiana)
692,721,706,test,30,True,0.5788240069006905,0.7608048415334188,0.7518140945085644,0.5873263948871449,0.7106895450054729,2.192260853850227,1.4042977631607636,1.3004731878797984,2.5036250860555125,0.9341285783264242,0.7631111111111111,2.4802719647797447,0.03333333333333333,6.547380731043427,27.634921509630022,62.79253894468858,0.7631111111111111,2.4802719647797447,0.03333333333333333,PSBPM-FD (predictiva bayesiana)
693,722,707,test,30,True,0.6684241986778289,0.8175721366814239,0.7451660343791139,0.6294994252865405,0.7589771604547818,2.6926600230904207,1.480194519045949,1.3743154691568147,2.4835527558181885,0.928330512259771,0.7453333333333333,2.50357058813961,0.0,6.812979813570674,28.619192530607286,62.79253894468858,0.7453333333333333,2.50357058813961,0.0,PSBPM-FD (predictiva bayesiana)
694,723,708,test,30,True,0.6847911596085716,0.827521093150242,0.6753194569944285,0.6323175879168733,0.7660985346414353,2.6926600230904207,1.498956420964082,1.3922643669277759,2.4962009885864287,0.925775235196748,0.7617777777777778,2.571914039014114,0.0,6.471980531385987,28.0644365652584,58.6799745027307,0.7617777777777778,2.571914039014114,0.0,PSBPM-FD (predictiva bayesiana)
695,724,709,test,30,True,0.7092526120367634,0.8421713673812257,0.661713196044176,0.6425868661694019,0.778884729508838,2.6926600230904207,1.5243192427496373,1.4162303176265452,2.501477177216351,0.9248530164719555,0.7653333333333333,2.6032147791741624,0.0,6.421695560101049,28.13769814975816,58.6799745027307,0.7653333333333333,2.6032147791741624,0.0,PSBPM-FD (predictiva bayesiana)
696,725,710,test,30,True,0.7303695992656343,0.8546166387718146,0.6616114303432178,0.6574280663034963,0.7951180917699823,2.6926600230904207,1.5460783988477214,1.437666352216523,2.4892046968129935,0.9303798401499194,0.756,2.5785728029352097,0.0,6.446490055186513,28.243215750768815,58.6799745027307,0.756,2.5785728029352097,0.0,PSBPM-FD (predictiva bayesiana)
697,726,711,test,30,True,0.758657540414202,0.8710094950195445,0.6268656216104574,0.6727439525097227,0.8149261161713794,2.6926600230904207,1.59484419195019,1.4831377755567225,2.49558378997709,0.93561105915739,0.7493333333333333,2.5484622414203155,0.0,6.543449686549264,29.065908020496646,58.6799745027307,0.7493333333333333,2.5484622414203155,0.0,PSBPM-FD (predictiva bayesiana)
698,727,712,test,30,True,0.7582204537294988,0.8707585507645037,0.6431656456419635,0.6724949307990197,0.8146940900909634,2.6926600230904207,1.6079531740852768,1.492179332650059,2.513555399922586,0.9356142289681598,0.7475555555555555,2.530423895907899,0.0,6.5642264587814685,29.700148058058303,58.6799745027307,0.7475555555555555,2.530423895907899,0.0,PSBPM-FD (predictiva bayesiana)
699,728,713,test,30,True,0.6845411315192308,0.82737000883476,0.6449099910868046,0.6404073785657597,0.7818909899350935,2.6926600230904207,1.5756441058747856,1.4569249168574092,2.5397093217941906,0.9450318256474904,0.7413333333333333,2.521567769706249,0.0,6.592345796646632,29.59773770747006,58.6799745027307,0.7413333333333333,2.521567769706249,0.0,PSBPM-FD (predictiva bayesiana)
700,729,714,test,30,True,0.6623458932776642,0.8138463572921268,0.6335236912461403,0.6266527919724927,0.7650764190145664,2.6926600230904207,1.5414726865461537,1.424849554722068,2.534332222179641,0.940074760007736,0.7404444444444445,2.491774927471247,0.0,6.558053720483083,29.464962706514108,58.6799745027307,0.7404444444444445,2.491774927471247,0.0,PSBPM-FD (predictiva bayesiana)
701,730,715,test,30,False,0.6615015106971245,0.8133274314180756,0.6528761863637272,0.624527692535082,0.7643956595377541,2.6926600230904207,1.5418813666967424,1.423653919323012,2.5454584355301364,0.9398375488270369,0.7395555555555555,2.5255473637407024,0.0,6.662397453830716,30.107199410676397,58.6799745027307,0.7395555555555555,2.5255473637407024,0.0,PSBPM-FD (predictiva bayesiana)
702,731,716,test,30,False,0.6580134045503828,0.8111802540436884,0.6632726668240182,0.6221214371217607,0.7599967300968252,2.6926600230904207,1.5262572622649158,1.4108915444886982,2.5180677975254415,0.9369024040073509,0.7404444444444445,2.5503701267917123,0.0,6.62210946608928,29.436289022480686,58.6799745027307,0.7404444444444445,2.5503701267917123,0.0,PSBPM-FD (predictiva bayesiana)
703,732,717,test,30,False,0.637697499642796,0.7985596406298004,0.6966122651838185,0.6059169757494787,0.7417239478553184,2.6926600230904207,1.5032549810526574,1.386186235166963,2.558149126635917,0.9288272410941562,0.7453333333333333,2.578730600707647,0.0,6.568074833597911,28.688022199712005,58.6799745027307,0.7453333333333333,2.578730600707647,0.0,PSBPM-FD (predictiva bayesiana)
704,733,718,test,30,False,0.6380671163363374,0.7987910342112869,0.6969192180408815,0.6059948883468723,0.7421159928277503,2.6926600230904207,1.5110488258927561,1.3931308778310934,2.5778003435818846,0.9290489765705786,0.7462222222222222,2.614785257228133,0.0,6.643567639707713,29.358400745568353,58.6799745027307,0.7462222222222222,2.614785257228133,0.0,PSBPM-FD (predictiva bayesiana)
705,734,719,test,30,False,0.6456091280393258,0.8034980572716562,0.7066110705643815,0.6111161515677386,0.7474712683668289,2.6926600230904207,1.5208680405653596,1.4018618591735978,2.5717197272101946,0.9302714071331162,0.748,2.6538879571817815,0.0,6.683289024415852,29.24012366401042,58.6799745027307,0.748,2.6538879571817815,0.0,PSBPM-FD (predictiva bayesiana)
706,735,720,test,30,False,0.6510806949296736,0.8068957150274585,0.6997210250962116,0.6174687019972129,0.7508312008222827,2.6926600230904207,1.5082783817540324,1.3918488456402438,2.533413428128283,0.9305182650483305,0.7537777777777778,2.6894842740359404,0.0,6.503828477876989,28.43420887153247,58.6799745027307,0.7537777777777778,2.6894842740359404,0.0,PSBPM-FD (predictiva bayesiana)
707,736,721,test,30,False,0.6607600086878288,0.8128714588960722,0.6698204897047056,0.6256456511856299,0.7590395907115617,2.6926600230904207,1.5117402944027734,1.3970100279606676,2.497809476338756,0.9337756694550239,0.756,2.6884148497080638,0.0,6.452621733274217,27.95959775839845,58.6799745027307,0.756,2.6884148497080638,0.0,PSBPM-FD (predictiva bayesiana)
708,737,722,test,30,False,0.6673990764298785,0.8169449653617301,0.6422966305564988,0.6314788426501051,0.7639908612527445,2.6926600230904207,1.5167865593093,1.4029289970519916,2.47744995381175,0.9351803287195258,0.7608888888888888,2.6969543727499743,0.03333333333333333,6.389878376842845,27.192360005348288,58.6799745027307,0.7608888888888888,2.6969543727499743,0.03333333333333333,PSBPM-FD (predictiva bayesiana)
709,738,723,test,30,False,0.6590416378894975,0.8118137950844994,0.6287765204870143,0.6270170955028145,0.7592193562926796,2.6926600230904207,1.5128176476655848,1.395498600359552,2.485642853389521,0.935213667086865,0.7617777777777778,2.6908006426919666,0.03333333333333333,6.21797291802491,26.384304974847776,58.6799745027307,0.7617777777777778,2.6908006426919666,0.03333333333333333,PSBPM-FD (predictiva bayesiana)
710,739,724,test,30,False,0.6511596481990997,0.8069446376295586,0.620863513988033,0.621343963593421,0.7521572828314228,2.6926600230904207,1.4986462860629182,1.3863271294856645,2.4839004124894,0.9321051875887342,0.7675555555555555,2.6907538847521777,0.03333333333333333,6.168954298566484,26.243751908361425,58.6799745027307,0.7675555555555555,2.6907538847521777,0.03333333333333333,PSBPM-FD (predictiva bayesiana)
711,740,725,test,30,False,0.6593708591676685,0.8120165387279181,0.6008419825114185,0.6244972934875951,0.7567192830366315,2.6926600230904207,1.5043501463395752,1.3923345094660198,2.4833217309378792,0.9319013184412306,0.7715555555555556,2.682389335858739,0.03333333333333333,6.011003170776296,25.324642512476203,58.6799745027307,0.7715555555555556,2.682389335858739,0.03333333333333333,PSBPM-FD (predictiva bayesiana)
712,741,726,test,30,False,0.6734360359269361,0.8206314860684643,0.6291051422277136,0.6307152851830736,0.764910377353421,2.6926600230904207,1.519405845372728,1.4063999044424016,2.4786374365688837,0.9320997187397774,0.7706666666666667,2.688350622057087,0.03333333333333333,6.089168228089416,25.801994456069583,58.6799745027307,0.7706666666666667,2.688350622057087,0.03333333333333333,PSBPM-FD (predictiva bayesiana)
713,742,727,test,30,False,0.6482411842063791,0.8051342647076816,0.6105800178061213,0.6212066981474361,0.7510072422197929,2.6926600230904207,1.4889309484564974,1.3776604371716663,2.466383350975713,0.9327726754896707,0.784,2.713007142794422,0.06666666666666667,5.800286005003499,24.377290392674478,58.6799745027307,0.784,2.713007142794422,0.06666666666666667,PSBPM-FD (predictiva bayesiana)
714,743,728,test,30,False,0.6525230585814151,0.8077889938476601,0.6087823774019864,0.6242888934373939,0.7550757869780604,2.6926600230904207,1.499553584466469,1.3881203797139727,2.474442303075307,0.9347438411873921,0.7906666666666666,2.688230863623942,0.1,5.748495235756269,24.142932437164273,58.6799745027307,0.7906666666666666,2.688230863623942,0.1,PSBPM-FD (predictiva bayesiana)
715,744,729,test,30,False,0.6587661196929614,0.8116440843700897,0.618054308801602,0.6295982471025842,0.7595814200828223,2.6926600230904207,1.509215416878381,1.3954122804922557,2.4680842297419927,0.9358553024782127,0.8008888888888889,2.708496772697092,0.13333333333333333,5.590446060070223,23.16595041326336,58.6799745027307,0.8008888888888889,2.708496772697092,0.13333333333333333,PSBPM-FD (predictiva bayesiana)
716,745,730,test,30,False,0.6663699362222776,0.8163148511587166,0.6236411436586494,0.636692792063832,0.7650951680452048,2.6926600230904207,1.5074167315133378,1.3958043212960607,2.4311829200844306,0.937254990472355,0.8128888888888889,2.7226501241910994,0.16666666666666666,5.413234479156191,21.949498751629385,58.6799745027307,0.8128888888888889,2.7226501241910994,0.16666666666666666,PSBPM-FD (predictiva bayesiana)
717,746,731,test,30,False,0.6560536524466704,0.8099713898939087,0.6469045103973051,0.6337788029173174,0.7596683063284253,2.6926600230904207,1.4958357604363617,1.3833322870753895,2.4249981363276314,0.9378952340871297,0.8257777777777778,2.7516644202989218,0.16666666666666666,4.987415782999394,20.43076801804043,49.572365927370306,0.8257777777777778,2.7516644202989218,0.16666666666666666,PSBPM-FD (predictiva bayesiana)
718,747,732,test,30,False,0.6655046916222805,0.8157847091128152,0.654040058234731,0.6380806077543306,0.7670414560417282,2.6926600230904207,1.5205154710423987,1.4069621365098637,2.4516090436988476,0.9402498569455949,0.8328888888888889,2.788101889152183,0.16666666666666666,4.942544056255414,20.22245799959271,49.572365927370306,0.8328888888888889,2.788101889152183,0.16666666666666666,PSBPM-FD (predictiva bayesiana)
719,748,733,test,30,False,0.6923666972235818,0.8320857511239943,0.6713302528026058,0.6507469167178084,0.7810731705770054,2.6926600230904207,1.5334624678819533,1.4235441331447196,2.4232615323258897,0.9386931208975995,0.8355555555555556,2.8206027046728672,0.16666666666666666,4.806279523160972,19.397313555847216,46.14985998422194,0.8355555555555556,2.8206027046728672,0.16666666666666666,PSBPM-FD (predictiva bayesiana)
720,749,734,test,30,False,0.6994451452107081,0.836328371640415,0.6648879008856926,0.6549677612570408,0.7875804065224845,2.6926600230904207,1.551622089428508,1.4407530878418389,2.4359004782317037,0.9417119318548122,0.8302222222222222,2.8130856204411634,0.16666666666666666,4.854556368511747,19.697642259166763,46.14985998422194,0.8302222222222222,2.8130856204411634,0.16666666666666666,PSBPM-FD (predictiva bayesiana)
721,750,735,test,30,False,0.7008928277094633,0.8371934231164643,0.6564588093684872,0.6545125177536211,0.7885275553823343,2.6926600230904207,1.5599043000811663,1.446564102977243,2.4526339947267535,0.9418702221131043,0.8226666666666667,2.771054475346994,0.16666666666666666,4.961671957221683,20.131814481968565,46.14985998422194,0.8226666666666667,2.771054475346994,0.16666666666666666,PSBPM-FD (predictiva bayesiana)
722,751,736,test,30,False,0.7007136982012141,0.83708643412805,0.6435634008194063,0.6529427604922671,0.7883953175213474,2.6926600230904207,1.5549062589386422,1.4436763351395625,2.4506580770464756,0.9418326296765022,0.8146666666666667,2.736501831567329,0.16666666666666666,5.082675820667437,20.227474797939106,46.14985998422194,0.8146666666666667,2.736501831567329,0.16666666666666666,PSBPM-FD (predictiva bayesiana)
723,752,737,test,30,False,0.6497703699191485,0.8060833517193793,0.6324676063490037,0.6355259565769392,0.7698572489986792,2.551714611537827,1.5463432780899056,1.4299471445123844,2.477211958407314,0.9550591106447868,0.8155555555555556,2.7086473440339325,0.16666666666666666,5.359772907618085,21.804871430126365,79.89374221090249,0.8155555555555556,2.7086473440339325,0.16666666666666666,PSBPM-FD (predictiva bayesiana)
724,753,738,test,30,False,0.6358671943943982,0.797412813036258,0.6688374804236222,0.6344543698696982,0.7638983017677213,2.435770597628325,1.522675285141756,1.4088348761569642,2.4555538349741584,0.9579709396179307,0.8062222222222222,2.660011107048408,0.16666666666666666,5.61131581806639,22.221742711644723,79.89374221090249,0.8062222222222222,2.660011107048408,0.16666666666666666,PSBPM-FD (predictiva bayesiana)
725,754,739,test,30,False,0.6313008368242747,0.7945444209257747,0.6777263613708514,0.6327389693470425,0.7618555710194211,2.435770597628325,1.5252145314408847,1.4097783346702977,2.4624207751440546,0.958858373370408,0.8053333333333333,2.6577761175400423,0.16666666666666666,5.801611482321459,22.917180567198383,79.89374221090249,0.8053333333333333,2.6577761175400423,0.16666666666666666,PSBPM-FD (predictiva bayesiana)
726,755,740,test,30,False,0.6272610942918088,0.7919981655861387,0.6932340957432624,0.6303810345039429,0.7595031454484499,2.435770597628325,1.533403453249916,1.415332616007871,2.479345142410717,0.9589708391386993,0.8044444444444444,2.6681087910671355,0.16666666666666666,5.876512806029202,23.176633778267966,79.89374221090249,0.8044444444444444,2.6681087910671355,0.16666666666666666,PSBPM-FD (predictiva bayesiana)
727,756,741,test,30,False,0.6028986946494604,0.7764655141404933,0.7247828425853071,0.6173762576052586,0.7437973410946762,2.435770597628325,1.491303597651627,1.3752444299260418,2.4731513268991163,0.9579270779566057,0.8084444444444444,2.6963697920503455,0.16666666666666666,5.828676459251382,22.571588651802585,79.89374221090249,0.8084444444444444,2.6963697920503455,0.16666666666666666,PSBPM-FD (predictiva bayesiana)
728,757,742,test,30,False,0.5849837627310589,0.7648423123304953,0.7032276260921583,0.6080409142445549,0.732043798439823,2.435770597628325,1.4627653761803971,1.349548186531193,2.469273363330555,0.9571172863191443,0.8066666666666666,2.6971829818296507,0.16666666666666666,5.835281448622227,22.428851318768945,79.89374221090249,0.8066666666666666,2.6971829818296507,0.16666666666666666,PSBPM-FD (predictiva bayesiana)
729,758,743,test,30,False,0.5797898287346285,0.7614393138882628,0.7043327052702013,0.6039639459387774,0.7274199857188571,2.435770597628325,1.4551803399688714,1.342430545271099,2.4728918624558593,0.9553223381707372,0.8142222222222222,2.6903948264863704,0.16666666666666666,5.760949996958044,22.1520077397106,79.89374221090249,0.8142222222222222,2.6903948264863704,0.16666666666666666,PSBPM-FD (predictiva bayesiana)
730,759,744,test,30,False,0.6043489309965584,0.7773988236398087,0.7391809722436056,0.6189860089973521,0.7455037366506194,2.435770597628325,1.493748150061138,1.378849979343658,2.480063422888452,0.9589720410948717,0.8142222222222222,2.714405318856731,0.16666666666666666,5.875929242114273,22.85310445318182,79.89374221090249,0.8142222222222222,2.714405318856731,0.16666666666666666,PSBPM-FD (predictiva bayesiana)
731,760,745,test,30,False,0.60988376982341,0.7809505553000202,0.7582225965035344,0.6240474161309523,0.749623389837862,2.435770597628325,1.494138947588993,1.3787402862571292,2.4593743751767474,0.9598858528884416,0.8186666666666667,2.7214818466360318,0.16666666666666666,5.778429369628909,22.127912025843234,79.89374221090249,0.8186666666666667,2.7214818466360318,0.16666666666666666,PSBPM-FD (predictiva bayesiana)
732,761,746,test,30,False,0.653222677982517,0.8082219237205317,0.7609968316277048,0.6478180244153762,0.7781796891792346,2.606116554543778,1.5576630214100646,1.4368634677592302,2.461750377919496,0.9628292259098813,0.8111111111111111,2.7266941538255196,0.16666666666666666,6.055390194146814,23.8989932870998,79.89374221090249,0.8111111111111111,2.7266941538255196,0.16666666666666666,PSBPM-FD (predictiva bayesiana)
733,762,747,test,30,False,0.6933705769767852,0.8326887635706304,0.8047117222851685,0.6752240544837761,0.8065550028340585,2.606116554543778,1.5957618672176255,1.4739744623676443,2.4150598433908628,0.9686152114932974,0.804,2.7312647929672513,0.16666666666666666,6.170826459218831,24.743488786061622,79.89374221090249,0.804,2.7312647929672513,0.16666666666666666,PSBPM-FD (predictiva bayesiana)
734,763,748,test,30,False,0.7244230490790565,0.8511304536198059,0.8239798082126147,0.693013549859168,0.8265370892196467,2.606116554543778,1.6217039915998193,1.4997227247550078,2.380529001468545,0.9711050588125884,0.7982222222222223,2.7283504481461263,0.16666666666666666,6.2800423022334675,25.169238449915643,79.89374221090249,0.7982222222222223,2.7283504481461263,0.16666666666666666,PSBPM-FD (predictiva bayesiana)
735,764,749,test,30,False,0.7140534886853067,0.8450168570420987,0.8352699948148176,0.6859966362008232,0.8187764407214194,2.606116554543778,1.6064366906312866,1.4862341876968863,2.3858545508630433,0.9689468723588172,0.8026666666666666,2.7195851118594354,0.16666666666666666,6.159858448305469,24.577078267618226,79.89374221090249,0.8026666666666666,2.7195851118594354,0.16666666666666666,PSBPM-FD (predictiva bayesiana)
736,765,750,test,30,False,0.7025310937204323,0.8381712794652608,0.8629592859021596,0.678129587408577,0.8110877288456548,2.606116554543778,1.6024373702142551,1.4785609415854917,2.4014529231533364,0.9676873315954171,0.8057777777777778,2.7207027204049905,0.16666666666666666,6.10998013538717,24.125602711702065,79.89374221090249,0.8057777777777778,2.7207027204049905,0.16666666666666666,PSBPM-FD (predictiva bayesiana)
737,766,751,test,30,False,0.6973538326131635,0.8350771417139637,0.9036205765085299,0.674147097685209,0.8071252621806675,2.606116554543778,1.6083555379648298,1.4805358895247416,2.429625278011285,0.9665277875096351,0.8031111111111111,2.713080152245523,0.16666666666666666,6.174528129275562,24.962398879827976,79.89374221090249,0.8031111111111111,2.713080152245523,0.16666666666666666,PSBPM-FD (predictiva bayesiana)
738,767,752,test,30,False,0.6835533723967956,0.8267728662678738,0.9059414242381699,0.6633267270785353,0.794799554719918,2.606116554543778,1.5853120456943735,1.4597181885094759,2.4401116229550195,0.9613275751388816,0.8013333333333333,2.6986426971079522,0.13333333333333333,6.165336125139394,25.07803908487654,79.89374221090249,0.8013333333333333,2.6986426971079522,0.13333333333333333,PSBPM-FD (predictiva bayesiana)
739,768,753,test,30,False,0.676753134217681,0.822650067901098,0.8863301624179508,0.658692179930254,0.7901721707121742,2.606116554543778,1.5795473874762465,1.4553584687609693,2.4498791677806793,0.9605203980937027,0.8075555555555556,2.7026528476001435,0.13333333333333333,6.12089405474654,24.583012550656555,79.89374221090249,0.8075555555555556,2.7026528476001435,0.13333333333333333,PSBPM-FD (predictiva bayesiana)
740,769,754,test,30,False,0.7024145617472953,0.8381017609737468,0.8344920217087908,0.6756629595219154,0.8080029693888446,2.606116554543778,1.6081607330743026,1.4813253594935578,2.437607257539248,0.9640869486422127,0.8075555555555556,2.701631783533919,0.13333333333333333,6.118787099387118,24.561247961203474,79.89374221090249,0.8075555555555556,2.701631783533919,0.13333333333333333,PSBPM-FD (predictiva bayesiana)
741,770,755,test,30,False,0.7259275750949015,0.8520138350372612,0.8377104836244805,0.6833392972751783,0.8184520501362531,2.606116554543778,1.640395626007568,1.511325015666942,2.453958454908869,0.9606088733294567,0.8044444444444444,2.707067527923811,0.13333333333333333,6.279317537645906,25.812448500017855,79.89374221090249,0.8044444444444444,2.707067527923811,0.13333333333333333,PSBPM-FD (predictiva bayesiana)
742,771,756,test,30,False,0.7151086360834741,0.845640961687331,0.8139158671004145,0.6797876814364272,0.8123759778516811,2.606116554543778,1.6265482126947373,1.4934458807240993,2.4483113437076014,0.9606629937021081,0.8102222222222222,2.7053536259437547,0.13333333333333333,6.165990705655817,25.355514317371053,79.89374221090249,0.8102222222222222,2.7053536259437547,0.13333333333333333,PSBPM-FD (predictiva bayesiana)
743,772,757,test,30,False,0.7584435501842768,0.8708866460018071,0.7978837271000528,0.6961958684939878,0.8336793765130952,2.8294211835256906,1.679360623162548,1.5421332407426647,2.4656731012683033,0.9572765644535619,0.8004444444444444,2.702335048318608,0.1,6.405711184526683,27.156539524790144,79.89374221090249,0.8004444444444444,2.702335048318608,0.1,PSBPM-FD (predictiva bayesiana)
744,773,758,test,30,False,0.7841508170618943,0.8855229060063293,0.8054046767015137,0.7103730751189129,0.8493193536448029,2.8294211835256906,1.6995519254204758,1.5603516658347596,2.4501207158731173,0.9591161876039968,0.7942222222222223,2.7055996839026144,0.06666666666666667,6.470396888452186,27.803771081221903,79.89374221090249,0.7942222222222223,2.7055996839026144,0.06666666666666667,PSBPM-FD (predictiva bayesiana)
745,774,759,test,30,False,0.7882694630590255,0.8878454049320892,0.8030910693894597,0.7105993029186822,0.851896571186026,2.8294211835256906,1.7047190629855102,1.5688672449262397,2.4570893983846647,0.9595100300723943,0.7897777777777778,2.7121761864708063,0.03333333333333333,6.564995129601163,28.791609909571548,79.89374221090249,0.7897777777777778,2.7121761864708063,0.03333333333333333,PSBPM-FD (predictiva bayesiana)
746,775,760,test,30,False,0.8341840169610433,0.9133367489382234,0.8081647999542507,0.7258635718262719,0.8729858177238301,2.8294211835256906,1.752387544355525,1.6121466533879374,2.4712498794102,0.9558203135247736,0.7866666666666666,2.7220054632171524,0.0,6.610067484796388,29.370331536130983,79.89374221090249,0.7866666666666666,2.7220054632171524,0.0,PSBPM-FD (predictiva bayesiana)
747,776,761,test,30,False,0.8382495736854142,0.9155597051451173,0.774199727420848,0.7264130845766081,0.8752373229844302,2.8294211835256906,1.7663015431556546,1.6243165819696206,2.487982567773854,0.9559587627829297,0.7857777777777778,2.727211200304614,0.0,6.642284648130256,29.65726123060172,79.89374221090249,0.7857777777777778,2.727211200304614,0.0,PSBPM-FD (predictiva bayesiana)
748,777,762,test,30,False,0.8307168467285736,0.9114366937580325,0.7391069950629913,0.7220162241245088,0.869588715563578,2.8294211835256906,1.7579614304516231,1.6134289104471404,2.4971932202573215,0.954085699554286,0.7835555555555556,2.69352174644449,0.0,6.654639821334625,29.889752581788855,79.89374221090249,0.7835555555555556,2.69352174644449,0.0,PSBPM-FD (predictiva bayesiana)
749,778,763,test,30,False,0.8202375822123165,0.9056696871444447,0.709883319545115,0.7207276668664072,0.864807816460734,2.8294211835256906,1.751068410766901,1.6019393516609983,2.4927481747634004,0.954882148244856,0.7791111111111111,2.663656847802586,0.0,6.7714277851722136,30.65143469043117,79.89374221090249,0.7791111111111111,2.663656847802586,0.0,PSBPM-FD (predictiva bayesiana)
750,779,764,test,30,False,0.8204497381276379,0.9057868061125851,0.7024762397333975,0.7227120678029647,0.8649725414745808,2.8294211835256906,1.7388598750038236,1.5938243649362944,2.458417465189735,0.9549405396914875,0.7853333333333333,2.667290998632166,0.0,6.69704887243696,30.109091025306892,79.89374221090249,0.7853333333333333,2.667290998632166,0.0,PSBPM-FD (predictiva bayesiana)
751,780,765,test,30,False,0.8119889879148513,0.901104315778618,0.6985368925135345,0.720311364386989,0.858805170555496,2.8294211835256906,1.7169406964363128,1.5741676120668435,2.429154368821423,0.9530585477369814,0.7955555555555556,2.679733681275897,0.0,6.502542028537218,28.9312032044045,79.89374221090249,0.7955555555555556,2.679733681275897,0.0,PSBPM-FD (predictiva bayesiana)
752,781,766,test,30,False,0.8048691899363053,0.8971450216861849,0.6991428614878774,0.7163646493286354,0.8527079806869001,2.8294211835256906,1.7052751332184508,1.5623123903874683,2.424373146277669,0.9504683859073693,0.8071111111111111,2.694567766062579,0.03333333333333333,6.302691002797966,27.88781769785496,79.89374221090249,0.8071111111111111,2.694567766062579,0.03333333333333333,PSBPM-FD (predictiva bayesiana)
753,782,767,test,30,False,0.7780965762847304,0.8820978269357262,0.7096150019544171,0.704426354289779,0.8372034498197315,2.8294211835256906,1.6673235444972483,1.5286878881577897,2.4134967316594094,0.9491049906879931,0.8208888888888889,2.7417160649888426,0.03333333333333333,5.851557765059736,26.034068640630984,63.317004626800106,0.8208888888888889,2.7417160649888426,0.03333333333333333,PSBPM-FD (predictiva bayesiana)
754,783,768,test,30,False,0.8086758060404452,0.8992640357761702,0.7155100225298201,0.7147696007781617,0.8493446748659074,2.8294211835256906,1.677486601342189,1.5406698710171893,2.406017055758655,0.9444886496909926,0.836,2.792832244710893,0.03333333333333333,5.411240576357339,24.590280375453723,63.317004626800106,0.836,2.792832244710893,0.03333333333333333,PSBPM-FD (predictiva bayesiana)
755,784,769,test,30,False,0.7832345222007265,0.8850053797580705,0.7183524457517687,0.7032764704693096,0.8346723785794672,2.8294211835256906,1.6416991766439382,1.5083711518772844,2.390172940013243,0.9431268980620631,0.8488888888888889,2.7913089218349714,0.06666666666666667,4.996920577009655,22.70129591068139,63.317004626800106,0.8488888888888889,2.7913089218349714,0.06666666666666667,PSBPM-FD (predictiva bayesiana)
756,785,770,test,30,False,0.7716580042923286,0.8784406663470952,0.7217200999448381,0.6946032724804436,0.8263935589888497,2.8294211835256906,1.6287473749845234,1.4971978319398358,2.4044875118035907,0.940750571606984,0.8582222222222222,2.802940523324017,0.06666666666666667,4.929034352191631,22.78842555942107,63.317004626800106,0.8582222222222222,2.802940523324017,0.06666666666666667,PSBPM-FD (predictiva bayesiana)
757,786,771,test,30,False,0.7764131509475581,0.881143093343844,0.7245796083216209,0.6992290962978626,0.8303595601370407,2.8294211835256906,1.6308291595096085,1.5022057175199468,2.384120478354928,0.9423663039630882,0.8644444444444445,2.801487569388313,0.1,4.859518827698996,22.220572084391044,63.317004626800106,0.8644444444444445,2.801487569388313,0.1,PSBPM-FD (predictiva bayesiana)
758,787,772,test,30,False,0.773699624624707,0.8796019694297569,0.7186192055131646,0.6985065696644842,0.8278869426610431,2.8294211835256906,1.616469647979419,1.491031962205315,2.357197700541063,0.9412063313111493,0.8635555555555555,2.8219355128977655,0.1,4.864177575218916,22.087213153324033,63.317004626800106,0.8635555555555555,2.8219355128977655,0.1,PSBPM-FD (predictiva bayesiana)
759,788,773,test,30,False,0.7761959354842976,0.881019826953002,0.7073279126372763,0.7004612756239612,0.8302519129041914,2.8294211835256906,1.614135727103858,1.4925450117263361,2.3428730586174322,0.9423759687402371,0.8551111111111112,2.8324325190478317,0.1,4.920360383361697,22.137151502764276,63.317004626800106,0.8551111111111112,2.8324325190478317,0.1,PSBPM-FD (predictiva bayesiana)
760,789,774,test,30,False,0.7548396753791792,0.8688150984986271,0.6807957485258977,0.6878102153236623,0.8156494997301571,2.8294211835256906,1.5849969975721707,1.4641139341801621,2.3460553470907706,0.9388067738920008,0.8564444444444445,2.8293606617427947,0.1,4.849221572917213,21.788216186718635,63.317004626800106,0.8564444444444445,2.8293606617427947,0.1,PSBPM-FD (predictiva bayesiana)
761,790,775,test,30,False,0.7527549406447948,0.8676145115457641,0.6643811507781624,0.6840641007391367,0.8141846410558183,2.8294211835256906,1.590810657254068,1.470412656527535,2.3718590826405888,0.9384175001928521,0.8502222222222222,2.8295091497325857,0.1,5.013186675232393,22.574609424868108,63.317004626800106,0.8502222222222222,2.8295091497325857,0.1,PSBPM-FD (predictiva bayesiana)
762,791,776,test,30,False,0.715297796400425,0.8457527986358809,0.6597152980327391,0.6657476930561224,0.7924282707066437,2.8294211835256906,1.535846406565428,1.421424148042113,2.356909663931738,0.9369502199516873,0.852,2.8041924583659923,0.1,4.7614176323313675,20.89655080448213,57.332739981379824,0.852,2.8041924583659923,0.1,PSBPM-FD (predictiva bayesiana)
763,792,777,test,30,False,0.7037729823215504,0.8389117845885528,0.6354808138160146,0.6599965057990357,0.7869445351317024,2.8294211835256906,1.5250877039729986,1.4122077960924553,2.356203837224602,0.9380539761015064,0.8493333333333334,2.80789794147889,0.1,4.898125816891428,21.09698771371722,57.332739981379824,0.8493333333333334,2.80789794147889,0.1,PSBPM-FD (predictiva bayesiana)
764,793,778,test,30,False,0.6782593811818524,0.8235650436861999,0.6337763530363696,0.6458248778450117,0.7719752831545647,2.8294211835256906,1.5010476567618907,1.3898034179729613,2.3708549395619882,0.9373580011352542,0.8515555555555555,2.778339102555946,0.1,4.75769472541761,20.493921851032535,57.332739981379824,0.8515555555555555,2.778339102555946,0.1,PSBPM-FD (predictiva bayesiana)
765,794,779,test,30,False,0.6998772824525157,0.8365866855577584,0.637778484322602,0.6554488457151667,0.7861246630116966,2.8294211835256906,1.5378924235950602,1.4246309391230454,2.385985496637606,0.9396810594559983,0.8515555555555555,2.789771904673686,0.1,4.805603772807441,20.90422907497252,57.332739981379824,0.8515555555555555,2.789771904673686,0.1,PSBPM-FD (predictiva bayesiana)
766,795,780,test,30,False,0.7333643422580999,0.8563669436976767,0.6518008470701171,0.6723106599962325,0.804524650429118,2.8294211835256906,1.5623411712761244,1.4508779775803333,2.3761883149401855,0.9394625240382228,0.8546666666666667,2.795639341591495,0.13333333333333333,4.805533210673996,20.812306751579698,57.332739981379824,0.8546666666666667,2.795639341591495,0.13333333333333333,PSBPM-FD (predictiva bayesiana)
767,796,781,test,30,False,0.7374301319801815,0.8587375221685504,0.6610622582489538,0.6745713683523565,0.8076941493517299,2.8294211835256906,1.5612305941746707,1.452819911963453,2.3626992326418006,0.9405599831157699,0.8604444444444445,2.7979354794476077,0.16666666666666666,4.718606185921792,19.67908066630489,57.332739981379824,0.8604444444444445,2.7979354794476077,0.16666666666666666,PSBPM-FD (predictiva bayesiana)
768,797,782,test,30,False,0.7655003298819383,0.8749287570322158,0.6546105959868799,0.6924912514904528,0.8282396829635,2.8294211835256906,1.5880989509068977,1.4801454256550335,2.336203565897309,0.9466367133398534,0.8617777777777778,2.7966227983769754,0.16666666666666666,4.712470395208771,19.56955321999802,57.332739981379824,0.8617777777777778,2.7966227983769754,0.16666666666666666,PSBPM-FD (predictiva bayesiana)
769,798,783,test,30,False,0.7812488558963366,0.8838828292801805,0.653292205640005,0.7012646837842657,0.8379488942611869,2.8294211835256906,1.6012582835731088,1.4919021150998606,2.32336101033856,0.9480316468457687,0.86,2.800972184757754,0.16666666666666666,4.737056732095037,19.957114868401852,57.332739981379824,0.86,2.800972184757754,0.16666666666666666,PSBPM-FD (predictiva bayesiana)
770,799,784,test,30,False,0.7882816864066632,0.8878522886193757,0.6830986936763981,0.7031003514285131,0.8413370169891201,2.8294211835256906,1.6157237768926895,1.50589191447069,2.3348691487536692,0.9476092225852258,0.8533333333333334,2.792353160736681,0.16666666666666666,4.8136430734206455,20.466035310231497,57.332739981379824,0.8533333333333334,2.792353160736681,0.16666666666666666,PSBPM-FD (predictiva bayesiana)
771,800,785,test,30,False,0.7372930680358,0.8586577129658826,0.6490042263735204,0.6774892824708166,0.8098385689748183,2.8294211835256906,1.5555490045126896,1.4457318487178001,2.342317556314639,0.9431448139882906,0.86,2.7488376263821004,0.16666666666666666,4.61583226546007,19.345667266229114,57.332739981379824,0.86,2.7488376263821004,0.16666666666666666,PSBPM-FD (predictiva bayesiana)
772,801,786,test,30,False,0.7250079144877942,0.8514739658308962,0.6449206740068473,0.6704980092697064,0.8005234954150905,2.8294211835256906,1.5312295867120935,1.4281332456945444,2.3299091090558885,0.940162033766838,0.8528888888888889,2.7181019202845507,0.16666666666666666,4.665332247960888,19.522476454723684,57.332739981379824,0.8528888888888889,2.7181019202845507,0.16666666666666666,PSBPM-FD (predictiva bayesiana)
773,802,787,test,30,False,0.6754042255141268,0.8218298032525511,0.6567053667037711,0.6489991777211522,0.7741804285510313,2.8099086747920143,1.475316700353649,1.373394965765469,2.3288462383034223,0.9420203860787987,0.8524444444444444,2.6900798519926483,0.16666666666666666,4.483968209512783,18.22028346046142,47.668495874275145,0.8524444444444444,2.6900798519926483,0.16666666666666666,PSBPM-FD (predictiva bayesiana)
774,803,788,test,30,False,0.653835515134441,0.8086009616210217,0.6452770570369009,0.6373703791240387,0.7617938015082332,2.8099086747920143,1.4624080439191653,1.361552603634856,2.3463788542006805,0.9421134003860778,0.8475555555555555,2.6598981511172863,0.16666666666666666,4.571613096141639,18.76123278826651,47.668495874275145,0.8475555555555555,2.6598981511172863,0.16666666666666666,PSBPM-FD (predictiva bayesiana)
775,804,789,test,30,False,0.6357733632375437,0.797353976121988,0.6262674840342833,0.6261955533436571,0.7471989280839301,2.8099086747920143,1.429513898453987,1.3300999219401066,2.335485772327196,0.9370981401735875,0.852,2.6181322452602003,0.2,4.441532192808111,17.754934016979977,47.668495874275145,0.852,2.6181322452602003,0.2,PSBPM-FD (predictiva bayesiana)
776,805,790,test,30,False,0.641855036439262,0.8011585588628896,0.6542295569369061,0.6322314259071573,0.749315522142605,2.5231878859654424,1.4199565388264346,1.320354544870814,2.3165042567578458,0.93528991714965,0.8328888888888889,2.582645706580137,0.2,4.998852610498891,19.004271752564495,58.022460960468024,0.8328888888888889,2.582645706580137,0.2,PSBPM-FD (predictiva bayesiana)
777,806,791,test,30,False,0.6523245308493143,0.8076661010896238,0.6561919048627638,0.6389316546095364,0.7544776981555764,2.5231878859654424,1.4198095613710136,1.3195684719571252,2.297399306488813,0.9341455548743589,0.8235555555555556,2.5835523239815115,0.2,5.159496129122024,19.22654516251699,58.022460960468024,0.8235555555555556,2.5835523239815115,0.2,PSBPM-FD (predictiva bayesiana)
778,807,792,test,30,False,0.6702785210580674,0.8187053933241599,0.6909305764612425,0.6489888460293465,0.7662992984395802,2.5231878859654424,1.4288826721491155,1.3322840371887423,2.2679127470138813,0.9359890684586832,0.8217777777777778,2.616237548172694,0.2,5.181278441619541,19.11143881163225,58.022460960468024,0.8217777777777778,2.616237548172694,0.2,PSBPM-FD (predictiva bayesiana)
779,808,793,test,30,False,0.7824848534947612,0.8845817392953357,0.6998519563570245,0.6822472190061872,0.802199717802683,3.431436152238324,1.4797634674190763,1.387593119945682,2.257399655798565,0.9068689553118305,0.8177777777777778,2.652798420917463,0.2,5.309307864658414,19.480479687456384,58.73972214899907,0.8177777777777778,2.652798420917463,0.2,PSBPM-FD (predictiva bayesiana)
780,809,794,test,30,False,0.8169108266897659,0.9038311936914801,0.7102010685192623,0.7009019229447996,0.8207995412822296,3.431436152238324,1.500063014537131,1.407816964605093,2.2384967328535845,0.9081336725388646,0.8208888888888889,2.697666126878531,0.23333333333333334,5.324842495946498,19.07748504318249,58.73972214899907,0.8208888888888889,2.697666126878531,0.23333333333333334,PSBPM-FD (predictiva bayesiana)
781,810,795,test,30,False,0.8132249137915244,0.9017898390376354,0.6994872605074026,0.6981514579391406,0.8174021138928659,3.431436152238324,1.5016427153383085,1.4077401430459286,2.2572622151242094,0.9064219605370297,0.82,2.7847634742638845,0.23333333333333334,5.424969153002873,19.37817824517815,58.73972214899907,0.82,2.7847634742638845,0.23333333333333334,PSBPM-FD (predictiva bayesiana)
782,811,796,test,30,False,0.8123134537830886,0.9012843357027174,0.6977658563834298,0.6971040153254723,0.8164489093446264,3.431436152238324,1.5030835991696354,1.4076428168057882,2.267171424443261,0.905872738493845,0.8128888888888889,2.767122752888762,0.2,5.471400065096714,19.987379417401165,58.73972214899907,0.8128888888888889,2.767122752888762,0.2,PSBPM-FD (predictiva bayesiana)
783,812,797,test,30,False,0.8078607626036625,0.8988107490476861,0.6938976622455735,0.6946048993033541,0.812559946012826,3.431436152238324,1.4838768525238053,1.3915717297885775,2.2392224641115317,0.9040389724686257,0.8084444444444444,2.715726398529291,0.2,5.40842816523863,19.582256216091178,58.73972214899907,0.8084444444444444,2.715726398529291,0.2,PSBPM-FD (predictiva bayesiana)
784,813,798,test,30,False,0.7507354041492673,0.866449885538262,0.7118536306004452,0.6693503864652074,0.7846220807484556,3.431436152238324,1.4505084795583327,1.3559819880345805,2.256744880269603,0.9055596796126614,0.8075555555555556,2.7061177386616797,0.2,5.378421963400739,19.251245441494497,58.73972214899907,0.8075555555555556,2.7061177386616797,0.2,PSBPM-FD (predictiva bayesiana)
785,814,799,test,30,False,0.8409665249465393,0.917042269988979,0.7205058792513563,0.6989999605035827,0.8219882238383218,3.802959037083035,1.542472937825472,1.4429501097288087,2.281999845496834,0.8963471485869463,0.7946666666666666,2.7089818606604434,0.16666666666666666,5.908711609413155,22.370009944831633,96.79007731488923,0.7946666666666666,2.7089818606604434,0.16666666666666666,PSBPM-FD (predictiva bayesiana)
786,815,800,test,30,False,0.8514034810699507,0.9227152762742962,0.7255349630529072,0.7061691823971122,0.8295660613530466,3.802959037083035,1.5555040783881569,1.4552284541151956,2.2727870989859444,0.8990487994331645,0.7942222222222223,2.726036789913778,0.16666666666666666,5.962772913494125,22.758128441586607,96.79007731488923,0.7942222222222223,2.726036789913778,0.16666666666666666,PSBPM-FD (predictiva bayesiana)
787,816,801,test,30,False,0.8695595560197896,0.9325017726630817,0.69289477200861,0.7175766906997344,0.8405804875480893,3.802959037083035,1.564421532672462,1.4599584611529521,2.2539944836330945,0.9014250827079081,0.7906666666666666,2.760010989707183,0.13333333333333333,6.027301219445979,23.31591599151478,96.79007731488923,0.7906666666666666,2.760010989707183,0.13333333333333333,PSBPM-FD (predictiva bayesiana)
788,817,802,test,30,False,0.8804328245381954,0.9383138198588974,0.6792490132535205,0.7243138116330343,0.8490857862189038,3.802959037083035,1.5783226173424334,1.4718462361385491,2.2553215327059726,0.9049059794798594,0.7888888888888889,2.7228205036001616,0.13333333333333333,6.071895367913644,23.995942986283936,96.79007731488923,0.7888888888888889,2.7228205036001616,0.13333333333333333,PSBPM-FD (predictiva bayesiana)
789,818,803,test,30,False,0.8764529998838347,0.9361906856425323,0.6631545615429006,0.7212799493764439,0.8451377151871313,3.802959037083035,1.5742755097770564,1.4654985212962606,2.2598255036719954,0.9027409994013037,0.7964444444444444,2.69272382319575,0.13333333333333333,6.0104273146975595,24.059872212598137,96.79007731488923,0.7964444444444444,2.69272382319575,0.13333333333333333,PSBPM-FD (predictiva bayesiana)
790,819,804,test,30,False,0.8892402402111732,0.9429953553497351,0.6722013344149189,0.7292376115833376,0.8548547904691569,3.802959037083035,1.5982430291914307,1.4868458777250992,2.266094946647615,0.906531284188681,0.7986666666666666,2.67998315470742,0.13333333333333333,5.970236681972051,23.82213289120868,96.79007731488923,0.7986666666666666,2.67998315470742,0.13333333333333333,PSBPM-FD (predictiva bayesiana)
791,820,805,test,30,False,0.9084127854538218,0.9531069118697135,0.6685505245604971,0.7407843132382356,0.8660363068667734,3.802959037083035,1.6278920057735886,1.512272483249854,2.2625836911942425,0.9086455003960328,0.8053333333333333,2.6766176803607054,0.13333333333333333,5.8127206083464085,23.336735922408145,96.79007731488923,0.8053333333333333,2.6766176803607054,0.13333333333333333,PSBPM-FD (predictiva bayesiana)
792,821,806,test,30,False,0.953047976281794,0.9762417611851042,0.6666267280636328,0.7633949648031638,0.8907084173255456,3.802959037083035,1.6802171803383326,1.5605851523856935,2.2649681428932142,0.9123850799460517,0.8066666666666666,2.704888255587145,0.13333333333333333,5.923542973857285,24.286188246400236,96.79007731488923,0.8066666666666666,2.704888255587145,0.13333333333333333,PSBPM-FD (predictiva bayesiana)
793,822,807,test,30,False,0.9272390202677825,0.9629325107544051,0.6676491701311652,0.7459810974799966,0.8719155429042419,3.802959037083035,1.6549727029765111,1.5366105089334876,2.2796946863756418,0.9054793904726964,0.8182222222222222,2.705073595345111,0.16666666666666666,5.673359264273372,23.07696980229181,96.79007731488923,0.8182222222222222,2.705073595345111,0.16666666666666666,PSBPM-FD (predictiva bayesiana)
794,823,808,test,30,False,0.9202084372830205,0.9592749539537767,0.6578332496873184,0.7402907299216179,0.8652546080624165,3.802959037083035,1.6447607823918216,1.5266463748938461,2.294673648954271,0.9019881156035159,0.824,2.732682984360067,0.16666666666666666,5.645576673537801,22.571850251059807,96.79007731488923,0.824,2.732682984360067,0.16666666666666666,PSBPM-FD (predictiva bayesiana)
795,824,809,test,30,False,0.9129821125424905,0.9555009746423551,0.66210606825533,0.7404575007489498,0.8613146600830629,3.802959037083035,1.6277358272697255,1.5103026144789748,2.2709433059310813,0.901427296194495,0.8244444444444444,2.7243770742477307,0.16666666666666666,5.604061522214386,22.250253685478544,96.79007731488923,0.8244444444444444,2.7243770742477307,0.16666666666666666,PSBPM-FD (predictiva bayesiana)
796,825,810,test,30,False,0.9185754274063362,0.9584234071673835,0.6740047578094659,0.7441429018492463,0.8636063445060619,3.802959037083035,1.6346474162484044,1.516480247346737,2.2712830111992637,0.9010697548158251,0.8146666666666667,2.710031275102442,0.13333333333333333,5.7135156406925685,23.376654536630166,96.79007731488923,0.8146666666666667,2.710031275102442,0.13333333333333333,PSBPM-FD (predictiva bayesiana)
797,826,811,test,30,False,0.9503616998137623,0.9748649649124551,0.6883671680456372,0.7580817622369705,0.8804778831392749,3.802959037083035,1.657781162378526,1.5420208561299176,2.2594723668021306,0.9031793272192766,0.8017777777777778,2.7197882666660136,0.1,5.972808933284678,24.73596974657773,96.79007731488923,0.8017777777777778,2.7197882666660136,0.1,PSBPM-FD (predictiva bayesiana)
798,827,812,test,30,False,0.9326102723522336,0.9657174909631873,0.7129403525379027,0.7501047761409294,0.8697986046062343,3.802959037083035,1.6431802164187543,1.5239833254648905,2.260876470694409,0.9006760390543559,0.7991111111111111,2.7225055849500284,0.1,6.0156692295050265,25.370607755041643,96.79007731488923,0.7991111111111111,2.7225055849500284,0.1,PSBPM-FD (predictiva bayesiana)
799,828,813,test,30,False,0.9380969886651036,0.9685540711106962,0.7211474891899541,0.752283021327378,0.8725477764658022,3.802959037083035,1.6532874583130497,1.5339548696110346,2.266758221450675,0.9008766804987994,0.7924444444444444,2.7234096298000336,0.1,6.25740538524625,26.745937955238123,96.79007731488923,0.7924444444444444,2.7234096298000336,0.1,PSBPM-FD (predictiva bayesiana)
800,829,814,test,30,False,0.9296284479282477,0.9641724160793275,0.7061466697701162,0.74854841821381,0.8684241547742051,3.802959037083035,1.6395929889496583,1.5204276774825407,2.260651051860443,0.9006938388732699,0.7915555555555556,2.7214237957496663,0.1,6.259317818532119,26.573912414815148,96.79007731488923,0.7915555555555556,2.7214237957496663,0.1,PSBPM-FD (predictiva bayesiana)
801,830,815,test,30,False,0.9316498005888717,0.9652200788363614,0.7128681668601137,0.7497840968711382,0.8711042300887843,3.802959037083035,1.6489471050543665,1.5298200592038114,2.2791740402560006,0.9024928606323233,0.7946666666666666,2.765010818610511,0.13333333333333333,6.287438306072426,26.319781781122874,96.79007731488923,0.7946666666666666,2.765010818610511,0.13333333333333333,PSBPM-FD (predictiva bayesiana)
802,831,816,test,30,False,0.9319780019365694,0.9653900776041617,0.7203019758679309,0.749493362767053,0.8714171656544271,3.802959037083035,1.647879836308674,1.529561197422513,2.2782727736544506,0.9026580921745642,0.8,2.8029575092104624,0.13333333333333333,6.257997435290057,26.049077171564726,96.79007731488923,0.8,2.8029575092104624,0.13333333333333333,PSBPM-FD (predictiva bayesiana)
803,832,817,test,30,False,0.9576999394539285,0.9786214484947325,0.7330629801393013,0.7650951698844611,0.8876883162017826,3.802959037083035,1.672483162057898,1.5564738939844311,2.261839064788931,0.9070803808430534,0.7942222222222223,2.8328947356797807,0.13333333333333333,6.437675339596757,26.742009807518865,96.79007731488923,0.7942222222222223,2.8328947356797807,0.13333333333333333,PSBPM-FD (predictiva bayesiana)
804,833,818,test,30,False,0.9500487951070774,0.974704465521256,0.7289565244104552,0.7601229687852232,0.8811723326128199,3.802959037083035,1.661564161033967,1.543831549896905,2.2652873551628465,0.9040405207762985,0.7955555555555556,2.8053006012515787,0.13333333333333333,6.3515822762882514,26.349771858298883,96.79007731488923,0.7955555555555556,2.8053006012515787,0.13333333333333333,PSBPM-FD (predictiva bayesiana)
805,834,819,test,30,False,0.9600222375391744,0.9798072450942452,0.7402995821090914,0.7686349659295652,0.8904290772966194,3.802959037083035,1.6786207368072863,1.557924941990999,2.2610050328588196,0.9087798459899847,0.7897777777777778,2.843108431832813,0.1,6.447431007906284,27.118828398505674,96.79007731488923,0.7897777777777778,2.843108431832813,0.1,PSBPM-FD (predictiva bayesiana)
806,835,820,test,30,False,0.9021440523219518,0.949812640641275,0.7351252479143545,0.7440950809626822,0.8630816860077954,3.802959037083035,1.6330615425384187,1.518262231686371,2.2645920158134256,0.9086862493481638,0.8048888888888889,2.881147288830899,0.1,5.901012506545715,25.653310125251387,96.79007731488923,0.8048888888888889,2.881147288830899,0.1,PSBPM-FD (predictiva bayesiana)
807,836,821,test,30,False,0.9031915212575861,0.9503638888644633,0.7354831953428231,0.7453007097907908,0.8635583969630536,3.802959037083035,1.6206361579304924,1.5122697500692672,2.2495246911202913,0.9086607846546771,0.8048888888888889,2.877065367019994,0.1,6.007805044745501,25.93969810686182,96.79007731488923,0.8048888888888889,2.877065367019994,0.1,PSBPM-FD (predictiva bayesiana)
808,837,822,test,30,False,0.9054084068540482,0.9515295091872076,0.7301577590096867,0.7477838092427117,0.8647201376880875,3.802959037083035,1.6208793320951016,1.512044251989503,2.243130031562693,0.9087685976515093,0.8004444444444444,2.8810011956420105,0.1,6.2506949539381935,26.830521852817135,96.79007731488923,0.8004444444444444,2.8810011956420105,0.1,PSBPM-FD (predictiva bayesiana)
809,838,823,test,30,False,0.7740134148858188,0.8797803219473704,0.7357758884252356,0.7020980998709894,0.8176132268800836,3.802959037083035,1.557633351319741,1.4483884942528633,2.2806059085490116,0.929337934122371,0.8093333333333333,2.8740950508239265,0.1,6.04768255679057,26.277336415015892,96.79007731488923,0.8093333333333333,2.8740950508239265,0.1,PSBPM-FD (predictiva bayesiana)
810,839,824,test,30,False,0.7397915949518707,0.8601113852007022,0.7346564078393053,0.6831015651603446,0.7991707346379852,3.802959037083035,1.5429946295260353,1.430636577420551,2.311558356213945,0.9291479550075984,0.8004444444444444,2.864430019689672,0.06666666666666667,6.165801813596295,27.252072346340658,96.79007731488923,0.8004444444444444,2.864430019689672,0.06666666666666667,PSBPM-FD (predictiva bayesiana)
811,840,825,test,30,False,0.7498655957315369,0.8659478019670336,0.7518002638919488,0.6910317047818869,0.8073682137487997,3.802959037083035,1.5466502363888175,1.435895377246702,2.283047770672451,0.9323520562265207,0.7924444444444444,2.801129030967183,0.06666666666666667,6.187168957869875,27.74583229040424,96.79007731488923,0.7924444444444444,2.801129030967183,0.06666666666666667,PSBPM-FD (predictiva bayesiana)
812,841,826,test,30,False,0.7542079461427096,0.8684514644715096,0.7682600568556626,0.6944906919727198,0.8114978855547167,3.802959037083035,1.5475140403105885,1.4376363634977325,2.2665423275420697,0.9344193875573097,0.7942222222222223,2.836236216864704,0.06666666666666667,6.1851701221324324,27.430737940665168,96.79007731488923,0.7942222222222223,2.836236216864704,0.06666666666666667,PSBPM-FD (predictiva bayesiana)
813,842,827,test,30,False,0.7557481877584736,0.8693377869151172,0.7702798671508005,0.6938965993617033,0.812935463603553,3.802959037083035,1.5618293085145707,1.448410489089152,2.299666085843044,0.9351203592429701,0.7982222222222223,2.8780637578211414,0.06666666666666667,6.228120440477754,27.67403242036768,96.79007731488923,0.7982222222222223,2.8780637578211414,0.06666666666666667,PSBPM-FD (predictiva bayesiana)
814,843,828,test,30,False,0.8491790058501162,0.921509091572143,0.7669705646750011,0.7313547659137017,0.8521447861198528,3.802959037083035,1.6207294261606933,1.5071291300373018,2.2851949583431574,0.9247274865905544,0.7928888888888889,2.891607035934149,0.06666666666666667,6.313017502572172,28.071968259507727,96.79007731488923,0.7928888888888889,2.891607035934149,0.06666666666666667,PSBPM-FD (predictiva bayesiana)
815,844,829,test,30,False,0.7799507090428646,0.8831481806825311,0.7855542426769874,0.7092820236004277,0.827348462054022,2.9125188688610777,1.565177192640943,1.4519338700970592,2.288251574056778,0.9368172636834456,0.7991111111111111,2.8913710331921467,0.06666666666666667,5.878744898015843,25.875425768292697,57.189462428864346,0.7991111111111111,2.8913710331921467,0.06666666666666667,PSBPM-FD (predictiva bayesiana)
816,845,830,test,30,False,0.7776210012249851,0.8818282152579294,0.8135060669336975,0.707459909934242,0.8258548951084101,2.9125188688610777,1.5518970430062768,1.4420158405323287,2.274152737163168,0.936525823078651,0.7973333333333333,2.8480941121849854,0.06666666666666667,5.810180343999836,25.358809546240998,57.189462428864346,0.7973333333333333,2.8480941121849854,0.06666666666666667,PSBPM-FD (predictiva bayesiana)
817,846,831,test,30,False,0.7820124535219026,0.8843146801461019,0.8176809171862544,0.7055326188304188,0.82800409206239,2.9125188688610777,1.5740559667656653,1.4649459909182065,2.304715536880854,0.9363229070511319,0.792,2.792595308025523,0.06666666666666667,5.885820981396116,26.176429527473946,57.189462428864346,0.792,2.792595308025523,0.06666666666666667,PSBPM-FD (predictiva bayesiana)
818,847,832,test,30,False,0.8168833423992865,0.9038159892363525,0.8197075810759084,0.7204009218026193,0.8450550479313009,2.9125188688610777,1.6009786550831848,1.4931845437427527,2.3025410312205867,0.9349857249652115,0.7862222222222223,2.804032835145222,0.06666666666666667,5.968370598387227,26.008569488124476,57.189462428864346,0.7862222222222223,2.804032835145222,0.06666666666666667,PSBPM-FD (predictiva bayesiana)
819,848,833,test,30,False,0.8375298905690957,0.9151665917028963,0.8368101314427432,0.7331176063620402,0.860362215495614,2.9125188688610777,1.628454334644266,1.5209391954932487,2.3043421682612646,0.9401154099109921,0.7897777777777778,2.8301536690173155,0.1,5.969054909564396,25.674863154647788,57.189462428864346,0.7897777777777778,2.8301536690173155,0.1,PSBPM-FD (predictiva bayesiana)
820,849,834,test,30,False,0.8309679172011151,0.9115744167105146,0.8389388166142567,0.7292593385728903,0.8559101145783095,2.9125188688610777,1.6187590064251383,1.5118432894019764,2.305624650584451,0.9389360856208822,0.792,2.857730489060826,0.1,5.976606278935008,25.32488430641358,57.189462428864346,0.792,2.857730489060826,0.1,PSBPM-FD (predictiva bayesiana)
821,850,835,test,30,False,0.8150551040731011,0.9028040230709549,0.8224872483559089,0.7201976149611741,0.8469816458705317,2.9125188688610777,1.590569051010246,1.4890273385316695,2.2998160557617635,0.9381677797463295,0.7946666666666666,2.856113247872356,0.13333333333333333,5.9541449141476965,24.826817340009036,57.189462428864346,0.7946666666666666,2.856113247872356,0.13333333333333333,PSBPM-FD (predictiva bayesiana)
822,851,836,test,30,False,0.7831214866229989,0.8849415159336795,0.8441027871750654,0.7071144753904577,0.8317110264258407,2.9125188688610777,1.5516400144649736,1.453345345913098,2.2869919135775474,0.93984857920054,0.8022222222222222,2.856473040151229,0.16666666666666666,5.814677118795143,23.549286073419044,57.189462428864346,0.8022222222222222,2.856473040151229,0.16666666666666666,PSBPM-FD (predictiva bayesiana)
823,852,837,test,30,False,0.8629729417783859,0.9289633694491866,0.827672018767765,0.7412003640146378,0.871545454601545,2.9125188688610777,1.6216116408075376,1.5197926425064214,2.2837096991283565,0.9381914112698689,0.7928888888888889,2.8610914434154466,0.13333333333333333,6.033455478125621,25.03592475244062,57.189462428864346,0.7928888888888889,2.8610914434154466,0.13333333333333333,PSBPM-FD (predictiva bayesiana)
824,853,838,test,30,False,0.8845500671484617,0.9405052190968755,0.8530508171938984,0.7538743859153061,0.8876589493791383,2.9125188688610777,1.6521398543798496,1.5494416206736092,2.271328096244452,0.9438107639971599,0.792,2.8677621491743097,0.13333333333333333,6.048684311779714,25.222981727869726,57.189462428864346,0.792,2.8677621491743097,0.13333333333333333,PSBPM-FD (predictiva bayesiana)
825,854,839,test,30,False,0.8766525503523571,0.9362972553374046,0.8444113102672726,0.7492732068764699,0.8826109280900082,2.9125188688610777,1.6368086283782295,1.535789177799278,2.264318213268623,0.9426610225103672,0.7875555555555556,2.867734593713992,0.13333333333333333,6.122537898698732,25.477597665361348,57.189462428864346,0.7875555555555556,2.867734593713992,0.13333333333333333,PSBPM-FD (predictiva bayesiana)
826,855,840,test,30,False,0.8358163846956349,0.9142299408221298,0.8299409238651024,0.7278413193076009,0.8604858987453124,2.9125188688610777,1.5992186769698116,1.5005886519424019,2.2653206061975273,0.9412138678935766,0.792,2.8747255078551306,0.13333333333333333,6.037900783312399,24.678852074137733,57.189462428864346,0.792,2.8747255078551306,0.13333333333333333,PSBPM-FD (predictiva bayesiana)
827,856,841,test,30,False,0.7933563726469746,0.8907055476682373,0.8045835424398409,0.7049850347275115,0.833748613797625,2.9125188688610777,1.5615522672642472,1.4599547281714886,2.302794672465687,0.9360541381832425,0.8017777777777778,2.8715379850248963,0.13333333333333333,5.8029050596089435,23.631301392249217,57.189462428864346,0.8017777777777778,2.8715379850248963,0.13333333333333333,PSBPM-FD (predictiva bayesiana)
828,857,842,test,30,False,0.7965925328253772,0.8925203262813555,0.8007632442902426,0.706546162243911,0.8360426659866279,2.9125188688610777,1.5706624450295366,1.4697625449010236,2.312213680096289,0.9367211495002705,0.8035555555555556,2.8821716289492585,0.13333333333333333,5.777631523605152,23.136636302526185,57.189462428864346,0.8035555555555556,2.8821716289492585,0.13333333333333333,PSBPM-FD (predictiva bayesiana)
829,858,843,test,30,False,0.7695268082783883,0.8772267712959907,0.7918085868094884,0.691138303900883,0.8186551838343753,2.9125188688610777,1.5350931041555855,1.4371208235913324,2.3182596528659554,0.9332309621888496,0.8128888888888889,2.884168555768543,0.16666666666666666,5.517639162844247,21.348507264722887,47.743053694486115,0.8128888888888889,2.884168555768543,0.16666666666666666,PSBPM-FD (predictiva bayesiana)
830,859,844,test,30,False,0.7518195174909716,0.8670752663356115,0.7933957297914128,0.6822516804323133,0.8075701578901754,2.9125188688610777,1.5157824143500314,1.419322537936175,2.317471719911517,0.9313726146325064,0.8231111111111111,2.9071841151264444,0.2,5.438719140053855,20.772641003007603,47.743053694486115,0.8231111111111111,2.9071841151264444,0.2,PSBPM-FD (predictiva bayesiana)
831,860,845,test,30,False,0.7560347449731488,0.8695025847995789,0.7932151484189647,0.6873481206785822,0.8119356384536249,2.9125188688610777,1.509903973404507,1.4177531965070607,2.2711668390709545,0.933793242996255,0.8231111111111111,2.9023963770722814,0.2,5.433952755552577,20.764208680639577,47.743053694486115,0.8231111111111111,2.9023963770722814,0.2,PSBPM-FD (predictiva bayesiana)
832,861,846,test,30,False,0.7549437729915472,0.8688750042391294,0.7913333778194835,0.6849548584208675,0.8108726025227139,2.9125188688610777,1.5179782056349997,1.4237798849360674,2.3081801840118645,0.9332442509757682,0.8275555555555556,2.9019306689762874,0.23333333333333334,5.399008174279173,20.379044905312767,47.743053694486115,0.8275555555555556,2.9019306689762874,0.23333333333333334,PSBPM-FD (predictiva bayesiana)
833,862,847,test,30,False,0.747434847627238,0.8645431438784521,0.780830051228225,0.6780338354793767,0.8070290853525964,2.9125188688610777,1.514898390439264,1.4211254247475653,2.323797413438018,0.9334746230617941,0.8368888888888889,2.9011118774305666,0.23333333333333334,5.269364669398015,20.22411143025829,47.743053694486115,0.8368888888888889,2.9011118774305666,0.23333333333333334,PSBPM-FD (predictiva bayesiana)
834,863,848,test,30,False,0.772788271741728,0.8790837683302587,0.7917790744237896,0.6908540500998012,0.8240515802096204,2.9125188688610777,1.5487400473739297,1.4550760698039276,2.3246804032298356,0.9373982433719974,0.8395555555555556,2.9531147025630085,0.23333333333333334,5.311271385578719,20.481654211450223,47.743053694486115,0.8395555555555556,2.9531147025630085,0.23333333333333334,PSBPM-FD (predictiva bayesiana)
835,864,849,test,30,False,0.8060697476990323,0.8978138714115707,0.7931487439639671,0.7055763232604336,0.8417089587158703,2.9125188688610777,1.591474161890379,1.4972106506100382,2.33522329030755,0.9375094165035672,0.84,2.950261326696827,0.23333333333333334,5.38291381465232,20.997061163972315,47.743053694486115,0.84,2.950261326696827,0.23333333333333334,PSBPM-FD (predictiva bayesiana)
836,865,850,test,30,False,0.8148155539929024,0.9026713432877452,0.7890030641976922,0.7085690020705482,0.8476423924518898,2.9125188688610777,1.614437805508127,1.5162355590686245,2.3609392835164558,0.9390376672029636,0.844,2.9407723080727997,0.23333333333333334,5.358952976575813,21.099176561967532,47.743053694486115,0.844,2.9407723080727997,0.23333333333333334,PSBPM-FD (predictiva bayesiana)
837,866,851,test,30,False,0.7889419774629342,0.888224058142389,0.794368958330093,0.6940925294788024,0.833057928119325,2.9125188688610777,1.6034590193746814,1.5025526233685111,2.384943893586344,0.9378916507413263,0.8564444444444445,2.939694704149229,0.26666666666666666,5.045623051595919,19.972765814720916,47.743053694486115,0.8564444444444445,2.939694704149229,0.26666666666666666,PSBPM-FD (predictiva bayesiana)
838,867,852,test,30,False,0.8536800579371037,0.9239480818406972,0.8199146647970166,0.7129016402726464,0.8573008957484297,3.140230158767973,1.6504983321176951,1.5461057228607051,2.390808236579241,0.927866957676353,0.8537777777777777,2.937654988046218,0.26666666666666666,5.279444088962702,20.853998146825997,70.75684872475755,0.8537777777777777,2.937654988046218,0.26666666666666666,PSBPM-FD (predictiva bayesiana)
839,868,853,test,30,False,0.8684309835101709,0.931896444627927,0.8327423603903097,0.7189768428502696,0.8662675560147065,3.140230158767973,1.6625473930975763,1.5582097619196698,2.3825841435039403,0.9295749125436102,0.8528888888888889,2.9553498402154075,0.26666666666666666,5.294987555221059,20.507284661332378,70.75684872475755,0.8528888888888889,2.9553498402154075,0.26666666666666666,PSBPM-FD (predictiva bayesiana)
840,869,854,test,30,False,0.8635676848074055,0.9292834254453296,0.8389915745100687,0.7164148230746635,0.8621409526114332,3.140230158767973,1.648480655051482,1.5453504058461822,2.366137904502972,0.9277481218372957,0.8555555555555555,2.935102455500824,0.26666666666666666,5.178042747380443,19.79368825419831,70.75684872475755,0.8555555555555555,2.935102455500824,0.26666666666666666,PSBPM-FD (predictiva bayesiana)
841,870,855,test,30,False,0.8929526889206503,0.9449617393951197,0.8609746742914958,0.7293660615125763,0.8773561386482039,3.140230158767973,1.6838334617818613,1.579847030061185,2.3759934638190363,0.9284567851496391,0.8635555555555555,2.9457456010499348,0.26666666666666666,5.094862305929083,19.122628158899733,70.75684872475755,0.8635555555555555,2.9457456010499348,0.26666666666666666,PSBPM-FD (predictiva bayesiana)
842,871,856,test,30,False,0.9063585905334247,0.9520286710669089,0.8783433344987008,0.7346201522649031,0.8865868686661879,3.140230158767973,1.7195636599586026,1.6122237753614335,2.4139305807943994,0.9312606811227834,0.8648888888888889,2.9399104951764974,0.26666666666666666,5.134760086226968,19.764818320839186,70.75684872475755,0.8648888888888889,2.9399104951764974,0.26666666666666666,PSBPM-FD (predictiva bayesiana)
843,872,857,test,30,False,0.9469478127907366,0.9731124358421983,0.8959062462180096,0.7541198165877341,0.9092183404853232,3.140230158767973,1.7511511017657881,1.644137266307077,2.3974037935540564,0.934340480088946,0.8546666666666667,2.9332509276436434,0.26666666666666666,5.27608548053421,20.177752982396093,70.75684872475755,0.8546666666666667,2.9332509276436434,0.26666666666666666,PSBPM-FD (predictiva bayesiana)
844,873,858,test,30,False,0.8479874952599468,0.920862364992699,0.863171123257539,0.710670137574549,0.8647345900242274,3.140230158767973,1.6921416925819577,1.5849839539534256,2.450529039725121,0.9390486818636391,0.8595555555555555,2.8884513065566617,0.26666666666666666,5.215637670142086,20.396571924544656,70.75684872475755,0.8595555555555555,2.8884513065566617,0.26666666666666666,PSBPM-FD (predictiva bayesiana)
845,874,859,test,30,False,0.8335058362006118,0.9129654079978122,0.8419147633508232,0.70771939508057,0.8567232624670525,3.140230158767973,1.6619765121863312,1.5576982608383474,2.418785366082512,0.9383961921907841,0.8506666666666667,2.8539660504245097,0.26666666666666666,5.321200196009479,20.299864348306233,70.75684872475755,0.8506666666666667,2.8539660504245097,0.26666666666666666,PSBPM-FD (predictiva bayesiana)
846,875,860,test,30,False,0.825130663103337,0.9083670310526121,0.8347731305879753,0.7008894458516572,0.8504045731374604,3.140230158767973,1.6652311661558437,1.559429906352666,2.458605149569489,0.9361904869576949,0.8475555555555555,2.853341729775899,0.26666666666666666,5.368677497947505,20.598493208025438,70.75684872475755,0.8475555555555555,2.853341729775899,0.26666666666666666,PSBPM-FD (predictiva bayesiana)
847,876,861,test,30,False,0.8074408570425262,0.89857712915616,0.8476172145927175,0.6958942890830284,0.840660565242207,3.140230158767973,1.6327789284864123,1.5308100023265767,2.430028048003573,0.9355463632060818,0.8493333333333334,2.8848881505164834,0.26666666666666666,5.293583488060379,19.720984370235662,70.75684872475755,0.8493333333333334,2.8848881505164834,0.26666666666666666,PSBPM-FD (predictiva bayesiana)
848,877,862,test,30,False,0.7692527787730434,0.8770705665868872,0.8454926287018203,0.6788509825721765,0.8213463551569221,3.140230158767973,1.6038014317133762,1.5010329172691421,2.435950020982315,0.9364655324749804,0.8622222222222222,2.90661041969599,0.3,5.133361996525813,18.85014190484198,70.75684872475755,0.8622222222222222,2.90661041969599,0.3,PSBPM-FD (predictiva bayesiana)
849,878,863,test,30,False,0.7630968589968645,0.8735541534426269,0.8392968731541864,0.6738421575678729,0.8177238528941168,3.140230158767973,1.6127644425506944,1.5076427710289007,2.467249626458384,0.9360883348462301,0.8591111111111112,2.9117123660134774,0.26666666666666666,5.171687438641091,19.382515035277102,70.75684872475755,0.8591111111111112,2.9117123660134774,0.26666666666666666,PSBPM-FD (predictiva bayesiana)
850,879,864,test,30,False,0.7968107896346626,0.8926425878450247,0.8237058959968534,0.6913773352040098,0.8356691859209459,3.140230158767973,1.640038334016439,1.535746207510482,2.4478119596287318,0.9361744524629714,0.8524444444444444,2.902027810914649,0.26666666666666666,5.277622000896042,20.428209183363318,70.75684872475755,0.8524444444444444,2.902027810914649,0.26666666666666666,PSBPM-FD (predictiva bayesiana)
851,880,865,test,30,False,0.7925213103961731,0.890236659768723,0.8401403549095284,0.6901584961911632,0.8326569863222366,3.140230158767973,1.6286737494767072,1.5254953043468717,2.4331297784845223,0.9353209365008118,0.8524444444444444,2.9120199432803524,0.26666666666666666,5.287567020861546,20.437463122356135,70.75684872475755,0.8524444444444444,2.9120199432803524,0.26666666666666666,PSBPM-FD (predictiva bayesiana)
852,881,866,test,30,False,0.7744546253674733,0.8800310365932973,0.8443843394597411,0.6753799153948001,0.8172112944765354,3.140230158767973,1.6103905385800543,1.5059532200002792,2.4674650213613427,0.9286164470290225,0.8524444444444444,2.9014073090487056,0.26666666666666666,5.277078208924142,20.436338175583085,70.75684872475755,0.8524444444444444,2.9014073090487056,0.26666666666666666,PSBPM-FD (predictiva bayesiana)
853,882,867,test,30,False,0.6967594498180857,0.834721180885022,0.8612428035815469,0.6427873836795656,0.7798193420971758,3.140230158767973,1.549928584319264,1.4468755177570114,2.4867051566874516,0.9342273323774581,0.8617777777777778,2.8933492966741325,0.3,5.054959287294904,18.94876256742499,70.75684872475755,0.8617777777777778,2.8933492966741325,0.3,PSBPM-FD (predictiva bayesiana)
854,883,868,test,30,False,0.7674865759309928,0.8760631118424019,0.809653693316705,0.6680412618405502,0.8067176561072659,3.140230158767973,1.5842020563971957,1.4823502027338238,2.4630708414025384,0.9208442236663756,0.8435555555555555,2.888954196739528,0.3,5.614834587191931,20.409894649660227,70.75684872475755,0.8435555555555555,2.888954196739528,0.3,PSBPM-FD (predictiva bayesiana)
855,884,869,test,30,False,0.7907091734584776,0.8892182934794344,0.7743601615199952,0.6796949118559136,0.8196186251144038,3.140230158767973,1.6064671687689729,1.5035564580236076,2.459456393298412,0.921729378629073,0.8471111111111111,2.897454516723338,0.3,5.551157626540471,20.099098052223585,70.75684872475755,0.8471111111111111,2.897454516723338,0.3,PSBPM-FD (predictiva bayesiana)
856,885,870,test,30,False,0.7940458118328885,0.8910924821997369,0.7376768468590009,0.6802432997781565,0.8222639997977047,3.140230158767973,1.6235820371041814,1.5160060116776952,2.4894536992115377,0.9227594399269049,0.8475555555555555,2.9570853255850573,0.3,5.618560988155072,20.374909391470737,70.75684872475755,0.8475555555555555,2.9570853255850573,0.3,PSBPM-FD (predictiva bayesiana)
857,886,871,test,30,False,0.7914550016406,0.8896375675749085,0.705907017583363,0.678042046414424,0.8183965606878711,3.140230158767973,1.6118760192898698,1.5050817431800565,2.470216037912622,0.9199213146076604,0.8506666666666667,2.9701416873033675,0.3333333333333333,5.61420444064762,20.106829248631893,70.75684872475755,0.8506666666666667,2.9701416873033675,0.3333333333333333,PSBPM-FD (predictiva bayesiana)
858,887,872,test,30,False,0.797808979062524,0.8932015332849155,0.7001875500002257,0.6794090091940898,0.8223709571317123,3.140230158767973,1.630760799402902,1.520358604978592,2.493426187941583,0.9207003419567469,0.8466666666666667,2.929001938920468,0.3333333333333333,5.619570599534947,20.685889919476494,70.75684872475755,0.8466666666666667,2.929001938920468,0.3333333333333333,PSBPM-FD (predictiva bayesiana)
859,888,873,test,30,False,0.8268055957557527,0.909288510735593,0.6869566961129167,0.6971943242665463,0.8406753990347592,3.140230158767973,1.6581668738933486,1.5486363432794163,2.472467788385119,0.9245419788210812,0.8342222222222222,2.8878782006729806,0.3,5.812441786536079,21.815685290338447,70.75684872475755,0.8342222222222222,2.8878782006729806,0.3,PSBPM-FD (predictiva bayesiana)
860,889,874,test,30,False,0.8232482264226609,0.9073302741684866,0.6716619764137907,0.6925676333801734,0.8376451368455424,3.140230158767973,1.6624447894413423,1.5506304756466531,2.505249851303849,0.923197605869807,0.8337777777777777,2.8453963894790246,0.26666666666666666,5.769356275196289,21.783013864598523,70.75684872475755,0.8337777777777777,2.8453963894790246,0.26666666666666666,PSBPM-FD (predictiva bayesiana)
861,890,875,test,30,False,0.8260171655697787,0.9088548649645766,0.6611926636684199,0.6933448679265559,0.8400164431327775,3.140230158767973,1.6740829918978093,1.561264739004646,2.5255315775623535,0.924258069703481,0.8177777777777778,2.7872113820063986,0.23333333333333334,5.955809682629948,22.739358600673306,70.75684872475755,0.8177777777777778,2.7872113820063986,0.23333333333333334,PSBPM-FD (predictiva bayesiana)
862,891,876,test,30,False,0.8256684494293867,0.9086630010236946,0.6585000648920691,0.694224967904686,0.8396619682551344,3.140230158767973,1.6683314847946924,1.557669487973538,2.503255342362211,0.9240631205509369,0.8102222222222222,2.7299855757332923,0.2,5.990303465260903,23.50427345780241,70.75684872475755,0.8102222222222222,2.7299855757332923,0.2,PSBPM-FD (predictiva bayesiana)
863,892,877,test,30,False,0.8137753176179524,0.902094960421547,0.6547886814095946,0.6903540597015447,0.8323106070046452,3.140230158767973,1.6561394398433882,1.543186574736315,2.4991835354470875,0.9226418986042315,0.8102222222222222,2.732756407477893,0.2,5.991376710979156,23.608444548342035,70.75684872475755,0.8102222222222222,2.732756407477893,0.2,PSBPM-FD (predictiva bayesiana)
864,893,878,test,30,False,0.8260325836411571,0.9088633470666297,0.6823424681286837,0.6985661635500329,0.8379602343028759,3.140230158767973,1.647495982867258,1.5376728515437998,2.4703224980640752,0.9219870478960399,0.8031111111111111,2.7442971795739397,0.2,6.1749216208826745,23.649226738904858,70.75684872475755,0.8031111111111111,2.7442971795739397,0.2,PSBPM-FD (predictiva bayesiana)
865,894,879,test,30,False,0.7841199792894092,0.8855054936528679,0.692916630959075,0.6759821980509293,0.8126304269944907,3.140230158767973,1.5974091879121086,1.488896668797143,2.4876982881021075,0.917702298652316,0.8044444444444444,2.7112859298810363,0.2,6.042807817285629,22.833470124171885,70.75684872475755,0.8044444444444444,2.7112859298810363,0.2,PSBPM-FD (predictiva bayesiana)
866,895,880,test,30,False,0.770668798781768,0.8778774394992549,0.6988307246068288,0.6680346512846502,0.8026956325367379,3.140230158767973,1.5720265670761966,1.4682214593626637,2.480529583660739,0.9143595636705267,0.8075555555555556,2.712719827954761,0.23333333333333334,6.015128337939578,22.37719534773686,70.75684872475755,0.8075555555555556,2.712719827954761,0.23333333333333334,PSBPM-FD (predictiva bayesiana)
867,896,881,test,30,False,0.7796201651805023,0.8829610213256881,0.7171394689832812,0.675001736971232,0.8086084177499376,3.140230158767973,1.572378625890536,1.4705001852952033,2.459201753997164,0.9157917486956371,0.8022222222222222,2.7132780318578913,0.2,6.061315991375674,22.95863171593304,70.75684872475755,0.8022222222222222,2.7132780318578913,0.2,PSBPM-FD (predictiva bayesiana)
868,897,882,test,30,False,0.7386846868861114,0.8594676764638164,0.6764360290224812,0.6667707243365635,0.7949014167241091,2.947075902684073,1.537721011186611,1.4380330683626983,2.445157992599453,0.9248764537540749,0.7986666666666666,2.686463684621138,0.2,6.038924330973871,22.873176197927688,68.19318318459686,0.7986666666666666,2.686463684621138,0.2,PSBPM-FD (predictiva bayesiana)
869,898,883,test,30,False,0.7345838316410479,0.8570786612913939,0.6701746393547963,0.6670016930909023,0.7926817327608803,2.947075902684073,1.5391831767904027,1.4368571792783709,2.4463397023159104,0.924864622771632,0.7951111111111111,2.6476857912865106,0.2,6.191411735924197,23.59756505788563,68.19318318459686,0.7951111111111111,2.6476857912865106,0.2,PSBPM-FD (predictiva bayesiana)
870,899,884,test,30,False,0.7664297189844979,0.8754597186532901,0.6660284237674153,0.6819081179253043,0.8121238124650542,2.947075902684073,1.578372343950878,1.4745788751544917,2.4555182898549868,0.9276541172155072,0.7915555555555556,2.6634973137959994,0.2,6.3321016829812455,24.197954375853488,68.19318318459686,0.7915555555555556,2.6634973137959994,0.2,PSBPM-FD (predictiva bayesiana)
871,900,885,test,30,False,0.7281660345722518,0.853326452521104,0.6725552823832849,0.660878968473369,0.7898850920838179,2.947075902684073,1.542257822675953,1.4390284703987117,2.482299781175309,0.9256540562526191,0.792,2.6375146131782223,0.2,6.304001127307031,24.07985800764088,68.19318318459686,0.792,2.6375146131782223,0.2,PSBPM-FD (predictiva bayesiana)
872,901,886,test,30,False,0.7184976977519848,0.8476424350821429,0.6798567368855714,0.657938223251919,0.7836110813694374,2.947075902684073,1.522912561113238,1.4192299989390504,2.4648502022153576,0.9244594759976824,0.7897777777777778,2.65297862732263,0.2,6.3485901079913525,24.34616236811604,68.19318318459686,0.7897777777777778,2.65297862732263,0.2,PSBPM-FD (predictiva bayesiana)
873,902,887,test,30,False,0.7396971619715738,0.860056487663208,0.6697196095190434,0.6622119771236222,0.7914414453947407,3.1755972784834245,1.5588290758309402,1.4521275365416682,2.4881596065134537,0.9202203073255156,0.7928888888888889,2.6567034148964774,0.2,6.596794856508117,25.566584804017115,68.42712176969842,0.7928888888888889,2.6567034148964774,0.2,PSBPM-FD (predictiva bayesiana)
874,903,888,test,30,False,0.7624036455194451,0.8731572856704828,0.6727705796523111,0.6758456099250506,0.8078625668102223,3.1755972784834245,1.5922820905074486,1.4827567237276935,2.4715252273910995,0.9252199804871103,0.7844444444444445,2.6745977713823472,0.2,6.838518470068834,26.696499895799402,68.42712176969842,0.7844444444444445,2.6745977713823472,0.2,PSBPM-FD (predictiva bayesiana)
875,904,889,test,30,False,0.7601510809109947,0.8718664352473919,0.6751455282027075,0.6742150151065868,0.806383472619311,3.1755972784834245,1.5975285577263074,1.486799940273462,2.4840483284741897,0.9248933552425375,0.792,2.7038933198263404,0.2,6.751772532160557,26.814163137390707,68.42712176969842,0.792,2.7038933198263404,0.2,PSBPM-FD (predictiva bayesiana)
876,905,890,test,30,False,0.7764498644317864,0.8811639259705236,0.6494430691666445,0.6848424949242652,0.8174801401482737,3.1755972784834245,1.6125647409926924,1.5005377723299598,2.4586370719477886,0.9277276520913996,0.7977777777777778,2.7331029911274864,0.2,6.696130782117098,26.326118719567592,68.42712176969842,0.7977777777777778,2.7331029911274864,0.2,PSBPM-FD (predictiva bayesiana)
877,906,891,test,30,False,0.7652323819742138,0.8747756180725511,0.6428445367344026,0.6761300930458943,0.8085417946945738,3.1755972784834245,1.6063608389725217,1.4922821208910872,2.480005782587416,0.9242847857100607,0.8048888888888889,2.7229468705705626,0.23333333333333334,6.630977720334209,25.831396047275472,68.42712176969842,0.8048888888888889,2.7229468705705626,0.23333333333333334,PSBPM-FD (predictiva bayesiana)
878,907,892,test,30,False,0.7731874631094724,0.8793107886916164,0.6423912329921091,0.6791596663358518,0.8136688566478659,3.1755972784834245,1.6132686166873027,1.5010846171568255,2.4808645914526863,0.9253484286921768,0.7982222222222223,2.713983911441613,0.2,6.663695152593417,26.23911510979906,68.42712176969842,0.7982222222222223,2.713983911441613,0.2,PSBPM-FD (predictiva bayesiana)
879,908,893,test,30,False,0.7733782771298149,0.8794192840333983,0.6744486055613995,0.6829461042066476,0.8137885439490431,3.1755972784834245,1.5966675470844893,1.4863525086184706,2.442691142745456,0.925370365108047,0.7995555555555556,2.70897863454307,0.2,6.628900687455407,25.794973119115284,68.42712176969842,0.7995555555555556,2.70897863454307,0.2,PSBPM-FD (predictiva bayesiana)
880,909,894,test,30,False,0.7501720505578847,0.8661247315242099,0.6966135365265096,0.6704254156766208,0.8026467450948364,3.1755972784834245,1.5785107348952363,1.4676459850825878,2.4554414603502988,0.9267103407638936,0.7977777777777778,2.7132063168872715,0.2,6.685682329571436,26.115980072714965,68.42712176969842,0.7977777777777778,2.7132063168872715,0.2,PSBPM-FD (predictiva bayesiana)
881,910,895,test,30,False,0.754175236906118,0.8684326323360483,0.7228607757854687,0.6741564167143562,0.8054691844774547,3.1755972784834245,1.5788461106211458,1.4671984664716584,2.4442463225666073,0.9274976025610364,0.7857777777777778,2.709787924029321,0.16666666666666666,6.814093141249095,26.72035925389721,68.42712176969842,0.7857777777777778,2.709787924029321,0.16666666666666666,PSBPM-FD (predictiva bayesiana)
882,911,896,test,30,False,0.7655603132516843,0.8749630353630286,0.7353161826020731,0.6834417721827488,0.816458609736941,3.1755972784834245,1.6053729157268277,1.4946692203382332,2.443300383201842,0.9331349745514521,0.7786666666666666,2.7190864783022293,0.13333333333333333,6.95140512381722,27.854690632949556,68.42712176969842,0.7786666666666666,2.7190864783022293,0.13333333333333333,PSBPM-FD (predictiva bayesiana)
883,912,897,test,30,False,0.7696259349142595,0.8772832694827022,0.7439313143413383,0.686602421091442,0.8202579704259284,3.1755972784834245,1.6077683868312362,1.4986792749669928,2.4309158949646106,0.9349978495652844,0.7733333333333333,2.7148217230958918,0.1,7.0198627811113905,28.59596192745731,68.42712176969842,0.7733333333333333,2.7148217230958918,0.1,PSBPM-FD (predictiva bayesiana)
884,913,898,test,30,False,0.6822703714579992,0.8259965928852244,0.8424135920785271,0.654449783577881,0.7821771197509625,3.1755972784834245,1.5498339408175668,1.4412740078131072,2.4447733599425097,0.9469495715700236,0.7924444444444444,2.7212212477630886,0.1,6.449489022497056,26.842622959083194,68.42712176969842,0.7924444444444444,2.7212212477630886,0.1,PSBPM-FD (predictiva bayesiana)
885,914,899,test,30,False,0.6950541898177427,0.8336991002860341,0.8116770932933836,0.6577475445348856,0.787616408543012,3.1755972784834245,1.558735801022857,1.4523145864266453,2.446665076465224,0.9447250312166444,0.7884444444444444,2.720645215752043,0.1,6.499503232919489,27.01448376123427,68.42712176969842,0.7884444444444444,2.720645215752043,0.1,PSBPM-FD (predictiva bayesiana)
886,915,900,test,30,False,0.6914539248253638,0.8315370856584593,0.7872622977051672,0.6566202756320376,0.7847467126739881,3.1755972784834245,1.5455273871105706,1.4435112813970636,2.426502162316219,0.9437302631578725,0.7933333333333333,2.6687224933991676,0.13333333333333333,6.407467932751021,26.403365761741366,68.42712176969842,0.7933333333333333,2.6687224933991676,0.13333333333333333,PSBPM-FD (predictiva bayesiana)
887,916,901,test,30,False,0.7351608111130571,0.8574151917904517,0.8490497535356308,0.6820839904543275,0.8147851336763338,3.1755972784834245,1.5935572119276455,1.490419722720865,2.4060506583855736,0.9502807291936385,0.7817777777777778,2.631072292509411,0.1,6.552891830746274,27.421439002633818,68.42712176969842,0.7817777777777778,2.631072292509411,0.1,PSBPM-FD (predictiva bayesiana)
888,917,902,test,30,False,0.7164549126392793,0.8464365969399475,0.8441401350082772,0.6709961918958572,0.8001631565277063,3.1755972784834245,1.5575410749140493,1.4587877245790921,2.396727889005775,0.9453314748209969,0.7791111111111111,2.6172163816518927,0.1,6.564303008268039,27.295368621243032,68.42712176969842,0.7791111111111111,2.6172163816518927,0.1,PSBPM-FD (predictiva bayesiana)
889,918,903,test,30,False,0.6917366017556168,0.8317070408236404,0.8734721229619313,0.6560667304489594,0.7855890170747379,3.1755972784834245,1.5399919522778602,1.4393690830871242,2.4223300547296187,0.9445501583066656,0.7826666666666666,2.6193877612081513,0.1,6.453102226880455,27.048319689519108,68.42712176969842,0.7826666666666666,2.6193877612081513,0.1,PSBPM-FD (predictiva bayesiana)
890,919,904,test,30,False,0.7038096867466795,0.838933660515943,0.8768234788647772,0.6650358118114259,0.7945246947746369,3.1755972784834245,1.5459327895250958,1.44694593790444,2.391133281874464,0.9470649851932338,0.7675555555555555,2.6176111125410277,0.1,6.760422920867798,28.124499772356025,68.42712176969842,0.7675555555555555,2.6176111125410277,0.1,PSBPM-FD (predictiva bayesiana)
891,920,905,test,30,False,0.6972232447688105,0.8349989489626981,0.887170221234452,0.6604182367818939,0.7882565490545542,3.1755972784834245,1.5330973807993473,1.4337470529088052,2.386746297529781,0.9440210074920322,0.7755555555555556,2.6417994167755308,0.1,6.5718318797876885,27.37915901816662,68.42712176969842,0.7755555555555556,2.6417994167755308,0.1,PSBPM-FD (predictiva bayesiana)
892,921,906,test,30,False,0.7203919566299011,0.8487590686584157,0.8636337024838897,0.6725214423111529,0.8042145133860185,3.1755972784834245,1.556628425237202,1.4580507289240718,2.374176117675717,0.9475180214064679,0.7773333333333333,2.6831456547135537,0.1,6.543744649243232,26.82044796480987,68.42712176969842,0.7773333333333333,2.6831456547135537,0.1,PSBPM-FD (predictiva bayesiana)
893,922,907,test,30,False,0.7515005778434494,0.8668913298928819,0.8580053947692627,0.6878441971444054,0.8206667824247301,3.1755972784834245,1.5742670296803851,1.4740105436371596,2.3560637419951416,0.9466778062322257,0.7751111111111111,2.689573034197428,0.1,6.596308856500795,26.800193620779044,68.42712176969842,0.7751111111111111,2.689573034197428,0.1,PSBPM-FD (predictiva bayesiana)
894,923,908,test,30,False,0.7245036962360693,0.8511778287972903,0.827823344183311,0.6729395303916702,0.8065798782798947,3.1755972784834245,1.5609286710900678,1.4614102129111377,2.3773580527864673,0.9476044264681891,0.7773333333333333,2.663584858837667,0.1,6.470533044615721,26.540370875956192,68.42712176969842,0.7773333333333333,2.663584858837667,0.1,PSBPM-FD (predictiva bayesiana)
895,924,909,test,30,False,0.7364272231771205,0.8581533797504503,0.8325363969221289,0.6811337038186234,0.8165636277803155,3.1755972784834245,1.5748818419876798,1.4754368308367372,2.3593512150804665,0.9515357592809004,0.7764444444444445,2.699210960763636,0.1,6.559822391975474,26.95291546010259,68.42712176969842,0.7764444444444445,2.699210960763636,0.1,PSBPM-FD (predictiva bayesiana)
896,925,910,test,30,False,0.7447425747163918,0.8629846897346394,0.8461057104033861,0.6879389320911523,0.8231908826661041,3.1755972784834245,1.5824975724964347,1.4811069905148204,2.343075525220373,0.9538881656396806,0.7693333333333333,2.702615141243389,0.06666666666666667,6.640090479681394,27.508444792048625,68.42712176969842,0.7693333333333333,2.702615141243389,0.06666666666666667,PSBPM-FD (predictiva bayesiana)
897,926,911,test,30,False,0.7353940803882597,0.8575512115251541,0.8152214772367438,0.680728017562746,0.8169789522207811,3.1755972784834245,1.5806337598807874,1.477107565566492,2.362736567187672,0.9526882374380703,0.7737777777777778,2.709916973072156,0.06666666666666667,6.602511353862983,26.941907980067054,68.42712176969842,0.7737777777777778,2.709916973072156,0.06666666666666667,PSBPM-FD (predictiva bayesiana)
898,927,912,test,30,False,0.6992360583966921,0.8362033594746509,0.8181901941245914,0.6629262066048276,0.7992956591963143,3.1755972784834245,1.5719200521853218,1.4668928397211747,2.4008230323616897,0.9558627696718128,0.7866666666666666,2.7362349113231885,0.06666666666666667,6.172338602442994,25.763269780863922,68.42712176969842,0.7866666666666666,2.7362349113231885,0.06666666666666667,PSBPM-FD (predictiva bayesiana)
899,928,913,test,30,False,0.7247955372407823,0.8513492451636886,0.7636206483213962,0.6744062072355445,0.8112430946089826,3.1755972784834245,1.594851473028797,1.4907817109208235,2.3929045841758234,0.9528910716929163,0.7888888888888889,2.759103615251447,0.06666666666666667,6.124721599424678,25.653043368127488,68.42712176969842,0.7888888888888889,2.759103615251447,0.06666666666666667,PSBPM-FD (predictiva bayesiana)
900,929,914,test,30,False,0.7031197859529753,0.8385223824997012,0.7777377318524771,0.6661034204585005,0.7996784411033446,3.1755972784834245,1.5759027874549638,1.473867580543384,2.3937472630361603,0.9536757250527294,0.7986666666666666,2.763845758485892,0.1,5.973571030003014,24.78231015221188,68.42712176969842,0.7986666666666666,2.763845758485892,0.1,PSBPM-FD (predictiva bayesiana)
901,930,915,test,30,False,0.7297245538012035,0.8542391666279435,0.7538261430003463,0.6841917067014767,0.8166912254794841,3.1755972784834245,1.5852862491614783,1.485763628461948,2.3457391732017014,0.9560451655516128,0.7928888888888889,2.7455837738851034,0.1,6.002140309290528,25.09645266356045,68.42712176969842,0.7928888888888889,2.7455837738851034,0.1,PSBPM-FD (predictiva bayesiana)
902,931,916,test,30,False,0.730150425293178,0.8544883997417273,0.763446290614152,0.6852830546226001,0.8170038668205181,3.1755972784834245,1.5742857917691113,1.478407250056066,2.32225321502201,0.956132192160199,0.7897777777777778,2.7061708801684436,0.1,5.949544263298624,24.749737797732198,68.42712176969842,0.7897777777777778,2.7061708801684436,0.1,PSBPM-FD (predictiva bayesiana)
903,932,917,test,30,False,0.6692795752151723,0.8180950893479145,0.7446662098666935,0.6623251686796295,0.7873480540143579,2.62733615179196,1.5058049964756823,1.4151742700100678,2.3092282462465814,0.9624163062046194,0.7964444444444444,2.6671512724423727,0.1,5.526664949552582,23.14985542798667,57.812123428681055,0.7964444444444444,2.6671512724423727,0.1,PSBPM-FD (predictiva bayesiana)
904,933,918,test,30,False,0.6536412553099472,0.8084808317517165,0.7310198799969571,0.6550644792077571,0.7774385196257967,2.62733615179196,1.47963365767931,1.3901397778060827,2.2991424780728518,0.9616041458167152,0.8093333333333333,2.693120968732336,0.13333333333333333,5.266229230029735,21.3366517391632,50.1676278667986,0.8093333333333333,2.693120968732336,0.13333333333333333,PSBPM-FD (predictiva bayesiana)
905,934,919,test,30,False,0.6810006847813506,0.8252276563357233,0.7634026530794683,0.666521359167082,0.7917732934601962,2.62733615179196,1.5072799487933464,1.4166708096754368,2.3022863087820755,0.9594604438924463,0.8093333333333333,2.6915531061140356,0.13333333333333333,5.254594665452472,21.26167261734111,50.1676278667986,0.8093333333333333,2.6915531061140356,0.13333333333333333,PSBPM-FD (predictiva bayesiana)
906,935,920,test,30,False,0.6609346097110382,0.8129788494856667,0.7799582967647539,0.6553486708359035,0.7770037795127387,2.62733615179196,1.4755827216387156,1.385929365616359,2.291119223591221,0.955749070230194,0.8106666666666666,2.685099595350291,0.13333333333333333,5.234833524562587,21.100896221758525,50.1676278667986,0.8106666666666666,2.685099595350291,0.13333333333333333,PSBPM-FD (predictiva bayesiana)
907,936,921,test,30,False,0.6815430937682796,0.825556232953443,0.7775797177724901,0.6684221467938734,0.7914994132804776,2.62733615179196,1.4943726153916959,1.4043713321731877,2.275894200962318,0.9587468202485413,0.8013333333333333,2.6927442533897183,0.1,5.39020370913746,22.115499834830537,50.1676278667986,0.8013333333333333,2.6927442533897183,0.1,PSBPM-FD (predictiva bayesiana)
908,937,922,test,30,False,0.7028819722040214,0.8383805652590125,0.8211662891837354,0.6782916980979607,0.8020527695551125,2.62733615179196,1.5233635859153491,1.431153238735412,2.2841864198604314,0.9566690865589462,0.7982222222222223,2.685323197574846,0.1,5.5500303485457385,23.07596491691714,50.1676278667986,0.7982222222222223,2.685323197574846,0.1,PSBPM-FD (predictiva bayesiana)
909,938,923,test,30,False,0.6943925932454625,0.8333022220331964,0.7946684161836931,0.6723920248966396,0.796067137811327,2.62733615179196,1.511069051052087,1.4201706329638983,2.2822361128186555,0.9553162307295683,0.7937777777777778,2.6815850589206804,0.1,5.616162433447503,23.56124055162826,50.1676278667986,0.7937777777777778,2.6815850589206804,0.1,PSBPM-FD (predictiva bayesiana)
910,939,924,test,30,False,0.6788211856339021,0.8239060538883679,0.7856619873582769,0.6640211632733929,0.785097139598148,2.62733615179196,1.4955980277348588,1.4051950930749577,2.295422738087552,0.9528964326611463,0.7995555555555556,2.6855847250502296,0.1,5.4858531630331555,22.734327490044222,50.1676278667986,0.7995555555555556,2.6855847250502296,0.1,PSBPM-FD (predictiva bayesiana)
911,940,925,test,30,False,0.6719001524444862,0.8196951582414563,0.7597546643602102,0.6562718769822489,0.7799670821859941,2.62733615179196,1.5076520145798764,1.4143811977757357,2.353898850137115,0.9515331087953558,0.8115555555555556,2.68740500579689,0.13333333333333333,5.356021538263054,22.138217892047482,50.1676278667986,0.8115555555555556,2.68740500579689,0.13333333333333333,PSBPM-FD (predictiva bayesiana)
912,941,926,test,30,False,0.6933675305028617,0.8326869342693337,0.7904675299761141,0.6680905096888448,0.7923291774409016,2.62733615179196,1.5148209250954954,1.4205936873106546,2.324348516375013,0.9515330970530416,0.8142222222222222,2.6897305590636353,0.13333333333333333,5.269952498567193,21.468905587284993,50.1676278667986,0.8142222222222222,2.6897305590636353,0.13333333333333333,PSBPM-FD (predictiva bayesiana)
913,942,927,test,30,False,0.7001265673094943,0.8367356615499869,0.7946803863036156,0.6712224953987487,0.7973888942350954,2.62733615179196,1.5317506975019037,1.4348234082743234,2.3411543118054663,0.9529758690552226,0.8133333333333334,2.698991084876703,0.13333333333333333,5.33061650943284,21.929141540251972,50.1676278667986,0.8133333333333334,2.698991084876703,0.13333333333333333,PSBPM-FD (predictiva bayesiana)
914,943,928,test,30,False,0.7239661125405042,0.8508619820749451,0.7926619861247987,0.6825324787505782,0.8122994190204271,2.62733615179196,1.5571770216668195,1.4612251047505525,2.338670152702204,0.9546782394008511,0.808,2.7000606567324916,0.13333333333333333,5.392574631665707,22.577511166654954,50.1676278667986,0.808,2.7000606567324916,0.13333333333333333,PSBPM-FD (predictiva bayesiana)
915,944,929,test,30,False,0.6944579386247312,0.8333414298021736,0.8099746936404743,0.6691476737366038,0.7981797454791238,2.62733615179196,1.547968757172788,1.449432384071732,2.3689310641225885,0.9578063887554507,0.812,2.702140799061628,0.13333333333333333,5.383322109566691,22.820390169763293,50.1676278667986,0.812,2.702140799061628,0.13333333333333333,PSBPM-FD (predictiva bayesiana)
916,945,930,test,30,False,0.7082969301484753,0.8416037845378758,0.8321986089141239,0.6774064388158776,0.8076974786635499,2.62733615179196,1.5612804974658314,1.4620054668468754,2.3635283965568425,0.9597122701950015,0.8004444444444444,2.6844849132120663,0.1,5.482599531396348,23.678278576920864,50.1676278667986,0.8004444444444444,2.6844849132120663,0.1,PSBPM-FD (predictiva bayesiana)
917,946,931,test,30,False,0.672756211195292,0.8202171731896938,0.8101538094495601,0.6595159749410068,0.7873333598518358,2.62733615179196,1.5319914431980555,1.433940671943519,2.3804760511325807,0.9599084066845638,0.812,2.6758246748661882,0.13333333333333333,5.290035893941127,22.612284759297044,50.1676278667986,0.812,2.6758246748661882,0.13333333333333333,PSBPM-FD (predictiva bayesiana)
918,947,932,test,30,False,0.7054059827241305,0.8398845055864113,0.8155495544739725,0.6768240131879393,0.8091643427642553,2.62733615179196,1.5680880127111045,1.4721350688390433,2.368690437501509,0.9634233485463493,0.808,2.7096313492199666,0.13333333333333333,5.469123266740744,23.073663066133147,50.1676278667986,0.808,2.7096313492199666,0.13333333333333333,PSBPM-FD (predictiva bayesiana)
919,948,933,test,30,False,0.7083315730798199,0.8416243657831086,0.8279952609501631,0.6790580064033969,0.8113722486223319,2.62733615179196,1.5712303403189247,1.4755643628501605,2.3631761491947585,0.9640550839653651,0.8133333333333334,2.748667862561764,0.13333333333333333,5.431514983066805,22.851394288048148,50.1676278667986,0.8133333333333334,2.748667862561764,0.13333333333333333,PSBPM-FD (predictiva bayesiana)
920,949,934,test,30,False,0.7108544881167733,0.8431218702635896,0.8302405234726266,0.6810688222086043,0.8128878332860052,2.62733615179196,1.5695680864173276,1.4752902421412792,2.355269108135554,0.9641403715833723,0.8248888888888889,2.7894065757155055,0.13333333333333333,5.224592130086662,22.54661313171136,50.1676278667986,0.8248888888888889,2.7894065757155055,0.13333333333333333,PSBPM-FD (predictiva bayesiana)
921,950,935,test,30,False,0.7195169713787907,0.8482434623259943,0.827619321528196,0.6864307089463385,0.8207688027178205,2.62733615179196,1.5892118201875225,1.4916229425799559,2.3691529521839865,0.9676099365000295,0.8266666666666667,2.829359746711665,0.13333333333333333,5.290227522297382,22.98368159170834,50.1676278667986,0.8266666666666667,2.829359746711665,0.13333333333333333,PSBPM-FD (predictiva bayesiana)
922,951,936,test,30,False,0.7019220676606672,0.8378078942458511,0.8193090559985261,0.6801051882781444,0.8097779869085674,2.62733615179196,1.5682860501460785,1.4678755211322283,2.358459360088623,0.9665437536101105,0.8231111111111111,2.817834793166697,0.13333333333333333,5.3935673828301764,23.698899075264688,50.1676278667986,0.8231111111111111,2.817834793166697,0.13333333333333333,PSBPM-FD (predictiva bayesiana)
923,952,937,test,30,False,0.6766415274602812,0.8225822314275218,0.8174856096061643,0.6687413204510835,0.797178116677774,2.62733615179196,1.5533087767996223,1.4541230845506667,2.367012397042488,0.9691166259382225,0.8222222222222222,2.794592098393917,0.13333333333333333,5.397416860394511,23.913232969380502,50.1676278667986,0.8222222222222222,2.794592098393917,0.13333333333333333,PSBPM-FD (predictiva bayesiana)
924,953,938,test,30,False,0.67079409246081,0.8190202027183517,0.8119029258251791,0.6664829308687328,0.7928954253208005,2.62733615179196,1.5470005694078681,1.445610602614767,2.365262333186055,0.9681024017346064,0.8288888888888889,2.8187139269412858,0.13333333333333333,5.318967571870656,23.87394689303908,50.1676278667986,0.8288888888888889,2.8187139269412858,0.13333333333333333,PSBPM-FD (predictiva bayesiana)
925,954,939,test,30,False,0.6609759142221037,0.8130042522779962,0.8135681048677132,0.6607887753788325,0.7851035226870863,2.62733615179196,1.532225935145747,1.4318177155544942,2.363528708182742,0.9656819389163912,0.8266666666666667,2.8217985174971787,0.13333333333333333,5.287386219136793,23.45433999550897,50.1676278667986,0.8266666666666667,2.8217985174971787,0.13333333333333333,PSBPM-FD (predictiva bayesiana)
926,955,940,test,30,False,0.6867411931751111,0.8286984935277191,0.8337705035771528,0.6690270578098815,0.7989005660857356,2.693293058186823,1.5782585485314038,1.4730610068598144,2.3965019031727706,0.9640424983577132,0.8271111111111111,2.8238659044522016,0.13333333333333333,5.536476426385433,25.46773712729116,80.49992532149165,0.8271111111111111,2.8238659044522016,0.13333333333333333,PSBPM-FD (predictiva bayesiana)
927,956,941,test,30,False,0.6800927822554603,0.8246773807104572,0.864132335115903,0.6634126657930502,0.7930903448802098,2.693293058186823,1.570503426572357,1.466598685406136,2.4107372215120164,0.961697705588778,0.82,2.8166014551913574,0.13333333333333333,5.592855777495893,25.988842346892834,80.49992532149165,0.82,2.8166014551913574,0.13333333333333333,PSBPM-FD (predictiva bayesiana)
928,957,942,test,30,False,0.6863877334863082,0.8284852041444725,0.8988499449725248,0.667015611890807,0.7969520230111546,2.693293058186823,1.5650900471238596,1.4640199925508708,2.388683780954446,0.9619387516209414,0.8182222222222222,2.8219088894671036,0.13333333333333333,5.712975277927661,26.452074349863096,80.49992532149165,0.8182222222222222,2.8219088894671036,0.13333333333333333,PSBPM-FD (predictiva bayesiana)
929,958,943,test,30,False,0.6518297575634053,0.8073597448247004,1.0209573115218957,0.6530826825684461,0.7794279470676722,2.693293058186823,1.525201914903799,1.4228748202473593,2.3805018408214837,0.9654035292989583,0.8204444444444444,2.823693683537603,0.13333333333333333,5.541985230711644,25.635970856746034,80.49992532149165,0.8204444444444444,2.823693683537603,0.13333333333333333,PSBPM-FD (predictiva bayesiana)
930,959,944,test,30,False,0.6422496163655185,0.8014047768546919,1.008905822028187,0.6454604152560569,0.7721012755844014,2.693293058186823,1.5120351289582799,1.4088215716394743,2.392096941466528,0.9634348307913772,0.8164444444444444,2.822880253513085,0.1,5.5667934384735975,26.08534214092057,80.49992532149165,0.8164444444444444,2.822880253513085,0.1,PSBPM-FD (predictiva bayesiana)
931,960,945,test,30,False,0.6233712725967403,0.789538645410559,1.0454144474437916,0.6329117540913679,0.7613179223784261,2.693293058186823,1.5119286234133769,1.4062390848691229,2.4269172555969614,0.9642566919349994,0.8146666666666667,2.859890412187359,0.1,5.679834075194734,26.54904114579447,80.49992532149165,0.8146666666666667,2.859890412187359,0.1,PSBPM-FD (predictiva bayesiana)
932,961,946,test,30,False,0.6392283348922958,0.799517563842281,1.061257970628296,0.641763307789592,0.7708795766962524,2.693293058186823,1.5282884069306266,1.4225778162738114,2.4251980505812627,0.9641809155406147,0.8142222222222222,2.8982208275628896,0.1,5.793837225276818,26.89286974990906,80.49992532149165,0.8142222222222222,2.8982208275628896,0.1,PSBPM-FD (predictiva bayesiana)
933,962,947,test,30,False,0.6576755202354696,0.8109719602029836,1.0891923806345052,0.653552775341497,0.7829709775614379,2.693293058186823,1.5536538328164662,1.4460483986261488,2.4228588765505714,0.9654723171507222,0.8088888888888889,2.940960689933298,0.1,5.987932710512962,27.871739177118574,80.49992532149165,0.8088888888888889,2.940960689933298,0.1,PSBPM-FD (predictiva bayesiana)
934,963,948,test,30,False,0.6532308569140782,0.8082269835349957,1.1492628905048088,0.6505803936762374,0.7791607752016119,2.693293058186823,1.5483899941309018,1.4408031859523356,2.4282081307955754,0.9640370725977806,0.8053333333333333,2.9371738777172545,0.06666666666666667,6.034536983660855,28.551630268550927,80.49992532149165,0.8053333333333333,2.9371738777172545,0.06666666666666667,PSBPM-FD (predictiva bayesiana)
935,964,949,test,30,False,0.6435286840397281,0.802202395932428,1.1434341109091684,0.6461789791081005,0.7747641885591621,2.693293058186823,1.541620322684078,1.4349436313272956,2.431773457225467,0.9657964031117438,0.8022222222222222,2.937334119509854,0.06666666666666667,6.1108828257896395,28.982132710325796,80.49992532149165,0.8022222222222222,2.937334119509854,0.06666666666666667,PSBPM-FD (predictiva bayesiana)
936,965,950,test,30,False,0.666243515264598,0.8162374135413042,1.2017292898803953,0.6580954307648128,0.7909695183098475,2.693293058186823,1.581812456520159,1.4736605854600875,2.451678429564345,0.9690434488639401,0.7973333333333333,2.9510183606946114,0.06666666666666667,6.315033992085675,30.35414967563244,80.49992532149165,0.7973333333333333,2.9510183606946114,0.06666666666666667,PSBPM-FD (predictiva bayesiana)
937,966,951,test,30,False,0.6440272398961012,0.8025130777103269,1.17241665646287,0.6432884983544513,0.7747548022172555,2.693293058186823,1.5608477634037032,1.4521319238136992,2.47222034660664,0.9654108122795091,0.8044444444444444,2.954850143586544,0.06666666666666667,6.178636120535633,29.50956411421624,80.49992532149165,0.8044444444444444,2.954850143586544,0.06666666666666667,PSBPM-FD (predictiva bayesiana)
938,967,952,test,30,False,0.6393287748042021,0.7995803741989933,1.1731052415682501,0.6421896738815297,0.7726910741615186,2.693293058186823,1.5499487656226447,1.4409667717102501,2.463483389008452,0.9663707353192454,0.8017777777777778,2.9769961997183145,0.06666666666666667,6.20544008373239,29.48658765525426,80.49992532149165,0.8017777777777778,2.9769961997183145,0.06666666666666667,PSBPM-FD (predictiva bayesiana)
939,968,953,test,30,False,0.6770405657110151,0.8228247478722399,1.0609238416916615,0.6619253457250858,0.7930736192572716,2.693293058186823,1.5843129768547948,1.4719121910460957,2.4617849555600855,0.96384269105675,0.8004444444444444,2.992303163872359,0.06666666666666667,6.227691423153014,29.551140893463817,80.49992532149165,0.8004444444444444,2.992303163872359,0.06666666666666667,PSBPM-FD (predictiva bayesiana)
940,969,954,test,30,False,0.6931615967348399,0.8325632689080391,1.0233779892479353,0.6741144710672813,0.8043562705977204,2.693293058186823,1.5910724441566908,1.4799073867154093,2.4255566074632617,0.9661202945605394,0.7995555555555556,2.9869856792898952,0.06666666666666667,6.196210992737265,29.12254472645815,80.49992532149165,0.7995555555555556,2.9869856792898952,0.06666666666666667,PSBPM-FD (predictiva bayesiana)
941,970,955,test,30,False,0.7017568807162278,0.8377093056163503,0.9959505791171828,0.6808701166138194,0.8105765323301489,2.693293058186823,1.5882378464330422,1.4792293120335112,2.384131197428544,0.9676107533910725,0.7951111111111111,2.974707461783818,0.03333333333333333,6.24047812455559,29.6518648015368,80.49992532149165,0.7951111111111111,2.974707461783818,0.03333333333333333,PSBPM-FD (predictiva bayesiana)
942,971,956,test,30,False,0.6752859229235,0.8217578249846483,0.9402729184159399,0.6641019705523558,0.7941959173167527,2.693293058186823,1.5744419646355412,1.4627946044046165,2.4324265860017866,0.966459817199294,0.7995555555555556,2.975713945080371,0.06666666666666667,6.201744143322216,29.18696698643958,80.49992532149165,0.7995555555555556,2.975713945080371,0.06666666666666667,PSBPM-FD (predictiva bayesiana)
943,972,957,test,30,False,0.6654644440172444,0.815760040708813,0.8795961577494971,0.6594405369448606,0.7863536407919499,2.693293058186823,1.5507840188757287,1.44006517894119,2.408302936544696,0.963952144687901,0.8057777777777778,2.9734843584310986,0.1,6.075495851978035,27.989029374962062,80.49992532149165,0.8057777777777778,2.9734843584310986,0.1,PSBPM-FD (predictiva bayesiana)
944,973,958,test,30,False,0.64736895048415,0.8045924126439112,0.841771941613712,0.6488271124875407,0.7759112217159668,2.693293058186823,1.5422099543419276,1.4275705106662329,2.4400465784988143,0.9643531426878644,0.8102222222222222,2.9601917684458505,0.1,6.011009122072481,27.580318755309705,80.49992532149165,0.8102222222222222,2.9601917684458505,0.1,PSBPM-FD (predictiva bayesiana)
945,974,959,test,30,False,0.6329172962846954,0.7955609946978895,0.7966183090165954,0.6410419573750484,0.7651552439871836,2.693293058186823,1.5093991194230063,1.3973649067488847,2.4184102253252764,0.9617807422518843,0.8142222222222222,2.948521606722588,0.13333333333333333,5.929049621304623,26.710198773071966,80.49992532149165,0.8142222222222222,2.948521606722588,0.13333333333333333,PSBPM-FD (predictiva bayesiana)
946,975,960,test,30,False,0.6171262389806421,0.7855738278358324,0.8459005208897353,0.6293630137891256,0.7538883724498026,2.693293058186823,1.503763543246851,1.3897771922747817,2.460889660450164,0.9596658464636993,0.8257777777777778,2.95894095911246,0.16666666666666666,5.822582386027404,25.84823038799474,80.49992532149165,0.8257777777777778,2.95894095911246,0.16666666666666666,PSBPM-FD (predictiva bayesiana)
947,976,961,test,30,False,0.6275240500769544,0.7921641560162606,0.8585449570316421,0.6353931619122472,0.7615160504680268,2.693293058186823,1.5173292876366382,1.4020458903906983,2.457760846315254,0.961310916032403,0.8208888888888889,2.9916456647746577,0.13333333333333333,5.928569746643903,26.65831491821461,80.49992532149165,0.8208888888888889,2.9916456647746577,0.13333333333333333,PSBPM-FD (predictiva bayesiana)
948,977,962,test,30,False,0.5972742919678476,0.7728352295074595,0.8882171799328565,0.6180197312027076,0.7422966495211115,2.693293058186823,1.493995588660561,1.37490797545182,2.506941350902137,0.9604850053150259,0.8328888888888889,2.9961116909889194,0.16666666666666666,5.711313458871794,25.57764523544141,80.49992532149165,0.8328888888888889,2.9961116909889194,0.16666666666666666,PSBPM-FD (predictiva bayesiana)
949,978,963,test,30,False,0.616345538589369,0.7850767724174299,0.8486975339297351,0.6262662711798032,0.7533634029524202,2.693293058186823,1.5061286467026276,1.3904831298684959,2.495172697893619,0.9596047538543816,0.8297777777777777,2.9855725800299293,0.16666666666666666,5.690444310231308,25.241362364463768,80.49992532149165,0.8297777777777777,2.9855725800299293,0.16666666666666666,PSBPM-FD (predictiva bayesiana)
950,979,964,test,30,False,0.6129441369682839,0.7829074894061775,0.8252278518358377,0.6227959595276604,0.7512997017966114,2.693293058186823,1.5128079326963624,1.395716046563959,2.5155790381169156,0.9596276852153502,0.832,2.9817222397444874,0.16666666666666666,5.6300133506948375,24.62380603655511,80.49992532149165,0.832,2.9817222397444874,0.16666666666666666,PSBPM-FD (predictiva bayesiana)
951,980,965,test,30,False,0.6095400040615776,0.7807304298293859,0.8325748599868109,0.6207399817049907,0.7485854414608517,2.693293058186823,1.5116543912549367,1.3965286988050658,2.52512208580094,0.9588270328139267,0.8364444444444444,2.9666243580088745,0.16666666666666666,5.560873548642845,24.0559983601731,80.49992532149165,0.8364444444444444,2.9666243580088745,0.16666666666666666,PSBPM-FD (predictiva bayesiana)
952,981,966,test,30,False,0.6035956262931881,0.776914169193218,0.8221448655033716,0.6150407450531848,0.7432329085174666,2.693293058186823,1.5052175244884276,1.391915799571172,2.5381374241939865,0.9566473852436911,0.8426666666666667,2.9857979344921706,0.16666666666666666,5.462571623688729,23.465199785801293,80.49992532149165,0.8426666666666667,2.9857979344921706,0.16666666666666666,PSBPM-FD (predictiva bayesiana)
953,982,967,test,30,False,0.591844248195207,0.7693141414241694,0.8220999495668818,0.6060514755600644,0.7346636314143694,2.693293058186823,1.4895650292530054,1.378366752861303,2.54563512072061,0.9549592186806105,0.8524444444444444,2.976920043287747,0.2,5.272200086060758,22.116428771581557,80.49992532149165,0.8524444444444444,2.976920043287747,0.2,PSBPM-FD (predictiva bayesiana)
954,983,968,test,30,False,0.5994743505955381,0.7742572896625114,0.8181913828850693,0.6100266003891145,0.7401123592850954,2.693293058186823,1.5032111752234032,1.3922758784872131,2.5524009513791928,0.9558997624777943,0.8537777777777777,2.9684616893531444,0.2,5.197971272833737,21.509223451963187,80.49992532149165,0.8537777777777777,2.9684616893531444,0.2,PSBPM-FD (predictiva bayesiana)
955,984,969,test,30,False,0.6013575558783016,0.7754724726760465,0.8145486442528219,0.6114958975447199,0.7418582216309334,2.693293058186823,1.5043919084534947,1.394022948737701,2.5473276733313504,0.9566531988825923,0.8608888888888889,2.958840485076265,0.23333333333333334,5.136296542582345,21.063933010108894,80.49992532149165,0.8608888888888889,2.958840485076265,0.23333333333333334,PSBPM-FD (predictiva bayesiana)
956,985,970,test,30,False,0.5662071836910463,0.7524673970950809,0.8042328028044003,0.5976578473118292,0.7203898454641825,2.0612257828957796,1.4401953530560212,1.3353594587911288,2.500385863207914,0.9573701774259794,0.8675555555555555,2.9560193299305006,0.26666666666666666,4.809639754056919,18.49165053169187,50.12837621859392,0.8675555555555555,2.9560193299305006,0.26666666666666666,PSBPM-FD (predictiva bayesiana)
957,986,971,test,30,False,0.5668981361446656,0.7529263816235061,0.810780098621759,0.5997964480585561,0.7210871615641785,2.0612257828957796,1.4409452578061313,1.3335348692978772,2.488811076071905,0.9577127049384644,0.8742222222222222,2.9619273078112034,0.26666666666666666,4.75408284857168,18.045349580060382,50.12837621859392,0.8742222222222222,2.9619273078112034,0.26666666666666666,PSBPM-FD (predictiva bayesiana)
958,987,972,test,30,False,0.5494625594787313,0.7412574178237485,0.7899242600055293,0.5894002626168073,0.7082845909162043,2.0612257828957796,1.4231144403386353,1.3155185346105718,2.5033647052250436,0.9555177106971169,0.8777777777777778,2.9633572664334853,0.26666666666666666,4.593274952061569,17.16495658293359,50.12837621859392,0.8777777777777778,2.9633572664334853,0.26666666666666666,PSBPM-FD (predictiva bayesiana)
959,988,973,test,30,False,0.5409996629909432,0.7355267928437027,0.7858847214760869,0.5825466720962795,0.7014699313462417,2.0612257828957796,1.4083695731348134,1.304701072052084,2.5048137898471627,0.9536973203031941,0.8862222222222222,2.9656798672031406,0.3,4.483113794022203,16.421796717678397,50.12837621859392,0.8862222222222222,2.9656798672031406,0.3,PSBPM-FD (predictiva bayesiana)
960,989,974,test,30,False,0.5409243288877601,0.7354755800757494,0.7868822291412783,0.5838681628591996,0.7014005430523512,2.0612257828957796,1.4080702730046097,1.3044313041449092,2.49642773720508,0.9536693835301934,0.8902222222222222,2.975962538676233,0.3333333333333333,4.467809333757911,15.98413246225047,50.12837621859392,0.8902222222222222,2.975962538676233,0.3333333333333333,PSBPM-FD (predictiva bayesiana)
961,990,975,test,30,False,0.5385694695087361,0.7338729246325525,0.7885249889349113,0.5816625067949175,0.6996889704937954,2.0612257828957796,1.4128993563517518,1.3075322568641712,2.5174543564395417,0.9534197910954777,0.8968888888888888,2.9706804618442226,0.3333333333333333,4.355413132227726,15.49639168899987,50.12837621859392,0.8968888888888888,2.9706804618442226,0.3333333333333333,PSBPM-FD (predictiva bayesiana)
962,991,976,test,30,False,0.5185232685992414,0.7200855981056984,0.7825858434374664,0.5700862931925651,0.6868360762534057,2.0612257828957796,1.3951287206065504,1.2896811811161721,2.527126742794572,0.9538255980403428,0.9066666666666666,2.9592519049979744,0.36666666666666664,4.179866541806865,14.314640735337418,50.12837621859392,0.9066666666666666,2.9592519049979744,0.36666666666666664,PSBPM-FD (predictiva bayesiana)
963,992,977,test,30,False,0.5220867755467263,0.722555724872986,0.7632232608642127,0.5724414348177915,0.6886697252010772,2.0612257828957796,1.3868604296221383,1.2830648615993236,2.512192555160013,0.9531025794891246,0.916,2.9581285600805294,0.4,3.980739192435246,12.765376636302028,50.12837621859392,0.916,2.9581285600805294,0.4,PSBPM-FD (predictiva bayesiana)
964,993,978,test,30,False,0.5484133841939048,0.740549379983472,0.7560662381206757,0.5865238889424701,0.7055580860126741,2.0612257828957796,1.412286814446869,1.3103138440752555,2.4971927945497887,0.952749546597988,0.9146666666666666,2.9530894490888393,0.4,3.9930129166143726,12.81022502471078,50.12837621859392,0.9146666666666666,2.9530894490888393,0.4,PSBPM-FD (predictiva bayesiana)
965,994,979,test,30,False,0.5194906330653616,0.7207569861370485,0.7025362350131916,0.5710992214328238,0.6862004145333639,2.0612257828957796,1.3750620504477014,1.2725733570310054,2.494426660197681,0.9520551694005864,0.9208888888888889,2.9224019741989515,0.4,3.807910395216323,11.878003332719675,50.12837621859392,0.9208888888888889,2.9224019741989515,0.4,PSBPM-FD (predictiva bayesiana)
966,995,980,test,30,False,0.5275535627108515,0.7263288254715294,0.6766301720792306,0.5742329393740577,0.6902152312779566,2.0671168750227595,1.3752970885906737,1.2732652927082913,2.4848862803758958,0.9502792771991004,0.9151111111111111,2.8803781066655127,0.4,3.666169303168662,10.787769306073828,43.79355117436675,0.9151111111111111,2.8803781066655127,0.4,PSBPM-FD (predictiva bayesiana)
967,996,981,test,30,False,0.5327723670194758,0.7299125749152948,0.6627281435740402,0.5757994132310073,0.6952577302495637,2.0671168750227595,1.394508597832106,1.2914392335102824,2.5215923735176613,0.9525219240540517,0.9115555555555556,2.8402367293770787,0.4,3.6703702446255164,11.215375306912227,43.79355117436675,0.9115555555555556,2.8402367293770787,0.4,PSBPM-FD (predictiva bayesiana)
968,997,982,test,30,False,0.5044883106250261,0.710273405545376,0.6274495380115863,0.5624416258029101,0.6788329131086276,2.0671168750227595,1.3643814655243616,1.2621772274234078,2.5177603490380522,0.9557346619044434,0.9222222222222223,2.7963140796266446,0.4,3.4195721724744623,10.016296582533897,27.305928006930483,0.9222222222222223,2.7963140796266446,0.4,PSBPM-FD (predictiva bayesiana)
969,998,983,test,30,False,0.482069140148626,0.6943119904975183,0.6017132724017201,0.5502274495313552,0.6683988656950136,2.0671168750227595,1.3636764870790516,1.2588250129209115,2.5446878846899312,0.9626779817183679,0.9253333333333333,2.797225681900228,0.4,3.477467981184304,10.881177137835675,48.16181238423401,0.9253333333333333,2.797225681900228,0.4,PSBPM-FD (predictiva bayesiana)
970,999,984,test,30,False,0.4969126753895406,0.7049203326543649,0.5861160180154155,0.5527913397023918,0.6758542744478754,2.4874759625927148,1.3978133199839295,1.2903613724243697,2.578365635344001,0.9587668891645644,0.9235555555555556,2.7948767823884006,0.4,3.630943702749135,12.19766531883594,48.16181238423401,0.9235555555555556,2.7948767823884006,0.4,PSBPM-FD (predictiva bayesiana)
971,1000,985,test,30,False,0.5422731486923621,0.7363919803286576,0.6304359059795781,0.568008482223538,0.6965682596937949,2.62178756569374,1.4360711330234233,1.3276159278596231,2.581490699177758,0.9459204856941963,0.9182222222222223,2.8026402852614667,0.4,3.8130762802442963,12.91704046090413,48.16181238423401,0.9182222222222223,2.8026402852614667,0.4,PSBPM-FD (predictiva bayesiana)
