{
  "mu": {
    "mean": 2.034571538665095,
    "std": 0.11051359793311247
  },
  "mu0": {
    "mean": 3.057468179342627,
    "std": 0.4853875629522887
  },
  "kappa0": {
    "mean": 0.20784438353263557,
    "std": 0.1296986525941807
  },
  "a0": {
    "mean": 16.70746188984213,
    "std": 5.0441665087601555
  },
  "b0": {
    "mean": 7.342994827792836,
    "std": 2.651010958124006
  },
  "n_clusters": {
    "mean": 11.025,
    "std": 1.012114123999858
  }
}