{
  "mse": 0.14950561037247553,
  "rmse": 0.38665955357714304,
  "mae": 0.2816544342700961,
  "r2": 0.9464766399103173,
  "mape": 2.799811198080673
}