{
  "mse": 20.683024766507287,
  "rmse": 4.547859360897969,
  "mae": 3.561491215025624,
  "r2": 0.8493218720182968,
  "mape": 84.0880448286064
}