{
  "mse": 1.8958288395598755,
  "rmse": 1.376891004967305,
  "mae": 1.1509408746041345,
  "r2": 0.4023813137511797,
  "mape": 175.39566441082619
}