{
  "mse": 0.23105860402299494,
  "rmse": 0.4806855562870544,
  "mae": 0.3516194581500776,
  "r2": 0.9400767324617119,
  "mape": 100.64249813033999
}