{
  "mse": 0.44614100308889637,
  "rmse": 0.6679378736745629,
  "mae": 0.4636717705220197,
  "r2": 0.884296770505739,
  "mape": 157.90947650917502
}