{
  "mse": 0.36967443017176166,
  "rmse": 0.6080085773833801,
  "mae": 0.4639690687895508,
  "r2": 0.8676556846747324,
  "mape": 4.780538378893992
}