{
  "mse": 10.000899001194398,
  "rmse": 3.162419801543495,
  "mae": 2.43094527215875,
  "r2": 0.9610906093381936,
  "mape": 2.623253288818802
}