t_ini,t_fin,t_centro,bloque,n_ventana,cruza_T0,mise,rmse_f,mise_rel,mae_f,l2_medio,linf_max,linf_medio,q95_abs,razon_linf_l1,razon_agregacion,modelo
5,24,14,train,20,False,0.9087919968784488,0.9533058254717889,0.8133399245260814,0.7626669149886283,0.9145681832407178,2.6952622673528275,1.788619635175504,1.6677265954271838,2.3880080063755997,0.9593649370474581,FAR
6,25,15,train,20,False,0.9266714961947347,0.9626377803695088,0.8239734555207774,0.7704330937071104,0.925690952879874,2.6952622673528275,1.8220904532734417,1.6987358187272459,2.412772992936514,0.9616191798794218,FAR
7,26,16,train,20,False,0.9500476251745716,0.9747038653737717,0.8226867907586206,0.7844237616097904,0.939401745751041,2.6952622673528275,1.8299228292854512,1.7111314776626663,2.3803490904618396,0.9637816973166579,FAR
8,27,17,train,20,False,0.9531501934182416,0.9762941121497362,0.8028920645203143,0.7847955094665282,0.9414072320611264,2.6952622673528275,1.833782836186852,1.7165081220136549,2.3849693048427554,0.9642660140479685,FAR
9,28,18,train,20,False,0.9946070820483637,0.9972998957426816,0.7780356574389644,0.8037212855360302,0.9650775273889949,2.6952622673528275,1.8823073786555244,1.7628039827468303,2.3910011004127525,0.9676903923371103,FAR
10,29,19,train,20,False,1.0714052576633488,1.0350870773337617,0.7901574762015824,0.8435252714200132,1.0076368744766495,2.6952622673528275,1.9517765752061293,1.828873480602855,2.3913027578931625,0.9734802960463771,FAR
11,30,20,train,20,False,1.051110985586841,1.025237038731454,0.7978986347331228,0.8406367679599779,0.9982259081618091,2.6952622673528275,1.9129549256470946,1.7892703467983329,2.35519259992813,0.9736537702509594,FAR
12,31,21,train,20,False,1.0424896653413342,1.0210238319164417,0.792590450695662,0.8354353193288139,0.9917415528886,2.6952622673528275,1.9019388471500356,1.7806849581308175,2.3596913863701987,0.9713206703776155,FAR
13,32,22,train,20,False,1.0338184620103128,1.0167686374049472,0.8349872935445511,0.8308115669313576,0.9861855192165727,2.6952622673528275,1.888022827143598,1.7683100522986563,2.3558041064361213,0.9699212612749049,FAR
14,33,23,train,20,False,1.0023820188932953,1.0011903010383667,0.7728643099493672,0.8208944262144768,0.9715172480028011,2.6952622673528275,1.8371810092004472,1.718696453866356,2.3251240417931736,0.9703622248389835,FAR
15,34,24,train,20,False,1.0820075052853053,1.0401958975526222,0.711719380661453,0.8551228721872988,1.0055571111201491,3.008758633156408,1.8937972366501665,1.7737111733343354,2.286133375374559,0.9666997471207381,FAR
16,35,25,train,20,False,1.089609401226874,1.0438435712437348,0.6526973334129101,0.8551258365487753,1.0102077420783213,3.008758633156408,1.9243646451911374,1.804687028309886,2.330491873688765,0.9677769446571993,FAR
17,36,26,train,20,False,1.0988832027208884,1.0482763007532356,0.6559452249279999,0.863616277419158,1.0195061943305428,3.008758633156408,1.9413982172398012,1.8236898727944333,2.3028923682317286,0.9725548441741741,FAR
18,37,27,train,20,False,1.0903057796327358,1.0441770825069547,0.6461876067803072,0.8578004247899923,1.0148660694948701,3.008758633156408,1.9278541795067283,1.8121483039160204,2.3028114311801167,0.971929078407168,FAR
19,38,28,train,20,False,1.0725645066557583,1.0356469024989927,0.6300561720543906,0.8461089592034441,1.0056479024759395,3.008758633156408,1.9221287345841578,1.8063169680594426,2.330780437361622,0.9710335637072186,FAR
20,39,29,train,20,False,1.0710131741385147,1.0348976636066558,0.6222989981703881,0.8436996358346388,1.004788691744688,3.008758633156408,1.9384250755814734,1.8196112420756154,2.3624393133920414,0.9709063292721747,FAR
21,40,30,train,20,False,1.042327333597194,1.0209443342304192,0.6071610997230535,0.83215960119334,0.9921992478208106,3.008758633156408,1.9321744971919088,1.8111718222307538,2.3798690832328915,0.9718446094994234,FAR
22,41,31,train,20,False,1.0629274214966007,1.030983715437155,0.6405804368042343,0.8420132633239635,1.0018236737137893,3.008758633156408,1.9272658488567092,1.805853663371165,2.350264295220671,0.971716292617676,FAR
23,42,32,train,20,False,1.047555860908831,1.0235017639988857,0.6505251021135353,0.8413418339187528,0.9954464128774303,3.008758633156408,1.8985672201839612,1.7837641942670373,2.3216478587061786,0.9725888590442273,FAR
24,43,33,train,20,False,0.9683431430337353,0.9840442790005617,0.679018569785737,0.8024643130405232,0.94918953175124,3.008758633156408,1.7998583848740268,1.693108168778308,2.297868058630361,0.9645801027523663,FAR
25,44,34,train,20,False,0.9011268473271073,0.9492770129562326,0.7586240612333353,0.7668535272990391,0.9129109609051319,3.008758633156408,1.7530020596221885,1.6456383833706458,2.3312280636676115,0.9616907904070597,FAR
26,45,35,train,20,False,0.8882745432639171,0.9424831793002553,0.75070385260954,0.7621679586628726,0.9052453151697237,3.008758633156408,1.7230803665517782,1.6172776770266353,2.3029626427340544,0.9604896246974097,FAR
27,46,36,train,20,False,0.9648242945760511,0.9822546994420801,0.7247275493166594,0.7901559294192383,0.9349853770647,3.008758633156408,1.7649174102661416,1.6589728967827448,2.2943680712134613,0.9518767154748875,FAR
28,47,37,train,20,False,0.9830007027049378,0.991463919013162,0.7053661719993756,0.800109832676785,0.9451385803594647,3.008758633156408,1.7754145617785941,1.670420924420553,2.2794027919283617,0.95327581996145,FAR
29,48,38,train,20,False,0.9535976914864778,0.9765232672530019,0.7205395345053629,0.7879170764552657,0.9298107894248725,3.008758633156408,1.7539193448967936,1.64802587817808,2.291517025556667,0.9521645009447308,FAR
30,49,39,train,20,False,0.9127260001640941,0.9553669452959392,0.7027501910916589,0.7682460434629476,0.9120430199635594,3.008758633156408,1.7394131133436006,1.6310012730045358,2.3153708855168382,0.9546520574678669,FAR
31,50,40,train,20,False,0.9755497533422277,0.9876992221026741,0.738894634331825,0.7877836972949637,0.9374187252827891,3.008758633156408,1.784031651728905,1.6776444510314523,2.3205872037011614,0.9490933113090392,FAR
32,51,41,train,20,False,0.9867747488285857,0.993365365224994,0.766497254423368,0.7979839770103193,0.9456457219481169,3.008758633156408,1.7935650255443154,1.6836320066824786,2.295386634170496,0.9519616397476585,FAR
33,52,42,train,20,False,0.9774067636173562,0.9886388438744232,0.7891548546901799,0.7940607600835933,0.9384733082397642,3.008758633156408,1.7770352673558025,1.6668584946277267,2.281797981132302,0.949257976312095,FAR
34,53,43,train,20,False,0.9508482546131646,0.9751144828240244,0.7522074033242537,0.778921157082443,0.9207005615449855,3.008758633156408,1.7478615730074956,1.6393240141390144,2.283875890125501,0.9441974022153266,FAR
35,54,44,train,20,False,0.9023445889760593,0.94991820120264,0.7267532748980641,0.765865828911191,0.9024286066737629,2.5715635700969344,1.6980927017391998,1.5924268025284014,2.265117798008066,0.9500066485000992,FAR
36,55,45,train,20,False,0.9013403647041688,0.9493894694508512,0.7626355937929097,0.7656190652708407,0.901843361052926,2.5715635700969344,1.6930180974509514,1.5864509807753229,2.2587011890819637,0.9499192797815346,FAR
37,56,46,train,20,False,0.9071487617188831,0.9524435740341173,0.7517654623113154,0.7701415372629449,0.9064008677711517,2.5715635700969344,1.6927350815574382,1.5870697802059863,2.234156657968046,0.9516583370204812,FAR
38,57,47,train,20,False,0.8803854710071345,0.9382885862074283,0.7465375212782337,0.7527249886701408,0.8867656718138164,2.5715635700969344,1.6764030353082802,1.565258274178007,2.2990198087831066,0.9450884140007841,FAR
39,58,48,train,20,False,0.8953238273394344,0.9462155290098733,0.7671670302090349,0.7636362948240776,0.8946376013992097,2.5715635700969344,1.6598883129507673,1.554019409696358,2.2486936379921243,0.9454902968411065,FAR
40,59,49,train,20,False,0.8879730112774841,0.942323198949004,0.7529162317681082,0.7671174885220557,0.890318590901774,2.5715635700969344,1.6155361827426202,1.515761373998298,2.1768886176827844,0.9448123445276186,FAR
41,60,50,train,20,False,0.8560815703031697,0.9252467618441956,0.7224733643173682,0.7503694184743113,0.8708391600206757,2.5715635700969344,1.572540102775277,1.4783764200328693,2.165462898156353,0.9411966579433633,FAR
42,61,51,train,20,False,0.8045153093032548,0.8969477740109815,0.6877753243742074,0.7223587773462767,0.8412077530860096,2.5715635700969344,1.5309375642783862,1.4429248473322276,2.195134976719638,0.9378558902312528,FAR
43,62,52,train,20,False,0.7763926970738604,0.8811314868246738,0.7525160944842723,0.7114882563244957,0.8271595145487642,2.5715635700969344,1.5061546543457331,1.416383333181108,2.194920537613768,0.9387469712716681,FAR
44,63,53,train,20,False,0.7912518222005642,0.8895233679901637,0.8267837351094467,0.7225478283109271,0.8410976421714909,2.5715635700969344,1.5342785747607253,1.4412848029376586,2.2083436761672015,0.9455599171856626,FAR
45,64,54,train,20,False,0.8143347255052167,0.9024049675756537,0.8361899745977793,0.7359815581460457,0.8570566140906932,2.5715635700969344,1.553127231619394,1.463280915943971,2.1897704327641914,0.9497472253429738,FAR
46,65,55,train,20,False,0.8315157748148299,0.911874867958773,0.839973466084756,0.7436285973061445,0.8670296064929397,2.5715635700969344,1.5693101952617812,1.4798664655144456,2.1924299791993525,0.9508208164940226,FAR
47,66,56,train,20,False,0.7274541286675175,0.8529092147863789,0.8204447904160161,0.6992610656138953,0.8205607548450315,2.5715635700969344,1.5116915786331648,1.4187012241735697,2.230189305726768,0.9620727981588879,FAR
48,67,57,train,20,False,0.7176673932000361,0.8471525206242594,0.8785264849868195,0.6949482484163925,0.8153817613133867,2.5715635700969344,1.4937357703871625,1.4008141719373044,2.2182529205541273,0.9624970019714265,FAR
49,68,58,train,20,False,0.7338620207313166,0.8566574698975762,0.9296776276387618,0.7044043743959877,0.8244167944444364,2.5715635700969344,1.49435253803758,1.4042668472258553,2.188949167976925,0.9623645662519063,FAR
50,69,59,train,20,False,0.7048289000406452,0.83954088646155,0.97344136792244,0.6868066129370806,0.8060028693766845,2.5715635700969344,1.4582561207912281,1.3731209362219445,2.1951514031727037,0.9600519550319703,FAR
51,70,60,train,20,False,0.6097742515286695,0.7808804335675658,0.9691522483744193,0.6477829727274171,0.7598759581264554,2.013381207790488,1.3819344924569625,1.299785069679076,2.203256431170552,0.9731015472558988,FAR
52,71,61,train,20,False,0.6289648073135319,0.7930730151212635,0.983257000053928,0.6586260654545074,0.7708516284367041,2.013381207790488,1.3869183307705426,1.3084442544604136,2.183272818331518,0.9719806546675129,FAR
53,72,62,train,20,False,0.6508812592307158,0.8067721234838967,0.9741432690902483,0.6669748985845121,0.7858382806905386,2.013381207790488,1.4257209421518002,1.3473968679140997,2.2137575356984955,0.9740523473927691,FAR
54,73,63,train,20,False,0.6528086672999713,0.8079657587422695,1.0768978433309093,0.6641352233246299,0.7874831339595875,2.013381207790488,1.4481225385952594,1.3687228698943161,2.275892232001289,0.9746491425396954,FAR
55,74,64,train,20,False,0.6263645374597143,0.7914319537772747,1.1598062301523735,0.6494496725701304,0.7744459263617836,1.886801308553519,1.4337357911795703,1.353434301622622,2.2956621965074313,0.9785376022102447,FAR
56,75,65,train,20,False,0.6151570962003577,0.7843195115514836,1.1523339791105964,0.645550933814679,0.7672642661606011,1.886801308553519,1.409814838072673,1.3333092384248775,2.273235010233733,0.9782547225464975,FAR
57,76,66,train,20,False,0.6070069240660672,0.7791064908381056,1.1223426762285753,0.6419958703625805,0.7606567383304081,1.886801308553519,1.3875307570463933,1.3135515301962033,2.245900857815176,0.9763193443712033,FAR
58,77,67,train,20,False,0.6037782818072003,0.7770317122274999,1.1106139936966906,0.6409336028560464,0.7570631739414919,1.886801308553519,1.3587309506720098,1.2906259418157326,2.174413535026253,0.9743015143760805,FAR
59,78,68,train,20,False,0.5674759744810729,0.7533100122002049,1.054712471601069,0.6194154109823232,0.7344005906370575,1.886801308553519,1.3330235102987982,1.2665772436762022,2.197512561852363,0.9748982208428131,FAR
60,79,69,train,20,False,0.5629363854911934,0.7502908672582876,1.043582017933161,0.6122192550127404,0.731485526487503,1.886801308553519,1.354722975122606,1.28490808027622,2.2503599397716085,0.9749359327276592,FAR
61,80,70,train,20,False,0.6030382748791683,0.7765553907347295,0.9588887209330976,0.6342295435281798,0.7548657955238514,1.938763546460421,1.3989359374687484,1.3252382838357764,2.2511370901839407,0.972069480851383,FAR
62,81,71,train,20,False,0.6039781436961502,0.7771603075917801,0.9434804579123949,0.633978489142924,0.7556733950637506,1.938763546460421,1.4105404401171762,1.333006708497776,2.2781309763266337,0.9723520201454808,FAR
63,82,72,train,20,False,0.5802062577647401,0.7617127134062684,0.9135755060241497,0.619936825764112,0.7383868119960467,1.938763546460421,1.377964536684098,1.2990346278112894,2.276252879881555,0.969377035462738,FAR
64,83,73,train,20,False,0.5744558208973554,0.757928638393718,0.8979347012065853,0.6147435027874328,0.73379768799619,1.938763546460421,1.3732897443194794,1.2958449116372885,2.289760579778236,0.9681619757122929,FAR
65,84,74,train,20,False,0.5809837721473986,0.7622229149975738,0.8816366822102274,0.6173151193474966,0.7373519489495133,2.0123263081961458,1.3984565648532563,1.3156970245385649,2.3150195760479093,0.9673704823632342,FAR
66,85,75,train,20,False,0.5632236102570755,0.750482251793522,0.8651775360760353,0.6058298481658176,0.7269968694880135,2.0123263081961458,1.4167685297083459,1.3267258399129025,2.383445873564333,0.968706278863514,FAR
67,86,76,train,20,False,0.5513828860409214,0.7425516049682482,0.862003446738175,0.5949192103284376,0.7161678768931338,2.0123263081961458,1.3962236467630285,1.3090712353069884,2.4046167105756187,0.9644688289694793,FAR
68,87,77,train,20,False,0.5303654270652224,0.7282619220206576,0.8681966053026203,0.5807197185939933,0.7022234488461058,2.0123263081961458,1.3894637956774,1.3012551799053915,2.44349850000914,0.9642457302967253,FAR
69,88,78,train,20,False,0.5113301115664762,0.7150735008140605,0.8946915208620178,0.5699417764679761,0.6913855693147919,2.0123263081961458,1.3752999774371584,1.2864691872680327,2.4565015001406794,0.9668734312314726,FAR
70,89,79,train,20,False,0.5321509740138815,0.7294867881009782,0.8491430091494258,0.5834956027415308,0.7053759827850399,2.0123263081961458,1.4030102317756874,1.3061176471240226,2.451085629565082,0.9669482632047328,FAR
71,90,80,train,20,False,0.5493222714315112,0.7411627833556615,0.8327520585282722,0.5915931743222754,0.7177653604426378,2.0123263081961458,1.4324350930755407,1.3344872735282998,2.4692069324791515,0.9684314654776778,FAR
72,91,81,train,20,False,0.5108442237250752,0.7147336732833253,0.8256821317123746,0.5633129490341996,0.6908522658660108,2.0123263081961458,1.4134420529530451,1.3102929281374667,2.557762923195926,0.9665869843411621,FAR
73,92,82,train,20,False,0.49779436847438047,0.70554544040365,0.8513143808307999,0.559751637438932,0.6826904708939155,2.0123263081961458,1.3859062442332655,1.2834317539507825,2.528778916450249,0.9676066654237623,FAR
74,93,83,train,20,False,0.4992701049828178,0.7065904789783244,0.8288997520336725,0.5594495510055377,0.6838915267256495,2.0123263081961458,1.3813958131759823,1.2810680490091004,2.520917586790774,0.9678753777074722,FAR
75,94,84,train,20,False,0.47345691955164526,0.6880820587340185,0.801845182320094,0.5439887590864392,0.6654330249199446,2.0123263081961458,1.3432866201416958,1.2477531721428194,2.517060615165637,0.9670838186716493,FAR
76,95,85,train,20,False,0.4776931397805996,0.6911534849659658,0.8188946064343128,0.5458478246699582,0.6683062175729393,2.0123263081961458,1.3427884267348011,1.249256175603851,2.5099258141790193,0.9669432797634644,FAR
77,96,86,train,20,False,0.48162279910231154,0.6939904892016255,0.8234045256576333,0.5465072119941392,0.6716690026565046,2.0123263081961458,1.3564301889427788,1.2603099577822627,2.534449320102043,0.9678360339335489,FAR
78,97,87,train,20,False,0.5158106177287505,0.7181995667840175,0.8461748619554355,0.5689797073585743,0.6972258461694377,2.0123263081961458,1.41017272171346,1.3122843825798172,2.540267783535333,0.9707968069258289,FAR
79,98,88,train,20,False,0.5653104395152636,0.7518712918547054,0.8845591315926843,0.5900288236411109,0.7259523727244309,2.6514510303175465,1.4894323353765577,1.3858907005093275,2.576917810548096,0.9655274520904529,FAR
80,99,89,train,20,False,0.5473179018349462,0.7398093685774372,0.8566916415436385,0.578382041541239,0.7109437336955893,2.6514510303175465,1.4523467426032426,1.3519775898732294,2.5583140559341766,0.96098233395266,FAR
81,100,90,train,20,False,0.5044342949105339,0.7102353799343806,0.8717188826088483,0.5534648518673246,0.6852478453000048,2.6514510303175465,1.4147470938662594,1.3160038761946318,2.5834893883262753,0.9648179528360242,FAR
82,101,91,train,20,False,0.5407068071743606,0.7353276869358045,0.8850050476742939,0.5718647672391066,0.7075547039616572,2.6514510303175465,1.4579324368969853,1.3604111874606057,2.5665280276476192,0.9622304674941854,FAR
83,102,92,train,20,False,0.5555924694532421,0.7453807546839684,0.8839179820233528,0.5806086449817928,0.7193237615546886,2.6514510303175465,1.4787781263476725,1.3839115700588762,2.568813964851892,0.9650420366161351,FAR
84,103,93,train,20,False,0.5786350681508728,0.76068066108642,0.917488595582073,0.5963734361587644,0.7349570808282814,2.6514510303175465,1.513142588837563,1.415659414232303,2.5646339181038753,0.9661834701812985,FAR
85,104,94,train,20,False,0.5393401381835009,0.7343978064942057,0.9198171838172344,0.5696319575844302,0.7048682340563779,2.6514510303175465,1.4635799057050989,1.3666334148349792,2.6388048617977624,0.9597907671064636,FAR
86,105,95,train,20,False,0.5506445745336864,0.7420542935214959,1.0006596296971215,0.5802430951014991,0.7117384807049986,2.6514510303175465,1.4386710408925587,1.3500891651768594,2.564166105013317,0.9591460987677458,FAR
87,106,96,train,20,False,0.5502072600164537,0.7417595702223556,1.0262411007828167,0.5812405333537171,0.7112339398394655,2.6514510303175465,1.4425597402066581,1.3501817346978329,2.5669153076969025,0.9588470016318906,FAR
88,107,97,train,20,False,0.5542941860509479,0.7445093592769321,1.0111138613705288,0.5849251254151397,0.7143981140941136,2.6514510303175465,1.4436447397670324,1.3523433560624458,2.5518179381613315,0.959555585423315,FAR
89,108,98,train,20,False,0.5509590452542847,0.7422661552666164,0.9758023503260215,0.5819158666267692,0.7121672416541112,2.6514510303175465,1.4687779203433562,1.3714193053956305,2.6095195376579023,0.9594499716861077,FAR
90,109,99,train,20,False,0.5360036043540646,0.7321226702910275,0.9822011138709065,0.5733813684979241,0.7026930680108208,2.6514510303175465,1.4621258108434019,1.3693753507973012,2.631051238441647,0.9598023617155468,FAR
91,110,100,train,20,False,0.5228883132788857,0.723110166764986,0.9831045647656751,0.5688512383707078,0.6936683447873785,2.6514510303175465,1.4453906445254465,1.351028134973763,2.621741542711065,0.9592844585364873,FAR
92,111,101,train,20,False,0.5246087930142943,0.7242988285330125,0.9757144702460668,0.5728752866331407,0.6955212882907547,2.6514510303175465,1.4328459065902464,1.3420424704028382,2.5576476261840666,0.9602684153161707,FAR
93,112,102,train,20,False,0.50694241884418,0.7119988896369011,0.9604669796580673,0.5586095375858544,0.6797514322436662,2.6514510303175465,1.4095532444955003,1.3183921883690137,2.582277192254909,0.954708556624744,FAR
94,113,103,train,20,False,0.5259234626038333,0.7252058070670927,0.9943257636604272,0.5715785038117766,0.6923637068121693,2.6514510303175465,1.4258300911506931,1.3305805380704632,2.547994605756932,0.954713406959957,FAR
95,114,104,train,20,False,0.5607076651882236,0.748804156764787,0.9526640461939814,0.5943156165084622,0.7156353056967628,2.6514510303175465,1.4554036028657462,1.3610211014601432,2.522536984927574,0.9557042375254295,FAR
96,115,105,train,20,False,0.5715984056351728,0.7560412724416391,0.956286434914438,0.5999813513923982,0.7221847574045333,2.6514510303175465,1.465736545756128,1.369147820439895,2.5207828557779397,0.9552186947046343,FAR
97,116,106,train,20,False,0.6452742077355333,0.8032896163498775,0.9724348869353796,0.6309244040213045,0.7593943683006248,2.661340080434286,1.5373493739574589,1.4391703061987093,2.517339827441437,0.9453556386690131,FAR
98,117,107,train,20,False,0.6354228311829617,0.7971341362549729,0.944942211005834,0.6259106036327113,0.7537173677381442,2.661340080434286,1.5287686290038232,1.4272121461096394,2.521573356474474,0.9455339239129746,FAR
99,118,108,train,20,False,0.5977902634346447,0.7731689746974103,0.878982861576831,0.6113761612116406,0.7339309839245003,2.661340080434286,1.4678387995350233,1.3695436944636277,2.4915763263499664,0.9492504328846535,FAR
100,119,109,train,20,False,0.6471230260870188,0.8044395726759213,0.9090573500484991,0.6418732680397072,0.7659751703201745,2.661340080434286,1.514727314664753,1.4150406971510567,2.4712759403999134,0.9521848456214094,FAR
101,120,110,train,20,False,0.6466561706128888,0.8041493459631046,0.9247932678056896,0.6418293164748351,0.7655680870463135,2.661340080434286,1.5082156582192756,1.409709418253933,2.457800394933312,0.9520222715961006,FAR
102,121,111,train,20,False,0.6331859088363312,0.7957297963733236,0.9274116483954387,0.6382399490705912,0.7585988697861229,2.661340080434286,1.4732034172059087,1.3780141406176398,2.424349785440728,0.9533372675543489,FAR
103,122,112,train,20,False,0.6162168688187424,0.7849948208865727,0.9910353811373398,0.6284480735949816,0.7447194761173804,2.661340080434286,1.4502507267930569,1.3542415872163471,2.4225997914818196,0.9486934898198369,FAR
104,123,113,train,20,False,0.6646739751487879,0.8152753983463428,0.968861267899424,0.6402593777071194,0.7665210760097575,2.7959737733907586,1.499819754836786,1.40071160242077,2.4445290188456488,0.9401989530955114,FAR
105,124,114,train,20,False,0.697791877846104,0.8353393788431765,1.0017955026915273,0.6635582541076741,0.7932539759411575,2.7959737733907586,1.5279073515410544,1.4337205425821913,2.3527181722266475,0.9496187969010856,FAR
106,125,115,train,20,False,0.6930588657885173,0.8325015710426721,1.0299563430840222,0.65800050724632,0.7905150363405087,2.7959737733907586,1.5475840572028579,1.446197534849699,2.395720927379526,0.9495658192577617,FAR
107,126,116,train,20,False,0.7812900651492128,0.8839061404635749,0.9910535716643188,0.7035835494556675,0.8388854303492235,2.7959737733907586,1.6127757141952113,1.5158818286414322,2.339006410201891,0.9490661869474741,FAR
108,127,117,train,20,False,0.8131535503960015,0.9017502705272682,1.0361439249249702,0.7185444292397758,0.8573628380502315,2.7959737733907586,1.6470116030341344,1.54927912399112,2.339223476819472,0.9507763580141954,FAR
109,128,118,train,20,False,0.7984920821986102,0.8935838417286932,1.07001889410024,0.7094703434905103,0.8452212941234911,2.7959737733907586,1.600725929481532,1.5081210421916995,2.2998124547073364,0.9458779967287213,FAR
110,129,119,train,20,False,0.7838689480353197,0.8853637377006807,1.1219474473957776,0.6975986825919405,0.8322841546079586,2.7959737733907586,1.5766155517639682,1.4810827771580715,2.3220055332605054,0.9400477105256518,FAR
111,130,120,train,20,False,0.7762855912098953,0.8810707072703616,1.119540190737594,0.6916836537956017,0.8256302805791078,2.7959737733907586,1.5576182845076532,1.4632792208330079,2.310590535959048,0.9370760754684339,FAR
112,131,121,train,20,False,0.7982147081210227,0.8934286250848597,1.151799715897896,0.7072659243533266,0.8424685701614868,2.7959737733907586,1.594792718135198,1.4981382655285662,2.314406661444827,0.9429612467156707,FAR
113,132,122,train,20,False,0.8215670376261552,0.9064033526119347,1.1536716054337033,0.7214434281998651,0.8620016568257041,2.7959737733907586,1.6342799347240882,1.537786434029591,2.316745887677299,0.9510133147033485,FAR
114,133,123,train,20,False,0.8046327881370011,0.8970132597330995,1.1167567077979887,0.7143110180252317,0.8509827298610408,2.7959737733907586,1.6099372092937756,1.5187286804913085,2.3044300676079343,0.9486846717452596,FAR
115,134,124,train,20,False,0.7741754559357548,0.879872408895605,1.120503553263036,0.6964675486962697,0.8316183022960946,2.7959737733907586,1.5848463464419136,1.4913187969762296,2.3170281542917976,0.9451578363957589,FAR
116,135,125,train,20,False,0.7456687125466226,0.8635211129709699,1.167078523092704,0.679050158738377,0.8109760857732391,2.7959737733907586,1.5530845478780648,1.4588748320947953,2.3255336254217784,0.9391502692772061,FAR
117,136,126,train,20,False,0.6759263033850444,0.8221473732762542,1.1187756336377979,0.6507091928381749,0.7768003172108962,2.7959737733907586,1.4901491716905435,1.39714680541465,2.333168410222081,0.9448431539899591,FAR
118,137,127,train,20,False,0.6577030913632064,0.810988958841738,1.151137195060392,0.6366566556184932,0.7633240936826082,2.7959737733907586,1.4633894061483106,1.3745363984590306,2.3493830926535404,0.9412262464988361,FAR
119,138,128,train,20,False,0.6446004929515131,0.8028701594601166,1.1274716399999638,0.6271034403741396,0.7532875047691425,2.7959737733907586,1.460112463551933,1.3705945222433025,2.3933831503602727,0.9382432462998556,FAR
120,139,129,train,20,False,0.6010184601916114,0.7752538037259872,1.1189841896318633,0.5993252117606059,0.7269243937342024,2.7959737733907586,1.4359378491518608,1.343054332733954,2.4518720948103967,0.9376598866596897,FAR
121,140,130,train,20,False,0.6305537830763372,0.7940741672390164,1.1392907890446908,0.6168762819992806,0.7462813184870456,2.7959737733907586,1.4729181087728718,1.3783358143306708,2.4493891554695635,0.939813117308493,FAR
122,141,131,train,20,False,0.5992174651314125,0.7740913803495117,1.085674297207413,0.5962288790552523,0.7225035501407233,2.7959737733907586,1.4418986155609688,1.3452579451061553,2.4857788029333676,0.9333569246236847,FAR
123,142,132,train,20,False,0.5948032922711949,0.771234913804604,1.0381136611678685,0.5916853971762548,0.7172480067296705,2.7959737733907586,1.4305906293853088,1.3334837363224417,2.482236588425325,0.9299993995232804,FAR
124,143,133,train,20,False,0.5579862726471326,0.7469847874268476,1.1522638075012008,0.5840635716130826,0.7015452142522706,2.3444111191149886,1.4027705529867511,1.303648941592901,2.474258779612506,0.9391693459633851,FAR
125,144,134,train,20,False,0.5721161943495623,0.7563836290861683,1.1300085261292339,0.5944609579311447,0.708902096136436,2.3444111191149886,1.4113774245949435,1.3105581203652252,2.458842552648264,0.937225594098199,FAR
126,145,135,train,20,False,0.5825206092900574,0.7632303775990952,1.0973766107332907,0.599805250848397,0.7147160913050672,2.3444111191149886,1.4175869212842933,1.3176698616006512,2.44899129978137,0.9364355930818161,FAR
127,146,136,train,20,False,0.5166851913398535,0.7188081742299912,1.054797466905229,0.5722663321567533,0.6846589032638732,2.2395722454196063,1.361071235040662,1.2634830743212757,2.441603393224383,0.95249181604995,FAR
128,147,137,train,20,False,0.48259532887694323,0.6946908153106267,0.9302519440150518,0.5571084967353399,0.6644963858897601,2.2395722454196063,1.3338494877506593,1.2343383244688702,2.454872440719984,0.9565354417312033,FAR
129,148,138,train,20,False,0.5247443081750525,0.7243923716985515,0.8274549080452406,0.5818201135849923,0.6922352483209726,2.2395722454196063,1.3904412369461019,1.2905785753952799,2.4436741975892464,0.9556081418939061,FAR
130,149,139,train,20,False,0.5284959760410686,0.7269772871562553,0.726203157944248,0.5891417559677892,0.6961822175436321,2.2395722454196063,1.3735503965635225,1.2798434278924913,2.3620571032855464,0.9576395711988672,FAR
131,150,140,train,20,False,0.5267455915665425,0.7257724103095561,0.6876237775465412,0.5866718301575418,0.6943787066375559,2.2395722454196063,1.3742968662645267,1.2810381825760395,2.378285781749332,0.9567444239736115,FAR
132,151,141,train,20,False,0.5286204701055793,0.7270629065669485,0.6709883237407414,0.5874790397545985,0.6955070175348694,2.2395722454196063,1.357006810990292,1.2668253809033192,2.352520066990594,0.9565981309910584,FAR
133,152,142,train,20,False,0.524799538008614,0.724430492185837,0.6928609179746313,0.586729781777265,0.6930201625000155,2.2395722454196063,1.3618847707003594,1.266905964527658,2.3642038020218807,0.9566413478937827,FAR
134,153,143,train,20,False,0.5271583198509514,0.7260566918987466,0.7415848544690716,0.5891929630258109,0.6947656447182419,2.2395722454196063,1.3578974190472428,1.2627456741829075,2.348907076355852,0.9569027494276322,FAR
135,154,144,train,20,False,0.5717852708400997,0.7561648436948782,0.7665313541744038,0.6102814482351737,0.7208923734145237,2.2395722454196063,1.4150119632437326,1.3168165851351967,2.3642028199724443,0.9533534644271463,FAR
136,155,145,train,20,False,0.5954321853674462,0.77164252433847,0.7685431857857435,0.6226290946035204,0.7387382250214305,2.2395722454196063,1.4570343370962697,1.356920822715125,2.3870119717670684,0.9573581052375925,FAR
137,156,146,train,20,False,0.6289133022739652,0.7930405426420299,0.759677567092343,0.6417934754935325,0.7579619437904201,2.2395722454196063,1.4748968431823826,1.3764863912599048,2.354546971096363,0.9557669539381369,FAR
138,157,147,train,20,False,0.632648460932219,0.795392017141371,0.7635403499645451,0.6447494253246079,0.761216110483917,2.2395722454196063,1.4859004354542638,1.3833453755903367,2.3608291881472496,0.9570326255218379,FAR
139,158,148,train,20,False,0.6538084615687711,0.8085842328222652,0.7611799681046965,0.6590332023031625,0.7762681268047595,2.2395722454196063,1.4996929574822215,1.394254804842934,2.3162224376195866,0.9600337173225475,FAR
140,159,149,train,20,False,0.6878427689899145,0.8293628693098785,0.7584235058082363,0.6820059648230614,0.7980607550119933,2.2395722454196063,1.527816214871247,1.4208821866304326,2.2717304317974025,0.9622576372101972,FAR
141,160,150,train,20,False,0.6662525640967648,0.8162429565373075,0.7540409102234459,0.6672243218617097,0.7849877042623818,2.2395722454196063,1.514296807265775,1.405184351123715,2.306829305343487,0.9617083957360959,FAR
142,161,151,train,20,False,0.6861916290742532,0.8283668445044461,0.7710442672921475,0.6820090675014759,0.8018821234234206,2.2395722454196063,1.5347312364526484,1.4270602701588377,2.2731341560474227,0.9680277871371474,FAR
143,162,152,train,20,False,0.7131065477864558,0.84445636227484,0.8098635112847032,0.6997782936666301,0.8245390183260636,2.2395722454196063,1.5778218105535964,1.4710684076007439,2.2799473291866605,0.9764140045139549,FAR
144,163,153,train,20,False,0.6881816827453799,0.8295671659036294,0.8102445764039998,0.6864074297576189,0.8102543357965727,2.1954062599845847,1.549371819234635,1.446436903740246,2.290096810291794,0.9767193894589359,FAR
145,164,154,train,20,False,0.7305342928446115,0.854712988578395,0.9423102882140363,0.696712669203281,0.8277693286023704,2.87688104342991,1.605467770816326,1.4981578509791296,2.322387651888147,0.9684763653576405,FAR
146,165,155,train,20,False,0.7077441905578149,0.8412753357598302,0.9233644617959105,0.6867004275371242,0.813748121508724,2.87688104342991,1.5643276964544073,1.4604039206713482,2.2939069128821377,0.967279185444984,FAR
147,166,156,train,20,False,0.7770263107946618,0.8814909589976869,0.8789042789070493,0.7092268804531943,0.8450292970190636,2.87688104342991,1.6265679926244654,1.52238345748794,2.314291592176162,0.9586363744217153,FAR
148,167,157,train,20,False,0.9299380601478007,0.9643329612472036,0.7861797355069751,0.7612328237286007,0.9060169581120219,3.478405057356154,1.7300576429925498,1.6209012548729895,2.2961551936082323,0.9395271078780096,FAR
149,168,158,train,20,False,0.938738640476451,0.9688852566101163,0.705555439871417,0.7681756730486574,0.9100990290884365,3.478405057356154,1.70650257572239,1.5990546698617956,2.255846171487298,0.9393259138575832,FAR
150,169,159,train,20,False,0.9354647898076459,0.9671942875181004,0.7389298671676967,0.7629221444317991,0.9066935515574709,3.478405057356154,1.7174250798794888,1.6059446666187422,2.304904431206523,0.9374471740151822,FAR
151,170,160,train,20,False,1.0287946461972257,1.0142951474779054,0.7802810623519753,0.8007897690245416,0.9555277706011269,3.478405057356154,1.802957205278474,1.6889913584618814,2.2972272318724913,0.9420608715097313,FAR
152,171,161,train,20,False,1.03285562793231,1.0162950496446934,0.8122966507918595,0.8049691822416104,0.9578735979714341,3.478405057356154,1.7982366661941314,1.6867114653845892,2.28256602732026,0.9425152649383818,FAR
153,172,162,train,20,False,1.0227134665134447,1.0112929676970195,0.8068998078125506,0.7998281337645191,0.9502750081329626,3.478405057356154,1.765005824130629,1.6581315406730748,2.2458502628089754,0.9396634194905846,FAR
154,173,163,train,20,False,1.050231148480316,1.0248078592986667,0.7887711069673552,0.8118198311457601,0.9663821378042977,3.478405057356154,1.8044489681379823,1.6911702242960132,2.2655632567445254,0.9429886090702378,FAR
155,174,164,train,20,False,1.1020679407696234,1.049794237348264,0.8228000229150859,0.8305505007901669,0.9861257136579337,3.478405057356154,1.8232900243123034,1.7141152399979074,2.246705873575041,0.9393514258078284,FAR
156,175,165,train,20,False,1.0763879204582407,1.0374911664482935,0.8270570933234638,0.8166586036053255,0.9660798846486104,3.478405057356154,1.7769952240544142,1.6697123116971393,2.2215490093293537,0.9311692628245215,FAR
157,176,166,train,20,False,1.0453804919434126,1.0224385027684613,0.8378873087584889,0.8007671617646013,0.948632340375123,3.478405057356154,1.7525088613761681,1.6431871848622452,2.2300641520780795,0.9278135925109503,FAR
158,177,167,train,20,False,1.0746344195743225,1.0366457541389549,0.8221335749913561,0.8197053793057982,0.9671172001753862,3.478405057356154,1.7762221635388826,1.669260355712052,2.1949953464688905,0.932929302333062,FAR
159,178,168,train,20,False,1.0854555180413166,1.0418519655120475,0.8256847145528698,0.8255809609928011,0.9730452897510359,3.478405057356154,1.789258809513326,1.6845932843276192,2.194404989610951,0.9339573393930349,FAR
160,179,169,train,20,False,1.1459223390755895,1.070477621940594,0.8161311665305598,0.8476142052168351,0.9973842231130741,3.478405057356154,1.801078117093348,1.702413382488962,2.169109659910631,0.9317188913346791,FAR
161,180,170,train,20,False,1.1943396826634243,1.0928584916005477,0.8600000753712488,0.8701542073936315,1.0228702090208333,3.478405057356154,1.8311509022326942,1.735429828105857,2.1336897799197416,0.9359585132772197,FAR
162,181,171,train,20,False,1.201084861414847,1.0959401723702107,0.8697603067638621,0.8722625547211631,1.0270798989142427,3.478405057356154,1.8590827951085551,1.7571761259358343,2.1683609249929843,0.9371678535087891,FAR
163,182,172,train,20,False,1.2482961676803122,1.1172717519387627,0.8668242856770684,0.891831702533635,1.049643684735516,3.478405057356154,1.9026605710517441,1.7982087474862951,2.167028220013907,0.939470350802395,FAR
164,183,173,train,20,False,1.284641655061444,1.1334203346779357,0.8515597726122688,0.9125000379981081,1.0692715392973429,3.478405057356154,1.9044510891882247,1.8048642928480625,2.111954981740726,0.9434024664831685,FAR
165,184,174,train,20,False,1.2439242829505779,1.115313535715665,0.8575852336974976,0.8981169454624457,1.0525414074055632,3.478405057356154,1.8743729591334108,1.7766502950341458,2.119582138670363,0.9437179534723188,FAR
166,185,175,train,20,False,1.2390997046234982,1.1131485546069304,0.8584645084087381,0.8915699539026349,1.0487393441626405,3.478405057356154,1.8857826604596148,1.7867860826346988,2.1706828277546757,0.94213781244406,FAR
167,186,176,train,20,False,1.1514110340603705,1.0730382258150781,0.825073998879366,0.8516572905024041,1.0033824416474864,3.478405057356154,1.8230950468883271,1.7197350773025615,2.2317614462571025,0.9350854587545738,FAR
168,187,177,train,20,False,1.0057241347113186,1.002857983321327,0.8058787231050522,0.8012286728769128,0.9475874442314078,2.6445514599230866,1.7203787131183386,1.6254704493743959,2.244354863769182,0.9448869730219722,FAR
169,188,178,train,20,False,0.9692698996268231,0.9845150581005976,0.8851841498116836,0.7807690873992154,0.9277933211408428,2.6445514599230866,1.717162634198989,1.6171211036476147,2.295484375182739,0.9423861153843733,FAR
170,189,179,train,20,False,0.9728118305684832,0.9863122378681526,0.8946366836485675,0.7835097404531923,0.9314579035181602,2.6445514599230866,1.7197604544760925,1.6235714277237954,2.285982665563929,0.9443844127205028,FAR
171,190,180,train,20,False,0.8799504371109327,0.9380567344840783,0.8859256346084743,0.7460031958397559,0.8831197308169203,2.5722273834710063,1.6374450004524257,1.542443878569893,2.2997199170845977,0.9414353080708142,FAR
172,191,181,train,20,False,0.8989774062769644,0.9481441906571829,0.8345200776910521,0.7526057440800233,0.8927725799811613,2.5722273834710063,1.6840242793352906,1.5835883404340043,2.3381618333668213,0.9416000106084688,FAR
173,192,182,train,20,False,0.9286034589454066,0.9636407312610892,0.8069861842979387,0.7714070328022761,0.9117382909327618,2.5722273834710063,1.7036549382911097,1.604413991751003,2.3123886896685657,0.9461392211385626,FAR
174,193,183,train,20,False,0.9197906383664582,0.9590571611569658,0.8040506544984793,0.7699048245553544,0.9071948751224834,2.5722273834710063,1.685776900848758,1.5867555145786292,2.294837566078102,0.9459236757359509,FAR
175,194,184,train,20,False,0.8621675152024627,0.9285297599982796,0.7474797663264474,0.7490278960669261,0.8847939512010917,2.439180684709492,1.6592234857048678,1.558362359913346,2.3106809831304616,0.9528977845607567,FAR
176,195,185,train,20,False,0.8616811038598625,0.9282677974915765,0.7478462944252792,0.7487558570507981,0.8842341844408411,2.439180684709492,1.6592518857349314,1.5582381878943588,2.3123272264935157,0.9525636748686901,FAR
177,196,186,train,20,False,0.8565977307238942,0.9255256510350722,0.7351459660485303,0.744084013303129,0.8804773276787857,2.439180684709492,1.660921210386459,1.557931203650941,2.33357799607998,0.9513267694894181,FAR
178,197,187,train,20,False,0.8441171143297129,0.918758463541813,0.7364625334061254,0.7359584105433512,0.8735999640734073,2.439180684709492,1.6491859310625656,1.547957645586993,2.341673388400435,0.9508483445210184,FAR
179,198,188,train,20,False,0.8101365264692338,0.9000758448426631,0.721098483283845,0.716117064541159,0.8507464193763822,2.439180684709492,1.6002487791249638,1.5032888080824962,2.333637625104514,0.9451941458612259,FAR
180,199,189,train,20,False,0.7171571512389361,0.8468513158984499,0.6932909115973843,0.6752618096659159,0.8059354861112842,2.439180684709492,1.5444281158288582,1.4491417770515247,2.3493695037689117,0.9516847538416389,FAR
181,200,190,train,20,False,0.6828105089273684,0.8263234892748532,0.6690700532231684,0.6643274226190938,0.7894153780444098,2.439180684709492,1.5153241302834144,1.4206159806554708,2.342287794669403,0.9553345491088091,FAR
182,201,191,train,20,False,0.6736467222276415,0.82075984442932,0.6877325573720504,0.6612327261086948,0.7835775907104648,2.439180684709492,1.4898558039208676,1.3991738125162692,2.315095566334019,0.9546977669884565,FAR
183,202,192,train,20,False,0.6109482788976907,0.7816318051983879,0.674555883059204,0.6341899399262527,0.7501340107095813,2.2753184423336354,1.4146737845267026,1.329161211130478,2.2893379753350938,0.959702516863663,FAR
184,203,193,train,20,False,0.5777495078304526,0.7600983540506141,0.7369169578412674,0.6129454681869165,0.7326024319384122,2.2753184423336354,1.4243521205098182,1.3320229687396412,2.366641086170498,0.9638258365306618,FAR
185,204,194,train,20,False,0.5767068292434621,0.7594121603210354,0.7933821759470813,0.6159117332584438,0.7321033493414394,2.150686288341937,1.3964422784662207,1.3071660260045073,2.3269584446321927,0.9640395395195522,FAR
186,205,195,train,20,False,0.583132752757518,0.7636312937259172,0.8305950740804751,0.6208610319167253,0.7370756588437353,2.150686288341937,1.3996924347231716,1.3095420677471261,2.3073303232394573,0.9652245329645784,FAR
187,206,196,train,20,False,0.6323615720976173,0.7952116523904924,0.8918564430012275,0.648133641755721,0.7672746806841365,2.3208812524419495,1.4554789450343804,1.3639942041487791,2.268245177928713,0.9648685081231213,FAR
188,207,197,train,20,False,0.6552501327051805,0.8094752205627919,0.8708897475259959,0.6631460669175068,0.7803098133618869,2.3208812524419495,1.4848115393601544,1.388186275273236,2.2600886713349086,0.9639699814645005,FAR
189,208,198,train,20,False,0.6888017613228876,0.8299408179640809,0.8581070927457306,0.6756122075134078,0.7987913117464565,2.476121703427694,1.5284741117174316,1.4313873992128952,2.2722294304813824,0.9624677982533298,FAR
190,209,199,train,20,False,0.7279144752942197,0.8531790405853977,0.8537388788195349,0.6956735150457073,0.8240929744064844,2.476121703427694,1.5870558852928403,1.4825992513949022,2.28785921597151,0.9659086020690847,FAR
191,210,200,train,20,False,0.7350325944684374,0.8573404192433933,0.8339205241732072,0.7032583772169919,0.8306506275524448,2.476121703427694,1.5882114196373027,1.4861391203443393,2.252972603161827,0.9688690850310051,FAR
192,211,201,train,20,False,0.6903519723541728,0.830874221741277,0.8337628868768354,0.6773684393162727,0.802876112676364,2.476121703427694,1.530220642937938,1.4284658606233898,2.253237232188225,0.9663028310034257,FAR
193,212,202,train,20,False,0.6665823187602986,0.8164449269609669,0.8248484864121625,0.6599785956687156,0.7885048798432802,2.476121703427694,1.5466391480844228,1.4376704591689375,2.342513219191587,0.9657784056278146,FAR
194,213,203,train,20,False,0.6370839411653171,0.7981753824600939,0.8119289272309632,0.6412269118364377,0.7680024279887456,2.476121703427694,1.5139179277470336,1.4112986050762582,2.350225716772004,0.9621975882313599,FAR
195,214,204,train,20,False,0.599035838079631,0.7739740551721557,0.796183959413111,0.6240729588674963,0.7451941486419962,2.476121703427694,1.4618030861109519,1.3612897313762178,2.326546189601191,0.96281541178566,FAR
196,215,205,train,20,False,0.6435479042195257,0.802214375475487,0.8243062693573753,0.645663769290876,0.7755714866747165,2.476121703427694,1.5418200986520039,1.4380734284093475,2.3675699204902436,0.9667883179169174,FAR
197,216,206,train,20,False,0.6618183397389779,0.813522181467093,0.8055393369042624,0.6554344823935248,0.7876027483512054,2.476121703427694,1.572748060046086,1.4699566927116943,2.3769745770934825,0.968139242289442,FAR
198,217,207,train,20,False,0.636908051093468,0.7980651922577929,0.8150940205141279,0.639398839644584,0.7683134636811725,2.476121703427694,1.543233143909924,1.4389812425944937,2.396618765767788,0.9627201776681297,FAR
199,218,208,train,20,False,0.6539542719410122,0.8086743917925262,0.8350559489419402,0.6464941189108853,0.7814928379799413,2.476121703427694,1.576043118338414,1.4704219664263936,2.427329707358786,0.9663875175367757,FAR
200,219,209,train,20,False,0.6693601445316932,0.8181443298903276,0.8263552370671262,0.6556624672477018,0.792505247678725,2.476121703427694,1.596900336793643,1.4891920441133093,2.432446882452828,0.9686619080828446,FAR
201,220,210,train,20,False,0.6465798159002001,0.8041018691062719,0.797986212357377,0.6394013100838105,0.7765759915404601,2.476121703427694,1.5796519012828685,1.4695706246786975,2.4683421412582125,0.9657681711442783,FAR
202,221,211,train,20,False,0.6375621704773341,0.798474902847506,0.825902479113663,0.6321993034593697,0.7697232953413464,2.476121703427694,1.5726071421574237,1.4607510612317396,2.4886395042833303,0.9639918457003143,FAR
203,222,212,train,20,False,0.6610798068837677,0.8130681440591359,0.8569904053372983,0.6451173251059226,0.785235057294851,2.476121703427694,1.6041470867198384,1.4909253355857204,2.4998078756988993,0.9657678302026054,FAR
204,223,213,train,20,False,0.6566614439186813,0.8103464962092952,0.866375158658449,0.6429309040501139,0.7822566307802663,2.476121703427694,1.5885812776565058,1.477841702593985,2.4841896014911677,0.965335982125634,FAR
205,224,214,train,20,False,0.6671874349392735,0.8168154228093845,0.8599184257181147,0.6480503263749406,0.7870940385625105,2.476121703427694,1.5905733753036881,1.4781684677508689,2.4765166574370694,0.9636130961574536,FAR
206,225,215,train,20,False,0.692981657270865,0.8324551983565632,0.8828776027850619,0.6637093629049928,0.802303160983253,2.476121703427694,1.6098089835077396,1.4992478276589534,2.453982071562977,0.9637793872477024,FAR
207,226,216,train,20,False,0.6581696366169301,0.81127654755757,0.8456392354050748,0.651244207297567,0.7835845486292967,2.476121703427694,1.5595101422565862,1.4510297878609553,2.4260145579477994,0.9658661414388929,FAR
208,227,217,train,20,False,0.6236066708689051,0.7896877046458968,0.8198134994500297,0.6282225408292513,0.7616921925022236,2.476121703427694,1.5175248799625904,1.4148820209172277,2.4502958242974766,0.9645486285540857,FAR
209,228,218,train,20,False,0.5841104042656317,0.7642711588602776,0.8413984453856785,0.6130281416571829,0.73883401662246,2.4106749123443736,1.4555599506721109,1.3584978901491032,2.4179456579802987,0.9667171239645482,FAR
210,229,219,train,20,False,0.5865684810780802,0.7658775888339339,0.8671064888479615,0.6193009268992722,0.7400183040711175,2.4106749123443736,1.4397209488603804,1.3433939881002186,2.3846637722665043,0.9662357468871915,FAR
211,230,220,train,20,False,0.5784619932181055,0.760566889377986,0.8927735670289337,0.6099975825818735,0.732401454261085,2.4106749123443736,1.4451892708907137,1.3473714255990388,2.451455733124894,0.9629678395020121,FAR
212,231,221,train,20,False,0.6046950943188,0.7776214338087654,0.9264666475230725,0.6250088311236296,0.7508478205152598,2.4106749123443736,1.4857590260926785,1.388428089360067,2.460635345924002,0.9655698619797949,FAR
213,232,222,train,20,False,0.5925942328502241,0.769801424297347,0.9219176871170779,0.6175342766657502,0.7403931129559798,2.4106749123443736,1.450695667541034,1.3584574782739687,2.4365063558497946,0.9617975358148885,FAR
214,233,223,train,20,False,0.6015349290172346,0.7755868288059272,0.9280609821048517,0.6220848522941494,0.747968487190269,2.4106749123443736,1.4654718420827855,1.3711597710737802,2.4463212184697523,0.9643903937123601,FAR
215,234,224,train,20,False,0.6004213264929146,0.7748685865957624,0.9122339427644777,0.6197035059591037,0.7470353071043776,2.4106749123443736,1.4685497934307459,1.3754288495597031,2.460801688094162,0.9640800001795594,FAR
216,235,225,train,20,False,0.5643399953703407,0.7512256620818679,0.9066531289174667,0.6030258196891907,0.7249020576140432,1.9221011457533745,1.4093243374291151,1.3211153528475044,2.4412305820650047,0.9649591250718537,FAR
217,236,226,train,20,False,0.5492676517622157,0.7411259351569176,0.9525465572256084,0.5955400862229856,0.715282293691862,1.8429190606111334,1.3718018615508267,1.2880613827488656,2.410494645441965,0.9651292172637518,FAR
218,237,227,train,20,False,0.552782006026838,0.7434931109478002,0.9485357163791359,0.5982656875629451,0.7188774561602768,1.8429190606111334,1.3748112116153373,1.2942486006110592,2.4003643441860443,0.9668918858492938,FAR
219,238,228,train,20,False,0.5390313811307637,0.7341875653610347,0.9799924859970885,0.5915037155613051,0.7087208194044459,1.8429190606111334,1.3558354320962047,1.2744021881438148,2.3994099500089052,0.9653130246845496,FAR
220,239,229,train,20,False,0.5479834776673347,0.7402590611855654,0.9420345874776125,0.5956154770689697,0.7139161325668505,1.8809545836297197,1.3799865124003639,1.2948537439114094,2.419736010145131,0.9644139058878587,FAR
221,240,230,train,20,False,0.5867941761652609,0.7660249187626085,0.8925295839024319,0.6165775051838203,0.7382119281442053,2.0714007446346843,1.4235484613928713,1.3386639263485953,2.4034399267336757,0.9636917939127482,FAR
222,241,231,train,20,False,0.596559381585126,0.7723725665668907,0.8310829641066224,0.6234307256240805,0.7455755323894041,2.0714007446346843,1.4533908757375484,1.3645392646112007,2.422086017995115,0.9653055593408808,FAR
223,242,232,train,20,False,0.6173174109830615,0.7856954950762168,0.8302336313095915,0.6314530291284116,0.7557972091336582,2.0714007446346843,1.4769957748363935,1.3863985887231958,2.4301925532197948,0.9619467260154543,FAR
224,243,233,train,20,False,0.6170752896762147,0.7855413990848699,0.8299693184920243,0.6315901038464835,0.7556267585338049,2.0714007446346843,1.471752431731278,1.3809003214376518,2.419878234536454,0.9619184417448723,FAR
225,244,234,train,20,False,0.584557623520142,0.7645636817951412,0.8400733036241863,0.6170236336455666,0.738838613677259,2.0714007446346843,1.4475615334789105,1.359315917447741,2.421590772788746,0.966353269543903,FAR
226,245,235,train,20,False,0.5653771234941507,0.7519156358888613,0.8000909777016789,0.6041073970870987,0.7280949142953682,2.0714007446346843,1.4474897257764616,1.3566153167711954,2.464208401803058,0.9683199544516268,FAR
227,246,236,train,20,False,0.5594554263601713,0.7479675302846851,0.8252883185694312,0.5992433745932726,0.723867657828239,2.0714007446346843,1.4368806721886576,1.347819771496971,2.4626565764226553,0.9677795205264146,FAR
228,247,237,train,20,False,0.6062605576084226,0.7786273547778954,0.8228485471526001,0.6258209227790511,0.7515035036755175,2.0714007446346843,1.4753954039075285,1.3833153263142202,2.4262986758356386,0.965164528402531,FAR
229,248,238,train,20,False,0.6383926277028076,0.7989947607480337,0.8064443799358711,0.6412697341488725,0.7708804865710505,2.0714007446346843,1.5087230554829312,1.4142209561887347,2.4242176822591017,0.9648129430152181,FAR
230,249,239,train,20,False,0.6746966350442907,0.8213991934767715,0.832998865427887,0.64859101312897,0.7859971228750318,2.7995043845323098,1.55655232167899,1.4587203262887045,2.4547103624347852,0.9569002856553926,FAR
231,250,240,train,20,False,0.6880134460509628,0.8294657594204614,0.8638382431406328,0.6598430978790328,0.7976312868366066,2.7995043845323098,1.5598385929232563,1.465068305499609,2.3966917821367053,0.961620510283514,FAR
232,251,241,train,20,False,0.6563422844745647,0.8101495445129651,0.8529773303480225,0.6394578985368302,0.773382126542654,2.7995043845323098,1.5177878414895938,1.4232550489634974,2.41937323618876,0.9546165047930573,FAR
233,252,242,train,20,False,0.6826683856217276,0.8262374874221864,0.837599941445468,0.6574993763555265,0.7930138713514073,2.7995043845323098,1.5568752366341736,1.4585676543495665,2.3982992944987935,0.9597892657056328,FAR
234,253,243,train,20,False,0.7055365189085514,0.8399622127861178,0.8504878801522661,0.6720046819204694,0.8071741851497185,2.7995043845323098,1.5788509737179628,1.4811923020631916,2.3849234194866957,0.9609648777798672,FAR
235,254,244,train,20,False,0.728397658340136,0.8534621598759584,0.9168381025968064,0.6842193454761973,0.8225897630102541,2.7995043845323098,1.612659513633158,1.5125833970863067,2.3959778597090517,0.9638268709298239,FAR
236,255,245,train,20,False,0.7215956415095943,0.8494678578437176,0.9161857630583651,0.6792241793806045,0.816167125316418,2.7995043845323098,1.6058270611677183,1.5036360428759319,2.4127104724876007,0.9607981252971362,FAR
237,256,246,train,20,False,0.7051531359982274,0.8397339673957624,0.9307176609299597,0.6654807420962532,0.8007411101898692,2.7995043845323098,1.586177311048967,1.4817768365890251,2.4408968066640626,0.9535652257502213,FAR
238,257,247,train,20,False,0.7224307685573617,0.8499592746463572,0.967392796724889,0.6763343953505049,0.8139033122458164,2.7995043845323098,1.6113536717700019,1.5049178596372172,2.438082284908572,0.9575791882316448,FAR
239,258,248,train,20,False,0.7145603523534318,0.8453167171855954,0.9426375719379879,0.6692729280774032,0.8059698594944418,2.7995043845323098,1.60489129278802,1.4960261293774213,2.4807050982693784,0.953453117759039,FAR
240,259,249,train,20,False,0.7032330808757542,0.8385899360687286,0.9351641746283904,0.6629659578623166,0.7992800813286778,2.7995043845323098,1.5856378974245247,1.4801026323076405,2.4743838054802962,0.9531238653729455,FAR
241,260,250,train,20,False,0.6555390893570081,0.8096536848288953,0.9326898074370638,0.6353073177991926,0.7653071322074911,2.7995043845323098,1.5162390565036135,1.4142981672242692,2.466091556633588,0.9452277517507056,FAR
242,261,251,train,20,False,0.6610975095443821,0.8130790303189365,0.9998067994996508,0.640205807156917,0.7689039909229022,2.7995043845323098,1.4955376472845976,1.3985102014416924,2.415262651321792,0.9456694395639421,FAR
243,262,252,train,20,False,0.671895398081174,0.8196922581561779,1.0128746813540799,0.6429984624752715,0.773542289744239,2.7995043845323098,1.5266397068475661,1.4246187696530928,2.4402090990195227,0.9436984210199216,FAR
244,263,253,train,20,False,0.6562172922863238,0.8100723994102772,1.0213289248009607,0.6329458674583953,0.7598214962934751,2.7995043845323098,1.5019258414765155,1.401376477649762,2.447569958421885,0.9379673926017178,FAR
245,264,254,train,20,False,0.6495704066918568,0.8059593083350156,1.043612056139575,0.6274960442689497,0.7554292862638345,2.7995043845323098,1.5125833634348205,1.407705831892042,2.481122416730977,0.9373044996830323,FAR
246,265,255,train,20,False,0.6401261998100626,0.8000788709933931,1.0473001405516098,0.6240099477861547,0.7488669753900362,2.7995043845323098,1.4918117965579119,1.3885639454903869,2.4614783573940047,0.9359914410190945,FAR
247,266,256,train,20,False,0.6300626565460481,0.7937648622520703,1.0434467001260104,0.6142396542545582,0.7400369085995206,2.7995043845323098,1.4949012185690378,1.3877359548261583,2.522907741244907,0.9323125068800442,FAR
248,267,257,train,20,False,0.5944003649369483,0.7709736473686687,1.1419925835552123,0.5950895169214232,0.7209010671889043,2.7995043845323098,1.477659389132745,1.370302676286591,2.5606496192986308,0.9350527993393004,FAR
249,268,258,train,20,False,0.5548954108403779,0.7449130223323914,1.2268272704198753,0.5740224037073006,0.6950654035585779,2.7995043845323098,1.4296535720611216,1.3231470192023433,2.558304086251882,0.9330826320934275,FAR
250,269,259,train,20,False,0.4741840774155562,0.6886102507337196,1.2378647755388137,0.5378356869344326,0.6505744497548339,2.6604783613107674,1.3389084191631362,1.2394113195946976,2.5599267520491837,0.9447643991091358,FAR
251,270,260,train,20,False,0.4635976690053659,0.6808800694728595,1.2004883420926271,0.5314852704381057,0.6417599592228009,2.6604783613107674,1.3253003684560736,1.2242614304149175,2.559135789069031,0.9425447857794611,FAR
252,271,261,train,20,False,0.48092417336669335,0.6934869669768087,1.1955734132927918,0.5455595725888482,0.6571171591602527,2.6604783613107674,1.3469664012235636,1.2449478173763968,2.528270622874346,0.9475551675107802,FAR
253,272,262,train,20,False,0.44891418797245575,0.6700105879554857,1.2378480253641673,0.521875802047781,0.6304474381437053,2.6604783613107674,1.2958289188779593,1.196430618364868,2.568822499822113,0.9409514558083238,FAR
254,273,263,train,20,False,0.4758839102254585,0.6898433954351223,1.2477838252513767,0.5278410299129759,0.6429965502868993,2.687633526586544,1.34674211331498,1.2433526752651272,2.609829295377799,0.9320906085957754,FAR
255,274,264,train,20,False,0.4501611778991713,0.670940517407595,1.1341513724137062,0.5141508787215483,0.6250345014439462,2.687633526586544,1.314545393601104,1.208331242829903,2.608576027665161,0.9315796038954063,FAR
256,275,265,train,20,False,0.4686217173904934,0.6845595060989902,1.120966149684773,0.523710223092783,0.6400353474861197,2.687633526586544,1.3511838697397875,1.2405101646731356,2.623730570792931,0.9349594035051904,FAR
257,276,266,train,20,False,0.494443301744562,0.7031666244529543,1.1422982296023154,0.5451515502851846,0.6617161246576584,2.687633526586544,1.373106176119566,1.2654560787396956,2.5770581746996344,0.9410516677643178,FAR
258,277,267,train,20,False,0.48398270992963804,0.6956886587616892,1.073827118603454,0.5404413254493365,0.6543988161425682,2.687633526586544,1.3527926737818932,1.2470164971495872,2.5609169441749806,0.940648964017013,FAR
259,278,268,train,20,False,0.48792561619782465,0.698516725782443,1.0732630694604772,0.5436637436861711,0.6586884195281314,2.687633526586544,1.360872992690237,1.2542483919794871,2.551453091013118,0.9429815997466661,FAR
260,279,269,train,20,False,0.46559546513330635,0.6823455613787682,1.0328908020588317,0.5265134492171286,0.6397869081163934,2.687633526586544,1.3288816729222526,1.2236524232989288,2.5729783812187392,0.9376288853167306,FAR
261,280,270,train,20,False,0.4702688736077504,0.6857615282353994,1.0655982068955494,0.5296423230177598,0.6453757742937666,2.687633526586544,1.351071449706857,1.242432295721658,2.614350393730098,0.9411081662082249,FAR
262,281,271,train,20,False,0.489158600738571,0.6993987423055399,0.9757932497336979,0.538289872960725,0.6557298665735944,2.687633526586544,1.3821781834750306,1.2715456432127483,2.6294885469257294,0.9375622615677106,FAR
263,282,272,train,20,False,0.4241689133785448,0.6512825142582478,0.8651767560274766,0.5056122447044717,0.61553440436364,2.687633526586544,1.286936621047425,1.1809783216327085,2.6043232500331444,0.9451112088656002,FAR
264,283,273,train,20,False,0.44429837343618256,0.6665571044075538,0.8595907394202537,0.5182638189803479,0.6322683034220298,2.687633526586544,1.3221035854395768,1.2129505703547394,2.602645755010969,0.9485583444257183,FAR
265,284,274,train,20,False,0.48286704889463594,0.6948863568200457,0.8450280524752092,0.5340862818023796,0.6531858624322873,2.687633526586544,1.3654708972547507,1.2550053973295179,2.607628948981123,0.9399894760078623,FAR
266,285,275,train,20,False,0.4773215403880517,0.6908846071436616,0.7988153459940169,0.5307584426199254,0.6486282616638196,2.687633526586544,1.3562964408579705,1.245629358763225,2.605799195622089,0.9388373325401715,FAR
267,286,276,train,20,False,0.4867610937911017,0.6976826598039411,0.8161575616094784,0.5402471249051295,0.65698081254857,2.687633526586544,1.3605686467200993,1.2535242873948123,2.5586690662699594,0.9416613747189748,FAR
268,287,277,train,20,False,0.504908822452214,0.7105693649829087,0.825411508728502,0.5515328617601861,0.6676871331387823,2.687633526586544,1.36268915287736,1.2572510288723744,2.5219841327731594,0.9396508856736909,FAR
269,288,278,train,20,False,0.555841428143232,0.7455477369982636,0.8910129365276334,0.5782123314896724,0.6988330336543045,2.687633526586544,1.4177135241818195,1.3106482205976824,2.518632910776676,0.9373417676351046,FAR
270,289,279,train,20,False,0.7393247720791404,0.8598399688774303,0.9811896024968705,0.6455614204852784,0.7742555836921126,3.4850337900943953,1.5427351473579092,1.4320011833172475,2.491370730773776,0.9004647512524302,FAR
271,290,280,train,20,False,0.7399849052312509,0.8602237530033979,0.9491970353171557,0.6432776209270894,0.7748918814886833,3.4850337900943953,1.5604234756792867,1.44636827351157,2.547345505276062,0.9008027025331659,FAR
272,291,281,train,20,False,0.7547197653077099,0.8687460879380752,0.9428608453007348,0.6476921678227104,0.7840011763328887,3.4850337900943953,1.5811407248941651,1.4694737348320552,2.5625685905722264,0.9024514610404473,FAR
273,292,282,train,20,False,0.7732533930208556,0.8793482774309935,0.9685590423917392,0.6625419482106099,0.8020375432575833,3.4850337900943953,1.6031500808653434,1.49586834522808,2.5108262010299596,0.9120817812945824,FAR
274,293,283,train,20,False,0.7309763255652058,0.854971534944413,0.9627955973459804,0.6468271489977676,0.7805897308978793,3.4850337900943953,1.5519686121961471,1.4472665468196417,2.500317423242488,0.9130008415410347,FAR
275,294,284,train,20,False,0.7393778667697137,0.8598708430745362,0.9777167978367253,0.6515471752240826,0.7875244765116134,3.4850337900943953,1.5620402329614105,1.461516080770887,2.4990890285499097,0.9158636821499346,FAR
276,295,285,train,20,False,0.746031279286513,0.8637310225333539,0.9925073227971611,0.6593705683512778,0.7916489859472602,3.4850337900943953,1.5510209294777302,1.4577283974541329,2.448368305640817,0.9165457362239062,FAR
277,296,286,train,20,False,0.735558285870222,0.8576469471001584,1.0029125001083716,0.6518323687173939,0.7845888729028417,3.4850337900943953,1.5546039694246825,1.458955818620308,2.4764402465294966,0.914815677424915,FAR
278,297,287,train,20,False,0.721865858422685,0.8496268936554945,1.0199870322351314,0.6380651379705773,0.7710701212880543,3.4850337900943953,1.5392095392844531,1.4440395467962621,2.52614699723363,0.9075396824723237,FAR
279,298,288,train,20,False,0.7328076553518734,0.8560418537383984,1.0307536943815525,0.6479807336172604,0.7802725089460913,3.4850337900943953,1.5412026065678097,1.4495228573228938,2.469974668513808,0.911488738008058,FAR
280,299,289,train,20,False,0.7594760662451259,0.8714792402835112,1.0538382810451234,0.6674388913381795,0.8018632308998941,3.4850337900943953,1.5923523833494713,1.4940520796674568,2.4681608889284186,0.9201174208567842,FAR
281,300,290,train,20,False,0.754181737274185,0.8684363749142392,1.05327598370698,0.6639692873697455,0.7953959363273853,3.4850337900943953,1.5694481098845166,1.4715779198058745,2.426967324501207,0.9158943122412774,FAR
282,301,291,train,20,False,0.7510590366488412,0.8666366231869279,1.163446608825382,0.6641475281585796,0.7938347667395471,3.4850337900943953,1.550533461502505,1.4543761479450432,2.4050065697323655,0.9159949458636276,FAR
283,302,292,train,20,False,0.7665851249755822,0.8755484709458308,1.2490184488418454,0.6760338826413881,0.8079982878380024,3.4850337900943953,1.5831320228619545,1.487446128031194,2.4171405983892913,0.9228481513595064,FAR
284,303,293,train,20,False,0.7507561828226643,0.8664618761507423,1.28737726037845,0.6689817435249363,0.7957533687423798,3.4850337900943953,1.5536523390629426,1.4623204131659084,2.396284613759742,0.9183939774448183,FAR
285,304,294,train,20,False,0.7016317526528792,0.8376346176304316,1.2830399880551793,0.6462740743006553,0.7664423889141483,3.4850337900943953,1.4847331735049198,1.397256666222409,2.3727860408397174,0.9150080151681438,FAR
286,305,295,train,20,False,0.7023294137706051,0.8380509613207332,1.342491725248411,0.6426212890484884,0.7670555173758982,3.4850337900943953,1.5011310033103415,1.411218816174525,2.4353566860701377,0.9152850516000254,FAR
287,306,296,train,20,False,0.6966621008436557,0.8346628665776714,1.3545104566961108,0.6371698952508089,0.762344413122805,3.4850337900943953,1.493698123666411,1.4020783138625665,2.446319566231353,0.9133560910030772,FAR
288,307,297,train,20,False,0.6807931165471038,0.8251018825254878,1.3212788531442679,0.6325055614868587,0.7531461140336798,3.4850337900943953,1.4723114243353272,1.3789616270051384,2.4295712920701984,0.9127916563811922,FAR
289,308,298,train,20,False,0.6347915313140458,0.7967380569007896,1.3405780158444136,0.610626983655858,0.726475330662735,3.4850337900943953,1.420358239463217,1.3282626216414728,2.418882834601878,0.9118120119536304,FAR
290,309,299,train,20,False,0.4595829264024066,0.6779254578509399,1.150810437834862,0.5504025235883352,0.6587299893666817,1.8790558166333735,1.306717941894074,1.21867990546682,2.4331793803152264,0.9716849865100082,FAR
291,310,300,train,20,False,0.47216839811777156,0.6871451070318202,1.235875854639564,0.5603997692606855,0.6687876036723533,1.8790558166333735,1.3138851091299661,1.2292927404627487,2.391988699370459,0.973284386119311,FAR
292,311,301,train,20,False,0.47048607254771146,0.6859198732707134,1.2379819030341181,0.5618008460938109,0.6678429310484686,1.8790558166333735,1.3107431581342919,1.2243897482565425,2.3827539891929495,0.9736456940137229,FAR
293,312,302,train,20,False,0.4677466368646945,0.6839200515153029,1.2207214452260204,0.5597619010377755,0.6658101688619047,1.8790558166333735,1.3248404361171473,1.2326941987736673,2.41974112226005,0.9735204683452785,FAR
294,313,303,train,20,False,0.4909502507481684,0.7006784217800406,1.2007567992801709,0.5706551876098652,0.6787009303114909,2.2466471845301523,1.3539725876835238,1.264102460031232,2.4204047261906214,0.9686339827438715,FAR
295,314,304,train,20,False,0.5220687978172338,0.7225432843901006,1.182101708656487,0.5829801482947123,0.6968623950478692,2.2466471845301523,1.3910157270445422,1.300380954229279,2.431641614121265,0.9644576457950077,FAR
296,315,305,train,20,False,0.537116273865099,0.732882169154837,1.1743451226732826,0.589931694302883,0.704962726214821,2.2466471845301523,1.4012492324290133,1.3033050310004657,2.42548244252419,0.9619045951517516,FAR
297,316,306,train,20,False,0.5320692858930609,0.7294307958216879,1.1071844903414707,0.5868501705324713,0.7009642616955062,2.2466471845301523,1.387316107445206,1.2914472605665968,2.411801664940458,0.9609743182091527,FAR
298,317,307,train,20,False,0.5439412721208835,0.7375237434285649,1.0719944934942287,0.6006627637131359,0.7130315284604591,2.2466471845301523,1.4007587381725946,1.2984480432168448,2.358373908047808,0.9667912861296539,FAR
299,318,308,train,20,False,0.5642217247948509,0.7511469395496801,1.0091819706444933,0.6142177738423493,0.7255273325482353,2.2466471845301523,1.420501659148848,1.318012516668605,2.3452342962399015,0.9658926827062572,FAR
300,319,309,train,20,False,0.5689697274034868,0.7543008202325427,1.021485641493579,0.6165956287463061,0.7282843776381942,2.2466471845301523,1.4185201215630743,1.3197658530928618,2.3342289075137517,0.965509194877545,FAR
301,320,310,train,20,False,0.5956603619424636,0.7717903613951548,0.9946688094439294,0.6358948856273762,0.7514438053164606,2.2466471845301523,1.46596451963977,1.3673105824806726,2.3399536588949683,0.973637198523814,FAR
302,321,311,train,20,False,0.6049500538858286,0.7777853520643266,0.9445513057267667,0.6384018102579128,0.7559550443701528,2.2466471845301523,1.467072515436567,1.3710124231547265,2.3359570405260235,0.9719327348654306,FAR
303,322,312,train,20,False,0.5896133018496328,0.7678628144725025,0.9396599560159528,0.6258250473026764,0.7420231092023648,2.2466471845301523,1.444853661951536,1.3469779293540278,2.3587549405619286,0.9663485393704229,FAR
304,323,313,train,20,False,0.6067824510012106,0.7789624195050815,0.9493118768755264,0.6361256419166865,0.7551299906867868,2.2466471845301523,1.46055664736971,1.3638066171141332,2.3450441128554536,0.9694049055236365,FAR
305,324,314,train,20,False,0.6311600384113625,0.7944558127494332,0.9418554413959139,0.651986653639552,0.7721705248243362,2.2466471845301523,1.496813861127231,1.397761946469005,2.3492020836778376,0.9719489900288191,FAR
306,325,315,train,20,False,0.6823331049744994,0.8260345664525786,0.9757696265096535,0.6811515624857243,0.8016014428517491,2.2466471845301523,1.5230278938014166,1.430249450295068,2.2663289792438923,0.970421185028905,FAR
307,326,316,train,20,False,0.6772345561049331,0.8229426201776969,0.9349372419572337,0.6786935332103027,0.7965410446738477,2.2466471845301523,1.5100458238559598,1.4195928908828865,2.24889699676692,0.9679180846191338,FAR
308,327,317,train,20,False,0.6546315022763133,0.8090930121292071,0.900679199939314,0.6591823627012381,0.776837891241257,2.2466471845301523,1.4890800798840467,1.398311321770802,2.2885903080646366,0.960134223872398,FAR
309,328,318,train,20,False,0.6496721814716665,0.8060224447691681,0.891002385429852,0.6531875269940821,0.772334804170676,2.2466471845301523,1.4976253522616854,1.4050940256457696,2.337485563467189,0.9582050837205413,FAR
310,329,319,train,20,False,0.6661525372828013,0.8161816815408205,0.8899591020194314,0.6612925642222184,0.7836419370385187,2.2466471845301523,1.5236678833387063,1.4304637228132528,2.3482402727490856,0.9601317387559202,FAR
311,330,320,train,20,False,0.6730293651622423,0.8203836694877844,0.8418463176433953,0.6664650431809324,0.7881024831456727,2.2466471845301523,1.5355104200464162,1.4374014798598278,2.3476699201159805,0.9606511105197074,FAR
312,331,321,train,20,False,0.6630742696378338,0.8142937244249361,0.8088159380039291,0.6617386334368899,0.7820345348481152,2.2466471845301523,1.5286261164375907,1.432558426443323,2.354599500588244,0.9603838411015599,FAR
313,332,322,train,20,False,0.667034016200914,0.816721504676419,0.7868436049577879,0.6655766557444225,0.7849354378613448,2.2466471845301523,1.5312932916132058,1.436488012877039,2.338835635644355,0.9610808988950674,FAR
314,333,323,train,20,False,0.6220303611331404,0.7886890142084777,0.7905110475253797,0.6397279230121076,0.7534017170302145,2.034952881382812,1.4603872066776058,1.362957649022248,2.330555315280537,0.9552582874332576,FAR
315,334,324,train,20,False,0.5808568559324081,0.7621396564491367,0.7824680793292271,0.6192424818325801,0.7267172935213304,2.028156436847942,1.4097549426528457,1.3138922207643209,2.3311293507012114,0.9535224776350811,FAR
316,335,325,train,20,False,0.5425334682646411,0.7365687125208625,0.7719541148607303,0.597684408982329,0.7013892915053496,2.028156436847942,1.3629719093540795,1.2734832770674198,2.3279949007336764,0.9522387790609331,FAR
317,336,326,train,20,False,0.5666750958853011,0.7527782514693826,0.7590754613559344,0.6062745462795178,0.7174471124834743,2.028156436847942,1.4033077928327946,1.309266268417461,2.362192815097161,0.9530656751613854,FAR
318,337,327,train,20,False,0.5713236888458034,0.7558595695271731,0.8055412946295332,0.607841350046933,0.7210316304327037,2.028156436847942,1.410030688257514,1.3209307809067332,2.3682758152073635,0.9539227384310871,FAR
319,338,328,train,20,False,0.5721969798857138,0.7564370296896589,0.851545023626714,0.6066177441887315,0.7214956097458729,2.028156436847942,1.4174979562674639,1.325785499781585,2.380530575002862,0.9538078933574665,FAR
320,339,329,train,20,False,0.5618530142491037,0.749568552067857,0.7922614639106073,0.6020658967419923,0.7152343173456097,2.028156436847942,1.3978317736825343,1.3082949367592287,2.367615154769338,0.9541946702172491,FAR
321,340,330,train,20,False,0.546705633488877,0.7393954513579841,0.8149050898888816,0.5930761264930189,0.704408093087231,2.028156436847942,1.3777173422470423,1.285537974492995,2.3699910635234835,0.9526811286078446,FAR
322,341,331,train,20,False,0.5014108765023209,0.7081037187462871,0.7839012984617426,0.5670931365857071,0.6756289620707184,2.028156436847942,1.3425203061513633,1.2479581176134158,2.4010376906442126,0.9541384181217606,FAR
323,342,332,train,20,False,0.5285546098509897,0.7270176131642133,0.8065453505215797,0.5898182983843765,0.6972604463967857,2.028156436847942,1.3600107355400934,1.2684172417530994,2.34183687261637,0.9590695380296017,FAR
324,343,333,train,20,False,0.511111143860547,0.714920375888495,0.8114428361237835,0.5774445135091152,0.683890439791801,2.028156436847942,1.34829793107012,1.2539587142665372,2.377110519101527,0.9565966544761989,FAR
325,344,334,train,20,False,0.5153459697943727,0.7178760128283802,0.8189119017580618,0.5735401425057237,0.686219873000937,2.028156436847942,1.3578613092285194,1.264482376301801,2.402544864076777,0.9559030539233088,FAR
326,345,335,train,20,False,0.4837239235451502,0.695502640933268,0.7371138385466645,0.5554020825305476,0.6705127332083457,1.8916707919855016,1.3473212873255505,1.248834910117472,2.445134065956902,0.9640692842066145,FAR
327,346,336,train,20,False,0.4796815379228751,0.6925904546865161,0.7650041958686241,0.5503296233560361,0.665497535358716,1.8916707919855016,1.3462580588962798,1.2455499695356944,2.478234968586295,0.9608817604336418,FAR
328,347,337,train,20,False,0.4942451216945975,0.7030256906362651,0.7854422341308976,0.5622817335493712,0.6795735667185606,1.8916707919855016,1.3734374784611476,1.2716098531136648,2.473144856338764,0.9666411566034245,FAR
329,348,338,train,20,False,0.5278251695047216,0.7265157737480458,0.7271516046324702,0.5864327104799716,0.7024393767138313,1.8916707919855016,1.3833984176907226,1.2858223712116639,2.4062455173935966,0.9668604620791562,FAR
330,349,339,train,20,False,0.5027211720176374,0.7090283294887711,0.7028027302876562,0.5697358190774111,0.6830744175663004,1.8916707919855016,1.33858566227399,1.2444746879701216,2.398231355684071,0.9633950988373282,FAR
331,350,340,train,20,False,0.4888000736460157,0.6991423843867683,0.7310501324046008,0.5617313489760629,0.6733880488135077,1.8916707919855016,1.3178870874363668,1.2229954930704294,2.394844019528971,0.9631629605808403,FAR
332,351,341,train,20,False,0.47639439605635986,0.6902132975076327,0.7723652766728305,0.5539778542624118,0.6640823772600828,1.8916707919855016,1.2928743666066285,1.2002017517656576,2.383596131053495,0.9621408043833567,FAR
333,352,342,train,20,False,0.4924460306499328,0.7017449897576276,0.8568558257932786,0.562493795526225,0.6739843058311641,1.9892789681598129,1.3099828586867308,1.2148145110356068,2.374747051133748,0.9604404957190338,FAR
334,353,343,train,20,False,0.4915509751723322,0.701106964144796,0.8602052102761383,0.5616622437375083,0.6728269125975467,1.9892789681598129,1.3054212167196764,1.2148373761779268,2.366881026048854,0.9596637132513082,FAR
335,354,344,train,20,False,0.5730981453768437,0.7570324599228514,0.8283558821543184,0.6022640153676031,0.7162534114339623,2.427706791828108,1.3756911762667015,1.281876462929691,2.3414975834675382,0.9461330251373304,FAR
336,355,345,train,20,False,0.5912069569650382,0.7688998354565035,0.7871394274001249,0.61208737755315,0.730315589022193,2.427706791828108,1.4154567515932748,1.3187670772502083,2.373112428701623,0.9498188910244691,FAR
337,356,346,train,20,False,0.5684434294342399,0.7539518747468169,0.815159374203598,0.601245086075319,0.7154012935964458,2.427706791828108,1.3955363686150706,1.2970086777582046,2.391728923438652,0.9488686447482915,FAR
338,357,347,train,20,False,0.5665394389106634,0.7526881418693026,0.7999948510545591,0.5998737130334287,0.7139805412208249,2.427706791828108,1.4003862760908374,1.296268068020932,2.4058133952247744,0.9485741856483254,FAR
339,358,348,train,20,False,0.5299584236605118,0.7279824336208339,0.7831053610590953,0.5753249240642402,0.6868672226329507,2.427706791828108,1.357592091503873,1.2560711324049492,2.444669649292261,0.9435216990286639,FAR
340,359,349,train,20,False,0.5334785944755867,0.7303961900746654,0.806569205945938,0.5758400527404475,0.6891070578239871,2.427706791828108,1.361899759300003,1.258894498987036,2.449397014485671,0.9434702250480558,FAR
341,360,350,train,20,False,0.5236743413905465,0.7236534677527265,0.8040367652971327,0.5659002682956572,0.6791349969451297,2.427706791828108,1.346457490481516,1.2463844607937367,2.4776556720362577,0.9384809542254431,FAR
342,361,351,train,20,False,0.529143708737291,0.7274226479408591,0.8147840176760288,0.5696899592071628,0.6841165525909847,2.427706791828108,1.3646292174320702,1.2636834883935286,2.495783828991073,0.9404663912067318,FAR
343,362,352,train,20,False,0.5210730765930022,0.7218539163799017,0.7934125811032601,0.5606855173184985,0.6790267895600246,2.427706791828108,1.3695165137126697,1.2689609642170097,2.5280065570994816,0.9406706456139281,FAR
344,363,353,train,20,False,0.5246551049957813,0.7243307980444993,0.7678993842453642,0.565535104927059,0.682276486799839,2.427706791828108,1.3594375778319943,1.262284013396537,2.4815694528907244,0.9419404623437305,FAR
345,364,354,train,20,False,0.5011099150407123,0.7078911745746745,0.7328222050495636,0.5577149330776453,0.667215617308912,2.427706791828108,1.3152827467990205,1.2217346229071913,2.4394010044814296,0.942539815826632,FAR
346,365,355,train,20,False,0.47484547222229717,0.6890903222526762,0.7525506677960704,0.5458832659310466,0.6468989015416388,2.427706791828108,1.2636161996814164,1.1737288196200888,2.394922942979261,0.938772292472326,FAR
347,366,356,train,20,False,0.47803110601630605,0.69139793608045,0.7696489558219822,0.5473118069651608,0.6509482156762465,2.427706791828108,1.2733543434880972,1.18334932950216,2.412754043670842,0.9414957460915868,FAR
348,367,357,train,20,False,0.48000788038589726,0.6928260101828577,0.7590869035784437,0.5502440393100319,0.652417346229186,2.427706791828108,1.2725238574715698,1.1829468974513173,2.399881978708308,0.9416755962395138,FAR
349,368,358,train,20,False,0.4611379243087678,0.679071369083374,0.8290462402631233,0.5337814752016466,0.641346475524983,2.427706791828108,1.2956546696455935,1.2006546229202788,2.486257996846356,0.9444463494178633,FAR
350,369,359,train,20,False,0.4688325908025286,0.6847135100189923,0.8484035358105709,0.5418540563566328,0.6486404034634126,2.427706791828108,1.314323419258202,1.2170408001271056,2.485628938555466,0.947316496567186,FAR
351,370,360,train,20,False,0.4614363217779071,0.6792910434989609,0.8350533129742653,0.534984155586758,0.6419784003999002,2.427706791828108,1.3057456630919169,1.2118406623358733,2.5031978738427894,0.9450711981908859,FAR
352,371,361,train,20,False,0.4781422890280663,0.6914783359065317,0.8316695194968571,0.5456500723790636,0.6540163408305638,2.427706791828108,1.3316868642357147,1.2317890707637817,2.5051813312141853,0.9458233278894341,FAR
353,372,362,train,20,False,0.4602555513883936,0.6784213671372634,0.8210968494348603,0.5352245970954496,0.6428005706610171,2.427706791828108,1.2990121133043235,1.2045972367164328,2.4954597072354803,0.9474945834525296,FAR
354,373,363,train,20,False,0.4712819509112937,0.686499782164054,0.8418390144696666,0.5457832445198166,0.654096792100114,2.427706791828108,1.3144299538184439,1.218840305684318,2.4784746402990594,0.9527997081633497,FAR
355,374,364,train,20,False,0.41477588117245306,0.6440309628988757,0.7842345101131113,0.5227264228109988,0.6288974608517497,1.8374240119654126,1.274379783348611,1.1747264527330252,2.4860489201079625,0.9765019029845895,FAR
356,375,365,train,20,False,0.42246848249610985,0.6499757553140808,0.898065821148992,0.5278842010431636,0.6335270865329063,1.9713189147894483,1.2896346718706546,1.1875930498854288,2.488038753468783,0.9746934117977583,FAR
357,376,366,train,20,False,0.415347608720526,0.6444746765548869,0.8846494065566969,0.5236587131488667,0.627043761929696,1.9713189147894483,1.2768898049530204,1.1771057376424907,2.4880464116624466,0.9729532978419418,FAR
358,377,367,train,20,False,0.4131411860876555,0.6427605978026776,0.8975473949773125,0.5230220963107077,0.6253161629091724,1.9713189147894483,1.2694914410757936,1.1706169534965623,2.477246005647038,0.9728601364907241,FAR
359,378,368,train,20,False,0.42409222293021837,0.651223635113329,0.9070065857868738,0.5308696588563065,0.6360381444829513,1.9713189147894483,1.2897638459081138,1.1901394750158505,2.469966451729147,0.9766816039658403,FAR
360,379,369,train,20,False,0.4273699607496737,0.653735390467484,0.8712787860641844,0.5306660371339704,0.6380174508262926,2.0981962791278423,1.3180609214074106,1.213851007226082,2.5129172100895447,0.9759567251974051,FAR
361,380,370,train,20,False,0.4441660363057721,0.6664578278524247,0.8455468397745399,0.5451038097872538,0.6534056025056592,2.0981962791278423,1.3468921444161395,1.239366254912068,2.4888985458910584,0.980415526982668,FAR
362,381,371,train,20,False,0.4422480094866537,0.6650173001408713,0.8222253509992422,0.5437402843200074,0.6517586851791592,2.0981962791278423,1.3426732322316566,1.2347796468020529,2.488112308793099,0.9800627518127671,FAR
363,382,372,train,20,False,0.42989659538344666,0.6556650024085826,0.8388271768158047,0.5354752816803143,0.6422045476417779,2.0981962791278423,1.3284376258763988,1.2178399924796506,2.4987247401383472,0.9794705303510819,FAR
364,383,373,train,20,False,0.4741320586577821,0.6885724788704397,0.876288044502127,0.5552433215329183,0.6683704426511627,2.373045775552308,1.3980169314612323,1.2840215795629797,2.5337139434022307,0.970660988001703,FAR
365,384,374,train,20,False,0.49381685720021784,0.7027210379661462,0.8889145118404512,0.5650887159162001,0.681312757507545,2.373045775552308,1.4349528941880543,1.3185264173269287,2.5590101478790013,0.9695351650200169,FAR
366,385,375,train,20,False,0.553874488147265,0.74422744382834,0.7927806656827845,0.5959207322413188,0.7182621256024628,2.373045775552308,1.5071478160924507,1.3861814253431295,2.569069220015053,0.9651110444243892,FAR
367,386,376,train,20,False,0.5683055974139465,0.7538604628271378,0.7600248684208409,0.6064039934039073,0.7310967561300993,2.373045775552308,1.5300720356746234,1.410322951103432,2.5501580868555456,0.9698038193810168,FAR
368,387,377,train,20,False,0.5595723640038948,0.7480456964677323,0.7174732378542465,0.5988714775808627,0.7240155587511639,2.373045775552308,1.5233221110439767,1.4034053315152022,2.570595233136198,0.9678761099354776,FAR
369,388,378,train,20,False,0.5793818282997598,0.761171352784483,0.7063567722987677,0.6130439689682627,0.7355718143847907,2.373045775552308,1.5190682461100784,1.402703608537602,2.5107309048653645,0.9663682319282705,FAR
370,389,379,train,20,False,0.5842979209976156,0.7643938258500101,0.7319826091613151,0.6165406374465433,0.7394192204992908,2.373045775552308,1.5139869130890422,1.3987715349729144,2.488135032719773,0.9673275679288126,FAR
371,390,380,train,20,False,0.603909051097141,0.7771158543596579,0.7722170723354305,0.6313569948020021,0.7547076283357634,2.373045775552308,1.5463561335347913,1.4265065311802307,2.4785489863861727,0.9711648837194825,FAR
372,391,381,train,20,False,0.5928413097551001,0.7699618885081911,0.7795426210711486,0.6245379760128567,0.7472236355259444,2.373045775552308,1.5274033597823933,1.4105638466693806,2.473213092394584,0.9704683396391186,FAR
373,392,382,train,20,False,0.5814235068053052,0.7625113158539388,0.7643957341104916,0.6184197016051056,0.7375174751104094,2.373045775552308,1.5053178965332101,1.3861505738563662,2.4563027444254866,0.9672216789130025,FAR
374,393,383,train,20,False,0.6015074829616787,0.775569134869148,0.7915239793900077,0.628958421042103,0.7511386916934482,2.373045775552308,1.533148397857938,1.4147177557550807,2.4658029342450263,0.9684999801083862,FAR
375,394,384,train,20,False,0.6020568349853245,0.7759232146194135,0.8205168831059457,0.6285532998504297,0.7514535653032554,2.373045775552308,1.5322664796660808,1.4204643533709418,2.4657821984891988,0.9684638262457963,FAR
376,395,385,train,20,False,0.5943310125440384,0.7709286689078558,0.8054833400464683,0.6253700015172425,0.7468027606162821,2.373045775552308,1.517277774205367,1.4055923343681092,2.4562045177083665,0.9687053948509246,FAR
377,396,386,train,20,False,0.5898127598534446,0.7679926821613893,0.8026833893527495,0.6224641517418278,0.7415738598249186,2.373045775552308,1.4960118730940617,1.3878636573890435,2.4180436769118616,0.9656001639727618,FAR
378,397,387,train,20,False,0.5939343723750332,0.7706713776798988,0.7818794808051344,0.6263715650690844,0.7447303936624762,2.373045775552308,1.4901662726175593,1.3888921241733492,2.3946053397729337,0.9663397593725126,FAR
379,398,388,train,20,False,0.58152088353059,0.7625751658234026,0.794159202837144,0.6169071660999482,0.7321063634389555,2.373045775552308,1.4645195306492802,1.363399685010482,2.4001888323343286,0.9600448536092204,FAR
380,399,389,train,20,False,0.6118078039259438,0.7821814392619808,0.8569620521642856,0.632114390442714,0.7472599654922027,2.373045775552308,1.4624743635908488,1.364325438452226,2.3491528124593577,0.955353742729145,FAR
381,400,390,train,20,False,0.6230972487398941,0.7893650921721166,0.8808219228610081,0.6367906974258294,0.7545653270300593,2.373045775552308,1.4715730992211502,1.373517977590685,2.3453576627598713,0.9559142334932778,FAR
382,401,391,train,20,False,0.6457411862757614,0.8035802301424304,0.8413864409126669,0.6482984279002953,0.7702350799252698,2.373045775552308,1.4913177679284355,1.396991998473971,2.3270413898987883,0.9585042675685909,FAR
383,402,392,train,20,False,0.7031137889119917,0.8385188065344699,0.8273927872994148,0.6767559213150476,0.8029189957758304,2.510715247374969,1.5605493474707608,1.4626687079310607,2.3248667809144923,0.9575444098794031,FAR
384,403,393,train,20,False,0.6742201413355804,0.8211090922256192,0.757397638806961,0.6670852290772935,0.7878040647907297,2.510715247374969,1.514027466242049,1.4169356335244583,2.295135162775062,0.9594389737609456,FAR
385,404,394,train,20,False,0.6725302889612719,0.8200794406405223,0.7061721362417247,0.6661708391087652,0.7868442564600303,2.510715247374969,1.5181013562587475,1.415248980239683,2.303636686767422,0.9594732137723955,FAR
386,405,395,train,20,False,0.7357933884796906,0.8577839987314351,0.8138192301525667,0.6831006259738464,0.8093256615628024,3.065552880775031,1.5599828255712793,1.45744649595411,2.3069017087620707,0.9435075295875219,FAR
387,406,396,train,20,False,0.7509222791723258,0.8665577183155925,0.7542408853369124,0.6917121037259044,0.8189411330998679,3.065552880775031,1.5624226946809325,1.4611581927017547,2.276521291058441,0.9450508786555138,FAR
388,407,397,train,20,False,0.8684196099501786,0.9318903422346315,0.7264734361498083,0.7415587258659674,0.8730108763750861,3.065552880775031,1.627762227796953,1.527861714402809,2.2338664184828536,0.9368171734473016,FAR
389,408,398,train,20,False,0.8854119794088076,0.9409633252198555,0.7911966267107883,0.7446499759877743,0.8810770341449162,3.065552880775031,1.6610617462297625,1.5582756987352386,2.2635110307468294,0.9363564025612297,FAR
390,409,399,train,20,False,0.9986356965575893,0.9993176154544606,0.7916601249927594,0.7873337222166381,0.9297210728708141,3.065552880775031,1.7565590899955077,1.6481933934535795,2.2738482334804258,0.9303559333816045,FAR
391,410,400,train,20,False,1.03920514390414,1.0194141179639118,0.7014537086802453,0.8082086926822653,0.9500547347378507,3.065552880775031,1.752339273360978,1.651472168990228,2.2244716039872285,0.9319615237774092,FAR
392,411,401,train,20,False,1.0561650932876732,1.027698931247704,0.6900787329398009,0.8161302213701369,0.9610089389133385,3.065552880775031,1.777615458705324,1.6743178822372073,2.23502785922277,0.935107461624584,FAR
393,412,402,train,20,False,1.0616475781637342,1.030362838112737,0.6832888157333639,0.8188743485861147,0.966069247504435,3.065552880775031,1.8001382384954208,1.6964088797069283,2.269791415688314,0.9376010195339874,FAR
394,413,403,train,20,False,1.086000500434908,1.042113477714835,0.6779454126488494,0.8287770448778156,0.9782979217515623,3.065552880775031,1.829913072220713,1.7226098855327645,2.278690976113621,0.9387633330458323,FAR
395,414,404,train,20,False,1.0820572563514248,1.0402198115549544,0.6877532251077454,0.8230580159893321,0.9759847741391081,3.065552880775031,1.8409355747939062,1.7283792519710306,2.315119608273105,0.9382485925548508,FAR
396,415,405,train,20,False,1.117884515988942,1.0573005797732933,0.6706681951719035,0.8367952478540414,0.9944723094206447,3.065552880775031,1.8587251976887678,1.7496596821179053,2.297061192119243,0.9405767181494213,FAR
397,416,406,train,20,False,1.244028960975317,1.1153604623507671,0.7173280879404494,0.8820476528986116,1.057140812135877,3.2715785625504905,1.9853943407111678,1.8684265627635406,2.317082803535972,0.9478019419011996,FAR
398,417,407,train,20,False,1.408492618393964,1.1867993168155953,0.758706543112202,0.9366728687087443,1.1198433052020618,3.33396313165796,2.0978342197702213,1.9769657717736848,2.326873287293573,0.9435827012496191,FAR
399,418,408,train,20,False,1.4693571233989677,1.2121704184639088,0.7220726407430769,0.9702929978098955,1.1596847097691803,3.33396313165796,2.155642920311849,2.034099991213928,2.2822940782150734,0.9567010480578799,FAR
400,419,409,train,20,False,1.432311902042984,1.1967923387300672,0.7176774473414642,0.9529854278520281,1.1403378985944603,3.33396313165796,2.124083167934309,2.00521350765773,2.2902716547563453,0.9528285415032725,FAR
401,420,410,train,20,False,1.4309401919359337,1.1962191237126807,0.7140825302299388,0.9537769321425099,1.1395190130475021,3.33396313165796,2.139323127486694,2.016193166589304,2.3092414411793207,0.9526005649456601,FAR
402,421,411,train,20,False,1.5025273140457631,1.2257762087941515,0.755952584950881,0.9794928826636348,1.1698000703782871,3.4492926115395,2.2274057569536154,2.094131538611422,2.3301329762012566,0.9543341288448317,FAR
403,422,412,train,20,False,1.4512539758351706,1.2046800304791188,0.7383915415463984,0.9568904936917215,1.1421858117024226,3.4492926115395,2.160299205914911,2.0328629733398977,2.3100766934395183,0.9481238028392973,FAR
404,423,413,train,20,False,1.537918370829637,1.2401283686899662,0.7599323477623441,0.9893253219136978,1.1791017265466426,3.4492926115395,2.2317698749616945,2.1024042272122743,2.3145328391442104,0.9507900603807731,FAR
405,424,414,train,20,False,1.5384269003439692,1.2403333827419019,0.7481302471888902,0.9865857874700656,1.179392773998883,3.4492926115395,2.2454670032963695,2.1173806410039115,2.3449676125477596,0.9508675573914631,FAR
406,425,415,train,20,False,1.4310723685785254,1.1962743701085155,0.7237505858814626,0.9474984601000553,1.1337097223336916,3.4492926115395,2.1668850043064203,2.042346741315668,2.363673378277821,0.9477004194538177,FAR
407,426,416,train,20,False,1.4343644653607215,1.1976495586609304,0.7958024337536715,0.9492608995988944,1.1355363985283322,3.4492926115395,2.192631674578606,2.065504705536992,2.393329927413077,0.9481374499882539,FAR
408,427,417,train,20,False,1.3839814792609781,1.1764274220116506,0.917710598567101,0.932598508306419,1.1182104237643054,3.4492926115395,2.1747502127171137,2.0492840887119166,2.4027016150286213,0.9505137357748802,FAR
409,428,418,train,20,False,1.461356954742855,1.2088659788176914,0.9807361580030798,0.9590337815501723,1.1456753511129096,3.4492926115395,2.2190324006473805,2.0938073648039683,2.3844590430503056,0.947727350415979,FAR
410,429,419,train,20,False,1.3487282360016688,1.1613475948232161,0.926244707842798,0.9169883871654211,1.097467706090914,3.4492926115395,2.1267076903811146,2.0056752120038897,2.3774015019440418,0.9449950307581891,FAR
411,430,420,train,20,False,1.2946557284358513,1.1378293933783972,0.9738505091611434,0.8851119230100204,1.067453794510735,3.4492926115395,2.113932995066021,1.988242320685164,2.4473556283334514,0.9381492521838394,FAR
412,431,421,train,20,False,1.3420108019286927,1.1584518988411616,0.9771998580221575,0.9079880910119146,1.0889964811825448,3.4492926115395,2.133141638403876,2.010124513538576,2.4160358537441518,0.9400446253071921,FAR
413,432,422,train,20,False,1.3374153756005402,1.156466763724985,0.9344788349020006,0.9033538752043221,1.08482326255317,3.4492926115395,2.11909786144052,1.9975002339176036,2.413102852388632,0.9380496669519053,FAR
414,433,423,train,20,False,1.3220292162280802,1.1497952931839999,0.9585631747510103,0.8982561628958262,1.0774569061926176,3.4492926115395,2.099931199814547,1.9775507665625245,2.404459958358196,0.9370858556995275,FAR
415,434,424,train,20,False,1.3007280775012515,1.1404946635128337,0.9329060341471703,0.8852489821142215,1.0615685980958098,3.4492926115395,2.075982173937971,1.9532570805458953,2.4397348912941363,0.9307966376853322,FAR
416,435,425,train,20,False,1.242514596809309,1.1146813880249857,0.8928824266297625,0.8555383321404768,1.0243134511653562,3.4492926115395,2.0162823525236457,1.8950698213158674,2.4532332477358576,0.9189293570068976,FAR
417,436,426,train,20,False,1.1860703209391514,1.08906855658363,0.8089438121990598,0.8466666139877796,1.0046695680260531,3.4492926115395,1.9793869942061584,1.8600017456653064,2.44058327041405,0.9225035117877853,FAR
418,437,427,train,20,False,1.0311162632728137,1.0154389510319237,0.7319126817192144,0.7965568475100469,0.9483237421629889,3.4492926115395,1.8849386662062906,1.7665334069318432,2.444996406881981,0.9339052251238441,FAR
419,438,428,train,20,False,0.9974138170230219,0.9987060713858817,0.7676259686264847,0.7850069000236396,0.9313444214164118,3.4492926115395,1.848491868418586,1.7339953550896197,2.4282105366281965,0.9325510759376944,FAR
420,439,429,train,20,False,1.0027220973315323,1.0013601236975298,0.7424876524902467,0.7888813939718352,0.9346736538278615,3.4492926115395,1.8612426493402332,1.74260589838605,2.433808076678533,0.9334041087801379,FAR
421,440,430,train,20,False,1.0163265719394687,1.008130235604244,0.7521423029217355,0.793741157017876,0.9421936138064877,3.4492926115395,1.8696152428055441,1.755847655990653,2.427221516201329,0.9345951351630319,FAR
422,441,431,train,20,False,0.917447578981322,0.9578348390935266,0.7187438787893237,0.7519437632219045,0.8917843964639411,3.3039808405489826,1.7531400909358859,1.6484811218667368,2.436113287175391,0.9310419292201836,FAR
423,442,432,train,20,False,0.9285467896134761,0.9636113270471016,0.7370667997295083,0.7546295502022751,0.8994029953102768,3.3039808405489826,1.7827125766555305,1.6758021611780598,2.474901705689341,0.9333669811317128,FAR
424,443,433,train,20,False,0.8379536774555556,0.9153980977998346,0.7435159795470387,0.7172573605765787,0.8599668850588316,3.3039808405489826,1.7126258193928119,1.6085099915658918,2.4888275671186846,0.9394457855284686,FAR
425,444,434,train,20,False,0.8332999602679715,0.9128526498115517,0.8240057243132571,0.7207981393076361,0.8572265903076378,3.3039808405489826,1.6736523707698656,1.5765723523703576,2.4218344539584953,0.9390634846539612,FAR
426,445,435,train,20,False,0.8167734076959929,0.9037551702181255,0.8507578485000549,0.709904477751077,0.8428374287379897,3.3039808405489826,1.6467432438370722,1.5473075811836656,2.4276362523086723,0.9325948625384539,FAR
427,446,436,train,20,False,0.8046224097320056,0.8970074747358606,0.8515516523777831,0.7077872041235767,0.8356705102652853,3.3039808405489826,1.6074593073585581,1.511716520904394,2.3796678606699784,0.9316204533427805,FAR
428,447,437,train,20,False,0.8344684418266995,0.9134924421289426,0.908658667468685,0.721052404106547,0.8464203281378351,3.3039808405489826,1.6088253696544736,1.5108376318283299,2.3625936956649154,0.9265761697657919,FAR
429,448,438,train,20,False,0.75807139564629,0.8706729556189798,0.743890814789165,0.6966106989544012,0.8193851879373453,2.5336713962007402,1.5692768631359755,1.4665992976969116,2.3802226543937213,0.9410941073216487,FAR
430,449,439,train,20,False,0.7499743935210778,0.8660106197507498,0.7121053987232655,0.6900005996984323,0.8128646039211004,2.5336713962007402,1.567777963001547,1.4630898893502267,2.404639096251768,0.9386312192742561,FAR
431,450,440,train,20,False,0.7650703944086441,0.8746830251060347,0.7372644071273108,0.700305981310113,0.8235352900592661,2.5336713962007402,1.5890883190847827,1.4856131434587883,2.3928005437119286,0.9415242624142979,FAR
432,451,441,train,20,False,0.7077582899116251,0.8412837154679895,0.719618491451996,0.6710782823051741,0.7959447975581507,2.5336713962007402,1.5620806264578149,1.456793702475573,2.4372562081734737,0.9461074580712432,FAR
433,452,442,train,20,False,0.7464618446876091,0.863980233968121,0.7631932949457462,0.6978337537123532,0.8213205072991505,2.5336713962007402,1.5926520984504742,1.483961263650058,2.391517918766875,0.9506241867675128,FAR
434,453,443,train,20,False,0.7124528687304628,0.844069232190383,0.7687558441744953,0.6779988515388711,0.7983818787245595,2.5336713962007402,1.545490586501272,1.4421551331206652,2.382075660030149,0.9458725046199543,FAR
435,454,444,train,20,False,0.7287684459240351,0.8536793577942687,0.790090096387226,0.6918904241255847,0.8111463414464886,2.5336713962007402,1.5586259639875215,1.4601211598796418,2.3264492719589502,0.95017682463627,FAR
436,455,445,train,20,False,0.7393365410415687,0.8598468125437045,0.8063360964086144,0.701956561335299,0.8214678602377559,2.5336713962007402,1.5789181733775721,1.4799519350989452,2.318691061377764,0.9553653607293008,FAR
437,456,446,train,20,False,0.7270885086740017,0.8526948508546311,0.8414368078594446,0.6960741499629592,0.816316140101617,2.513010710179013,1.5491713137458534,1.4554922617569683,2.302027860239567,0.9573367767888445,FAR
438,457,447,train,20,False,0.7559552523470388,0.869456872045439,0.8411166355205502,0.7091544157218931,0.8313249931293247,2.513010710179013,1.562184044471882,1.4699405469597315,2.2880144204432407,0.9561428747737571,FAR
439,458,448,train,20,False,0.929685268081856,0.9642018813930286,0.814101849693823,0.7629154584178102,0.8920664723971846,3.823211749115452,1.689238064275878,1.5923486361628882,2.3059234242883404,0.9251864050590458,FAR
440,459,449,train,20,False,1.0342818976611166,1.0169965081853116,0.7119325696608182,0.7988093173622988,0.9339326803994012,3.823211749115452,1.7621340267960879,1.664161927917841,2.2970097367740734,0.9183243726823348,FAR
441,460,450,train,20,False,1.1554227582306837,1.0749059299448878,0.6151939546105285,0.8424680673023758,0.9769059711898634,3.823211749115452,1.7842658418277153,1.689433461707921,2.240428871984112,0.908829269590085,FAR
442,461,451,train,20,False,1.2788802913315807,1.1308758956364666,0.6599899670123252,0.8981792720452987,1.03517550046607,3.823211749115452,1.8703149452851384,1.7768495620189644,2.184116652268699,0.9153749801020071,FAR
443,462,452,train,20,False,1.5479448191777736,1.2441643055391733,0.6854601678516286,0.9785267800947051,1.1177117778310062,3.823211749115452,1.971177807833365,1.8781430849570593,2.1268636343179295,0.8983634821018536,FAR
444,463,453,train,20,False,1.6652812711050367,1.2904577757931628,0.6399131365772043,1.0250958591907606,1.1653753821164128,3.823211749115452,2.029697860592889,1.937955511883887,2.092960762949576,0.9030713007251479,FAR
445,464,454,train,20,False,1.7052364087655696,1.3058470081772864,0.6517934091825592,1.0399461428439356,1.185000238541654,3.823211749115452,2.0712530285270025,1.9762041301133606,2.1075530031109646,0.907457176163147,FAR
446,465,455,train,20,False,1.707185557969871,1.3065931110984288,0.6634050240814539,1.0422933265599157,1.1871566473601902,3.823211749115452,2.065753282383009,1.975058272325408,2.0769355747853964,0.9085893973236775,FAR
447,466,456,train,20,False,1.7145823373182414,1.3094206113080096,0.6799847055351863,1.0454832922860355,1.1916609042506359,3.823211749115452,2.0825115902872797,1.9914331706148816,2.091429867699559,0.9100673182929808,FAR
448,467,457,train,20,False,1.6429814963057272,1.2817883976326698,0.6633202152552472,1.0136233970487047,1.1617399412177922,3.823211749115452,2.053837217812584,1.964554724121264,2.118991114206683,0.9063429996428469,FAR
449,468,458,train,20,False,1.6602592726526582,1.2885104860468377,0.6491721677474418,1.0175672823479833,1.1688574875086195,3.823211749115452,2.0521448334402397,1.9657901688387553,2.1071394677972775,0.9071385139399876,FAR
450,469,459,train,20,False,1.7348142862748452,1.317123489379354,0.6906167018762855,1.054922844279255,1.2081534678989654,3.823211749115452,2.106258762984647,2.0248866274263015,2.076580289616632,0.9172666630281291,FAR
451,470,460,train,20,False,1.768926543224844,1.330009978618523,0.6961652193700741,1.0722426455124963,1.2254361368723647,3.823211749115452,2.1132477610634917,2.0338302769727736,2.0394571796567535,0.921373641230287,FAR
452,471,461,train,20,False,1.8057548531014251,1.343783782124723,0.7261587578156034,1.0932931929641767,1.244709007607113,3.823211749115452,2.126822161070044,2.0490966450868155,1.9964411477813875,0.9262717887836404,FAR
453,472,462,train,20,False,1.8155821176591733,1.3474353853373353,0.7628159574214992,1.0909701874246742,1.24933313000003,3.823211749115452,2.159116759528149,2.079936155560572,2.0379636768845852,0.9271933508613144,FAR
454,473,463,train,20,False,1.9221597455018908,1.3864197580465631,0.7660052306630211,1.1344023464314317,1.3010937748428844,3.823211749115452,2.2605317272305028,2.17575855427726,2.0497672522349712,0.9384558805452243,FAR
455,474,464,train,20,False,2.025437440838613,1.4231786398195458,0.6779683974071806,1.1704815687514105,1.3442035886183656,3.823211749115452,2.31671940078665,2.230844952890664,2.026137237261057,0.9445079844571066,FAR
456,475,465,train,20,False,2.0462291361580016,1.4304646574305853,0.6498216728463102,1.18315371955359,1.3580061024025782,3.823211749115452,2.327915103949361,2.2431937186006,2.0039387901007166,0.9493461410237442,FAR
457,476,466,train,20,False,2.0357290243873907,1.426789761803536,0.6560708061263111,1.1795707439824514,1.3531851386718963,3.823211749115452,2.344807132595615,2.25663076575433,2.0320059797531744,0.9484124255008674,FAR
458,477,467,train,20,False,2.0411919042964866,1.428702874742151,0.6328833093814183,1.1821643203054357,1.355590010363124,3.823211749115452,2.3618109073964346,2.271037331787558,2.044173205119864,0.9488257036003919,FAR
459,478,468,train,20,False,1.855465612046327,1.362154768022462,0.5990233981582548,1.1206550790036478,1.2867626467534294,3.7772911919583,2.2289106767609455,2.1427412791940474,2.039914560142184,0.9446523089454185,FAR
460,479,469,train,20,False,1.771990957449742,1.3311615068990472,0.6013207301774675,1.0974631444688363,1.2561010070333625,3.7772911919583,2.149550740228026,2.0703464515861203,2.0105138326463723,0.943612777655704,FAR
461,480,470,train,20,False,1.634140180398798,1.2783349249702904,0.6377458266179039,1.048762856540423,1.203691274011185,3.7772911919583,2.0962599362723746,2.013529622536726,2.0417891247517312,0.9416086899441941,FAR
462,481,471,train,20,False,1.5693357735804585,1.2527313253768577,0.6259229988482119,1.0230512604438025,1.1807548656303628,3.7772911919583,2.065139990869646,1.9797124062884321,2.0605466271962345,0.9425443762054546,FAR
463,482,472,train,20,False,1.2850153573933327,1.1335851787110365,0.6377193766468809,0.9366876400800574,1.087240502763806,2.8994920403034445,1.9294732024804475,1.8457436889107584,2.082315357695731,0.9591167238090325,FAR
464,483,473,train,20,False,1.1516776342244364,1.0731624454035076,0.8071085949480671,0.881010121484813,1.0268075875911462,2.8994920403034445,1.8505141483542478,1.7614375622675336,2.119147184698076,0.9568053671548933,FAR
465,484,474,train,20,False,1.0852617624001624,1.0417589751953964,0.8403661102577227,0.8450977843870231,0.9852025381898939,2.8994920403034445,1.7854988111179164,1.6987350753530837,2.147273334056062,0.9457106313915898,FAR
466,485,475,train,20,False,1.1172022650543254,1.0569778924151279,0.8577451504100241,0.8648219141896603,1.0079765838477377,2.8994920403034445,1.8314319702190136,1.7429138534576982,2.1515661897316454,0.953640176470082,FAR
467,486,476,train,20,False,1.1079713339508228,1.0526021726895793,0.8563758743204363,0.8592847213450838,1.002272032042287,2.8994920403034445,1.8189255155936437,1.7278355755540218,2.1500856900566525,0.9521850306287228,FAR
468,487,477,train,20,False,1.0796380714524725,1.0390563369964463,0.8622439602335162,0.8430949197259269,0.9818239238187985,2.8994920403034445,1.7841108229511105,1.693318008422119,2.14833095452287,0.9449188545992734,FAR
469,488,478,train,20,False,1.0305037022048,1.0151372824425275,0.8389852148343148,0.8190208966356858,0.9584537329967043,2.8994920403034445,1.748549116895791,1.6614721447609562,2.189876480826069,0.9441616908114766,FAR
470,489,479,train,20,False,1.0056465081773867,1.0028192799190623,0.817934394664335,0.8057860785779642,0.9484426438955816,2.8994920403034445,1.7380995592097144,1.6482858718974422,2.2043870718690646,0.9457762359456537,FAR
471,490,480,train,20,False,0.9794691047172621,0.9896813147257364,0.8466615431628098,0.7940760949563213,0.9357722528631045,2.8994920403034445,1.714849057575376,1.6231870227632812,2.202843919509086,0.9455288676662837,FAR
472,491,481,train,20,False,0.9449585362423761,0.9720897778715586,0.9701892565583522,0.7792562138812158,0.9179896640561763,2.8994920403034445,1.6831247441182433,1.5937923916137513,2.1968012609532748,0.9443465870674648,FAR
473,492,482,train,20,False,0.9128332341583294,0.9554230655360637,0.9610857708057006,0.7668619910119185,0.9008565026225586,2.8994920403034445,1.6405352145377272,1.555074226367023,2.18117281742964,0.9428875386393469,FAR
474,493,483,train,20,False,0.8234586317687562,0.9074462142566667,0.850915526035826,0.7327265546964339,0.8624268415680844,2.7369955733745943,1.5662590138359789,1.4864949113750838,2.183325106550807,0.950388935474859,FAR
475,494,484,train,20,False,0.7151899255540436,0.845689024141879,0.8532059480945069,0.6927257307759513,0.8159110619506766,2.27657477649144,1.5090374433644231,1.4255901378529416,2.221867104737932,0.9647885199628574,FAR
476,495,485,train,20,False,0.691417053608965,0.8315149148445655,0.8414119462763523,0.6781106670122004,0.7995816608253914,2.27657477649144,1.4811600073595947,1.3970993649456536,2.2197897461416507,0.9615962943669588,FAR
477,496,486,train,20,False,0.6500246720933908,0.8062410756674401,0.8527854419888069,0.6536781684113461,0.7728108391780436,2.218372735240238,1.429597028212942,1.3441430197585926,2.253402485228191,0.9585356818223117,FAR
478,497,487,train,20,False,0.6065133866072558,0.7787896934392852,0.8214515663353186,0.6319482212356322,0.7492791827036956,2.218372735240238,1.3973499568082575,1.3099017228436842,2.2723994484657424,0.9621072145866936,FAR
479,498,488,train,20,False,0.6385500475858004,0.7990932658869053,0.8236014329743466,0.6476834527945706,0.7681352486571794,2.218372735240238,1.4305741634079343,1.3418119984151935,2.273740475345049,0.9612585682406347,FAR
480,499,489,train,20,False,0.6101780048069496,0.7811389151789517,0.7814323280512561,0.6318128523641093,0.7523086511106247,2.218372735240238,1.4098836891262279,1.3206704737940327,2.2815126068345886,0.9630920140987698,FAR
481,500,490,train,20,False,0.5909835220229752,0.7687545265056819,0.7308848263552743,0.6185460103863905,0.7373456570071928,2.218372735240238,1.3791129493371181,1.2933498026080104,2.27688657603787,0.9591431745563102,FAR
482,501,491,train,20,False,0.5293521790461494,0.7275659276286579,0.6987877850725517,0.5880122310835921,0.6986515829412147,2.015333788216365,1.3048982036527668,1.22153423996529,2.265018737867864,0.9602587977399062,FAR
483,502,492,train,20,False,0.552876176231297,0.7435564378251976,0.7152325282848152,0.6015019395393918,0.7144757293953565,2.015333788216365,1.3427554093900889,1.256698966349592,2.276850570707734,0.9608897093072071,FAR
484,503,493,train,20,False,0.5503726745904312,0.7418710633192477,0.7306633292400855,0.5990553689482707,0.7118257291660415,2.015333788216365,1.335921206556942,1.252415270425156,2.2746236381549285,0.9595005983670819,FAR
485,504,494,train,20,False,0.5489751529366631,0.7409285747875183,0.7260193726759862,0.5964960137024573,0.7099000438850319,2.015333788216365,1.3305854862166782,1.2464386778723784,2.279695452374293,0.9581221025098342,FAR
486,505,495,train,20,False,0.550454391452212,0.7419261361161311,0.7075811746635011,0.5972387965917308,0.710689490814785,2.015333788216365,1.328071308516296,1.2441000371369781,2.2744783002379343,0.9578979041433084,FAR
487,506,496,train,20,False,0.5380668535822204,0.733530403993059,0.6690916530022734,0.5858083586195773,0.7012749478597703,2.015333788216365,1.3312368804084855,1.2462711450458723,2.3376698286631403,0.9560271040468092,FAR
488,507,497,train,20,False,0.5476764450722722,0.7400516502733253,0.6651623841499325,0.5930121759691607,0.7096707456105344,2.015333788216365,1.3517531221508328,1.262074708646502,2.347440795734059,0.9589475887911738,FAR
489,508,498,train,20,False,0.5308480408874205,0.7285931930010193,0.666217393446782,0.5910961236580935,0.6975944582464031,2.015333788216365,1.317938429100919,1.228950832545666,2.2929178170044717,0.9574539879696997,FAR
490,509,499,train,20,False,0.48150687125323033,0.6939069615252684,0.6586466296376726,0.5685774512408172,0.6686286510615613,1.8296912683992002,1.2772717427554574,1.1834881023222439,2.307134901394236,0.9635710378115487,FAR
491,510,500,train,20,False,0.45627367170630323,0.6754803266611865,0.6659542417297191,0.5515396616990869,0.6514527339980137,1.8296912683992002,1.2646273119311495,1.1698609758639598,2.348110913477461,0.9644288786589269,FAR
492,511,501,train,20,False,0.4344953868065663,0.6591626406332252,0.6874002631395335,0.5349726181854131,0.633765463450655,1.8296912683992002,1.2443746521233623,1.1465877072381194,2.3700181535142955,0.9614705451780878,FAR
493,512,502,train,20,False,0.4290468840246864,0.6550167051493315,0.6788627791622348,0.5315719350768493,0.6300275035242566,1.8296912683992002,1.2404926258402096,1.1448151078887951,2.3771821950182206,0.9618495201288373,FAR
494,513,503,train,20,False,0.40936194352848565,0.6398139913509907,0.6859572425245049,0.5189014296186892,0.6141452323409315,1.8296912683992002,1.2219865908899936,1.1214579223508074,2.404309812813994,0.9598809038923037,FAR
495,514,504,train,20,False,0.4031362625260603,0.6349301241286794,0.7281505714993831,0.5163494252082685,0.6093621015526217,1.8296912683992002,1.2008692375781815,1.1045366401776089,2.3775651708817045,0.9597309662836601,FAR
496,515,505,train,20,False,0.407399202528703,0.6382783111846297,0.7588640026858181,0.5153435701118796,0.6129137316515015,1.8296912683992002,1.225310657594974,1.1261589777337966,2.431724967209458,0.9602609408957479,FAR
497,516,506,train,20,False,0.41583470388466576,0.6448524667586112,0.7789018252480815,0.5251766601244213,0.6202069469442721,1.8296912683992002,1.221377022700063,1.126591236275138,2.368296219038003,0.9617811498214138,FAR
498,517,507,train,20,False,0.41739768560764096,0.646063221060943,0.7676756819954677,0.5260006948054534,0.6213227753188135,1.8296912683992002,1.2206407268113308,1.1304313228791179,2.3638410272405523,0.9617058440480459,FAR
499,518,508,train,20,False,0.43143705035606494,0.6568386790956094,0.7585411267135795,0.533488520533735,0.627694004306941,2.160995068172317,1.2372059167999867,1.1438354099186048,2.3649214956492433,0.9556288694374739,FAR
500,519,509,train,20,False,0.4630296362721859,0.6804628103520324,0.7931449175822338,0.5476551149245947,0.6450260060857416,2.160995068172317,1.2695007230771684,1.1760453000950841,2.3726743022972903,0.9479224966784624,FAR
501,520,510,train,20,False,0.4901648783327123,0.7001177603322974,0.8105883499910107,0.559761259803975,0.6647247429659229,2.160995068172317,1.3064671583745007,1.2144695281469857,2.3902024487789246,0.9494470510938389,FAR
502,521,511,train,20,False,0.48537125707860146,0.6966859099182368,0.7911680859005497,0.5523915360958969,0.6576478937102599,2.160995068172317,1.300149790028737,1.2075258274681457,2.432227062966627,0.9439661177982509,FAR
503,522,512,train,20,False,0.49401671915985046,0.7028632293411361,0.7597584038377748,0.5574748511316102,0.6622117130525214,2.160995068172317,1.299346960040943,1.2088348630720516,2.41747270633839,0.9421629776724533,FAR
504,523,513,train,20,False,0.5303942179933248,0.7282816886296982,0.7875344470259108,0.5792028002514548,0.6880420545969085,2.160995068172317,1.355237266653392,1.2603097573373074,2.422095338945476,0.9447471566825979,FAR
505,524,514,train,20,False,0.5630925210929144,0.7503949100926222,0.7981320245057298,0.6048476902631889,0.7147943875091578,2.160995068172317,1.4036381156850795,1.3021974332366524,2.394663629689021,0.9525576171897673,FAR
506,525,515,train,20,False,0.6083948740500336,0.7799967141277158,0.7668161460895001,0.6183052993908782,0.7346124241350942,2.7165577113070585,1.4537602478777027,1.3483357452183875,2.414593810229985,0.9418147677155594,FAR
507,526,516,train,20,False,0.6752758637570806,0.8217517044442808,0.8781272345658077,0.6510572233281723,0.7707568036767952,2.7165577113070585,1.5053040267255884,1.398956372693515,2.3615162348775725,0.9379436629194808,FAR
508,527,517,train,20,False,0.6677213885287654,0.8171422082653456,0.8724206003166539,0.6445191199839482,0.7643816337472178,2.7165577113070585,1.4932720907543078,1.3899857134421576,2.3677596434377426,0.9354328120803728,FAR
509,528,518,train,20,False,0.7334662414277463,0.8564264366702761,0.8854307528215881,0.6762680999034529,0.7997432566830228,2.7165577113070585,1.5510279979529509,1.444471746228156,2.358356069877935,0.9338143037624652,FAR
510,529,519,train,20,False,0.7533720181818644,0.8679700560398753,0.8989958743392833,0.6859115184702084,0.8138903826343615,2.7165577113070585,1.5798014142370265,1.474523419460999,2.366405330103639,0.9376940793876543,FAR
511,530,520,train,20,False,0.7661030016248854,0.8752731011660791,0.9459205826836001,0.6934985574079128,0.8235447730317194,2.7165577113070585,1.5941765510509314,1.4905237291523965,2.3568110908762856,0.9409003566253266,FAR
512,531,521,train,20,False,0.795796904034636,0.8920744946665811,0.9389031453845659,0.7131170995724838,0.8459456439398039,2.7165577113070585,1.6319848921616262,1.525901311878299,2.3507469330114708,0.9482903602753286,FAR
513,532,522,train,20,False,0.8398341141969092,0.9164246363978378,0.9345207164059196,0.738460494021283,0.8696584065186416,2.7165577113070585,1.6564408064869447,1.552050123179408,2.3150729968441,0.9489688207608442,FAR
514,533,523,train,20,False,0.8552907772018893,0.9248193213822304,0.9667123871122537,0.7521358365022514,0.8827231862397001,2.7165577113070585,1.6640999133413625,1.5618086703519318,2.26764705173857,0.9544817737159583,FAR
515,534,524,train,20,False,0.9128501353777629,0.9554319103828189,0.9961241408940981,0.7733346797688736,0.9141126246038453,2.7165577113070585,1.7329027343299805,1.6259462159387503,2.2904584284902607,0.956753291019537,FAR
516,535,525,train,20,False,0.9093328484324902,0.9535894548664484,0.9853840503746989,0.772507086515126,0.9112137593144066,2.7165577113070585,1.722463808244786,1.615662196041899,2.2732431707211442,0.9555619083917234,FAR
517,536,526,train,20,False,0.9033738895404848,0.9504598305770133,1.013254959584298,0.7673225574483264,0.9062622235529156,2.7165577113070585,1.7189619881808897,1.6079152641485936,2.28821348901134,0.9534987112529881,FAR
518,537,527,train,20,False,0.8827425250643438,0.9395437856025358,1.0631138688223498,0.7501783240025419,0.8859864514406773,2.7165577113070585,1.6752020806445351,1.5667084940185567,2.27102984159614,0.9429964468047524,FAR
519,538,528,train,20,False,0.829693639027101,0.9108752049688811,1.029176158106463,0.7210664952010554,0.8549786919094433,2.7165577113070585,1.6167025249598577,1.511638828018756,2.275820756442218,0.9386342796965833,FAR
520,539,529,train,20,False,0.8207001903764839,0.9059250467762131,1.0353463493782806,0.7168129371656502,0.8506613151175761,2.7165577113070585,1.627906182084392,1.5184054176173598,2.298924273654416,0.9389974569581709,FAR
521,540,530,train,20,False,0.8758060693019925,0.9358451096746686,0.9855888489099424,0.74141874420426,0.8750519997720512,2.7165577113070585,1.655180946477568,1.5468634676981612,2.2711459059574803,0.9350393464963971,FAR
522,541,531,train,20,False,0.9114616616364959,0.9547050128895814,0.8862749563696681,0.7689214212054087,0.9059532738705597,2.7165577113070585,1.7147007167182289,1.6034460395338184,2.244703833935464,0.9489352853909648,FAR
523,542,532,train,20,False,0.8972259771807796,0.9472201313215316,0.8743935242382865,0.7603767950149487,0.898174411761655,2.7165577113070585,1.7073381443226663,1.5965456010328865,2.259505819325185,0.9482214134411929,FAR
524,543,533,train,20,False,0.8813255236728089,0.9387893926077397,0.8762292824577276,0.7507657477909753,0.8890489187694122,2.7165577113070585,1.6853956952946938,1.5804180020429144,2.2626762601216828,0.9470163657259058,FAR
525,544,534,train,20,False,0.8692425543832483,0.9323317834243603,0.8842285159638374,0.7415131754851376,0.8815295832612863,2.7165577113070585,1.6676440445174525,1.5693383265827134,2.266700828894021,0.945510599267052,FAR
526,545,535,train,20,False,0.8098246650167825,0.8999025864040966,0.9278129140793911,0.7198428285924495,0.8535333207618022,2.546273517479588,1.6073983210868188,1.5125039688019992,2.2584563094513164,0.9484730165877393,FAR
527,546,536,train,20,False,0.8124400694298647,0.9013545747539448,0.8507605146927685,0.7244320782317001,0.8545417895185754,2.546273517479588,1.5935418185641557,1.4995391531201105,2.237734919979686,0.9480639622335656,FAR
528,547,537,train,20,False,0.8561915814083838,0.925306209537353,0.8412262643858013,0.7505412451097188,0.8818308498832629,2.546273517479588,1.6265648869094913,1.533886196338841,2.207351096217803,0.9530151649194839,FAR
529,548,538,train,20,False,0.8138017941845248,0.9021096353462393,0.7852293705493482,0.7312279558371158,0.8623593523619905,2.546273517479588,1.6033878348609936,1.510468595396897,2.22702759978701,0.9559363059358165,FAR
530,549,539,train,20,False,0.8241692288344415,0.9078376665651418,0.764643103948159,0.7387036616613242,0.8681034676090504,2.546273517479588,1.5999495639233092,1.5088556199931216,2.200156712630749,0.9562320440983375,FAR
531,550,540,train,20,False,0.8227572459247179,0.9070596705425271,0.7066187549105389,0.7404296952228904,0.8671576334554961,2.546273517479588,1.5951539511089727,1.5043033966324622,2.186127259342302,0.9560094684143934,FAR
532,551,541,train,20,False,0.8038354528863664,0.8965687106331374,0.6964371479440159,0.7269359803420732,0.8547540952242155,2.546273517479588,1.582710304801957,1.4916594969387558,2.216126006495028,0.9533615049097651,FAR
533,552,542,train,20,False,0.7937849685289231,0.8909461086558059,0.6871669678156375,0.7193860069609932,0.8502706679997406,2.546273517479588,1.5937027896088687,1.4954229522037634,2.242527428859158,0.9543457900978619,FAR
534,553,543,train,20,False,0.7888437882939102,0.8881687836745391,0.678101595799578,0.7153362827530881,0.846670181470224,2.546273517479588,1.5834213625197373,1.4879100514983659,2.2376097377342075,0.953276220728422,FAR
535,554,544,train,20,False,0.7883975445285611,0.8879175325043206,0.6413819075844381,0.7181740618551786,0.8464886247328105,2.431249958875764,1.5776701845895462,1.4855751353080469,2.224350975854357,0.9533414914618679,FAR
536,555,545,train,20,False,0.784483324555703,0.885710632518151,0.6099176633586055,0.7146287754677615,0.8428746377189664,2.431249958875764,1.575504186252588,1.4830205110620294,2.2415093226811367,0.9516365805868242,FAR
537,556,546,train,20,False,0.8111781603761988,0.9006542957074034,0.6043559700780882,0.7295920577277554,0.8610579807470738,2.431249958875764,1.5989991843403215,1.5114272873340624,2.226685631408697,0.9560360560660743,FAR
538,557,547,train,20,False,0.8267912831420249,0.9092806404746694,0.5926509266156142,0.7406675207717107,0.8776127705728409,2.431249958875764,1.6458929958652422,1.5525867808321716,2.279063490079384,0.9651726117414123,FAR
539,558,548,train,20,False,0.8549577702338679,0.9246392649211194,0.612148321678322,0.7566460919315198,0.896733509052593,2.431249958875764,1.6961704500805173,1.596536407541699,2.299011485072785,0.9698198455038495,FAR
540,559,549,train,20,False,0.8443237347186899,0.9188709020959853,0.5897043295052353,0.7530589297432456,0.8910886267442827,2.431249958875764,1.6833839789661738,1.5808339258175552,2.293529760342424,0.9697647675115947,FAR
541,560,550,train,20,False,0.7821142931064451,0.8843722593492206,0.5587395610997273,0.7275041417386576,0.8624878881582939,2.431249958875764,1.6497778344375125,1.5446136701851256,2.3151694383233647,0.9752543445821892,FAR
542,561,551,train,20,False,0.8930076663275255,0.9449908287002183,0.60319605719568,0.7663909744305734,0.9048332084408388,2.8452550772909158,1.7021342953295011,1.5993028224263939,2.2893851348974366,0.9575047513269371,FAR
543,562,552,train,20,False,0.900536854505687,0.9489662030365923,0.6011144530899896,0.7716617973073984,0.9091110893567066,2.8452550772909158,1.706235847439741,1.601464245830916,2.278965049304019,0.9580015457322362,FAR
544,563,553,train,20,False,0.9054934204659647,0.9515741802224169,0.5889866550040604,0.7743431448533298,0.9121686907459339,2.8452550772909158,1.710335981672248,1.6040386360451002,2.274935177200811,0.9585891564782973,FAR
545,564,554,train,20,False,0.9609532134135795,0.9802822111073829,0.6008919877868094,0.8000954948900437,0.9397781720582842,2.8452550772909158,1.7533831842638912,1.6435739251648491,2.2613483312127958,0.9586812464919229,FAR
546,565,555,train,20,False,1.1159618434492309,1.056390951991369,0.565134855650032,0.8548744033319073,0.9970303833212626,2.8851461387939064,1.822058329068867,1.7131607610985806,2.2259651209757,0.9438081436061074,FAR
547,566,556,train,20,False,1.1029833695840638,1.0502301507688987,0.5878585859208808,0.8525728128466289,0.9918600986113649,2.8851461387939064,1.8015382508921178,1.6960808055536163,2.2114648772328214,0.9444216564199762,FAR
548,567,557,train,20,False,1.1283793721278355,1.062252028535524,0.6097971107723372,0.861411071371138,1.0026033277852249,2.8851461387939064,1.8234051782721328,1.715619278058196,2.2168235648164627,0.9438469410761834,FAR
549,568,558,train,20,False,1.1395681325792844,1.0675055655963974,0.635878104370082,0.8671081312225055,1.0084765341069348,2.8851461387939064,1.8224961616620825,1.718994665579191,2.20028352631648,0.9447037716787134,FAR
550,569,559,train,20,False,1.1231770438218174,1.059800473590108,0.6872398627474396,0.8588048218878581,0.9990035719130514,2.8851461387939064,1.8110192923756814,1.7072575948903097,2.2082318592218932,0.9426336341678494,FAR
551,570,560,train,20,False,1.1049833981116528,1.0511819053387728,0.7393380602796111,0.8439270812248901,0.9833239117557682,2.8851461387939064,1.7831087203776808,1.6800889751338357,2.2218807019761537,0.9354460029816288,FAR
552,571,561,train,20,False,1.099462929538987,1.048552778613927,0.7515800024685104,0.8421471507735985,0.9786621822587953,2.8851461387939064,1.7686809705048958,1.6694779253167602,2.201187763255471,0.9333456571947485,FAR
553,572,562,train,20,False,1.09809707743311,1.0479012727509733,0.7483314477194032,0.8428651753259331,0.9780237124848445,2.8851461387939064,1.75800419985099,1.6634494617410573,2.1879902219920955,0.9333166567469808,FAR
554,573,563,train,20,False,1.1001519497482812,1.0488812848689222,0.7597684517611117,0.8436620320593174,0.9795673055312362,2.8851461387939064,1.7851021413626875,1.684813610266429,2.232215504352088,0.933916277907134,FAR
555,574,564,train,20,False,1.0370772855638701,1.018369915877266,0.7384534491415475,0.8147187472319063,0.9429263333855109,2.8851461387939064,1.7094700853644558,1.6109408681253012,2.218755667096757,0.9259173102862478,FAR
556,575,565,train,20,False,1.0949811317309321,1.0464134611762848,0.7717746596671119,0.8416331294445651,0.9771018785622283,2.8851461387939064,1.7574178464904695,1.6612864472189206,2.187258213184595,0.933762718862444,FAR
557,576,566,train,20,False,1.1044933886714623,1.0509488040201873,0.7834219391556242,0.8444516785454528,0.9820297018266292,2.8851461387939064,1.78431479074444,1.6817774628622524,2.212880241346785,0.934422017580759,FAR
558,577,567,train,20,False,1.1096324947134462,1.0533909505560821,0.8106667627244013,0.8511699831858575,0.9858355160780207,2.8851461387939064,1.778120848495235,1.67951109934369,2.170330655145944,0.9358686018306887,FAR
559,578,568,train,20,False,1.103444323950402,1.0504495818221844,0.7916955667240891,0.8495964355952349,0.9823711066640393,2.8851461387939064,1.7480069865971566,1.6561713172581598,2.1352468937248474,0.9351911064212607,FAR
560,579,569,train,20,False,1.1506899101178898,1.0727021534973675,0.7969931795654092,0.8686193486059566,1.0038427456936543,2.8851461387939064,1.7718426030761936,1.687648891593613,2.118224397384414,0.9358075234777813,FAR
561,580,570,train,20,False,1.131369670592105,1.063658625025955,0.8151626162742149,0.8576950258412006,0.9890670731775334,2.8851461387939064,1.7408147598672918,1.6585372798981894,2.1048337864393667,0.9298726583008703,FAR
562,581,571,train,20,False,0.9892151772417433,0.9945929706376088,0.8932242857909846,0.7976327428895402,0.9224039644703543,2.8851461387939064,1.6385950261528133,1.5542200377266258,2.1313240229525463,0.9274185437677327,FAR
563,582,572,train,20,False,0.9910948955596515,0.9955374907855814,0.9839399336249174,0.7968467217300972,0.9234114592509906,2.8851461387939064,1.6451260565835262,1.5618225405669648,2.141750785126747,0.9275506626298163,FAR
564,583,573,train,20,False,0.9891225662003308,0.9945464122907139,1.0634874594878634,0.7966239236369402,0.9222221842465729,2.8851461387939064,1.6511179085879815,1.5631672441896998,2.151412237698553,0.9272791825998764,FAR
565,584,574,train,20,False,0.9188531519652775,0.958568282369742,0.9815016087180234,0.7597562102088372,0.8823954363442267,2.8851461387939064,1.5980503927554888,1.5102547075121493,2.20482322392227,0.9205347731335286,FAR
566,585,575,train,20,False,0.7530936424482685,0.8678096810063071,1.0914928273967537,0.6991113959937396,0.8175180681206287,2.228976718281252,1.514402778344422,1.4281524684272218,2.2381792325711087,0.9420476470977363,FAR
567,586,576,train,20,False,0.7196355872489452,0.8483133779735795,1.0015954759392134,0.6806079605059432,0.8014788451380296,2.228976718281252,1.5115891757295445,1.4209494226090773,2.272623605814844,0.9447910005292778,FAR
568,587,577,train,20,False,0.7194666299423338,0.8482137878756356,0.9592632062423282,0.6788911527366712,0.8014132933069329,2.430612411422457,1.5252192011869012,1.4366357170693316,2.2878454878267265,0.9448246477035994,FAR
569,588,578,train,20,False,0.7233089751905378,0.850475734627707,0.9234461801239552,0.6758706998472184,0.8032786695959683,2.430612411422457,1.5533672584029277,1.4595847755422051,2.3302609421225227,0.9445051009569378,FAR
570,589,579,train,20,False,0.712672662806886,0.8441994212310774,0.862338125974486,0.6683839528605416,0.7956130259027978,2.430612411422457,1.5439637168422942,1.449692360216957,2.3435236837504823,0.942446779627701,FAR
571,590,580,train,20,False,0.7414687057500434,0.8610857714246841,0.8523994191330785,0.6892343452235458,0.8178945712893185,2.430612411422457,1.5673729540542325,1.4749428822443291,2.3068742830831286,0.949841001246711,FAR
572,591,581,train,20,False,0.7487339471578937,0.8652941390983148,0.8485457268525481,0.6923723671381415,0.8238941103621059,2.430612411422457,1.5805483622004284,1.4876506085141277,2.318467324680083,0.9521549645773054,FAR
573,592,582,train,20,False,0.7356363965920224,0.8576924836979875,0.8304019070327294,0.6849199243251067,0.8173295761146637,2.430612411422457,1.5705577634954684,1.478773109879247,2.324939544330139,0.9529401174074689,FAR
574,593,583,train,20,False,0.7246522656687949,0.8512650971752541,0.8136043158777654,0.6750894932300182,0.8079826534002208,2.430612411422457,1.5579406625601595,1.4653145011175508,2.3595856722945134,0.9491551528205995,FAR
575,594,584,train,20,False,0.7590059921530681,0.8712094995769204,0.8401820851606251,0.691888761243374,0.831522308020763,2.430612411422457,1.6239207038837562,1.5266914694758345,2.3987722497169557,0.9544458691331644,FAR
576,595,585,train,20,False,0.7478933819101925,0.8648082919989797,0.7834242993000061,0.6913217285654245,0.8266491115272363,2.430612411422457,1.620666587569334,1.5221730522082224,2.396629167009011,0.9558755612951635,FAR
577,596,586,train,20,False,0.7303919636188249,0.8546297231075133,0.7183174094812075,0.6832556073854203,0.8171296219485307,2.430612411422457,1.606141272210652,1.5087780872647856,2.4057044927313362,0.9561212298787962,FAR
578,597,587,train,20,False,0.7777758082180597,0.8819159870520886,0.7062962427119852,0.7042937071570884,0.8418084190067928,2.430612411422457,1.6371006650253541,1.5405226390132123,2.3921209719523144,0.9545222349587287,FAR
579,598,588,train,20,False,0.776372366337072,0.8811199500278449,0.6806534066502206,0.6990905503885092,0.8409830674600391,2.430612411422457,1.6510855284647783,1.5512168715510835,2.429316447481871,0.9544478790129115,FAR
580,599,589,train,20,False,0.7193938065960078,0.8481708593178664,0.7195674842191087,0.6760759829314044,0.8136240430527778,2.430612411422457,1.6012209076312331,1.5016544378030106,2.421753820484314,0.9592690365560631,FAR
581,600,590,train,20,False,0.7319398264909991,0.8555348189822546,0.7744564307081335,0.683205955896976,0.823924062772908,2.430612411422457,1.6362277882040934,1.5305505693969137,2.4570595468741425,0.9630514673301657,FAR
582,601,591,train,20,False,0.7397388137380678,0.86008070187516,0.7721367199602294,0.6899421890955966,0.8320360958562203,2.430612411422457,1.6601506610489705,1.5542723386482769,2.473803684707626,0.9673930528172573,FAR
583,602,592,train,20,False,0.7052223802267045,0.8397751962440332,0.7411604407166184,0.6690788230426348,0.8071831325125525,2.430612411422457,1.609970368200726,1.5034829500681537,2.471817047288688,0.9611895375366508,FAR
584,603,593,train,20,False,0.6778773125337836,0.8233330507964463,0.7575256650395823,0.6504959523613015,0.7837177607919606,2.430612411422457,1.5532214824099753,1.4538868228274056,2.4482462490164654,0.9518842466409383,FAR
585,604,594,train,20,False,0.7769747239879297,0.8814616974026322,0.8573045870008071,0.6969608262594641,0.8339550250938267,2.789432794103029,1.6346978857224606,1.533343259622549,2.4019567009724203,0.9461046663186936,FAR
586,605,595,train,20,False,0.7820527431227221,0.8843374599793464,0.8758175248413869,0.7031425274664838,0.8377628473088038,2.789432794103029,1.6377165105099536,1.5352324617348927,2.3842393770074275,0.9473338914404571,FAR
587,606,596,train,20,False,0.8741543587101835,0.9349622231460389,0.8678315205111566,0.7374055857202987,0.8745802498524528,2.789432794103029,1.686227967077313,1.58545069189574,2.3645561967740534,0.9354177400981958,FAR
588,607,597,train,20,False,0.818089880296843,0.904483211727472,0.8224788102412479,0.7117456256389024,0.8468455526568693,2.789432794103029,1.6488249251937557,1.545605498683004,2.3962526448298673,0.936275589946528,FAR
589,608,598,train,20,False,0.774812867385469,0.8802345524832963,0.8239609457796668,0.6917854030749497,0.8186014233803481,2.789432794103029,1.5731740368316487,1.4769585860984673,2.3518533484641235,0.9299810159359567,FAR
590,609,599,train,20,False,0.7877299275947365,0.8875415075334429,0.849904887423464,0.696796902521226,0.827719866074373,2.789432794103029,1.5841312171919621,1.489226265346026,2.3497167566011266,0.9325984858721486,FAR
591,610,600,train,20,False,0.8191871545997784,0.9050895837428351,0.8447476329589713,0.7129649509755035,0.843098105027774,2.789432794103029,1.6147585921549932,1.5152088111283906,2.352064379292449,0.9315079083567547,FAR
592,611,601,train,20,False,0.8132001427175461,0.901776104539007,0.7790279514912763,0.7081966548041895,0.8382460656502575,2.789432794103029,1.6201658940832346,1.517111492339699,2.3913116026554,0.9295500972259333,FAR
593,612,602,train,20,False,0.8136459137344438,0.902023233478187,0.7792519357473239,0.7123434172257219,0.8384846143822431,2.789432794103029,1.6079596953323758,1.5051112280366041,2.3669508277267544,0.9295598863335924,FAR
594,613,603,train,20,False,0.8155922928285454,0.9031014853428962,0.7782431706175104,0.7135581749187254,0.8403813798106177,2.789432794103029,1.6018167209962162,1.4999858209676629,2.3420245360404435,0.93055032402204,FAR
595,614,604,train,20,False,0.7844762421538669,0.8857066343625676,0.743478640570338,0.6991335566537772,0.8199244633803403,2.789432794103029,1.5391383484970453,1.442541133912981,2.299073107879682,0.9257291653578164,FAR
596,615,605,train,20,False,0.7586300762848578,0.8709937291880222,0.758334086920303,0.6890764000416282,0.8064109740231531,2.789432794103029,1.504340318745712,1.4109662818537632,2.281591917211279,0.9258516416357258,FAR
597,616,606,train,20,False,0.7952058718784499,0.8917431647500584,0.8528754908421344,0.7107735402807498,0.8245923278901313,2.789432794103029,1.50611387911687,1.4122683964658398,2.229282560536057,0.9246971106543346,FAR
598,617,607,train,20,False,0.8185211920574105,0.9047216102522424,0.8642745771540781,0.716389531278785,0.8335825689710848,2.789432794103029,1.5340704187030922,1.4379809955939522,2.244439869243632,0.9213691366769459,FAR
599,618,608,train,20,False,0.7966341694273232,0.8925436512727672,0.8655329699233657,0.7067174953003837,0.8175207456200569,2.789432794103029,1.5034382823134589,1.4086502447723603,2.2325816507936667,0.9159448330109932,FAR
600,619,609,train,20,False,0.7816546733309272,0.8841123646522128,0.8460604325159035,0.6957694167391999,0.80605150957694,2.789432794103029,1.4928581641248282,1.39579641129211,2.2517706327549827,0.9117070881527827,FAR
601,620,610,train,20,False,0.8079450447976262,0.8988576332198699,0.894676081631004,0.7110425496155457,0.821263262862019,2.789432794103029,1.5076842282887823,1.411029311738759,2.2212340936619843,0.9136744602369411,FAR
602,621,611,train,20,False,0.8116955067207432,0.9009414557676559,0.9201185657888071,0.7152859460916153,0.8244232747000606,2.789432794103029,1.497366794125536,1.4031113709958714,2.181961972408949,0.9150686422766535,FAR
603,622,612,train,20,False,0.8196370485734826,0.9053380852330706,0.921984718708329,0.7238586083445954,0.832030731059017,2.789432794103029,1.5149111926336285,1.4200026007064523,2.1774905194238094,0.9190276479364266,FAR
604,623,613,train,20,False,0.8170272144794852,0.9038955771987631,0.9148350456268589,0.7194565694674633,0.8277560741367026,2.789432794103029,1.5073860790257125,1.4121978679926739,2.1873137377836427,0.9157651558623372,FAR
605,624,614,train,20,False,0.716064860122143,0.8462061569866666,0.8351048484979091,0.671783561991856,0.7755083798549716,2.65734122403922,1.4236440307539473,1.330481932700264,2.237623011990079,0.9164532465901107,FAR
606,625,615,train,20,False,0.7077202496124637,0.8412611066800032,0.8483202516490479,0.6647310321768263,0.7689854508998463,2.65734122403922,1.4113017537226873,1.3179545541115019,2.240822640496624,0.9140865360275725,FAR
607,626,616,train,20,False,0.596197137415851,0.7721380300282139,0.7822121016742185,0.6195178112763488,0.7192854732022039,2.502777219134951,1.3441125225187638,1.2514163794808542,2.2715089055261224,0.9315503773022566,FAR
608,627,617,train,20,False,0.584440413628994,0.7644870264621854,0.797111529834742,0.6111173592229414,0.710126116080829,2.502777219134951,1.3231017928540112,1.2286239714183176,2.2779127116072764,0.9288923049055231,FAR
609,628,618,train,20,False,0.6049787539755,0.777803801723481,0.8739025884108843,0.6257885548965924,0.7260890771904605,2.502777219134951,1.3600288930446551,1.2588047811677905,2.288874296976821,0.9335118645364944,FAR
610,629,619,train,20,False,0.603718281446888,0.7769931025735608,0.8639898158645446,0.6276937441473892,0.7252928368659866,2.502777219134951,1.3607539993621167,1.2524871240231226,2.2830541519907337,0.9334611008304549,FAR
611,630,620,train,20,False,0.556857954449661,0.7462291567941185,0.841557417719339,0.5994163300246804,0.6998973498500966,2.502777219134951,1.3428147245747628,1.2336133137457008,2.3450660730045367,0.9379120923885252,FAR
612,631,621,train,20,False,0.5499086289729491,0.7415582438169972,0.8685517810061243,0.5969534910544406,0.6929309399841029,2.502777219134951,1.3100106019738407,1.2032848058588144,2.281108246634776,0.9344255097447279,FAR
613,632,622,train,20,False,0.5082676340197361,0.7129289123185678,0.8336192521244246,0.5614311839034076,0.6566580513682209,2.502777219134951,1.2628056560181433,1.1561147607401605,2.357020988823983,0.9210708669853992,FAR
614,633,623,train,20,False,0.5023855529010282,0.7087916145814849,0.8226896591403169,0.5579632218378624,0.6503923784599481,2.502777219134951,1.2460135585213323,1.1416632686148271,2.3364956273752346,0.9176073264410453,FAR
615,634,624,train,20,False,0.4988474619454091,0.7062913435299976,0.8011990158881275,0.5564747474219367,0.647003870978048,2.502777219134951,1.234580772578784,1.1315240938570779,2.317769453234284,0.9160580501303688,FAR
616,635,625,train,20,False,0.5192127728386914,0.7205642045221865,0.8792980574605523,0.5644180256745431,0.6579459531598426,2.502777219134951,1.2598129472458448,1.1542291974836427,2.329684717516299,0.9130983041214673,FAR
617,636,626,train,20,False,0.4655310235908397,0.6822983391382685,0.8441272066582971,0.5304141168297422,0.6275852640720669,2.502777219134951,1.2438196803216488,1.1356278065665497,2.4283120172971566,0.9198106283897698,FAR
618,637,627,train,20,False,0.5196608946843437,0.7208750895157522,1.0124810001750146,0.5493402341142605,0.6449336089926468,2.673011432049818,1.252331390967392,1.143749383417195,2.406981606701088,0.8946537595381205,FAR
619,638,628,train,20,False,0.5180325765447973,0.7197447995955214,1.0117652050308754,0.5450290511683807,0.6433200813824422,2.673011432049818,1.258349617335965,1.1473918688714926,2.4523837446751284,0.8938169219756392,FAR
620,639,629,train,20,False,0.5468510305226385,0.7394937663852471,0.9935191007955044,0.5624456694066648,0.6629375142680856,2.673011432049818,1.3090784122578663,1.1936092631054664,2.468137473072179,0.8964747837005042,FAR
621,640,630,train,20,False,0.5299034379155191,0.7279446667951618,0.9248641262074846,0.5535778916568892,0.6537728657071005,2.673011432049818,1.281557411031979,1.171763874483748,2.455968071043258,0.8981079133190042,FAR
622,641,631,train,20,False,0.5666466838403226,0.7527593797757173,0.9771842182242606,0.5684683277363047,0.6755668984273329,2.673011432049818,1.331432206702393,1.219796291584006,2.480729131859575,0.8974539761013889,FAR
623,642,632,train,20,False,0.6325350246182291,0.7953207055133351,1.0718579580607117,0.5957374279151367,0.7103840868413391,2.673011432049818,1.3829305068915105,1.2725016026852383,2.471911826652614,0.8932045675622464,FAR
624,643,633,train,20,False,0.6392275868578737,0.7995170960385236,1.1197636635478612,0.6028110482434055,0.719772935451875,2.673011432049818,1.4050501720693092,1.2915107645533193,2.4864095474968417,0.9002595929695966,FAR
625,644,634,train,20,False,0.6552981703725893,0.8095048921239385,1.1109907231910623,0.6147752251713624,0.733583573579931,2.673011432049818,1.4235000463168794,1.3117897615209617,2.4543000572217677,0.9062126501239433,FAR
626,645,635,train,20,False,0.6972769602811774,0.8350311133611593,1.164198478591023,0.6373313715023201,0.7589353676399208,2.673011432049818,1.468124700927551,1.352352221888453,2.452796412113616,0.9088707660066238,FAR
627,646,636,train,20,False,0.7228192286585781,0.8501877608261472,1.2092343545084434,0.650471126685711,0.7751588858424927,2.673011432049818,1.486156224499991,1.3708573161266941,2.434817782130149,0.9117502292543624,FAR
628,647,637,train,20,False,0.7967538228698151,0.8926106782185698,1.316635590187511,0.6855240679190306,0.8143838332320348,2.673011432049818,1.5515720342487722,1.4371923848319215,2.400994496127475,0.9123617419156844,FAR
629,648,638,train,20,False,0.7918081759380933,0.8898360387948407,1.2813191522937852,0.6821188178358362,0.8111759709385105,2.673011432049818,1.540722642500951,1.4297274539208225,2.3957625053933747,0.9116016159978592,FAR
630,649,639,train,20,False,0.7701399332931685,0.8775761695107546,1.220713191115902,0.6649343902529489,0.7932462770328563,2.673011432049818,1.519360239376399,1.415636911904088,2.4520613586895115,0.9039058996726042,FAR
631,650,640,train,20,False,0.7655135107074954,0.8749362895134111,1.1989601606612974,0.6624954737132286,0.7895864706156019,2.673011432049818,1.5042969320528994,1.4023710836300545,2.4358734120051118,0.902450247039958,FAR
632,651,641,train,20,False,0.7690374754131784,0.8769478179533707,1.2088535948779944,0.6613425734336418,0.7933606520905119,2.673011432049818,1.5198219984451975,1.4206977425976302,2.4846604813051756,0.9046839912801934,FAR
633,652,642,train,20,False,0.804215927439144,0.8967808692423942,1.2063142441671397,0.6922797278615468,0.8260466510645719,2.673011432049818,1.5704225029487728,1.4665376325989823,2.4229637827249757,0.921124300702825,FAR
634,653,643,train,20,False,0.840380761793679,0.916722838045218,1.1755142208920057,0.7156655283472122,0.8528462067330889,2.673011432049818,1.6173485541734531,1.5147663330598038,2.410913453413314,0.9303206720055791,FAR
635,654,644,train,20,False,0.8629661966665084,0.9289597389911516,1.1273635184947601,0.7277558296156356,0.8699710346604824,2.673011432049818,1.6605885490328798,1.554810655070242,2.443985139768553,0.9365002573795818,FAR
636,655,645,train,20,False,0.829333446489728,0.9106774656758165,1.026073506762963,0.706877432483553,0.8499459580560529,2.673011432049818,1.6493285918835892,1.5403156126843365,2.5138172660218743,0.9333117268091238,FAR
637,656,646,train,20,False,0.8463842409561775,0.9199914352624037,1.0080306021217638,0.7199127762675777,0.8620918111814785,2.673011432049818,1.660672137428221,1.5560853808938995,2.4603346918246074,0.9370650401061498,FAR
638,657,647,train,20,False,0.7394278665379841,0.8598999165821474,0.92491921532295,0.6834374679070819,0.8219466039301906,2.570653175431865,1.606559710305697,1.5007678420368837,2.47235524555284,0.9558631046240704,FAR
639,658,648,train,20,False,0.7946167636788039,0.891412790843167,0.998620926693927,0.7151384738630437,0.8554543207334028,2.570653175431865,1.652380670069442,1.5453748208595044,2.4133958722906477,0.9596612585334883,FAR
640,659,649,train,20,False,0.7599911925162685,0.87177473725514,1.023522607184741,0.690903770871153,0.829756567398468,2.570653175431865,1.6004071906258712,1.4989533775568336,2.438385651278449,0.951801574350537,FAR
641,660,650,train,20,False,0.8133636482920137,0.9018667575046847,1.032142819804998,0.706158506679907,0.8544648103298403,2.570653175431865,1.660583568081611,1.5526140851420036,2.4693429927211206,0.9474401880539453,FAR
642,661,651,train,20,False,0.8284596343869627,0.9101975798621762,0.8951446558326757,0.7163572301412336,0.8611572966174812,2.570653175431865,1.6515246583681207,1.545946100464373,2.437402548693338,0.9461212770395185,FAR
643,662,652,train,20,False,0.7773434697947631,0.8816708398233226,0.848739531061164,0.6957675888000828,0.8368453658585897,2.570653175431865,1.6197297829663229,1.513331457116541,2.4532168009393716,0.9491584932380032,FAR
644,663,653,train,20,False,0.7901716631660455,0.8889160045617615,0.8448578852745652,0.7063727887403208,0.8482174787927803,2.570653175431865,1.630229566376218,1.5269267270507108,2.421810938546663,0.9542155551704284,FAR
645,664,654,train,20,False,0.7778009909333787,0.8819302642121875,0.8531466569556787,0.6974489813311665,0.8382442337952233,2.570653175431865,1.613306552765129,1.5093946834713619,2.4346607579868484,0.9504654367927966,FAR
646,665,655,train,20,False,0.7605709423966582,0.8721071851536704,0.8327491249246591,0.6873450279906242,0.8295845853581938,2.570653175431865,1.6170666234795052,1.5134895417729775,2.4667193605900377,0.9512415440219268,FAR
647,666,656,train,20,False,0.8064128563001125,0.8980049311112454,0.7892595715493527,0.7061883654549197,0.8495343805670558,2.570653175431865,1.6422620338228267,1.540337596232055,2.4544287941607905,0.946024182201083,FAR
648,667,657,train,20,False,0.7372685726801701,0.8586434490987339,0.7212905414654768,0.6779995128591276,0.8143639393124827,2.541054266327866,1.5714197592296653,1.4722934189637376,2.442707863636984,0.9484308535367868,FAR
649,668,658,train,20,False,0.7183968228263351,0.8475829297634156,0.7076887035868505,0.663342140192866,0.7979410302509481,2.541054266327866,1.548412961363558,1.4492848907730607,2.465772700616946,0.9414312183867082,FAR
650,669,659,train,20,False,0.7425109956380721,0.8616907772734208,0.7352150844638236,0.6839920392207162,0.8174016090064692,2.541054266327866,1.5630872124572999,1.463975354613814,2.389525960585819,0.9486020165991653,FAR
651,670,660,train,20,False,0.7418076817853578,0.8612825795204253,0.7421651056366007,0.6836084897569858,0.8168050696355458,2.541054266327866,1.5587576816034325,1.461990687127129,2.382477510000659,0.9483589811956429,FAR
652,671,661,train,20,False,0.7482037776267855,0.8649877326452586,0.7542449599761436,0.6926275558314404,0.8225001644425352,2.541054266327866,1.565579421695184,1.4664470180035567,2.3462676222060685,0.9508807274378444,FAR
653,672,662,train,20,False,0.7150247281834092,0.8455913482193448,0.716962127774204,0.6667733415499228,0.7937957251485431,2.541054266327866,1.5159489014282674,1.4233845442439024,2.3491329444341367,0.9387462712575366,FAR
654,673,663,train,20,False,0.700063426659877,0.8366979303547231,0.6841705051755914,0.6580361156971513,0.7850490562901147,2.541054266327866,1.5116953767366392,1.4140189649378345,2.372546058898934,0.9382705846508889,FAR
655,674,664,train,20,False,0.6815268613431706,0.8255464016899176,0.6677560754435711,0.6483299962982858,0.7717683702876871,2.541054266327866,1.4847919211404723,1.3874469266547684,2.364378475743776,0.9348576514994853,FAR
656,675,665,train,20,False,0.6804763945581334,0.8249099311792369,0.6826806242084967,0.6477323246672716,0.7709362432976388,2.541054266327866,1.4730010085700056,1.3769012196059607,2.3429194757303935,0.9345702047683667,FAR
657,676,666,train,20,False,0.6679670340512934,0.8172925021381839,0.6681660025834131,0.6427258800949806,0.7624691682921186,2.541054266327866,1.4460077533447047,1.3536663695150233,2.3186610181564395,0.9329207918797278,FAR
658,677,667,train,20,False,0.6476771751815192,0.8047839307426058,0.6866793391390253,0.6305962541706014,0.7498601375157992,2.541054266327866,1.4305392330170648,1.3386833649994996,2.334155366684127,0.9317533674210837,FAR
659,678,668,train,20,False,0.6152861353120417,0.7844017690648343,0.6613678852505942,0.6197324012985495,0.7335995114902156,2.541054266327866,1.3948824197382526,1.3059451414432999,2.3177806228648405,0.9352343918918168,FAR
660,679,669,train,20,False,0.6437220201260723,0.8023228901920175,0.7052203942753675,0.6412078042244961,0.7558437801143848,2.541054266327866,1.4126753087493698,1.3240205374389293,2.256971571563445,0.9420693206615244,FAR
661,680,670,train,20,False,0.6176335876132029,0.7858966774412542,0.7352834901150127,0.6418857316968486,0.7451538765801192,2.178095278275987,1.3847177439269267,1.296525262387233,2.228098921177376,0.9481575606175272,FAR
662,681,671,train,20,False,0.5615975094512078,0.7493980981102153,0.8215332893034822,0.6120856810675146,0.7131072337160254,2.178095278275987,1.3427912276599157,1.2549870400258345,2.2525547773157704,0.9515733166581207,FAR
663,682,672,train,20,False,0.5500719157078391,0.7416683326850615,0.8612671424484648,0.6061825052144465,0.7052032177664018,2.178095278275987,1.3330622177185294,1.2425697719527438,2.2602894324101324,0.9508336633618358,FAR
664,683,673,train,20,False,0.549180926663763,0.7410674238311673,0.8784620475577568,0.60676015932527,0.7045393930730239,2.178095278275987,1.3379375752533078,1.2472239981905073,2.2666215374944616,0.9507088969458393,FAR
665,684,674,train,20,False,0.5572141009764561,0.746467749455029,0.8958432530575856,0.6120374385646488,0.7113623199387052,2.178095278275987,1.355578886015628,1.2615145210620111,2.272595288214732,0.9529712709732563,FAR
666,685,675,train,20,False,0.540982044029639,0.7355148156425124,0.8787775051678782,0.6035999916771595,0.7013149540530327,2.178095278275987,1.3318241174609577,1.2372292423803322,2.2702440375582142,0.9535021445358591,FAR
667,686,676,train,20,False,0.4729348757920989,0.6877026070854312,0.8337260577496525,0.5745160014160581,0.6677061719917324,1.981902969879002,1.2921325804910906,1.1938267545132686,2.2944241550273254,0.970922845300171,FAR
668,687,677,train,20,False,0.46440859814858226,0.6814753100065931,0.9050631059674448,0.5637830559294472,0.6600163298206607,1.981902969879002,1.2942599870541076,1.1932074752529156,2.3632169311901423,0.9685109939115404,FAR
669,688,678,train,20,False,0.5423081797883166,0.7364157655756133,1.0168361099118786,0.6067399779198486,0.705195502975213,2.2256808749570873,1.361724360799859,1.2581103303814651,2.327522821336416,0.9576051137688543,FAR
670,689,679,train,20,False,0.5304700825170119,0.7283337713692891,1.0292508617306828,0.5946349645489223,0.6971255913488412,2.2256808749570873,1.3650267565723317,1.2580538692001941,2.38089364955272,0.9571512660167115,FAR
671,690,680,train,20,False,0.5244388659951351,0.7241815145356412,1.0321447517516191,0.5915615223407547,0.6913949236522751,2.2256808749570873,1.3519149535978474,1.2441891413470914,2.3679636279797482,0.9547260041505071,FAR
672,691,681,train,20,False,0.5249368332627701,0.724525246808398,1.065342812870918,0.5927424845417534,0.6917949005747441,2.2256808749570873,1.3505339366282976,1.2425753757545734,2.360924250900351,0.9548251128889792,FAR
673,692,682,train,20,False,0.5899496640741988,0.768081808191158,1.086702641150755,0.631722097148506,0.7360904096904003,2.2256808749570873,1.4201551085185944,1.3117287427110225,2.3526822648600754,0.9583489699149393,FAR
674,693,683,train,20,False,0.59758554166478,0.7730365720098759,1.1935424938107464,0.6362196490451024,0.7407769748609454,2.2256808749570873,1.4148230078365072,1.3090502810818496,2.3288030311665766,0.9582689896998582,FAR
675,694,684,train,20,False,0.600925231727171,0.7751936736888215,1.241070056161657,0.6351061333211535,0.7435918636519862,2.2256808749570873,1.4257998660186981,1.3188004414856767,2.3572660979658933,0.9592336584914896,FAR
676,695,685,train,20,False,0.6818972726572682,0.8257707143373808,1.1757269106527672,0.6725808744283088,0.7832898036135764,2.4913067154193027,1.481174267880233,1.3769647411973627,2.307938500761106,0.948556045902049,FAR
677,696,686,train,20,False,0.6758066914999691,0.822074626478624,1.0875323475170737,0.6667766248143588,0.7782444378583749,2.4913067154193027,1.4722319460755018,1.3649712090214048,2.314971163805025,0.9466834430737796,FAR
678,697,687,train,20,False,0.6927888027156365,0.8323393555008897,1.0711463276621427,0.6766217686649426,0.789041089539898,2.4913067154193027,1.492781775853507,1.3849001315662335,2.312227850021153,0.947980032813737,FAR
679,698,688,train,20,False,0.6878570645100818,0.8293714876399367,1.0327267597654648,0.6708988256002667,0.7859690022449334,2.4913067154193027,1.4959064056978522,1.3846012312246052,2.33240693644814,0.9476682210061144,FAR
680,699,689,train,20,False,0.6601488366498163,0.8124954379255408,0.9724232913054045,0.6498600053835671,0.7645802258784379,2.4913067154193027,1.4832175579478952,1.3674509405309063,2.404332077113781,0.941027100202015,FAR
681,700,690,train,20,False,0.6224283589141295,0.7889412899032028,0.9104341468923606,0.6268088735631189,0.7437383151887313,2.4913067154193027,1.4555048914464714,1.340530410454877,2.4339429175500613,0.9427042603892395,FAR
682,701,691,train,20,True,0.6417022621937947,0.8010632073649336,0.9347549096516502,0.6391432329428702,0.7576463844006356,2.4913067154193027,1.482658076435353,1.3664542484620765,2.4326608595889656,0.9458010022615867,FAR
683,702,692,train,20,True,0.6605217817204804,0.8127249114678843,0.9766844294612754,0.6506369606441295,0.7698359390670376,2.4913067154193027,1.4868966395091006,1.3716248813450989,2.4010963122460764,0.9472281804142267,FAR
684,703,693,train,20,True,0.682164285828796,0.8259323736413267,0.9829415862413966,0.6592789160454251,0.783366409035364,2.4913067154193027,1.514493524769723,1.3983096876113585,2.412690598124022,0.9484631357670361,FAR
685,704,694,train,20,True,0.6743812289370303,0.8212071778406654,0.9773297801767199,0.6550316672616898,0.7767826676913365,2.4913067154193027,1.4955862766510186,1.3827935985918636,2.397324525914242,0.9459034073884479,FAR
686,705,695,train,20,True,0.7070957675111449,0.8408898664576384,1.0084153763369588,0.6690582878909186,0.7951429363674863,2.4913067154193027,1.5398753969907806,1.4264908969626808,2.4062864789245904,0.9455970015635137,FAR
687,706,696,train,20,True,0.7941511755665623,0.8911516007765247,1.0132244652841538,0.7049765202982495,0.8354657073949745,2.9127391143454786,1.6162991257641224,1.5008504988552294,2.400462185715325,0.9375124352208681,FAR
688,707,697,train,20,True,0.8558717159672241,0.9251333503702178,1.0936490254989228,0.7404349427653173,0.8720563096663693,2.9127391143454786,1.6653185153709535,1.5530091878218872,2.332243486141611,0.9426276863950388,FAR
689,708,698,train,20,True,0.8115255698621479,0.9008471401198695,1.0605226519912556,0.7158513593671267,0.852171195254631,2.9127391143454786,1.6581299801770846,1.5443230387985296,2.3864119587405286,0.9459664767778898,FAR
690,709,699,train,20,True,0.8596188983123086,0.9271563505214796,1.0744182559531834,0.741765501992536,0.8784388269194403,2.9127391143454786,1.6950244389091451,1.5856496568716638,2.346924613596403,0.9474548995165292,FAR
691,710,700,train,20,True,0.938709619485083,0.9688702800091883,1.0765292263759043,0.7825437585035535,0.9221066683126766,2.9127391143454786,1.7508033809211192,1.6415420769211793,2.315804899137105,0.9517338774226121,FAR
692,711,701,test,20,True,0.9659160243066734,0.9828102687226429,1.107759045275629,0.7959194620239248,0.9391715928284295,2.9127391143454786,1.782662996967997,1.674539898041767,2.3206334447694936,0.9555980668059865,FAR
693,712,702,test,20,True,0.913293160398767,0.9556637276776633,1.0687092740696718,0.7685081761593675,0.9091591535470238,2.9127391143454786,1.7427507519119412,1.6333533677672416,2.3421614816385423,0.9513379311322727,FAR
694,713,703,test,20,True,1.022220073289066,1.0110489964828935,0.992731159374055,0.8093494702424223,0.9515341927224439,2.9127391143454786,1.8002844002169713,1.6931527269936755,2.3219031364918687,0.9411355889106443,FAR
695,714,704,test,20,True,1.0735781887150089,1.0361361825141562,0.8663555799476328,0.8334515972075464,0.9799061161926026,2.9127391143454786,1.8558094889767702,1.745918322232535,2.3103128748205046,0.9457310078824648,FAR
696,715,705,test,20,True,1.010697554640376,1.0053345486157212,0.8567680372793987,0.8108297710934794,0.9523599977673538,2.9127391143454786,1.8091402432699168,1.6997748865128042,2.3106141114381935,0.9473065449493306,FAR
697,716,706,test,20,True,1.0448810444429848,1.0221942302923572,0.916966246308652,0.8323441772538247,0.9744434288538111,2.9127391143454786,1.8402967486237656,1.734017339879319,2.2914893473711313,0.9532859802731533,FAR
698,717,707,test,20,True,1.0502618546614497,1.0248228406224413,0.9275030110119511,0.8345369170702309,0.9773565404445252,2.9127391143454786,1.844606474407137,1.7379776976717642,2.2907279474662032,0.9536834091743243,FAR
699,718,708,test,20,True,1.0572412967573035,1.0282223965452724,0.9410385171955574,0.8382485883150286,0.9816395713640521,2.9127391143454786,1.8574433753726827,1.7532267414526994,2.297134530959751,0.9546957687969704,FAR
700,719,709,test,20,True,1.0825400306711885,1.0404518396692797,0.9309620731181993,0.8558567771983092,1.0016066479157746,2.9127391143454786,1.8799999727319683,1.777552120387579,2.2481866877072365,0.9626650746603971,FAR
701,720,710,test,20,False,1.0924275162785135,1.0451925737769636,0.9270967577380306,0.8614125102288653,1.0080993806772907,2.9127391143454786,1.8802661363692628,1.7834439183351474,2.2278935916701585,0.9645106614509984,FAR
702,721,711,test,20,False,1.076564792637694,1.0375764032772208,0.9262911042120503,0.8520340501432866,0.9971164771893083,2.9127391143454786,1.8562834553676342,1.7600461914232988,2.222353072877829,0.9610053525117588,FAR
703,722,712,test,20,False,1.0760640534887091,1.037335072909766,0.9643836058334497,0.853003328869522,0.9968354908972057,2.9127391143454786,1.855800160364355,1.763517759674912,2.2194719173793844,0.9609580519639066,FAR
704,723,713,test,20,False,1.051405849053116,1.025380831229605,0.9843961042943883,0.8403692826001485,0.9809524558536914,2.9127391143454786,1.8335832526420304,1.738871921139491,2.2358845569966186,0.9566713419806799,FAR
705,724,714,test,20,False,1.1207893941918405,1.058673412432673,0.9772364905649832,0.8688220846052556,1.0191796320885862,2.9127391143454786,1.9199123191563374,1.8163978329118813,2.249167545829935,0.9626950295716447,FAR
706,725,715,test,20,False,1.139655671329325,1.0675465663517096,1.0167575521948793,0.8765236503238546,1.027339061328245,2.9127391143454786,1.9081847958735192,1.810592977519225,2.2165497526160935,0.9623365328588225,FAR
707,726,716,test,20,False,1.0624253118411904,1.0307401766891549,1.0895867592108306,0.8443861165222497,0.9936331703423683,2.8463916245558147,1.8391866191405382,1.7473136615640936,2.2202429855079293,0.9639996507500288,FAR
708,727,717,test,20,False,1.0185995591385917,1.0092569341543272,1.0513372212266903,0.8248023245348689,0.971439924571406,2.8463916245558147,1.797666103998856,1.703410794298622,2.218345226915767,0.9625298491363762,FAR
709,728,718,test,20,False,1.0332759405857859,1.0165018153381655,1.022971726070176,0.8313338817174328,0.9788499344660238,2.8463916245558147,1.7953881073623255,1.7059687987050918,2.1927736429454594,0.9629593569789977,FAR
710,729,719,test,20,False,0.971228338883788,0.9855091774731416,1.0157768815102288,0.7966447118918537,0.9391156824983546,2.8463916245558147,1.7238195491447055,1.6336140216417578,2.204830886871024,0.9529243399906834,FAR
711,730,720,test,20,False,0.931244802339136,0.9650102602247999,0.9216406410539612,0.7759458131966296,0.9220526586948241,2.8463916245558147,1.7141835889437842,1.620960463951158,2.235901576063347,0.9554848240473953,FAR
712,731,721,test,20,False,1.0536740628324623,1.0264862701626662,1.0072527687500594,0.8194520944825753,0.9656576831379493,2.8463916245558147,1.7560770043061917,1.6654574029554527,2.2049582141270365,0.9407409638172,FAR
713,732,722,test,20,False,1.1008701632296496,1.0492236002061952,1.0308521677027565,0.8454880688606071,0.9933173727604387,2.8463916245558147,1.7827946548907299,1.6929254233954398,2.1728783497257544,0.9467165745845121,FAR
714,733,723,test,20,False,1.000376057262321,1.0001880109571004,1.0635429039850568,0.8105825299112327,0.9555861546186593,2.8463916245558147,1.7286492094354042,1.6371435452327496,2.18183532033013,0.9554065277229621,FAR
715,734,724,test,20,False,0.9532467473842035,0.9763435601181601,1.2483858507589336,0.7913288937444694,0.9304486859517404,2.8463916245558147,1.6695250324640418,1.584625580865901,2.163532199031755,0.9529931101702915,FAR
716,735,725,test,20,False,0.9453972925137331,0.972315428507505,1.2895747671077054,0.7853411615179687,0.9256502907200922,2.8463916245558147,1.668640987002706,1.579463741754924,2.181900377237185,0.9520061736971064,FAR
717,736,726,test,20,False,0.9125059319451916,0.9552517636441147,1.23816845304197,0.7642532720855169,0.9047112046700588,2.8463916245558147,1.6419061299145117,1.550954399335012,2.2083769789753265,0.9470918967150056,FAR
718,737,727,test,20,False,0.894531647179089,0.9457968318719877,1.2268441739799905,0.7561153480546696,0.8940945685723737,2.8463916245558147,1.610636602384559,1.5243885899733844,2.187703464685262,0.9453347044974963,FAR
719,738,728,test,20,False,0.9197225275374707,0.9590216512349816,1.2410485335126176,0.7696935319637374,0.9068762905684503,2.8463916245558147,1.6217062774736362,1.5362519214289005,2.167451877523745,0.9456265032187948,FAR
720,739,729,test,20,False,1.0503634095866083,1.0248723869763534,1.2002878087527027,0.8157153371349848,0.9561431208836613,3.0129266221943674,1.6949325575926912,1.6110790179401338,2.149205051028839,0.9329387083054683,FAR
721,740,730,test,20,False,1.0561378742299017,1.0276856884426784,1.2296078775226413,0.8176519281229929,0.9595006423757473,3.0129266221943674,1.7128001221237188,1.6244682661054337,2.1684371702644443,0.9336518481927519,FAR
722,741,731,test,20,False,1.0979227508960587,1.0478180905558268,1.2407402348630285,0.8391286208009131,0.9838988953947367,3.0129266221943674,1.7609064529782834,1.6684335670302732,2.170726258820926,0.9389978129436729,FAR
723,742,732,test,20,False,1.0758931965905698,1.037252715875244,1.2345587363278894,0.8231235871984366,0.9689984344891857,3.0129266221943674,1.7493313920433724,1.6545755000947757,2.2075483369438307,0.9341970569549536,FAR
724,743,733,test,20,False,1.0776969542203576,1.038121839776217,1.2443283291364948,0.8268275423819231,0.9704261574514224,3.0129266221943674,1.7339459351173772,1.642156298469875,2.1632860070772244,0.934790233929201,FAR
725,744,734,test,20,False,1.0378936059431445,1.018770634609746,1.283690851456519,0.8178134703448847,0.9525062195739163,3.0129266221943674,1.6670928931996793,1.5860888801511612,2.113201110808827,0.9349564928702394,FAR
726,745,735,test,20,False,1.020805083652998,1.010348991018944,1.262229066877176,0.8133450470620748,0.9451677587752135,3.0129266221943674,1.662282217594838,1.5778404580894319,2.118288337333323,0.9354864182345599,FAR
727,746,736,test,20,False,1.0070072878819514,1.0034975275913496,1.277718562803241,0.8054442320964537,0.9354735231910045,3.0129266221943674,1.6498710269248789,1.5639394132680913,2.129564207226594,0.9322130822149407,FAR
728,747,737,test,20,False,0.9967991804153499,0.9983983074982399,1.2982998336554008,0.7954514453634508,0.928093860618129,3.0129266221943674,1.648049548107044,1.5638340035588656,2.1687955629196844,0.929582766364781,FAR
729,748,738,test,20,False,0.9712240112822368,0.9855069818536227,1.3087541918871854,0.7877165128202372,0.9142898582674055,3.0129266221943674,1.6229533070131619,1.5394907451507964,2.1595487595206015,0.9277355463760731,FAR
730,749,739,test,20,False,0.9707894026875599,0.9852864571725117,1.310677006049917,0.7871127952372866,0.9137145015648477,3.0129266221943674,1.6216122491142173,1.5409000188854018,2.1599315541077777,0.9273592414808431,FAR
731,750,740,test,20,False,0.9608580328810593,0.9802336623892588,1.2926298812409251,0.7847190503866031,0.9084801301244463,3.0129266221943674,1.6123280824691797,1.5330333291670242,2.1549540460858774,0.9267995631879059,FAR
732,751,741,test,20,False,0.822333623452117,0.906826126361673,1.19786589179986,0.7299205641992847,0.8556875094230281,3.0129266221943674,1.5712307750303247,1.4868219564169165,2.227465885693237,0.9436070317649303,FAR
733,752,742,test,20,False,0.7944438198159349,0.8913157800779334,1.1600429956061726,0.7127917194913056,0.8415834092527528,3.0129266221943674,1.590851131139564,1.500688712525407,2.2986308235214947,0.9442034215743019,FAR
734,753,743,test,20,False,0.7679261557695117,0.8763139595884067,1.062188883536646,0.6984135622732368,0.8247067565748978,3.0129266221943674,1.5567173541239225,1.468842698769191,2.2875174228452138,0.9411087744879151,FAR
735,754,744,test,20,False,0.7775219650636807,0.8817720595843808,1.0099927420036812,0.705780091210123,0.8311037358465416,3.0129266221943674,1.565753747064765,1.4760096845325208,2.2778664549878926,0.9425380707098823,FAR
736,755,745,test,20,False,0.7913709668240995,0.8895903365168146,1.0561830819748474,0.7166609463062953,0.8392379297215229,3.0129266221943674,1.5593082918332932,1.4725558742055043,2.238839537084126,0.9433982084467708,FAR
737,756,746,test,20,False,0.8195021174393746,0.9052635624167,1.0762464663202582,0.7311160895771153,0.8577239726497826,3.0129266221943674,1.6025759613770816,1.5134930183327784,2.2503227369407233,0.9474853603518457,FAR
738,757,747,test,20,False,0.8283547645781455,0.9101399697728616,0.9906149743191403,0.7358824206771797,0.8632849693890468,3.0129266221943674,1.6202243913265246,1.5291762200861152,2.262637026873763,0.9485189070473323,FAR
739,758,748,test,20,False,0.8306089420263977,0.911377496993643,1.0069812825790314,0.7345765081681424,0.8642883627184691,3.0129266221943674,1.6341513753559727,1.5436788571021243,2.279380894877841,0.948331910289088,FAR
740,759,749,test,20,False,0.7573565110070182,0.8702623230997756,1.0111721386802273,0.7102757490485311,0.8412218695606644,2.6425629256547456,1.6156331905289913,1.5220805494837235,2.3031612008946754,0.9666302300257323,FAR
741,760,750,test,20,False,0.7307672363746016,0.854849247747579,0.9621110947425233,0.6965143797009041,0.8223616151775252,2.6425629256547456,1.5816311873657878,1.4883180179825777,2.3040868791176985,0.9619960681305451,FAR
742,761,751,test,20,False,0.718232311236477,0.8474858767179999,0.9267127213644631,0.6911885780384438,0.8163353764682159,2.6425629256547456,1.5674778344089708,1.4766285152469931,2.3011014828709015,0.9632436349613065,FAR
743,762,752,test,20,False,0.729559954413902,0.8541428185109923,0.8826446096926799,0.7010365902734804,0.8247358767931743,2.6425629256547456,1.5745099021989828,1.4850572289559425,2.274240805208702,0.9655713996763651,FAR
744,763,753,test,20,False,0.7361576340536805,0.8579962902330526,0.8880296571236183,0.7048605387537554,0.8294924471135714,2.6425629256547456,1.5806315950121546,1.4927150075587987,2.2727553966764864,0.9667785939823367,FAR
745,764,754,test,20,False,0.7162154402704444,0.8462951259876452,0.8772510987381197,0.6926974199680305,0.817151697668562,2.6425629256547456,1.5664313918044892,1.4795970378152234,2.286567908237682,0.9655635162909958,FAR
746,765,755,test,20,False,0.7179858542268902,0.8473404594535128,0.8527918187353493,0.6960285171058899,0.817957176271717,2.6425629256547456,1.555011681364021,1.464890700274236,2.267598894653618,0.9653229314687201,FAR
747,766,756,test,20,False,0.7549210922615381,0.8688619523615579,0.9046342089392537,0.7141470984634337,0.840055748400799,2.6425629256547456,1.611674417781101,1.5167212947650184,2.280162520561889,0.966846052031092,FAR
748,767,757,test,20,False,0.7461243015307485,0.8637848699362293,0.9247435119945023,0.7107690153172282,0.8318458362200966,2.6425629256547456,1.5898202676516493,1.4953946718266202,2.24918429514942,0.9630243191010156,FAR
749,768,758,test,20,False,0.7380587825602614,0.8591034760494578,0.9797726605771749,0.705020724554145,0.8263466378798163,2.6425629256547456,1.5742325192235715,1.4809209362437312,2.2444357516323143,0.9618709048643684,FAR
750,769,759,test,20,False,0.7450967594492376,0.8631898745057414,1.0103796040367894,0.7122162304974904,0.8341646525202503,2.6425629256547456,1.5860321172426395,1.4909748268398924,2.231878522783794,0.96637446424854,FAR
751,770,760,test,20,False,0.7542256762465769,0.8684616722956615,1.0104484567747214,0.716505357368246,0.8389965853650295,2.6425629256547456,1.5971038785476428,1.5024901839316807,2.2338160555428184,0.9660720929079749,FAR
752,771,761,test,20,False,0.7333880079912769,0.8563807611052906,0.9919636433345781,0.7042047729066263,0.8220412851526042,2.6425629256547456,1.5456007634425981,1.4552075296412161,2.194016667678468,0.959901626108034,FAR
753,772,762,test,20,False,0.7013649234715548,0.8374753270822698,0.9729931469631171,0.681738567544614,0.7936295939581621,2.6425629256547456,1.4743012932699693,1.3885415840177777,2.1816211115330213,0.9476453434432935,FAR
754,773,763,test,20,False,0.708721017388714,0.8418556986733023,0.959902762206382,0.6837691988042869,0.7991059077507001,2.6425629256547456,1.507780536766695,1.4194120604714602,2.232078871694584,0.9492195741028153,FAR
755,774,764,test,20,False,0.748027162610128,0.8648856355669968,1.0097421883135365,0.6958032336504798,0.8185873357689044,2.6425629256547456,1.5515142830218527,1.4616314854439372,2.2530007129333933,0.9464688764685745,FAR
756,775,765,test,20,False,0.741248242126259,0.860957747004032,0.9900366461458736,0.6895420950214327,0.8147991415100847,2.6425629256547456,1.5687665875322478,1.4784564205264366,2.2913423647515927,0.9463869096310819,FAR
757,776,766,test,20,False,0.7294824796424423,0.8540974649549326,1.014785184638688,0.6825018505623959,0.8081048681100983,2.6425629256547456,1.5558168223646969,1.464895622978863,2.3001974786614743,0.946150645878265,FAR
758,777,767,test,20,False,0.7263536943290717,0.8522638642633347,1.133898561993999,0.6804751966117741,0.8062263575529169,2.6425629256547456,1.555380238808424,1.4636247799919377,2.30561223577024,0.9459820970466573,FAR
759,778,768,test,20,False,0.6863835656481303,0.8284826888041357,1.0146344737130863,0.6628118517368925,0.7843814643650157,2.6425629256547456,1.500421335989366,1.4105516167604244,2.281285356879484,0.9467686832385387,FAR
760,779,769,test,20,False,0.5999851114396976,0.7745870586575131,1.0562035244781631,0.6200316166032644,0.7334033899904954,2.417806494628278,1.4052810754743155,1.3154235509519372,2.2997821313767557,0.9468314526989441,FAR
761,780,770,test,20,False,0.6718261251702263,0.819650001628882,1.1089388478061344,0.6537441587103229,0.7728453110255,2.417806494628278,1.4704261800785223,1.3802058140813096,2.2820455924816274,0.942896735789218,FAR
762,781,771,test,20,False,0.6691030261781719,0.8179871797150441,1.1290440006437412,0.6533630859131117,0.7714353534008564,2.417806494628278,1.4707205107733683,1.3763093528043289,2.283365575389315,0.9430897849396556,FAR
763,782,772,test,20,False,0.6774251275827698,0.8230583986466391,1.14723538342974,0.6564843805638196,0.7765748377352863,2.417806494628278,1.4856597942223317,1.3900797841419914,2.2948089532006986,0.9435233745408759,FAR
764,783,773,test,20,False,0.6958599113129781,0.8341821811289055,1.1459560338984645,0.667202092099465,0.7874240475057618,2.417806494628278,1.517680017747168,1.4213841829515599,2.3091693716976205,0.9439473358686881,FAR
765,784,774,test,20,False,0.7444991594581062,0.8628436471679595,1.2498604043629977,0.6881562908219425,0.813225059907824,2.417806494628278,1.5697922617129894,1.4708879809095627,2.317166810912222,0.9424941153324886,FAR
766,785,775,test,20,False,0.7245862445989958,0.8512263180840897,1.243795992164592,0.6734063932984992,0.8033504783757299,2.417806494628278,1.5788761315269813,1.4819026331263516,2.3692781504684324,0.9437566265383841,FAR
767,786,776,test,20,False,0.6823513699990278,0.8260456222261745,1.1990980980399963,0.6526564586719076,0.7765872289958831,2.413186232037027,1.5068744938563248,1.4162465232822137,2.3376568379835043,0.9401263176033762,FAR
768,787,777,test,20,False,0.700973689308997,0.8372417149837894,1.196614870075306,0.6615661307493454,0.7919260728019657,2.413186232037027,1.5478850676939684,1.4539326392961662,2.374959398749433,0.9458750784022973,FAR
769,788,778,test,20,False,0.7255009737513148,0.8517634494102895,1.2059204123831821,0.6771535173489155,0.8067607017211568,2.413186232037027,1.5785631165945955,1.4773595462925941,2.3718119293303688,0.9471652044704548,FAR
770,789,779,test,20,False,0.7309414716195712,0.8549511515984825,1.2228833954226719,0.678706206185335,0.8114869999135111,2.413186232037027,1.5985456358561663,1.4964681836069142,2.406481080259906,0.9491618303528717,FAR
771,790,780,test,20,False,0.6923844593814191,0.8320964243291874,1.1898150453764822,0.6551184774641859,0.7850140557884822,2.413186232037027,1.5529321906716658,1.4527890386732794,2.4257012983097592,0.9434171723803985,FAR
772,791,781,test,20,False,0.6950494099678781,0.8336962336294186,1.1768414033469754,0.6575546253629269,0.787830532282353,2.413186232037027,1.5713257923525057,1.4672833491352375,2.4571796446935914,0.9449851162846286,FAR
773,792,782,test,20,False,0.7061420252218921,0.8403225721244741,1.1780831305401198,0.6667960043593506,0.8012419306477689,2.413186232037027,1.6027587284506293,1.4951815481785942,2.470836492261478,0.9534932860628712,FAR
774,793,783,test,20,False,0.7016544135711685,0.8376481442534022,1.1809340201334981,0.66632903936412,0.7980090735883331,2.413186232037027,1.5832709069920776,1.4746978513799693,2.439694625276878,0.9526781370710258,FAR
775,794,784,test,20,False,0.6616961198039781,0.8134470602343942,1.126885202513033,0.651865869009352,0.7781250701491628,2.413186232037027,1.5462442261011138,1.4395015482325504,2.4360036283145137,0.9565773953684786,FAR
776,795,785,test,20,False,0.6390022041233355,0.7993761343218445,1.1307058326104613,0.6375236580315604,0.7617552371809259,2.413186232037027,1.5090294621970421,1.4016176797718674,2.43066119313271,0.952937177474238,FAR
777,796,786,test,20,False,0.6416187719911665,0.8010110935506239,1.1671234925330585,0.6412939231977529,0.7633359442267713,2.413186232037027,1.5114198700828865,1.4067978057432255,2.418934432121862,0.9529655086837177,FAR
778,797,787,test,20,False,0.618300710506486,0.7863209971166267,1.2208129891174346,0.625204098867561,0.7447850752849019,2.413186232037027,1.483290536175929,1.3768623742194657,2.437276619363494,0.9471768883394522,FAR
779,798,788,test,20,False,0.6007698203212203,0.7750934268339658,1.3200413036430907,0.6096555645920365,0.7282929111878439,2.413186232037027,1.4624120536939453,1.3532157357658128,2.457787026699356,0.9396195167887198,FAR
780,799,789,test,20,False,0.6241935790076445,0.7900592250000278,1.291254217459947,0.6290251473482317,0.749571322800481,2.413186232037027,1.4865278496065109,1.3820976152368094,2.4147521696990206,0.9487533327649641,FAR
781,800,790,test,20,False,0.5801936951050799,0.76170446703763,1.3341455396974102,0.609846549923735,0.7296847789804487,2.2675716013649794,1.4569171520662463,1.3537574756796227,2.431016981526361,0.9579631084720954,FAR
782,801,791,test,20,False,0.5599814147004838,0.7483190594261807,1.2433188259115535,0.5971276955651127,0.7175053814846408,2.2675716013649794,1.4510084065800486,1.34825532851399,2.4678743289639593,0.958822807526554,FAR
783,802,792,test,20,False,0.5538622972796523,0.7442192534997011,1.341138866101782,0.5939792856654174,0.7137917982902797,2.2675716013649794,1.436427749426408,1.3337201414096054,2.4570358313072242,0.9591149314313815,FAR
784,803,793,test,20,False,0.5248551364938773,0.7244688650962698,1.3094936027323703,0.5721540234051774,0.6949470682109196,2.2675716013649794,1.4100670426683188,1.305576547046915,2.502810015261214,0.9592504270263881,FAR
785,804,794,test,20,False,0.46608369910525915,0.6827032291598298,1.2722875331399128,0.5408148984372908,0.6607048415692741,2.026621557617295,1.3677252523702275,1.259580192938126,2.5792795924602916,0.9677775252101442,FAR
786,805,795,test,20,False,0.45610449296431,0.6753550865761729,1.1687659647656352,0.5382184287552876,0.6548409783190406,1.8362314259224308,1.3466723329629153,1.241688740850724,2.5583847023889947,0.9696247075577205,FAR
787,806,796,test,20,False,0.4883846754078567,0.698845244247864,1.2159292581613115,0.5592890208970158,0.676662776688891,1.8362314259224308,1.371239992510866,1.2677146059150823,2.5349626447491644,0.9682583980622963,FAR
788,807,797,test,20,False,0.47416423813149233,0.6885958452760896,1.1438294751117266,0.5551871778145486,0.6657448095066523,1.8362314259224308,1.3327205702357579,1.2322506396457196,2.4815281931064677,0.9668150252049875,FAR
789,808,798,test,20,False,0.45184016104356317,0.6721905689933199,1.1009961525276568,0.5415920231717662,0.6524970203445223,1.8209722812317373,1.3119200599850707,1.2142739958561548,2.4938658989693114,0.9707024323797179,FAR
790,809,799,test,20,False,0.47772913548184237,0.6911795247848727,1.1096236204088803,0.5555745171505259,0.6689397612448934,2.1159684156025733,1.349100252884913,1.2455773709883475,2.4900874005339917,0.967823463018669,FAR
791,810,800,test,20,False,0.5193468953526532,0.7206572662178973,1.151739747976684,0.5790975603206826,0.6969307167118735,2.197181161383347,1.4099655040851118,1.300510453526733,2.489107750535907,0.9670765138738643,FAR
792,811,801,test,20,False,0.5573427792802115,0.7465539359485097,1.1002822643018424,0.6025683470793984,0.7221462997663879,2.197181161383347,1.431152166853233,1.3256087816917292,2.4375456669016193,0.967306265486215,FAR
793,812,802,test,20,False,0.5846014569882962,0.7645923469328583,1.0481286770584284,0.6199700097371577,0.7407279804463531,2.197181161383347,1.465858161209488,1.360935571572305,2.4124486845437536,0.9687881175083214,FAR
794,813,803,test,20,False,0.5701686139026427,0.7550951025550641,0.9944524534180404,0.6064036862206963,0.7269567633466754,2.197181161383347,1.4458448451302062,1.34447376069672,2.4399301553345425,0.9627353705338901,FAR
795,814,804,test,20,False,0.6367834760729755,0.7979871402929846,1.0095968367599475,0.6369383677456837,0.7570485167377973,2.4390263787290802,1.490539071700303,1.3866734431190475,2.419565050694831,0.9486976399893405,FAR
796,815,805,test,20,False,0.6628745353635753,0.8141710725416221,0.9963110407361649,0.6537540903876365,0.7753568149263066,2.4390263787290802,1.5212059087845957,1.417848945353896,2.4086200090018055,0.9523266560009951,FAR
797,816,806,test,20,False,0.6398509845721363,0.7999068599356655,1.0042301671857043,0.6400292004329269,0.7582316112276505,2.4390263787290802,1.4847073762240983,1.378945855508051,2.4054237847705258,0.9478998733535466,FAR
798,817,807,test,20,False,0.6380333263830005,0.7987698832473596,1.0150125922869446,0.6383136499187907,0.7560749977151449,2.4390263787290802,1.4796389538132035,1.3770171781618457,2.4032744088095033,0.9465492046862848,FAR
799,818,808,test,20,False,0.650243004662754,0.8063764658413302,1.0174222073043344,0.6455009012405072,0.768510405092683,2.4390263787290802,1.5085047632164548,1.4092886760256698,2.4320840595438433,0.9530417089874519,FAR
800,819,809,test,20,False,0.6385227414303829,0.7990761799918596,1.0695107753384818,0.6371718564020218,0.7598490239543184,2.4390263787290802,1.502346446867699,1.4012829158720792,2.4508435150647614,0.9509093663160616,FAR
801,820,810,test,20,False,0.6156798832218587,0.7846527150414117,1.0002742730435117,0.6252650792992563,0.7447495552143707,2.4390263787290802,1.4741308638030906,1.3746470488447193,2.4537362784286354,0.9491454511504048,FAR
802,821,811,test,20,False,0.6140883904928854,0.7836379205301932,0.9961229751426375,0.6257926140703736,0.7436071531205913,2.4390263787290802,1.4637896073406103,1.3639067113562178,2.433712608922578,0.9489167556075925,FAR
803,822,812,test,20,False,0.6045857785720681,0.7775511420942471,0.970098004619528,0.6181560204026493,0.7370157453834341,2.4390263787290802,1.4617732889363741,1.3620163899540239,2.459466097557489,0.9478678706565391,FAR
804,823,813,test,20,False,0.6380545834907724,0.7987831892890412,0.9338659278984187,0.6382179941742637,0.7581349040900502,2.4390263787290802,1.4924003326287492,1.3934120465008353,2.4232909889005114,0.9491122425408448,FAR
805,824,814,test,20,False,0.670714338200682,0.8189715124475833,0.9845859941753194,0.6580218688340346,0.78028469202097,2.4390263787290802,1.5313195394305503,1.434876578441144,2.376284435452187,0.9527617019168424,FAR
806,825,815,test,20,False,0.6986579286722163,0.8358576007145094,0.9891064855780523,0.6730262693575266,0.795135961659578,2.4390263787290802,1.5698504399151532,1.4689633239660067,2.3776838937499134,0.951281607034354,FAR
807,826,816,test,20,False,0.6922774319822538,0.8320321099466377,0.898379563159345,0.6692853604852296,0.791680682221126,2.4390263787290802,1.5633176724578206,1.4604740307853725,2.3773443955603737,0.9515025595248967,FAR
808,827,817,test,20,False,0.7195332025854703,0.848253029812137,0.8697102391214577,0.6830065813435166,0.8103746279296591,2.4390263787290802,1.6132315122970102,1.5076611117025442,2.4090038362516544,0.955345397480199,FAR
809,828,818,test,20,False,0.8101523391356535,0.9000846288742262,0.9469616785452722,0.7190948329188251,0.8509724545322903,2.835045193837221,1.683972710943437,1.5768173893090547,2.3989824078852915,0.9454360481598685,FAR
810,829,819,test,20,False,0.8316762182324368,0.9119628381860945,0.8824893316189679,0.7270377356293412,0.8611849718834617,2.835045193837221,1.6876741006969627,1.5853687611796456,2.378879611982808,0.944320246202542,FAR
811,830,820,test,20,False,0.8217947865088512,0.9065289772030738,0.8939303405028615,0.7268275458438431,0.8561046528406925,2.835045193837221,1.6481182759506101,1.5533523160220672,2.3324341126745103,0.9443764891907194,FAR
812,831,821,test,20,False,0.792531617633728,0.890242448793433,0.8778270009095187,0.7111880174088075,0.8384571292932618,2.835045193837221,1.6362851596014543,1.5347980574588331,2.361356589556058,0.9418300940711634,FAR
813,832,822,test,20,False,0.8152811658197081,0.9029292141799977,0.8924106554060076,0.723967222803583,0.8495031749372817,2.835045193837221,1.6369632159723444,1.5362772894717398,2.32933842766928,0.9408303127158918,FAR
814,833,823,test,20,False,0.8338982231692024,0.9131802796650847,0.8817579624880655,0.7389066102788435,0.8662978064160589,2.835045193837221,1.6582230692787132,1.557695255354308,2.2991604942173134,0.9486602215433076,FAR
815,834,824,test,20,False,0.7590881029151977,0.8712566228816845,0.8198696774250352,0.7054749076721352,0.8307528181947832,2.835045193837221,1.5957301940892283,1.4982718509115158,2.3013234220079344,0.9535110510231362,FAR
816,835,825,test,20,False,0.7348481408487986,0.8572328393434299,0.8300329216774314,0.6899195247875245,0.8141384127641379,2.835045193837221,1.5762262267998721,1.4794234531932864,2.330149277999266,0.9497284464600089,FAR
817,836,826,test,20,False,0.7996054586900905,0.894206608502806,0.8491583364233736,0.7231364861735134,0.8512616810985622,2.835045193837221,1.6180878443653413,1.5265005872695308,2.292269975298015,0.951974267472539,FAR
818,837,827,test,20,False,0.8187410677592712,0.904843117760903,0.8517435639456986,0.7360713673030788,0.8680996381747198,2.835045193837221,1.6508938133459552,1.5565200485234019,2.2932249981127075,0.9593924307264363,FAR
819,838,828,test,20,False,0.8216500160458764,0.9064491249076676,0.8376128914066981,0.7427802061515376,0.8703791180749747,2.835045193837221,1.6439793015974549,1.5486893180925676,2.250601964132287,0.9602073565503557,FAR
820,839,829,test,20,False,0.8522284810812494,0.9231622181833751,0.8603995761551937,0.7555561913831828,0.8898611136636305,2.835045193837221,1.6954214731585804,1.5964859801850537,2.2813031941259387,0.9639271366788869,FAR
821,840,830,test,20,False,0.9060589889693107,0.9518713090377873,0.8722764819421057,0.78292064444896,0.9196556188838401,2.835045193837221,1.735059149590592,1.6363647731667448,2.252405487744565,0.9661554142371274,FAR
822,841,831,test,20,False,0.9633129218278015,0.9814850594012124,0.8325473312760587,0.8095117301051035,0.9489302164205811,2.835045193837221,1.7781124666946417,1.6839641984913585,2.2318613076076574,0.9668310356140393,FAR
823,842,832,test,20,False,0.9644095914038244,0.9820435791775355,0.8410900177405327,0.8102841571817023,0.9497570337281267,2.835045193837221,1.7713426159890613,1.6780911082932441,2.21586083249606,0.9671231031555149,FAR
824,843,833,test,20,False,0.9354877348538209,0.9672061490984334,0.8695520963485126,0.7980905112435781,0.9323167696350236,2.835045193837221,1.7285287511951601,1.6380795471111624,2.1908550512543705,0.9639276699223518,FAR
825,844,834,test,20,False,0.9491096795701808,0.9742226026787619,0.8353504217264169,0.8111685453065242,0.9389604400566174,2.835045193837221,1.694907362834499,1.6086802164835106,2.122114453552319,0.9638048198376981,FAR
826,845,835,test,20,False,0.8926498990516121,0.9448015130447305,0.8007560105049804,0.7739110289736003,0.8964713014008991,2.835045193837221,1.5990488145080486,1.519067618350609,2.110099854086214,0.948846174591654,FAR
827,846,836,test,20,False,0.9261833074646246,0.9623841787273025,0.8578610674853638,0.7844407918175995,0.9124603804810654,2.835045193837221,1.6461507547930179,1.561483826141328,2.1392532983813495,0.9481248763749852,FAR
828,847,837,test,20,False,0.917206533410124,0.9577090024689775,0.9477817288727043,0.780341159714103,0.9072654271426753,2.835045193837221,1.6443952939579494,1.558883215142726,2.1515490339294585,0.9473289118132351,FAR
829,848,838,test,20,False,0.822509926682085,0.9069233301013294,0.9137390794528663,0.7430987332625553,0.8636699186361089,2.3351791251365746,1.5571981386892473,1.4773853902950402,2.138096549988888,0.9523075324786409,FAR
830,849,839,test,20,False,0.8499903615462259,0.9219492185289957,0.9824438659903578,0.7535765086419226,0.8745353702186305,2.3351791251365746,1.5615987571081058,1.4842013568240815,2.119817657756522,0.9485721693153384,FAR
831,850,840,test,20,False,0.8399195392176189,0.9164712429845352,0.9102093566789715,0.7485512323332292,0.8687032753273607,2.3351791251365746,1.548540133805096,1.4713901132916138,2.113534396373882,0.9478783780475034,FAR
832,851,841,test,20,False,0.8252047976328024,0.9084078366200956,0.8803126584643345,0.7350595834967647,0.8542121167594537,2.3351791251365746,1.5163010681173947,1.444754370575573,2.1134976731985944,0.9403398807497221,FAR
833,852,842,test,20,False,0.7767767173984825,0.8813493730629656,0.8588529890986567,0.7079410845403373,0.8259908878562803,2.3351791251365746,1.48019878777503,1.4111412452955985,2.148782226065813,0.9371889435692258,FAR
834,853,843,test,20,False,0.7794541500623663,0.8828670058748183,0.881698187234339,0.710498186290622,0.82779926437582,2.3351791251365746,1.489315516576131,1.4154127460784738,2.154598641436487,0.9376262323401332,FAR
835,854,844,test,20,False,0.7645440583478202,0.8743821008848592,0.8966475402787061,0.6981300680900622,0.814602435205334,2.3351791251365746,1.4750948675878806,1.3982099703643487,2.1820158671141554,0.9316321026939718,FAR
836,855,845,test,20,False,0.8277502393008218,0.9098078034952337,0.9051573455079146,0.7283408205491927,0.849313739609688,2.3351791251365746,1.5199811691672496,1.4432525950901498,2.1480278261292822,0.9335089634831181,FAR
837,856,846,test,20,False,0.775546117639552,0.8806509624360561,0.876859653147151,0.705101731367425,0.822569320818244,2.3351791251365746,1.4933299338889223,1.4144147166494163,2.1702511028183396,0.934046921998306,FAR
838,857,847,test,20,False,0.7934703691454952,0.8907695376164899,0.8466157098324162,0.7153293011952091,0.8332014431462396,2.3351791251365746,1.5055969239917468,1.4254852214910214,2.1534265684435097,0.9353726277794701,FAR
839,858,848,test,20,False,0.7938941077745143,0.8910073556231252,0.8807039261075948,0.7138536678699259,0.8335204955068454,2.3351791251365746,1.5162404908186566,1.4335691507295565,2.1772094093661134,0.9354810487775642,FAR
840,859,849,test,20,False,0.7659598024100999,0.8751912947522387,0.8340452225743512,0.7030442155632837,0.8162002265625977,2.3351791251365746,1.4682330881501462,1.3910629986669103,2.1447381039479607,0.9325963723092778,FAR
841,860,850,test,20,False,0.7179240957805061,0.8473040161479858,0.8041575372338204,0.6777719307549155,0.7908633034304918,2.3351791251365746,1.437847609546307,1.3572862328056714,2.1809656565594153,0.9333878848183857,FAR
842,861,851,test,20,False,0.6607372915188024,0.8128574853680087,0.831271737100582,0.651448841319987,0.7616376604930555,2.280510388726912,1.3882562869136326,1.3057578604200413,2.1894598765076076,0.9369879397102872,FAR
843,862,852,test,20,False,0.6519128781893176,0.8074112200046006,0.823709170237494,0.6443896373932488,0.7542547801033332,2.280510388726912,1.37960853175423,1.2978213958623965,2.207323036240714,0.9341643532016255,FAR
844,863,853,test,20,False,0.6552333525586559,0.8094648556661715,0.8286389861394127,0.6446187123608976,0.7566991447328981,2.280510388726912,1.3944622580188268,1.3085817446193928,2.231668205935464,0.9348140804830266,FAR
845,864,854,test,20,False,0.6198176018295596,0.7872849559273691,0.8454854716613032,0.6240705989184041,0.7368786936776545,2.280510388726912,1.3837023951295961,1.2949767982831415,2.263280607638891,0.9359745643934737,FAR
846,865,855,test,20,False,0.672580660682839,0.8201101515545574,0.9324129438039392,0.6621733232106243,0.7776436996846909,2.280510388726912,1.4413230648829265,1.3503555205142947,2.2334526367531944,0.9482185999168901,FAR
847,866,856,test,20,False,0.6288867502954774,0.7930238018467525,0.879050276733867,0.6404877464850693,0.7555141519291594,2.278008579050259,1.4094559918920433,1.3205899554570812,2.2626240991685385,0.9527004740207765,FAR
848,867,857,test,20,False,0.6600144181957034,0.8124127142011648,0.8805274391034916,0.6583353254782367,0.7715240346926671,2.278008579050259,1.4039413738479152,1.316785040445132,2.2105885834062784,0.949670064495848,FAR
849,868,858,test,20,False,0.665786032199305,0.8159571264467913,0.8371171974365745,0.6603517583105203,0.7756952454861896,2.278008579050259,1.4105778044751398,1.3213990706221153,2.215191257302117,0.95065686706368,FAR
850,869,859,test,20,False,0.6325533361241753,0.7953322174564383,0.7537849910426162,0.646909100087868,0.7622856318075388,2.485880794436802,1.420971415244467,1.3261196916609612,2.2589485153853888,0.9584493310800534,FAR
851,870,860,test,20,False,0.6175317414597454,0.7858318786227404,0.754347584542976,0.6363235810500607,0.7515155282217394,2.485880794436802,1.4156909400323778,1.3195201505555523,2.2800049774487503,0.9563311805813423,FAR
852,871,861,test,20,False,0.6476367026828311,0.8047587854027014,0.7876996517240507,0.6594472536809997,0.7762042634014841,2.485880794436802,1.45542234996541,1.355607847950116,2.2596902138397965,0.9645179120512134,FAR
853,872,862,test,20,False,0.6616387865297308,0.8134118185333495,0.7615426576108073,0.6705461255463661,0.7865163441276346,2.485880794436802,1.4623334252880302,1.3613265876881477,2.2270583764365757,0.9669349844778383,FAR
854,873,863,test,20,False,0.646021342448732,0.8037545287267326,0.7484966346127542,0.6578694971901738,0.7742286946293132,2.485880794436802,1.454405473892709,1.3530354826169346,2.2749118979686496,0.963265110127351,FAR
855,874,864,test,20,False,0.663657763447089,0.8146519277870083,0.7447539534637198,0.6708187921839458,0.7893295953607543,2.485880794436802,1.4790176590064668,1.3779538214419278,2.2624051380911996,0.9689163781947441,FAR
856,875,865,test,20,False,0.5983091231362114,0.7735044428677907,0.6911672075848359,0.6408300858290185,0.752647805272225,2.485880794436802,1.4226056669326355,1.3214646237669243,2.270313937402155,0.9730361760842132,FAR
857,876,866,test,20,False,0.6005586036351233,0.7749571624516566,0.7496456590456974,0.6394983889918174,0.7542011616097718,2.485880794436802,1.425816370988254,1.323691515416106,2.2806250714537843,0.97321658299638,FAR
858,877,867,test,20,False,0.57859566309162,0.7606547594616233,0.8175071841923638,0.6288054420575058,0.7407172191393843,2.485880794436802,1.400766129339269,1.3023090239800537,2.2775547192537977,0.9737889757814039,FAR
859,878,868,test,20,False,0.5819648420367074,0.7628662019231861,0.8383124575023911,0.63158922311677,0.7431529827988347,2.485880794436802,1.401097923776929,1.30438089788937,2.2674603604859547,0.9741590083888179,FAR
860,879,869,test,20,False,0.5849999430882858,0.7648528898345655,0.90440030892199,0.6338358655893946,0.7454651788164134,2.485880794436802,1.4167432580460806,1.3151761980576648,2.2860168680502415,0.974651712406623,FAR
861,880,870,test,20,False,0.5769118557583781,0.7595471386019291,0.9065713651440322,0.6324462950973118,0.7390503520054784,2.485880794436802,1.3914840374838435,1.2924607832055588,2.243609737492812,0.9730144640737132,FAR
862,881,871,test,20,False,0.5699923736483751,0.7549783928354341,0.8982805779313547,0.6254326157572124,0.7335700751806299,2.485880794436802,1.3904548917071469,1.2928828533208356,2.275795060434727,0.9716438008584563,FAR
863,882,872,test,20,False,0.5634557662100135,0.7506369070396243,0.886083138327846,0.6216112250913688,0.7263295930221624,2.485880794436802,1.3760028456201812,1.2783218395763305,2.262211549459167,0.9676177472896643,FAR
864,883,873,test,20,False,0.5642661555125715,0.7511765142179111,0.875994592375488,0.622984775620658,0.7269007999131665,2.485880794436802,1.3775312655114553,1.280084163647024,2.2596040002049174,0.967683076021061,FAR
865,884,874,test,20,False,0.5500367834402498,0.7416446476852979,0.8934761986649085,0.6093330966262255,0.7144298390384232,2.485880794436802,1.3669428085586008,1.2675931668171603,2.3119938828895963,0.9633047865553763,FAR
866,885,875,test,20,False,0.5414782289685381,0.7358520428513725,0.830425685909947,0.5993128502139238,0.7102035961297756,2.485880794436802,1.3959214494947658,1.2925391574503324,2.3718287730770533,0.9651445600093586,FAR
867,886,876,test,20,False,0.5293995546213023,0.7275984844825492,0.791258580580489,0.5962276227589186,0.7012787202288187,2.485880794436802,1.3586517110370409,1.2596256100846106,2.3167833617388105,0.9638265268344415,FAR
868,887,877,test,20,False,0.5524266485873743,0.7432540942284639,0.8593937875471589,0.6055264545768441,0.7106688045426275,2.485880794436802,1.3725119894176205,1.276607998602928,2.315214169918612,0.956158613939878,FAR
869,888,878,test,20,False,0.5580527307926855,0.747029270372109,0.9486255601334669,0.6054394972569705,0.7143217229721707,2.485880794436802,1.3980161498405665,1.3000828888538647,2.3562883754017068,0.95621651159178,FAR
870,889,879,test,20,False,0.6037774812403954,0.7770311970831,0.9910318802575496,0.623939626066167,0.7321383177664704,2.605043262455342,1.4039742732414935,1.3106161390792956,2.317522336804978,0.942225126243125,FAR
871,890,880,test,20,False,0.5995545811489209,0.7743090992290617,0.9422184826522144,0.6203209534837,0.7283089237870068,2.605043262455342,1.4036324963818443,1.3075759162687541,2.3324260048900927,0.9405919735570009,FAR
872,891,881,test,20,False,0.5839506622757205,0.7641666456184282,0.8757033724535203,0.6063201608744785,0.7179472117995176,2.605043262455342,1.4071212524581704,1.3084845835038736,2.397175219800545,0.9395165516789782,FAR
873,892,882,test,20,False,0.626336772519686,0.791414412630757,0.8968487369279081,0.6271061355502389,0.7392461854383691,2.605043262455342,1.4314074240444583,1.334115109323492,2.3817029905662683,0.9340822881668601,FAR
874,893,883,test,20,False,0.6898351762954683,0.8305631681548781,0.9504784439802181,0.6588488450893638,0.775517358420285,2.605043262455342,1.4873081438066813,1.3933543519428997,2.340118636915198,0.9337247161382329,FAR
875,894,884,test,20,False,0.6868402807672009,0.828758276439639,0.9733705457030317,0.6570569852082526,0.7734200592534013,2.605043262455342,1.493438264193708,1.3996546776522751,2.357489432260291,0.9332275540897502,FAR
876,895,885,test,20,False,0.6964422364738125,0.8345311476954066,1.0008831941284884,0.6619911479454361,0.7813754609366856,2.605043262455342,1.5098876874023524,1.4148692308196458,2.367751452824186,0.9363047300205479,FAR
877,896,886,test,20,False,0.7178469140160064,0.847258469427132,0.9576937193170251,0.6690079211919315,0.7937690231252292,2.605043262455342,1.552297087908633,1.4507723388441447,2.402685671552105,0.9368676168701279,FAR
878,897,887,test,20,False,0.707594060725239,0.8411861035022149,0.9481373798554994,0.6597885986420918,0.7851262115501534,2.605043262455342,1.5525385252063857,1.4483971246996488,2.452079052819313,0.9333561363904368,FAR
879,898,888,test,20,False,0.7140632658255749,0.8450226421969856,0.9285669374882884,0.6608555087870609,0.7893901059628381,2.605043262455342,1.5549095979180882,1.451940329537482,2.452169026845384,0.9341644431094678,FAR
880,899,889,test,20,False,0.7314650912783924,0.8552573245979204,0.9680826081982697,0.6708961961099364,0.8004090063122804,2.605043262455342,1.559217382115032,1.4609222362025645,2.424665034194107,0.9358692212178065,FAR
881,900,890,test,20,False,0.7837439885699853,0.8852931653243378,0.988827939379826,0.6936050633263696,0.8305385547817636,2.605043262455342,1.6412114101006001,1.5389039180037698,2.466344593024813,0.9381508717256231,FAR
882,901,891,test,20,False,0.7949289684704056,0.8915878916127146,0.9581143206933284,0.701011510541027,0.8389979406964617,2.605043262455342,1.6494790941997568,1.5473839346071983,2.4446520177979876,0.9410154047503634,FAR
883,902,892,test,20,False,0.7983080782713723,0.8934808773954663,0.9365591751844553,0.7038809008256391,0.8430275558282505,2.605043262455342,1.654275134656239,1.5537266567365275,2.439708702721333,0.9435317276019501,FAR
884,903,893,test,20,False,0.7811886711038329,0.8838487829396118,0.9426126352516401,0.6887331826118587,0.8278253189155975,2.605043262455342,1.633950174618794,1.5337075775077442,2.482481492209284,0.9366141979200507,FAR
885,904,894,test,20,False,0.8065043291717858,0.898055860830375,0.9524705494852561,0.7082500588485914,0.8475191905278168,2.605043262455342,1.6581046068806642,1.5610943533213661,2.431692004772178,0.9437265848297786,FAR
886,905,895,test,20,False,0.7983904122149349,0.8935269510288623,0.9429300908674809,0.7070497842382647,0.8431403821900177,2.605043262455342,1.6449245176362832,1.549799331636499,2.41853367311232,0.943609346331606,FAR
887,906,896,test,20,False,0.7955798867897959,0.8919528500934317,0.9259844128751419,0.7042386229127532,0.8406419265081088,2.605043262455342,1.6469598649589272,1.5516884428032205,2.4334775360666456,0.9424735022933688,FAR
888,907,897,test,20,False,0.7687488648027838,0.8767832484729529,0.916594921708076,0.6930163986239454,0.8295463245020123,2.605043262455342,1.6376602662730924,1.5411501691324623,2.442819780728862,0.9461247417155715,FAR
889,908,898,test,20,False,0.7426846082049667,0.8617915108684737,0.9021476594735032,0.6761492178679858,0.8071973595929887,2.605043262455342,1.5863208781318607,1.4948102124172264,2.4270054456500336,0.9366503956154459,FAR
890,909,899,test,20,False,0.691824744107602,0.8317600279573442,0.8698409576281454,0.6620692073009611,0.7870062460068692,2.576400724969634,1.5458184233095147,1.4551986445543634,2.4157645260531604,0.9461938775052916,FAR
891,910,900,test,20,False,0.7504110885381018,0.8662627133486133,0.8532989031213067,0.6917834739572722,0.8212473648869322,2.576400724969634,1.589859460838195,1.5005918640803306,2.393526190078187,0.9480349924243301,FAR
892,911,901,test,20,False,0.7383761131071974,0.8592881432367128,0.8723257871696203,0.6853264169751279,0.8100491462133027,2.576400724969634,1.5587469812404038,1.4734938867182703,2.3653457404478724,0.9426979210513254,FAR
893,912,902,test,20,False,0.6965401987525903,0.8345898386348771,0.8400169502374552,0.6625098916659875,0.7891003752023645,2.576400724969634,1.5427836642206678,1.4538236047649133,2.399951268329818,0.9454948271273961,FAR
894,913,903,test,20,False,0.6339032392783246,0.7961804062386393,0.8044426894913024,0.6332245164427455,0.7536561049969437,2.576400724969634,1.4712725900277683,1.3834624757065401,2.39077211515951,0.9465896159859154,FAR
895,914,904,test,20,False,0.6259343611517294,0.7911601362251067,0.7809442377114305,0.62839623184016,0.7473290372204665,2.576400724969634,1.4581369385523906,1.3680083401421854,2.3895563120509,0.9445989541210036,FAR
896,915,905,test,20,False,0.7516599736848962,0.8669832603256514,0.8622646015237456,0.6685164241506962,0.7995056930309363,3.798221338979224,1.5813572730146048,1.4836074645797424,2.41024013955,0.9221696999439533,FAR
897,916,906,test,20,False,0.7947346237977779,0.8914788970008084,0.9486653422392308,0.688444506065909,0.8178925380906646,3.798221338979224,1.5857107966059902,1.4958086364883783,2.3597196924473858,0.9174558599673988,FAR
898,917,907,test,20,False,0.8104524861777314,0.9002513461127016,1.0044012829722693,0.7015305732453243,0.8303429362516503,3.798221338979224,1.5977295207143158,1.5046718165636075,2.316508510669641,0.9223456758349579,FAR
899,918,908,test,20,False,0.79443084277193,0.8913085003364043,1.0369539432147232,0.6943328149507908,0.8186337809239255,3.798221338979224,1.5826317406763557,1.488357466913128,2.3175554840405015,0.9184628898018482,FAR
900,919,909,test,20,False,0.7785205820696924,0.8823381336368118,1.028981123358396,0.6856600017260289,0.808695331855351,3.798221338979224,1.5789423407066843,1.4798196193659412,2.3402907307210445,0.9165367573110315,FAR
901,920,910,test,20,False,0.7997934153740622,0.8943116992268759,1.0257629007765026,0.696720119371144,0.8171793256029247,3.798221338979224,1.5531821689866425,1.458277434429467,2.293454328328994,0.9137522480242276,FAR
902,921,911,test,20,False,0.8000088804019209,0.89443215528173,1.041055122448982,0.6953377499543555,0.8173235198517851,3.798221338979224,1.5552159538066612,1.458171891658529,2.3028465384750323,0.9137904032467871,FAR
903,922,912,test,20,False,0.8213993120757325,0.9063108253109042,1.042657960450118,0.7113044176492727,0.8343139460411833,3.798221338979224,1.5835732539672427,1.4848981605701013,2.2923725442827694,0.9205604994897608,FAR
904,923,913,test,20,False,0.8805514013435113,0.9383770038441432,0.9743477554787259,0.7480517128713923,0.8718998413203017,3.798221338979224,1.6301193107653078,1.5273271210304233,2.228570297837569,0.9291572979180948,FAR
905,924,914,test,20,False,0.9421400177101917,0.9706389739291287,0.9464268641332854,0.7664485400205581,0.8995011849694261,3.798221338979224,1.6807442753240138,1.5748212990501593,2.2386860551080185,0.9267103517678277,FAR
906,925,915,test,20,False,0.9279807622937859,0.963317581223236,0.9345345527624357,0.7578407502771597,0.8905790316178106,3.798221338979224,1.6651114959833522,1.5589680292687522,2.2506312854100265,0.9244916203926634,FAR
907,926,916,test,20,False,0.9336367743406526,0.9662488159582151,0.9624580786419369,0.7590364448947917,0.8954070549954476,3.798221338979224,1.6922197707414928,1.5788759033412112,2.3014157163935494,0.9266837280493693,FAR
908,927,917,test,20,False,0.9761915599926392,0.9880240685290208,0.9799203687890525,0.770231812141744,0.9122115513937181,3.798221338979224,1.7348097857506013,1.6201373700566806,2.31915584741101,0.9232685523054383,FAR
909,928,918,test,20,False,1.0110732952537986,1.0055214046721226,1.0048236667590125,0.7927561926496843,0.9396989435658949,3.798221338979224,1.7913687535158913,1.6719568676766297,2.320782542917845,0.9345389756991888,FAR
910,929,919,test,20,False,1.0203982382671213,1.0101476319168012,1.0762138612355348,0.7900866015082383,0.9439377894209431,3.798221338979224,1.8176030006671478,1.6938100247348964,2.355813022226779,0.9344552811847691,FAR
911,930,920,test,20,False,1.0507792588908895,1.0250752454775647,1.2401401157565624,0.7966086354383778,0.9555022371009528,3.798221338979224,1.8457366587827324,1.718680201083726,2.3695794937480636,0.9321288767009497,FAR
912,931,921,test,20,False,1.085129241515523,1.0416953688653525,1.1450101279422622,0.8207313024858195,0.9808151231187316,3.798221338979224,1.8831897005378948,1.7580433761783134,2.336082054044712,0.9415565744398636,FAR
913,932,922,test,20,False,1.294431964661584,1.1377310599001786,0.9236950480410766,0.8849118643085714,1.0510061201658223,3.798221338979224,1.968448012709025,1.8455809814370414,2.3013846311990624,0.9237737785395737,FAR
914,933,923,test,20,False,1.3111246068800615,1.1450434956280313,0.8544795322802252,0.8931703603718576,1.0637229091076201,3.798221338979224,1.9940421833524844,1.8719816934148277,2.3144133454972353,0.9289803515491708,FAR
915,934,924,test,20,False,1.3190457019140758,1.1484971492842617,0.8542731218140507,0.8994969095703411,1.0700154849595136,3.798221338979224,1.9868528574430873,1.8680960801217428,2.276250581313793,0.9316657735078772,FAR
916,935,925,test,20,False,1.1981066232920055,1.0945805695753992,0.8601628368353428,0.8631271522383448,1.0211793032315333,3.237430656866259,1.8669424338329308,1.7565908252013287,2.246846539932525,0.9329411937466245,FAR
917,936,926,test,20,False,1.1167250193492495,1.0567521087507938,0.7955057959678845,0.8250585789708893,0.9762752519047208,3.237430656866259,1.7901113279209544,1.682655994030437,2.2530623148920697,0.923845094625639,FAR
918,937,927,test,20,False,1.1265410274385796,1.0613863704789974,0.7948723254223848,0.8297246469895209,0.9822908528659502,3.237430656866259,1.7930853526129333,1.6892978280655757,2.243167168324508,0.925479052856735,FAR
919,938,928,test,20,False,1.1344411608468552,1.0651014791309115,0.7807429367870282,0.8330504886888752,0.9885629895209247,3.237430656866259,1.816243410908647,1.7106659040026777,2.2712752798111424,0.9281397208532283,FAR
920,939,929,test,20,False,1.1351641766354859,1.0654408367598296,0.7873454143003213,0.8305153801124183,0.9890749137820871,3.237430656866259,1.8269815670596201,1.715894848695683,2.301916886683197,0.9283245766982398,FAR
921,940,930,test,20,False,1.110520289693814,1.053812264919048,0.7469038206032395,0.8205544863218297,0.9791306556318133,3.237430656866259,1.829448368237593,1.718616465420828,2.3220749982743905,0.9291319604322772,FAR
922,941,931,test,20,False,1.1175943116327145,1.057163332523747,0.719785884363864,0.8261961519821883,0.9835899914208357,3.237430656866259,1.8429833050061124,1.7340081884298382,2.3200715469852,0.930404944213047,FAR
923,942,932,test,20,False,1.1153549071233537,1.05610364411991,0.7140188043507654,0.8215584505302855,0.9821638511310787,3.237430656866259,1.8473156778056439,1.7345381829609618,2.342472796204011,0.929988128153418,FAR
924,943,933,test,20,False,1.0963235377872658,1.0470546966549865,0.7121530858858632,0.8102973827189264,0.973305163875013,3.237430656866259,1.8478652361679189,1.7387015151400014,2.367883257727256,0.9295647753497689,FAR
925,944,934,test,20,False,1.0786256895748372,1.0385690586450365,0.721977750175481,0.8087230345865815,0.9666262559903324,3.237430656866259,1.833557152863446,1.7251999415983679,2.3580077685585055,0.9307289177779243,FAR
926,945,935,test,20,False,1.0659318837829574,1.0324397724724466,0.7297883924796795,0.8002960862642429,0.9560155458228943,3.237430656866259,1.800901862998795,1.6953082051744566,2.336234791471776,0.9259770606603671,FAR
927,946,936,test,20,False,1.069564779524623,1.0341976501252665,0.7285758985630295,0.805213132717339,0.9587615467229128,3.237430656866259,1.792394138693906,1.6923259983404484,2.296035432441058,0.927058330297679,FAR
928,947,937,test,20,False,1.0328956995913026,1.0163147640329262,0.7186606460534157,0.7911276928264578,0.9445745422588676,3.237430656866259,1.7594485381078484,1.6603866534969698,2.294100696403904,0.9294114143443316,FAR
929,948,938,test,20,False,1.0624865859644586,1.0307698996208894,0.7000007427715196,0.8035581968905815,0.9586620434225008,3.237430656866259,1.773108605124785,1.6748409907363822,2.2765748716452223,0.9300446625140009,FAR
930,949,939,test,20,False,1.2812029802136544,1.1319023722095711,0.7901199953264927,0.8635800288577931,1.020701452150901,3.8288228497855474,1.8485657921623844,1.750791965402718,2.238180588703691,0.9017574988895941,FAR
931,950,940,test,20,False,1.1972784708968787,1.0942022074995457,0.767178101169588,0.8316122766513716,0.9794125320541655,3.8288228497855474,1.7761287078622523,1.6838465285894089,2.228263889457348,0.8950928131394509,FAR
932,951,941,test,20,False,1.2550446814295266,1.1202877672408669,0.8315032538857813,0.8537414026347927,1.0039515653532232,3.8288228497855474,1.804342703047293,1.714368193349351,2.214965700740875,0.8961550725719647,FAR
933,952,942,test,20,False,1.1214909735474563,1.0590047089354495,1.1038490983384748,0.8205034813681487,0.9674105958854755,3.8288228497855474,1.7786054198264165,1.6868764327760193,2.2387028841181422,0.9135092485641091,FAR
934,953,943,test,20,False,1.1194362409047618,1.0580341397633453,1.2067947532301773,0.8222954537777134,0.9660766156650406,3.8288228497855474,1.7728540423016175,1.6812044070807144,2.223540800319281,0.9130864301610596,FAR
935,954,944,test,20,False,1.1319569826379143,1.0639346702866272,1.2312023830253738,0.8290164824993118,0.9741724389131262,3.8288228497855474,1.7902567730910608,1.7007512914628957,2.230530019512673,0.915631820373596,FAR
936,955,945,test,20,False,1.1581425102865728,1.0761702979949654,1.214991462639197,0.8407339143400152,0.9887852541822879,3.8288228497855474,1.8150717919851527,1.728095989482508,2.229524355449388,0.9187999854897627,FAR
937,956,946,test,20,False,1.1877432923564188,1.0898363603571037,1.2048683017960453,0.8572163793439325,1.0106775536327657,3.8288228497855474,1.866906860234213,1.7721089254544318,2.251677871730172,0.9273663371825838,FAR
938,957,947,test,20,False,1.17205551677195,1.0826151286454249,1.1826079970421435,0.8456899401209859,1.0005537607277246,3.8288228497855474,1.8696312997306215,1.7728505948365754,2.3017456752028393,0.9242007932954198,FAR
939,958,948,test,20,False,1.1613359500696099,1.0776529822116254,1.1734954317095787,0.8360632841527937,0.9916758687450263,3.8288228497855474,1.8525218823718572,1.7549386256879145,2.326990352214234,0.9202181825821596,FAR
940,959,949,test,20,False,1.233192598101046,1.1104920522457808,1.1587636235847647,0.8627435299922392,1.025808234191285,3.8288228497855474,1.8975097937120278,1.8074128167196726,2.292827356328572,0.9237420764216753,FAR
941,960,950,test,20,False,1.1889256535167294,1.0903786743680974,1.1152125236713626,0.8408921789376957,1.0009766252164352,3.8288228497855474,1.853916486280971,1.75998881511381,2.2988609759289163,0.9180082559818284,FAR
942,961,951,test,20,False,1.1615406442482823,1.077747950240817,1.1797740400565442,0.8239539119393383,0.9787192481191171,3.8288228497855474,1.798192489418886,1.7072323308781168,2.265894952903256,0.9081151561461359,FAR
943,962,952,test,20,False,1.1695471741735068,1.081456043569736,1.1476517069804537,0.8294409500958999,0.983603040157776,3.8288228497855474,1.7964060831571416,1.7116038056273841,2.244629807924637,0.9095173548718996,FAR
944,963,953,test,20,False,1.1888193783387149,1.0903299401276272,1.1878049604586152,0.841711433031169,0.9925651978440856,3.8288228497855474,1.7925455540457815,1.7101720052571032,2.214422302686393,0.9103347173314367,FAR
945,964,954,test,20,False,1.2089541446050187,1.099524508414896,1.2016519056709376,0.8512147187932635,1.0001141876548403,3.8288228497855474,1.8006798447367842,1.7172892855879733,2.20471323547813,0.9095878991334462,FAR
946,965,955,test,20,False,1.2266569175183342,1.107545447157061,1.1835201048484127,0.8657366608611969,1.014117613715373,3.8288228497855474,1.822367201060225,1.7348364990440053,2.185466382230887,0.9156442440520104,FAR
947,966,956,test,20,False,1.2611834400237005,1.123024238395459,1.1502403925361533,0.8829660040034479,1.0336419526321847,3.8288228497855474,1.8604459092620353,1.7700785582506877,2.184860006444268,0.9204092995437206,FAR
948,967,957,test,20,False,1.2147461693888089,1.102155238334786,1.1787237816259177,0.8615769156412698,1.007536743840498,3.8288228497855474,1.8192755688362212,1.72950935528421,2.1949140951993438,0.9141513906541476,FAR
949,968,958,test,20,False,1.1853677617091911,1.0887459582975227,1.273847378119645,0.8528294465831439,0.9935659193396786,3.8288228497855474,1.7897901330972101,1.700138503948589,2.1816504241208747,0.9125782849227038,FAR
950,969,959,test,20,False,0.9257510149902475,0.9621595579685562,1.100129167469263,0.7779774095440397,0.9092994231720638,2.72268499244873,1.6661279830856184,1.573730135254285,2.2037939629791556,0.9450609471592237,FAR
951,970,960,test,20,False,0.9403689715708831,0.969726235373099,1.137006332847469,0.7799905968771382,0.9196400072044508,2.72268499244873,1.7038707518173841,1.6097549544718757,2.262179906197489,0.9483501360057793,FAR
952,971,961,test,20,False,0.9059539112740052,0.9518161121109503,1.178875492724342,0.7647398159691442,0.906289588765022,2.72268499244873,1.7032398073859192,1.604420222419306,2.2893793538367926,0.9521687826391602,FAR
953,972,962,test,20,False,0.8254576310926487,0.9085469889293831,1.0378886816145052,0.7321110456945198,0.869506942915678,2.6073984042335803,1.649568419792685,1.5472900896158044,2.316422678961979,0.9570302400542768,FAR
954,973,963,test,20,False,0.840629095212245,0.9168582743326501,1.0992570535116035,0.7363017976408169,0.878468958785467,2.6073984042335803,1.6653378203191351,1.5612600677815203,2.3259506128103937,0.9581294987220076,FAR
955,974,964,test,20,False,0.8172305243241746,0.904008033329447,1.1031399085043196,0.7205588250642394,0.8613380120030373,2.6073984042335803,1.6513269789305158,1.5448214073126016,2.364346794701361,0.9527990684228139,FAR
956,975,965,test,20,False,0.7823571248830847,0.8845095391702029,1.1321926843593635,0.7037971883838301,0.8403982866102118,2.6073984042335803,1.6178454550173875,1.509238605406331,2.369805394095491,0.9501291386847294,FAR
957,976,966,test,20,False,0.779230320931232,0.8827402341183005,1.1368159895646557,0.7035422571619401,0.8386159293128832,2.6073984042335803,1.6127991980063758,1.508418433320787,2.363520346647502,0.9500143948355435,FAR
958,977,967,test,20,False,0.8142569413083777,0.9023618682703617,1.0301957387882896,0.7228205338536986,0.8586551508296842,2.6073984042335803,1.634447228281416,1.5290845847922359,2.322868244199511,0.9515640908846758,FAR
959,978,968,test,20,False,0.8202486842939678,0.9056758163349443,0.966991719006,0.7298893653138695,0.8639322262646297,2.6073984042335803,1.6393608290657546,1.5342611179963084,2.287586833095987,0.9539089050216213,FAR
960,979,969,test,20,False,0.7766983178690008,0.8813048949535006,0.8867228364913488,0.7202284698922938,0.846005444497824,2.471837851526364,1.6047280051419588,1.500442155110511,2.274755227661872,0.9599463810336158,FAR
961,980,970,test,20,False,0.8293112377602666,0.9106652720732611,0.8362702101411492,0.7471722232218391,0.8743880232730185,2.471837851526364,1.640703804720897,1.54111394046638,2.25163503897912,0.9601640142511944,FAR
962,981,971,test,20,False,0.9284461460545076,0.9635591035606003,0.7685914459426441,0.7970690896976992,0.9278469981038222,2.471837851526364,1.7270679787253282,1.6251749211883417,2.2437177890127358,0.9629372963995539,FAR
963,982,972,test,20,False,0.9287942844827087,0.9637397389766122,0.7142415189146051,0.796777460670213,0.9280469531606961,2.471837851526364,1.752391838398006,1.6448450640868704,2.27984340999192,0.9629642896599677,FAR
964,983,973,test,20,False,0.8920809958831917,0.9445003948560274,0.6946816012305398,0.7771002349149588,0.9092565621086923,2.471837851526364,1.7354914867505684,1.6257064461103934,2.30485453020764,0.962685211208718,FAR
965,984,974,test,20,False,0.8812803648951071,0.9387653406976139,0.6990137325325381,0.7696708879664992,0.9053137724229929,2.697086899964813,1.7467539391724913,1.6338071217953556,2.327947560336665,0.9643664216983528,FAR
966,985,975,test,20,False,0.861048824056868,0.9279271652758464,0.6898060317836441,0.7537003515009738,0.8885903830346751,2.697086899964813,1.7223325925886108,1.6107748524134067,2.34922935896197,0.9576078988597367,FAR
967,986,976,test,20,False,0.8946914799540251,0.9458813244556766,0.7264521838661897,0.7651319549493354,0.9024056691785297,2.807899795552546,1.7591242684007942,1.6464031696949923,2.3589841960852658,0.9540368816329409,FAR
968,987,977,test,20,False,0.9301259386640129,0.964430370044418,0.7234637636533708,0.7774813538104803,0.9235118121943582,2.807899795552546,1.8089309573114047,1.6907890937984689,2.3856980284991636,0.9575723047292929,FAR
969,988,978,test,20,False,0.9337910558515379,0.9663286479513779,0.7478299324394254,0.774789998208818,0.925479370253281,2.807899795552546,1.8463638411800858,1.726442823007416,2.441734215347732,0.9577273448482589,FAR
970,989,979,test,20,False,1.03657068911402,1.0181211564023311,0.7727954825800754,0.8183946596829583,0.9703161425525273,2.807899795552546,1.898528404590979,1.7861124766764505,2.409816079060573,0.9530458496523839,FAR
971,990,980,test,20,False,1.0404347612029359,1.0200170396630321,0.7879629232192771,0.8283338685770723,0.9726343653440107,2.807899795552546,1.8870921063031871,1.773477677719639,2.356044970983974,0.9535471737465537,FAR
972,991,981,test,20,False,1.0069873228100144,1.0034875797985814,0.8009695620095721,0.8162271648135484,0.9556689756764684,2.807899795552546,1.8398672335894417,1.7288551361767266,2.3298893631369837,0.9523475874691831,FAR
973,992,982,test,20,False,1.0069907017553323,1.0034892633981354,0.7927623974238788,0.8176722243421957,0.955671301453072,2.807899795552546,1.8206250461561964,1.713699191257318,2.293812969708018,0.9523483073619179,FAR
974,993,983,test,20,False,1.0190377131649315,1.009473978448643,0.7967174905117679,0.8252340401580696,0.9617159736214976,2.807899795552546,1.8330323213129027,1.7235947441913986,2.2885621440604917,0.9526902071309059,FAR
975,994,984,test,20,False,1.0602277427972213,1.029673609838196,0.795877576883636,0.8421156744068204,0.9882298890074045,2.807899795552546,1.8786244888028651,1.7704171126394055,2.2881902852714306,0.9597506234647463,FAR
976,995,985,test,20,False,1.1821427274434524,1.0872638720400178,0.805995626708994,0.8849898493270436,1.0411300056330286,3.3388205052015247,1.9842313757431729,1.8685976434723273,2.2937658573243747,0.9575688408367429,FAR
977,996,986,test,20,False,1.1820857867465038,1.0872376864083142,0.7487865669984508,0.886955808362351,1.0410968620017556,3.3388205052015247,1.975149560867738,1.8583319842162855,2.2746648903743623,0.9575614191971356,FAR
978,997,987,test,20,False,1.218881442394658,1.1040296383678556,0.7716446656044945,0.8955046063526388,1.0561206294073555,3.3388205052015247,2.005391148615734,1.8910052592113964,2.2850284150334446,0.9566053235388441,FAR
979,998,988,test,20,False,1.2778872878232594,1.1304367686090449,0.8071806421758011,0.9251631276251662,1.0876487255280243,3.3388205052015247,2.0395822677731084,1.9277359162300833,2.2475201677923726,0.9621491053111538,FAR
980,999,989,test,20,False,1.2791916520662672,1.1310135507880827,0.8427707947076363,0.9249152360741941,1.0882748205041362,3.3388205052015247,2.0336783270665126,1.923429749101914,2.241482127138103,0.9622120086411285,FAR
981,1000,990,test,20,False,1.2682376442365364,1.1261605765771312,0.8462776282659206,0.9174423936045214,1.0835679097151452,3.3388205052015247,2.030150847504347,1.9193843145942453,2.252118508068139,0.9621788688506191,FAR
5,24,14,train,20,False,0.597895022318657,0.77323671816505,0.5350970232985205,0.6163898210520004,0.7452289871317349,2.4790007702523984,1.5279750603107614,1.4146831439451943,2.4793236961876723,0.9637785811571655,RF
6,25,15,train,20,False,0.6158622725213386,0.7847689293807054,0.5476095540847924,0.6286395186742687,0.7609544662621187,2.4790007702523984,1.5646543858635957,1.4503686603448556,2.5007669729407325,0.9696541717861082,RF
7,26,16,train,20,False,0.6144599004022125,0.783874926504358,0.5320870555503684,0.6274075257375553,0.7596481312082032,2.4790007702523984,1.5583950308580365,1.4440348130237757,2.494054178457985,0.9690935448028775,RF
8,27,17,train,20,False,0.6259584353103352,0.7911753505452096,0.5272800277444735,0.6328100332251798,0.7689945648774136,2.4790007702523984,1.585936125635651,1.4694266318543523,2.5197305737088085,0.9719647665305663,RF
9,28,18,train,20,False,0.6497148065614813,0.8060488859625583,0.5082421951287807,0.6423028889951726,0.7827042316135918,2.4790007702523984,1.6267457024933698,1.5043942144950364,2.545332750752686,0.971038165605689,RF
10,29,19,train,20,False,0.7177654864158072,0.847210414487338,0.5293494326206877,0.6799906406839984,0.8247802887857356,2.4790007702523984,1.7094987956487,1.5841366761682156,2.552972996740084,0.9735247285467149,RF
11,30,20,train,20,False,0.7163771763462474,0.8463906759565865,0.5438021091954576,0.6827921069123433,0.8239730401335672,2.4790007702523984,1.7017191799256939,1.5756395541648156,2.531350741938364,0.9735138435951188,RF
12,31,21,train,20,False,0.7205862107588501,0.8488734951445063,0.547851713583593,0.6878679642535412,0.8273254057051114,2.4790007702523984,1.6965399229701923,1.5744698079306532,2.4948212644138907,0.9746156646866131,RF
13,32,22,train,20,False,0.7063377658477343,0.8404390316065373,0.5704899661848187,0.677302166861595,0.8153190520174067,2.4790007702523984,1.6709426215579537,1.5510244786389915,2.4882115290261506,0.9701108841397899,RF
14,33,23,train,20,False,0.699049744768778,0.8360919475564742,0.5389867220558306,0.675108717070118,0.8109223555560586,2.4790007702523984,1.6437375340557736,1.5252536744626277,2.4568807161059523,0.969896143511518,RF
15,34,24,train,20,False,0.7432953735175765,0.8621457959751219,0.48892241532923636,0.6986109930599376,0.833520939221841,2.4790007702523984,1.6823802728330253,1.562195142773105,2.4330934979661385,0.966798125227874,RF
16,35,25,train,20,False,0.7377521023796519,0.8589249690046575,0.44192793252405604,0.693483762907188,0.8297496948848169,2.4790007702523984,1.6783103200013023,1.5620183044089284,2.450528808029863,0.9660328024301708,RF
17,36,26,train,20,False,0.7482993599827805,0.8650429815811354,0.44667476105015635,0.7034369390439024,0.8387572801458791,2.4790007702523984,1.6939916573494713,1.5796617844690433,2.4345642217887393,0.9696134157551213,RF
18,37,27,train,20,False,0.7378583146031583,0.8589867953601839,0.4373038347251281,0.6966949064455651,0.8296085501051005,2.4790007702523984,1.6583333546790715,1.5475539520871957,2.3948275739528846,0.9657989559167034,RF
19,38,28,train,20,False,0.7336181508502279,0.8565151200359675,0.43094903943401297,0.6920342793715274,0.8270204015389186,2.4790007702523984,1.658376462364028,1.5470278677603204,2.412151578465415,0.9655642757412032,RF
20,39,29,train,20,False,0.7259902330164315,0.8520506047274607,0.4218276727090778,0.6859833933406205,0.822092143015109,2.4790007702523984,1.6732635757916827,1.5587375658403333,2.4633465970599078,0.9648395746143102,RF
21,40,30,train,20,False,0.7115331030950771,0.8435242160691518,0.41447173784997904,0.6813940633694234,0.8137656003381677,2.4790007702523984,1.6474957263814178,1.532716413877649,2.4417101551146247,0.9647210890166732,RF
22,41,31,train,20,False,0.7319732508169137,0.8555543529296743,0.4411286558748484,0.6922289542863039,0.8254637276128781,2.4790007702523984,1.6499500374458058,1.5402644054368606,2.4082852679680427,0.9648290898015341,RF
23,42,32,train,20,False,0.7246845400710759,0.8512840536924652,0.4500241963429436,0.6931199972139728,0.8219968273870217,2.3997935541397366,1.6357202812198601,1.527921512867499,2.3871818957163358,0.9655964114699325,RF
24,43,33,train,20,False,0.6572628964944974,0.8107175195433348,0.46088384593990617,0.6515461465032263,0.7744546851254498,2.3809526210181073,1.5388939293511024,1.4353757152769555,2.389183091074194,0.9552706910314318,RF
25,44,34,train,20,False,0.6279432010159892,0.7924286725100179,0.5286412482233902,0.6308847313984883,0.7540965294048239,2.3809526210181073,1.5135093054347595,1.409446257917012,2.413589479390665,0.951627011445993,RF
26,45,35,train,20,False,0.6181094624540512,0.7861993783093771,0.5223803364820767,0.6249238803391879,0.7465699482014279,2.3809526210181073,1.4906592588440928,1.3882150559136592,2.3957415215242834,0.9495936638958334,RF
27,46,36,train,20,False,0.6715742246095715,0.8194963237315781,0.5044528259929366,0.6557040743620178,0.7783410408797629,2.3809526210181073,1.534353154929544,1.4345799104680166,2.3632077748004408,0.9497797834352513,RF
28,47,37,train,20,False,0.6811345064379261,0.8253087340128699,0.48875777819969457,0.66648472018496,0.7845439940416685,2.3809526210181073,1.513613867609286,1.419357418680605,2.2928293597010425,0.9506066780936725,RF
29,48,38,train,20,False,0.6557834953609628,0.8098046031981806,0.49551077849939235,0.6549930846234446,0.7697241807109322,2.3809526210181073,1.4824488173111101,1.3910781603401674,2.2924489433462276,0.9505060574749046,RF
30,49,39,train,20,False,0.6335875536592865,0.7959821314949768,0.4878285206374208,0.6428180000410986,0.759914481607727,2.3809526210181073,1.4757581988223367,1.382358616303097,2.3152628756075773,0.9546878648902468,RF
31,50,40,train,20,False,0.6561148960867893,0.8100091950631112,0.4969503344783701,0.6525675505227805,0.7715484656637904,2.3809526210181073,1.4742252003713365,1.3850135346533126,2.2880969344468527,0.9525181570360765,RF
32,51,41,train,20,False,0.6412193992285681,0.800761761842165,0.49808014399958767,0.6411101974683013,0.7571519255829767,2.3809526210181073,1.4506738956461809,1.3586713794940959,2.2927808719108222,0.9455395620304556,RF
33,52,42,train,20,False,0.6367629002029698,0.7979742478319521,0.5141201725697255,0.6359394831524192,0.7518502380945826,2.3809526210181073,1.4454174642858137,1.3522890364593187,2.3096333194637104,0.9421986237492179,RF
34,53,43,train,20,False,0.6176445003951367,0.7859036202964946,0.4886129448791433,0.6229092278666897,0.7367746166083524,2.3809526210181073,1.4262497236449825,1.3325674208576685,2.323641901689542,0.9374872409041614,RF
35,54,44,train,20,False,0.5839247642352704,0.7641497001473405,0.4702962037857601,0.6080074144934077,0.7206150584906645,2.1944056457334904,1.3905250310269426,1.2969887714282788,2.3206275375069825,0.9430286478575052,RF
36,55,45,train,20,False,0.5800621789790138,0.7616181319920199,0.490798017736244,0.6061914986800588,0.7177253273360356,2.1944056457334904,1.3846935879791495,1.2898387108911105,2.3197868689061916,0.9423690130102572,RF
37,56,46,train,20,False,0.5669748953801735,0.7529773538295648,0.4698591480594129,0.5929256413789691,0.7060055920164797,2.1944056457334904,1.37121040617839,1.276927798310496,2.3671472551557065,0.9376186261456715,RF
38,57,47,train,20,False,0.5627109436183697,0.7501406158970262,0.4771601155167057,0.5866415268921022,0.7010417663519044,2.1944056457334904,1.3786079269464073,1.2775876544799016,2.4420359199285935,0.9345471388902081,RF
39,58,48,train,20,False,0.5625637039755145,0.7500424681146491,0.4820382446033905,0.5887285526631905,0.7009488518444901,2.1944056457334904,1.3562821468623896,1.261526017449148,2.4009121249316836,0.9345455512758315,RF
40,59,49,train,20,False,0.5584597409445561,0.7473016398647577,0.4735204768681586,0.5911878156538197,0.6979967524721993,2.1944056457334904,1.316783597157149,1.2267253977644468,2.322465698694715,0.9340227763965814,RF
41,60,50,train,20,False,0.5446302565712924,0.7379906886751976,0.45963009533629734,0.5822751508094419,0.687883612317554,2.1944056457334904,1.307300294304069,1.2183769935658495,2.3381210336097853,0.932103375927963,RF
42,61,51,train,20,False,0.5098853245763635,0.7140625494845416,0.43589791325147836,0.562541368120565,0.6651126571100605,2.1944056457334904,1.2729902719534851,1.1809198116697315,2.355633083188917,0.9314487331539563,RF
43,62,52,train,20,False,0.4795861534742902,0.6925215906195923,0.4648373182042883,0.5474847882309619,0.6469717826748973,2.1777935796105785,1.2444319223372022,1.1528429213907538,2.3801233598693634,0.9342261547341186,RF
44,63,53,train,20,False,0.49786544119833753,0.7055958058253589,0.5202225606395331,0.5657922482420059,0.6676998230658264,2.1777935796105785,1.2838004988360348,1.1905903072022634,2.3726816630810683,0.9462922221948241,RF
45,64,54,train,20,False,0.527176094202607,0.7260689321287663,0.5413245327912896,0.5799267012479057,0.6880530837106813,2.1777935796105785,1.3231915138477879,1.2294972345430977,2.3833845224535852,0.9476415437489852,RF
46,65,55,train,20,False,0.5469905200611233,0.739588074580116,0.5525541871452306,0.5912406007963668,0.7018839771405252,2.1777935796105785,1.3569883027136505,1.2596909103162717,2.3990255558399896,0.9490201387292563,RF
47,66,56,train,20,False,0.4951861405243008,0.7036946358501682,0.5584859213371277,0.5620615865257272,0.6716528578296928,2.1777935796105785,1.3150979417171105,1.2156232359281707,2.4267937589375173,0.9544663602817375,RF
48,67,57,train,20,False,0.48401368735165357,0.6957109222598518,0.5925012721262591,0.5535068718127747,0.6642934458443225,2.1777935796105785,1.3167861498961881,1.2141009335426038,2.45328017223494,0.9548411913478704,RF
49,68,58,train,20,False,0.48832180840132,0.6988002635956286,0.6186201868116871,0.5584048213414914,0.6672187172463208,2.1777935796105785,1.3131838091765016,1.2124619344784942,2.42762594214897,0.9548060468855475,RF
50,69,59,train,20,False,0.44661465857631866,0.6682923451426918,0.6168208825626678,0.5366099517483995,0.6397140229813472,1.7763765382559962,1.2551780553636471,1.1564867683522086,2.4235113002710995,0.9572367955894471,RF
51,70,60,train,20,False,0.40206616939316325,0.6340868784268945,0.6390288390921893,0.5121674262633731,0.6121901935620456,1.7763765382559962,1.226007717529182,1.1272750653241654,2.4617450242820715,0.9654673742513448,RF
52,71,61,train,20,False,0.42464423173185173,0.6516473215872615,0.6638438407488344,0.5312199546617794,0.6319590264617913,1.7763765382559962,1.2472924826398024,1.1518526441552095,2.430066928573814,0.9697868855234237,RF
53,72,62,train,20,False,0.4544661500683717,0.6741410461234145,0.680178042983928,0.5472000555390973,0.6563542088177846,2.153357720909371,1.3181053101600586,1.211196096571736,2.4823291159869396,0.9736155550712845,RF
54,73,63,train,20,False,0.4596865756783088,0.6780018994651186,0.7583163440577734,0.5497168223760889,0.6612573223215404,2.153357720909371,1.3346686308164146,1.2258404797701474,2.505289054056038,0.9753030527542945,RF
55,74,64,train,20,False,0.4512223032818765,0.6717308265085625,0.8355045779769789,0.5459787279725259,0.6561632803083188,2.153357720909371,1.3282186829863538,1.2178419447961963,2.50777010329138,0.9768247256402409,RF
56,75,65,train,20,False,0.4460970587779566,0.6679049773567768,0.8356447515379201,0.5428185987282832,0.6518669593462272,2.153357720909371,1.3128151897694071,1.203706028116779,2.4940407371699047,0.9759875752475752,RF
57,76,66,train,20,False,0.442930097728195,0.6655299375146058,0.8189681724492816,0.5416744443300026,0.6479253049376477,2.153357720909371,1.2917510717719032,1.1838278131374653,2.4387873398984574,0.973547947906443,RF
58,77,67,train,20,False,0.442055750150571,0.6648727322958665,0.8131350810463307,0.5428215857020727,0.6467372812807343,2.153357720909371,1.2766322604099278,1.17329412855107,2.374502138402172,0.9727234248989143,RF
59,78,68,train,20,False,0.41743582659187367,0.6460927383834876,0.7758474229717982,0.5245665155884858,0.6254651077486401,2.153357720909371,1.2434733945239012,1.140450669064922,2.3787088598736883,0.9680732665616124,RF
60,79,69,train,20,False,0.41427684358240846,0.6436434133760777,0.7679941740334952,0.5203803157631637,0.6230007235308063,2.153357720909371,1.2531340254791767,1.1487305151355311,2.410879333944033,0.9679283755317325,RF
61,80,70,train,20,False,0.4257803587197457,0.6525184738532279,0.677031625650991,0.5271122342997295,0.6316030259192551,2.153357720909371,1.2669258800294068,1.1635234059160222,2.408589385422119,0.9679465811742253,RF
62,81,71,train,20,False,0.43150510844574635,0.656890484362307,0.6740585591665763,0.529788646663862,0.6365026045037803,2.153357720909371,1.2828071463818052,1.1791875422012308,2.4273977213597084,0.9689630458289881,RF
63,82,72,train,20,False,0.42534467292455413,0.6521845390106654,0.6697350633527427,0.5259302671457547,0.6313909060997499,2.153357720909371,1.264448102458185,1.162584553269077,2.413454446380958,0.9681169490119185,RF
64,83,73,train,20,False,0.41609756480615623,0.6450562493350144,0.6504041371595122,0.5165148195924163,0.6232309025081295,2.153357720909371,1.251215731715662,1.1513454904536338,2.434280480414813,0.9661652036556744,RF
65,84,74,train,20,False,0.39820527465744104,0.6310350819545939,0.6042722602904815,0.510198845521073,0.6122355109360992,2.153357720909371,1.2287360101886553,1.1281817979885476,2.4225915650588816,0.9702083583685013,RF
66,85,75,train,20,False,0.3845068414513339,0.6200861564745127,0.5906476142564457,0.5009532385554956,0.6032834409486207,2.153357720909371,1.2287573893591168,1.1261510813659286,2.462072439610962,0.972902611434799,RF
67,86,76,train,20,False,0.3790975930491946,0.615709016540439,0.5926615426984783,0.4947096292479757,0.5978790622785667,2.153357720909371,1.2150519562557147,1.116843718654671,2.466489591930005,0.9710415898047821,RF
68,87,77,train,20,False,0.37619322882049117,0.6133459291627288,0.6158200884380366,0.49079621134396706,0.5956906589942573,2.153357720909371,1.2187947105643615,1.121446714708409,2.4903678893285504,0.9712148245728598,RF
69,88,78,train,20,False,0.37711565093376825,0.6140974278840192,0.6598519579477933,0.49043756243177433,0.596288397982835,2.153357720909371,1.2161180494112012,1.11929506006303,2.487431081036139,0.970999667003087,RF
70,89,79,train,20,False,0.4086134136954335,0.6392287647590912,0.6520165152889651,0.5092613204179222,0.6185906159502061,2.153357720909371,1.2426375448859974,1.1479706328463568,2.461147202473754,0.9677139860615268,RF
71,90,80,train,20,False,0.4175477428820882,0.6461793426612213,0.6329867920934007,0.5170359722772964,0.625943254732137,2.153357720909371,1.2483759529737797,1.1539467303094,2.4361291972147985,0.9686834805864512,RF
72,91,81,train,20,False,0.39688514819001164,0.6299882127389461,0.6414890488785712,0.49948224022310866,0.6085840575294088,2.153357720909371,1.2445901886243693,1.1455888270132228,2.5082978505520943,0.9660245147818238,RF
73,92,82,train,20,False,0.36445604402842846,0.6037019496642598,0.6232828073427121,0.479920702937604,0.5802080150986361,1.6648439938776944,1.1643750677916214,1.0796279816698149,2.452191883605721,0.961083553600101,RF
74,93,83,train,20,False,0.37285774040571834,0.6106207828150941,0.619027026616728,0.4817837011447441,0.5867070554765184,1.6648439938776944,1.1770152725037515,1.094943751393532,2.467038655458977,0.9608370235478585,RF
75,94,84,train,20,False,0.3527452344328615,0.5939235930933048,0.597408243783221,0.4649538753844511,0.5704039214002117,1.6648439938776944,1.148690289102653,1.0712143637658897,2.4932852773589746,0.9603994992510793,RF
76,95,85,train,20,False,0.3533952745227772,0.5944705833956607,0.6058146122403841,0.4659275268688326,0.5709850232763,1.6648439938776944,1.1390180257075264,1.066570670889269,2.4665588527123146,0.9604933182980908,RF
77,96,86,train,20,False,0.3602907686335713,0.600242258287078,0.6159696966142358,0.47210398716440355,0.5788106759300864,1.6648439938776944,1.1554238447362788,1.0840428959727502,2.474850368148372,0.9642951124131924,RF
78,97,87,train,20,False,0.37682748197085714,0.6138627549956562,0.618176384080144,0.4865869984635084,0.5948264911352774,1.6648439938776944,1.1769048556511514,1.1067947247034369,2.453946761048152,0.9689893812493746,RF
79,98,88,train,20,False,0.4026873934294546,0.6345765465485268,0.6300977058564693,0.5014614670743663,0.616874463735533,1.9026520595758265,1.240919263232053,1.1667434296515926,2.5105041471871803,0.9721041016891094,RF
80,99,89,train,20,False,0.3947155510597167,0.6282639183175465,0.6178301719100826,0.4957585437540857,0.6095320024616158,1.9026520595758265,1.2285033041310305,1.1530946195505776,2.5129329465678447,0.9701846384778969,RF
81,100,90,train,20,False,0.37461263995627114,0.6120560758266118,0.6473725422886828,0.4818648133043519,0.5922592494979774,1.9026520595758265,1.1955957257704664,1.1201364053881615,2.507291534904761,0.9676552082227141,RF
82,101,91,train,20,False,0.37787389303289703,0.6147144809038559,0.6184873174911043,0.48319295165651255,0.5947374571497914,1.9026520595758265,1.2006459018807507,1.1265740212560034,2.5097217836652845,0.9675019470426482,RF
83,102,92,train,20,False,0.3783258066419003,0.6150819511592747,0.6018961773966396,0.48529121228716054,0.5951441963005001,1.9026520595758265,1.1875957073160497,1.117294959217153,2.468924925652998,0.9675852058068084,RF
84,103,93,train,20,False,0.383079390219101,0.618934075826417,0.6074138797908418,0.49012618517448114,0.599629826038371,1.9026520595758265,1.2038874578274765,1.1298604532177539,2.476378057215385,0.9688104912267588,RF
85,104,94,train,20,False,0.3633129936442868,0.6027545052874237,0.619611838613794,0.4742667573101363,0.5802439335249794,1.9026520595758265,1.1706545961403116,1.0967036003170698,2.483337342930974,0.9626538307636371,RF
86,105,95,train,20,False,0.37075850435185964,0.6088994205547084,0.6737614149489707,0.48191475600112116,0.5853660572841948,1.9026520595758265,1.1505089488692024,1.080359988486751,2.4200813688741523,0.9613509842905177,RF
87,106,96,train,20,False,0.3686550644896659,0.6071697163805734,0.6876117541228396,0.4806975926192522,0.5828705898412301,1.9026520595758265,1.1530269008762644,1.0775893612674226,2.4373107367959634,0.9599796796780415,RF
88,107,97,train,20,False,0.36200192084126276,0.6016659545306372,0.660344577331927,0.47752387762786663,0.5771823345052247,1.9026520595758265,1.137998952473752,1.0623093538129325,2.4223259037046243,0.9593069545633303,RF
89,108,98,train,20,False,0.3464200598394268,0.5885746000630904,0.6135438042139391,0.46665561386009397,0.565367552857699,1.9026520595758265,1.1361771124912692,1.0542081317257304,2.471674572534009,0.9605707633273611,RF
90,109,99,train,20,False,0.31843270932456225,0.5642984222240589,0.5835127959044738,0.4504028453830222,0.5464597923063932,1.9026520595758265,1.116278430429982,1.0320652674938335,2.498367192341573,0.9683879500365097,RF
91,110,100,train,20,False,0.3087786169274092,0.5556785194043488,0.5805478150770244,0.4412245347943954,0.5384245340799516,1.9026520595758265,1.1103991003631548,1.0228625782447431,2.532137341133633,0.968949698932231,RF
92,111,101,train,20,False,0.31265928321301545,0.5591594434622521,0.5815117682928164,0.443652041599323,0.5426114686783678,1.9026520595758265,1.1140098009745913,1.0267116322485097,2.522328466431235,0.9704056240534523,RF
93,112,102,train,20,False,0.31500901558795896,0.5612566396827382,0.5968247014259527,0.4471311771101374,0.5462384259786917,1.9026520595758265,1.1213844842808605,1.0314823000485749,2.520398463144739,0.9732418066135738,RF
94,113,103,train,20,False,0.30721977881186635,0.554274100794784,0.5808383974091785,0.4456268008420571,0.5402614189116172,1.9026520595758265,1.1055288559328749,1.0131584663371038,2.496966417332039,0.97471885866023,RF
95,114,104,train,20,False,0.32287746305897913,0.5682230750849345,0.54858131871509,0.4597433274894843,0.5535953394789629,1.9026520595758265,1.1184883857126398,1.025969780450327,2.456048559334138,0.9742570545840906,RF
96,115,105,train,20,False,0.33638223470642453,0.5799846848895448,0.5627688335458231,0.4701169073763188,0.5637272567313473,1.9026520595758265,1.1327525893609387,1.0374600232787325,2.4439653481184873,0.9719692112882368,RF
97,116,106,train,20,False,0.39190771520062245,0.6260253311173778,0.5906089692591845,0.497971879675457,0.5965160482654441,2.175646126270627,1.1925211720525875,1.0940327138563828,2.4415361379583915,0.9528624779459592,RF
98,117,107,train,20,False,0.39490538295750877,0.6284149767132454,0.5872668519248194,0.49708024647511734,0.5986636929133745,2.175646126270627,1.2226958694211798,1.1172669445732308,2.4973143797970616,0.9526566283390049,RF
99,118,108,train,20,False,0.3742722267964494,0.6117779227762713,0.550324909991182,0.48628831053721805,0.5827339125226803,2.175646126270627,1.1818825947346325,1.0790798298086595,2.478901320824419,0.952525239678823,RF
100,119,109,train,20,False,0.39879124894722684,0.6314992074003156,0.5602089577658586,0.5028123929125023,0.6014151612325113,2.175646126270627,1.207709586384291,1.1064942936615172,2.460191774067859,0.9523609122303558,RF
101,120,110,train,20,False,0.3990931948640454,0.6317382328655163,0.5707495213221694,0.5025245113854907,0.6017808417676006,2.175646126270627,1.2143083549571903,1.1122514480785806,2.480347007469645,0.9525794236609184,RF
102,121,111,train,20,False,0.3994451566191053,0.6320167376099349,0.5850573835803006,0.5069012109313038,0.602037622158879,2.175646126270627,1.2034177626423204,1.1006023025645466,2.441404937094992,0.9525659469645908,RF
103,122,112,train,20,False,0.3864421012237558,0.6216446744111589,0.6214983952126286,0.49344976860329837,0.5855783599872145,2.175646126270627,1.1756758376912455,1.071467461578325,2.4448798828068714,0.9419824283733992,RF
104,123,113,train,20,False,0.4158713776226148,0.6448809018901202,0.6061944430972076,0.5055015476948668,0.604771612140476,2.175646126270627,1.211105818578289,1.106033307784252,2.4473338880380338,0.9378035701908904,RF
105,124,114,train,20,False,0.43270105394275216,0.6578001626198888,0.6212138369792483,0.5172063392765746,0.6220049488842249,2.175646126270627,1.2418935007138576,1.139782765830992,2.453527700075267,0.9455834525897673,RF
106,125,115,train,20,False,0.4359259193857655,0.6602468624581003,0.6478304916787664,0.5152728497808091,0.6240249824558453,2.175646126270627,1.2700352222690552,1.1619923612244212,2.5020036796795613,0.945138883557279,RF
107,126,116,train,20,False,0.5024728709732449,0.7088532083395298,0.6373785558726562,0.554496669814889,0.6651949732960923,2.175646126270627,1.3210110647049194,1.2193785105665191,2.4462993237303037,0.9384100480468929,RF
108,127,117,train,20,False,0.5130357177994568,0.7162651169779642,0.6537250461595506,0.5618007361806308,0.6737972766802361,2.175646126270627,1.329790260575821,1.2317391822927772,2.4323844909582437,0.9407093277459794,RF
109,128,118,train,20,False,0.5139826873813251,0.7169258590547039,0.6887622294564464,0.5643244531885283,0.6746583380051766,2.175646126270627,1.3178564954199152,1.2247094704294776,2.391146027918384,0.9410433861246703,RF
110,129,119,train,20,False,0.5035324670432552,0.7096002163494985,0.7207033363115483,0.5537206609339316,0.6624875909564161,2.175646126270627,1.3003005452860295,1.2052982195337658,2.4279925541538288,0.9336068052015951,RF
111,130,120,train,20,False,0.49641466528881956,0.7045670055351865,0.7159171513105107,0.5474630465100784,0.6543878195842472,2.175646126270627,1.282679126704764,1.1902287291929396,2.427945380373417,0.928780108127795,RF
112,131,121,train,20,False,0.4993801081938735,0.706668315544056,0.7205904136955045,0.5514386841408694,0.6571690982156142,2.175646126270627,1.2902988939473488,1.1979548397704491,2.4197898319410327,0.9299541011820617,RF
113,132,122,train,20,False,0.5199543456979265,0.7210785988350552,0.7301370883705239,0.5628061793297656,0.6759433349304844,2.175646126270627,1.3381198523332736,1.240987267940287,2.4611906111517134,0.937405902799654,RF
114,133,123,train,20,False,0.5165124859586827,0.7186880310389778,0.7168720835889689,0.5606170871819256,0.6728766137897928,2.175646126270627,1.326141407895884,1.233126565398035,2.4464799632220275,0.9362568802169179,RF
115,134,124,train,20,False,0.4985273728542203,0.7060647086876813,0.7215440484442276,0.5458624441057,0.6568142597253119,2.175646126270627,1.3073733632857991,1.2114336851285838,2.475467478348627,0.9302465505549652,RF
116,135,125,train,20,False,0.47693228416323674,0.6906028411201598,0.7464674545824638,0.5283858444431093,0.638273061682846,2.175646126270627,1.2908544746443735,1.1910097709438483,2.528570948823945,0.9242259424354022,RF
117,136,126,train,20,False,0.42149524646747444,0.6492266526163836,0.6976479670644552,0.5000132069767019,0.6055693640966188,2.0204252598601724,1.2388021514400038,1.1396875661408779,2.5516941331136116,0.9327549349001216,RF
118,137,127,train,20,False,0.4057249290645662,0.6369654064896823,0.7101153437509734,0.4891417608478076,0.5920779906937712,2.0204252598601724,1.2051428055151567,1.1083919032874152,2.549708063966266,0.9295292721730593,RF
119,138,128,train,20,False,0.40787801273351987,0.6386532805314006,0.7134200128065669,0.48928612472740446,0.5941910879607257,2.0204252598601724,1.2138795671960554,1.1153044023202723,2.5705655702439665,0.9303813290778379,RF
120,139,129,train,20,False,0.38288436685601174,0.618776508002697,0.7128592237125152,0.4717906242223223,0.5749987475692133,2.0204252598601724,1.1840031254251087,1.0856213752985338,2.584857885433851,0.9292510949150432,RF
121,140,130,train,20,False,0.3979585774209976,0.630839581368352,0.7190354793608174,0.48476000088399995,0.5886320608305858,2.0204252598601724,1.1964486342294414,1.098603409662795,2.5522358363034607,0.9330931003945345,RF
122,141,131,train,20,False,0.38084598595149693,0.617127204028065,0.690024443882786,0.46856902513505905,0.5723310612433458,2.0204252598601724,1.1728284056738487,1.0771237425832925,2.5904013569480973,0.9274118164094383,RF
123,142,132,train,20,False,0.3842036184257655,0.6198416075303154,0.6705528199666785,0.47276178186712087,0.5781484059259803,2.0204252598601724,1.1901370100972457,1.0919535082396568,2.6189618549179476,0.9327357165156164,RF
124,143,133,train,20,False,0.37112753048143476,0.6092023723537481,0.7663930858232619,0.47009733033400575,0.5707581721641826,1.9591054245815713,1.1870710183333157,1.085849435857271,2.625829321045852,0.9368942047270263,RF
125,144,134,train,20,False,0.38437256123723174,0.6199778715706165,0.7591889124935679,0.48209623840377275,0.5795995610348375,1.9591054245815713,1.2010534492295322,1.096249604516776,2.604904552507987,0.9348713681772434,RF
126,145,135,train,20,False,0.39218799369322255,0.6262491466606741,0.7388200939600704,0.48697139389558924,0.5841241259510879,1.9591054245815713,1.2013137920665997,1.0985819405997577,2.587113157021059,0.9327344062116364,RF
127,146,136,train,20,False,0.34401646908181305,0.5865291715522878,0.7022994005696179,0.46138997467126536,0.5593480008554004,1.9591054245815713,1.1765645046835786,1.0688486364760577,2.6210744579105336,0.9536575979248386,RF
128,147,137,train,20,False,0.3275011048694184,0.5722771224410587,0.6312919360011845,0.4490936421599293,0.5443279442831909,1.9591054245815713,1.1551926789972187,1.0444818670195954,2.6322113675920122,0.9511614617081842,RF
129,148,138,train,20,False,0.3502730637474184,0.5918387143026539,0.5523359877152912,0.460532156215011,0.5602026061238726,1.9591054245815713,1.1967772420043545,1.0846829919237035,2.654171280477087,0.9465460649764064,RF
130,149,139,train,20,False,0.3673649380827085,0.6061063752203143,0.5047939629590006,0.47886882791446606,0.5778547279016396,1.9591054245815713,1.2033600765768897,1.097487183354405,2.5677348764924113,0.9533883019982995,RF
131,150,140,train,20,False,0.36918791380298954,0.6076083556066272,0.4819449692189188,0.4814742222166177,0.5802393757243804,1.9591054245815713,1.205668452581254,1.0985482605026349,2.55270669856105,0.9549562154145791,RF
132,151,141,train,20,False,0.36818112616056864,0.6067793059758784,0.4673395198375821,0.4812098936675513,0.5793270962821822,1.9591054245815713,1.1886181048770876,1.0818218529935886,2.5180077606018707,0.9547575050379393,RF
133,152,142,train,20,False,0.3565113607733937,0.5970857231364636,0.4706802708537904,0.4777270947458156,0.5702843069352095,1.9591054245815713,1.1660100929541724,1.0607001573330768,2.492566567109761,0.9551129508498922,RF
134,153,143,train,20,False,0.360100893548957,0.6000840720673705,0.5065752709967478,0.481775001828732,0.5734755258503517,1.9591054245815713,1.1671236974543024,1.0620706020794122,2.4776357695310134,0.9556586360885254,RF
135,154,144,train,20,False,0.38421066266537346,0.6198472897943279,0.5150701400692317,0.4977107472360916,0.5935633840708492,1.9591054245815713,1.20724389164754,1.1024594939873036,2.477613262887052,0.957596159318209,RF
136,155,145,train,20,False,0.4071614859927548,0.638092067019137,0.525536229421362,0.5140224005474086,0.6129775644909505,1.9591054245815713,1.240080947369254,1.1367431390326284,2.4533068274097016,0.9606412556647045,RF
137,156,146,train,20,False,0.4339505517132503,0.6587492327989842,0.5241779720224385,0.5329297879306782,0.6318602525965574,1.9591054245815713,1.2550356462267511,1.1528228872408597,2.4098265604156,0.9591817661962546,RF
138,157,147,train,20,False,0.43126712099580733,0.6567093124022282,0.5204941904199465,0.5326418426817593,0.6286458013216742,1.9591054245815713,1.2410639617411772,1.139350228932824,2.372198213294335,0.9572664639429305,RF
139,158,148,train,20,False,0.4540173128899113,0.6738080682879297,0.5285781755031198,0.5468977503425843,0.6450269038895111,1.9591054245815713,1.266463555507781,1.1593180303286865,2.3436558940836414,0.9572858121578326,RF
140,159,149,train,20,False,0.4777132397362009,0.6911680256899916,0.5267322219346501,0.5619823510275321,0.6634424380141172,1.9591054245815713,1.3086401723788115,1.1951387084269014,2.3542413597357723,0.9598858936679022,RF
141,160,150,train,20,False,0.4746309593437109,0.6889346553510797,0.5371704063742709,0.5562548565359136,0.661128549073197,1.9591054245815713,1.3186179355734762,1.2010739136103648,2.3952973558673762,0.9596389787305549,RF
142,161,151,train,20,False,0.49470895599124554,0.703355497590831,0.5558833543477357,0.573166231307172,0.6795213334285316,1.9591054245815713,1.3441051904362349,1.2284272602594273,2.357675279867753,0.966113630669075,RF
143,162,152,train,20,False,0.5196640209156456,0.7208772578710231,0.5901739788723697,0.5915170225445199,0.7015324905432985,1.9591054245815713,1.3834572609381728,1.2685869146829718,2.3404978702735164,0.973164963776419,RF
144,163,153,train,20,False,0.5100241006194083,0.7141597164636271,0.6004871558243718,0.5877376185333014,0.6950730671025525,1.9224557233278496,1.3615463556014085,1.250307571879866,2.3221957998600473,0.9732739765054408,RF
145,164,154,train,20,False,0.531777875222109,0.7292310163604596,0.6859359892814504,0.5940610640352592,0.7065015570008553,2.3277985099132055,1.4000599243666554,1.286803154839896,2.3510906530312807,0.9688309207237983,RF
146,165,155,train,20,False,0.5044514772441465,0.7102474760561607,0.6581368988992686,0.579442644993502,0.6874942511749393,2.3277985099132055,1.3569636243751524,1.245344694779335,2.3348066862328025,0.9679643706619491,RF
147,166,156,train,20,False,0.5450333555564535,0.738263743899464,0.6164941156956832,0.5960848289073903,0.709075954304503,2.3277985099132055,1.393130194962163,1.2792870360620439,2.3300303729160676,0.9604642787402874,RF
148,167,157,train,20,False,0.6578193727273514,0.811060646762837,0.5561276418560149,0.6470858072936218,0.7668046225593836,2.66366445684202,1.4869559487601836,1.3691236966186406,2.313805952491312,0.9454343835074589,RF
149,168,158,train,20,False,0.6917103881929385,0.8316912817824523,0.5198891429007286,0.6651098438918249,0.7831129314470645,2.66366445684202,1.4860033438736484,1.3684097059620792,2.2671032096542953,0.9415908866673746,RF
150,169,159,train,20,False,0.6753388412775262,0.8217900226198455,0.5334546481231013,0.6477687668862072,0.7665901912533569,2.66366445684202,1.478321838687077,1.3567335394735096,2.337250933076212,0.9328297620473499,RF
151,170,160,train,20,False,0.738061608071285,0.8591051205011438,0.5597769173428095,0.6772114646729567,0.8058546235354814,2.66366445684202,1.5441059694793213,1.4233164469553716,2.3283805769274446,0.9380163198950557,RF
152,171,161,train,20,False,0.7350449791401239,0.8573476419400266,0.5780813490189214,0.6755410044815067,0.8029160993963309,2.66366445684202,1.5417117873423414,1.422673335674636,2.3306826404479843,0.9365117020436113,RF
153,172,162,train,20,False,0.7287963763288301,0.8536957164756246,0.575005292537121,0.6700162690372766,0.7965558357875524,2.66366445684202,1.5231053006463315,1.4056507392721986,2.3183434277530504,0.933067626338847,RF
154,173,163,train,20,False,0.7470782814127317,0.8643369027252809,0.5610895885861589,0.6767499076391177,0.8092324758625523,2.66366445684202,1.5633413867863406,1.4391143269146525,2.359983748554101,0.9362465877726813,RF
155,174,164,train,20,False,0.7565119792145208,0.8697769709612464,0.5648091653937001,0.6810919586318416,0.8147422693130671,2.66366445684202,1.5659030775897844,1.4449257082598785,2.348745410202832,0.9367255014956801,RF
156,175,165,train,20,False,0.7329954397918074,0.8561515285227302,0.5632068758217593,0.6646691383978458,0.7946022228690722,2.66366445684202,1.5267548718901778,1.4073142869198507,2.3540953873550654,0.9281093315807543,RF
157,176,166,train,20,False,0.7110250261493196,0.8432229990633081,0.5698966550568045,0.6498805166323091,0.7799966983749633,2.66366445684202,1.5257537715292238,1.4028505752233336,2.4035499313846715,0.9250182920074767,RF
158,177,167,train,20,False,0.7387006784577681,0.859476979597341,0.565132307849947,0.6687210982338001,0.8026246712074082,2.66366445684202,1.568584353161512,1.4453845004278993,2.40443794829572,0.933852436144866,RF
159,178,168,train,20,False,0.7436579292288243,0.8623560339145453,0.5656859952476725,0.6700180675314018,0.8054216352158365,2.66366445684202,1.5807236618109566,1.4625468334009721,2.416800822898744,0.9339780827644204,RF
160,179,169,train,20,False,0.7926970726406563,0.8903353708803533,0.5645625052754153,0.6931129669806853,0.8285741022216699,2.66366445684202,1.5968158411053175,1.4846426020571006,2.3802085369197084,0.9306314556529248,RF
161,180,170,train,20,False,0.7969707132063233,0.8927321620768031,0.5738692964615045,0.6980776998989416,0.8317417490951959,2.66366445684202,1.5887621144253776,1.4827377342802661,2.3447071781640907,0.9316811742956338,RF
162,181,171,train,20,False,0.7942972313093745,0.8912335447621877,0.5751868379654094,0.6937043920579747,0.8298614970342536,2.66366445684202,1.6042223687576311,1.4913009972894742,2.3912432747874464,0.9311380859836124,RF
163,182,172,train,20,False,0.8022144849356035,0.8956642702126749,0.5570625111797891,0.697614091592658,0.8346056288691415,2.66366445684202,1.6211112228787274,1.5057393443379241,2.4014538512242276,0.9318286512321909,RF
164,183,173,train,20,False,0.814642387371291,0.9025754192150875,0.5400079340545999,0.7053048395147263,0.8427493733220457,2.66366445684202,1.617626238772364,1.502215145845131,2.3693569806382473,0.9337162916035662,RF
165,184,174,train,20,False,0.7905407353596197,0.8891235771025419,0.5450139293628588,0.6958914458349312,0.8298947963512033,2.66366445684202,1.5867835730815858,1.4742854968446575,2.3607282788210764,0.933385209574183,RF
166,185,175,train,20,False,0.7930941929818777,0.8905583602335546,0.5494660469690673,0.6961399973531313,0.8322081315236899,2.66366445684202,1.5936648084133522,1.4833574834937369,2.374445747932587,0.9344790512161807,RF
167,186,176,train,20,False,0.7556912852972963,0.8693050588241715,0.5415105572506064,0.6828373319976426,0.8127579905658843,2.66366445684202,1.5547498906091004,1.4489057372965235,2.362823505522779,0.9349514101128398,RF
168,187,177,train,20,False,0.6469756051350778,0.8043479378571675,0.5184163892974807,0.6342661543326672,0.7595998417977873,2.1549787348417864,1.4734249845258445,1.3713379201632674,2.3967188322725814,0.9443672396567684,RF
169,188,178,train,20,False,0.5866275593015745,0.7659161568354428,0.5357366586297498,0.6002498304872718,0.7238957752723815,2.1549787348417864,1.4309329335487289,1.3270675422588336,2.4433790505898503,0.9451370999448842,RF
170,189,179,train,20,False,0.593390424316012,0.7703183915213319,0.5457055770062632,0.6080170317489257,0.7320986378004053,2.1549787348417864,1.4394805000112032,1.337561202156798,2.4098011803415096,0.9503844720032649,RF
171,190,180,train,20,False,0.5323297911454856,0.7296093414598566,0.5359445124999775,0.5801233318060464,0.6947868778577144,2.064517402139571,1.3781630551150559,1.2776950381079302,2.4202467889532278,0.9522724537319289,RF
172,191,181,train,20,False,0.5440637106894805,0.7376067452846947,0.5050539501251774,0.5875199389771283,0.704827669446536,2.064517402139571,1.4074132998032587,1.3051044369291585,2.443921509121978,0.9555602276582937,RF
173,192,182,train,20,False,0.5653715775679635,0.7519119480151673,0.49132603125367,0.6046506390561938,0.7224664289054432,2.064517402139571,1.4311645495930587,1.3289807874577313,2.4209208744258133,0.9608391392270706,RF
174,193,183,train,20,False,0.5581045103020438,0.7470639265163617,0.48787656458852235,0.6042803342242136,0.7179391101846373,2.064517402139571,1.426054210176934,1.322815453348145,2.414624800306466,0.9610142916851353,RF
175,194,184,train,20,False,0.5501325579729067,0.7417092138924167,0.4769525047410236,0.6018641366600221,0.7133316180578043,2.064517402139571,1.4109968080049962,1.3103857060105077,2.400964376926201,0.961740267879794,RF
176,195,185,train,20,False,0.5535263647510702,0.7439935246701211,0.48040120514596496,0.6051320729985081,0.7173471912080186,2.064517402139571,1.4209134976710258,1.3172153061452496,2.4047483580568008,0.9641847239545299,RF
177,196,186,train,20,False,0.5434247595761829,0.7371734935387889,0.4663758792773318,0.5954333180821134,0.7073715891204044,2.064517402139571,1.4022412380180538,1.2987748238262062,2.430460674041176,0.9595727400949795,RF
178,197,187,train,20,False,0.54400201484031,0.7375649224578877,0.4746226503717612,0.5931366086562952,0.7077146841317232,2.064517402139571,1.4056131427668872,1.3032814077429262,2.443055171720344,0.9595286632847309,RF
179,198,188,train,20,False,0.5072912622516661,0.7122438221926998,0.4515374234354013,0.5711355989022365,0.6779335597726978,2.064517402139571,1.33065266823657,1.2330519657942323,2.396170996283609,0.9518279255629412,RF
180,199,189,train,20,False,0.4305220402358759,0.6561417836381676,0.4161947171861251,0.5289827118908614,0.631446073819656,1.911205965548546,1.2691499972669433,1.1680162971981776,2.441398666573318,0.9623622356717186,RF
181,200,190,train,20,False,0.4177388136121006,0.6463271722681173,0.4093324965016931,0.5211216044362501,0.6207874687854265,1.911205965548546,1.2471486192756998,1.1456470577952143,2.4267381604032616,0.9604848680691145,RF
182,201,191,train,20,False,0.4094937381371393,0.639916977534695,0.4180561805832235,0.5179797530305092,0.6142052276180342,1.911205965548546,1.2183787818771108,1.1234330996133415,2.386015576738206,0.9598201785242262,RF
183,202,192,train,20,False,0.3779296247041597,0.6147598105798391,0.41727697831724203,0.49746497636374076,0.5892434892846674,1.7109451960976458,1.1640018388178048,1.069348687654052,2.3837867118954223,0.9584938363633353,RF
184,203,193,train,20,False,0.3639682997309118,0.6032978532457345,0.4642399665480508,0.48495183175025147,0.5799556650601614,1.7109451960976458,1.1741990018299426,1.077904248955336,2.4557274327489345,0.9613090150081052,RF
185,204,194,train,20,False,0.3712214811879466,0.6092794770775942,0.5106936342154136,0.48783151105982475,0.5842146387427204,1.7041947802069908,1.1733585575120813,1.0738369443280955,2.4451381988918057,0.9588615089168977,RF
186,205,195,train,20,False,0.3669853183458598,0.605793131643022,0.5227217923131764,0.48598797565567253,0.580259142192147,1.7041947802069908,1.1692172819544666,1.067258717667142,2.445742219417658,0.9578503153681818,RF
187,206,196,train,20,False,0.3803177136378313,0.616699046243653,0.5363842748544424,0.49239791129641175,0.5881404905225643,1.7041947802069908,1.1840292200474445,1.080883125462043,2.4473470589326025,0.9536912601129508,RF
188,207,197,train,20,False,0.3958180163892092,0.6291406968152745,0.5260797902265172,0.5052103072235036,0.6007083320291365,1.7041947802069908,1.2054640749424022,1.1002787875013451,2.428555809763315,0.9548076210455574,RF
189,208,198,train,20,False,0.4267445872649972,0.6532569075524554,0.5316370800499224,0.5212503118389299,0.6225849687345559,2.130618781018832,1.2593168836906021,1.1534776933827158,2.4430978063970388,0.9530476624689399,RF
190,209,199,train,20,False,0.45131503828722286,0.6717998498713905,0.529327562315601,0.5355785480851961,0.6407586198430891,2.130618781018832,1.3111816419601552,1.19900763559376,2.470821402116666,0.9537939312814019,RF
191,210,200,train,20,False,0.4567461193986704,0.6758299485807583,0.5181946571749929,0.5401618363777153,0.64619516940883,2.130618781018832,1.3214754088474048,1.2083872196208234,2.4678315170926868,0.9561505387055408,RF
192,211,201,train,20,False,0.44584518319664124,0.6677163942847602,0.538463250527883,0.5319165345421262,0.6370002804903357,2.130618781018832,1.2900158398515367,1.1816397558700544,2.443103626389411,0.9539982632486855,RF
193,212,202,train,20,False,0.4383338999447356,0.662067896778522,0.5424072072373273,0.5230433438076167,0.6318475719436438,2.130618781018832,1.3141886381294845,1.2010176883182593,2.521178929109438,0.9543546440147246,RF
194,213,203,train,20,False,0.4204470805046303,0.6484189081948724,0.5358369988216858,0.5106316516956719,0.6172081319173925,2.130618781018832,1.270516434998141,1.1655032952469369,2.4932555710424875,0.9518663384379594,RF
195,214,204,train,20,False,0.39237756387816636,0.6264004820226166,0.5215125749318872,0.4902856321991022,0.5927961574820033,2.130618781018832,1.2277933846837885,1.1210728873072404,2.48765853521358,0.9463532907380491,RF
196,215,205,train,20,False,0.4070935132377974,0.638038802297946,0.5214370724796382,0.49819406927747734,0.6053119666857267,2.130618781018832,1.2622114565224587,1.156615245057774,2.5123488710784523,0.9487071389790855,RF
197,216,206,train,20,False,0.4167502766561001,0.6455619851386079,0.5072520982791544,0.5060036159406727,0.6149183314651808,2.130618781018832,1.2768263962910278,1.1724950582570823,2.489104533000549,0.9525318182004667,RF
198,217,207,train,20,False,0.38715587871197493,0.6222185136364675,0.49546938714818217,0.48617929468639864,0.5901195158059089,2.130618781018832,1.2314519409068818,1.1267077181655893,2.5045231895617106,0.9484120174390818,RF
199,218,208,train,20,False,0.3999788079792657,0.6324387780483307,0.5107462362198922,0.4964991162994984,0.6041061891030084,2.130618781018832,1.2663930490219797,1.1577345432803299,2.5368165105752314,0.9552010567208497,RF
200,219,209,train,20,False,0.41830484890504893,0.6467649100755614,0.5164161705879595,0.5098049621986205,0.6213040144740255,2.130618781018832,1.3007359107953191,1.1910533135270829,2.5341656664849723,0.9606334617031693,RF
201,220,210,train,20,False,0.4213057479271186,0.649080694464963,0.5199608304578521,0.510836755075817,0.6241793516373391,2.130618781018832,1.3234830839763565,1.2091444586767266,2.57935844184283,0.9616359829525509,RF
202,221,211,train,20,False,0.41368897722845777,0.6431865804169563,0.5358955842991401,0.5041417094745102,0.6162678790755743,2.130618781018832,1.30860543511351,1.1933810731840464,2.579929802263534,0.9581479120352115,RF
203,222,212,train,20,False,0.4378828177051143,0.6617271474747838,0.5676491242476014,0.5221721603335236,0.6368314811467183,2.130618781018832,1.3408194261713036,1.2250075243689464,2.559154822372542,0.9623777467449086,RF
204,223,213,train,20,False,0.44398810942218214,0.6663243275028926,0.5857817179696375,0.5267307739152445,0.6411788154441429,2.130618781018832,1.344158629299692,1.229483975765416,2.5379525761549813,0.9622623533002546,RF
205,224,214,train,20,False,0.4534090576990989,0.6733565605970576,0.5843857103490426,0.5309401785801205,0.6461686925982878,2.130618781018832,1.3465941365528704,1.238203695688773,2.5294910907519976,0.959623371049266,RF
206,225,215,train,20,False,0.467122154605922,0.6834633527892494,0.595126413144108,0.540454055378576,0.6574350418205317,2.130618781018832,1.3703689965687016,1.2639983399800796,2.531045432346412,0.9619170349624528,RF
207,226,216,train,20,False,0.45339677727266314,0.6733474417213324,0.582539945231678,0.5317514198520991,0.6492966528276993,2.130618781018832,1.3591664122990825,1.25401076737753,2.543101921501875,0.9642817549998406,RF
208,227,217,train,20,False,0.4332967300018812,0.6582527857912044,0.5696258958040747,0.5149656687042882,0.6314844680127399,2.130618781018832,1.325485422864756,1.2219318303772377,2.556166191609016,0.959334288655855,RF
209,228,218,train,20,False,0.4016135113913145,0.6337298410137513,0.5785156053766567,0.4980643208369749,0.6088199770642242,1.9852488513057862,1.2720202527143094,1.171669836639582,2.548974404950459,0.9606932444435947,RF
210,229,219,train,20,False,0.4098910087260532,0.6402273102000986,0.6059295118168582,0.5053855285527884,0.6134006011161484,1.787159127074758,1.2592607366555566,1.1594880769634852,2.5100025188712274,0.9580981494282621,RF
211,230,220,train,20,False,0.39834393866761586,0.6311449426776831,0.6147870442623077,0.4942148641206406,0.5994754009711043,1.787159127074758,1.2321844938150361,1.1338501734499935,2.512885004103461,0.9498220779965085,RF
212,231,221,train,20,False,0.41247124579772015,0.6422392434270271,0.631956263386538,0.5043114628936449,0.6109503432573544,1.787159127074758,1.2619105198769387,1.1596052031783102,2.527222724693803,0.9512815504659707,RF
213,232,222,train,20,False,0.39677247879525135,0.6298987845640373,0.6172715589945345,0.49381905814264637,0.5961105843834688,1.742846454803983,1.2141720201922157,1.1182033206952298,2.4894128355974074,0.9463593183404,RF
214,233,223,train,20,False,0.4000005871533994,0.632455996219025,0.6171294796839057,0.49581276984168976,0.5993582178786221,1.742846454803983,1.226799397808536,1.1274372684325584,2.5087036130184,0.9476678558852007,RF
215,234,224,train,20,False,0.4046857527999018,0.6361491592385404,0.6148483799094728,0.5011365477931278,0.6053533904523117,1.742846454803983,1.2393973681060306,1.1408524507680329,2.514860369639399,0.9515903332748397,RF
216,235,225,train,20,False,0.3907157649383593,0.6250726077331811,0.6277132113705269,0.49406427036252254,0.5936300428614424,1.742846454803983,1.2028294653181892,1.1057881894203148,2.479148975324981,0.9496977399381412,RF
217,236,226,train,20,False,0.3848238422202312,0.62034171407397,0.6673661280965097,0.4906973509511344,0.5882205595529751,1.742846454803983,1.17882275215833,1.0853658350916473,2.443364099730654,0.9482202247692716,RF
218,237,227,train,20,False,0.39038303858659174,0.6248064008847795,0.6698703125839784,0.49548660042768217,0.5949089503069256,1.742846454803983,1.1872372053834113,1.097026700995714,2.4299521940070625,0.95214925689699,RF
219,238,228,train,20,False,0.3837866126424813,0.6195051352833819,0.6977478673447898,0.48969453547826153,0.5887650320845859,1.742846454803983,1.181936577207587,1.0920590387250084,2.4559494225424134,0.9503795829154272,RF
220,239,229,train,20,False,0.3789281220347772,0.6155713785051878,0.6514127006971553,0.4871564658282045,0.5851308158950086,1.742846454803983,1.1679094806884263,1.0824888261313492,2.442004609032307,0.9505490936175442,RF
221,240,230,train,20,False,0.39930790830053914,0.6319081486264749,0.6073579727281719,0.4970709234939239,0.5997542056086202,1.7456945090528087,1.1951883238086987,1.110477231820107,2.4445578319015207,0.9491161127012763,RF
222,241,231,train,20,False,0.4233623480652491,0.6506630065289167,0.5897975054659327,0.5148401465348641,0.619731779902869,1.7456945090528087,1.2385509571745785,1.146628668593961,2.4491326906409263,0.9524619867493986,RF
223,242,232,train,20,False,0.43010872028864133,0.6558267456338155,0.5784556183738648,0.519243134434422,0.6237747472870189,1.7456945090528087,1.2402900507498393,1.1525308223328434,2.439051358266593,0.9511273387976571,RF
224,243,233,train,20,False,0.4266635134658133,0.6531948510711129,0.5738645371498227,0.5170508205397488,0.6213881949849961,1.7456945090528087,1.2287383589970509,1.1402439413127425,2.4296587530821516,0.9513060214207751,RF
225,244,234,train,20,False,0.3887406600783744,0.6234907056872415,0.5586628886960949,0.4975813780006272,0.5956402767873108,1.7456945090528087,1.1774916992541429,1.0901404578773009,2.4058576689956466,0.9553314449663967,RF
226,245,235,train,20,False,0.3799689626115089,0.6164162251364811,0.5377114250985079,0.48897786957175987,0.5889362347208698,1.7456945090528087,1.1738491761813026,1.0848376812985978,2.44466438900028,0.9554197483858784,RF
227,246,236,train,20,False,0.3606166246766163,0.6005136340472349,0.5319685426305053,0.4770734083054348,0.572831141370457,1.7456945090528087,1.143253960096602,1.0547511740360314,2.438892523384113,0.953901974730851,RF
228,247,237,train,20,False,0.378436399649405,0.6151718456247856,0.513633680656331,0.4923393282116951,0.5890743029533312,1.7456945090528087,1.1667033271353886,1.0792795963966813,2.414855595442195,0.9575768253097653,RF
229,248,238,train,20,False,0.3952378297206057,0.6286794331935838,0.49928102657322015,0.5041351692715221,0.6028453527139621,1.7456945090528087,1.1894240484670169,1.1021638831688656,2.3966683627086964,0.95890738726987,RF
230,249,239,train,20,False,0.40158546410964585,0.6337077118906206,0.4958083657164034,0.5016779816495431,0.6060784295832312,2.1892267547043973,1.2123824596957,1.1254204201630085,2.4313641563034105,0.9564005900686305,RF
231,250,240,train,20,False,0.410459760999645,0.6406713361776418,0.5153545193876828,0.5091608752782827,0.6174753716931782,2.1892267547043973,1.2352886556840563,1.1489675050624457,2.441513531296233,0.9637942839415061,RF
232,251,241,train,20,False,0.3910433041207462,0.6253345537556246,0.5081968379751863,0.49507998980766327,0.6000013767887824,2.1892267547043973,1.1936875978042691,1.1096122659434708,2.4164138628305833,0.9594886020375867,RF
233,252,242,train,20,False,0.41199571762663717,0.6418689255811012,0.5054981250458416,0.5105625490730078,0.6185195198513532,2.1892267547043973,1.239790384761303,1.151819255461023,2.4240732627192534,0.9636227821613126,RF
234,253,243,train,20,False,0.4279339998910393,0.6541666453519618,0.5158523629300386,0.5223017755093511,0.6307469239043091,2.1892267547043973,1.2547078579016595,1.1674199405868537,2.403782394305071,0.9641991507606564,RF
235,254,244,train,20,False,0.4352205767982956,0.6597124955602217,0.5478145121335708,0.5270812865260542,0.637744236117377,2.1892267547043973,1.2708377429088773,1.1816354179475164,2.4168395180474413,0.9667002526241534,RF
236,255,245,train,20,False,0.4309597285041284,0.6564752306859173,0.5471751005604306,0.5238020282582029,0.6327772349426523,2.1892267547043973,1.2577496379240634,1.1694131005668014,2.401604717657349,0.9639011578266187,RF
237,256,246,train,20,False,0.42409204904353304,0.6512235016056569,0.5597506977630218,0.5168859157295508,0.6243173916227627,2.1892267547043973,1.2490521135147994,1.1597920350802866,2.423362697719972,0.958683754630239,RF
238,257,247,train,20,False,0.4268321050295064,0.6533238898352841,0.5715624552384773,0.5214405279677664,0.627007063986508,2.1892267547043973,1.247271351824238,1.1581137349852075,2.3948538502555494,0.9597185618676655,RF
239,258,248,train,20,False,0.42290880439900763,0.6503143888912559,0.557895113011672,0.5190608858501435,0.6224423157997623,2.1892267547043973,1.2406001717618742,1.150052716908948,2.396781974394634,0.9571406175726579,RF
240,259,249,train,20,False,0.43709287857930884,0.6611300012700292,0.5812491080816836,0.5267874370140161,0.6321662954182392,2.1892267547043973,1.253520931986578,1.1614023274772838,2.3889176276967943,0.9561906042742717,RF
241,260,250,train,20,False,0.40992425884225653,0.640253277103879,0.5832332262876643,0.5110785041204763,0.6104689682385704,2.1892267547043973,1.205791112729208,1.1161206685805516,2.3706188774914594,0.9534804273083382,RF
242,261,251,train,20,False,0.38967700028457763,0.6242411395322945,0.5893256423876947,0.49673735119407114,0.5947687957193211,2.1892267547043973,1.1799624848920909,1.0948567467991712,2.3902100208777606,0.9527869248812161,RF
243,262,252,train,20,False,0.3926449302340678,0.6266138605505529,0.591907772745422,0.49564778047920555,0.596433532313679,2.1892267547043973,1.2043240147488226,1.1142883488653827,2.425662544353077,0.9518358431931956,RF
244,263,253,train,20,False,0.37427816818277326,0.6117827785928378,0.5825221669406953,0.48256365417187996,0.578841022740069,2.1892267547043973,1.1715191201354873,1.0854854872999027,2.439840896427427,0.946154489787146,RF
245,264,254,train,20,False,0.3757690437429229,0.6130000356793814,0.6037176268102145,0.4798848672127119,0.5803498985877394,2.1892267547043973,1.1911164090686093,1.1005029540286955,2.500861239001268,0.9467371367189952,RF
246,265,255,train,20,False,0.3734005767553815,0.6110651166245554,0.6109146550070889,0.480428544473073,0.5782585583766215,2.1892267547043973,1.1732475875164452,1.0856171780661237,2.457814464036559,0.9463125003286834,RF
247,266,256,train,20,False,0.37172014499980494,0.6096885639404801,0.6156056935617816,0.4761869507483465,0.5762568339788328,2.1892267547043973,1.1805018786575052,1.088384066294453,2.5148951407812357,0.9451658897034666,RF
248,267,257,train,20,False,0.36572497022485495,0.6047519906745698,0.7026496419833768,0.4683186697406171,0.57175562149097,2.1892267547043973,1.1831559809459553,1.090343928209329,2.55515008707958,0.9454381801260481,RF
249,268,258,train,20,False,0.3503533001439733,0.5919064961157069,0.77460179792669,0.4591304532442705,0.5594525095874923,2.1892267547043973,1.1533172809566203,1.0614195099583121,2.5388700859177344,0.9451704167107665,RF
250,269,259,train,20,False,0.3063933608409297,0.5535281030272354,0.7998445475248631,0.43532755783179045,0.5280527167683722,1.9899593941581524,1.0843952074354222,0.9965476965839823,2.5261076986603883,0.9539763453390373,RF
251,270,260,train,20,False,0.30686196915638797,0.5539512335543517,0.7946205109145343,0.43818498040411724,0.528514026699425,1.9899593941581524,1.0874472527971315,0.9941004379184454,2.5152222403705937,0.9540804220405606,RF
252,271,261,train,20,False,0.31771226820149556,0.563659709577947,0.789830002263229,0.44743461192875805,0.5395570893503591,1.9899593941581524,1.1126569427161557,1.0156777840466928,2.53071174294542,0.9572390578605746,RF
253,272,262,train,20,False,0.29577833728359865,0.5438550701093064,0.8155871223532458,0.43009474881375465,0.519702383081078,1.9899593941581524,1.0667725261709367,0.9703527597882623,2.5419106849477746,0.9555898467152762,RF
254,273,263,train,20,False,0.3047511587947177,0.5520427146468991,0.7990679207677056,0.43104734781407916,0.5251195127447165,2.0183614585511096,1.0988067273249125,1.0000153303793855,2.5851498337233063,0.9512298574225303,RF
255,274,264,train,20,False,0.29729192876078747,0.545244833777256,0.7490073901643433,0.424458103525308,0.5179298392040514,2.0183614585511096,1.0883648507548913,0.9906103804961006,2.5981049972474173,0.9499032491807832,RF
256,275,265,train,20,False,0.3077455744042177,0.5547482081126696,0.7361425192656317,0.4309004692154903,0.5286702592208311,2.0183614585511096,1.1171920227489553,1.0185086523942304,2.6306847218228016,0.952991377871126,RF
257,276,266,train,20,False,0.32315747300479897,0.5684694125498742,0.7465814745465904,0.44666014865782844,0.5446782800720174,2.0183614585511096,1.1338273383412933,1.0370210926548007,2.5906882802579356,0.9581487905019527,RF
258,277,267,train,20,False,0.3285019717335481,0.5731509153212163,0.7288572887520571,0.44970344027536047,0.5492684741333289,2.0183614585511096,1.1449731962537624,1.0455281847689628,2.6003461642031733,0.9583313215603909,RF
259,278,268,train,20,False,0.336313772901254,0.579925661530212,0.7397708589652912,0.4561213666507743,0.557621216586719,2.0183614585511096,1.1566205763334443,1.0563539851845494,2.581750325818242,0.9615391309212984,RF
260,279,269,train,20,False,0.30778050262472206,0.554779688367123,0.6827894041517336,0.4346434059062202,0.5330674825955701,2.0183614585511096,1.122637393675862,1.0226721638075507,2.6354100849635222,0.9608633729265429,RF
261,280,270,train,20,False,0.3081381121995934,0.555101893529101,0.6982206100885664,0.43341576408639393,0.5334999697239831,2.0183614585511096,1.1289528783063216,1.027003270159765,2.6634340380491146,0.961084759290259,RF
262,281,271,train,20,False,0.3225793376464281,0.5679606831871623,0.643494236232759,0.44497598581514347,0.545399409609586,2.0183614585511096,1.1460713081054743,1.0431981178733853,2.6404388607537976,0.9602766982901499,RF
263,282,272,train,20,False,0.2856309611233822,0.5344445351235076,0.5826010831331184,0.41911735829438346,0.5146254700391975,2.0183614585511096,1.0811078722867375,0.9811993190478295,2.657402611746634,0.9629165165292034,RF
264,283,273,train,20,False,0.30635299540436545,0.5534916398685399,0.5927057436798675,0.4343625269736748,0.5338663736368485,2.0183614585511096,1.12372821300502,1.0189469811706666,2.6497626915060324,0.964542795558118,RF
265,284,274,train,20,False,0.33753822142527745,0.5809803967650522,0.5906993789281874,0.45267958745389614,0.5553918669911938,2.0428628640189723,1.1703784042755552,1.064237680542592,2.642874722518429,0.9559562940224189,RF
266,285,275,train,20,False,0.34143076464677813,0.5843207720480063,0.5713970799905369,0.45613995555683984,0.5587535406303417,2.0428628640189723,1.1844051031748968,1.0721190976443509,2.6541437524798077,0.956244527593888,RF
267,286,276,train,20,False,0.3493578301338719,0.5910649965391893,0.5857720315124569,0.46521181042365106,0.5669772240998427,2.0428628640189723,1.186543056417253,1.078963191857753,2.593767113291564,0.9592468297388856,RF
268,287,277,train,20,False,0.36037512370467206,0.6003125216957181,0.5891316636548694,0.4748420848559207,0.5748504206303299,2.0428628640189723,1.1856288830092683,1.0805148051079576,2.5507046226936767,0.9575852574364686,RF
269,288,278,train,20,False,0.40365881433168055,0.6353414942624798,0.6470644455458852,0.4990566780809578,0.60261908540344,2.0428628640189723,1.2288720257468744,1.124186594413017,2.5403883100502065,0.9484963454228269,RF
270,289,279,train,20,False,0.4914812158885148,0.7010572129922884,0.6522657931455188,0.5424386275575626,0.6523377902510441,2.4804561237868477,1.312355567722195,1.2045885526123694,2.520832288962379,0.9305057820697721,RF
271,290,280,train,20,False,0.4880613401173523,0.6986138705446323,0.6260484150653512,0.5383611889804927,0.6487503786508794,2.4804561237868477,1.3083691837934164,1.2019302711525344,2.538450997051574,0.9286251046592019,RF
272,291,281,train,20,False,0.5016748807354623,0.7082901105729645,0.6267354107567735,0.542959290297181,0.6584872510069022,2.4804561237868477,1.340741260514805,1.2341213974780314,2.5748284441280855,0.9296857900136786,RF
273,292,282,train,20,False,0.5021133058659513,0.7085995384319349,0.6289353361926462,0.5448853700644719,0.6590963358876489,2.4804561237868477,1.3318096480062096,1.2305640787005294,2.5275540266569663,0.930139380765288,RF
274,293,283,train,20,False,0.48312104871509315,0.6950690963602778,0.6363363660627499,0.5358911091960159,0.6465502579437923,2.4804561237868477,1.3032702041585904,1.2043836579029374,2.522792549154217,0.9301956615960141,RF
275,294,284,train,20,False,0.4923720868685252,0.7016923021300185,0.6510885458615129,0.5421483443122382,0.6552196875183948,2.4804561237868477,1.3200789398069273,1.2205849897910832,2.524530173000795,0.9337706649046112,RF
276,295,285,train,20,False,0.4996032782531657,0.7068262008819182,0.6646637023503404,0.5496655302378461,0.6607846778138946,2.4804561237868477,1.3227694586135712,1.2269205389281872,2.494546886937996,0.9348616066996712,RF
277,296,286,train,20,False,0.49119123926655306,0.7008503686711972,0.6697250826579141,0.5423594555941134,0.6533708731593599,2.4804561237868477,1.3165321330474122,1.218989116808404,2.509287349637101,0.9322544474052888,RF
278,297,287,train,20,False,0.47799789754716643,0.6913739202104505,0.6754047878079354,0.5282827164392163,0.6400369157006869,2.4804561237868477,1.3053805068870954,1.2077882767309127,2.5872817360828186,0.92574639712453,RF
279,298,288,train,20,False,0.4757277474388991,0.6897301990190796,0.6691498507299345,0.5268903811517062,0.6378941264433485,2.4804561237868477,1.2946618343982181,1.2023958439459055,2.5705721687765513,0.9248458706760248,RF
280,299,289,train,20,False,0.48530239277348775,0.6966364853878153,0.6733987575356064,0.537974515005403,0.6486896349998607,2.4804561237868477,1.31619163038879,1.2231494303466517,2.5391382124385986,0.9311737880606945,RF
281,300,290,train,20,False,0.48210739897488464,0.6943395415608163,0.673302096578183,0.5359914009552662,0.6444316764592263,2.4804561237868477,1.3000328861192212,1.2107350073162457,2.5020996831136473,0.9281218163243282,RF
282,301,291,train,20,False,0.475448342997504,0.6895276230851843,0.7365050353434777,0.5318465233378876,0.6395106084300851,2.4804561237868477,1.2854485442408348,1.1973636585953025,2.4928577866549446,0.927461913082893,RF
283,302,292,train,20,False,0.48944330938850344,0.6996022508457955,0.7974635864580861,0.5457348099835674,0.6551100088331372,2.4804561237868477,1.313369346954166,1.2246333728918066,2.4657255945126346,0.9364035179148313,RF
284,303,293,train,20,False,0.4771432878957581,0.6907555920119345,0.8181929537625957,0.540286327394062,0.6454077761255131,2.4804561237868477,1.2918371457639044,1.2025379642949772,2.4538075659116174,0.9343504179903361,RF
285,304,294,train,20,False,0.44423485541065144,0.6665094563550104,0.8123507544017329,0.5231526340559683,0.622129622334372,2.4804561237868477,1.232515498805644,1.146839295665179,2.422139950543957,0.9334145470893365,RF
286,305,295,train,20,False,0.43334471088566395,0.6582892304190188,0.8283316591011862,0.5116240098118933,0.6113405805964682,2.4804561237868477,1.2163253345677953,1.1327853549511202,2.4678090968362634,0.928680817408077,RF
287,306,296,train,20,False,0.4245135002479925,0.6515470054017535,0.8253757085368072,0.5021410343071671,0.601952001304333,2.4804561237868477,1.2077149785163532,1.1217494027995034,2.5105549882197633,0.9238811571747775,RF
288,307,297,train,20,False,0.4113469535399674,0.6413633553142614,0.7983394922884355,0.4960743258712781,0.5922970293369811,2.4804561237868477,1.1894859635918378,1.1032092898459678,2.4988804976988597,0.9234968359655686,RF
289,308,298,train,20,False,0.3660208946727225,0.6049966071580257,0.7729774902986302,0.4703895966333608,0.5624027547632354,2.4804561237868477,1.142842239434408,1.0547311352140982,2.50867119391722,0.9295965433676148,RF
290,309,299,train,20,False,0.278783566951135,0.5279995899156883,0.6980830233525408,0.42745821901787623,0.5134275841888853,1.7800445105038194,1.0607365916392344,0.9764523322044155,2.5290191896051817,0.9724014828702238,RF
291,310,300,train,20,False,0.2806347348775979,0.5297496907763117,0.7345466028454748,0.43015753268613466,0.5154359717341135,1.7800445105038194,1.0519985858681558,0.9721370944130152,2.488998263145235,0.9729802219965009,RF
292,311,301,train,20,False,0.27559960801000616,0.5249758165953992,0.725180503967171,0.42854544295167873,0.5121384214363653,1.4984906698073228,1.037920893833331,0.9574353068479459,2.472884301572627,0.9755466923366345,RF
293,312,302,train,20,False,0.2812620378682536,0.5303414351795017,0.7340354249368324,0.4317933165979689,0.5186983159399059,1.4984906698073228,1.0694003244047567,0.9842777118987532,2.5380934191440865,0.9780459936424635,RF
294,313,303,train,20,False,0.3025285775504112,0.5500259789777309,0.7399186494285946,0.4434703686935254,0.5325148497890716,2.0672950947459454,1.100386450062118,1.0159654211004576,2.535741271991716,0.9681630870941675,RF
295,314,304,train,20,False,0.3202545213983922,0.5659103474918905,0.7251408598499237,0.45387289974378014,0.5444917297440642,2.0672950947459454,1.1227352473518721,1.0385512320682737,2.5291694763703787,0.962151924164749,RF
296,315,305,train,20,False,0.32575873392228066,0.5707527782869574,0.712235318429274,0.4547807906497763,0.5481986545178581,2.0672950947459454,1.1255635472797167,1.041230971300593,2.530495525504858,0.9604835497484697,RF
297,316,306,train,20,False,0.32682724286273607,0.5716880642996984,0.6800957392444098,0.4543855845439075,0.5492591264626693,2.0672950947459454,1.1363756193480494,1.0474123958488268,2.557579506803978,0.9607671749024462,RF
298,317,307,train,20,False,0.32607381301283067,0.5710287322130391,0.6426232939807861,0.45703410556214646,0.5481847751227285,2.0672950947459454,1.1191368576559122,1.034613982483178,2.4677651039973703,0.9599950829062871,RF
299,318,308,train,20,False,0.3341899751327958,0.5780916667214602,0.5977410703155309,0.463792825233811,0.5552002690912199,2.0672950947459454,1.1282823591645603,1.0434687220120498,2.4550116572663123,0.9604017858273851,RF
300,319,309,train,20,False,0.3388048898637899,0.5820694888617595,0.6082649279831508,0.4663675676039528,0.5591079862921196,2.0672950947459454,1.1324716494111813,1.050122991135062,2.449971182073596,0.9605519564089482,RF
301,320,310,train,20,False,0.36714016151837486,0.6059209201854437,0.6130722987268503,0.4878583025415203,0.5836279773190827,2.0672950947459454,1.1841814807586635,1.0994430793574044,2.459615263657048,0.9632081644259151,RF
302,321,311,train,20,False,0.39237866242895025,0.626401358897752,0.6126485576056071,0.5004129966511881,0.5996503897399271,2.0672950947459454,1.208516281836308,1.125315215884451,2.4570767981367823,0.9572942031848443,RF
303,322,312,train,20,False,0.38153546496049584,0.6176855712743303,0.608048694116362,0.4915718733658986,0.5886988188419564,2.0672950947459454,1.1860912196076476,1.1027621429278893,2.4550293159976517,0.9530719936155022,RF
304,323,313,train,20,False,0.38786537458567677,0.622788386681766,0.6068158466274156,0.49493927050839187,0.5940590114842133,2.0672950947459454,1.1871653153098574,1.1104597612944493,2.4400577729640145,0.9538697640933488,RF
305,324,314,train,20,False,0.3906838261400756,0.6250470591404103,0.5830021945647645,0.4964547291451161,0.5968654771530544,2.0672950947459454,1.1934103235998423,1.1161421500817126,2.447059374343596,0.9549128636392397,RF
306,325,315,train,20,False,0.4291327515020426,0.6550822478910894,0.6136807691191494,0.5227400801328596,0.625151207804088,2.0672950947459454,1.2283092505654705,1.1535005322106513,2.377956435627264,0.9543094929173266,RF
307,326,316,train,20,False,0.42831922369615966,0.6544610177055312,0.5913041354282335,0.5229595306908255,0.6240376881876885,2.0672950947459454,1.2190937320777595,1.1466187494470004,2.3440907276760856,0.9535139164980313,RF
308,327,317,train,20,False,0.41680474185337724,0.6456041680886031,0.5734636358287514,0.5106163708448418,0.611527402861645,2.0672950947459454,1.2055560596666692,1.130385064484773,2.371815778802452,0.9472172471750812,RF
309,328,318,train,20,False,0.4194594178037218,0.6476568673330978,0.575273734220114,0.5118031963778397,0.6142560271798218,2.0672950947459454,1.2271799541704822,1.148989918662792,2.417480173697682,0.9484281849881203,RF
310,329,319,train,20,False,0.43108994617569196,0.6565744026199102,0.5759227803184845,0.5191556655803057,0.625569520969101,2.0672950947459454,1.251386972115494,1.1722962629864575,2.4297967818869664,0.9527778092976344,RF
311,330,320,train,20,False,0.44034168742195134,0.6635824646733451,0.5507932450639605,0.5245138203914583,0.6337846149756119,2.0672950947459454,1.2778637672056434,1.1950995920084921,2.4593085505926426,0.9550954835547055,RF
312,331,321,train,20,False,0.4318272803572854,0.657135663586512,0.5267415775439929,0.5193836540641088,0.6273984339407908,2.0672950947459454,1.268674058917726,1.1887485191127936,2.4674850236341435,0.9547471986478081,RF
313,332,322,train,20,False,0.43132548160519296,0.6567537450256321,0.5087981851200815,0.5202194177557768,0.6268885742358192,2.0672950947459454,1.2606411416231222,1.1823248408024858,2.4399252291507745,0.9545260746268797,RF
314,333,323,train,20,False,0.39558990652822273,0.6289593838462247,0.5027378259003626,0.49647522505235486,0.598032992432268,1.7228250723127392,1.194799714983671,1.114222201767845,2.4385955294844406,0.9508292710018332,RF
315,334,324,train,20,False,0.3721725127818948,0.6100594338110794,0.5013509064778409,0.4834645934583877,0.5810666147176569,1.7228250723127392,1.164594047673439,1.0832534053734209,2.442600213051526,0.9524754188091108,RF
316,335,325,train,20,False,0.3540579661377353,0.5950277019918782,0.5037781442930733,0.4734469073553734,0.566856757486047,1.7228250723127392,1.1387003307014458,1.0561798904040074,2.4341411661887857,0.9526560790169469,RF
317,336,326,train,20,False,0.3550306444864705,0.5958444801174804,0.4755724262737142,0.4721916404519046,0.5677854510438619,1.7228250723127392,1.1387727091548892,1.059695059887233,2.4423154228913364,0.9529088042099741,RF
318,337,327,train,20,False,0.3606885920207026,0.6005735525484805,0.5085550644004151,0.4782004453485638,0.5747012648681301,1.7228250723127392,1.1538666022275756,1.072440699963278,2.450520513354957,0.956920700935691,RF
319,338,328,train,20,False,0.3584881838585628,0.5987388277526043,0.5335030413035554,0.47673198267781036,0.572958144346242,1.7228250723127392,1.1541287850226436,1.0696301270999489,2.4570512039991206,0.9569416877419971,RF
320,339,329,train,20,False,0.3563104769732142,0.5969174791989377,0.5024286653881482,0.47634275997725073,0.5711782913433835,1.7228250723127392,1.1401629098265,1.0576724819802399,2.431873667546569,0.9568798221655427,RF
321,340,330,train,20,False,0.33643427097307865,0.5800295431898953,0.5014801074563922,0.461546372574776,0.5564765648109754,1.7228250723127392,1.1138542097886508,1.0312803898427474,2.44954520392045,0.9593934849432162,RF
322,341,331,train,20,False,0.29869740940220163,0.5465321668504075,0.4669808694835139,0.43721222950335303,0.5280348459104489,1.7228250723127392,1.064671089151226,0.9820854871644398,2.451764903193447,0.9661551102352196,RF
323,342,332,train,20,False,0.3187138047758204,0.5645474335924489,0.48633978892256763,0.4547775413686791,0.5458041523289978,1.7228250723127392,1.088167350247851,1.0064073636709896,2.4239299836007753,0.96679945714361,RF
324,343,333,train,20,False,0.3127511882602968,0.5592416188556578,0.4965254901040869,0.44891460746773076,0.5407838867837336,1.7228250723127392,1.0879809854852827,1.0035941101566386,2.4571596335111416,0.9669950671595344,RF
325,344,334,train,20,False,0.32696321582392696,0.5718069742701002,0.5195617790164143,0.45543232756815166,0.5518688519922164,1.7228250723127392,1.1220281274004047,1.0369886840999984,2.4913512592291207,0.9651313761897807,RF
326,345,335,train,20,False,0.3122501045486417,0.5587934363865075,0.47581660105542284,0.44629701260245913,0.5434976961620749,1.667434562076353,1.1192586018885855,1.031232963107016,2.517127981453977,0.9726272013441246,RF
327,346,336,train,20,False,0.3120924415440794,0.5586523440782106,0.49773028229093824,0.44524624383681777,0.5432736924031866,1.667434562076353,1.1240951772639076,1.0352096123467964,2.5442174434006057,0.9724718747929016,RF
328,347,337,train,20,False,0.32188216677427944,0.5673466019764986,0.5115272505497909,0.45387478175327145,0.5542715076674898,1.667434562076353,1.1463683143937469,1.056099583433662,2.549543698380838,0.9769539567815191,RF
329,348,338,train,20,False,0.346482642493687,0.5886277622519065,0.47732738797392504,0.4731564688368537,0.5720569506618526,1.667434562076353,1.1518636047783368,1.064522646497513,2.4825452057666055,0.971848402925035,RF
330,349,339,train,20,False,0.3341708304394949,0.578075107956998,0.46716984501128345,0.4640333152852511,0.5598748953298578,1.667434562076353,1.1338187106603663,1.0446023937518225,2.5050944256192937,0.9685158340557813,RF
331,350,340,train,20,False,0.32749870883016174,0.5722750290115425,0.48980756624437366,0.45947662762299346,0.5542067554606291,1.667434562076353,1.1268337659758758,1.0347032174790445,2.5171757588738557,0.9684272899655929,RF
332,351,341,train,20,False,0.31702298344472085,0.5630479406273686,0.5139807402162642,0.4508936251205209,0.5436779039639466,1.667434562076353,1.100494547633512,1.009653036647753,2.507661193141985,0.965597890932983,RF
333,352,342,train,20,False,0.3248662835786492,0.5699704234244521,0.5652671569324891,0.45774587270188827,0.5507140487827082,1.667434562076353,1.1145932354654766,1.0201994499496476,2.497386100054405,0.9662151335396506,RF
334,353,343,train,20,False,0.3279315269220851,0.5726530598207654,0.573874170371222,0.4621878348619882,0.5548354163856823,1.667434562076353,1.1139182022059018,1.0246612009979026,2.4621701124571134,0.968885797203878,RF
335,354,344,train,20,False,0.3565419993472844,0.597111379348346,0.5153456956315562,0.4806397430095662,0.5747225899715691,1.7529081508937228,1.1466848405062606,1.0554426175235947,2.4447033518711074,0.9625048355279868,RF
336,355,345,train,20,False,0.36045782115844893,0.6003813964126877,0.4799174969203498,0.48162150553288435,0.5784022399504342,1.7529081508937228,1.1629908026808724,1.0685494481489388,2.4765564426962383,0.9633913432468424,RF
337,356,346,train,20,False,0.35646768451085775,0.5970491474835701,0.5111818689132931,0.47962201609829924,0.574350971749152,1.7529081508937228,1.1658477480673675,1.0679451715720938,2.499444993079929,0.9619827348718512,RF
338,357,347,train,20,False,0.3637382195605763,0.603107137713173,0.513624794312156,0.48181265521503536,0.5810220708774567,1.7529081508937228,1.1944826812132343,1.0925483928964217,2.551026291378409,0.9633811880929528,RF
339,358,348,train,20,False,0.3512209916417318,0.5926390061763838,0.5189898474890982,0.4711760564293126,0.5681066227000902,1.7529081508937228,1.1703293597313398,1.0693835625139405,2.5508545762002752,0.9586048450732718,RF
340,359,349,train,20,False,0.35322643445755364,0.5943285576661731,0.5340449789547869,0.47244073730747554,0.5697493649977962,1.7529081508937228,1.1817643554735096,1.0764854087079994,2.5672200423437177,0.9586437630308474,RF
341,360,350,train,20,False,0.3435587314832881,0.5861388329425786,0.527491666706273,0.46308153528347357,0.5580022886666507,1.7529081508937228,1.1624379489372794,1.0572060746698657,2.5901173348652358,0.9519967920660115,RF
342,361,351,train,20,False,0.34903483716962475,0.5907917037075121,0.5374494721228146,0.46772477157690806,0.5642100749441592,1.7529081508937228,1.1872719182267988,1.079827558923772,2.6269472466131574,0.9550067670271266,RF
343,362,352,train,20,False,0.34239222957840726,0.5851429138068812,0.5213439627234664,0.45858180061012843,0.5594173998663259,1.7529081508937228,1.1931089636750065,1.0869266478671766,2.672724398261291,0.9560355028941773,RF
344,363,353,train,20,False,0.33542067660231745,0.579155140357329,0.4909307630355643,0.45354402526410825,0.5519912196424756,1.7529081508937228,1.1721793069867528,1.06812483643641,2.6552413588568764,0.9530973329562547,RF
345,364,354,train,20,False,0.3265139312924571,0.5714139754087724,0.4774933640850037,0.4520843948797431,0.5455096628613854,1.7529081508937228,1.1408885667590074,1.0386574291668988,2.605738752406734,0.9546662950816772,RF
346,365,355,train,20,False,0.3074695220137576,0.554499343564767,0.487287776032682,0.4422546687715685,0.5308189752332707,1.7529081508937228,1.104547819246904,1.0031006848047954,2.581638884457037,0.9572941454190732,RF
347,366,356,train,20,False,0.3052786054519098,0.5525202308078048,0.4915106087528092,0.4406407384483133,0.5273401374702638,1.7529081508937228,1.0935106734716036,0.9924654329749452,2.5551617781525566,0.9544268391752339,RF
348,367,357,train,20,False,0.2977313006129739,0.5456475974591787,0.47083379318479457,0.4341539751006237,0.5194078099054784,1.7529081508937228,1.083430229790849,0.9831446940680788,2.571844221048397,0.9519107429852407,RF
349,368,358,train,20,False,0.2763156817325639,0.5256573805555895,0.4967678106490716,0.41763751173041586,0.5045546970028704,1.7529081508937228,1.0798847881107023,0.9764433538770625,2.6249771797649477,0.9598546803805649,RF
350,369,359,train,20,False,0.28771069738313254,0.5363867050767874,0.5206437814669481,0.4284816085131687,0.5159971018888009,1.7529081508937228,1.0868699402619817,0.9871522077114246,2.5721113701819815,0.9619871204953381,RF
351,370,360,train,20,False,0.2811657797793158,0.5302506763591309,0.5088208379329008,0.4229902339746287,0.5088966012818938,1.7529081508937228,1.0618625949339668,0.9673736493329625,2.543803549644985,0.9597283397658992,RF
352,371,361,train,20,False,0.29182923067150124,0.5402122089248829,0.5076009414290866,0.43395221087302815,0.5195807726998799,1.7529081508937228,1.0776598214429498,0.979900155105328,2.521212766236023,0.9618086450395796,RF
353,372,362,train,20,False,0.2849897867107559,0.5338443468940698,0.5084223651043951,0.42820506729265917,0.5135543534097446,1.7529081508937228,1.0545410073712522,0.9622308079361511,2.5022815637099853,0.9619926789477622,RF
354,373,363,train,20,False,0.295197136844455,0.5433204734265542,0.5273031701614611,0.43613792932896783,0.5235099836115663,1.7529081508937228,1.0762458620444735,0.9808877913512986,2.513056600267115,0.9635381128009969,RF
355,374,364,train,20,False,0.28876751797855565,0.5373709314603421,0.5459851049158156,0.43210945655474176,0.5198639640548464,1.5182995823862333,1.064515433619099,0.9712010662300005,2.5090013436225305,0.9674210747538589,RF
356,375,365,train,20,False,0.29714658911950825,0.5451115382373668,0.6316617845254068,0.4358295261901818,0.5264629282146702,1.7305302494625852,1.0906922897002507,0.9961053436524143,2.539914303145624,0.9657893683868858,RF
357,376,366,train,20,False,0.2969712402128754,0.5449506768624803,0.6325194268675789,0.4370202184089337,0.5262680935975232,1.7305302494625852,1.0759524253809811,0.9825868221842173,2.4920709189843215,0.9657169280483862,RF
358,377,367,train,20,False,0.2915957549707434,0.5399960694030498,0.6334904847876981,0.4344111505579609,0.5215024430066046,1.7305302494625852,1.0660837972230257,0.9696286725255854,2.487964872450738,0.9657522944252366,RF
359,378,368,train,20,False,0.30599620318862664,0.5531692355768049,0.6544344755964323,0.44462018770679207,0.5359155657363154,1.7305302494625852,1.1018296885475476,1.0044541958321178,2.5126845570523124,0.9688094190153242,RF
360,379,369,train,20,False,0.3226850442362849,0.5680537335818548,0.6578577332156882,0.45204089980945605,0.5471973036822336,1.8440929249225868,1.1298695860518064,1.0314208029223386,2.5278130488883224,0.9632844066209876,RF
361,380,370,train,20,False,0.3357938075940955,0.5794771847053993,0.6392415664839017,0.46517227107135317,0.5620183761753044,1.8440929249225868,1.157339557112233,1.0546826468425796,2.5013071498600525,0.9698714479346225,RF
362,381,371,train,20,False,0.3397881450254374,0.5829134970348837,0.6317324686960586,0.46810632338010805,0.5657160037675977,1.8440929249225868,1.166839251247556,1.0622669676167047,2.5038515669907584,0.9704973493412578,RF
363,382,372,train,20,False,0.3241019887897755,0.5692995598011432,0.6323975560086122,0.45676707257927285,0.549461845553519,1.8440929249225868,1.1287652640784094,1.023634511935808,2.4797287703082023,0.9651541725158657,RF
364,383,373,train,20,False,0.34016496923619194,0.5832366322824656,0.6286908684132201,0.46774229662835837,0.5642519898337043,1.8440929249225868,1.1562014987071365,1.0508746119381256,2.475452738001401,0.967449502658182,RF
365,384,374,train,20,False,0.34826134334134184,0.5901367158051953,0.626901567849175,0.4725394762507891,0.5701907453401202,1.8440929249225868,1.1766537892565183,1.0700094146632428,2.493125400563135,0.9662011023363282,RF
366,385,375,train,20,False,0.379934780332481,0.6163884978911279,0.5438144462576185,0.4897770953422704,0.5921574995138199,1.8440929249225868,1.2113252686488194,1.1096336162391194,2.4904182769461447,0.9606887564251922,RF
367,386,376,train,20,False,0.3891017726446364,0.6237802278404121,0.5203661989293271,0.4972565776405017,0.6037354120407439,1.8440929249225868,1.2448759776844112,1.1364670438629327,2.53071488642989,0.9678655800472142,RF
368,387,377,train,20,False,0.39239378670852587,0.626413431136758,0.5031199872867473,0.501146810574861,0.6075253730142391,1.8440929249225868,1.2496275322712336,1.1411816229383849,2.5162680423242714,0.9698472970347355,RF
369,388,378,train,20,False,0.42291865820804686,0.6503219650358174,0.5156037758957888,0.5187836946344755,0.6273345266206312,1.8440929249225868,1.272046094915215,1.1670236880193814,2.483645261201919,0.9646522189759957,RF
370,389,379,train,20,False,0.41044974948873564,0.6406635228329577,0.5141933040723569,0.5082669524567984,0.6144367923078733,1.8440929249225868,1.2526119560281672,1.1449599979311758,2.492888119947749,0.9590631749890924,RF
371,390,380,train,20,False,0.42130009146321373,0.6490763371616729,0.5387154284462623,0.5175459953542967,0.6253161627631423,1.8440929249225868,1.2747578997670352,1.1646282296350776,2.4936609160063634,0.9633938675034268,RF
372,391,381,train,20,False,0.4187938105528164,0.6471428053782383,0.550682989519706,0.5167028267735831,0.6231719528463283,1.8440929249225868,1.2679829894066073,1.1593244700712602,2.4838828699619713,0.9629589445595402,RF
373,392,382,train,20,False,0.4125646115925101,0.6423119270202836,0.5423974528980793,0.5115125657487714,0.6160235729525454,1.8440929249225868,1.2602346587996647,1.1492568311589408,2.496781370649781,0.9590722934420801,RF
374,393,383,train,20,False,0.41036097579333586,0.6405942364659051,0.5399942008152891,0.5086738701151848,0.6141675294013696,1.8440929249225868,1.2520212273761655,1.143336986550116,2.492810212499061,0.9587465737900969,RF
375,394,384,train,20,False,0.39164838631703186,0.6258181735272889,0.5337604268244168,0.4972716222763804,0.6010686545179292,1.8440929249225868,1.2277735258782494,1.1205899224140858,2.4923009853636713,0.9604525402804069,RF
376,395,385,train,20,False,0.379619075601156,0.6161323523409203,0.5144891222345807,0.49226237759613534,0.5910567096610342,1.8440929249225868,1.1970246759087133,1.0887093258362432,2.458778177713459,0.9593015322363543,RF
377,396,386,train,20,False,0.3758565705315776,0.613071423678822,0.511507797864108,0.4885410042916819,0.5863670530786542,1.8440929249225868,1.1836165451406462,1.0800634587835343,2.442527838492198,0.9564416647575508,RF
378,397,387,train,20,False,0.3844255616566122,0.6200206138965156,0.5060735201338031,0.49723881381080853,0.5936404953809709,1.8440929249225868,1.1771626187033857,1.080650753021758,2.3864247054271686,0.9574528363665861,RF
379,398,388,train,20,False,0.3656286107646471,0.6046723168499175,0.49932398695021285,0.47969463208337837,0.5712538494783433,1.8440929249225868,1.1282089898043173,1.0334938950411288,2.382766252371863,0.9447329298194599,RF
380,399,389,train,20,False,0.3758176196217097,0.61303965583126,0.5264094973680674,0.4861295293858469,0.5768612573824514,1.8055042331829367,1.126279555217335,1.0322671493152888,2.3593428245284174,0.9409852232156957,RF
381,400,390,train,20,False,0.3772879319151727,0.6142376835681548,0.5333412759145414,0.48636532444861535,0.5780811429191528,1.8055042331829367,1.1277050313456944,1.0357923648415328,2.3609900327430986,0.9411359126666312,RF
382,401,391,train,20,False,0.38945522838124336,0.6240634810508009,0.507451523097659,0.4925067869197196,0.5871863554703712,1.8055042331829367,1.1416712655719046,1.0509935559472614,2.3546808752595023,0.9409080539076956,RF
383,402,392,train,20,False,0.4229958703962143,0.6503813269123079,0.4977625780385214,0.516714197696037,0.6151530646940825,1.8439143049157232,1.2025773870681629,1.1075937185469824,2.361742729330516,0.9458344500979573,RF
384,403,393,train,20,False,0.4265276649636614,0.6530908550605049,0.47914772419789087,0.5220144641488053,0.6176207520421502,1.8439143049157232,1.195405652788785,1.0990590532243902,2.3288891309156843,0.9456888689475392,RF
385,404,394,train,20,False,0.4356942424639388,0.6600713919447947,0.45748888785988534,0.5267132636646946,0.6233610137392939,1.8439143049157232,1.1989425429174454,1.1020657233418505,2.319354756366768,0.944384230776402,RF
386,405,395,train,20,False,0.4877148333046807,0.6983658305678198,0.5394336458963144,0.5403565889192812,0.6457055977350606,2.8740471503656586,1.260942440451713,1.154559064090968,2.3511184439117843,0.9245950610299152,RF
387,406,396,train,20,False,0.5172135395174864,0.7191755971370875,0.5194992994266774,0.5549064740366839,0.6662682507188827,2.8740471503656586,1.2856242485619316,1.1883187007642222,2.3189099982233987,0.9264333403012843,RF
388,407,397,train,20,False,0.597895814808004,0.773237230614256,0.5001676862963507,0.597247163533617,0.7104189779595078,2.8740471503656586,1.344224247792697,1.2464576064648865,2.282997711866611,0.9187594050472122,RF
389,408,398,train,20,False,0.5805756760645009,0.7619551667024123,0.5187974944265805,0.5866538881665595,0.7004522527761451,2.8740471503656586,1.3441857027450077,1.2428464990924004,2.3199774353057743,0.9192827654251111,RF
390,409,399,train,20,False,0.660219041636578,0.812538640088321,0.523383142447554,0.6281451991330267,0.7482774541381706,2.8740471503656586,1.432057134437434,1.3278958624160144,2.3131760278616555,0.9209130707394231,RF
391,410,400,train,20,False,0.7161998782232006,0.8462859317176439,0.4834281890182267,0.6589980677414158,0.7789090620788683,2.8740471503656586,1.4605739602903713,1.3603318935838344,2.273671647046135,0.9203852183835484,RF
392,411,401,train,20,False,0.7198889210432922,0.8484626809962192,0.47036210309181736,0.6588778490735988,0.7820141163753279,2.8740471503656586,1.4877627268178304,1.3853580063927136,2.327328955394342,0.9216835741757422,RF
393,412,402,train,20,False,0.7269115437371451,0.8525910765056981,0.46784878341846725,0.6651211177480135,0.7899329668374712,2.8740471503656586,1.5026843182903922,1.4020773785509886,2.3253500925580552,0.9265086025471577,RF
394,413,403,train,20,False,0.7498287281040776,0.8659265142632356,0.4680872120104051,0.6777989661752181,0.805593554730733,2.8740471503656586,1.536355025974632,1.4314601988279243,2.334044592217922,0.9303255431740229,RF
395,414,404,train,20,False,0.7452504411915716,0.8632788895783168,0.47367955016606883,0.6721872111533996,0.8013620695035566,2.8740471503656586,1.5461653756917755,1.4355575573494064,2.390617363104153,0.9282771525839065,RF
396,415,405,train,20,False,0.7814531163404704,0.8839983689693497,0.46882816932469895,0.6896256684143537,0.8256936467334611,2.8740471503656586,1.5840792646970512,1.476967834884508,2.380128913513445,0.9340443101678277,RF
397,416,406,train,20,False,0.8825732296929584,0.9394536868270614,0.5089066148642807,0.7330299298035615,0.8812595407998668,2.9810141571577855,1.703216557555649,1.5876797143788928,2.4107794227908643,0.9380553327500996,RF
398,417,407,train,20,False,0.955751333461134,0.9776253543465073,0.5148303802344456,0.762597970002409,0.9171178727451258,2.9810141571577855,1.7748509779626425,1.6567582996874517,2.4232087637287494,0.9381077001201266,RF
399,418,408,train,20,False,1.024037637386956,1.0119474479373698,0.5032333864063127,0.8052953965594292,0.9665678500182999,2.9810141571577855,1.8503635831092775,1.7336292544939238,2.3847072319962743,0.9551561713885774,RF
400,419,409,train,20,False,0.9975292269294128,0.9987638494305913,0.4998242549057033,0.790818886315361,0.9499720239370358,2.9810141571577855,1.812607013716563,1.7013266778020353,2.3737422029962767,0.9511477858140618,RF
401,420,410,train,20,False,1.0037344951042655,1.0018655074930294,0.5008939381131133,0.7978083905231113,0.9546607005657126,2.9810141571577855,1.8111416499114938,1.7016104162494883,2.343081767753572,0.9528830900212969,RF
402,421,411,train,20,False,1.0319444865649792,1.0158466845764567,0.5191926262186045,0.8107327389973031,0.970099743743216,2.9810141571577855,1.8608520443554322,1.7463851407243243,2.359657854185924,0.9549666878596801,RF
403,422,412,train,20,False,1.0158855835504137,1.0079114958915856,0.5168780479246379,0.8023959436419794,0.959750169755256,2.9810141571577855,1.8256323795695493,1.7180755502252374,2.3343938607412054,0.9522167111570379,RF
404,423,413,train,20,False,1.059207609573506,1.0291781233457626,0.5233867679704701,0.8223091953337148,0.9822015052248929,2.9810141571577855,1.878856565692633,1.7698568663488476,2.3479337534372218,0.9543552111580519,RF
405,424,414,train,20,False,1.0534787881431737,1.0263911477322736,0.5123021093856256,0.8155658620399315,0.9787123955053374,2.9810141571577855,1.8992565662573355,1.7887431931161335,2.4048578013722426,0.9535471907252139,RF
406,425,415,train,20,False,0.967483595175813,0.9836074395691672,0.48929518465562927,0.7799812787744865,0.9319897413860685,2.9810141571577855,1.7984835343739474,1.6976124232752476,2.3929394356179587,0.9475220539144072,RF
407,426,416,train,20,False,0.9433372196542413,0.9712554862929945,0.523374688498348,0.7719127583413339,0.9162102787124745,2.9810141571577855,1.7725500167391028,1.6695339933881748,2.382681696817344,0.9433257177361108,RF
408,427,417,train,20,False,0.913606120771904,0.9558274534516698,0.6058072542963913,0.7567763445434372,0.9041718029748826,2.9810141571577855,1.759889960814513,1.661466010082903,2.3968890549657855,0.9459571387176117,RF
409,428,418,train,20,False,0.9774995503534315,0.9886857692681894,0.6560129955600429,0.78325556325495,0.9340766374228398,2.9810141571577855,1.8072599418885376,1.7104905591326152,2.371500433098069,0.944765937224149,RF
410,429,419,train,20,False,0.9046112854535264,0.951110553749419,0.6212455507642851,0.7477807459119641,0.8940609196961249,2.9810141571577855,1.7315202728312507,1.6384851476319882,2.3742661788705046,0.9400178729713429,RF
411,430,420,train,20,False,0.8459001799902893,0.9197283185758115,0.6362929564126696,0.7149405545384296,0.8610921030086158,2.9810141571577855,1.7067451139374907,1.6084364887123475,2.431920287048709,0.9362461561931754,RF
412,431,421,train,20,False,0.879980951825414,0.9380729991985773,0.6407677642759309,0.7350560257284038,0.881614862318631,2.9810141571577855,1.711723536389758,1.6186639846708144,2.372184163537096,0.9398147724876633,RF
413,432,422,train,20,False,0.8743672640228828,0.9350760739228027,0.6109378709614884,0.7279031096223185,0.8755371106975444,2.9810141571577855,1.7019892170728963,1.608774388383274,2.399555942029698,0.9363271450466246,RF
414,433,423,train,20,False,0.8692394645187411,0.9323301263601542,0.6302590975298106,0.7290474470895101,0.8725503504312453,2.9810141571577855,1.692947348721043,1.6002120845428074,2.3837657923777775,0.9358813211771984,RF
415,434,424,train,20,False,0.8649964181321094,0.9300518362608126,0.6203912961895429,0.725638482984417,0.8678535552541534,2.9810141571577855,1.6751843759899796,1.5875845366115882,2.362146935446956,0.9331238554866774,RF
416,435,425,train,20,False,0.8213066148652921,0.9062596840118687,0.590198493579986,0.7005340794273749,0.8343718575621519,2.9810141571577855,1.608651316471945,1.5245895335806758,2.34148917109719,0.920676349485745,RF
417,436,426,train,20,False,0.7584736723616368,0.8709039398014208,0.5173070880713155,0.6814467786138746,0.8082960384845788,2.7174190140307535,1.5619869310151402,1.4805637915463872,2.3433737417315963,0.9281115879081709,RF
418,437,427,train,20,False,0.6832878647637417,0.8266122820063477,0.4850151930472532,0.6513834308461327,0.77088438482433,2.7174190140307535,1.4843176394073625,1.4068644411806122,2.322152378885431,0.9325827859141466,RF
419,438,428,train,20,False,0.6395601835349247,0.7997250674668919,0.4922159659330217,0.6322773791623085,0.7480223334122018,2.7174190140307535,1.4510991382247995,1.3712619457229125,2.327435341102089,0.9353493642278126,RF
420,439,429,train,20,False,0.6437361146924786,0.8023316737437695,0.47666857835604237,0.6352472394065055,0.751166254489383,2.7174190140307535,1.4710318113218026,1.3848183444404678,2.3513080067775944,0.936229092121413,RF
421,440,430,train,20,False,0.6417095959211025,0.8010677848478882,0.47490338893926004,0.6303190185311937,0.749706260199106,2.7174190140307535,1.4834474046197772,1.3960420100115376,2.392346398812438,0.9358836722431235,RF
422,441,431,train,20,False,0.5897639979514131,0.7679609351727554,0.4620310447912002,0.601110326328105,0.7122504308492377,2.7174190140307535,1.386240667065543,1.3070860249736362,2.365923048538771,0.9274565908603339,RF
423,442,432,train,20,False,0.5947441917639509,0.7711965973498268,0.4720992016607433,0.6005938173570662,0.7157698871745953,2.7174190140307535,1.4089910246645212,1.326438654805112,2.406886648559146,0.9281289487457515,RF
424,443,433,train,20,False,0.546905165073786,0.7395303679185771,0.4852687451219383,0.5766638776347803,0.6901303965263106,2.7174190140307535,1.3605536774798364,1.2800543804185935,2.415950024834035,0.9332008886513968,RF
425,444,434,train,20,False,0.5386081195206421,0.7338992570650567,0.5326007377990108,0.5767441258453921,0.6844410419921062,2.7174190140307535,1.3321472968693002,1.2505397776381388,2.3684716090022713,0.9326089860470234,RF
426,445,435,train,20,False,0.5372125743539536,0.732947866054574,0.5595650025308575,0.575574302200197,0.6828446083524121,2.7174190140307535,1.3452312737452161,1.2591196469541326,2.4179278525266614,0.9316414440608641,RF
427,446,436,train,20,False,0.5370061391908619,0.7328070272526471,0.5683267823938692,0.5759724628336115,0.682674175827228,2.7174190140307535,1.3392033329408026,1.2521869059886834,2.4046842430554687,0.9315879221118126,RF
428,447,437,train,20,False,0.5404861472749759,0.7351776297432995,0.5885392397740994,0.5820400660126429,0.6842142040597379,2.7174190140307535,1.3313842880395754,1.2403952338708355,2.3860178047419285,0.9306787589533208,RF
429,448,438,train,20,False,0.4835880386874714,0.6954049458319026,0.4745419787470355,0.5590035909328794,0.6586152945087392,2.0477264480216872,1.2967960611069729,1.2007106617645356,2.4155822338414947,0.9470960746775356,RF
430,449,439,train,20,False,0.47621549515004824,0.6900836870626984,0.45216960469796585,0.5523892912264798,0.6499121631441979,2.0477264480216872,1.2798583687849017,1.1840148620633264,2.4080850956460003,0.9417874604607909,RF
431,450,440,train,20,False,0.47405403992490525,0.6885158240192488,0.45682485330214334,0.5502929603149569,0.6479135136229941,2.0477264480216872,1.276889383958331,1.183381414842022,2.4145669171609647,0.9410292269548193,RF
432,451,441,train,20,False,0.4432978760016354,0.6658061850130528,0.4507264038291995,0.5296098908881757,0.6299456382495079,2.0477264480216872,1.2754792925827907,1.177161299278452,2.4848080493568676,0.9461396611044672,RF
433,452,442,train,20,False,0.4635542189392873,0.6808481614422465,0.4739444812297572,0.5469133140720841,0.647508670854733,2.0477264480216872,1.3004228936032896,1.197871506808232,2.441743760394599,0.9510324144565652,RF
434,453,443,train,20,False,0.4368850036089422,0.6609727707015942,0.47141069184694734,0.5266526616758813,0.6256460857274428,2.0477264480216872,1.2589679085104832,1.1613405988081544,2.4402232134564987,0.9465534942738209,RF
435,454,444,train,20,False,0.4456125029836322,0.6675421357364884,0.4831082182589314,0.5350779356640765,0.6344938203468797,2.0477264480216872,1.2833269545399653,1.1839450709184751,2.4419338046042567,0.9504925402901394,RF
436,455,445,train,20,False,0.4553572691591786,0.6748016517163978,0.49662228566145616,0.5454357606473834,0.6458054218672572,2.0477264480216872,1.3085833427062532,1.207483245704568,2.451126777861412,0.9570299957396562,RF
437,456,446,train,20,False,0.4426812219166223,0.6653429355727933,0.5123011432929281,0.5394911769416444,0.6385313169799999,2.025654475378702,1.2731160306623792,1.1753156738588182,2.421385435827583,0.9597025576446357,RF
438,457,447,train,20,False,0.45183862223111476,0.6721894243672053,0.5027400504849007,0.5448025516562413,0.6451054719467428,2.025654475378702,1.2868635452401858,1.1889647510478674,2.4278851076335046,0.9597078569839759,RF
439,458,448,train,20,False,0.5875409800469592,0.7665122178067086,0.5144947597309206,0.5922474644773005,0.6987698702532151,3.3897727589726787,1.3924789286508816,1.2929619491479485,2.434089932980154,0.9116226121648382,RF
440,459,449,train,20,False,0.6817737971074271,0.8256959471303145,0.4692888586754886,0.6308432242997151,0.740940686466424,3.3897727589726787,1.4545240116160538,1.3559008261613452,2.409711580481662,0.8973529409240105,RF
441,460,450,train,20,False,0.8409815594987545,0.917050467258348,0.4477727028112375,0.6904778559204049,0.8024392693608121,3.3897727589726787,1.5231409310564923,1.4244141049015848,2.3529505206020485,0.8750219295561974,RF
442,461,451,train,20,False,0.9112177712909297,0.9545772736090723,0.4702508834420837,0.7321081408305459,0.8478636917007696,3.3897727589726787,1.5953478772645548,1.4976487451232086,2.321713287656767,0.8882085454382972,RF
443,462,452,train,20,False,1.060172941573154,1.029646998525783,0.4694652635411743,0.7858713909966408,0.9046790294885841,3.3897727589726787,1.6811149740912796,1.5815293212369372,2.2841863589068665,0.8786302789051741,RF
444,463,453,train,20,False,1.2396132372772652,1.1133791974333207,0.47634283083141904,0.850240506640275,0.9714323512152669,3.3897727589726787,1.7573936372408325,1.660964827501105,2.2412538414118583,0.8725080848058913,RF
445,464,454,train,20,False,1.2552248617387778,1.120368181330931,0.47978525893408885,0.8581431607580798,0.9815274227667962,3.3897727589726787,1.776622174939369,1.6818520013781346,2.2431922382822393,0.876075775019601,RF
446,465,455,train,20,False,1.2691493353651286,1.1265652823361496,0.49318601686866165,0.8727122790431572,0.9942291129352734,3.3897727589726787,1.7812372529971114,1.6874282847772009,2.168517868377819,0.8825312909284301,RF
447,466,456,train,20,False,1.308607303265394,1.1439437500442904,0.5189794228044428,0.8917583769955876,1.0177425509340758,3.3897727589726787,1.8251272917317152,1.732850836971068,2.1731106631360024,0.8896788420712746,RF
448,467,457,train,20,False,1.2660869212851749,1.125205279620201,0.5111567300344452,0.8673522840233275,0.9944356134053434,3.3897727589726787,1.7944521164370433,1.7056368199010534,2.189125163072304,0.8837815031769158,RF
449,468,458,train,20,False,1.2970897999373654,1.1388985029129528,0.5071705432146661,0.8787846022764644,1.0097990334965923,3.3897727589726787,1.8069115196670076,1.7209699885849883,2.165550306524134,0.8866453252101362,RF
450,469,459,train,20,False,1.3384789362431766,1.1569265042530474,0.5328385382760754,0.9082002314682299,1.0414761595780102,3.3897727589726787,1.8553208140379263,1.7698734878357865,2.151327429778037,0.9002094391902828,RF
451,470,460,train,20,False,1.3799481568039909,1.1747119463102393,0.5430818566097299,0.9332063012153748,1.0678927578442168,3.3897727589726787,1.8821703274947628,1.799497227731281,2.103117902137029,0.9090677601419304,RF
452,471,461,train,20,False,1.4039816010716244,1.1848972955795047,0.5645913306997874,0.9522440863233758,1.0825059743753391,3.3897727589726787,1.8722479249734156,1.7933538192169007,2.0233022017918225,0.9135863322617437,RF
453,472,462,train,20,False,1.4188208296003504,1.191142657115574,0.5961168922155741,0.9583132077657037,1.0913328139778677,3.3897727589726787,1.9021950702981154,1.8247438471543709,2.0452671347555187,0.9162066419656212,RF
454,473,463,train,20,False,1.523705546581078,1.234384683387265,0.6072161387224385,1.008903392816494,1.146781225653558,3.3897727589726787,1.9935418535869776,1.909968427306176,2.038335353298609,0.9290306669284691,RF
455,474,464,train,20,False,1.6570886750668041,1.287279563679469,0.554672156613968,1.0584930894593936,1.2043864417344012,3.3897727589726787,2.0589544739918515,1.977302869712998,1.9875580099565133,0.9356059675894086,RF
456,475,465,train,20,False,1.6689233028698396,1.2918681445371427,0.5300005328627709,1.0641508562445692,1.2136789509515598,3.3897727589726787,2.083715866802197,1.9973977266800813,2.008443533759725,0.9394758714995662,RF
457,476,466,train,20,False,1.6706196708337622,1.2925245339388194,0.5384040709957506,1.0664943086014396,1.2147273137489512,3.3897727589726787,2.0906650116871925,2.0047868864869,2.011661091389935,0.939809869641089,RF
458,477,467,train,20,False,1.6807099058546768,1.2964219628865739,0.5211137890016522,1.0698753558857503,1.2208539153329352,3.3897727589726787,2.11185292988836,2.0228419347764928,2.0313866609749764,0.941710299796695,RF
459,478,468,train,20,False,1.5269279262900783,1.23568925150706,0.49295742761854144,1.0088347281314474,1.1512963294983698,3.3098700977121296,1.9781219739004765,1.8925432822397057,2.0233447338865584,0.9317037662132581,RF
460,479,469,train,20,False,1.4344508247425132,1.1976856118124293,0.48677732451820527,0.9742207072601984,1.1103654835614032,3.3098700977121296,1.9013969482311457,1.8184269111608657,2.0110015050463015,0.9270926131283428,RF
461,480,470,train,20,False,1.2762887394429963,1.1297294983503778,0.4980893480879708,0.9193853461940474,1.0496279175428103,3.3098700977121296,1.8155064309986557,1.7314344506271067,2.0194894643572927,0.9290966723233028,RF
462,481,471,train,20,False,1.2222585828716892,1.1055580413852948,0.48749271535024397,0.8915655573223755,1.0208867307161915,3.3098700977121296,1.7716863029037124,1.6867813517166017,2.0379058204226252,0.9234130570268316,RF
463,482,472,train,20,False,1.0598415444647278,1.0294860584120251,0.525971526481634,0.8311605310036757,0.9535058031227367,2.882307555541234,1.6571251039142425,1.5744451608864247,2.0518788251417153,0.9261959356628028,RF
464,483,473,train,20,False,0.8678625733370439,0.931591419742069,0.6082078190619541,0.7574473750213526,0.8756699789299068,2.669726420836647,1.5587176519237564,1.4708766410017675,2.09605214379683,0.939972138399852,RF
465,484,474,train,20,False,0.8335078014869026,0.912966484317416,0.6454219002942637,0.731092377687734,0.8458440707621468,2.669726420836647,1.5003568575821258,1.4159206743961632,2.1039910124760093,0.9264787758277309,RF
466,485,475,train,20,False,0.8299509623510588,0.9110164446106661,0.6372045915966137,0.7270187354239181,0.8430982989048218,2.669726420836647,1.4952793439784933,1.4134718447216996,2.109544344122808,0.9254479476110116,RF
467,486,476,train,20,False,0.7859040843945274,0.8865123148577957,0.6074428794159016,0.7027149686403222,0.8155107236711243,2.669726420836647,1.4536513214253164,1.370642065437673,2.1363967872323286,0.919909075151358,RF
468,487,477,train,20,False,0.7688404171751624,0.8768354561576319,0.6140280003287045,0.6869304602050121,0.7988699158432057,2.669726420836647,1.436179402785443,1.351721166259304,2.186375360325513,0.9110830432700818,RF
469,488,478,train,20,False,0.7285167838874173,0.8535319466120862,0.5931223819307709,0.6680308264052186,0.7776581098908353,2.669726420836647,1.4070394779227038,1.323118018077252,2.220242524956599,0.9111060376563338,RF
470,489,479,train,20,False,0.7041809593769386,0.8391549078548839,0.5727398465152633,0.6518752534466962,0.7628561760103576,2.669726420836647,1.3838508265173266,1.3019546483561704,2.2304131818400252,0.9090767018933759,RF
471,490,480,train,20,False,0.6702003551450587,0.818657654422811,0.5793269682346707,0.6340693575982176,0.7428425935869565,2.669726420836647,1.3517734809135509,1.2665423696935936,2.2331486993150844,0.9073910071856502,RF
472,491,481,train,20,False,0.650891966227773,0.8067787591575357,0.6682710072395751,0.6242568901627281,0.7315592926527359,2.669726420836647,1.3396466179366306,1.2556775216536165,2.2379890058559595,0.9067656830934091,RF
473,492,482,train,20,False,0.6197277297917239,0.787227876660706,0.6524866542854617,0.6053785407857483,0.7095846873431905,2.669726420836647,1.292002488879812,1.2122446752544123,2.242452103265353,0.9013713924272277,RF
474,493,483,train,20,False,0.5264344683076871,0.725558039241305,0.5439875729534155,0.5619996140526465,0.6655931918595729,2.669726420836647,1.2309224380999884,1.1517619023520695,2.2824695309479095,0.9173534794756935,RF
475,494,484,train,20,False,0.3981840754614979,0.6310182845698672,0.4750248982563303,0.5160027105899758,0.6121081132314763,1.7106255684452902,1.1707227733367331,1.0853594389296402,2.324308156478029,0.9700322925645791,RF
476,495,485,train,20,False,0.37880158113976836,0.6154685866392926,0.46097818093395,0.5021159036585052,0.5946505936861181,1.7106255684452902,1.1311926633887581,1.0519018438512062,2.3140872844038745,0.966175376932153,RF
477,496,486,train,20,False,0.3505305831547824,0.5920562331018756,0.4598708189391581,0.47739202613009735,0.5699697027735711,1.7106255684452902,1.102134562071784,1.0189938291003617,2.4048978621639647,0.9626952152625947,RF
478,497,487,train,20,False,0.32931357678773127,0.5738584989243701,0.44601678947432455,0.4652959189133621,0.5556670749094328,1.6920440427232024,1.0748992005024358,0.99317935093475,2.405470355423755,0.9682998090138335,RF
479,498,488,train,20,False,0.3496546856287614,0.5913160623801466,0.4509843844171791,0.48030228846719014,0.5730822534936741,1.6920440427232024,1.1098543481348455,1.0236201971420915,2.4133467425895465,0.9691640223452102,RF
480,499,489,train,20,False,0.34439148181874496,0.5868487725289583,0.4410493909622135,0.4744839158064472,0.5692222794522339,1.6920440427232024,1.1104064210544466,1.0207019179612276,2.43264260886002,0.9699641647016403,RF
481,500,490,train,20,False,0.33680202064169046,0.580346466037048,0.4165318950521222,0.46691137371730546,0.5632450461065565,1.6920440427232024,1.105629243248279,1.0195937655905278,2.4514462559502417,0.9705323958509299,RF
482,501,491,train,20,False,0.3251050168553315,0.5701798109853868,0.4291649749202336,0.4591324518610305,0.5525192210049319,1.6920440427232024,1.0844287411860452,0.9957408777842996,2.442938032642055,0.9690262797100202,RF
483,502,492,train,20,False,0.3298549653122117,0.574330014288137,0.42671941919388157,0.4636446429282522,0.5566650127124352,1.6920440427232024,1.0979134808493527,1.0077872308273734,2.4488949845310835,0.969242419625941,RF
484,503,493,train,20,False,0.328353019817591,0.5730209593178865,0.43591464784201706,0.46227623191407907,0.5549493477366126,1.6920440427232024,1.0966378112526012,1.0072935091062913,2.454854027466318,0.9684625644360618,RF
485,504,494,train,20,False,0.33393942472165566,0.5778749213468739,0.44163472672900356,0.468790841644071,0.5627931958296212,1.6920440427232024,1.1115383715322873,1.0217146770064356,2.4520582312259718,0.9739014015661015,RF
486,505,495,train,20,False,0.3421108829422328,0.5849024559208422,0.43976617168735616,0.47306824192100894,0.5687990209078223,1.6920440427232024,1.1260548266436803,1.0354112787985863,2.4611131558385604,0.972468169948667,RF
487,506,496,train,20,False,0.3433125805150765,0.5859288186418863,0.42691271626195365,0.47339210167991813,0.569924853903132,1.6920440427232024,1.135951673233254,1.0440381022480067,2.4822243022000565,0.9726861621589981,RF
488,507,497,train,20,False,0.357575359690896,0.5979760527737679,0.4342813734373396,0.4882037063310102,0.5844367597070482,1.6920440427232024,1.1635215928211813,1.0679441617983683,2.45345451439741,0.977358134988991,RF
489,508,498,train,20,False,0.3371297076343287,0.5806287175418804,0.42309975317635296,0.47720027975703544,0.5659767172252831,1.465733125571549,1.1103415688900364,1.02151569970532,2.3951376476605795,0.9747652848129399,RF
490,509,499,train,20,False,0.33740500499182874,0.580865737491745,0.4615316678292557,0.4785797978021861,0.5661803198017727,1.5230916383797939,1.1304511420449752,1.0334792358211968,2.4245594199641802,0.974718051449573,RF
491,510,500,train,20,False,0.3354154543052959,0.5791506317921926,0.48955562941201985,0.4761208428052874,0.5646090175016771,1.5230916383797939,1.1425702997414524,1.0440003044373902,2.4572131924677065,0.97489148160727,RF
492,511,501,train,20,False,0.31318779712652167,0.5596318407011182,0.4954836822069761,0.45519575499775866,0.543838666146624,1.5230916383797939,1.121759785284428,1.0197109110313738,2.5104412734245343,0.9717793495546858,RF
493,512,502,train,20,False,0.31547551598958967,0.5616720715769921,0.4991635961397877,0.4577984059046523,0.5460740568895583,1.5230916383797939,1.1204335755560186,1.0177553576436582,2.491293946240722,0.9722293212058069,RF
494,513,503,train,20,False,0.30511465846224406,0.5523718479993744,0.5112727577178974,0.45145406311649533,0.5361310107961913,1.5230916383797939,1.1036813271918844,1.0020602646491357,2.491501977412896,0.9705979997677189,RF
495,514,504,train,20,False,0.30027731974392124,0.547975656159944,0.5423652553848466,0.4489829001976465,0.5322636903986682,1.5230916383797939,1.0930586162766234,0.9946904596564401,2.4834115525913907,0.9713272559015106,RF
496,515,505,train,20,False,0.30746534059869013,0.5544955731100927,0.572716828127423,0.4541876085243214,0.5400958366785681,1.5230916383797939,1.1135210027924334,1.011735587116561,2.502408098002792,0.974030926251118,RF
497,516,506,train,20,False,0.3171845111676065,0.5631913628311486,0.5941197124263865,0.4661644064625312,0.5512136356812019,1.5230916383797939,1.1131725506971168,1.017245625703863,2.4041517245423387,0.978732402624687,RF
498,517,507,train,20,False,0.3155274086588109,0.5617182644874661,0.5803163912559585,0.46545078694320613,0.5497961354620007,1.5230916383797939,1.1116002161208907,1.0174497846753918,2.4042724632816688,0.9787756073120684,RF
499,518,508,train,20,False,0.3131591332897072,0.5596062305672688,0.5505880443280832,0.4644077438933528,0.5482006981738337,1.5230916383797939,1.1075616630268796,1.0167476818923742,2.401449932835607,0.9796186465224423,RF
500,519,509,train,20,False,0.3271484918996742,0.571968960608593,0.5603878095880445,0.47184105958747136,0.5576791997476507,1.5230916383797939,1.1252119114676014,1.0385793888140247,2.404178414867835,0.975016544873803,RF
501,520,510,train,20,False,0.326665069465428,0.571546209387682,0.5402078185576291,0.4685022608712659,0.5572557819958287,1.5230916383797939,1.1312186195447802,1.043470702307934,2.4362076461670155,0.9749968993632849,RF
502,521,511,train,20,False,0.32136145359471047,0.5668875140578689,0.5238277347798774,0.46037820213779757,0.5499995467184944,1.5230916383797939,1.12762098618426,1.0415181288654556,2.4974249324498192,0.9702093150394374,RF
503,522,512,train,20,False,0.32721121875805487,0.5720237921258651,0.5032248173790896,0.4647209502807545,0.5544397712936385,1.5230916383797939,1.1280294989319006,1.04432950529793,2.4813868105186496,0.9692599834582452,RF
504,523,513,train,20,False,0.3411393206301464,0.5840713317995897,0.5065269513074488,0.47614094083237213,0.5671546763251618,1.5388792421602675,1.1605412048500896,1.0724979589957728,2.4870444275125836,0.9710366618708955,RF
505,524,514,train,20,False,0.34975561401392585,0.5914013983868536,0.49574651738114145,0.48413372046239217,0.5754755980176546,1.5388792421602675,1.1786958673694605,1.0861369646100525,2.485268993387585,0.973071080973702,RF
506,525,515,train,20,False,0.3695761778693814,0.6079277735630948,0.46581092722517,0.49140541595705856,0.5870515177536412,1.9397300535160706,1.2056150479689507,1.1100799826645698,2.498941739172461,0.965659973573675,RF
507,526,516,train,20,False,0.41780440376613476,0.6463779109515847,0.5433119194092106,0.5118486483822111,0.6159630307365599,2.413284027714396,1.2592828704064545,1.1624003069810915,2.486429761553196,0.952945668934991,RF
508,527,517,train,20,False,0.4094882693643652,0.6399127044873896,0.5350225526976616,0.5034886322765519,0.6085726407153783,2.413284027714396,1.240731258409839,1.147708065124981,2.4899185245303364,0.9510244701312552,RF
509,528,518,train,20,False,0.46805138982736805,0.6841428139119551,0.5650254518153748,0.5377060077268461,0.6472878252552737,2.413284027714396,1.3098599527688282,1.2113552075659353,2.4903396436030256,0.9461296853416566,RF
510,529,519,train,20,False,0.46700101993889537,0.6833747287827487,0.5572704853712215,0.5347148491909095,0.646504278281079,2.413284027714396,1.3017873081339295,1.207523187319842,2.489676476617697,0.9460465116008245,RF
511,530,520,train,20,False,0.4560029570330162,0.6752799101358016,0.5630347119215673,0.5245310891172794,0.6357098506854657,2.413284027714396,1.2787604029818662,1.187892099282097,2.5005547671937793,0.9414019892249154,RF
512,531,521,train,20,False,0.4902750212531112,0.7001964161955638,0.5784399979746543,0.5507807956845878,0.6638554924701385,2.413284027714396,1.319147219136104,1.2289343028195083,2.4608401764720855,0.9480989578283198,RF
513,532,522,train,20,False,0.5168194632203396,0.7189015671288661,0.5750879689890216,0.5690376500644514,0.6823218992276312,2.413284027714396,1.3531728927398141,1.2586431136564258,2.4504293951103255,0.9491172789519348,RF
514,533,523,train,20,False,0.5222898049738769,0.7226962051746757,0.5903302567841306,0.5732986045407265,0.6880354627257852,2.413284027714396,1.3623490737764903,1.268430103974809,2.445553386648275,0.9520396783590236,RF
515,534,524,train,20,False,0.541902889432182,0.7361405364685346,0.5913375364295437,0.581441507114725,0.7016090110120761,2.413284027714396,1.3937498822588408,1.2973651679864955,2.4622739817034796,0.9530911235752406,RF
516,535,525,train,20,False,0.5477051000344549,0.7400710101297409,0.5935119036040175,0.5863345590964946,0.7065541947630846,2.413284027714396,1.4020204314758762,1.3040739062642928,2.4517831786619917,0.9547113521433835,RF
517,536,526,train,20,False,0.5434064956171638,0.7371611056052563,0.6095032556613855,0.582977295796619,0.7023047397166724,2.413284027714396,1.4007676234621118,1.2977533572790831,2.4642803279247096,0.9527154028833839,RF
518,537,527,train,20,False,0.5291672230937344,0.7274388105495434,0.6372922996500635,0.5662094045585258,0.683850398848076,2.413284027714396,1.364953603950773,1.2626978452288538,2.4803744873889437,0.940079617598986,RF
519,538,528,train,20,False,0.5109936340403938,0.7148381873126209,0.6338513884657784,0.5508310782031135,0.6677842648492323,2.413284027714396,1.3411856874960697,1.2370200636277064,2.5052629651679785,0.9341754213771312,RF
520,539,529,train,20,False,0.5039763598278173,0.7099129241166252,0.6357864789592922,0.5463889357296958,0.6633329440177057,2.413284027714396,1.3478581711829507,1.2405550220033015,2.5319927336396173,0.9343863472314144,RF
521,540,530,train,20,False,0.5391618024205338,0.7342763801325314,0.6067460352808207,0.5701762973400596,0.6856172598095026,2.413284027714396,1.3810956754278165,1.2734737026200458,2.493294467826151,0.9337318731207912,RF
522,541,531,train,20,False,0.5716279196293922,0.7560607909615418,0.5558319464799069,0.5953348720514188,0.7138419488009287,2.413284027714396,1.4351691526686443,1.32439422260322,2.4515355889057373,0.9441594608987458,RF
523,542,532,train,20,False,0.6017339313367694,0.7757151096483614,0.5864211093492493,0.6044028392653773,0.7310427453400881,2.413284027714396,1.4827714132404135,1.3659832211262086,2.487248091848378,0.9424113778981,RF
524,543,533,train,20,False,0.5850084253437116,0.764858434838573,0.5816256298063917,0.5902643709227798,0.7146867915444934,2.413284027714396,1.4349943704851482,1.3265207766864318,2.4532113729647245,0.9344040138556248,RF
525,544,534,train,20,False,0.5820931388997022,0.7629502859949016,0.592128571900408,0.585618484455621,0.7121545590884188,2.413284027714396,1.4302657180752776,1.3249753539566924,2.4675683077432247,0.933421970161209,RF
526,545,535,train,20,False,0.5675964584043218,0.7533899776372937,0.6502930163066127,0.5791893967824274,0.7040146752515585,2.413284027714396,1.413776046061281,1.3087657048071166,2.4673041884633884,0.9344624910719133,RF
527,546,536,train,20,False,0.5406759229676351,0.7353066863341005,0.5661780404660876,0.5756174072245053,0.6903740029470335,2.2485563775770947,1.3658934006180834,1.2600679528511758,2.418163855616254,0.938892595127782,RF
528,547,537,train,20,False,0.5739094169787383,0.7575680939550835,0.5638780915676611,0.5986775586446774,0.7134645738599744,2.2485563775770947,1.3926184198466829,1.2845607986231165,2.3834059830693253,0.9417827645501079,RF
529,548,538,train,20,False,0.5428046662433117,0.7367527850258265,0.5237468993695047,0.5849205915444926,0.6976866596429524,2.2485563775770947,1.3677571299961535,1.2590378283005619,2.3873920596068072,0.9469752593042391,RF
530,549,539,train,20,False,0.5652614385753431,0.7518387051591205,0.5244350866456294,0.5992015708989351,0.7116806724919671,2.2485563775770947,1.3927890798531588,1.2833467614195389,2.3731224887682787,0.9465869043564945,RF
531,550,540,train,20,False,0.5854204017496817,0.7651277029030393,0.5027838252808754,0.6153367706979816,0.7291686130626733,2.2485563775770947,1.4214600800179935,1.3113888993615284,2.346835247759948,0.953002499185521,RF
532,551,541,train,20,False,0.5694062544730978,0.7545901234929449,0.4933294077323902,0.6017229827097259,0.7190173794234319,2.2485563775770947,1.4218860870775871,1.307560559582416,2.398622999248518,0.9528581902121258,RF
533,552,542,train,20,False,0.6088070167756279,0.7802608645675034,0.5270345097084673,0.617956601686977,0.7371750314264903,2.2485563775770947,1.4368829169618729,1.3274081012591499,2.381490601886485,0.9447802201832902,RF
534,553,543,train,20,False,0.6044729993794586,0.7774786166702327,0.5196137835901274,0.6143716282719154,0.7327686352787113,2.2485563775770947,1.4245599676317502,1.3153423204874204,2.3729220454443394,0.942493619203311,RF
535,554,544,train,20,False,0.6347768248231955,0.7967288276591952,0.5164074566454269,0.627822664671289,0.7477934642190356,2.3715583824235926,1.4490731329072628,1.342253217570352,2.358561532132308,0.9385796500122475,RF
536,555,545,train,20,False,0.631168100471794,0.7944608866846712,0.49071861819914525,0.6257740182370937,0.7448176707946348,2.3715583824235926,1.4439224834124986,1.3364505435159397,2.3588577915479223,0.9375133291996284,RF
537,556,546,train,20,False,0.652256963927959,0.8076242715074622,0.4859541459943335,0.6408264134669163,0.7615410109436208,2.3715583824235926,1.4739861826297445,1.3679417357732817,2.355987633584967,0.9429397280522226,RF
538,557,547,train,20,False,0.6737730972001533,0.820836827390288,0.48296620746514324,0.6607311287059774,0.7857866871356569,2.3715583824235926,1.5184238873355038,1.4116966855482442,2.3424760956691326,0.9572995032812222,RF
539,558,548,train,20,False,0.681290520974119,0.8254032474942893,0.4878028640824858,0.668788031236961,0.7935722299963743,2.3715583824235926,1.5254642346564888,1.4198733049123886,2.3146034393683963,0.961435798084699,RF
540,559,549,train,20,False,0.6749719019727998,0.8215667361649933,0.4714232663616396,0.6652518566805985,0.7890491049328758,2.3715583824235926,1.5140620190567715,1.4071532690861281,2.3112136773496865,0.9604199758818046,RF
541,560,550,train,20,False,0.6579947770427099,0.8111687722309766,0.4700690374427413,0.6562609789126843,0.7798228825174313,2.3715583824235926,1.495874020402669,1.3908575337458693,2.311897841582632,0.961357129629961,RF
542,561,551,train,20,False,0.7069598319048793,0.8408090341479921,0.47752712466002684,0.6784932999055815,0.8024213970693961,2.3715583824235926,1.5083784628779562,1.4066137289367195,2.2747371436938706,0.9543444045918288,RF
543,562,552,train,20,False,0.6885543689778248,0.8297917624186353,0.4596147074491711,0.6773913917973443,0.7927373912195107,2.3715583824235926,1.4641442846577184,1.3672985370335902,2.222194228797295,0.9553449758393354,RF
544,563,553,train,20,False,0.6955727914839913,0.8340100667761698,0.45244182067846606,0.6818315907657218,0.8009087719164585,2.3715583824235926,1.4985299374972583,1.3945918132663244,2.2891501559995415,0.9603106770789195,RF
545,564,554,train,20,False,0.7242713917957572,0.8510413572769288,0.45289288826797897,0.7005829868408795,0.820212353256883,2.3715583824235926,1.528774300124849,1.422733950380864,2.2652918629889696,0.9637749637471331,RF
546,565,555,train,20,False,0.8526019105728061,0.9233644516510293,0.43176660607789374,0.7485722969533575,0.8694973346657934,2.7045461235267467,1.583504775639379,1.478772436394411,2.2233870813076133,0.9416621282215073,RF
547,566,556,train,20,False,0.8618688459483872,0.9283689169443294,0.4593514417352831,0.7550082052639462,0.8746356363689474,2.7045461235267467,1.5816178972379507,1.4823279709780828,2.207558270991218,0.9421207672998769,RF
548,567,557,train,20,False,0.8764492429481499,0.9361886791390664,0.47364940310858045,0.7610734748315532,0.881769739405254,2.7045461235267467,1.6029229499818864,1.5028602974514076,2.2183887990619633,0.941871824615678,RF
549,568,558,train,20,False,0.891216270428005,0.9440425151591453,0.4972979643971452,0.7659272624077241,0.889891161605935,2.7045461235267467,1.6236365849941539,1.5221821918847054,2.231253407714252,0.9426388614033113,RF
550,569,559,train,20,False,0.8609139444369918,0.9278544845162908,0.5267685840506692,0.7480643914670809,0.8693228984865138,2.7045461235267467,1.579193685654647,1.4797574891727732,2.223253524687202,0.9369172785102281,RF
551,570,560,train,20,False,0.8404349132091216,0.9167523728952773,0.5623301848563244,0.7324485408181425,0.851432317846812,2.7045461235267467,1.5527021117344066,1.450403392809836,2.2517556056161045,0.92874841998808,RF
552,571,561,train,20,False,0.8235608686160028,0.9075025446884448,0.5629765797805693,0.7220541749129231,0.8354302331964704,2.7045461235267467,1.5097164305604855,1.4134684392139274,2.21293561965866,0.9205816976340074,RF
553,572,562,train,20,False,0.7673586626632595,0.8759901042039571,0.5229397571052197,0.6972056110447211,0.8067470976358028,2.7045461235267467,1.4692967531377175,1.3727524786929746,2.2185994278905024,0.9209545790119651,RF
554,573,563,train,20,False,0.7723325137287054,0.878824506786597,0.5333753017796192,0.7015443366447863,0.8117440118453146,2.7045461235267467,1.489058938979534,1.3900554950687347,2.2392955303954096,0.9236702044341474,RF
555,574,564,train,20,False,0.7166468170817133,0.8465499495491765,0.5102901406258894,0.6757355826434993,0.7777297484762278,2.7045461235267467,1.413597207071414,1.3171473022411673,2.21533213257903,0.9187050910467852,RF
556,575,565,train,20,False,0.7435398007105467,0.8622875394614877,0.5240685524281202,0.6883172241948857,0.7955456304383526,2.7045461235267467,1.4354428400644064,1.3424191547815512,2.200537177813005,0.9225990102271262,RF
557,576,566,train,20,False,0.7403165100977043,0.8604164747944476,0.5251097035784847,0.6821089591282042,0.7934714775435981,2.7045461235267467,1.4403388389946015,1.3441183620572772,2.2310673088706965,0.9221946589680974,RF
558,577,567,train,20,False,0.7354116574237919,0.857561459852174,0.5372713852864313,0.6805241372106512,0.7896888614639701,2.7045461235267467,1.4325555887341106,1.336321232458404,2.2233321619593243,0.9208539544210583,RF
559,578,568,train,20,False,0.7370315605096929,0.8585054225278329,0.5288029548262815,0.6803097626179351,0.7910981366857812,2.7045461235267467,1.4346673613209993,1.3421032394934362,2.228534927842541,0.921482981850512,RF
560,579,569,train,20,False,0.7537328242092224,0.8681778759040237,0.5220519575493446,0.6901907917088292,0.8020464628747831,2.7045461235267467,1.4474860052584622,1.3601742768743137,2.2105582890054483,0.9238273459106767,RF
561,580,570,train,20,False,0.7267247360246942,0.8524815165296513,0.5236120894234725,0.6701767305229966,0.7797010078008626,2.7045461235267467,1.413208055002471,1.3239624620315804,2.2346963529234554,0.9146251181784336,RF
562,581,571,train,20,False,0.6477835247815455,0.8048500014173732,0.5849242809673967,0.6269766844095197,0.7326441553568289,2.7045461235267467,1.3436815675218912,1.2561255556548736,2.2583738618421103,0.9102865801908594,RF
563,582,572,train,20,False,0.6384696485524024,0.7990429578892504,0.6338603764712503,0.6202301059243889,0.7267854506218445,2.7045461235267467,1.345716148236414,1.2587167350256352,2.2796289267740764,0.9095699341894194,RF
564,583,573,train,20,False,0.6422470417813722,0.8014031705585972,0.6905329007419816,0.6261095570451416,0.7302460516862299,2.7045461235267467,1.346514736349599,1.2583598232212332,2.241944748927374,0.9112093369648524,RF
565,584,574,train,20,False,0.608630355029361,0.7801476495057593,0.6501274673741486,0.6027959784192074,0.7060367036303454,2.7045461235267467,1.3139920088751702,1.2238842255189066,2.2944662980261117,0.9050039490314881,RF
566,585,575,train,20,False,0.460737670320467,0.678776598241621,0.6677680358997646,0.542764202738364,0.6419571843078705,1.9400244574655803,1.2328328832872661,1.1440759550255513,2.346711490279566,0.9457562119419974,RF
567,586,576,train,20,False,0.43439708426150603,0.6590880701860002,0.6045978854669926,0.5246055548232698,0.6251895025906704,1.9400244574655803,1.2254271166426192,1.1306499575425462,2.387111131771149,0.9485674690094703,RF
568,587,577,train,20,False,0.4133075754531864,0.6428900181626609,0.5510620416477748,0.513589944315947,0.6144983874591422,1.928064354514842,1.2050629481250161,1.1147184932639225,2.3889654311449164,0.9558374995700506,RF
569,588,578,train,20,False,0.39309023250089997,0.6269690841667553,0.5018570017762751,0.5020593819870671,0.6029429883076272,1.6812521208845337,1.1918079029670698,1.1026008118915829,2.412547639899147,0.9616789783326255,RF
570,589,579,train,20,False,0.39308957463281036,0.6269685595249657,0.4756407040981428,0.5009268276616232,0.6029423687754348,1.6812521208845337,1.1981751452422185,1.1062747552910692,2.4326678629026803,0.9616787949179865,RF
571,590,580,train,20,False,0.4080451639121896,0.6387841293521541,0.4690925699244075,0.5145264114748338,0.6169567690655949,1.6812521208845337,1.2111142795801937,1.1219399601333335,2.3891721718058196,0.9658298331414461,RF
572,591,581,train,20,False,0.4122606585977885,0.6420752748687559,0.4672180572691462,0.5186263820016397,0.6220030085269241,1.6812521208845337,1.221947205648242,1.1311321973381605,2.393794864831833,0.96873845306388,RF
573,592,582,train,20,False,0.4092670947480686,0.6397398649045318,0.4619893435656396,0.5137411833008036,0.6197708557141888,1.6812521208845337,1.2268340529160642,1.1350909828159328,2.420278590440076,0.9687857357563249,RF
574,593,583,train,20,False,0.40380170099803125,0.6354539330258577,0.4533689084482064,0.508500428183545,0.6142181049294022,1.6812521208845337,1.2165551456741253,1.1257518835507623,2.432871334128069,0.9665816403160237,RF
575,594,584,train,20,False,0.4143436659756795,0.6436953207657171,0.45865794058492504,0.5128084724408376,0.6234529688726903,1.6812521208845337,1.2483120835072334,1.1543791346285377,2.4781553134242573,0.9685528988016454,RF
576,595,585,train,20,False,0.41889279343803204,0.6472192777089014,0.43879355148568405,0.5161910844771205,0.6258305239165001,1.7682066473301346,1.253648333623175,1.1597771665604482,2.4751027208828047,0.9669528480855583,RF
577,596,586,train,20,False,0.4110004778007398,0.6410931896384018,0.4042059787276619,0.5124878038758687,0.6201922667174449,1.7682066473301346,1.2444838095660782,1.151765267816105,2.4766364640602876,0.9673979957067617,RF
578,597,587,train,20,False,0.43438161297449013,0.6590763331925144,0.3944608432215959,0.5259427987013228,0.6355018514922234,1.7682066473301346,1.2603517815560417,1.1681228340173582,2.459603951805859,0.9642310298321622,RF
579,598,588,train,20,False,0.4356231318283671,0.6600175238797581,0.38191514993448816,0.5261377533144364,0.6365378629461973,1.7682066473301346,1.2709842520688737,1.1747628467551914,2.4803215626773563,0.9644257007063369,RF
580,599,589,train,20,False,0.4289182761763836,0.6549185263652141,0.42902182656287263,0.5251276183419905,0.6325081006199297,1.7682066473301346,1.2497966129237639,1.1515247900571952,2.453994790070218,0.9657813531865378,RF
581,600,590,train,20,False,0.43364928895615995,0.6585205303983771,0.458838921382614,0.5295571227575752,0.6379432075886426,1.7682066473301346,1.2627823614176026,1.161759559205786,2.4579366508183744,0.9687521924376662,RF
582,601,591,train,20,False,0.4366076150042881,0.6607629037743327,0.45572946220777844,0.5315695710187042,0.6415976177992201,1.7682066473301346,1.2815666034085549,1.1766585156060407,2.4988609041081884,0.9709952149770532,RF
583,602,592,train,20,False,0.4231221685305001,0.6504784151149829,0.44468443103610067,0.5203249878070086,0.630879725369744,1.7682066473301346,1.2672432736049097,1.160782568305297,2.5225575535653717,0.9698703457488678,RF
584,603,593,train,20,False,0.4129674100160304,0.6426254041166054,0.4614897211159822,0.5109566614312464,0.6201462800295399,1.7682066473301346,1.2363734322086735,1.1373324724774323,2.501044885447441,0.9650198639159515,RF
585,604,594,train,20,False,0.46747573227056904,0.6837219700072311,0.5158071134285007,0.5438301253720332,0.6544277132357278,2.0311139125869437,1.2832074720865083,1.1853380685961947,2.442150111381099,0.9571547236207818,RF
586,605,595,train,20,False,0.46813741058442854,0.6842056785678036,0.5242650854807773,0.5463613714448678,0.6550644929555764,2.0311139125869437,1.281998124979432,1.1820657540465003,2.4238552919210163,0.9574087346465376,RF
587,606,596,train,20,False,0.5374937287078436,0.7331396379325317,0.5336059875489185,0.5792001336136477,0.6906732039336791,2.180873000674029,1.327552864116687,1.228145153377322,2.3959653978697317,0.9420759268744373,RF
588,607,597,train,20,False,0.5143206322700562,0.7171615105888326,0.5170798855970576,0.5629243834892069,0.6745367146124578,2.180873000674029,1.3156930047206064,1.2128092733731437,2.4439874603318295,0.9405645794608005,RF
589,608,598,train,20,False,0.49150819105901994,0.701076451650617,0.5226856328935541,0.5477974557178371,0.6539098021057191,2.180873000674029,1.2677638547033043,1.167981893520062,2.4258322189350756,0.9327225305687439,RF
590,609,599,train,20,False,0.49513119489717905,0.7036555939500367,0.5342115460102572,0.5511948639764339,0.6571268003235782,2.180873000674029,1.2669082541605396,1.1705479849927263,2.407109532022277,0.9338756146806638,RF
591,610,600,train,20,False,0.5262634925088558,0.7254402060189771,0.5426840949755507,0.5678674697784394,0.675319074884436,2.180873000674029,1.3001608232845483,1.2017927220754432,2.4072198701199152,0.9309093558384467,RF
592,611,601,train,20,False,0.5289431773853456,0.7272847979886184,0.5067159955933708,0.5691190205026538,0.67802470438762,2.180873000674029,1.3140375558934385,1.2128955640784576,2.43358921186268,0.9322684954542809,RF
593,612,602,train,20,False,0.5325732313907846,0.7297761515634672,0.5100605982074975,0.574139325396626,0.6807131618712716,2.180873000674029,1.3100060420811612,1.2092736159471638,2.408055707080057,0.9327698094996892,RF
594,613,603,train,20,False,0.5322116657494946,0.7295283858421786,0.5078396373218117,0.5739282446723146,0.6802950951092172,2.180873000674029,1.3081597117383337,1.2056734689314772,2.4045755433507803,0.9325135365690728,RF
595,614,604,train,20,False,0.5352521315858807,0.731609275218597,0.5072792594218459,0.5805340388693603,0.6825134353709752,2.180873000674029,1.2970466392127349,1.1974087238313071,2.35649489101291,0.9328933605537567,RF
596,615,605,train,20,False,0.5117268995757931,0.71535089262249,0.5115272426882455,0.5718723976171026,0.6685188420554078,2.180873000674029,1.2705775894169906,1.1690265343991433,2.3449624605954345,0.9345327572103881,RF
597,616,606,train,20,False,0.5441003523232593,0.7376315830570566,0.5835593919331744,0.593614869619018,0.6878597579090219,2.180873000674029,1.2822403004427492,1.182693486588223,2.294712358282104,0.9325248182273335,RF
598,617,607,train,20,False,0.5483292275256431,0.7404925573735655,0.5789795253434414,0.5960504651716387,0.6901110287133523,2.180873000674029,1.287191155993026,1.1868637306196852,2.295251307116328,0.9319621403908364,RF
599,618,608,train,20,False,0.5439884566156482,0.737555731193005,0.5910365918612842,0.5945280442040624,0.6863137924081675,2.180873000674029,1.277357303871896,1.1749265573691736,2.2823640262819436,0.9305246551308698,RF
600,619,609,train,20,False,0.5277050357093532,0.7264330910065656,0.5711861848794381,0.5820899159053073,0.6741642300437058,2.180873000674029,1.2650775465411108,1.1636435318658072,2.3026911950000706,0.9280472467320635,RF
601,620,610,train,20,False,0.544192747402638,0.737694209956021,0.6026105835207585,0.5935191138594077,0.6874159776919578,2.180873000674029,1.2930793263602514,1.191582825279473,2.2990217537091344,0.9318440736208834,RF
602,621,611,train,20,False,0.5419683329099365,0.7361849855232967,0.6143623083423159,0.5905382607621414,0.6847325382840764,2.180873000674029,1.2813367754171292,1.1834534306663955,2.290047139461628,0.9301093498903038,RF
603,622,612,train,20,False,0.5357625692063807,0.7319580378726507,0.6026629744518085,0.5855362171141604,0.6778906278737183,2.180873000674029,1.2616395021664102,1.1647801422769968,2.269979381075439,0.926133183596053,RF
604,623,613,train,20,False,0.5313534099806891,0.7289399220653847,0.5949627043615159,0.5791791741195557,0.6702775364964036,2.180873000674029,1.2489118617736448,1.1519321949082009,2.275060790628504,0.9195237031293793,RF
605,624,614,train,20,False,0.4722622793127731,0.6872134161326983,0.5507720615552866,0.542992851657756,0.6301810578543011,2.180873000674029,1.1806562398037066,1.0860508491085799,2.2946755185166996,0.9170092478704105,RF
606,625,615,train,20,False,0.47240173632300564,0.6873148742192371,0.566251933665064,0.5439348673680512,0.6303133096008607,2.180873000674029,1.173705827239713,1.0807083866470926,2.274879292196779,0.9170663014049741,RF
607,626,616,train,20,False,0.39533196996534503,0.6287543001565437,0.5186765109707486,0.5042699287929377,0.587657956733074,1.8504309719210204,1.116983878191812,1.0276223416133863,2.3159379699213174,0.9346384694096919,RF
608,627,617,train,20,False,0.3913860540031212,0.6256085469389954,0.5338069185278081,0.5007913592744312,0.5838537636339015,1.8504309719210204,1.112507436058205,1.0201005755740025,2.331975656514512,0.9332573323855733,RF
609,628,618,train,20,False,0.40550426403260414,0.6367921670628527,0.5857581338535641,0.5135757254049674,0.5982425800784551,1.8504309719210204,1.14420083056778,1.047176189759082,2.332378983490596,0.9394628436429987,RF
610,629,619,train,20,False,0.41427018492526047,0.6436382407263108,0.5928679514788472,0.5183749969299374,0.6048680878048762,1.8504309719210204,1.1710490493632497,1.0648299196428805,2.359929764993496,0.9397640623750314,RF
611,630,620,train,20,False,0.38068015227611973,0.6169928300038175,0.5753068684151416,0.49861532945464837,0.584799567625007,1.6269412827592975,1.1495081313345907,1.0414029799354494,2.393218250661823,0.9478223071431617,RF
612,631,621,train,20,False,0.379825118444444,0.6162995363006888,0.5999138142493344,0.4997385265892986,0.5839677309966581,1.6269412827592975,1.1425816002243656,1.0357448066197565,2.3702741322772396,0.9475388128667094,RF
613,632,622,train,20,False,0.36085015382068086,0.6007080437456126,0.5918370858635059,0.48165718850336514,0.5656982725058193,1.6269412827592975,1.1197765901509842,1.0126239439605085,2.413099101015639,0.9417191569110747,RF
614,633,623,train,20,False,0.3553051490634912,0.5960747847908777,0.5818357440533892,0.47464666178214704,0.5577483497173276,1.6269412827592975,1.1007308529889022,0.996138695067132,2.4222176598637333,0.9357019688611785,RF
615,634,624,train,20,False,0.33292552837558054,0.576996991652106,0.5347117627066135,0.4523112190327244,0.5338787675628933,1.6269412827592975,1.0572088483030662,0.9544206087315444,2.4281168767206363,0.9252713190657147,RF
616,635,625,train,20,False,0.33361967789112257,0.5775981976176194,0.564992138187281,0.45138717035180703,0.534370733611125,1.6269412827592975,1.0596284353574927,0.9582827914368449,2.435223388280468,0.9251599742090749,RF
617,636,626,train,20,False,0.29472911081050807,0.5428895935735996,0.5344195089520417,0.4240119115015542,0.5094889842794068,1.6269412827592975,1.047642785208314,0.9407807921435672,2.5233360487086363,0.9384762395714173,RF
618,637,627,train,20,False,0.3337849779996316,0.577741272543023,0.6503297666331866,0.4397444973609967,0.5267102243664055,1.992067874374185,1.0688633341761629,0.9636368957280006,2.51644271896454,0.911671451215531,RF
619,638,628,train,20,False,0.334808068193267,0.5786260175564758,0.6539109104314383,0.4370848756382267,0.5276522654679903,1.992067874374185,1.083439483694429,0.978238137195904,2.566869901633272,0.9119055304430546,RF
620,639,629,train,20,False,0.3413417837304842,0.5842446266166974,0.62014984540073,0.4421598643665511,0.5330715489796172,1.992067874374185,1.1076791603256013,0.9978576988086141,2.590165195215273,0.9124115562116188,RF
621,640,630,train,20,False,0.3357348897190107,0.5794263453787812,0.585973090944246,0.4381224277041258,0.529152987590862,1.992067874374185,1.091483686961989,0.9858986494826667,2.57965298804145,0.9132359821246053,RF
622,641,631,train,20,False,0.35994813486702926,0.5999567774990372,0.6207318366137929,0.4562432035424299,0.549599765557973,1.992067874374185,1.1273622991980492,1.018508857192631,2.554303167672702,0.9160656003404428,RF
623,642,632,train,20,False,0.3969729359014604,0.630057882977001,0.6726878100347373,0.4780519005938621,0.5774830470720431,1.992067874374185,1.189984060968315,1.079563397201299,2.5724643652606587,0.916555546203876,RF
624,643,633,train,20,False,0.40135831366015273,0.633528463180742,0.703077377978385,0.4846497897235887,0.5850635952395878,1.992067874374185,1.2020818884584221,1.0913865905332203,2.5637554931987414,0.923500093906077,RF
625,644,634,train,20,False,0.4223762264333624,0.6499047825900056,0.7160954974086128,0.5011881856671538,0.6047785042718594,1.992067874374185,1.237065904241796,1.1257256036277503,2.5552306544790975,0.9305647849854117,RF
626,645,635,train,20,False,0.4552984605915854,0.6747580756030901,0.7601825462751737,0.5198883604242098,0.6267709936115978,1.992067874374185,1.2802685267159926,1.1667905775746852,2.5626346657353567,0.9288825377175337,RF
627,646,636,train,20,False,0.45966537844765776,0.677986267152704,0.7689933321621469,0.523161611082128,0.6309786596520401,1.992067874374185,1.282834287620812,1.1707220679053656,2.5492670255944945,0.9306658412152229,RF
628,647,637,train,20,False,0.5042480418172376,0.7101042471477252,0.8332698244830569,0.548742432290652,0.6599261712681648,1.9940605798708435,1.3222365637883657,1.2127327776597536,2.4981196174792624,0.9293370289205977,RF
629,648,638,train,20,False,0.4977490508805519,0.7055133243820076,0.805467045315239,0.5435696387414112,0.654307062176996,1.9940605798708435,1.3038408104007364,1.2007760031573815,2.485301315991421,0.9274198510001698,RF
630,649,639,train,20,False,0.4849607476669293,0.6963912317562085,0.7686888528413649,0.5357142274695981,0.644085743542821,1.9940605798708435,1.277900744267408,1.1826577522970037,2.4746457086407556,0.9248906565329953,RF
631,650,640,train,20,False,0.4791524256012547,0.6922083686298908,0.7504566035015974,0.528995558477493,0.6391357365857228,1.9940605798708435,1.2744436775866634,1.1805534046773447,2.5106136138150763,0.9233285316252152,RF
632,651,641,train,20,False,0.47383604661676515,0.6883574991359978,0.7448250919471874,0.5209778525628291,0.6331760458273006,1.9940605798708435,1.267476857160546,1.1742012607916494,2.553396998581569,0.9198360541172879,RF
633,652,642,train,20,False,0.5043664053963323,0.7101875846537534,0.7565435579551039,0.5445578531285745,0.65888698437118,1.9940605798708435,1.3014311332072375,1.209666408293477,2.511499393818001,0.9277647182362605,RF
634,653,643,train,20,False,0.5191898649462847,0.7205483085444616,0.7262363649124031,0.5610043774281863,0.6757958135857209,1.9940605798708435,1.3258984956864195,1.2360138756859091,2.4598184640048335,0.9378910554253571,RF
635,654,644,train,20,False,0.5345964027729332,0.7311609964795258,0.6983871256287947,0.5754752911799472,0.6943358392913116,1.9940605798708435,1.3635747808879868,1.271238116153963,2.47446802382276,0.9496346805074066,RF
636,655,645,train,20,False,0.5311687140750051,0.7288132230379778,0.6571761303497177,0.570075150477755,0.6918353362033154,1.9940605798708435,1.380653953004997,1.2851393270573843,2.5326270826561292,0.9492628760486478,RF
637,656,646,train,20,False,0.5406960344205285,0.7353203617611364,0.6439606537641043,0.5765264256075914,0.6996357355689,1.9940605798708435,1.3921503070052572,1.3010731719811184,2.5118284514873483,0.9514706404882227,RF
638,657,647,train,20,False,0.4918148901881526,0.7012951519782186,0.6151905586771681,0.5565669677732913,0.677001744604661,1.9940605798708435,1.3630748837705633,1.2691092956472074,2.518712500562043,0.9653592252776445,RF
639,658,648,train,20,False,0.5125472761480119,0.7159240714964206,0.6441349582303418,0.572893387255547,0.6918013996101665,1.9940605798708435,1.376525096765338,1.2827482308959315,2.4639433288374137,0.9663055443354028,RF
640,659,649,train,20,False,0.5028244782347365,0.709101176303309,0.6771818226144876,0.5647915181320277,0.6833028747325434,1.9940605798708435,1.3461902397373602,1.2562282686223507,2.4417302767161777,0.9636183066212672,RF
641,660,650,train,20,False,0.5415801538540995,0.7359212959645206,0.6872547947319957,0.5777835918315064,0.7049979084868304,2.226505061880672,1.3923639020570413,1.3010142436583598,2.4607408210794715,0.95798003448567,RF
642,661,651,train,20,False,0.5663481760175768,0.7525610779316034,0.6119351167638438,0.5938183169128382,0.7183173898085322,2.226505061880672,1.3956342989130828,1.3053179636247605,2.424772331195048,0.9544971310273058,RF
643,662,652,train,20,False,0.5395715075434466,0.7345553127868906,0.5891291122665522,0.5818565668954041,0.7008972862145461,2.226505061880672,1.34349243595367,1.2586917613080515,2.384385877820507,0.9541790441285537,RF
644,663,653,train,20,False,0.5565451110787702,0.746019511191745,0.5950625003710116,0.5965593008258212,0.7170224218882035,2.226505061880672,1.3656759476262539,1.2800222785848383,2.370700360184411,0.9611309236976665,RF
645,664,654,train,20,False,0.5383554534639687,0.7337270974033662,0.5905060044028456,0.5837450712652401,0.7010912857763084,2.226505061880672,1.3442947133439083,1.2577693693820504,2.3923054708305207,0.9555205038187158,RF
646,665,655,train,20,False,0.517489654407813,0.7193675377773263,0.5665994226754514,0.5716160469547681,0.6887437478488434,2.226505061880672,1.333723977742101,1.2476450803142325,2.4178669384038542,0.9574295637205105,RF
647,666,656,train,20,False,0.5865323108387136,0.7658539748794894,0.5740561261341467,0.603327599961953,0.7258008353498805,2.226505061880672,1.3802632489009627,1.2950693704757066,2.3910746770647346,0.9477013362293885,RF
648,667,657,train,20,False,0.552893408732555,0.7435680256254669,0.5409111427436326,0.587844699311498,0.706359020752664,2.226505061880672,1.341613058122853,1.2583505892528517,2.3849629284476963,0.9499588422437829,RF
649,668,658,train,20,False,0.5497332942914656,0.741440013953567,0.5415392022824999,0.5850360950433549,0.7031334033755624,2.226505061880672,1.3428900190984594,1.2540112834242831,2.404573225771597,0.9483348485958522,RF
650,669,659,train,20,False,0.5559777513791888,0.7456391562808306,0.5505147153935261,0.5892783278197021,0.7085405317528829,2.226505061880672,1.3576216797506357,1.265504600310659,2.4124861514259877,0.9502458740056092,RF
651,670,660,train,20,False,0.5536718222297515,0.7440912727816068,0.5539385969206656,0.589352712852511,0.7063009046740082,2.226505061880672,1.3422244538980146,1.251922687907988,2.373516661425083,0.9492127249842237,RF
652,671,661,train,20,False,0.5599984937977376,0.7483304709803935,0.5645200601377641,0.5980256234816149,0.7132406521567901,2.226505061880672,1.346229668956782,1.2564066768734299,2.3207815095643807,0.9531091941537113,RF
653,672,662,train,20,False,0.5268872074881383,0.7258699659636968,0.5283148379181738,0.5715686944762319,0.6831177889779135,2.226505061880672,1.2973583393280725,1.206835626131663,2.3299381821598812,0.9411021546689515,RF
654,673,663,train,20,False,0.536686878756049,0.7325891609599811,0.5245029506991128,0.5775205870550282,0.6903284189408395,2.226505061880672,1.3149033637659329,1.2181286755254637,2.337369990079257,0.9423131759637785,RF
655,674,664,train,20,False,0.5404627008911802,0.7351616835031463,0.5295422272270554,0.5819088892799542,0.6933211982094751,2.226505061880672,1.3156285506232954,1.2205836927815727,2.3200385429213126,0.9430866893194223,RF
656,675,665,train,20,False,0.5344052527936283,0.7310302680420478,0.5361363222516402,0.5788331386820011,0.6883626559018967,2.226505061880672,1.2933185508195928,1.197449802519826,2.291878068314767,0.9416335902828897,RF
657,676,666,train,20,False,0.5313876003840858,0.7289633738289503,0.5315458857566344,0.5809800343994281,0.686097303701312,2.226505061880672,1.2689497196094104,1.1768154983251065,2.2373689676373067,0.941195851991191,RF
658,677,667,train,20,False,0.5033525042094101,0.709473399226081,0.5336636494062355,0.5604577787906517,0.6639003491605753,2.226505061880672,1.2409084424893884,1.1470861295705428,2.266157145624193,0.9357649629778672,RF
659,678,668,train,20,False,0.48880393217046036,0.6991451438510178,0.5254128191232548,0.5525368292741064,0.6542226476540097,2.226505061880672,1.2246866215454077,1.133473288474864,2.2682104041700493,0.9357465376222642,RF
660,679,669,train,20,False,0.49435588229705124,0.703104460444571,0.5415844717531876,0.5578939699926259,0.659376845361062,2.226505061880672,1.2315256054066426,1.1405690976899987,2.2588036411265757,0.9378077973565122,RF
661,680,670,train,20,False,0.45473747790283553,0.6743422557595182,0.5413581232371241,0.5476290379452091,0.63703779366413,2.028534660989637,1.1761077489929792,1.086641151972899,2.213817872166574,0.9446802246533228,RF
662,681,671,train,20,False,0.41586096071209794,0.6448728252237784,0.6083424822887296,0.5238949011890167,0.6135695468992843,2.028534660989637,1.1540698125774815,1.063139661126521,2.248953779621751,0.9514582145500836,RF
663,682,672,train,20,False,0.40683239819845973,0.6378341463095714,0.6369919405919053,0.5142231590805103,0.6046295969325748,2.028534660989637,1.1604744825317947,1.061358393445226,2.3216212419618536,0.9479417187538266,RF
664,683,673,train,20,False,0.3931811193536804,0.6270415611055462,0.6289269608592095,0.504334833841311,0.5925962428710012,2.028534660989637,1.1434803123084012,1.0445550919533013,2.323649742479916,0.9450669295767031,RF
665,684,674,train,20,False,0.39956281091894275,0.6321098092253772,0.6423844043199886,0.5077109025457307,0.599267652221353,2.028534660989637,1.1665411976541424,1.064118668949536,2.357231549545795,0.948043589065212,RF
666,685,675,train,20,False,0.38439086035566855,0.619992629275275,0.6244089706869861,0.496511090361866,0.5864898595960394,2.028534660989637,1.1353654363945647,1.0370266725296573,2.352835127851125,0.9459626323003262,RF
667,686,676,train,20,False,0.31759042981794405,0.5635516212539399,0.5598728928325648,0.4678729034205486,0.5513646610521457,1.489697723820846,1.088373087787612,0.9865455221905159,2.364638188310137,0.9783747224882835,RF
668,687,677,train,20,False,0.29896648564960704,0.5467782783264228,0.5826410991547463,0.44991145306010416,0.5317364021195281,1.489697723820846,1.0593563627758227,0.957223569174872,2.4106208453623013,0.9724899894470299,RF
669,688,678,train,20,False,0.3258925356887096,0.5708699814219605,0.6110534758453678,0.4690021906134042,0.5520977793099651,1.7399064995514055,1.0965580631053473,0.9952462444471795,2.3941980674719945,0.9671165016152427,RF
670,689,679,train,20,False,0.3179866147252632,0.5639030189006468,0.6169772961971023,0.4635499466332872,0.5450520318680896,1.7399064995514055,1.074675378441229,0.9762549291314985,2.3763943896369533,0.9665705158498566,RF
671,690,680,train,20,False,0.31760162585550866,0.5635615546286924,0.6250697126585303,0.46412717070277587,0.5446579515330575,1.7399064995514055,1.0681574168742478,0.9709886103946355,2.356988392990577,0.9664568973160531,RF
672,691,681,train,20,False,0.32931966692880554,0.5738638052088715,0.668343918865428,0.4728046907880238,0.5541116036610352,1.7399064995514055,1.0767246941700517,0.9799986129742326,2.3407242483547543,0.9655803321823947,RF
673,692,682,train,20,False,0.38092420882498146,0.6171905773948444,0.7016723103961389,0.5085762912819435,0.5939848355256261,1.7399064995514055,1.1406502946743466,1.044193558170555,2.328510250928301,0.9624010107750355,RF
674,693,683,train,20,False,0.36853912606223227,0.60707423439167,0.7360738788320559,0.49941549996843193,0.5845657297532183,1.7399064995514055,1.1213660522093711,1.0297940646428794,2.33193873609499,0.962922978174149,RF
675,694,684,train,20,False,0.35822714110223963,0.5985207942103931,0.7398341002400022,0.489820318828741,0.5755256669101108,1.7399064995514055,1.1136675024574827,1.0195198411233475,2.364079771736677,0.9615800695268759,RF
676,695,685,train,20,False,0.3903704117686412,0.6247962962187286,0.6730764539509719,0.5103254534912438,0.5963990621610948,1.7399064995514055,1.1398388367704064,1.0509453964930604,2.328329341431352,0.9545496120423664,RF
677,696,686,train,20,False,0.3867767454106757,0.6219137765081875,0.6224150000170647,0.5057157766614203,0.5934732590173758,1.7399064995514055,1.1431919017755428,1.0517837729835011,2.3544616300180516,0.9542693560343775,RF
678,697,687,train,20,False,0.395098071824326,0.6285682714107721,0.6108757056149059,0.5142244738248251,0.6018991202985117,1.7399064995514055,1.1493783062727332,1.059580390551998,2.3265355121650773,0.9575715919411528,RF
679,698,688,train,20,False,0.40400210040586115,0.6356115955564854,0.6065559279931939,0.5171191816085932,0.6081085880084378,1.7399064995514055,1.1589402675288298,1.0689895197275772,2.3313838986668505,0.9567298524125124,RF
680,699,689,train,20,False,0.4009348764546933,0.633194185423945,0.5905916825360009,0.511006224361118,0.6053840147483359,1.7399064995514055,1.1807731650728033,1.0856833454277923,2.4179590905241852,0.9560795545572023,RF
681,700,690,train,20,False,0.3970779594944175,0.630141221865716,0.580811153805307,0.5045008914497464,0.6023369522273727,1.7399064995514055,1.18790057106697,1.0898534115363863,2.4583358978668874,0.9558761295507369,RF
682,701,691,train,20,True,0.41189165753164725,0.6417878602245817,0.5999943771524178,0.5135852052030268,0.6129259335273191,1.7399064995514055,1.209281154266253,1.1136815241261244,2.458154501257714,0.9550288678144162,RF
683,702,692,train,20,True,0.4432175026585461,0.6657458243643336,0.6553661751831541,0.5379985922498756,0.6368472170084295,1.7399064995514055,1.2322267867508734,1.138356489210596,2.38904303838265,0.9565921312634638,RF
684,703,693,train,20,True,0.46443318742507944,0.6814933509764269,0.6692093142872724,0.5490511558324042,0.6540002554238821,1.7399064995514055,1.2750627232933829,1.1802764907194832,2.424481909401251,0.9596575733084506,RF
685,704,694,train,20,True,0.46480222449967146,0.6817640533936,0.673602758208341,0.5525194147375398,0.65433674360114,1.7399064995514055,1.2617617177240552,1.171627594476894,2.373106070397597,0.9597700851842574,RF
686,705,695,train,20,True,0.5071437074689384,0.7121402301997398,0.7232563623231552,0.5746264906787888,0.68261414958663,2.3528181265993915,1.3320380775238494,1.2350010212746612,2.3901981215568506,0.9585389515140461,RF
687,706,696,train,20,True,0.5926422134955706,0.7698325879667414,0.7561275590198219,0.6125551451424426,0.7245616437839588,2.916248095623075,1.423416097862474,1.322163923256489,2.3996191619573204,0.9411937804525127,RF
688,707,697,train,20,True,0.6731197085053501,0.8204387292816875,0.8601250625732636,0.6592790698808495,0.7755954622941502,2.916248095623075,1.5095147744809172,1.4081507244033231,2.3494781270670027,0.9453423328433085,RF
689,708,698,train,20,True,0.6659310418614185,0.8160459802372771,0.8702559485317733,0.6513739170468104,0.7712176813369733,2.916248095623075,1.5090194748620946,1.4065981742126534,2.378375472956693,0.945066454604348,RF
690,709,699,train,20,True,0.7072624601520083,0.8409889774259877,0.8839913831926954,0.6705436638711418,0.7983435977049493,2.916248095623075,1.56925346549203,1.4680522368386109,2.398728722091956,0.9492913927937998,RF
691,710,700,train,20,True,0.7784614368517924,0.8823046168142794,0.8927537025105047,0.7096401827684199,0.8385134921076347,2.916248095623075,1.6201879880346552,1.5190376002672734,2.3691100627036614,0.9503673404036347,RF
692,711,701,test,20,True,0.781116458905972,0.8838079310042267,0.8958219979711557,0.7078920439612791,0.8403259817267849,2.916248095623075,1.6404003937885498,1.5379608807866285,2.408701613964714,0.9508015851045425,RF
693,712,702,test,20,True,0.7438386473219004,0.8624608091512914,0.8704184978865501,0.6856214796241182,0.8175392774371325,2.916248095623075,1.6139744808591736,1.5110479590594295,2.439731520723093,0.9479146979926377,RF
694,713,703,test,20,True,0.8808009352560433,0.9385099547985857,0.855391668078914,0.7412837318413462,0.8767908443153276,2.916248095623075,1.6973841585969711,1.595636650015199,2.409810159413649,0.9342371275150687,RF
695,714,704,test,20,True,0.9908732170580526,0.9954261484701176,0.7996143640421787,0.7886465426953982,0.9307645049071944,2.916248095623075,1.7757604897598953,1.673939452524597,2.3721905182479013,0.9350412447349284,RF
696,715,705,test,20,True,0.9795145413784839,0.9897042696576003,0.8303342055696198,0.7826267154364077,0.9245693620245085,2.916248095623075,1.7694361047923828,1.667028266185024,2.3803530263931965,0.934187504661745,RF
697,716,706,test,20,True,1.0145377125625368,1.0072426284478515,0.8903375584949644,0.8038909709244034,0.9463780836430246,2.916248095623075,1.8008672121490945,1.699226838473237,2.356470135279148,0.9395731047457567,RF
698,717,707,test,20,True,1.0327109639986438,1.016223874940283,0.9120035392721711,0.8143761832302715,0.9592369310566632,2.916248095623075,1.8207313188512972,1.721472343904829,2.3567689434430905,0.9439228448682446,RF
699,718,708,test,20,True,1.032568668862142,1.0161538608213532,0.9190776902386529,0.8151455105168168,0.9591454996423702,2.916248095623075,1.8236478775383387,1.7238089340238993,2.358488952866661,0.9438979042672697,RF
700,719,709,test,20,True,1.0631032640338642,1.0310689909185826,0.9142468551579184,0.8351691759978568,0.9797345237765098,2.916248095623075,1.835807261111324,1.7413334683366386,2.279812942187969,0.9502123838518907,RF
701,720,710,test,20,False,1.0806440681976983,1.0395403158116083,0.9170966466570561,0.8474173523784708,0.9918546693734692,2.916248095623075,1.8469768441081627,1.7545189694235432,2.2501055034218322,0.9541281413401373,RF
702,721,711,test,20,False,1.0663533865465156,1.0326438817649168,0.9175050704420062,0.8400196564429352,0.9817030147484603,2.916248095623075,1.817889237129774,1.7269793693876028,2.2282461999361103,0.9506694728783049,RF
703,722,712,test,20,False,1.054015980451981,1.026652804239087,0.9446238154121427,0.8330733223752841,0.9741675980179816,2.916248095623075,1.7969474166134851,1.7108992323746293,2.216441033404945,0.9488773556119536,RF
704,723,713,test,20,False,1.039766063042866,1.0196891992381139,0.9734981622545666,0.8232420416847273,0.963782993603252,2.916248095623075,1.7815577884377256,1.6919116433646373,2.238648171043141,0.9451732884131422,RF
705,724,714,test,20,False,1.1076977692740313,1.0524722178157633,0.9658216666410845,0.8525932135492791,1.0006759365240439,2.916248095623075,1.8636636532594963,1.7662402015672467,2.2513537550243488,0.9507860821265056,RF
706,725,715,test,20,False,1.1315524564016444,1.0637445447106388,1.0095281712668946,0.8654912966355965,1.0111715633096943,2.916248095623075,1.8581091859073051,1.7627133171462632,2.2113659138814157,0.9505774373533962,RF
707,726,716,test,20,False,1.0660777225970521,1.0325103982997228,1.0933325457187681,0.8358837778329319,0.98283233232644,2.775371995172419,1.799018384912453,1.7082607744520295,2.2236109821116496,0.9518861349434449,RF
708,727,717,test,20,False,1.0172114549468552,1.0085690134774392,1.0499045035403134,0.8155714077727161,0.9600101899898899,2.775371995172419,1.7586441780413664,1.6653639301788101,2.225789670763022,0.9518537424423504,RF
709,728,718,test,20,False,1.054753194518855,1.0270117791529243,1.0442348007864068,0.8318495750403333,0.9793486976319681,2.775371995172419,1.7792930922440509,1.6922964823411764,2.1980568027701413,0.9535905210743848,RF
710,729,719,test,20,False,1.0149192751454894,1.0074320201112774,1.0614718444858544,0.8141180360977724,0.9537042812829372,2.775371995172419,1.722731347890841,1.6335726178566081,2.178548104542018,0.9466686210525593,RF
711,730,720,test,20,False,0.986241769647803,0.9930970595303377,0.9760704108406648,0.7975970013994511,0.941394479622286,2.775371995172419,1.7197182071486221,1.629321076657757,2.205936957542167,0.9479380394777291,RF
712,731,721,test,20,False,1.0885286642257197,1.0433257709007862,1.040571794998711,0.8421274128194274,0.984629981341888,2.775371995172419,1.7675947131879681,1.6810170798696622,2.159277766857776,0.9437416469563275,RF
713,732,722,test,20,False,1.1357085419172648,1.0656962709502482,1.063474741543815,0.8695218012430953,1.0119538736528058,2.775371995172419,1.7850489289214717,1.7003474565563945,2.110304548617287,0.9495706246119056,RF
714,733,723,test,20,False,1.0034573281544685,1.0017271725147863,1.0668187358772827,0.8194657640392548,0.9566128278620075,2.775371995172419,1.698845654332219,1.6159758685397325,2.112794490125588,0.9549634412536485,RF
715,734,724,test,20,False,0.9160913969006128,0.957126635770112,1.199726661571049,0.7877299691014817,0.9200083209878279,2.775371995172419,1.64083172611713,1.5605574326798828,2.1185890941365892,0.9612190138743569,RF
716,735,725,test,20,False,0.92157496542081,0.959986961068123,1.257079780972156,0.7912686130582111,0.923103781454256,2.775371995172419,1.6518237307810317,1.5659527235839368,2.1226794061527805,0.9615794993998364,RF
717,736,726,test,20,False,0.8921625545973176,0.9445435694542194,1.2105647661193308,0.7747771384257105,0.9057519746129519,2.775371995172419,1.626236382512819,1.5402017660201834,2.1359820499241997,0.9589308570872149,RF
718,737,727,test,20,False,0.8955492179427887,0.9463346226059727,1.228239765479737,0.7764785752928798,0.9077323948384028,2.775371995172419,1.633521018836379,1.5443630236978803,2.1413359471989417,0.9592086912541898,RF
719,738,728,test,20,False,0.9055757289253791,0.9516174278171765,1.221959228699738,0.7834503508317041,0.9137210557048949,2.775371995172419,1.6311005645744157,1.5433292521505277,2.1173667801018783,0.9601768830577132,RF
720,739,729,test,20,False,1.0475783710091728,1.0235127605502399,1.1971052456313185,0.828981408500883,0.9630152617695508,3.229182624389179,1.7072284016441543,1.6193037068653158,2.104566106138732,0.9408922867281443,RF
721,740,730,test,20,False,1.0331042429683754,1.0164173566839438,1.2027909863399668,0.8183439589407332,0.953341098727547,3.229182624389179,1.7020128043817102,1.6127210092506856,2.1375779765229836,0.9379425611520618,RF
722,741,731,test,20,False,1.0459200162869937,1.022702310688205,1.181972999099208,0.8236632870330123,0.9625664349961142,3.229182624389179,1.7282930049896017,1.6374445149161727,2.162740507577521,0.9411990419268498,RF
723,742,732,test,20,False,1.033480734733529,1.016602545114623,1.185891567987472,0.8128855112899908,0.9529558899702433,3.229182624389179,1.7240893377593616,1.6341596124056879,2.1917309520415453,0.9373927839840264,RF
724,743,733,test,20,False,1.0366535936713535,1.0181618700733952,1.1969389252283844,0.81996930255739,0.955563691387266,3.229182624389179,1.7058294275716683,1.6216305991454227,2.1234984674378854,0.9385184413931974,RF
725,744,734,test,20,False,1.016268924583718,1.0081016439743158,1.2569449446816787,0.8167287286694005,0.9471053650444368,3.229182624389179,1.6514770835861434,1.5767401081008479,2.077893105046551,0.9394939197902616,RF
726,745,735,test,20,False,1.015894316541216,1.0079158281033274,1.256156886116698,0.8165405445808869,0.9469542959159701,3.229182624389179,1.6521404168448395,1.5782368815440797,2.0788829431630327,0.9395172389523109,RF
727,746,736,test,20,False,0.9993151995656767,0.9996575411438042,1.2679586294376164,0.8102674651764211,0.9360925143741718,3.229182624389179,1.623571990848755,1.5508366708258206,2.0562111173335085,0.9364131973666686,RF
728,747,737,test,20,False,0.9775675853507882,0.9887201754545055,1.2732512810845165,0.7950106154706866,0.9201767513408108,3.229182624389179,1.5988798955968293,1.5299086447423913,2.073588840692309,0.9306745975096685,RF
729,748,738,test,20,False,0.9344719366230338,0.9666808866544502,1.2592296422343403,0.7781501656785931,0.8970841903841539,3.229182624389179,1.5599021311971701,1.490508735561717,2.0732748983139753,0.9280044767294812,RF
730,749,739,test,20,False,0.9296098014087745,0.9641627463290492,1.2550798225979891,0.7714705350594171,0.8918929535112152,3.229182624389179,1.553705072520308,1.486868570221447,2.1026515512092625,0.9250439896241648,RF
731,750,740,test,20,False,0.9188091484854107,0.9585453293847979,1.2360620610399686,0.7680238718683507,0.8864215653690716,3.229182624389179,1.5534245586857878,1.4841067404370185,2.1116708355426432,0.9247570648933047,RF
732,751,741,test,20,False,0.7990712417536684,0.8939078485804163,1.1639803582354848,0.7133539264498988,0.8288050788199499,3.229182624389179,1.4768007126179332,1.4048326313009842,2.1529329734748197,0.9271706028044684,RF
733,752,742,test,20,False,0.7723649651543127,0.8788429695652761,1.1278035595851892,0.6960220362883669,0.8154987888944198,3.229182624389179,1.5052808330223666,1.4270380906942866,2.232551018484124,0.9279232094190961,RF
734,753,743,test,20,False,0.7701553635170696,0.8775849608539732,1.065272304606185,0.6936549019382362,0.8137275705410888,3.229182624389179,1.509502504891444,1.4274866017464038,2.248419844535258,0.9272350904341558,RF
735,754,744,test,20,False,0.7806151487990328,0.8835242774248101,1.0140107546936938,0.7015419358768422,0.8196281375505793,3.229182624389179,1.5128952109606726,1.42854491587751,2.2331482222764065,0.9276803801470317,RF
736,755,745,test,20,False,0.7780372235964986,0.88206418337698,1.0383875415686767,0.7011825913093735,0.818199789155099,3.229182624389179,1.5001344809603172,1.4192672468448575,2.2179218726903063,0.9275966585817188,RF
737,756,746,test,20,False,0.7967172842168916,0.8925902106884724,1.0463233023411147,0.7116576345990306,0.8299934922152076,3.229182624389179,1.527417083273706,1.4441254140708306,2.222306112681906,0.9298707091746137,RF
738,757,747,test,20,False,0.8066931802852497,0.8981609990893892,0.9647102645430737,0.716374104846344,0.8353652068427685,3.229182624389179,1.5343569943373936,1.4532238938739648,2.2194719465032833,0.9300840358128589,RF
739,758,748,test,20,False,0.8418415112543185,0.9175192157411847,1.0205989868866623,0.7298088283814135,0.8519067409799146,3.229182624389179,1.5797939169861777,1.498547846942723,2.2383897601583986,0.9284892636191086,RF
740,759,749,test,20,False,0.732426164734616,0.8558190023215283,0.9778867952627862,0.6963164526516561,0.817478035004893,2.495549944064255,1.5431122829699315,1.4608668238664089,2.264293059919873,0.9551996774871439,RF
741,760,750,test,20,False,0.737947155086777,0.8590385061723235,0.9715640082127605,0.7021260841437387,0.8214713822651365,2.495549944064255,1.5419903858377995,1.46126723546907,2.2370948379325917,0.9562684051561584,RF
742,761,751,test,20,False,0.7483826953824313,0.8650911485978985,0.9656148204554658,0.7080323220634209,0.8276218419449644,2.495549944064255,1.5549941103410543,1.4699474673483,2.2353130222233863,0.9566874465035705,RF
743,762,752,test,20,False,0.7718565391345649,0.8785536632070717,0.9338163499811041,0.7248418048514903,0.8440330910793851,2.495549944064255,1.5828833936888216,1.4945633580274011,2.2237116565403445,0.9607074973637093,RF
744,763,753,test,20,False,0.7709647753312232,0.8780459984142193,0.9300176394582491,0.7235107736932519,0.843322307098483,2.495549944064255,1.591709520868799,1.4971476767311027,2.243632498564641,0.9604534484771317,RF
745,764,754,test,20,False,0.729155304919501,0.8539059110461181,0.8931003946938465,0.6997524745340513,0.8196723674206636,2.495549944064255,1.5653011677888693,1.4725587182800144,2.2687569712657436,0.9599094663913088,RF
746,765,755,test,20,False,0.7013574186670187,0.837470846457964,0.8330412989718426,0.6887955268175779,0.8071904527811137,2.495549944064255,1.5505050248321859,1.454600725546828,2.2785857620818266,0.9638430474267617,RF
747,766,756,test,20,False,0.7186746135877154,0.8477467862444041,0.8611994647016835,0.6945167398629405,0.8184735037986928,2.495549944064255,1.5986266195591916,1.496847051394079,2.3322473982983403,0.9654693088541276,RF
748,767,757,test,20,False,0.7108202883842403,0.8431015884128319,0.8809878575578043,0.6878414103223283,0.8094132561577503,2.495549944064255,1.5801436107005866,1.4766951869612523,2.3252881357338717,0.9600423807544936,RF
749,768,758,test,20,False,0.711812449811614,0.8436897829247513,0.9449306671273694,0.6863257943873956,0.8101127729242433,2.495549944064255,1.5830742581142008,1.4781741777178818,2.3366517800266524,0.9602021848787723,RF
750,769,759,test,20,False,0.713307990417382,0.844575627411413,0.9672728216492713,0.6899199402044044,0.8118371998448743,2.495549944064255,1.5894544261233405,1.479824515300689,2.3262135288161487,0.9612368312511214,RF
751,770,760,test,20,False,0.7013538853284844,0.8374687369260326,0.9396152549590935,0.6827177050793456,0.8049116412276266,2.495549944064255,1.5766508264435992,1.4688583929182129,2.33247131859,0.9611244046937103,RF
752,771,761,test,20,False,0.6983434714882024,0.8356694750247866,0.9445632144623147,0.6800026880516767,0.8013926605275762,2.495549944064255,1.5677988757420638,1.4583826775578042,2.326464547394898,0.9589828089673926,RF
753,772,762,test,20,False,0.6653643611627085,0.8156986950845934,0.9230501012802134,0.6584939933710398,0.77353139982403,2.495549944064255,1.4978967377796715,1.3913418402319948,2.3132170040519853,0.9483053049923166,RF
754,773,763,test,20,False,0.6836424527197351,0.8268267368195922,0.9259359644012016,0.6676877489962725,0.786032625549199,2.495549944064255,1.5282825101398294,1.4212702868184592,2.3284018074736625,0.9506618382621386,RF
755,774,764,test,20,False,0.6962736274318374,0.8344301213593847,0.9398814526665269,0.667895970663055,0.7922981031932338,2.495549944064255,1.5576478070176556,1.4488481095113246,2.36248023039686,0.9495080329824228,RF
756,775,765,test,20,False,0.6788298612893352,0.8239113188258401,0.9066685099269173,0.6568056262029797,0.7810540866988471,2.495549944064255,1.5482909200435504,1.439965802009676,2.384653071599776,0.9479831977693072,RF
757,776,766,test,20,False,0.6749107947042721,0.8215295458498568,0.9388703560835603,0.6523994132853377,0.7788469483627944,2.495549944064255,1.542575698794433,1.435406981127959,2.39145604373199,0.948044963564995,RF
758,777,767,test,20,False,0.6531759425872034,0.808193010726524,1.0196620018747544,0.63957314768687,0.766139487480644,2.495549944064255,1.5282140542686458,1.41910050838188,2.408748434057542,0.9479659899457976,RF
759,778,768,test,20,False,0.6167472591234031,0.7853325786718663,0.9116958243074554,0.624068613247996,0.7488785060658093,2.495549944064255,1.482312087652904,1.3745652756390279,2.3944348623437257,0.9535813569994674,RF
760,779,769,test,20,False,0.5469929872658839,0.739589742536958,0.9629170957738535,0.5883071082922862,0.7062800435670084,2.1254954503444567,1.394710536802382,1.2899004477448268,2.3903436069419057,0.9549619240855208,RF
761,780,770,test,20,False,0.5967669621914256,0.7725069334261185,0.9850436633342385,0.6103513297974925,0.7315691720056275,2.3897721625126764,1.4463322536512164,1.339784894485736,2.393714441692418,0.9470066097155538,RF
762,781,771,test,20,False,0.6019968014068311,0.7758845283976419,1.0158090016680268,0.6143154263230721,0.7343576929175412,2.3897721625126764,1.4515097650004465,1.3428565666775365,2.3885476363588993,0.946478072496352,RF
763,782,772,test,20,False,0.6171201760556705,0.7855699689115353,1.045107529928394,0.6200240802227045,0.742249220981366,2.3897721625126764,1.470056427707871,1.3591629034306565,2.396515916481538,0.9448543737100932,RF
764,783,773,test,20,False,0.6518772749842651,0.8073891719513366,1.0735245478073208,0.6371085021624018,0.7631956499763062,2.3897721625126764,1.5231059662460242,1.4157347514655436,2.4170567625991435,0.9452636677449842,RF
765,784,774,test,20,False,0.6917302847958792,0.8317032432279432,1.1612723567000336,0.6567454613618771,0.7859655876278968,2.3897721625126764,1.5793418467854,1.46777108498515,2.4316179761792354,0.945007241498142,RF
766,785,775,test,20,False,0.6915089337379667,0.8315701616448048,1.1870167930186035,0.6535063103791119,0.7858535209842659,2.3897721625126764,1.5901984644491585,1.4798149576945214,2.455004704712914,0.9450237120460002,RF
767,786,776,test,20,False,0.6639464031674747,0.8148290637719513,1.1667549949225569,0.6387559188615322,0.7654827437749179,2.3897721625126764,1.5296857403679218,1.4274220675262297,2.417913229605431,0.9394396663165121,RF
768,787,777,test,20,False,0.6842943952631961,0.8272208866217028,1.1681420592095537,0.6533181474105639,0.7845517060366689,2.3897721625126764,1.5812287095520328,1.4735104379317334,2.448067807187732,0.9484186373009861,RF
769,788,778,test,20,False,0.7098815557880163,0.8425446906770087,1.1799579731405536,0.670759860345963,0.7993555021982559,2.3897721625126764,1.6062104834683513,1.4931529750936177,2.4272502026863187,0.9487395873991574,RF
770,789,779,test,20,False,0.7080965980841205,0.8414847580818803,1.1846633496300403,0.6669326955425299,0.7972805937971307,2.3897721625126764,1.6051154156745173,1.4951339452658827,2.456970715100973,0.9474688473436992,RF
771,790,780,test,20,False,0.6918332006842371,0.8317651114853503,1.1888677452415433,0.657090868361624,0.7851969447478899,2.3897721625126764,1.5841087704070445,1.476205919893298,2.464212320825129,0.9440128395692147,RF
772,791,781,test,20,False,0.6930755725517963,0.8325116050553267,1.1734993480032727,0.6570687738473863,0.7867202698335829,2.3897721625126764,1.5915633519936547,1.483524895253017,2.486685178946049,0.9449961598809177,RF
773,792,782,test,20,False,0.7004229782476545,0.8369127662114222,1.1685418307414022,0.6644220272104653,0.795810546595841,2.3897721625126764,1.604388094747406,1.4990513721557754,2.466819261019487,0.950888286957738,RF
774,793,783,test,20,False,0.6887267123837372,0.8298956033042573,1.1591757843993913,0.660451918088693,0.7883244927466676,2.3897721625126764,1.5786826286074878,1.4726620090643978,2.4416449392167268,0.9499080241031849,RF
775,794,784,test,20,False,0.6519344812356449,0.8074245978638779,1.1102608855105487,0.645545425732514,0.7668251384940982,2.3897721625126764,1.5333647778264914,1.4299104075313445,2.425619582240751,0.9497173364829489,RF
776,795,785,test,20,False,0.6419986273051866,0.8012481683630776,1.1360079632554352,0.6378945186821678,0.7582178717444156,2.3897721625126764,1.5109276653720254,1.4082473101078061,2.4158949548919226,0.9462959188954261,RF
777,796,786,test,20,False,0.6604273859345683,0.8126668357540919,1.2013369166933343,0.6469445520737876,0.7678005003778016,2.3897721625126764,1.5208964119796402,1.4198692665275998,2.4013813874266954,0.9447912312864867,RF
778,797,787,test,20,False,0.6383927295759013,0.7989948244988208,1.260483973544162,0.6297488204349159,0.7463503190677783,2.3897721625126764,1.4823680937521417,1.3820301686407237,2.4037451491920496,0.9341115814310006,RF
779,798,788,test,20,False,0.607059551271342,0.77914026418312,1.3338614130462623,0.6093369131981161,0.721735770631212,2.3897721625126764,1.4471750526301903,1.3431002893264588,2.4192423640396736,0.9263232871014655,RF
780,799,789,test,20,False,0.6301514769602591,0.7938208091000507,1.3035791774038483,0.6293235446875459,0.7413438295527769,2.3897721625126764,1.4749545147307903,1.3684620221268937,2.393061469269513,0.9338931671408732,RF
781,800,790,test,20,False,0.5811332587252018,0.7623209683100693,1.3363060502710742,0.6056300331494769,0.7165678865208923,2.2848756646508472,1.434961359079156,1.3287472850377997,2.415495284278893,0.9399818663120293,RF
782,801,791,test,20,False,0.5599659241533262,0.7483087091256697,1.2432844324684873,0.5933647465700365,0.703961810871414,2.2848756646508472,1.4200352431502297,1.3151361191796291,2.4378415259786808,0.940737161396837,RF
783,802,792,test,20,False,0.53404694707932,0.7307851579495304,1.2931573796752647,0.5807078971607514,0.6894299806871507,2.2848756646508472,1.3891628724339191,1.2848480339753245,2.432018894566609,0.9434099381842731,RF
784,803,793,test,20,False,0.49619446117720994,0.704410719095905,1.2379863079235993,0.559954275990826,0.6658786800141031,2.2848756646508472,1.3383826755372001,1.2361948688130229,2.431781308646495,0.9452989029876534,RF
785,804,794,test,20,False,0.44555959000678563,0.6675025018730534,1.2162620420426709,0.5313395863876382,0.6332941717533911,2.1762049388709954,1.2826531223685944,1.1786313968537232,2.4739937104644345,0.9487517574485914,RF
786,805,795,test,20,False,0.4522726641468081,0.672512203715894,1.158946918529985,0.5385444525149982,0.6365868542339814,1.9366688628357123,1.2706763185668302,1.168451615103278,2.439535941856222,0.9465803753695309,RF
787,806,796,test,20,False,0.48832795759043285,0.698804663400605,1.215788048051459,0.5623623911244869,0.6615429491143493,1.9366688628357123,1.304672614119076,1.2004090039153235,2.4124346932776657,0.9466779255522876,RF
788,807,797,test,20,False,0.47197149992765725,0.6870018194500341,1.1385399184833447,0.5514540602520144,0.6475450723577707,1.9366688628357123,1.26543214125086,1.1661879621322293,2.392593391832788,0.9425667502251308,RF
789,808,798,test,20,False,0.451414465077581,0.6718738461032554,1.0999588617750808,0.5360893808428038,0.6360959535818825,1.9366688628357123,1.2547564353764646,1.1575821114352978,2.428388743563762,0.9467490917694177,RF
790,809,799,test,20,False,0.4745271317548331,0.6888592975019159,1.1021863118919042,0.5548760758443443,0.6553083462321878,1.9366688628357123,1.2856578471832596,1.1835707446651316,2.383511052156659,0.9512949140827489,RF
791,810,800,test,20,False,0.5002368056463943,0.7072742082434466,1.1093598856937814,0.5685009054036243,0.6729525987164904,2.0876758535284416,1.3306026403739648,1.222922419633354,2.396340799942384,0.9514734043360696,RF
792,811,801,test,20,False,0.5319034960762493,0.7293171436873326,1.0500611200322065,0.5913518047680947,0.6968649819315397,2.0876758535284416,1.3579106079367005,1.2553468007540542,2.3485488529708864,0.9555033608675111,RF
793,812,802,test,20,False,0.5538256358123012,0.7441946222677917,0.9929508796906941,0.6041060207347838,0.7134502712848847,2.0876758535284416,1.3942204356527181,1.2884665201358498,2.356628194075374,0.9586877544355005,RF
794,813,803,test,20,False,0.5449331067981905,0.7381958458283212,0.9504382594737277,0.5951037624156228,0.7064646363012519,2.0876758535284416,1.395797423061523,1.2930703415506855,2.397681543775305,0.9570151881693887,RF
795,814,804,test,20,False,0.6512761804519143,0.8070168402529865,1.0325744877934,0.6398579029273541,0.7540761017298756,2.6387035297957007,1.4689890742956402,1.3646373535338756,2.3825373771088834,0.9343994624616324,RF
796,815,805,test,20,False,0.6729418748138986,0.8203303449305642,1.0114424131303306,0.6551241048423515,0.7705847543252016,2.6387035297957007,1.499138208080877,1.3928818335664193,2.3773569156162226,0.9393590753861809,RF
797,816,806,test,20,False,0.6295141310545136,0.7934192656184457,0.9880067333136477,0.6318402327409698,0.7426915952852658,2.6387035297957007,1.4614761091600361,1.3502638200531523,2.411298914528227,0.936064483771214,RF
798,817,807,test,20,False,0.6324057182436742,0.7952394093879366,1.0060599359135631,0.6351328736632987,0.7469257063970742,2.6387035297957007,1.4675228496165502,1.3554125314492942,2.4063371364691433,0.9392463421448801,RF
799,818,808,test,20,False,0.6342332311628096,0.7963876136422575,0.9923720353286991,0.6348135627040594,0.7491409602515389,2.6387035297957007,1.4794152758615968,1.3677621767857069,2.4440956507308274,0.9406737968027437,RF
800,819,809,test,20,False,0.6225798324159454,0.7890372820190091,1.042806772685444,0.6232937922874406,0.7408397028770004,2.6387035297957007,1.4772519236850883,1.3674036745209124,2.4823137641190063,0.9389159672928514,RF
801,820,810,test,20,False,0.6174243200410243,0.785763526794814,1.0031084005157787,0.6203843061186798,0.7371828010879762,2.6387035297957007,1.469528377363284,1.3610650921502363,2.4825356665778013,0.9381738601370286,RF
802,821,811,test,20,False,0.6203818023827818,0.7876431948431865,1.0063316230712036,0.6227669021773456,0.7391983586479821,2.6387035297957007,1.4725597244236268,1.3645219628928973,2.4770547998604937,0.9384939316274429,RF
803,822,812,test,20,False,0.610053554267264,0.7810592514446417,0.978871413587474,0.6144686530671865,0.7314829723728635,2.6387035297957007,1.4663405715260986,1.3596430317504058,2.4984849415249792,0.9365268653049276,RF
804,823,813,test,20,False,0.665792058397672,0.8159608191559641,0.9744628978312669,0.6409940997688016,0.7630259023684915,2.6387035297957007,1.5247377394646888,1.4160153349076727,2.4923078027422134,0.9351256634574332,RF
805,824,814,test,20,False,0.6851710869221466,0.8277506187990116,1.005808013001771,0.6539957016906705,0.778910825271827,2.6387035297957007,1.5522612077788112,1.4454928088179344,2.4669521176964597,0.9409969712882287,RF
806,825,815,test,20,False,0.6901241683876248,0.8307371235159922,0.9770250401418008,0.6522589248185805,0.7812138347105744,2.6387035297957007,1.5741463900732795,1.4638272908758208,2.495509031481926,0.9403863299188838,RF
807,826,816,test,20,False,0.6804114033737167,0.824870537341295,0.8829808268936695,0.6479230423081883,0.7759299707886265,2.6387035297957007,1.5613579251667846,1.4521013911374285,2.4893829649718677,0.9406687906317848,RF
808,827,817,test,20,False,0.7153947426226237,0.8458101102627136,0.8647080224190891,0.6702617710577373,0.8010726631372851,2.6387035297957007,1.6084327192466294,1.4972126229822529,2.4779811026419933,0.9471069846735071,RF
809,828,818,test,20,False,0.852826239691544,0.9234859174300083,0.9968418634788785,0.7207144722008042,0.8535900267502641,3.176873024275118,1.6818684798430739,1.5697805815138222,2.4353025466391243,0.924312986954626,RF
810,829,819,test,20,False,0.9009288304381833,0.9491727084351842,0.9559730866170416,0.7348255914988737,0.8769938305140623,3.176873024275118,1.7179021092577167,1.6115912701938302,2.4377887891062384,0.9239560121359613,RF
811,830,820,test,20,False,0.9228866013883934,0.9606698711776035,1.0038957990101212,0.7483011930717028,0.8878281596481582,3.176873024275118,1.707243113804095,1.6017473030441465,2.3882899096132943,0.9241761257276083,RF
812,831,821,test,20,False,0.9066067875512754,0.9521590137951095,1.0041793912229153,0.737111345166685,0.8776462027834411,3.176873024275118,1.7114284810239027,1.5993995615412802,2.433021817755887,0.9217433118501125,RF
813,832,822,test,20,False,0.9274761997660363,0.9630556576678403,1.0152198750654293,0.7518202611592727,0.8887707482650594,3.176873024275118,1.7097444895205185,1.5980380561935335,2.391133756131741,0.9228654036645493,RF
814,833,823,test,20,False,0.9456836753132318,0.9724626858205059,0.9999590927695563,0.7626033401697744,0.9018282211007982,3.176873024275118,1.7217081095852425,1.610550109428884,2.3650844676561666,0.9273653727288153,RF
815,834,824,test,20,False,0.830421044112245,0.9112744065934504,0.8969143778549349,0.7106981047680516,0.8462698415800967,3.176873024275118,1.6348607785868627,1.5250906856717663,2.383994044912333,0.9286663111100032,RF
816,835,825,test,20,False,0.8115355927848433,0.900852703156761,0.9166536889463657,0.6984355546103821,0.8324451075481034,3.176873024275118,1.6172956385898538,1.50924364867999,2.401786286018255,0.9240635063102501,RF
817,836,826,test,20,False,0.86702568833766,0.9311421418546473,0.9207567096293287,0.7290530092051887,0.8657636855852264,3.176873024275118,1.647700588827363,1.5462403874141892,2.344824598047662,0.9297868141386018,RF
818,837,827,test,20,False,0.8940721141531833,0.9455538663414069,0.9301111168362723,0.7462020091778633,0.8880534099879215,3.176873024275118,1.7023002008262698,1.5983160846752043,2.3695408308667547,0.9391885979209523,RF
819,838,828,test,20,False,0.904789972186409,0.9512044849486407,0.9223680763325501,0.7586136586413093,0.8980732026111482,3.176873024275118,1.7038196272470192,1.5995436250375241,2.3072137050704904,0.9441431540975532,RF
820,839,829,test,20,False,0.9326749821259975,0.9657509938519336,0.9416173914929924,0.7707435971083696,0.9156241373962859,3.176873024275118,1.7455849179249714,1.6362198562377361,2.321671403425685,0.9480954647991456,RF
821,840,830,test,20,False,0.9707613790304815,0.9852722359990063,0.9345664364184755,0.7910008656638572,0.937171048839599,3.176873024275118,1.774207307106136,1.6650385788170614,2.2938508995984312,0.9511798004633353,RF
822,841,831,test,20,False,1.0310883751620536,1.0154252188920923,0.8911225579971876,0.8191643494880534,0.9660905865622562,3.176873024275118,1.812944389711435,1.7063908219927792,2.264461595319983,0.9514148049388965,RF
823,842,832,test,20,False,1.0242168930551963,1.01203601371453,0.8932497275312065,0.813671532785914,0.9595708687667299,3.176873024275118,1.8013491613130672,1.6955462747897883,2.2693150539527,0.948158816250783,RF
824,843,833,test,20,False,0.9689839686687074,0.9843698332784825,0.9006874274152163,0.7885579196952217,0.9284694776160782,3.176873024275118,1.7324447636557387,1.6291918498763256,2.2479807605426663,0.9432120390400163,RF
825,844,834,test,20,False,1.005589159609229,1.0027906858408833,0.8850603324828575,0.8117137267606933,0.9475432491435238,3.176873024275118,1.740449743429591,1.6369878026585514,2.195057548968484,0.9449063124763349,RF
826,845,835,test,20,False,0.9493493732851226,0.9743456128526071,0.8516185545249744,0.7790071627456671,0.9069108443989633,3.176873024275118,1.6526329175164804,1.555486384790459,2.191367485439512,0.9307896832868021,RF
827,846,836,test,20,False,0.9966088187712527,0.9983029694292473,0.923091463909901,0.7974777170840902,0.9287053878703835,3.176873024275118,1.6998480060374388,1.6003689385742537,2.2046213667809265,0.9302841084418949,RF
828,847,837,test,20,False,0.9835407849730986,0.9917362476853907,1.0163272410771194,0.7877446530299651,0.9212140490404153,3.176873024275118,1.700771217330002,1.599424113880794,2.2419563704800956,0.9288901673105457,RF
829,848,838,test,20,False,0.8413922661297608,0.9172743679672734,0.9347157642382217,0.7382816079312281,0.8655599404939854,2.4485834074883304,1.6025666888040733,1.5054234209472415,2.240555183167172,0.943621636797843,RF
830,849,839,test,20,False,0.8392995169077142,0.9161329144331155,0.9700870732400785,0.7437456753655596,0.8647250819237613,2.4485834074883304,1.5916399642838792,1.493680105738784,2.218052212686297,0.9438860544147524,RF
831,850,840,test,20,False,0.8062096342511953,0.89789177201442,0.8736783921275589,0.7290791270649832,0.8472536566802049,2.4485834074883304,1.5608312148054857,1.4649433362286617,2.2134633265156243,0.9436033195619907,RF
832,851,841,test,20,False,0.7837594976422487,0.8853019245671212,0.8360996069646374,0.7085156813839244,0.8220777650499704,2.4485834074883304,1.5014818344304688,1.4108903286319578,2.200578522342443,0.9285846356336964,RF
833,852,842,test,20,False,0.7459145030168804,0.863663419983086,0.8247297919454071,0.6852955857605738,0.7989415196828211,2.4485834074883304,1.4752399091870179,1.3874941245571129,2.230415290524645,0.9250611999967159,RF
834,853,843,test,20,False,0.7335172775299915,0.8564562321157991,0.8297355961880677,0.6798718815097742,0.790615912961908,2.4485834074883304,1.455068527562318,1.3675014276065072,2.2160434079767004,0.9231247124079671,RF
835,854,844,test,20,False,0.7362191652311113,0.8580321469683472,0.8634284661593699,0.6821489054873757,0.793273657627383,2.4485834074883304,1.4650527521175793,1.3751391847132883,2.2269662963725296,0.9245267329787435,RF
836,855,845,test,20,False,0.8122322182483815,0.901239268035066,0.8881881559185195,0.7159652159101831,0.8334334705576646,2.4485834074883304,1.5192673312094669,1.4289529181905491,2.201396728803215,0.9247638225692989,RF
837,856,846,test,20,False,0.7850207781754172,0.8860139830586293,0.8875720367981088,0.704258878508283,0.8202798338823026,2.4485834074883304,1.5155815384794145,1.42217642656292,2.2227963329128526,0.9258091289378929,RF
838,857,847,test,20,False,0.7992336206157278,0.8939986692471794,0.8527649744100819,0.7125714902083062,0.828107372615948,2.4485834074883304,1.5181450337243996,1.426185130837057,2.198725820284521,0.9262959790681599,RF
839,858,848,test,20,False,0.792706143091691,0.8903404647053232,0.8793860612311662,0.7061726047299073,0.8224668884027831,2.4485834074883304,1.5105275436465235,1.4216154993303491,2.2073256507084893,0.9237667173478359,RF
840,859,849,test,20,False,0.7626688052713808,0.8733091120968456,0.8304616919080972,0.6925463300610103,0.8031252910210588,2.4485834074883304,1.4664726523866494,1.3804315420493247,2.196269423824243,0.9196346172235934,RF
841,860,850,test,20,False,0.7397268021479178,0.8600737190194325,0.828579075333038,0.6792232609931421,0.7914502098834865,2.4485834074883304,1.4554224121047206,1.3679858570863945,2.2223784032322755,0.9202120613402959,RF
842,861,851,test,20,False,0.6749515948104865,0.8215543772693847,0.8491547122869711,0.6492496435914912,0.7594547073380131,2.2836993520539233,1.402034965500551,1.3123505228413874,2.235299049832293,0.9244119785013216,RF
843,862,852,test,20,False,0.6816975336556998,0.8256497645222821,0.8613428704769585,0.6528466031086102,0.7658682327228215,2.2836993520539233,1.4083460557428904,1.3218109252018917,2.229032065293573,0.9275945632540088,RF
844,863,853,test,20,False,0.6877406627357792,0.8293013099807447,0.8697492630233714,0.6543526513913971,0.7707007225370106,2.2836993520539233,1.429174396371986,1.3399586071661174,2.262522937338268,0.9293373991594266,RF
845,864,854,test,20,False,0.6419397163445602,0.8012114055257576,0.8756619725700397,0.6284539959295157,0.7450909652448273,2.2836993520539233,1.3922030079090881,1.3053193926824116,2.277355832634319,0.9299555149940684,RF
846,865,855,test,20,False,0.7245978692229464,0.8512331462196162,1.0045255116766219,0.6768106307853828,0.7966603872343184,2.2836993520539233,1.4630898735331699,1.3764390677972655,2.232526965630048,0.9358897627193453,RF
847,866,856,test,20,False,0.6593609223539632,0.8120104201018379,0.9216467050552796,0.6436167891541584,0.7628120616388209,2.2442567879799697,1.4134316657413737,1.3273854682772777,2.2678977309659376,0.9394116661004832,RF
848,867,857,test,20,False,0.7004921056300267,0.8369540642293499,0.934528857064649,0.669483659797116,0.7833274008621546,2.2442567879799697,1.4020280615590275,1.3221711335922532,2.1888939906114624,0.9359263958929769,RF
849,868,858,test,20,False,0.7093143575589256,0.8422080251095483,0.891846957407335,0.6737273390461719,0.7890024743491973,2.2442567879799697,1.4085039096831864,1.329867075251212,2.1864218629616614,0.9368261175694326,RF
850,869,859,test,20,False,0.6789071401314855,0.8239582150397466,0.8090227073631611,0.6559315862366287,0.7752778405825139,2.2442567879799697,1.4065665107068537,1.3257693547827185,2.232713984960412,0.9409188796608036,RF
851,870,860,test,20,False,0.6584805888145714,0.8114681687007639,0.8043687608130635,0.6397427516816069,0.7583358234198239,2.2442567879799697,1.3871237214036292,1.3070187518727587,2.2577729039636347,0.9345231922454705,RF
852,871,861,test,20,False,0.7020373104320713,0.8378766677931014,0.8538653578987343,0.6752232487698093,0.7962962940387099,2.2442567879799697,1.446674199378545,1.3610486904524426,2.222839110284762,0.9503741119037116,RF
853,872,862,test,20,False,0.7303162184373615,0.8545854073393493,0.8405900095460496,0.6924074122478527,0.8146565401960437,2.2442567879799697,1.4723628716872936,1.3832922985158826,2.2050993244236947,0.9532769143956958,RF
854,873,863,test,20,False,0.7252723629109588,0.8516292402864986,0.840318867421279,0.6879110828959545,0.8105930635357472,2.2442567879799697,1.4804932327766562,1.385133549170589,2.2403946545209017,0.9518145047051857,RF
855,874,864,test,20,False,0.7302216023801019,0.8545300476753886,0.8194516138144314,0.6928440476636784,0.814876513172057,2.2442567879799697,1.478724014604991,1.3877169648802468,2.215659084349664,0.953596091078128,RF
856,875,865,test,20,False,0.6642148713504864,0.814993786080904,0.7673015839391127,0.6669652108112217,0.7827236372094629,2.0954192744850597,1.4272494110357874,1.3372976947376558,2.214394019485856,0.9604044234169932,RF
857,876,866,test,20,False,0.6393789286058118,0.7996117361606268,0.7981030251060144,0.6505613410334145,0.7657949555340002,2.0954192744850597,1.3995980561843517,1.310387507460129,2.232081709048382,0.9577084988909751,RF
858,877,867,test,20,False,0.6213957095768226,0.7882865656452751,0.8779800631255743,0.6432674472498693,0.7556290993838184,2.0954192744850597,1.3719369785144608,1.2856964107232864,2.21555191050707,0.958571580837834,RF
859,878,868,test,20,False,0.6546461287882214,0.809102050910898,0.9430088647593342,0.6628067323849528,0.7779360666805604,2.0954192744850597,1.4194433119205003,1.331795638758123,2.2261356461597424,0.9614807746498102,RF
860,879,869,test,20,False,0.6570034808456302,0.8105575123614797,1.0157165963175783,0.6675030008278591,0.7798919261323806,2.0954192744850597,1.4205452862668302,1.3323599684748055,2.2056808432161565,0.9621672913255003,RF
861,880,870,test,20,False,0.640258336401277,0.8001614439607029,1.0061153506944955,0.6622187182773157,0.7688002612270946,2.0954192744850597,1.3851912370037902,1.2991044641739553,2.1680171310698757,0.9608064310392485,RF
862,881,871,test,20,False,0.6392323159185668,0.7995200534811912,1.0073993981715188,0.6591924407499713,0.7680511318072677,2.0954192744850597,1.3926098669939586,1.3088946130801993,2.194625782758579,0.9606402346796624,RF
863,882,872,test,20,False,0.6294592582888127,0.793384684934624,0.9898793631764544,0.6523586143946378,0.7580869252808287,2.0954192744850597,1.3820179151456295,1.2956815299455258,2.21336655870988,0.955509905441767,RF
864,883,873,test,20,False,0.6540805115077943,0.8087524414230811,1.015426825552814,0.6691622709328099,0.7730425813425127,2.0954192744850597,1.399592835626574,1.3128120382416752,2.1843018532494476,0.9558457467927598,RF
865,884,874,test,20,False,0.6481096668534564,0.8050525863901415,1.0527851570877906,0.663281140249663,0.7679590756395684,2.0954192744850597,1.3992221825560303,1.3089402902315195,2.210732306960682,0.9539241145514474,RF
866,885,875,test,20,False,0.6240535610917963,0.7899706077391717,0.9570654530310047,0.6479096994046922,0.7580870705068902,2.4723802761863922,1.4210525312181246,1.324580286182297,2.263879071485024,0.9596395904861201,RF
867,886,876,test,20,False,0.6239524410147205,0.7899066027162455,0.932580540571488,0.6504328785712143,0.7580060931778112,2.4723802761863922,1.4198348583363987,1.3233038357893754,2.2485768950650433,0.959614833666742,RF
868,887,877,test,20,False,0.6385580616016924,0.7990982803145633,0.9933858776218214,0.6549457627018059,0.7637776143811992,2.4723802761863922,1.4293908949326273,1.3339682487337234,2.2509742358229508,0.9557993468344592,RF
869,888,878,test,20,False,0.6398462221288407,0.7999038830564836,1.0876651029089632,0.6531509004558022,0.7645428426169664,2.4723802761863922,1.44965482790447,1.3513255942410822,2.2860613327763635,0.9557933881950911,RF
870,889,879,test,20,False,0.7236838725371669,0.8506961105689663,1.1878445473639998,0.6867709648666661,0.7969283605624954,2.7093271602655284,1.4803502221934934,1.383950924431069,2.237888696857627,0.9367955850056611,RF
871,890,880,test,20,False,0.7346688763964566,0.857128273011955,1.154554757372689,0.696298785833533,0.8071773485425616,2.7093271602655284,1.5014217893243011,1.4029304610536018,2.2365799731508202,0.9417229298785519,RF
872,891,881,test,20,False,0.718154835967624,0.847440166600347,1.0769584700012096,0.6811200268968604,0.7975421510156331,2.7093271602655284,1.5163046334786237,1.4154578257132522,2.3125337231126135,0.9411191284632064,RF
873,892,882,test,20,False,0.75693347849265,0.8700192403002649,1.0838495581117176,0.6973397627599477,0.8147629726820705,2.7093271602655284,1.5338175901329991,1.435464764180756,2.299646856918142,0.9364884532908445,RF
874,893,883,test,20,False,0.7866764611433,0.8869478345107451,1.083909670595121,0.7140888026861322,0.8340139054010924,2.7093271602655284,1.5717867896015099,1.4778530078876455,2.292007179906568,0.9403190051883357,RF
875,894,884,test,20,False,0.7818362058403603,0.8842150224014294,1.107996073671107,0.7083306626338362,0.8298321392810426,2.7093271602655284,1.5814237219524223,1.4838392354915797,2.339221892608825,0.9384958615918004,RF
876,895,885,test,20,False,0.7913685330097779,0.8895889685746884,1.137305326371293,0.7123898901616837,0.8360457004838914,2.7093271602655284,1.5914480680818817,1.4950994401422102,2.3422907699744617,0.9398112274519492,RF
877,896,886,test,20,False,0.8239289614280845,0.9077053274207905,1.0992198700257718,0.7261217845518859,0.8570667936526833,2.7093271602655284,1.6473002464427844,1.545118120206704,2.3710693653888932,0.9442125850335213,RF
878,897,887,test,20,False,0.8141721358585334,0.9023148762258846,1.0909461773224451,0.7173627737373519,0.8502396479245066,2.7093271602655284,1.6539540877951684,1.5475271676800166,2.4167492386846052,0.9422870777447522,RF
879,898,888,test,20,False,0.8100082961294403,0.9000046089489988,1.0533337294804195,0.7136714639257171,0.8480397305134669,2.7093271602655284,1.646027957984249,1.5401830455847887,2.4169302742349097,0.9422615418645299,RF
880,899,889,test,20,False,0.8223884715774858,0.9068563676666145,1.0884182799831164,0.7184083996235799,0.8567649346261759,2.7093271602655284,1.6612070431066854,1.5544425770940968,2.4240571512497473,0.9447636529593696,RF
881,900,890,test,20,False,0.8789502460391041,0.9375234642605507,1.1089470200518525,0.7426081535883579,0.8867350290731505,2.7093271602655284,1.736792121721922,1.6244533559802972,2.452008324330089,0.9458270250041599,RF
882,901,891,test,20,False,0.8793003421478586,0.9377101589232456,1.0598056976379657,0.7440566137909406,0.8869924936065343,2.7093271602655284,1.7319926930462277,1.6207660495997616,2.436372862206482,0.9459132815891113,RF
883,902,892,test,20,False,0.8945107296856877,0.9457857736748252,1.0494222142936762,0.7566712799254866,0.9012515946761301,2.7093271602655284,1.7599459261454071,1.649522319572366,2.4235465808351977,0.9529130377742322,RF
884,903,893,test,20,False,0.8566733679596032,0.9255665119047919,1.0336954064903072,0.7296648920136743,0.874376440840679,2.7093271602655284,1.7250638725021308,1.6148362777384329,2.478953610192918,0.9446932549895685,RF
885,904,894,test,20,False,0.8779573291935308,0.9369937722277191,1.0368555623505562,0.7455194122044291,0.8897873173516272,2.7093271602655284,1.7436084886937917,1.6372740154484275,2.4496046959721807,0.9496192437182823,RF
886,905,895,test,20,False,0.8498759497256531,0.9218871675675137,1.0037365106598484,0.7356582753969583,0.8753982626584034,2.7093271602655284,1.7054625150833491,1.6020686789970333,2.4338953904302048,0.9495720229713408,RF
887,906,896,test,20,False,0.8388448634043091,0.9158847435154213,0.9763410076479204,0.7273049053393121,0.8647267630009399,2.7093271602655284,1.678378816272565,1.5757709720366064,2.4144326522973447,0.9441436481209166,RF
888,907,897,test,20,False,0.8034327648550654,0.8963441107382061,0.957949241835895,0.711555635861552,0.8496185881457125,2.7093271602655284,1.6703678607512629,1.5660786548691426,2.431671978753956,0.9478709995048534,RF
889,908,898,test,20,False,0.7769781481426224,0.8814636397167057,0.9438044225840145,0.6964261635610248,0.8290766275148655,2.7093271602655284,1.6273256567737626,1.5240500095316059,2.4213743455796024,0.9405681529658139,RF
890,909,899,test,20,False,0.6988527809606424,0.8359741508926233,0.8786774069725242,0.6724584347002064,0.7995498200759823,2.5915016880725394,1.571322631393065,1.4702071797068064,2.411105397881922,0.956428879077483,RF
891,910,900,test,20,False,0.7729442142378703,0.8791724598950256,0.878921514163695,0.7043718370405505,0.8363573286605289,2.5915016880725394,1.6153131919441743,1.5177934248301912,2.3877271899371473,0.9513006455643426,RF
892,911,901,test,20,False,0.7559560742628595,0.8694573447057995,0.8930949496347905,0.6972328065336079,0.8227586742758992,2.5915016880725394,1.5741430927582432,1.4810611076135347,2.346593645509797,0.946289866070771,RF
893,912,902,test,20,False,0.7032352925581867,0.8385912547589479,0.8480911321586172,0.6729564481931052,0.7975613423038811,2.5915016880725394,1.5468013395646372,1.4520988759955125,2.3688395407297245,0.9510728114296149,RF
894,913,903,test,20,False,0.6831412315190041,0.8265235819497252,0.8669272146505957,0.6653995294031778,0.785689625829118,2.5915016880725394,1.5068876050524633,1.4139020924569567,2.3368181240150525,0.9505955340992425,RF
895,914,904,test,20,False,0.6825008000781085,0.8261360663220729,0.851519105092298,0.6660752980096522,0.7850864512462629,2.5915016880725394,1.4946636785044296,1.398293301224089,2.3055071927819393,0.9503113146257354,RF
896,915,905,test,20,False,0.8088130420869752,0.8993403371844139,0.9278275814307176,0.700636089938717,0.8332622315677416,3.966710513724544,1.6222366222314029,1.5148698756954595,2.3473713761684887,0.9265260292632436,RF
897,916,906,test,20,False,0.8672457591595691,0.9312603068742752,1.035221028860042,0.729907434728504,0.8571419748396769,3.966710513724544,1.6263129743708078,1.5247591405356644,2.2814125953899227,0.9204107256719956,RF
898,917,907,test,20,False,0.8589475325828037,0.9267942234297771,1.06450164376797,0.7255657303281027,0.8499136328881433,3.966710513724544,1.6032515186530183,1.5044026097708794,2.255918833504297,0.9170467525605385,RF
899,918,908,test,20,False,0.8325049121184426,0.9124170713650872,1.0866512286390146,0.7125853353925499,0.832225946670633,3.966710513724544,1.5719548461835318,1.4725846093507702,2.250280731261851,0.9121113280196758,RF
900,919,909,test,20,False,0.8161998945027203,0.9034378199426457,1.0787823773363394,0.7028649642939782,0.8201682333212996,3.966710513724544,1.551889636096561,1.4541409415808766,2.2569227744487748,0.9078303068753172,RF
901,920,910,test,20,False,0.8240393603901912,0.9077661374991861,1.056859169405046,0.7072926574564345,0.8232446992341151,3.966710513724544,1.5323466632786813,1.438233047619899,2.230117939175066,0.9068907345476447,RF
902,921,911,test,20,False,0.8259207786716178,0.9088018368553278,1.0747743911807146,0.7082910402531482,0.8245963261736702,3.966710513724544,1.5294461658411558,1.4327868509851638,2.2209278790067706,0.9073444756966724,RF
903,922,912,test,20,False,0.8573779939016128,0.9259470794281998,1.0883281460233896,0.7240024324540875,0.8429057844606236,3.966710513724544,1.5509460165917797,1.4506908589994658,2.200127460313566,0.9103174503030382,RF
904,923,913,test,20,False,0.9323516918148712,0.9655836016704463,1.0316658140008157,0.7662882966980923,0.8861242624425998,3.966710513724544,1.614026693204521,1.510795915284154,2.1430437202919754,0.9177084831490686,RF
905,924,914,test,20,False,0.9833931990811464,0.9916618370599659,0.9878677522672233,0.7795438787886865,0.9097373298455056,3.966710513724544,1.662493419339988,1.5549207838161143,2.164691539524547,0.9173866492055938,RF
906,925,915,test,20,False,0.9625807745546879,0.9811120091787114,0.9693789248633091,0.7647317093567889,0.8944010679384775,3.966710513724544,1.6441653470442337,1.535697592647569,2.208500445540443,0.911619733089579,RF
907,926,916,test,20,False,0.9768301507422794,0.9883471812790683,1.0069848316620569,0.7726885387030391,0.9075543571944873,3.966710513724544,1.686671697123264,1.572830223408627,2.259539871955277,0.9182546117245732,RF
908,927,917,test,20,False,1.0114062290924382,1.005686943880867,1.01526954916029,0.7844650356552745,0.9223458256429662,3.966710513724544,1.7244148938072708,1.6094871509068551,2.2733314775821265,0.9171301579035182,RF
909,928,918,test,20,False,1.0317972972923928,1.0157742353950472,1.0254195699601887,0.7982820980799357,0.9391540694692397,3.966710513724544,1.7526219220529966,1.636413680527075,2.2659843139719116,0.9245696895471965,RF
910,929,919,test,20,False,1.0360236468115356,1.0178524680971872,1.0926939771670607,0.7961138303348705,0.941170736325881,3.966710513724544,1.7765450576015138,1.6594195489637538,2.2978153745842684,0.9246632157657799,RF
911,930,920,test,20,False,1.0839185560328635,1.0411140936673864,1.2792514433222753,0.8070688931515979,0.9568127788553449,3.966710513724544,1.8181613549106843,1.6956979340570517,2.3131829920252676,0.9190277844428317,RF
912,931,921,test,20,False,1.142839081852706,1.0690365203549905,1.205904581008257,0.8381480713542537,0.9919034772561561,3.966710513724544,1.8790297789962924,1.7576804890685966,2.2961653967024778,0.927848074756865,RF
913,932,922,test,20,False,1.3533630119143905,1.1633413135939041,0.9657477151640823,0.9032096177502542,1.0622079680621326,3.966710513724544,1.9696968945287132,1.8496790019086902,2.270059659859498,0.9130664884415212,RF
914,933,923,test,20,False,1.3624676398336288,1.1672478913382662,0.8879405554002235,0.907507368634695,1.068003149107167,3.966710513724544,1.9799848060597636,1.861180090400401,2.273227514465881,0.9149754366938169,RF
915,934,924,test,20,False,1.4084740947971182,1.186791512775988,0.9121909576071175,0.9339654793051398,1.0964322616291715,3.966710513724544,2.0120311405258073,1.8998134964533182,2.2454270713005124,0.923862573860627,RF
916,935,925,test,20,False,1.2758278029097396,1.1295254768750191,0.9159616021893725,0.8953894942697765,1.044242798290106,3.273911547175192,1.8864490542346775,1.7832819519670309,2.2194516414599024,0.9244968968554308,RF
917,936,926,test,20,False,1.176680154182424,1.0847488899198856,0.838215197504907,0.8450888181628663,0.9908329651387977,3.273911547175192,1.8156279044794512,1.711214521597818,2.280989030644227,0.9134215064391317,RF
918,937,927,test,20,False,1.2063925927457837,1.098359045460902,0.851214525003585,0.8635088981267145,1.0117352620920013,3.273911547175192,1.8461978215246113,1.7406017973451064,2.2658764786500507,0.9211334547415222,RF
919,938,928,test,20,False,1.222523819783264,1.1056779910006638,0.8413630166919971,0.8709964197124223,1.0234608295879764,3.273911547175192,1.8815870299991082,1.7749861760677543,2.295867962807463,0.9256409532595661,RF
920,939,929,test,20,False,1.2332960246901177,1.1105386191799536,0.8554092786759855,0.8780830146050782,1.0318800480820696,3.273911547175192,1.9024756797582616,1.7884043351194172,2.301129645477349,0.9291707917767261,RF
921,940,930,test,20,False,1.211254901392105,1.1005702619061197,0.8146550062796235,0.8709860705316682,1.0228028685810233,3.273911547175192,1.8950516834040223,1.7830849380437717,2.3074679876623803,0.929339001773128,RF
922,941,931,test,20,False,1.234701297976518,1.111171138023535,0.7952085622115329,0.8818430271211349,1.0366309790448667,3.273911547175192,1.9300210227214076,1.8207484043681155,2.319407951184126,0.9329174810000425,RF
923,942,932,test,20,False,1.2164212395341618,1.1029148831773745,0.7787186244413953,0.8741217824253562,1.0269637476584141,3.273911547175192,1.9113013229489226,1.8044712322676688,2.3162137752177294,0.9311359954630827,RF
924,943,933,test,20,False,1.1767714404282805,1.084790966236482,0.7644106723958422,0.8551271373301048,1.0093107853463206,3.273911547175192,1.8773339925893846,1.7740816914839308,2.319853652426582,0.9304196077959346,RF
925,944,934,test,20,False,1.1518827374090972,1.073258001325449,0.7710123310231932,0.8503852154919362,0.9990638920884137,3.273911547175192,1.86368705803492,1.7611826430729287,2.3175069977553475,0.9308702016240203,RF
926,945,935,test,20,False,1.1510008184901188,1.0728470620224109,0.7880306892478088,0.8513310547564584,0.9982103758669367,3.273911547175192,1.8502655103676056,1.750097963524998,2.2784917467987884,0.9304311967683654,RF
927,946,936,test,20,False,1.1495839794471503,1.0721865413477034,0.7830841075111232,0.8529265914007567,0.9971410726585912,3.273911547175192,1.8498682869639178,1.7493100561026353,2.268970660088155,0.9300070782507843,RF
928,947,937,test,20,False,1.1438517252969338,1.0695100398298905,0.7958608213941398,0.8499323237954549,0.9949270938602025,3.273911547175192,1.828615545442992,1.7284650850176995,2.255351718262835,0.9302643797700575,RF
929,948,938,test,20,False,1.1889442961542929,1.0903872230333098,0.7833151979669385,0.8687403276126678,1.0174710857522113,3.273911547175192,1.8624563294937104,1.7640167884078828,2.24727484251847,0.9331282174434733,RF
930,949,939,test,20,False,1.4445204735627653,1.2018820547635967,0.8908381633877432,0.9363028910611714,1.089091934315833,3.951281105121273,1.9566339165686784,1.8549151867888778,2.2173903594046513,0.9061554168308563,RF
931,950,940,test,20,False,1.3246162838381217,1.1509197556033703,0.8487721362366105,0.8918288700076065,1.0382334943968794,3.951281105121273,1.8689739122242266,1.774794488525897,2.2283396138028095,0.9020902537662888,RF
932,951,941,test,20,False,1.320000874266645,1.1489129097832633,0.8745386027488798,0.8896027753741942,1.0362623467494219,3.951281105121273,1.8611281394381318,1.7649469556903032,2.2253537827897976,0.9019503026951865,RF
933,952,942,test,20,False,1.1785787912673114,1.0856236876870877,1.1600388828329877,0.8531446494108039,0.9971846181913175,3.951281105121273,1.8239549451952068,1.7262317772678575,2.244225428100934,0.9185361645118587,RF
934,953,943,test,20,False,1.1793844348127478,1.0859946753150993,1.271421181453826,0.8520857616910005,0.9976595121887666,3.951281105121273,1.8343912317424784,1.7314718476508386,2.2614062516259996,0.9186596719724225,RF
935,954,944,test,20,False,1.1498893040075233,1.0723289159616667,1.2507069376525186,0.8371804562847383,0.9819010361256453,3.951281105121273,1.8160773660175125,1.7124915332362185,2.2713913819214415,0.9156715085362354,RF
936,955,945,test,20,False,1.2019306646725352,1.0963259846745106,1.260929016326357,0.858152018254812,1.0077343403584957,3.951281105121273,1.869928729456309,1.7592728368108979,2.276503319451772,0.919192242494994,RF
937,956,946,test,20,False,1.2473746294938892,1.1168592702278517,1.2653594099109216,0.8851422153884574,1.0396098651369767,3.951281105121273,1.9274880270663295,1.8139809849757285,2.2483746453408515,0.9308333581946137,RF
938,957,947,test,20,False,1.2196189739358778,1.1043636058544657,1.230599686858981,0.8677870431009257,1.020587213338853,3.951281105121273,1.9108117920410332,1.795564205482864,2.2891434172700498,0.9241405710297801,RF
939,958,948,test,20,False,1.2027280708272579,1.096689596388722,1.2153209384589045,0.855488042380291,1.0081880231963412,3.951281105121273,1.8870983802461212,1.771342513666598,2.3112634190295673,0.9193011646287091,RF
940,959,949,test,20,False,1.2615970628504358,1.1232083790866394,1.1854537452654106,0.87670325647284,1.0372114033162325,3.951281105121273,1.9337458716280824,1.8243395102134912,2.302665827680495,0.9234363121112601,RF
941,960,950,test,20,False,1.216033762184423,1.1027392086003032,1.1406399355451284,0.8521998247803758,1.0106505385311388,3.951281105121273,1.8877511655336998,1.7750852367063472,2.311623948263771,0.9164909805047635,RF
942,961,951,test,20,False,1.173293822134701,1.083186882368274,1.191711714581517,0.8257425818529105,0.9784879297549273,3.951281105121273,1.8204503554357596,1.7095928629436252,2.3144140863537195,0.9033417461773231,RF
943,962,952,test,20,False,1.170854212348387,1.0820601703918258,1.1489342756750853,0.8248426602783507,0.9770256315657013,3.951281105121273,1.8208008876317905,1.710048015653626,2.3175107118012868,0.9029309628982182,RF
944,963,953,test,20,False,1.1937316612245132,1.0925802767872543,1.1927130517004327,0.8382090252497303,0.9878686806142456,3.951281105121273,1.8360277306065638,1.7267931335409397,2.30654179341828,0.9041611876054413,RF
945,964,954,test,20,False,1.2087513067787503,1.0994322656620326,1.2014502930112967,0.8470887013837528,0.9942554019499308,3.951281105121273,1.832312189630653,1.723508764231863,2.284136069108645,0.9043352946815977,RF
946,965,955,test,20,False,1.2388297262084436,1.1130272800827676,1.195264842607985,0.8668238842212114,1.0152112443652368,3.951281105121273,1.8656346864925417,1.7542445333470618,2.2638044337373877,0.9121171264461219,RF
947,966,956,test,20,False,1.276977632426275,1.1300343501090022,1.1646452106557024,0.8866089356156511,1.0371141389495,3.951281105121273,1.887915245107227,1.7791624646005046,2.2278472854716984,0.9177722242243882,RF
948,967,957,test,20,False,1.2065016953084662,1.0984087105028193,1.170723791249008,0.8506011042407137,0.9963805421131602,3.951281105121273,1.8342069625178385,1.7263584061959585,2.2635170356872636,0.9071127464539556,RF
949,968,958,test,20,False,1.192073243493278,1.091821067525846,1.2810533783717286,0.8481253880100101,0.9901802991378961,3.951281105121273,1.8186270177128834,1.7105891617447522,2.2528087607513263,0.9069071192972343,RF
950,969,959,test,20,False,0.9058979834798448,0.9517867321411057,1.07653653978253,0.7683403897280148,0.9015138597642762,2.5320960566778576,1.6919989489351326,1.5854652647252683,2.277252141834725,0.9471805282852206,RF
951,970,960,test,20,False,0.9175750324154001,0.9579013688347042,1.1094460305046239,0.7729382742357055,0.9093167854472565,2.5320960566778576,1.7290006279821046,1.6149752984330032,2.319028335392839,0.9492801816886937,RF
952,971,961,test,20,False,0.9391152357983351,0.9690795817673258,1.2220267748166465,0.7792880625061063,0.9180162108005707,2.595774466371828,1.752760643847277,1.6377787704812587,2.328148820139376,0.9473073502656717,RF
953,972,962,test,20,False,0.8633341734483153,0.9291577764020034,1.0855127305406778,0.7491970902334536,0.8823344697317674,2.595774466371828,1.679766001343572,1.5674040933607603,2.309949776359806,0.9496067214208218,RF
954,973,963,test,20,False,0.8574273692729939,0.9259737411357808,1.1212234847870246,0.7467492959658464,0.8787187691646693,2.595774466371828,1.6688345401385303,1.5592140230652394,2.3019293055168424,0.9489672656233755,RF
955,974,964,test,20,False,0.843689107582296,0.9185255073117436,1.1388550687262842,0.7369347788008958,0.8685688273754376,2.595774466371828,1.667604094381672,1.5558865503154689,2.337408792265056,0.9456120929265049,RF
956,975,965,test,20,False,0.7861612439149616,0.8866573430107945,1.1376978374427036,0.7125952878887398,0.8388734159535843,2.595774466371828,1.6069633582976812,1.5018249182399461,2.3340727077086356,0.9461077862447383,RF
957,976,966,test,20,False,0.7634573036754807,0.8737604383785528,1.1138047979588304,0.7024548882775652,0.8263483373676689,2.595774466371828,1.5840964786409732,1.4831604006445127,2.3372360907339713,0.9457378716998597,RF
958,977,967,test,20,False,0.8213150946362704,0.9062643624441328,1.0391256957996793,0.7296543119168795,0.8595493461561917,2.595774466371828,1.6379314487657353,1.5355556786756392,2.3140433046440143,0.9484532127447295,RF
959,978,968,test,20,False,0.8269050249387403,0.9093431832585211,0.9748388834155576,0.736950243179478,0.8641809622321823,2.595774466371828,1.6323403801083365,1.5320479769862962,2.2635826037337585,0.9503353388931718,RF
960,979,969,test,20,False,0.7958474796189674,0.8921028413916007,0.9085846052537035,0.7302811336249012,0.8509298907600638,2.595774466371828,1.6070731022369595,1.508082690151777,2.2534192570245084,0.953847304681475,RF
961,980,970,test,20,False,0.8574587253754006,0.925990672401942,0.8646538908524167,0.7598403859094107,0.884229559798327,2.595774466371828,1.6635278690828799,1.5663859999704983,2.2444939929064986,0.954901151978896,RF
962,981,971,test,20,False,0.9989859190817667,0.9994928309306509,0.8269860726831206,0.8246921481659628,0.9529387097142943,2.627771167319674,1.7584874705822222,1.6593332007558073,2.196518842869096,0.9534222559925628,RF
963,982,972,test,20,False,1.032867819234404,1.0163010475417233,0.7942739230559193,0.8379045085199623,0.9700409485791368,2.627771167319674,1.794819422990195,1.6938690980983189,2.2050378589954813,0.9544818938497774,RF
964,983,973,test,20,False,0.9891444289297064,0.9945574035367222,0.7702668691612056,0.8136110183958575,0.9464758727558783,2.627771167319674,1.7649970492644855,1.6625118233055685,2.228781304214252,0.9516553487914702,RF
965,984,974,test,20,False,0.9907049438423196,0.995341621676859,0.7858070918397052,0.8122185837519528,0.947102093212487,2.627771167319674,1.7668320107018645,1.6643282646937412,2.2329684884928858,0.9515347018412607,RF
966,985,975,test,20,False,0.96832773684034,0.9840364509713754,0.775749638062053,0.7985356397369829,0.9328422214675351,2.627771167319674,1.7377450239356356,1.6398175382864284,2.2329643460482034,0.9479752711870535,RF
967,986,976,test,20,False,1.0031387770601445,1.0015681589687966,0.8145068681705203,0.807809924491715,0.9469788365397461,2.9249703939296343,1.7833784702236994,1.6845502796475667,2.2558590334663355,0.9454961482748663,RF
968,987,977,test,20,False,1.0430494941808215,1.0212979458418692,0.8112971387731476,0.8281640862513407,0.974284760884729,2.9249703939296343,1.8445399460885419,1.738138245331967,2.2671450499294132,0.953967218725397,RF
969,988,978,test,20,False,1.0055721287777122,1.0027821940868875,0.805316063389629,0.8064905277432471,0.9532606744399679,2.9249703939296343,1.8355449531195973,1.7268483940959967,2.3251527343501173,0.9506158765692755,RF
970,989,979,test,20,False,1.1159183563840613,1.0563703689445578,0.8319516206645566,0.8488884867514223,0.9996036250373266,2.9249703939296343,1.8986534486678934,1.79240774431732,2.302734382239628,0.9462624609927784,RF
971,990,980,test,20,False,1.1066969406424003,1.0519966447866649,0.8381459260916856,0.8480790494383947,0.9935851520879669,2.9249703939296343,1.8656859957994734,1.763866895496673,2.253197284165545,0.9444755903089945,RF
972,991,981,test,20,False,1.0670357871762395,1.0329742432298297,0.8487328169317366,0.8346599808097416,0.9763865238720296,2.9249703939296343,1.8203796313978704,1.717905870249543,2.2364736264076326,0.9452186540674377,RF
973,992,982,test,20,False,1.0859158647042466,1.042072869191136,0.8548969348008226,0.8441529743959688,0.987896211689835,2.9249703939296343,1.8477849007881666,1.7424497128050298,2.2503494855656228,0.9480106822631768,RF
974,993,983,test,20,False,1.1352413159558494,1.0654770368036326,0.887569322203518,0.8651361594915317,1.0120282603534334,2.9249703939296343,1.8889780418988245,1.7805461154590088,2.247913249208259,0.9498358250774298,RF
975,994,984,test,20,False,1.2210046766667306,1.1049908038833312,0.9165674545218587,0.8934951489346641,1.05478764861634,2.9249703939296343,1.97141423163962,1.8603862520854577,2.2562819391647464,0.9545669021945165,RF
976,995,985,test,20,False,1.410410412688284,1.1876070110471242,0.961630603565137,0.9516778380856745,1.1241511357273952,3.851998254470025,2.098050077613219,1.9803214040090786,2.2505098816967912,0.9465682883904676,RF
977,996,986,test,20,False,1.5088287262362767,1.2283438957540664,0.9557603134850895,0.9895993461202401,1.1653847173481573,3.851998254470025,2.154714545169532,2.0354475309687334,2.2228478350467276,0.9487446645654074,RF
978,997,987,test,20,False,1.4829874506231893,1.2177797217162016,0.9388438576795318,0.9825229694689182,1.1534670614411575,3.851998254470025,2.1262349382047483,2.0124245961753617,2.2089528663791094,0.9471885932010683,RF
979,998,988,test,20,False,1.539834890502385,1.2409008383035225,0.9726404884092755,1.0104339441396994,1.1834115294958647,3.851998254470025,2.160957190614481,2.04735106678488,2.1873960297526365,0.9536713111691879,RF
980,999,989,test,20,False,1.513142967683112,1.230098763385734,0.9969051152895622,0.9991317811449036,1.1684043592789055,3.851998254470025,2.133380847233712,2.021612840988143,2.183906090597401,0.9498459750199079,RF
981,1000,990,test,20,False,1.4712832059647425,1.212964635084116,0.981767153584899,0.981980819963181,1.1486740078350388,3.851998254470025,2.093557554754493,1.9836303794130703,2.1779992777351618,0.9469971131972706,RF
5,24,14,train,20,False,0.9880401866345307,0.9940021059507523,0.8842645331234669,0.7964895226334419,0.9516340783344693,2.8980278057821147,1.8722327120971305,1.747376313135803,2.3799755348040987,0.9573763200674927,PSBPM-FD
6,25,15,train,20,False,1.0107382902340003,1.0053548081319352,0.898723576856689,0.8087828375656791,0.9672200105163367,2.8980278057821147,1.9163183545301585,1.7885452365866072,2.4093431596172064,0.9620683192569025,PSBPM-FD
7,26,16,train,20,False,1.046967133890876,1.0232141192784998,0.9066135302976698,0.8276703062704229,0.988482109783457,2.8980278057821147,1.9430344207232544,1.8198726251326445,2.3856154606092916,0.9660559712374439,PSBPM-FD
8,27,17,train,20,False,1.056176417759055,1.027704440857903,0.8896768530373026,0.8290227689097265,0.9943211978935181,2.8980278057821147,1.960671348020942,1.8373372673244763,2.4075670335106714,0.9675166890039734,PSBPM-FD
9,28,18,train,20,False,1.108422729046114,1.052816569515371,0.8670684356455746,0.8467952493384552,1.0189331835327164,2.8980278057821147,2.018343740230553,1.8891102939767883,2.427643928721191,0.9678164392888956,PSBPM-FD
10,29,19,train,20,False,1.1796019708204952,1.0860948258879126,0.8699521581765521,0.8826354073697112,1.0569693118456844,2.8980278057821147,2.080558723109869,1.9479273697677182,2.413937036506415,0.9731832678436552,PSBPM-FD
11,30,20,train,20,False,1.1504696633016231,1.072599488766251,0.8733218339809659,0.8766214635738215,1.0427483683725085,2.8980278057821147,2.028556353407741,1.9017428668028167,2.368403815739145,0.9721693691761139,PSBPM-FD
12,31,21,train,20,False,1.1549162197819607,1.0746702842183553,0.8780668025644169,0.8798895805103605,1.0461919607739714,2.8980278057821147,2.0262554568535056,1.9011465628007849,2.34814134398481,0.9735004085787138,PSBPM-FD
13,32,22,train,20,False,1.1490234284657173,1.0719251039441688,0.928035238303086,0.8768655348908514,1.04269186155727,2.8980278057821147,2.0186261557646032,1.8956152717041033,2.3478867520856976,0.9727282789820534,PSBPM-FD
14,33,23,train,20,False,1.1244179533072667,1.0603857568391168,0.8669573966789291,0.8690605962163831,1.031159841002284,2.8980278057821147,1.9749167416561164,1.8562231133415312,2.3194988949699007,0.9724384115418977,PSBPM-FD
15,34,24,train,20,False,1.2047634255209854,1.0976171579931617,0.7924653709580987,0.9029124584679028,1.0635895914710791,2.9266773918715594,2.014268974855491,1.896711480673113,2.2698304397022153,0.9689986929647699,PSBPM-FD
16,35,25,train,20,False,1.205084345351525,1.0977633375876263,0.7218690825014362,0.8995973531345856,1.063769142997318,2.9266773918715594,2.0300796298273687,1.9151697809322001,2.3021314975962297,0.9690332210720283,PSBPM-FD
17,36,26,train,20,False,1.2161709404641292,1.1028014057227753,0.7259566067789492,0.9062150626286039,1.0727084099618474,2.9266773918715594,2.04732056406169,1.935719201091366,2.298921457031914,0.9727122257871942,PSBPM-FD
18,37,27,train,20,False,1.1953785271293031,1.093333676024526,0.7084606943039825,0.8954719017678746,1.0603162177221273,2.9266773918715594,2.0102751198907027,1.901646833800811,2.281935063924658,0.9698011146766706,PSBPM-FD
19,38,28,train,20,False,1.1823599315297524,1.0873637530880604,0.6945532579414558,0.8888206325549095,1.0536104243125783,2.9266773918715594,2.0055914434964057,1.8975663836822867,2.294232948857704,0.9689585672875114,PSBPM-FD
20,39,29,train,20,False,1.172948230303914,1.0830273451321135,0.6815271055941781,0.8808497611231093,1.0486126885404565,2.9266773918715594,2.023141102285929,1.910769804735267,2.3444688573494785,0.9682236494338388,PSBPM-FD
21,40,30,train,20,False,1.1386573320759938,1.0670788780947704,0.6632738254738595,0.8692293089550247,1.0331193910370804,2.9266773918715594,2.0008535854632967,1.8875255061237233,2.34708482076197,0.968175279489813,PSBPM-FD
22,41,31,train,20,False,1.1451553216596906,1.0701193025357922,0.6901356398582704,0.8731423983045371,1.0361763772899186,2.9266773918715594,1.9832647653521938,1.874537262290805,2.316742317056104,0.9682811765328957,PSBPM-FD
23,42,32,train,20,False,1.110371561873216,1.0537416959925312,0.689533227416503,0.8644776164604163,1.0227153325134963,2.9266773918715594,1.9591625956912986,1.8516172088310079,2.3141255671783307,0.9705560066598572,PSBPM-FD
24,43,33,train,20,False,1.007143307593866,1.0035652981215852,0.7062259006132487,0.8176978366226205,0.9671999999949348,2.9266773918715594,1.8457155163996006,1.7450877230588246,2.294702951570198,0.9637638943926051,PSBPM-FD
25,44,34,train,20,False,0.9314744649125515,0.9651292477759399,0.7841725541782677,0.7786834745175815,0.927432192200736,2.9266773918715594,1.7962729596428786,1.69331037577432,2.3315526357505663,0.9609409251019243,PSBPM-FD
26,45,35,train,20,False,0.9277317929143413,0.9631883475802338,0.7840501975550004,0.7772902451826668,0.9252620694919678,2.9266773918715594,1.77645781364792,1.6757041700670077,2.308769636592635,0.9606242349343759,PSBPM-FD
27,46,36,train,20,False,1.0203950809900506,1.0101460691355735,0.7664695328859205,0.810004519632554,0.9584419417797518,2.9266773918715594,1.8200747849050694,1.718319322707708,2.2929403960207644,0.9488151971921575,PSBPM-FD
28,47,37,train,20,False,1.0388175931304735,1.0192240151853142,0.7454183776834915,0.8234629436917613,0.9681944130652511,2.9266773918715594,1.8113775864857427,1.7129945661555126,2.2456871751504623,0.9499328887861959,PSBPM-FD
29,48,38,train,20,False,0.9883691714546019,0.9941675771491454,0.7468129055652697,0.8046211008261454,0.9446705263827224,2.9266773918715594,1.7707536830726283,1.6744598185582837,2.2547053071508065,0.9502125678767762,PSBPM-FD
30,49,39,train,20,False,0.9524899709328645,0.9759559267368914,0.7333663212898702,0.7866389618091475,0.9292266855943753,2.9266773918715594,1.7618384632287518,1.6629958007110932,2.2854182468914805,0.9521195170167619,PSBPM-FD
31,50,40,train,20,False,1.048136409949073,1.0237853339197007,0.7938727540096122,0.8179207700896679,0.9671442701364874,2.9266773918715594,1.817873728845934,1.716590681857267,2.2841751500512624,0.9446748630727544,PSBPM-FD
32,51,41,train,20,False,1.040960002063558,1.0202744738861,0.8085867463607584,0.8155837756131827,0.9613792877140158,2.9266773918715594,1.8038162194904583,1.703075676902913,2.2674019357939046,0.9422751546965987,PSBPM-FD
33,52,42,train,20,False,1.0255400994926627,1.0126895375645306,0.828017544301464,0.809015104702759,0.9503022884772477,2.9266773918715594,1.7733357349366752,1.6724128189622227,2.2398766399438044,0.9383944962665249,PSBPM-FD
34,53,43,train,20,False,1.0003811467432606,1.000190555215985,0.7913924236338067,0.7952637770787813,0.9344361664555721,2.9266773918715594,1.7531257664438968,1.6493140844088958,2.2523656989273277,0.9342581386941674,PSBPM-FD
35,54,44,train,20,False,0.9530485329528849,0.9762420462943014,0.767590509127197,0.7821072096447896,0.9174490028397322,2.797485009211402,1.716155928037389,1.6134901222738622,2.2445218897281256,0.9397761613754082,PSBPM-FD
36,55,45,train,20,False,0.9589107034478592,0.9792398600178912,0.8113465926474474,0.7861011180465453,0.9206106263282653,2.797485009211402,1.7202297453941668,1.6167586806454424,2.235548724700425,0.9401278112917557,PSBPM-FD
37,56,46,train,20,False,0.9639523632530491,0.9818107573524794,0.7988393134483279,0.790307737804175,0.9240015355107852,2.797485009211402,1.7181426098337547,1.615742906930138,2.2143164645518576,0.9411197917635566,PSBPM-FD
38,57,47,train,20,False,0.947913562324765,0.9736085262181946,0.8037990908623432,0.7762356096366141,0.9100720876681802,2.797485009211402,1.7112090845785672,1.6032057162154942,2.2889222748664872,0.934741287859495,PSBPM-FD
39,58,48,train,20,False,0.957688960197936,0.9786158389265606,0.8206052078858475,0.7810597116861777,0.9151910138131694,2.797485009211402,1.6934434350560121,1.5935004984384176,2.2557064823602864,0.9351892513992398,PSBPM-FD
40,59,49,train,20,False,0.9480058674242366,0.973655928664863,0.8038183552090709,0.7827776490193155,0.9093825612657449,2.797485009211402,1.644265310045532,1.5506245938959737,2.179844694257654,0.93398759715123,PSBPM-FD
41,60,50,train,20,False,0.926612393242538,0.9626070814421313,0.7819964783578123,0.7705316053225625,0.8963614608650288,2.797485009211402,1.6216879396543125,1.5294575194871975,2.1864690499392068,0.9311810375653413,PSBPM-FD
42,61,51,train,20,False,0.887662341940028,0.9421583422864906,0.7588572250928345,0.7510285631245299,0.8739600316672484,2.797485009211402,1.58646543929785,1.4960008058913363,2.196699485796924,0.9276148099970816,PSBPM-FD
43,62,52,train,20,False,0.8527544279495501,0.9234470358117731,0.8265294535784607,0.7360860691033272,0.8561343869656353,2.797485009211402,1.563246585070911,1.4740191079554472,2.21771986982176,0.9271071905201738,PSBPM-FD
44,63,53,train,20,False,0.8759574736058505,0.935925997932449,0.915293174062738,0.7537130390174556,0.8762761935979599,2.797485009211402,1.6020907647783234,1.5090651950740104,2.22557023269071,0.9362665376682973,PSBPM-FD
45,64,54,train,20,False,0.9144826497787697,0.956285861956962,0.9390256853092049,0.7725471104024407,0.9004824819929824,2.797485009211402,1.639500684948343,1.5513751540197689,2.2154059309150522,0.941645712664012,PSBPM-FD
46,65,55,train,20,False,0.9298647429344037,0.9642949460276165,0.939322782284625,0.7795784364389283,0.9088073382292352,2.797485009211402,1.6618916486669035,1.5702958815733432,2.225678041544023,0.9424578465054071,PSBPM-FD
47,66,56,train,20,False,0.7996879397395437,0.8942527269958664,0.9019122694644789,0.7271367618531148,0.8533443719157375,2.557432120597255,1.57879286001353,1.4856119502154341,2.2450126272915156,0.9542541455617858,PSBPM-FD
48,67,57,train,20,False,0.7850868139721465,0.8860512479378078,0.9610574001600275,0.7186126150134348,0.845790707507535,2.557432120597255,1.5691944314603,1.475193353216976,2.251374215233295,0.954561837677025,PSBPM-FD
49,68,58,train,20,False,0.7959680948524982,0.8921704404722778,1.0083553981458102,0.726639539451944,0.8518516786851482,2.557432120597255,1.566707520905142,1.475119245326138,2.2224611356489192,0.9548082295062517,PSBPM-FD
50,69,59,train,20,False,0.76142390257594,0.872596070685595,1.051604900493755,0.7084928744264228,0.8299318041418713,2.557432120597255,1.5144847451329437,1.428996582448762,2.209095848774907,0.9511065108163935,PSBPM-FD
51,70,60,train,20,False,0.6478451788919304,0.8048883021214375,1.029660747641658,0.6651757052319349,0.7802912542328979,2.18728062374141,1.4466777778008424,1.3627877969962086,2.2298100742020166,0.9694404207096695,PSBPM-FD
52,71,61,train,20,False,0.6768848262038655,0.8227301053224353,1.058170084965449,0.6829252344985027,0.799480668294611,2.18728062374141,1.4671842575354064,1.3857592335124063,2.2122344605947784,0.9717411130607496,PSBPM-FD
53,72,62,train,20,False,0.707404975752357,0.8410737041141858,1.058739648556759,0.6934216685407754,0.8190267430428225,2.230067285063952,1.5290021069535205,1.4380981517188547,2.2694550232017887,0.9737871235736909,PSBPM-FD
54,73,63,train,20,False,0.7105642715717753,0.8429497443927338,1.1721736703781,0.6919644453674231,0.8214267307024288,2.230067285063952,1.5461125810482677,1.4533743776497035,2.307542961468322,0.9744670262569327,PSBPM-FD
55,74,64,train,20,False,0.6624966069840139,0.813938945489165,1.2267100806042786,0.66833102931663,0.7968378625458425,2.230067285063952,1.5068107748347503,1.4141804637317894,2.3204501373774966,0.9789897227082002,PSBPM-FD
56,75,65,train,20,False,0.6378274941144206,0.7986410295711213,1.194800968433636,0.6556733616860088,0.7815265713036015,2.230067285063952,1.469508875937203,1.3779507875855845,2.3126245220185133,0.9785705246364435,PSBPM-FD
57,76,66,train,20,False,0.6244718291735609,0.7902352998781824,1.1546349080982223,0.6487426063704198,0.7716912465719684,2.230067285063952,1.4391449669134784,1.3502490561130602,2.2860494479173683,0.9765335042498448,PSBPM-FD
58,77,67,train,20,False,0.6239765974628254,0.7899218932671922,1.1477675858217604,0.6508001383950708,0.7711162937365785,2.230067285063952,1.417841997401909,1.3366800959935539,2.2051990096473486,0.9761930898600216,PSBPM-FD
59,78,68,train,20,False,0.5877423821055545,0.7666435821850689,1.0923796748613273,0.6278327953499178,0.7476196899878085,2.230067285063952,1.3908052988242847,1.3085997395019238,2.235754439315115,0.9751854803988067,PSBPM-FD
60,79,69,train,20,False,0.5834562405868242,0.7638430732727922,1.0816221097451504,0.6216706558844344,0.7447498321242739,2.230067285063952,1.4071850721248258,1.3223515779155184,2.279806134453735,0.9750037123898884,PSBPM-FD
61,80,70,train,20,False,0.6185044373923969,0.7864505307979625,0.9834814033677653,0.641359461956847,0.7644728183098743,2.230067285063952,1.4433274694082843,1.3548207522308275,2.270629516963989,0.9720545519045061,PSBPM-FD
62,81,71,train,20,False,0.6131008035973623,0.783007537382216,0.9577310585852972,0.6359510841628454,0.7599723910565022,2.230067285063952,1.4489799345329524,1.356576978483311,2.3127095844184717,0.9705811946552573,PSBPM-FD
63,82,72,train,20,False,0.596692279323711,0.7724585939218432,0.9395339049322995,0.626448331547275,0.7479125027993401,2.230067285063952,1.419096194190985,1.3282378449815602,2.30679257026304,0.9682234215326929,PSBPM-FD
64,83,73,train,20,False,0.5801690236481926,0.7616882719644518,0.9068650363487933,0.6129708219794742,0.7352097937170822,2.230067285063952,1.4030873709111684,1.3144619987586825,2.335044632719444,0.9652371196695998,PSBPM-FD
65,84,74,train,20,False,0.5789455685700714,0.7608847275179542,0.8785437300044506,0.6137742660942849,0.7346169785616824,2.230067285063952,1.4149560329594117,1.3208689593747398,2.3468906640736282,0.9654773607535028,PSBPM-FD
66,85,75,train,20,False,0.5605220407130617,0.7486801992259857,0.861027608340298,0.6027732440824869,0.7244423696886606,2.230067285063952,1.4192216441614445,1.3233877857636438,2.389766145893902,0.96762592417646,PSBPM-FD
67,86,76,train,20,False,0.5493376533959367,0.7411731601966821,0.8588060359479759,0.5914633724497709,0.7134571487632504,2.230067285063952,1.4072803022978282,1.3131154149294353,2.4317986705106893,0.962605214379219,PSBPM-FD
68,87,77,train,20,False,0.530974355371975,0.7286798716665467,0.8691934076238438,0.5790446774145269,0.7015642391568787,2.230067285063952,1.4065182667360083,1.310268164275585,2.4740876264038683,0.9627880039451996,PSBPM-FD
69,88,78,train,20,False,0.522715479226214,0.7229906494735696,0.914612882183489,0.5715690498624011,0.6970414725324754,2.230067285063952,1.4060677790989529,1.3078047000426152,2.4964637251021915,0.9641085580290858,PSBPM-FD
70,89,79,train,20,False,0.5535735874906076,0.7440252599815463,0.8833266588273793,0.5886761758864749,0.7170969000531081,2.230067285063952,1.438521689188991,1.3380275781455235,2.4887175430431685,0.9638071966412725,PSBPM-FD
71,90,80,train,20,False,0.5651098705739181,0.7517379001845778,0.8566854695126795,0.5972773578194535,0.7250315842585592,2.230067285063952,1.450721377031357,1.3489160528402024,2.4787946608632843,0.9644738998533116,PSBPM-FD
72,91,81,train,20,False,0.5362049740703906,0.7322601819506442,0.8666729415021995,0.5769912941839357,0.7059612176186262,2.230067285063952,1.4462151337837121,1.3404642308702126,2.5422333862277395,0.9640852186418752,PSBPM-FD
73,92,82,train,20,False,0.5021770567552875,0.7086445207262153,0.8588095350481316,0.5620152444407184,0.6832468850580125,2.1007683451827672,1.3837837498818606,1.2888272500588798,2.5035095848343243,0.9641602595866041,PSBPM-FD
74,93,83,train,20,False,0.5053343268017846,0.7108687127745774,0.8389677130668927,0.5623781461567797,0.6854873715398938,2.1007683451827672,1.3812640803754566,1.290522497635901,2.496854992246162,0.9642953181388189,PSBPM-FD
75,94,84,train,20,False,0.4903914824127574,0.7002795744649114,0.8305255058809757,0.551723274680658,0.6732153726312505,2.1007683451827672,1.3541623971758157,1.2687708775931856,2.48942448519385,0.9613522901130725,PSBPM-FD
76,95,85,train,20,False,0.49679827197138104,0.7048391816374718,0.8516459449053471,0.5558985405738088,0.6778025025184683,2.1007683451827672,1.3529425647610858,1.2716616590557812,2.4709064002631487,0.9616413505046749,PSBPM-FD
77,96,86,train,20,False,0.5005726478220045,0.7075115884718811,0.8558020600463824,0.556533827209958,0.6808887965295907,2.1007683451827672,1.3663185257047186,1.2815420190654883,2.493873561500222,0.9623712284348703,PSBPM-FD
78,97,87,train,20,False,0.533155857180516,0.7301752236145211,0.8746293084019021,0.5784254390398376,0.7052558203841299,2.1007683451827672,1.4113800612682819,1.3240404978816618,2.4943812201979436,0.9658720230097169,PSBPM-FD
79,98,88,train,20,False,0.5705105653429653,0.7553214980013248,0.8926959330115095,0.5973722678991213,0.7293062699163955,2.315270388508326,1.4771135266086062,1.384606471764602,2.520668579330916,0.9655574107796894,PSBPM-FD
80,99,89,train,20,False,0.5628648498267844,0.7502431937890436,0.8810265670987285,0.5934563482661295,0.7235153198823967,2.315270388508326,1.4621904374311192,1.3675403782202644,2.5105990426958176,0.9643743866949863,PSBPM-FD
81,100,90,train,20,False,0.5204662609727299,0.7214334764707899,0.8994239131406029,0.5689911488670478,0.6979885735450808,2.315270388508326,1.416238820066123,1.3262789332929728,2.522101871907842,0.9675023357102859,PSBPM-FD
82,101,91,train,20,False,0.5532175233210843,0.7437859391794687,0.9054820359292252,0.5863002049211531,0.7192986977102784,2.315270388508326,1.454722595931806,1.367210677478697,2.501767190475013,0.9670775687206401,PSBPM-FD
83,102,92,train,20,False,0.5689133282947045,0.7542634342818857,0.9051107578677603,0.5962939541390542,0.730911132782298,2.315270388508326,1.4658375767092657,1.3792579736212687,2.476396496567631,0.9690395948706956,PSBPM-FD
84,103,93,train,20,False,0.5785780522145408,0.7606431832433266,0.9173981906373498,0.6052206480232835,0.7389192001786703,2.315270388508326,1.4804173413120478,1.3912067040875722,2.4615191400217444,0.9714399819215801,PSBPM-FD
85,104,94,train,20,False,0.5332311454978914,0.7302267767604057,0.9093986073935276,0.5776422479588932,0.7067048639825384,2.315270388508326,1.4271683580747718,1.3388483327190992,2.511291588128718,0.9677882083669672,PSBPM-FD
86,105,95,train,20,False,0.5427200189042765,0.7366953365566233,0.986258719802831,0.586341791143177,0.7122289561411452,2.315270388508326,1.401357619751,1.3188597799314294,2.448084470642883,0.9667890114116426,PSBPM-FD
87,106,96,train,20,False,0.5420298572194446,0.7362267702409664,1.010988690540727,0.5877018842623876,0.7113449794132466,2.315270388508326,1.3936306646372252,1.3107790376490223,2.4117953137758708,0.9662036320418286,PSBPM-FD
88,107,97,train,20,False,0.5424347865522077,0.7365017220293566,0.9894805779580905,0.5895643675941254,0.7116535282503247,2.315270388508326,1.3879143949686674,1.3035773515696825,2.3925400198518156,0.966261866013612,PSBPM-FD
89,108,98,train,20,False,0.5313403929763006,0.7289309932883227,0.9410557985305966,0.5837618714472551,0.704704941120256,2.315270388508326,1.395776901724582,1.3075349647375671,2.432929500990715,0.966764958012309,PSBPM-FD
90,109,99,train,20,False,0.5063193236462864,0.7115611875631542,0.9278060811905346,0.5694929939691213,0.6893863350857298,2.315270388508326,1.3857113210398233,1.296301781618243,2.470998910192536,0.9688363378090287,PSBPM-FD
91,110,100,train,20,False,0.49718593004884737,0.7051141255490826,0.9347804205132283,0.5635659852756943,0.683256556677295,2.315270388508326,1.3802895457605318,1.289116668433501,2.4822714455736294,0.969001374274318,PSBPM-FD
92,111,101,train,20,False,0.49739877281400935,0.7052650372831545,0.9251068349974095,0.5645681401379159,0.6834435840271218,2.315270388508326,1.3721768611080885,1.2807011090831664,2.459263742455323,0.9690592158940786,PSBPM-FD
93,112,102,train,20,False,0.4897283660283631,0.6998059488375068,0.9278527641158402,0.5569167145723882,0.674594636535662,2.315270388508326,1.3657795460598887,1.27100169695754,2.499218572907988,0.9639738525462309,PSBPM-FD
94,113,103,train,20,False,0.4988666854663192,0.7063049521745682,0.9431714560426393,0.5641004037879889,0.6804138041023824,2.315270388508326,1.3708489874484104,1.2717882899837225,2.4766425291675818,0.9633428195675645,PSBPM-FD
95,114,104,train,20,False,0.5345307641882883,0.7311161085547824,0.9081884772447923,0.5870042534390789,0.7048319008231209,2.315270388508326,1.4074787955395538,1.305572301441241,2.463089828338234,0.9640492017285485,PSBPM-FD
96,115,105,train,20,False,0.5481939502593617,0.7404012089802134,0.9171306868021286,0.5946031983689601,0.7130942081867728,2.315270388508326,1.4198821605286036,1.3154249871170227,2.458602177332772,0.9631186436998777,PSBPM-FD
97,116,106,train,20,False,0.6140795602552945,0.7836322863788184,0.9254242314159391,0.6225460264089755,0.746747970393689,2.5525114685103434,1.4858724396064815,1.380430599724295,2.4596169924759925,0.952931602454038,PSBPM-FD
98,117,107,train,20,False,0.6136784268300057,0.7833762996351151,0.9126059389709835,0.6211027847263872,0.7465275816186839,2.5525114685103434,1.4978972098128858,1.386152278100282,2.479190121964108,0.952961663464168,PSBPM-FD
99,118,108,train,20,False,0.5816686582542199,0.7626720515753936,0.8552778674986682,0.6049847887434551,0.7270689689464662,2.5525114685103434,1.4521499844307437,1.3419275254329786,2.480572337047483,0.953317966017786,PSBPM-FD
100,119,109,train,20,False,0.6173923674681392,0.7857431943505073,0.8672926891575096,0.6257794039386326,0.7488504287872007,2.5525114685103434,1.4766592337337516,1.3688555013773962,2.456044818039194,0.9530472986230545,PSBPM-FD
101,120,110,train,20,False,0.6138123045980549,0.7834617441828636,0.8778227329843135,0.6238201804328616,0.7455489549350476,2.5525114685103434,1.4691202669607624,1.3606082634737862,2.4493160558157685,0.9516086273142048,PSBPM-FD
102,121,111,train,20,False,0.6058406448635452,0.7783576587042393,0.8873597205447115,0.623065560272979,0.7413046556107944,2.5525114685103434,1.4458191558780933,1.3349812587263992,2.4213662287750743,0.9523959163514515,PSBPM-FD
103,122,112,train,20,False,0.5784496494173667,0.7605587744660939,0.9302959684924234,0.6034749341731137,0.7157924273878848,2.5525114685103434,1.3975131454497307,1.2890974638998347,2.404035953708008,0.9411401872134937,PSBPM-FD
104,123,113,train,20,False,0.65125984526598,0.8070067194676758,0.9493081766517706,0.6286448614309195,0.750959905214431,2.8776765817733976,1.472527542510615,1.3608522370963745,2.4191142321333237,0.930549755161624,PSBPM-FD
105,124,114,train,20,False,0.6705414578828082,0.8188659584344731,0.9626730235793444,0.6431038748963014,0.7683212912340708,2.8776765817733976,1.4905536069805225,1.383351275292447,2.3645544149148177,0.9382747973831582,PSBPM-FD
106,125,115,train,20,False,0.6729926400883276,0.8203612863173929,1.0001358798277704,0.6398176948009723,0.7696429396018434,2.8776765817733976,1.5266426111169802,1.4116545292369425,2.4199644885114107,0.9381755970674525,PSBPM-FD
107,126,116,train,20,False,0.767312698537762,0.875963868283254,0.9733235124703695,0.6879760064420123,0.8218398410094659,2.8776765817733976,1.6075009582818531,1.495731785774098,2.397522999111081,0.9382120322155955,PSBPM-FD
108,127,117,train,20,False,0.8008618378589325,0.8949088433236831,1.020481466996814,0.705506320779405,0.8414505857986768,2.8776765817733976,1.6328916132263842,1.5247680523480351,2.3813155345605956,0.9402640191525398,PSBPM-FD
109,128,118,train,20,False,0.790373845026342,0.8890297211152965,1.0591400546542737,0.7005732611827853,0.8333566907253951,2.8776765817733976,1.5975492782371659,1.494199103737408,2.3400562544158348,0.9373777624441407,PSBPM-FD
110,129,119,train,20,False,0.7769047277677535,0.881421991878892,1.111979596045266,0.6905642799606679,0.820848771911178,2.8776765817733976,1.5714025774012095,1.4648036868565826,2.347997663465922,0.93127784361428,PSBPM-FD
111,130,120,train,20,False,0.7666172105654714,0.8755667938915177,1.1055966874272827,0.6824987651020723,0.8122419254956108,2.8776765817733976,1.5485412195929924,1.4451552177978508,2.337270712762039,0.92767557102702,PSBPM-FD
112,131,121,train,20,False,0.7845832954394661,0.8857670661293894,1.1321299990984366,0.6949204525672056,0.8250870219100058,2.8776765817733976,1.5753119062435113,1.4720507964360339,2.331905942476261,0.9314943549611274,PSBPM-FD
113,132,122,train,20,False,0.8098044936152735,0.8998913787870587,1.1371542521179858,0.7114102439081736,0.8473187120108403,2.8776765817733976,1.6143394327602607,1.5145347814404522,2.3124818766682576,0.9415788749447962,PSBPM-FD
114,133,123,train,20,False,0.7950988067552844,0.8916831313618557,1.1035244137415845,0.7049712655853606,0.8374443423941091,2.8776765817733976,1.5934366277995105,1.4978796042100597,2.302794029920443,0.9391725748081514,PSBPM-FD
115,134,124,train,20,False,0.7619959845468474,0.8729238137127703,1.102875584223846,0.6849957560507403,0.8155316201258931,2.8776765817733976,1.5604564446022022,1.4649600750558394,2.310906786684252,0.9342529179691257,PSBPM-FD
116,135,125,train,20,False,0.730544775873955,0.8547191210415004,1.143407392229505,0.6650734472193509,0.7923125349892762,2.8776765817733976,1.5245597282540069,1.4305252995500204,2.321391141441933,0.9269858547493592,PSBPM-FD
117,136,126,train,20,False,0.6633143488424522,0.8144411266890027,1.0979006545696108,0.6368138671855111,0.7575943168031962,2.8776765817733976,1.4632538160310402,1.3710901997501908,2.3307090248159623,0.9302014497758612,PSBPM-FD
118,137,127,train,20,False,0.635091771135545,0.7969264527768827,1.1115619945097404,0.6185494703986187,0.7376843533110253,2.8776765817733976,1.4219584045945493,1.3350860979062675,2.3389510301266667,0.9256617731041192,PSBPM-FD
119,138,128,train,20,False,0.6334346285018604,0.795886065025554,1.1079414105931826,0.6180209389366211,0.7363358502687408,2.8776765817733976,1.426244897877618,1.3393541679417165,2.351311543063196,0.925177462737834,PSBPM-FD
120,139,129,train,20,False,0.5930165563296459,0.7700756822089929,1.104086138238169,0.5928865147611667,0.7103655820416999,2.8776765817733976,1.3935898615118747,1.309183284570007,2.3798950651431534,0.9224620364637249,PSBPM-FD
121,140,130,train,20,False,0.6218788795647204,0.7885929745849378,1.123616887893201,0.610554413323335,0.7306371317598533,2.8776765817733976,1.4287213645404073,1.344268476543992,2.375201605374689,0.9265072798098556,PSBPM-FD
122,141,131,train,20,False,0.5937791346505079,0.7705706551968534,1.0758210202814094,0.5934995549909966,0.7104010538781125,2.8776765817733976,1.39332521310951,1.311786626248746,2.3789810804589617,0.9219155298570645,PSBPM-FD
123,142,132,train,20,False,0.5991006909349252,0.7740159500520162,1.0456139361634362,0.5992022851809039,0.717867528522179,2.8776765817733976,1.418467118757943,1.3329803846824386,2.418024188572053,0.927458314617336,PSBPM-FD
124,143,133,train,20,False,0.5525427392410867,0.7433321863346741,1.1410226948857347,0.5870189401316253,0.6983298259606513,2.3593102398935613,1.3826734235035387,1.2951173473300017,2.4135552161347933,0.9394586145987748,PSBPM-FD
125,144,134,train,20,False,0.5810257572415155,0.7622504557174863,1.1476061437660463,0.6052598210355598,0.714347804148346,2.3593102398935613,1.4037027041052654,1.312800739433018,2.3901699714589797,0.937156283463221,PSBPM-FD
126,145,135,train,20,False,0.5915753877740416,0.7691393812398645,1.11443437996107,0.6114617433747686,0.719656471400718,2.3593102398935613,1.3993385000345426,1.3104262235961146,2.3652059724156986,0.9356645738781711,PSBPM-FD
127,146,136,train,20,False,0.5218624136654765,0.7224004524261294,1.0653666124627226,0.5801566696201292,0.6883112538741675,2.161802676685311,1.3614574013045881,1.2679745682246053,2.3945282340164056,0.9528112164970609,PSBPM-FD
128,147,137,train,20,False,0.4845233309333724,0.6960771012850318,0.9339683655254548,0.5605633738351564,0.6656885510703074,2.161802676685311,1.3371219262717027,1.241431650640331,2.421963952407291,0.9563431261298154,PSBPM-FD
129,148,138,train,20,False,0.5228551975255178,0.7230872682640165,0.8244760212723009,0.5811039419963963,0.6894961947947956,2.24878023998281,1.3921417485583396,1.2949526291237008,2.426062218635701,0.9535449247365866,PSBPM-FD
130,149,139,train,20,False,0.5320149644792238,0.7293935593897329,0.7310385788980662,0.592300657960798,0.6985799802041524,2.24878023998281,1.386988642602798,1.2972608930819738,2.355024037482645,0.957754522522297,PSBPM-FD
131,150,140,train,20,False,0.5303785258399314,0.7282709151407403,0.692366279484178,0.5904254938665509,0.6969271415712985,2.24878023998281,1.3916202313022328,1.3001359751415984,2.3766516560617603,0.9569613822029616,PSBPM-FD
132,151,141,train,20,False,0.5271365473448496,0.7260416980758403,0.6691047514954518,0.589129534635718,0.6949202676918779,2.24878023998281,1.3757432203405242,1.285140769841259,2.3584157140112687,0.9571354779395721,PSBPM-FD
133,152,142,train,20,False,0.5231352625943163,0.7232809015827227,0.6906636763465451,0.588496024924083,0.6922993728239264,2.24878023998281,1.3768194669619018,1.2812945940005653,2.3630989561396474,0.9571652884916485,PSBPM-FD
134,153,143,train,20,False,0.5223905237872077,0.7227658844931792,0.7348777131475247,0.5888780775775896,0.6917176165467895,2.24878023998281,1.3639052394810762,1.2698566813146246,2.338718509097732,0.9570424274131846,PSBPM-FD
135,154,144,train,20,False,0.5709782414004476,0.7556310219944967,0.7654494561249381,0.6122891465663246,0.7210159391924417,2.24878023998281,1.428398776437229,1.331506720614636,2.3575839939489582,0.9541904953681122,PSBPM-FD
136,155,145,train,20,False,0.5986229897702309,0.7737073023891081,0.7726616581176043,0.6279820912505558,0.742091818127027,2.24878023998281,1.4732247446702962,1.3723203232067966,2.372378022182459,0.9591376685156562,PSBPM-FD
137,156,146,train,20,False,0.639689193448753,0.7998057223155839,0.7726939920293187,0.6505668038782637,0.7659717641272736,2.24878023998281,1.4999513106800522,1.3997857889182719,2.3412549576185375,0.9576972791713033,PSBPM-FD
138,157,147,train,20,False,0.6421665027783383,0.8013529202407254,0.7750276283678694,0.6536935255633991,0.7682961336816879,2.24878023998281,1.5093167247547374,1.405170908915562,2.343882298438656,0.9587487788163208,PSBPM-FD
139,158,148,train,20,False,0.6594821616175277,0.8120850704313728,0.7677854299119444,0.6642858928643637,0.780303738086477,2.24878023998281,1.5203874914125395,1.4177138280743753,2.311168079883511,0.9608645282346913,PSBPM-FD
140,159,149,train,20,False,0.7009617117935205,0.8372345619917518,0.7728886060348761,0.6878139087897838,0.8067828878528374,2.24878023998281,1.575917581209404,1.4632085855004806,2.3111608224287665,0.9636282643821215,PSBPM-FD
141,160,150,train,20,False,0.6828093694281068,0.8263227997750678,0.7727793124979087,0.6744929256257127,0.7954567349449826,2.24878023998281,1.5697385271405915,1.4531574151415627,2.352598039422779,0.9626464804813721,PSBPM-FD
142,161,151,train,20,False,0.7007934702172991,0.8371340813855921,0.7874517334112625,0.6861140259854033,0.8096440243736776,2.24878023998281,1.595022869730524,1.4793829801244285,2.3513824749839514,0.9671617036945696,PSBPM-FD
143,162,152,train,20,False,0.718341066828472,0.8475500379496611,0.815808269448,0.6980007957599275,0.8247237925446959,2.24878023998281,1.6138323735024342,1.5008282920316738,2.329887432856779,0.9730679672197466,PSBPM-FD
144,163,153,train,20,False,0.6996411391658642,0.8364455386729397,0.8237365984180044,0.6885927146074787,0.814232342115783,2.24878023998281,1.5919910503096644,1.483557402423941,2.3329220479460466,0.9734433438518915,PSBPM-FD
145,164,154,train,20,False,0.743461835930049,0.8622423301659743,0.9589854217020259,0.6979482017217284,0.8320784759852774,2.9870487897378886,1.6504987107030622,1.5383298774094183,2.36859723206802,0.9650169643435499,PSBPM-FD
146,165,155,train,20,False,0.7134008893925377,0.8446306230492343,0.9307445219147348,0.6856634439643137,0.8148991577884492,2.9870487897378886,1.604145540973453,1.497601841852474,2.3404972907736123,0.9647994467055311,PSBPM-FD
147,166,156,train,20,False,0.7929039870265604,0.8904515635488325,0.8968637191286355,0.7125229578953791,0.8495994052576709,2.9870487897378886,1.656852916471117,1.5527687464491162,2.330315281287793,0.9541219759013638,PSBPM-FD
148,167,157,train,20,False,0.9715507653135264,0.9856727475757491,0.8213595683828554,0.7741267394454246,0.9187913983353921,3.3184172112516115,1.7582611408069113,1.6499583957359956,2.299821487664942,0.9321464964869417,PSBPM-FD
149,168,158,train,20,False,0.9798309568722108,0.9898641103061626,0.7364404020108583,0.7805592509798505,0.9226198787490185,3.3184172112516115,1.7343905386644056,1.6275073771478215,2.259222568056093,0.9320672091683923,PSBPM-FD
150,169,159,train,20,False,0.9733666812584806,0.9865934731481253,0.7688688236311769,0.77251653282832,0.9165734835889534,3.3184172112516115,1.7353457564414392,1.6262676005734291,2.2949254569860384,0.9290285295160683,PSBPM-FD
151,170,160,train,20,False,1.092295025300496,1.0451291907226092,0.8284424164663261,0.818811832128165,0.9733873431010144,3.3184172112516115,1.8287059970197224,1.7183666773566078,2.278592656375863,0.9313560005227755,PSBPM-FD
152,171,161,train,20,False,1.0882768259259457,1.0432050737635172,0.8558830459236031,0.8174397714586062,0.970748159310476,3.3184172112516115,1.8208227851848602,1.712225806311783,2.2709782386250814,0.9305439397532431,PSBPM-FD
153,172,162,train,20,False,1.0783141286282,1.0384190525159869,0.8507675821634585,0.8132000475699913,0.9632220182522613,3.3184172112516115,1.7929607916533992,1.687476245785327,2.2394701463819846,0.9275850784117158,PSBPM-FD
154,173,163,train,20,False,1.1073804939289495,1.052321478412823,0.8316928509445796,0.8267916651081617,0.9810976442082616,3.3184172112516115,1.8377249695841074,1.7249197410421018,2.264927270616531,0.9323174185212055,PSBPM-FD
155,174,164,train,20,False,1.162629514402667,1.0782529918357133,0.8680150793826966,0.844067500134121,1.0018696314848237,3.3184172112516115,1.8645638916036393,1.7541777168901596,2.2537711508193228,0.9291600756693956,PSBPM-FD
156,175,165,train,20,False,1.1349378236152337,1.0653346064102271,0.8720446965834276,0.8289641456630841,0.9807409550836615,3.3184172112516115,1.8182387594004115,1.7119980652093834,2.2317118316792026,0.9205942895147149,PSBPM-FD
157,176,166,train,20,False,1.1014890564850581,1.049518487919607,0.882859119983608,0.812950088557131,0.9624845356138177,3.3184172112516115,1.7884650818895345,1.682486982514962,2.2328595806350995,0.9170724924738476,PSBPM-FD
158,177,167,train,20,False,1.1343022612808258,1.0650362722841067,0.8677815973519438,0.8318884279293458,0.9838088222301516,3.3184172112516115,1.8212245601793615,1.7166509551170748,2.2119488188149314,0.9237326913948646,PSBPM-FD
159,178,168,train,20,False,1.1463154948441712,1.0706612418707289,0.8719797047564634,0.836251360764436,0.9904290875176486,3.3184172112516115,1.8370522231779307,1.7294731528038962,2.2183363111788985,0.9250629879784446,PSBPM-FD
160,179,169,train,20,False,1.2113195255438067,1.1005996209084423,0.8627073438683525,0.8600777940805899,1.0154620226758262,3.3184172112516115,1.850444247250623,1.7515860020801237,2.1872341764580874,0.9226443507564149,PSBPM-FD
161,180,170,train,20,False,1.2426632735630476,1.1147480762768993,0.8947961157432883,0.8770094347847236,1.0335062250801585,3.3184172112516115,1.8599990910840767,1.7678298077259675,2.1409185649041413,0.9271208868392247,PSBPM-FD
162,181,171,train,20,False,1.2526638027854429,1.1192246435749362,0.9071109697438277,0.8807322276907957,1.039490776497036,3.3184172112516115,1.885492727518859,1.786536660743288,2.1646581106081424,0.9287597288572732,PSBPM-FD
163,182,172,train,20,False,1.3000481900756011,1.1401965576494262,0.9027611979312351,0.9032931737606325,1.0637780910594785,3.3184172112516115,1.9402042933690666,1.8381687069672528,2.1684777393897976,0.9329778132750302,PSBPM-FD
164,183,173,train,20,False,1.3379781351653646,1.156710048009165,0.8869153137394643,0.9218526188606114,1.083133336078459,3.3184172112516115,1.948968290054328,1.845742638559265,2.130404333874032,0.93639139552964,PSBPM-FD
165,184,174,train,20,False,1.2956445665033711,1.1382638387049688,0.8932421881162299,0.9071019265278064,1.065991125319084,3.3184172112516115,1.916475358097602,1.8158508777736184,2.137691971138781,0.9365061851845251,PSBPM-FD
166,185,175,train,20,False,1.2882873918994069,1.1350274850854525,0.892542382545514,0.8992418454649709,1.0602984523170047,3.3184172112516115,1.9166085189727196,1.8155536464603377,2.1672382288398944,0.934161036846767,PSBPM-FD
167,186,176,train,20,False,1.1892485976582692,1.090526752380825,0.8521875048143228,0.859374111064114,1.0105191707573753,3.3184172112516115,1.8338083835290615,1.7350180782653457,2.1807752932461826,0.9266340037520601,PSBPM-FD
168,187,177,train,20,False,1.022437598354545,1.011156564709217,0.8192710881429381,0.8012746059709446,0.949961703911238,2.8394604546067312,1.7482173188206585,1.653976615013328,2.2232886393149345,0.9394803308075469,PSBPM-FD
169,188,178,train,20,False,0.9796244019362016,0.9897597698109383,0.8946403821025853,0.7772066332987739,0.9254982611612539,2.8394604546067312,1.7288106579738183,1.6317577139504826,2.2684334572828506,0.9350736303800674,PSBPM-FD
170,189,179,train,20,False,0.980017041803268,0.9899581010342144,0.9012628841958084,0.7773682962246233,0.9259088025824813,2.8394604546067312,1.7303229123119213,1.6332390985936684,2.2713295472498976,0.9353010007344549,PSBPM-FD
171,190,180,train,20,False,0.8624884706198843,0.9287025738199955,0.8683450947363819,0.7329287463176145,0.8705154117583147,2.758852512868644,1.6441111950624774,1.5466921093139634,2.2935923480218534,0.9373457512642159,PSBPM-FD
172,191,181,train,20,False,0.8949921946219144,0.9460402711417281,0.8308206085867496,0.7471251271444902,0.8883180196243774,2.758852512868644,1.6895779143075658,1.589729966061654,2.313677700532846,0.9389854181918824,PSBPM-FD
173,192,182,train,20,False,0.9293693489639845,0.9640380433177855,0.8076517672846594,0.7666524261670238,0.9097726827847193,2.758852512868644,1.7157976583489591,1.6168682154999066,2.296017562720957,0.9437103536429857,PSBPM-FD
174,193,183,train,20,False,0.9251051808968143,0.9618238824737169,0.8086964523807907,0.7665508235069375,0.9075741773228282,2.758852512868644,1.7201551358690825,1.6192201825633312,2.3015134600648173,0.9435970491693721,PSBPM-FD
175,194,184,train,20,False,0.8684552694154203,0.93190947490377,0.7529311072398382,0.7494454534947347,0.8861744920161673,2.4528951222843607,1.685210878793815,1.5858012497920269,2.3035881174695416,0.9509233631385436,PSBPM-FD
176,195,185,train,20,False,0.8714620526616645,0.9335213188040563,0.7563351034343493,0.7510731089449748,0.8893353206973247,2.4528951222843607,1.6957899968387067,1.5939744427920743,2.320860116996094,0.9526673925740241,PSBPM-FD
177,196,186,train,20,False,0.8646311401430025,0.9298554404545916,0.7420403673716378,0.7450786070473339,0.8843386897882795,2.4528951222843607,1.6951260606202951,1.5905933832813393,2.3411947798250106,0.9510496484872318,PSBPM-FD
178,197,187,train,20,False,0.8654909707011903,0.9303176719278153,0.7551104723529579,0.7435463692479792,0.8847742744326099,2.4528951222843607,1.6983285042068474,1.594536562556325,2.349378185807187,0.9510453269141605,PSBPM-FD
179,198,188,train,20,False,0.8263915580123207,0.909060810953987,0.735567005821072,0.7219966507586375,0.8564539773192094,2.4528951222843607,1.6332985367063397,1.5350748721016976,2.3246163146364274,0.9421305670634168,PSBPM-FD
180,199,189,train,20,False,0.7200396658781391,0.8485515104447926,0.69607749916533,0.6760111149301359,0.8050685832588831,2.4528951222843607,1.5566922489294903,1.4602992155695447,2.331885881668139,0.9487562903952446,PSBPM-FD
181,200,190,train,20,False,0.6978969397631106,0.8354022622444296,0.6838528940702933,0.668066183825523,0.7931627458310785,2.4528951222843607,1.5419468901990656,1.4432316272502796,2.333593100011419,0.9494381110486001,PSBPM-FD
182,201,191,train,20,False,0.6799547916472012,0.8245937130776594,0.6941725274199239,0.6596322445645009,0.7816675994147337,2.4528951222843607,1.5054089175794365,1.4137168619976261,2.308798679831686,0.947942710474094,PSBPM-FD
183,202,192,train,20,False,0.6235380266620972,0.7896442405679264,0.688456386119847,0.6326402126958299,0.7505857331593707,2.337190150603363,1.4354919909437527,1.3475307438007196,2.2948053949564318,0.9505365765975016,PSBPM-FD
184,203,193,train,20,False,0.5832912346190813,0.7637350552508908,0.7439854060024766,0.6097459950282775,0.7297285078351818,2.337190150603363,1.4341530701395957,1.3442511809211626,2.36521778254581,0.9554733710572737,PSBPM-FD
185,204,194,train,20,False,0.5964358453304941,0.7722925904930683,0.8205236088532217,0.6186180362251001,0.7355865236749769,2.155645898698539,1.4168658057747767,1.3313588280232143,2.3243069488128514,0.9524712948564527,PSBPM-FD
186,205,195,train,20,False,0.6004528250315733,0.7748889114134834,0.8552652141909727,0.6211348986944059,0.7388177752712761,2.155645898698539,1.4282232633665692,1.3403914261959449,2.3346435132580785,0.9534499260333852,PSBPM-FD
187,206,196,train,20,False,0.6657439702262649,0.8159313514176697,0.9389375879783143,0.6501219413864202,0.7762745206201905,2.35197356581598,1.4958302883386392,1.4072543106035649,2.3301591307635805,0.9513968537566598,PSBPM-FD
188,207,197,train,20,False,0.691329980352889,0.8314625549914373,0.9188432966217682,0.6680077563316495,0.790302010901866,2.35197356581598,1.51218911603004,1.4213347929883235,2.295286475311197,0.950496214360495,PSBPM-FD
189,208,198,train,20,False,0.7526829972456056,0.8675730500918096,0.9376901378491117,0.6929724881348274,0.8225090002819032,2.8849554886631323,1.5872751414534014,1.4942767784822517,2.3033876897610717,0.9480573424852956,PSBPM-FD
190,209,199,train,20,False,0.8010942259680919,0.8950386728896645,0.9395681903844025,0.7178821244086111,0.8531852891053913,2.8849554886631323,1.6523374428091973,1.5526811879687035,2.3098416708745573,0.953238463261986,PSBPM-FD
191,210,200,train,20,False,0.8196331191770037,0.9053359151038932,0.9299028172595656,0.7293760063051131,0.8674544960665713,2.8849554886631323,1.6747695456814504,1.5761537105678005,2.2985282384352606,0.9581576093410866,PSBPM-FD
192,211,201,train,20,False,0.7799644080069724,0.8831559364047622,0.9419910459058523,0.7079606632985588,0.8444017748340611,2.8849554886631323,1.6274264570511696,1.5282463340754475,2.3000026639359685,0.9561185516926203,PSBPM-FD
193,212,202,train,20,False,0.7549311792080793,0.868867757030999,0.9341739541985301,0.6903496643787488,0.8300511209245123,2.8849554886631323,1.6403137385951072,1.5337313733997713,2.3815279757091052,0.9553250356082648,PSBPM-FD
194,213,203,train,20,False,0.7291803661085817,0.8539205853641085,0.9293008254602866,0.6761224166349468,0.813617156683917,2.8849554886631323,1.5971434610130404,1.4954765129295073,2.3637190222841573,0.9528019005853966,PSBPM-FD
195,214,204,train,20,False,0.6840702074982626,0.8270853689301139,0.9092039101842758,0.6551295026099367,0.7868176816813788,2.8849554886631323,1.5448885462003792,1.441787445097721,2.351905189751835,0.9513137473332121,PSBPM-FD
196,215,205,train,20,False,0.7200539522992061,0.8485599285255027,0.9223011733300949,0.6726517462206897,0.8108765004034344,2.8849554886631323,1.6096626632495599,1.504488627577457,2.381278169678354,0.9555913178842317,PSBPM-FD
197,216,206,train,20,False,0.7340808994589902,0.8567852119749676,0.8934944915813323,0.679330570016276,0.8204879482275056,2.8849554886631323,1.6384361175011986,1.5326718695325867,2.40094931198347,0.9576355155993023,PSBPM-FD
198,217,207,train,20,False,0.6962631443064311,0.8344238397280073,0.8910547207782936,0.6592770674456003,0.7947117142025247,2.8849554886631323,1.5890012347264428,1.4854946370294553,2.397977980881909,0.9524077289804815,PSBPM-FD
199,218,208,train,20,False,0.7201221737351367,0.8486001259339623,0.919547942331921,0.6739247448644059,0.8144474744472678,2.8849554886631323,1.6302223042045534,1.526099891409022,2.413769032152109,0.9597541286608857,PSBPM-FD
200,219,209,train,20,False,0.7456096515949537,0.8634869145476113,0.9204886867507722,0.6890999217693691,0.8325901392998188,2.8849554886631323,1.6663265616911747,1.5590702417594524,2.4236453683822923,0.9642185947149188,PSBPM-FD
201,220,210,train,20,False,0.7296938288351248,0.8542211826190713,0.900562622484599,0.6763875380142814,0.8211664576059701,2.8849554886631323,1.6610946958973074,1.5507326188692956,2.4693785580108045,0.9613042550504844,PSBPM-FD
202,221,211,train,20,False,0.7228547694738314,0.8502086623140412,0.9363911062988591,0.6727945752216283,0.8155547285079556,2.8849554886631323,1.6500324084886706,1.538768806526589,2.4628600541129027,0.9592406719172129,PSBPM-FD
203,222,212,train,20,False,0.7479558582112902,0.8648444127190105,0.9696121216051614,0.6864894450979753,0.8320352569229954,2.8849554886631323,1.6799169822344902,1.5655127825252375,2.465275945951709,0.9620635164967241,PSBPM-FD
204,223,213,train,20,False,0.7569605824774108,0.8700348168190805,0.9987061838570079,0.6908762369721522,0.8375820066537353,2.8849554886631323,1.687854465009384,1.5746275624893618,2.4558223602936122,0.9626994120947995,PSBPM-FD
205,224,214,train,20,False,0.7535159928372008,0.8680529896482131,0.9711847861357951,0.6892602424306202,0.836104579927569,2.8849554886631323,1.6857960957674938,1.570251168359069,2.456922534833572,0.9631953232099443,PSBPM-FD
206,225,215,train,20,False,0.7805411185541216,0.8834823815753892,0.9944307535327405,0.704411780091214,0.852605385927643,2.8849554886631323,1.711616902249632,1.5967930204674043,2.4411827759675973,0.9650508076995405,PSBPM-FD
207,226,216,train,20,False,0.7381800602811366,0.8591740570345083,0.9484394099005375,0.6921646532494207,0.8322992368390111,2.8849554886631323,1.666242144692875,1.5486502063001377,2.419415790662125,0.968720167961941,PSBPM-FD
208,227,217,train,20,False,0.6973442367769075,0.8350713962152623,0.9167512885595287,0.6653789021890529,0.8066373546214962,2.8849554886631323,1.6258988733604016,1.5108574063769726,2.45551394656307,0.9659501669885525,PSBPM-FD
209,228,218,train,20,False,0.6373778153817622,0.7983594524910206,0.9181290027863476,0.6418470892177878,0.7755115783828648,2.302411697490669,1.549811603247055,1.4403895863849276,2.438537149961901,0.9713814697917504,PSBPM-FD
210,229,219,train,20,False,0.6303081302038718,0.7939194733748958,0.9317654925284854,0.6437869332196082,0.7721848607114296,2.302411697490669,1.5321376366244315,1.4240120164996735,2.414283191250901,0.9726236559344315,PSBPM-FD
211,230,220,train,20,False,0.6070317628772993,0.7791224312502493,0.9368669309264239,0.627678568994733,0.7527078244786547,2.302411697490669,1.4992210558377193,1.3927690972102293,2.430093208150574,0.9660969756329473,PSBPM-FD
212,231,221,train,20,False,0.6349220462998596,0.7968199585225383,0.9727780251575819,0.6420592065630755,0.7700647632406892,2.302411697490669,1.5351816391097142,1.4296044051909542,2.434026382282767,0.966422533728374,PSBPM-FD
213,232,222,train,20,False,0.6205497574746511,0.7877498063945501,0.9654089855050767,0.635723823114837,0.7583053578334027,2.302411697490669,1.490326596617068,1.3918245160366949,2.3791459376551614,0.9626220808661171,PSBPM-FD
214,233,223,train,20,False,0.623420752783616,0.7895699796621044,0.9618269001239192,0.6351229319758036,0.7605430756241028,2.302411697490669,1.4958667673573798,1.3984220427262293,2.39167477018304,0.9632370723486428,PSBPM-FD
215,234,224,train,20,False,0.6251690621113491,0.7906763320799157,0.9498337471710986,0.6348871068557448,0.7620285116862829,2.302411697490669,1.499793684888317,1.4039390255593571,2.4002379517528563,0.9637679550641497,PSBPM-FD
216,235,225,train,20,False,0.5941793374807041,0.7708302909724708,0.954592195988986,0.6198766046200384,0.7424896586290111,2.0322273859498834,1.4477385635804132,1.3564796725608321,2.3851066074189804,0.9632336291459103,PSBPM-FD
217,236,226,train,20,False,0.5840933449244375,0.7642599982495731,1.0129416924902477,0.6153343637726255,0.7358489601204303,2.0322273859498834,1.4139684726239088,1.3285380396297577,2.348179774842294,0.9628254282649698,PSBPM-FD
218,237,227,train,20,False,0.5901603390955256,0.7682189395579399,1.0126743524921284,0.617340090104126,0.7415429372230113,2.0322273859498834,1.4278306688999425,1.342327125776331,2.3685356840239598,0.9652755211290692,PSBPM-FD
219,238,228,train,20,False,0.5739074715121778,0.7575668099330763,1.0433993816087002,0.6074782516216092,0.7296413729085873,2.0322273859498834,1.4134355698719827,1.3239197635200637,2.39095636401976,0.9631379877545639,PSBPM-FD
220,239,229,train,20,False,0.5654808177821005,0.75198458613332,0.9721141432465827,0.602844273260514,0.7245850683193377,2.0322273859498834,1.4165737908789793,1.3257246997865528,2.410071903540154,0.9635637241517546,PSBPM-FD
221,240,230,train,20,False,0.6128813302661991,0.7828673771886264,0.932208840685566,0.6246259085794883,0.7521930106850404,2.38945984364931,1.4690395940919863,1.3784988102335658,2.3966417979843753,0.9608179272794053,PSBPM-FD
222,241,231,train,20,False,0.6422806428740117,0.8014241341973747,0.8947784863423051,0.6397918660856435,0.7718084714047077,2.38945984364931,1.528834690337401,1.4298399108293842,2.4326936692728003,0.963046205462321,PSBPM-FD
223,242,232,train,20,False,0.6555688701307326,0.8096720756767721,0.8816782322005469,0.6464690286727922,0.7784978278975794,2.38945984364931,1.5391005501814579,1.4423589690263627,2.4286914097998484,0.961497686883748,PSBPM-FD
224,243,233,train,20,False,0.6431153968904494,0.8019447592511901,0.864993391566475,0.6399282524312021,0.7705976582951066,2.38945984364931,1.5165350533074449,1.4197826278870216,2.4238492835461156,0.9609111468159557,PSBPM-FD
225,244,234,train,20,False,0.5995321937503768,0.7742946427235415,0.8615934004931861,0.6213046568762266,0.7467041506449539,2.38945984364931,1.4679991823426026,1.3747784481988028,2.4046609169137834,0.9643669340374881,PSBPM-FD
226,245,235,train,20,False,0.5833938596059478,0.7638022385447347,0.8255872834623241,0.6119120624793427,0.7376743281820475,2.38945984364931,1.4672445868301438,1.3718594088266447,2.436495320926246,0.9657923097836575,PSBPM-FD
227,246,236,train,20,False,0.5738686865632727,0.7575412111319573,0.8465502363517128,0.6058261498834955,0.7315594275122291,2.38945984364931,1.4521769944529541,1.3591858652003102,2.431387953506787,0.965702481610334,PSBPM-FD
228,247,237,train,20,False,0.6252796234049373,0.790746244635368,0.8486622182919487,0.6336117170953951,0.7620267609271052,2.38945984364931,1.4970257292046063,1.4036865679227162,2.3978397996308827,0.9636805310134529,PSBPM-FD
229,248,238,train,20,False,0.6666489120113832,0.8164857083938354,0.8421389050442174,0.6532402189881396,0.7853833914889189,2.38945984364931,1.53041674475723,1.4359388495492176,2.3811071762619744,0.9619070896340611,PSBPM-FD
230,249,239,train,20,False,0.6917962356846992,0.8317428903721986,0.8541104987055529,0.6592390535399321,0.7964165395896623,2.478243571519547,1.5602120413605647,1.4639710057397122,2.397922323072348,0.9575273186083646,PSBPM-FD
231,250,240,train,20,False,0.7051643753265766,0.8397406595649496,0.8853721662037848,0.6693670367822024,0.8090495928281701,2.478243571519547,1.579832632490774,1.481462216719488,2.3837823512040064,0.9634517319279504,PSBPM-FD
232,251,241,train,20,False,0.6660050915465036,0.81609135000103,0.8655350392978408,0.6460227458669023,0.7808965910485555,2.478243571519547,1.5282202550993718,1.4310628653707975,2.393374518787838,0.9568739958431981,PSBPM-FD
233,252,242,train,20,False,0.6970886157658249,0.8349183287997844,0.8552928420963835,0.6628687295032389,0.8027299139138224,2.478243571519547,1.5876769967319007,1.4858574884536897,2.419898176765642,0.9614472292969857,PSBPM-FD
234,253,243,train,20,False,0.718126320531242,0.8474233419792271,0.8656642365940048,0.6760629297534795,0.8159442063241951,2.478243571519547,1.6148206725041436,1.513462973478172,2.4168782266298847,0.9628531170955122,PSBPM-FD
235,254,244,train,20,False,0.7257099551714458,0.8518861163156997,0.9134550759693721,0.6803264626505042,0.8216830669750447,2.478243571519547,1.6301546218880443,1.5274130070383105,2.4273146406477273,0.9645456725233658,PSBPM-FD
236,255,245,train,20,False,0.7205864928901226,0.8488736613243001,0.9149044809319433,0.678044023696432,0.8170351842846362,2.478243571519547,1.6157933171088767,1.5112611317944789,2.407881084297135,0.9624932678556739,PSBPM-FD
237,256,246,train,20,False,0.7042747683384729,0.8392108008947888,0.9295583208490765,0.6656937197136708,0.8020075453040857,2.478243571519547,1.5990318816665483,1.489567431333108,2.431466108042972,0.9556687598026192,PSBPM-FD
238,257,247,train,20,False,0.7153174781298153,0.845764434183547,0.95786752977874,0.6742527655965953,0.8102253923802974,2.478243571519547,1.6107557700779318,1.5014275306512843,2.4124170331905925,0.9579799760230437,PSBPM-FD
239,258,248,train,20,False,0.710301291094978,0.8427937417274632,0.9370190805814756,0.6692191412820512,0.8053562199838101,2.478243571519547,1.6071631885285498,1.4976350222099197,2.445293808986333,0.9555792599184257,PSBPM-FD
240,259,249,train,20,False,0.706120074499292,0.8403095111322327,0.9390033185516983,0.6657808056250032,0.8025873113760229,2.478243571519547,1.5917461934517232,1.4847047143999044,2.4337144796491423,0.9551091600696237,PSBPM-FD
241,260,250,train,20,False,0.6513600872480899,0.8070688243564423,0.9267439946922141,0.6396206327636028,0.7677679321854705,2.478243571519547,1.5141556648539671,1.4123129303838962,2.4138406931408793,0.9513041626873514,PSBPM-FD
242,261,251,train,20,False,0.6420488839634142,0.8012795292302269,0.9709987264060157,0.6359512125977871,0.7625570427901656,2.478243571519547,1.4728452759225523,1.3780568391102768,2.3703909673347723,0.9516741848163008,PSBPM-FD
243,262,252,train,20,False,0.6457026402264665,0.8035562458387505,0.9733893963802033,0.6339952474170794,0.7642531645666768,2.478243571519547,1.502037702010321,1.4013060070940173,2.4078402678773823,0.951088574725657,PSBPM-FD
244,263,253,train,20,False,0.6296827777342064,0.7935255369137193,0.9800309164488662,0.6245166339017241,0.7501563218787423,2.478243571519547,1.4713690379015405,1.3738367658760613,2.4001975356757077,0.9453461633967646,PSBPM-FD
245,264,254,train,20,False,0.6295608568988442,0.7934487109440939,1.0114643363746576,0.6223255692173284,0.7500656323794835,2.478243571519547,1.4932845911197192,1.3908606513909558,2.4444480854476156,0.9453233990222374,PSBPM-FD
246,265,255,train,20,False,0.6178264433487645,0.7860193657593714,1.0108158690390332,0.6174382911830069,0.7419399610759888,2.478243571519547,1.4616807435774526,1.36226416462975,2.4121736285594944,0.9439207141661229,PSBPM-FD
247,266,256,train,20,False,0.6012594016678081,0.7754091833785618,0.9957456327109931,0.6032847343361117,0.727488151760658,2.478243571519547,1.455659656024365,1.3523132390436188,2.473120849708713,0.9381990403968322,PSBPM-FD
248,267,257,train,20,False,0.5637165275373839,0.7508105803312736,1.0830412153994515,0.5842769047555703,0.7077493363128492,2.478243571519547,1.4330894923508126,1.3300286215200798,2.503088401823679,0.9426469936006697,PSBPM-FD
249,268,258,train,20,False,0.5132337791581111,0.7164033634469559,1.1347168927171907,0.5581853115875657,0.6764323942957178,2.478243571519547,1.3746549941116268,1.2750318631711972,2.4984645135201338,0.9442060559865062,PSBPM-FD
250,269,259,train,20,False,0.4458791359327134,0.6677418183195608,1.1639742935423192,0.525590324245331,0.6371347763981292,2.441413783123582,1.2983886067310255,1.20369451444931,2.50023925436217,0.9541633591281473,PSBPM-FD
251,270,260,train,20,False,0.4399498011090217,0.6632871181539874,1.1392520770660677,0.5225216754129361,0.6322469936606439,2.441413783123582,1.2851477362204766,1.192176159407549,2.487987797663353,0.953202582043607,PSBPM-FD
252,271,261,train,20,False,0.45352585801684375,0.6734432849296544,1.127461433867886,0.5334523470505241,0.6448240884252046,2.441413783123582,1.3046022616111532,1.2099598832740646,2.4732776046826404,0.9575031823096442,PSBPM-FD
253,272,262,train,20,False,0.41912882183224054,0.6474015923924196,1.155717057688723,0.5111294070161255,0.6193676374763919,2.441413783123582,1.246905892772922,1.1536491056931362,2.4934995283286296,0.9566977356165738,PSBPM-FD
254,273,263,train,20,False,0.44872487129606214,0.6698692941880992,1.1765718999113963,0.5199710327754726,0.6332381551355188,2.676921601838166,1.2933736556754056,1.1968066656984737,2.521291362406655,0.9453159901933134,PSBPM-FD
255,274,264,train,20,False,0.43269066041834703,0.6577922623582213,1.0901355568559894,0.5087497054648609,0.6194120901067885,2.676921601838166,1.26394107600329,1.1678160910078323,2.512843308330359,0.9416530499859671,PSBPM-FD
256,275,265,train,20,False,0.45462174271621886,0.6742564369112236,1.0874775230933835,0.5189866890271582,0.6358110757616846,2.676921601838166,1.3098234201717454,1.2090359052800845,2.5483712213424234,0.9429810988150775,PSBPM-FD
257,276,266,train,20,False,0.4811068538747064,0.6936186660368263,1.1114874152234608,0.5394089958372756,0.6575322932413433,2.676921601838166,1.3390084408321985,1.2424935525421743,2.5198608392382367,0.9479737576820532,PSBPM-FD
258,277,267,train,20,False,0.4758369620504953,0.6898093664560487,1.0557539007085386,0.5379549731630331,0.6538589673925543,2.676921601838166,1.3211336316857143,1.226571938040409,2.495492021628345,0.9478835736194878,PSBPM-FD
259,278,268,train,20,False,0.4825739500372855,0.6946754278346726,1.0614913045448608,0.5445414628409793,0.6602150315214994,2.676921601838166,1.3271704660401789,1.2316326571785055,2.4582068958640066,0.95039352921898,PSBPM-FD
260,279,269,train,20,False,0.4625869896173199,0.6801374784683755,1.0262167106610731,0.5285299913973951,0.641826124812057,2.676921601838166,1.307320187242785,1.209027161873978,2.515004005739727,0.9436711622735553,PSBPM-FD
261,280,270,train,20,False,0.4649927263044645,0.681903751496107,1.0536428055895557,0.5305608887277213,0.6444181239476293,2.676921601838166,1.3198093918112321,1.217326029662092,2.5342931702389495,0.9450279787048631,PSBPM-FD
262,281,271,train,20,False,0.4969871003409202,0.7049731202967389,0.9914098555870577,0.5467142065059141,0.6603973996137867,2.676921601838166,1.360322919165552,1.2547011725949477,2.543440155710831,0.9367696166001489,PSBPM-FD
263,282,272,train,20,False,0.44993386747659525,0.6707710991661725,0.9177294978778784,0.5248500445101845,0.6309873783349064,2.676921601838166,1.2893373303757618,1.188395088413692,2.5196526250464517,0.9406895722240853,PSBPM-FD
264,283,273,train,20,False,0.4785499974872856,0.691773082366816,0.925857871160409,0.5407659247485881,0.6530666452204402,2.676921601838166,1.3424191609600324,1.2366429584201393,2.532384444942168,0.9440474945715631,PSBPM-FD
265,284,274,train,20,False,0.5294625842956618,0.7276417966937179,0.926571273583594,0.5612032633311523,0.6801010587076043,2.676921601838166,1.4004059423270536,1.2930800255552033,2.540002574469315,0.9346646410333619,PSBPM-FD
266,285,275,train,20,False,0.5272685439766752,0.7261325939363108,0.8824035136693625,0.5569801952502129,0.6783407520355546,2.676921601838166,1.4195604136271034,1.306751521074641,2.6025193730186067,0.9341830372305969,PSBPM-FD
267,286,276,train,20,False,0.5415144856688128,0.7358766783020187,0.9079631627036754,0.5687136422705835,0.6911373478728955,2.676921601838166,1.432900799195423,1.3231671210600375,2.5624022757219587,0.9392026792690917,PSBPM-FD
268,287,277,train,20,False,0.5526740842563318,0.743420529886236,0.9034968878253985,0.5754411494365446,0.6979293655310376,2.676921601838166,1.4309588071869992,1.3219283682091638,2.534291948817729,0.9388083022644534,PSBPM-FD
269,288,278,train,20,False,0.6124022086946848,0.7825613130577596,0.9816797789394921,0.6061719240846491,0.7332346489078093,2.676921601838166,1.4940209173974721,1.3807940053208347,2.5336560447629486,0.9369676684409397,PSBPM-FD
270,289,279,train,20,False,0.7688791117063514,0.8768575207559957,1.0204124337153226,0.6666963244754169,0.8014788972796598,3.175044454998185,1.6051273489520053,1.4899118721662457,2.5125320924291024,0.9140354941457911,PSBPM-FD
271,290,280,train,20,False,0.76948029529362,0.8772002595152489,0.987031505459455,0.6662158149406914,0.8020128008130308,3.175044454998185,1.6172921051444207,1.4983658878113564,2.540732968288561,0.9142870081413706,PSBPM-FD
272,291,281,train,20,False,0.7909916147449971,0.8893770936700569,0.9881747594091298,0.6752283198156422,0.8154583791748911,3.175044454998185,1.655139759404752,1.5363354135596987,2.5641062283763634,0.9168870943256063,PSBPM-FD
273,292,282,train,20,False,0.7994054826029099,0.8940947839032,1.001316535693103,0.6837693004950667,0.823798202471463,3.175044454998185,1.6589420092289902,1.5455905419707734,2.5140516068435335,0.9213768129539298,PSBPM-FD
274,293,283,train,20,False,0.7551341078038296,0.8689845267919502,0.9946146940356108,0.6655657554859243,0.8012017693816814,3.175044454998185,1.6051546985814888,1.4943919380211432,2.5075726993534504,0.9219977395218948,PSBPM-FD
275,294,284,train,20,False,0.769193720712872,0.8770368981478898,1.0171438114819034,0.6746878997076348,0.813625605966422,3.175044454998185,1.6337360647804733,1.5232843168843875,2.523332512026964,0.9276982618229876,PSBPM-FD
276,295,285,train,20,False,0.7822192149542826,0.8844315773163476,1.0406511367958502,0.685717419435003,0.8208247687835186,3.175044454998185,1.6310671807541817,1.5268799986391222,2.480970494850456,0.9280817078853826,PSBPM-FD
277,296,286,train,20,False,0.7677771156181481,0.8762289173601543,1.0468419448767494,0.676110874190244,0.8109007229212267,3.175044454998185,1.6180543554879345,1.5137514354835826,2.4903944425913043,0.9254439186557046,PSBPM-FD
278,297,287,train,20,False,0.751419608836605,0.8668446278524226,1.0617460956738418,0.6588970633293816,0.7953136922791665,3.175044454998185,1.6113194659263794,1.5024206895447827,2.5940925202791556,0.9174812494939588,PSBPM-FD
279,298,288,train,20,False,0.7558259256598773,0.8693824967526533,1.0631307676626107,0.6628332215540117,0.7988186914177546,3.175044454998185,1.6069885756596807,1.5025557512213896,2.565845409470312,0.9188345686755013,PSBPM-FD
280,299,289,train,20,False,0.7785810656158265,0.8823724075558044,1.0803481087948357,0.6816934733433749,0.8190632033196635,3.175044454998185,1.6407089345558323,1.5343237765111464,2.520483690761785,0.92825115144805,PSBPM-FD
281,300,290,train,20,False,0.7703699979966412,0.8777072393438721,1.0758842031774964,0.6732746507424436,0.8083358426694185,3.175044454998185,1.6138176205697412,1.5096511041837188,2.5021643180181323,0.9209629434909162,PSBPM-FD
282,301,291,train,20,False,0.7379626065899021,0.8590474996121589,1.1431592593677713,0.6587991516993981,0.7921103911090073,3.175044454998185,1.579304030676028,1.4780804520956294,2.49672782900758,0.92207985177377,PSBPM-FD
283,302,292,train,20,False,0.7506840859048356,0.8664202709452472,1.2231104439666527,0.6660703485711694,0.8025359854813164,3.175044454998185,1.6055467726146442,1.5027524854008631,2.5129809817629933,0.9262664002606561,PSBPM-FD
284,303,293,train,20,False,0.7275274471566464,0.8529521951180186,1.2475452260003368,0.6572762157184003,0.7861004615048104,3.175044454998185,1.555788748010238,1.4547101863337983,2.4660914473778894,0.921623117924026,PSBPM-FD
285,304,294,train,20,False,0.6695086061752765,0.8182350555771102,1.2242979466394612,0.6324657526428219,0.7532730794050032,3.175044454998185,1.4791451889544984,1.381117055704499,2.4423308605308396,0.9206071950482633,PSBPM-FD
286,305,295,train,20,False,0.6660161902372252,0.8160981498797956,1.2730795645801962,0.628857697110903,0.75023745794377,3.175044454998185,1.4703435761320682,1.3732056091952705,2.452169495164684,0.9192980746914738,PSBPM-FD
287,306,296,train,20,False,0.6559398986034181,0.809901165947684,1.2753348438885552,0.6204260425215284,0.7418507363825038,3.175044454998185,1.4617232342345172,1.361393662564185,2.4786447973464276,0.9159768717142753,PSBPM-FD
288,307,297,train,20,False,0.640946515030007,0.8005913533320274,1.2439448280571272,0.6166752441177212,0.7324228896672851,3.175044454998185,1.4406121558245113,1.3395841209271713,2.458245439875399,0.9148523608442335,PSBPM-FD
289,308,298,train,20,False,0.5835260816992676,0.763888788829413,1.2323135993615935,0.5882900218476634,0.6993571131087432,3.175044454998185,1.3797016641909958,1.2805406223691072,2.4530222816249996,0.9155221589001737,PSBPM-FD
290,309,299,train,20,False,0.4404518022503102,0.663665429452454,1.1029054872874393,0.5372575156364002,0.6426744141564262,2.0417918367249426,1.2903676603700214,1.194081351839103,2.4724790848466336,0.9683710882554996,PSBPM-FD
291,310,300,train,20,False,0.44766490862165,0.669077655150469,1.171739264509029,0.5423704310383918,0.648436023463604,2.0417918367249426,1.2907481978000532,1.2001331318796011,2.4487115759605222,0.9691491241293614,PSBPM-FD
292,311,301,train,20,False,0.4375644307228347,0.6614865310214825,1.151355753663383,0.5379183405518344,0.6426761533220127,1.8383523785925036,1.272030381481153,1.1805164438117335,2.438725058438485,0.9715634758724074,PSBPM-FD
293,312,302,train,20,False,0.4423317687859555,0.665080272437813,1.1543939250555626,0.5406002621064863,0.6464844174548531,1.8383523785925036,1.2959558958930215,1.1985123137570741,2.472013731210857,0.9720396833982191,PSBPM-FD
294,313,303,train,20,False,0.4722590061329055,0.6872110346414014,1.1550421081794258,0.5543092431659815,0.6628050660770614,2.341114160145392,1.332952834455884,1.2374126073971816,2.4734360307997827,0.9644854821385754,PSBPM-FD
295,314,304,train,20,False,0.5073607504687612,0.7122926017226076,1.148798803035001,0.5689179571206641,0.6825747423551864,2.341114160145392,1.3727434615949505,1.2747767910917447,2.47749730208183,0.9582785792024914,PSBPM-FD
296,315,305,train,20,False,0.5109523474498229,0.7148093084521374,1.1171406012860214,0.5680282471080844,0.6843801116120488,2.341114160145392,1.3722396708608648,1.2745238278650066,2.479213649469265,0.9574303293475842,PSBPM-FD
297,316,306,train,20,False,0.5121428972765105,0.7156415983413139,1.0657196115940897,0.5684819039228176,0.6853135459802596,2.341114160145392,1.3681435990974542,1.2700712558145328,2.470167969601301,0.9576211717829881,PSBPM-FD
298,317,307,train,20,False,0.5178440016745443,0.7196137864678137,1.0205622311387295,0.578696308822641,0.6918747319854995,2.341114160145392,1.3629088793415265,1.266083037054904,2.3691590013656763,0.9614528584583268,PSBPM-FD
299,318,308,train,20,False,0.5417449540855335,0.7360332561002482,0.9689794212541789,0.5942204763344814,0.7066105090269958,2.341114160145392,1.3881891171324745,1.2902560027932046,2.357988841455105,0.9600252477324952,PSBPM-FD
300,319,309,train,20,False,0.5575451632083254,0.7466894690621566,1.0009748344618312,0.6019246920496871,0.715832370497284,2.341114160145392,1.4031168812333727,1.3077619635698483,2.3530204232493777,0.9586747907351242,PSBPM-FD
301,320,310,train,20,False,0.5955002176566115,0.7716866058553897,0.9944013910687528,0.6284377336584337,0.7477485822710582,2.341114160145392,1.4710258305856216,1.3744709990474022,2.3616918907673266,0.9689796046702185,PSBPM-FD
302,321,311,train,20,False,0.6105871137567705,0.781400738262238,0.9533528459983261,0.6337164126680502,0.7559611056632571,2.341114160145392,1.4787225985757029,1.3836690501385713,2.3583786187438815,0.9674435518763954,PSBPM-FD
303,322,312,train,20,False,0.5918650592824906,0.7693276670460322,0.9432485560079816,0.6198890161783956,0.7386735100205819,2.341114160145392,1.4388888744224348,1.3448417085324582,2.346507306068642,0.9601546150768864,PSBPM-FD
304,323,313,train,20,False,0.6085595973548902,0.7801022992882986,0.9520922244905742,0.6286203168572203,0.7512156907015537,2.341114160145392,1.463052020380682,1.3741011136363812,2.355027327876763,0.9629707429229492,PSBPM-FD
305,324,314,train,20,False,0.6209107824845658,0.7879789226144096,0.9265608776126771,0.6371423022976936,0.7607111071523007,2.341114160145392,1.483450803386055,1.3939481848909463,2.3582123911274424,0.9653952476652067,PSBPM-FD
306,325,315,train,20,False,0.6761496402783183,0.8222831873985496,0.9669269703448851,0.6673723990898989,0.7926631323943896,2.341114160145392,1.5177053275971866,1.4315549165312933,2.2802239361860526,0.9639782796753164,PSBPM-FD
307,326,316,train,20,False,0.6783562274512849,0.8236238385642349,0.9364857339907354,0.6723732168416983,0.7947161834905645,2.341114160145392,1.5060594721884495,1.4240372782150241,2.228743932368752,0.9649018718010116,PSBPM-FD
308,327,317,train,20,False,0.6605081859135465,0.8127165470897874,0.908764675047485,0.656060456617639,0.7779940403333254,2.341114160145392,1.4851950673108398,1.4026266234981408,2.2522895751482577,0.9572759938495188,PSBPM-FD
309,328,318,train,20,False,0.6602971399044406,0.8125866968542129,0.9055741395832314,0.6541702350543431,0.7777970397272025,2.341114160145392,1.5030071882290303,1.4165161723027482,2.3028995475781495,0.9571865288200109,PSBPM-FD
310,329,319,train,20,False,0.6798302091548033,0.8245181678743067,0.9082320468716337,0.6635813779261277,0.789779609799616,2.341114160145392,1.5291838139386276,1.4420882321122166,2.307969456887453,0.9578680501798399,PSBPM-FD
311,330,320,train,20,False,0.6920997077650857,0.8319253017940287,0.8657001025262162,0.6705989279290933,0.7978105594295849,2.341114160145392,1.5535054471927678,1.4619152223093397,2.3199641838677287,0.9589930222210142,PSBPM-FD
312,331,321,train,20,False,0.687288315508914,0.8290285372102181,0.8383521560731131,0.6678310673154428,0.7947603415292157,2.341114160145392,1.5530609109768285,1.4636635332234185,2.3307420727514856,0.9586646368093443,PSBPM-FD
313,332,322,train,20,False,0.6884882070534293,0.8297518948778781,0.8121512991110661,0.6705843006924661,0.7956518996286437,2.341114160145392,1.5470534567261545,1.4609522163284896,2.3068965636290955,0.9589033836985051,PSBPM-FD
314,333,323,train,20,False,0.639324070470834,0.7995774324421832,0.8124888626584477,0.6445638108694117,0.7630524533940296,2.1788746867255493,1.470563692653529,1.3832968673889436,2.285362836467132,0.9543196473960079,PSBPM-FD
315,334,324,train,20,False,0.5956006951744911,0.7717517056505228,0.8023293987849005,0.6249264383638911,0.7363366779126026,2.106948778964325,1.4195692079762892,1.3352919109652341,2.2841729738931402,0.9541108526503764,PSBPM-FD
316,335,325,train,20,False,0.5595157926756759,0.7480078827630601,0.7961177397352116,0.6070271389411269,0.7132657672803931,2.106948778964325,1.3763728304145082,1.2922333072833654,2.276169900467382,0.9535538110182298,PSBPM-FD
317,336,326,train,20,False,0.5862620716320828,0.7656775245702873,0.7853127051655073,0.6178032925761092,0.729739305037457,2.106948778964325,1.4160963142861696,1.3295245914300187,2.301083504426949,0.9530635047006252,PSBPM-FD
318,337,327,train,20,False,0.5978085692410671,0.7731808127734852,0.842883812116966,0.6243220256253249,0.7394129032622543,2.106948778964325,1.4362373678047486,1.351313959492261,2.3139792616439214,0.9563259861686148,PSBPM-FD
319,338,328,train,20,False,0.5886672498179544,0.7672465378338011,0.8760561218876476,0.6176066039432065,0.7343791598972238,2.106948778964325,1.4371211629221305,1.3498456376654036,2.3340261609378485,0.9571619077886319,PSBPM-FD
320,339,329,train,20,False,0.5749731921459,0.7582698676235922,0.8107620522916724,0.611485993867588,0.7265108860034425,2.106948778964325,1.415115890100037,1.3302856531261793,2.3230569930501987,0.9581165189648352,PSBPM-FD
321,340,330,train,20,False,0.5468329870470124,0.7394815664010919,0.8150949197651126,0.5955363402897443,0.7069072934690525,2.106948778964325,1.3700961684517334,1.2830114364178624,2.311016653781851,0.9559498513389971,PSBPM-FD
322,341,331,train,20,False,0.510756604599622,0.714672375707654,0.7985123265304783,0.5741474946525924,0.6833217965797094,2.106948778964325,1.345139377351319,1.2554953085062983,2.349187184100048,0.9561329356029721,PSBPM-FD
323,342,332,train,20,False,0.542412603642283,0.7364866622297264,0.8276918891225309,0.599130039958196,0.7087373664865426,2.106948778964325,1.3763314074912274,1.287836562597437,2.314785507551572,0.9623220661468976,PSBPM-FD
324,343,333,train,20,False,0.5221519061748394,0.7226007930903753,0.8289712105153276,0.5851463308968008,0.692662871289047,2.106948778964325,1.3545433643789155,1.2634857907507306,2.34161645820544,0.9585692098768788,PSBPM-FD
325,344,334,train,20,False,0.5336480802808081,0.7305122040601431,0.8479949197364759,0.5864373123263628,0.6997089033004302,2.106948778964325,1.3755119477137239,1.2835724857229511,2.368152238925527,0.9578332838404205,PSBPM-FD
326,345,335,train,20,False,0.507901074849371,0.7126717862027169,0.7739557476099326,0.5742659917425256,0.687596023161439,1.911896892770642,1.3649250860786784,1.2720092618699517,2.388656842000871,0.9648144299707899,PSBPM-FD
327,346,336,train,20,False,0.5027482880878269,0.7090474512244064,0.8017914375407824,0.568966153893156,0.6825155626173676,1.911896892770642,1.3660534479638395,1.2704300216426723,2.415478149499184,0.9625809407237518,PSBPM-FD
328,347,337,train,20,False,0.5208110179412746,0.72167237576429,0.8276601053526457,0.5831821785713268,0.6993905274365799,1.911896892770642,1.40113309586111,1.3040654140414925,2.4217221886625646,0.9691247038462399,PSBPM-FD
329,348,338,train,20,False,0.578768703051053,0.7607684950436979,0.7973333130921528,0.6174290128143173,0.7327891905478195,1.911896892770642,1.4286583464454736,1.3363426356599954,2.354931742921624,0.9632223144384137,PSBPM-FD
330,349,339,train,20,False,0.5430808275408351,0.7369401790788959,0.7592254108390483,0.5957662763120812,0.7060608767874414,1.8952115462634163,1.3723618092705168,1.2820476291638325,2.3464682138351334,0.9580979526315819,PSBPM-FD
331,350,340,train,20,False,0.527410005032757,0.7262299945835046,0.7887952044171117,0.5869292961155537,0.6954442423362927,1.8952115462634163,1.3524016328228694,1.26068504793381,2.350307996056571,0.9576088119785418,PSBPM-FD
332,351,341,train,20,False,0.5146391613044721,0.7173835524351475,0.8343704743339949,0.5802370683898521,0.685794115232966,1.8952115462634163,1.326586607539644,1.237245390827587,2.3344214484156134,0.9559657632309081,PSBPM-FD
333,352,342,train,20,False,0.5220647498740394,0.7225404832077158,0.9083923811518745,0.5838699606759263,0.6908626436678176,1.8952115462634163,1.3406872323061374,1.2478270740518473,2.342209217341483,0.9561576959684466,PSBPM-FD
334,353,343,train,20,False,0.521991429509944,0.7224897435326982,0.9134754482513684,0.5831850400947733,0.690776830923641,1.8952115462634163,1.3449232835850347,1.2528888850248094,2.3584239973243584,0.9561060722412567,PSBPM-FD
335,354,344,train,20,False,0.6179241024162507,0.7860814858627894,0.8931473066011266,0.626625350014528,0.7377582887937486,2.635628551930062,1.4187554615224998,1.3236016413087839,2.3306761108677927,0.9385264785672924,PSBPM-FD
336,355,345,train,20,False,0.6301705270816178,0.7938328080154018,0.8390159520412969,0.6320042370119834,0.7472354005825833,2.635628551930062,1.445846663795723,1.349629418435014,2.3584557684453062,0.941300728613985,PSBPM-FD
337,356,346,train,20,False,0.5976307306119826,0.7730657996651918,0.8570145543864714,0.6141605074432526,0.7259232347980363,2.635628551930062,1.4229909118639936,1.3232098543294533,2.406397611632666,0.9390186904043969,PSBPM-FD
338,357,347,train,20,False,0.5978292854011235,0.7731942093685928,0.844178387739642,0.6158574699406828,0.7260660863030627,2.635628551930062,1.4225061796935825,1.3182305815237083,2.3995666097526582,0.9390474960954299,PSBPM-FD
339,358,348,train,20,False,0.569152426469966,0.7544219154226407,0.8410212887076208,0.5957146972880905,0.7033107775795105,2.635628551930062,1.3848470898888519,1.2826404286925928,2.4345098888738415,0.932251255168672,PSBPM-FD
340,359,349,train,20,False,0.5689100137449827,0.7542612370690825,0.860138162604352,0.595187890187223,0.703157349903852,2.635628551930062,1.3854381780980314,1.279528528703701,2.4370458004938333,0.9322464357789211,PSBPM-FD
341,360,350,train,20,False,0.5595045091375324,0.7480003403324976,0.8590495278068299,0.584413472595574,0.6915687659623132,2.635628551930062,1.3693334914352202,1.2658333684304393,2.4715324048361285,0.9245567530823586,PSBPM-FD
342,361,351,train,20,False,0.5645112730070468,0.7513396522259735,0.8692435636090107,0.589184185667024,0.6959402627421304,2.635628551930062,1.378314853546133,1.2736709194728515,2.4641396164961584,0.9262658515097496,PSBPM-FD
343,362,352,train,20,False,0.5549987108446071,0.7449823560626164,0.8450694911342408,0.580518362315712,0.6901316872394074,2.635628551930062,1.382834584137651,1.2803917257205317,2.4938868642456216,0.9263731974632179,PSBPM-FD
344,363,353,train,20,False,0.5627578678270714,0.750171892186765,0.823667617199907,0.5864880628225376,0.6973007192458602,2.635628551930062,1.39094122142464,1.2904688937783733,2.476392742179441,0.9295212557394222,PSBPM-FD
345,364,354,train,20,False,0.5515070588285278,0.7426352124889634,0.8065228941205159,0.585577074441238,0.6904189269033656,2.635628551930062,1.356989059121927,1.2601101154557885,2.429049158633043,0.9296878403993349,PSBPM-FD
346,365,355,train,20,False,0.52109849906498,0.7218715253180306,0.825853980714163,0.571329315645195,0.6697251813240038,2.635628551930062,1.312799637252191,1.2144601392396157,2.411661707789511,0.9277622926447295,PSBPM-FD
347,366,356,train,20,False,0.5175044749242655,0.7193778387775548,0.8332026383761686,0.5659496859263572,0.6653717327941766,2.635628551930062,1.3077799374963388,1.2102536660279704,2.437658292439031,0.9249266476221298,PSBPM-FD
348,367,357,train,20,False,0.5194986139746482,0.7207625225930162,0.8215377505433448,0.5685953154035112,0.6667607325510353,2.635628551930062,1.309260659861065,1.2126195816121308,2.430478901511399,0.9250768618660915,PSBPM-FD
349,368,358,train,20,False,0.4695121958260199,0.6852095999225492,0.8441017322327488,0.538752219413075,0.6400037420645732,2.635628551930062,1.301142530119151,1.1997238140769046,2.509616101526856,0.9340262339245019,PSBPM-FD
350,369,359,train,20,False,0.48017270621926,0.692944951795783,0.8689247073434332,0.5472824509569871,0.650543666670832,2.635628551930062,1.3176534910542625,1.2167047867439111,2.5036268222644713,0.9388100237759621,PSBPM-FD
351,370,360,train,20,False,0.47039773696990156,0.685855478194861,0.8512706307098523,0.5391671143699517,0.6415199796890644,2.635628551930062,1.2891473750746414,1.1943133234283783,2.482997022804388,0.9353573749640587,PSBPM-FD
352,371,361,train,20,False,0.4832576404165473,0.6951673470586397,0.8405670421149952,0.5478194146766022,0.651228792829046,2.635628551930062,1.3116678665513966,1.2122685684438967,2.485466971449866,0.9367942777872055,PSBPM-FD
353,372,362,train,20,False,0.4769352058615849,0.6906049564415135,0.8508533872892885,0.5425816199382129,0.6469598486653687,2.635628551930062,1.2928042757191816,1.1981805404619732,2.476217770105602,0.9368016296885048,PSBPM-FD
354,373,363,train,20,False,0.48842057267003647,0.6988709270459292,0.8724533005097956,0.5520777575466764,0.6577157119656805,2.635628551930062,1.3085213709870889,1.2135328167186135,2.4609773200428537,0.9411118512910409,PSBPM-FD
355,374,364,train,20,False,0.42378489418739446,0.6509876298267075,0.8012682365882476,0.527410914969897,0.6313874221246027,1.674737897201466,1.2604768382506593,1.169912604180309,2.462245913024219,0.9698915819532201,PSBPM-FD
356,375,365,train,20,False,0.42884921302853013,0.6548657977238772,0.9116297111018508,0.5289583195367116,0.6346606026364594,1.9595246452523765,1.2831444176062963,1.1882046827415238,2.492778152913967,0.9691460522787337,PSBPM-FD
357,376,366,train,20,False,0.42886928664979634,0.6548811240597765,0.9134492457868503,0.5305785863058968,0.6346788358142491,1.9595246452523765,1.276101342882161,1.1832908078805056,2.464930220633178,0.9691512130930142,PSBPM-FD
358,377,367,train,20,False,0.42108039087630217,0.6489070741456763,0.9147952821795566,0.5232255666108712,0.6285465719270945,1.9595246452523765,1.278552007952426,1.1842352545815493,2.502410370453147,0.9686233930406946,PSBPM-FD
359,378,368,train,20,False,0.4457962225586728,0.6676797305285468,0.9534249578685593,0.5385341566316548,0.6489269281770266,1.9595246452523765,1.3159054209394805,1.2201467986005405,2.4857295068970653,0.9719134766354594,PSBPM-FD
360,379,369,train,20,False,0.4557315778106378,0.6750789419102315,0.9290995913457426,0.5408992183314523,0.6547912671748876,2.0352039196474094,1.3433335990820776,1.2464214224340229,2.5163947858652977,0.9699477002231218,PSBPM-FD
361,380,370,train,20,False,0.47685516719294796,0.6905470057808867,0.9077762518802414,0.5602060511271124,0.6758804705982312,2.0352039196474094,1.380314258907094,1.278828095813576,2.4847156333792713,0.9787609893897516,PSBPM-FD
362,381,371,train,20,False,0.47740423044248015,0.6909444481595319,0.8875876262274898,0.5593641979866941,0.6763226948233978,2.0352039196474094,1.3843387930692646,1.2812800846837993,2.496921783550573,0.9788380189245575,PSBPM-FD
363,382,372,train,20,False,0.458936468042075,0.6774484984425568,0.895490650448575,0.5462948402390038,0.6611645820253196,2.0352039196474094,1.3542462496696368,1.2492966006752948,2.496109582163897,0.9759628717833552,PSBPM-FD
364,383,373,train,20,False,0.49807133085915145,0.7057416884803898,0.9205324646822932,0.5646270158549032,0.6843338838081147,2.2254506234884093,1.4033360264165688,1.2972639007634925,2.5003162077688215,0.9696662319631839,PSBPM-FD
365,384,374,train,20,False,0.5137435061362036,0.7167590293370594,0.92478426224139,0.5716465457492057,0.6936435840863917,2.2254506234884093,1.4335215163810964,1.3255207309321437,2.5221614592757,0.9677500466620597,PSBPM-FD
366,385,375,train,20,False,0.5775436868700321,0.7599629509851333,0.8266592492268315,0.6020513033368862,0.729595176642226,2.2254506234884093,1.4904825201490064,1.385128126370206,2.5131594181026484,0.9600404542043242,PSBPM-FD
367,386,376,train,20,False,0.590941006639629,0.7687268738893086,0.7902963878228757,0.6142357362059027,0.742924770390258,2.2254506234884093,1.5203056009230616,1.409092081732316,2.5043471685164014,0.9664352784123351,PSBPM-FD
368,387,377,train,20,False,0.5804749466407315,0.7618890645236559,0.7442741390579072,0.6058641060144678,0.7348910839416252,2.2254506234884093,1.514541180642795,1.4025387927075266,2.5302068003240885,0.9645644204134755,PSBPM-FD
369,388,378,train,20,False,0.601123979476207,0.7753218554098723,0.7328638441082089,0.6197331314210588,0.7478585484086717,2.2254506234884093,1.517034736824891,1.409758741895798,2.4769466692542803,0.9645781854212246,PSBPM-FD
370,389,379,train,20,False,0.6125550063509037,0.7826589336044811,0.7673818367144082,0.6287637776451578,0.7560997228841132,2.2254506234884093,1.5258353584799946,1.4167729352106573,2.461303526993113,0.9660654091073217,PSBPM-FD
371,390,380,train,20,False,0.6272220876146519,0.7919735397187534,0.802027396877007,0.6409650156236415,0.76878266287671,2.2254506234884093,1.5608097706447412,1.444624775271657,2.475401021033295,0.9707176115375282,PSBPM-FD
372,391,381,train,20,False,0.6202000807170075,0.7875278285349715,0.8155173881361171,0.6375029807620375,0.7638369681797617,2.2254506234884093,1.5428682459191232,1.4282155120189677,2.459088673628244,0.9699174308553875,PSBPM-FD
373,392,382,train,20,False,0.6079428271426931,0.7797068854016188,0.799260604725702,0.6307789040318597,0.7535330572983084,2.2254506234884093,1.5224617633246693,1.4050203398285677,2.449499028661414,0.9664311953717988,PSBPM-FD
374,393,383,train,20,False,0.6234986930095485,0.7896193342424871,0.8204622230224655,0.6394710248905265,0.7639625235517051,2.2254506234884093,1.5377771940663552,1.422641980311837,2.443909100477086,0.9675073676920596,PSBPM-FD
375,394,384,train,20,False,0.6143356528879687,0.7837956703682208,0.8372511460662668,0.6344153063047951,0.7589504177843945,2.2254506234884093,1.5256668709100683,1.40931494294507,2.4412794096936574,0.9683013653645801,PSBPM-FD
376,395,385,train,20,False,0.6115106878911277,0.7819914883751151,0.8287665643565274,0.6359237624463978,0.7571588930903128,2.2254506234884093,1.5088806869083697,1.3918515737099428,2.407538122872447,0.9682444174214716,PSBPM-FD
377,396,386,train,20,False,0.6059220768867941,0.7784099671039638,0.8246067556761569,0.6322525887424224,0.7515035299124617,2.2254506234884093,1.4869152313932958,1.3736191944850162,2.3763584778915616,0.965434104997902,PSBPM-FD
378,397,387,train,20,False,0.6210428628060891,0.7880627277102307,0.8175662054829599,0.6448046117154733,0.7625527795470517,2.2254506234884093,1.4851914578625263,1.3763601882914134,2.3250278663018102,0.9676295461437444,PSBPM-FD
379,398,388,train,20,False,0.5901692090609266,0.768224712607533,0.8059698660541719,0.6214023250647415,0.7319057521018528,2.2254506234884093,1.4171779309726882,1.3131941350087155,2.3070875594144367,0.952723519681624,PSBPM-FD
380,399,389,train,20,False,0.6053298313183882,0.7780294540172552,0.8478883256377328,0.6301167971706747,0.7396181991312221,2.2254506234884093,1.4096751933105307,1.3098595225304124,2.2715677281313202,0.9506300761652383,PSBPM-FD
381,400,390,train,20,False,0.6190136841242748,0.7867742269064708,0.8750493195568994,0.6344371756528497,0.7481974223863387,2.2254506234884093,1.4283416225483307,1.329988169248294,2.2839352763024943,0.9509683932176926,PSBPM-FD
382,401,391,train,20,False,0.6441430912331384,0.8025852548067017,0.8393041585234831,0.6466507470416529,0.7641986815081553,2.2254506234884093,1.4481843774100451,1.3534255733447356,2.2649797808854664,0.9521713449522672,PSBPM-FD
383,402,392,train,20,False,0.7047985980751229,0.8395228395196422,0.8293753951952261,0.6793492034385109,0.8009534644668574,2.4332326565934466,1.5267326747561811,1.428238458216705,2.2693899368243713,0.954057980036787,PSBPM-FD
384,403,393,train,20,False,0.6943818994388413,0.8332958054849678,0.7800467218666234,0.6788413277364291,0.7958743435911754,2.4332326565934466,1.5051144401248018,1.4051141825637665,2.2457179200986515,0.9550922233767711,PSBPM-FD
385,404,394,train,20,False,0.6904589312611731,0.8309385845302727,0.7249976194067871,0.6769866345859431,0.7937267325403884,2.4332326565934466,1.4921311783939337,1.3937655106296278,2.2341994092649635,0.9552170850136655,PSBPM-FD
386,405,395,train,20,False,0.7557070900916423,0.8693141492531007,0.8358446432224123,0.690533707049226,0.815936322743903,3.4184354468598963,1.5555207915255835,1.4485011718678757,2.261166194914293,0.9385977709495941,PSBPM-FD
387,406,396,train,20,False,0.8010008060808784,0.8949864837420052,0.8045407279697705,0.7115283271613003,0.8413756627874486,3.4184354468598963,1.5926591993780783,1.4918764766608448,2.241582660454095,0.9400987367648217,PSBPM-FD
388,407,397,train,20,False,0.9353896224491438,0.9671554282787973,0.7824969696371625,0.7671273804165117,0.8996257649921929,3.4184354468598963,1.6635859952481933,1.5619049052263947,2.191883490470839,0.9301770312070897,PSBPM-FD
389,408,398,train,20,False,0.9405523511580227,0.9698207830099449,0.8404695947055151,0.7664892318909425,0.9023345818186552,3.4184354468598963,1.6882836691501903,1.5824183956108893,2.225404983997557,0.9304137399676682,PSBPM-FD
390,409,399,train,20,False,1.053053656707629,1.02618402672602,0.8347995093375559,0.805845347937223,0.9479784371009607,3.4184354468598963,1.7752298562298072,1.6652666975529278,2.234604663499826,0.9237898977295821,PSBPM-FD
391,410,400,train,20,False,1.1173756213077322,1.0570598948535188,0.7542180465068034,0.836738310622124,0.9795004541463592,3.4184354468598963,1.7965065187096332,1.6918207686986624,2.1908263881444867,0.9266272033545391,PSBPM-FD
392,411,401,train,20,False,1.132112093926106,1.0640075629083217,0.7397010981403075,0.8403520086464663,0.9892249437587883,3.4184354468598963,1.8309929583161206,1.7236765187418015,2.232079860392286,0.9297160830839162,PSBPM-FD
393,412,402,train,20,False,1.1388542608203922,1.0671711487949775,0.7329799409657273,0.8446939945520123,0.9953238431883282,3.4184354468598963,1.847511341143226,1.7415378129944632,2.2453857476231414,0.9326749924904008,PSBPM-FD
394,413,403,train,20,False,1.1754289740335582,1.0841720223440365,0.7337719278411667,0.8581855067387728,1.013113802339777,3.4184354468598963,1.885683248425724,1.7760124810646531,2.255181326692542,0.9344585374462736,PSBPM-FD
395,414,404,train,20,False,1.1621521133592965,1.0780315920042864,0.7386613410123044,0.849040528293626,1.0045890272369615,3.4184354468598963,1.896652592376832,1.7813363923963077,2.308078878395167,0.9318734577798599,PSBPM-FD
396,415,405,train,20,False,1.2117769314022488,1.1008073997762955,0.7269983937612147,0.8667669244430968,1.0290353951248268,3.4184354468598963,1.9272690181054029,1.8157795190983061,2.2937201514350996,0.9348005794055761,PSBPM-FD
397,416,406,train,20,False,1.3451527296537384,1.1598071950344757,0.7756377591032123,0.9102381171249505,1.091700476951783,3.4827988804492453,2.060623095460523,1.9407075778287635,2.32485919299661,0.9412775516704153,PSBPM-FD
398,417,407,train,20,False,1.4831870493825325,1.217861670873393,0.7989418647496623,0.9555265733325568,1.1440545116345584,3.4827988804492453,2.157426639375729,2.0361145237407214,2.334764614087823,0.9393961063033509,PSBPM-FD
399,418,408,train,20,False,1.5550762430179446,1.2470269616243044,0.764196798362613,0.9982896207321051,1.1949525679908786,3.4827988804492453,2.2441355778686125,2.1198632055561046,2.317848206609504,0.9582411645971176,PSBPM-FD
400,419,409,train,20,False,1.53224851222258,1.2378402611898596,0.7677519117003445,0.987431234423172,1.1827888669700926,3.4827988804492453,2.226297781771943,2.1018967446360657,2.3250512766150266,0.9555262533092521,PSBPM-FD
401,420,410,train,20,False,1.522972499375752,1.2340877194817848,0.7600094413125142,0.9850596163523839,1.1771821599421994,3.4827988804492453,2.2237838730205888,2.0953789995278598,2.3304014915108024,0.9538885618572714,PSBPM-FD
402,421,411,train,20,False,1.5709133621987676,1.2533608268167502,0.7903590209554545,1.003651270330421,1.1979696262935557,3.4827988804492453,2.2899826166428476,2.1542880253243792,2.3495035591171947,0.9558058626549902,PSBPM-FD
403,422,412,train,20,False,1.5231679560327342,1.2341669076882325,0.7749810535001953,0.9819157536721568,1.1725256462445106,3.4827988804492453,2.2289836749130862,2.0971014396889083,2.333008237931458,0.9500543556469323,PSBPM-FD
404,423,413,train,20,False,1.6085619064920433,1.2682909392138868,0.7948394721770198,1.0117240830690872,1.2053072429911298,3.4827988804492453,2.2916128093104624,2.1584027821119895,2.333251079497386,0.9503397097027314,PSBPM-FD
405,424,414,train,20,False,1.610963786312406,1.2692374822358525,0.7834046163628469,1.0084528015845744,1.2066340649632135,3.4827988804492453,2.3174919316065496,2.1769557324154523,2.379430560649996,0.9506763563566066,PSBPM-FD
406,425,415,train,20,False,1.4900569009338427,1.22067886888151,0.753581425178925,0.968867313782084,1.1553020194991217,3.4827988804492453,2.2073703322571188,2.078710789578538,2.3626784676160537,0.9464422207600823,PSBPM-FD
407,426,416,train,20,False,1.4618145816846697,1.2090552434378958,0.8110320841702592,0.9555767096823893,1.1412366987667413,3.4827988804492453,2.1956973590460835,2.0661331869857547,2.3896167977436176,0.9439078197301263,PSBPM-FD
408,427,417,train,20,False,1.3897470422158986,1.1788753293779197,0.921533712033375,0.9308387875545753,1.1171342754131455,3.4827988804492453,2.1671813905154425,2.03820170303601,2.40210379044983,0.9476271557931792,PSBPM-FD
409,428,418,train,20,False,1.4802335419381667,1.216648487418682,0.9934044876278548,0.9613083851319006,1.151352048262979,3.4827988804492453,2.2226436772069853,2.0943742499144773,2.3801298939338205,0.946330891928991,PSBPM-FD
410,429,419,train,20,False,1.3576501443834403,1.1651824511137474,0.932371865413824,0.9145729806110066,1.0985514343476876,3.4827988804492453,2.1216941075916216,2.0007342117615385,2.3704630703527005,0.9428149499656727,PSBPM-FD
411,430,420,train,20,False,1.2850941560304028,1.1336199345593756,0.966658217070738,0.8759081999923172,1.0606046425647444,3.4827988804492453,2.091876464596794,1.966771127784065,2.436829027158197,0.9355910303191597,PSBPM-FD
412,431,421,train,20,False,1.3165712449008327,1.1474193849246372,0.9586757660550554,0.8960490350866991,1.0761770590963389,3.4827988804492453,2.087404787767428,1.967147131735563,2.3757291253646806,0.9379108225254731,PSBPM-FD
413,432,422,train,20,False,1.3090816149534663,1.1441510455151742,0.914681470432506,0.8878470322636314,1.0693060286518843,3.4827988804492453,2.0745823948095765,1.9564292338909741,2.3979558057231243,0.9345846711789791,PSBPM-FD
414,433,423,train,20,False,1.2708567666041943,1.1273228315811732,0.9214595879549409,0.8748670631441119,1.0505341272687292,3.4827988804492453,2.038424203141941,1.9203736275780359,2.3894416454661114,0.9318840156863132,PSBPM-FD
415,434,424,train,20,False,1.2599184517625264,1.1224608909723877,0.9036366220682974,0.868692940078561,1.0414602319589015,3.4827988804492453,2.0186428591591676,1.900767149817905,2.386776538390073,0.9278365423107835,PSBPM-FD
416,435,425,train,20,False,1.1909149669722134,1.0912905053065447,0.8558024576535798,0.8375912555160567,1.0011881461269065,3.4827988804492453,1.9497948072904976,1.834157603281247,2.389499052055302,0.917435037928486,PSBPM-FD
417,436,426,train,20,False,1.1222057476160656,1.0593421296333236,0.7653858118879687,0.8264130702432577,0.9775715411353358,3.302827974929635,1.9015627646607967,1.7891286642326196,2.3728996068581565,0.9228100287805117,PSBPM-FD
418,437,427,train,20,False,0.9816652896715578,0.9907902349496375,0.6968111165598788,0.7767620390139672,0.9236082108527292,3.302827974929635,1.818064503527506,1.707353575287473,2.396289233658943,0.9321934939131458,PSBPM-FD
419,438,428,train,20,False,0.9432311595437394,0.9712008852671724,0.7259261102322718,0.762837909236804,0.9049201619466348,3.302827974929635,1.787334971873225,1.6757829609208348,2.3940571174370047,0.931753847915507,PSBPM-FD
420,439,429,train,20,False,0.9449668784219352,0.9720940687103976,0.6997215291332697,0.7625664446283358,0.9059693035564029,3.302827974929635,1.8008247072292582,1.684366700540347,2.414880043073622,0.9319769893856905,PSBPM-FD
421,440,430,train,20,False,0.9494978151677556,0.9744217850437025,0.7026850355359658,0.7628823565677407,0.9088029316808021,3.302827974929635,1.803789294953233,1.6929316524254834,2.4180770417077424,0.9326586757705161,PSBPM-FD
422,441,431,train,20,False,0.8651389394176926,0.930128453181437,0.6777644099286607,0.7228829975319961,0.8610711632442352,3.302827974929635,1.6922835273130776,1.5896856860198327,2.418449181660224,0.9257551043611274,PSBPM-FD
423,442,432,train,20,False,0.8829325641856215,0.9396449138826972,0.7008588977321901,0.7282530078568473,0.8722533002900267,3.302827974929635,1.730031764539372,1.6257639975972236,2.4564510589722817,0.9282797016223902,PSBPM-FD
424,443,433,train,20,False,0.7808871495629731,0.8836781934409003,0.6928808710357425,0.6876783339116593,0.8300111415096051,3.302827974929635,1.6569856252498056,1.5544909487802896,2.474991188651808,0.9392685568913675,PSBPM-FD
425,444,434,train,20,False,0.7824269358796927,0.8845490014011054,0.773700113719457,0.6942919742023692,0.8308419304689432,3.302827974929635,1.6418152035059195,1.5418015871780255,2.4336245229801525,0.9392831026352509,PSBPM-FD
426,445,435,train,20,False,0.7684785482976882,0.8766290825073557,0.8004535287362469,0.6822613042614496,0.8177742124618346,3.302827974929635,1.6330334371635389,1.527823031273679,2.491513921024925,0.9328622889430236,PSBPM-FD
427,446,436,train,20,False,0.7577564049952293,0.8704920476346865,0.8019522088484397,0.6799772730988187,0.8110388892328896,3.302827974929635,1.6001501565178669,1.4954655673067192,2.449936109164459,0.9317016639458754,PSBPM-FD
428,447,437,train,20,False,0.7953922003852327,0.8918476329425519,0.8661082680789117,0.6953618685283042,0.8245824217086868,3.302827974929635,1.6082209925478375,1.5038466118798817,2.4342844200508527,0.924577687096695,PSBPM-FD
429,448,438,train,20,False,0.7298637527674406,0.8543206381490738,0.716210827699638,0.6759233199729506,0.8017704447978646,2.654874742422049,1.5758233309224583,1.465996834304312,2.4481953885510306,0.93848891036384,PSBPM-FD
430,449,439,train,20,False,0.7244458020837891,0.8511438198587763,0.6878658407579002,0.670503248030021,0.7971525793640157,2.654874742422049,1.5814748559534606,1.466784751564775,2.484071597640614,0.9365662544507238,PSBPM-FD
431,450,440,train,20,False,0.734672010051244,0.8571301010064015,0.7079708323338311,0.6787553735394354,0.8049629207698696,2.654874742422049,1.5916466542438854,1.47997471368209,2.4622200033809967,0.9391373839569049,PSBPM-FD
432,451,441,train,20,False,0.7062002506374182,0.8403572160917155,0.7180343434623372,0.6589112075609891,0.7911134019901442,2.654874742422049,1.5968954221402571,1.4814007054636142,2.523162362269198,0.9414013312926715,PSBPM-FD
433,452,442,train,20,False,0.7411368783143915,0.8608930701976822,0.7577489729609406,0.6856395499825962,0.815402186583573,2.654874742422049,1.6251772810807268,1.508785169706689,2.465854795920504,0.9471584971596259,PSBPM-FD
434,453,443,train,20,False,0.7217238528529732,0.8495433201744177,0.7787594858724071,0.6727560556423995,0.8013282919567821,2.654874742422049,1.595148660702036,1.482860950474238,2.460568336561068,0.9432459451182117,PSBPM-FD
435,454,444,train,20,False,0.7395037085244146,0.8599440147616673,0.8017286692564473,0.6852581712387406,0.8150266090447069,2.654874742422049,1.6166820306049317,1.5089895249699796,2.437442387036189,0.947767058150397,PSBPM-FD
436,455,445,train,20,False,0.7530124378915601,0.8677628926680145,0.8212513192723102,0.6969401849744525,0.826833595912912,2.654874742422049,1.6374663996038188,1.5289357434078645,2.4274049087551517,0.9528335480798656,PSBPM-FD
437,456,446,train,20,False,0.7401243369539975,0.8603047930553436,0.8565227645275365,0.6924297063551742,0.821293236968239,2.654874742422049,1.6001919097487505,1.498549062360301,2.3993042926015793,0.9546537966520489,PSBPM-FD
438,457,447,train,20,False,0.7654449518252499,0.8748971092792854,0.851675387605984,0.7065820964260399,0.8353168144902167,2.654874742422049,1.606281706053388,1.5078538576228673,2.368139179476599,0.9547600576464655,PSBPM-FD
439,458,448,train,20,False,0.9507249705318989,0.9750512655916606,0.8325257844055425,0.7626514455872764,0.8982883030729377,3.953258683363628,1.729009821711409,1.6282269561144438,2.3724955052964356,0.9212728958695899,PSBPM-FD
440,459,449,train,20,False,1.0403917876416433,1.0199959743261948,0.7161382216054358,0.7929305419831597,0.9353823657078516,3.953258683363628,1.786791507280017,1.6869488223900242,2.354844202131347,0.9170451543455957,PSBPM-FD
441,460,450,train,20,False,1.122365314567724,1.0594174411287196,0.5975928303887129,0.828710684771124,0.9702268940719391,3.953258683363628,1.8183154060745523,1.7187375086833516,2.307263002270163,0.9158117059487377,PSBPM-FD
442,461,451,train,20,False,1.3080666890783559,1.1437074315918192,0.6750521505620038,0.9014834517285626,1.0483868093300264,3.953258683363628,1.946230814554148,1.8461773800377004,2.264649865003333,0.9166564633324757,PSBPM-FD
443,462,452,train,20,False,1.6288422873510136,1.276261057680212,0.7212831451475863,0.9857801758570908,1.1375410963201609,4.524958161654223,2.0740677943106545,1.971755188285838,2.2201216950674763,0.8913075342029203,PSBPM-FD
444,463,453,train,20,False,1.7267151850016016,1.3140453511966783,0.6635201807539985,1.026563975487767,1.1784933589437039,4.524958161654223,2.115841263958894,2.0168269687761433,2.1798412572007577,0.8968437488633634,PSBPM-FD
445,464,454,train,20,False,1.7636094270590068,1.3280095734063844,0.6741053586589946,1.037586951437619,1.19522768241016,4.524958161654223,2.152702131561484,2.0549027470438275,2.1928546183249065,0.9000143570835601,PSBPM-FD
446,465,455,train,20,False,1.7672473964630933,1.3293785752986593,0.6867447982647332,1.0435675095034906,1.199324601890402,4.524958161654223,2.140967166559304,2.0473441482107804,2.1183365288045435,0.9021693475246212,PSBPM-FD
447,466,456,train,20,False,1.7758592492437058,1.3326136909261084,0.7042864622982438,1.0466271123905446,1.2048199150110084,4.524958161654223,2.1610012927526,2.0698497370192164,2.1384004475723044,0.9041029093538061,PSBPM-FD
448,467,457,train,20,False,1.7115810276186703,1.308274064414131,0.6910158746276904,1.018826521625701,1.1795584552489793,4.524958161654223,2.134325947802671,2.0463172236494076,2.160746681452677,0.9016141856922059,PSBPM-FD
449,468,458,train,20,False,1.7193049478645896,1.3112226919423677,0.6722594105683769,1.0190163207121414,1.1826746602627902,4.524958161654223,2.1273284781012505,2.0428853195041645,2.153260350451172,0.9019632344150832,PSBPM-FD
450,469,459,train,20,False,1.7897022774392188,1.3377975472541497,0.7124672041060953,1.0557001735525025,1.2208447930976225,4.524958161654223,2.18370643103815,2.101828118600184,2.1208625424571776,0.9125781368065934,PSBPM-FD
451,470,460,train,20,False,1.82882679262452,1.3523412264012808,0.7197391040083959,1.0750462682692292,1.2416399321675515,4.524958161654223,2.207039044289592,2.126853587377732,2.0970586661110255,0.9181410045981392,PSBPM-FD
452,471,461,train,20,False,1.862764552008634,1.3648313273106805,0.7490844013883166,1.0980719053943246,1.257787304577063,4.524958161654223,2.199796922067841,2.1229642506605284,2.029348700612803,0.9215697789231279,PSBPM-FD
453,472,462,train,20,False,1.8887745352253895,1.3743269389870045,0.7935677166169202,1.1020754477141954,1.2698039620586552,4.524958161654223,2.2504356445784177,2.168820752275966,2.0744978450579223,0.9239460611858547,PSBPM-FD
454,473,463,train,20,False,2.0012504809553118,1.414655605069768,0.7975238998038561,1.1477042821110035,1.322213826147498,4.524958161654223,2.3504706488039853,2.262548583214591,2.0797903760420176,0.9346542164813951,PSBPM-FD
455,474,464,train,20,False,2.160057308347375,1.469713342236293,0.7230292884492133,1.195874281979759,1.3803050364992944,4.524958161654223,2.4278073886833687,2.3400399053697156,2.05330655606235,0.93916616038815,PSBPM-FD
456,475,465,train,20,False,2.1743350348150905,1.4745626588297598,0.6905043060352463,1.2041378592045313,1.3894400346493276,4.524958161654223,2.446105439951944,2.353005345018181,2.054529170958793,0.942272630009506,PSBPM-FD
457,476,466,train,20,False,2.167998378793874,1.4724124350174017,0.698698317416711,1.202337283024074,1.3865018410074113,4.524958161654223,2.4567703472517324,2.3606425279664105,2.070287917218889,0.9416531727341904,PSBPM-FD
458,477,467,train,20,False,2.1926611223023023,1.4807636956321903,0.679847213049249,1.2115576088553,1.3972226208358385,4.524958161654223,2.48018535164631,2.3817506966802835,2.076278780996467,0.9435824398972145,PSBPM-FD
459,478,468,train,20,False,1.9866913696804616,1.4095003971906008,0.6413886668830131,1.1419630535553407,1.3193001094728156,4.524958161654223,2.3305330728010794,2.237366929230698,2.0735055153435455,0.9360054896773555,PSBPM-FD
460,479,469,train,20,False,1.9188908520933652,1.3852403589606264,0.6511708445579759,1.1260309863010913,1.2936845892700293,4.524958161654223,2.2592094412535135,2.170398064687577,2.037578571926832,0.9339062213294932,PSBPM-FD
461,480,470,train,20,False,1.835715913689451,1.3548859412103482,0.7164135469246068,1.0937651425422517,1.2581079474104029,4.524958161654223,2.2082616375335498,2.117937444130076,2.045762949560461,0.9285711137326501,PSBPM-FD
462,481,471,train,20,False,1.7197208735661715,1.3113812845874275,0.6859034659667228,1.0579548540085821,1.2220651440830168,4.524958161654223,2.152707883496911,2.061197408724682,2.0590847798053113,0.9318915546880705,PSBPM-FD
463,482,472,train,20,False,1.3736208225573334,1.172015709176858,0.6816919421783274,0.9630027501278977,1.1156886440695488,3.2336936290879743,1.9761828305152687,1.8902011249867823,2.0650881646688015,0.9519400084262785,PSBPM-FD
464,483,473,train,20,False,1.2623572885445427,1.123546745153286,0.884674137277797,0.9150895279819691,1.065006872411479,3.2336936290879743,1.9229880430141382,1.8302277230407955,2.1176637411574473,0.9478972521665573,PSBPM-FD
465,484,474,train,20,False,1.1907886733073012,1.0912326394070613,0.9220802576818596,0.880381742390927,1.0227797151152327,3.2336936290879743,1.8397344707635923,1.7508072148370197,2.113825988532459,0.9372700908863727,PSBPM-FD
466,485,475,train,20,False,1.2192477634100995,1.1041955277078872,0.9360917793721334,0.8969583841425625,1.0433750532408321,3.2336936290879743,1.88431736442595,1.7941925219232804,2.131449546874715,0.9449187458734709,PSBPM-FD
467,486,476,train,20,False,1.2084773150311403,1.0993076525846348,0.9340591994974308,0.8924975221827298,1.036367023488132,3.2336936290879743,1.8644458109686064,1.7716171616744625,2.116183668573761,0.942745209724939,PSBPM-FD
468,487,477,train,20,False,1.1676669644627304,1.0805863984257484,0.9325475029957897,0.8703905297752813,1.0090209683620606,3.2336936290879743,1.8202496841605238,1.7263953073716958,2.12120048362981,0.9337716723364758,PSBPM-FD
469,488,478,train,20,False,1.1264220281444708,1.0613303105746443,0.9170771781362081,0.8508998909712157,0.9899159556845809,3.2336936290879743,1.7937454415839422,1.6991476531575387,2.1577989302024987,0.9327124136769476,PSBPM-FD
470,489,479,train,20,False,1.0918919290824234,1.0449363277647223,0.8880814051366162,0.8342357637582019,0.9749585241056472,3.2336936290879743,1.7712673165707855,1.6761330235537701,2.169222021200535,0.9330315141700851,PSBPM-FD
471,490,480,train,20,False,1.0682037999169016,1.0335394525207549,0.9233645791319691,0.8239212274435823,0.9635053898704304,3.2336936290879743,1.7526843528707154,1.653553925575307,2.1714478439811122,0.9322386170363264,PSBPM-FD
472,491,481,train,20,False,1.0346623027072928,1.017183514763827,1.0622881446674057,0.8095174753766317,0.9475802311788444,3.2336936290879743,1.7303468090721672,1.6335009315117826,2.172470083147099,0.9315725406726205,PSBPM-FD
473,492,482,train,20,False,0.9917240434941907,0.9958534247037516,1.0441467631784769,0.7931676172769216,0.9257685992749227,3.2336936290879743,1.6760021691182119,1.581221017898851,2.1565394246967307,0.9296233525032283,PSBPM-FD
474,493,483,train,20,False,0.8927186443693117,0.9448378931696758,0.9224849015716204,0.7537830202699104,0.883685561004814,3.2336936290879743,1.6013075528091005,1.508272473582314,2.1724914582125954,0.9352774347780313,PSBPM-FD
475,494,484,train,20,False,0.7350920907778267,0.8573751167241948,0.8769487961718715,0.7052546266592978,0.826338157439064,2.3461674234067535,1.5272726420271026,1.42929926310769,2.2052795950116293,0.9638000232573639,PSBPM-FD
476,495,485,train,20,False,0.7096038788090187,0.8423798898412869,0.8635441917977643,0.6886260331234064,0.8078000236906764,2.3461674234067535,1.4889136367235039,1.3980231389110889,2.198385427454319,0.9589497962052185,PSBPM-FD
477,496,486,train,20,False,0.6661192357104861,0.8161612804528809,0.8739003475255765,0.6612985580029591,0.7793627031233278,2.3461674234067535,1.451710607029145,1.3572230701308663,2.265857868457983,0.9549126156669256,PSBPM-FD
478,497,487,train,20,False,0.6090694447965939,0.7804290132975541,0.8249134487102835,0.6345636182006424,0.7496629029331068,2.3461674234067535,1.4097437131552906,1.3118795100783551,2.2835525062547015,0.9605779515622427,PSBPM-FD
479,498,488,train,20,False,0.6396033039534113,0.7997520265391087,0.8249599223471583,0.6521378422860116,0.770105214655022,2.3461674234067535,1.4466484166622737,1.3475388027762225,2.284059525900634,0.9629299946729964,PSBPM-FD
480,499,489,train,20,False,0.6162276783601908,0.7850017059600513,0.7891799204774286,0.6389854333553178,0.7577158953922998,2.3461674234067535,1.4379295347565797,1.3390430270331792,2.301351536203524,0.9652410811841725,PSBPM-FD
481,500,490,train,20,False,0.6058164846981362,0.778342138585684,0.7492291404438621,0.6317402907864842,0.7507110204427307,2.3461674234067535,1.4256498498448056,1.3269154384463935,2.3042267800088276,0.9645000356871832,PSBPM-FD
482,501,491,train,20,False,0.5387312708936844,0.733983154366423,0.7111689465706319,0.5991170707252718,0.7115970906268089,1.9848404968620061,1.348550690402374,1.2532344639277113,2.29215226542332,0.9695005755834575,PSBPM-FD
483,502,492,train,20,False,0.5632416965363467,0.7504943014682701,0.7286419635498765,0.6140656902653961,0.7283685393370027,1.9848404968620061,1.3882548020870527,1.2895389735212077,2.304312808191317,0.9705184142131653,PSBPM-FD
484,503,493,train,20,False,0.5585260502267049,0.7473460043558839,0.741487581355033,0.6099661166998118,0.7240644462067316,1.9848404968620061,1.3715067354987798,1.2758988823797037,2.290843192198561,0.9688476849900094,PSBPM-FD
485,504,494,train,20,False,0.5563887215018037,0.7459146878174499,0.735823813496598,0.6062919212635323,0.7213815398222084,1.9848404968620061,1.370866056100495,1.2751343897922658,2.317794438705472,0.9671099813478328,PSBPM-FD
486,505,495,train,20,False,0.5558127292034725,0.745528489867069,0.7144690458098789,0.606238498398652,0.7210592672907419,1.9848404968620061,1.3712213845895163,1.2750973360724431,2.3184201996585645,0.9671786887974059,PSBPM-FD
487,506,496,train,20,False,0.5439446133943153,0.7375260086222827,0.6764007076345041,0.5948649524798013,0.7111584001870124,1.9848404968620061,1.3722130006873121,1.2745127886799617,2.382584132468306,0.964248571403569,PSBPM-FD
488,507,497,train,20,False,0.5564461751811717,0.7459531990555249,0.6758133709507566,0.6055022961457758,0.7219278561997973,1.9848404968620061,1.3918534253205714,1.2917581923558985,2.3766785678739524,0.9677924260045444,PSBPM-FD
489,508,498,train,20,False,0.5357164159729595,0.7319265099536698,0.672327232628607,0.6006118845021581,0.708112048831838,1.803157209455766,1.3459625798887194,1.251246228917756,2.3182952121991858,0.9674633166062816,PSBPM-FD
490,509,499,train,20,False,0.5071625014578365,0.7121534255045302,0.6937406134919704,0.5868177992545904,0.6909809393234517,1.7885393357149517,1.3341593880787217,1.2334933781986752,2.350102120802023,0.97026976853186,PSBPM-FD
491,510,500,train,20,False,0.4826937000529634,0.6947616138309337,0.7045155943457497,0.570902272883765,0.674845923444151,1.7885393357149517,1.3154681501125618,1.2158324255622341,2.3776989131896658,0.971334498063347,PSBPM-FD
492,511,501,train,20,False,0.44984890722956256,0.6707077658932857,0.7116905417002686,0.5459951656374757,0.6489993770811529,1.7885393357149517,1.2815680776973166,1.180883042224777,2.398079979193178,0.9676336104693518,PSBPM-FD
493,512,502,train,20,False,0.4460716233535149,0.6678859358853987,0.7058003057720683,0.5423915980208798,0.6464495091756521,1.7885393357149517,1.2780447571735885,1.1797226537964378,2.4071035459387407,0.9679040603223231,PSBPM-FD
494,513,503,train,20,False,0.4285997713740244,0.6546753175231401,0.7181935740880632,0.5326700513221206,0.6321974555066123,1.7885393357149517,1.2583391774174695,1.1605463483993024,2.41751992017985,0.9656656339182463,PSBPM-FD
495,514,504,train,20,False,0.42143679414276586,0.6491816341693332,0.7612052574558104,0.5300450186484923,0.6274430222253915,1.7885393357149517,1.2392186712124589,1.1440948060315006,2.397618540547146,0.9665138217106873,PSBPM-FD
496,515,505,train,20,False,0.42485707407816237,0.6518106121245361,0.7913828446476264,0.5302898906965293,0.6306449810338675,1.7885393357149517,1.2593970579574463,1.1603160380637039,2.4419037010588562,0.9675279433980362,PSBPM-FD
497,516,506,train,20,False,0.4330193375092053,0.6580420484355124,0.8110904385873036,0.5403035954194985,0.6380132481957225,1.7885393357149517,1.2517677148024444,1.1566805531837745,2.362774353910001,0.9695630388857245,PSBPM-FD
498,517,507,train,20,False,0.4358650355416507,0.660200753969314,0.801640737251108,0.5424689849353761,0.640092715322032,1.7885393357149517,1.254485200081867,1.1641800481868774,2.359066107756926,0.9695425391043758,PSBPM-FD
499,518,508,train,20,False,0.4556541761353528,0.6750216116061417,0.8011190320168561,0.552581200523245,0.6495534174709351,2.124743336492953,1.2758070080765804,1.1838154919476427,2.359284317531126,0.9622705500130466,PSBPM-FD
500,519,509,train,20,False,0.4713942993509049,0.686581604291074,0.8074731365307802,0.5601609837503991,0.6582369501552879,2.124743336492953,1.2937581652304948,1.2013228988248845,2.3631787400230806,0.9587162633565559,PSBPM-FD
501,520,510,train,20,False,0.49367143307325473,0.7026175581874216,0.8163871588141922,0.5663211525687641,0.6719795123321791,2.124743336492953,1.3272130150146684,1.236627714758524,2.392905385526961,0.9563944204094743,PSBPM-FD
502,521,511,train,20,False,0.4864962141790329,0.6974928058260048,0.7930017959583424,0.5559284004075179,0.662264040579222,2.124743336492953,1.321521770038747,1.2287068963129593,2.466787986389183,0.9494922887339845,PSBPM-FD
503,522,512,train,20,False,0.4883643279435261,0.6988306861776507,0.751065475922937,0.5565002956384273,0.6632919313578837,2.124743336492953,1.317984959546225,1.2267230155628588,2.4607938030869123,0.949145400276924,PSBPM-FD
504,523,513,train,20,False,0.5208783958050253,0.721719056007963,0.7734052625234628,0.5766789310963982,0.6856211561910323,2.124743336492953,1.3638199095686165,1.2689498970037236,2.456622110920725,0.9499834464443841,PSBPM-FD
505,524,514,train,20,False,0.5454372305593642,0.7385372235435153,0.7731072688058507,0.5972460935232458,0.7067070226642665,2.124743336492953,1.4057279328742798,1.3047657344735246,2.4335593214153235,0.956901020199731,PSBPM-FD
506,525,515,train,20,False,0.5965286305475032,0.7723526594422415,0.7518600254854635,0.6135922009298795,0.7295409924115124,2.7190171377547787,1.456457125961636,1.35282541126973,2.4464582040438834,0.9445697939829122,PSBPM-FD
507,526,516,train,20,False,0.6774528891555817,0.8230752633602724,0.880958233562468,0.6514424833778939,0.7728765284864344,2.7190171377547787,1.5257271049518832,1.4200460207465297,2.3959797575676385,0.93901075988009,PSBPM-FD
508,527,517,train,20,False,0.6694146562141178,0.8181776434333303,0.8746329625921935,0.6421702556025687,0.7664322180220979,2.7190171377547787,1.5237894580327087,1.4192449237135132,2.435410994789371,0.9367552684596804,PSBPM-FD
509,528,518,train,20,False,0.7467028270669621,0.8641196833002719,0.9014097840643952,0.6785705652829492,0.8051180988871997,2.7190171377547787,1.585673732013665,1.4768512389290052,2.424460139876946,0.9317205873754297,PSBPM-FD
510,529,519,train,20,False,0.755959579661438,0.8694593605577192,0.9020836013036452,0.6817816661473627,0.8114946110395467,2.7190171377547787,1.581171354505885,1.4796856008980446,2.402978131100241,0.9333324222526159,PSBPM-FD
511,530,520,train,20,False,0.7587267973450439,0.8710492508148112,0.9368130561035158,0.6836976550982758,0.8137289595317435,2.7190171377547787,1.5798879640204986,1.4802424276223256,2.391170310294305,0.9341939721210388,PSBPM-FD
512,531,521,train,20,False,0.8020414250739616,0.8955676552187231,0.9462706036085398,0.7116536408986317,0.8450917045866871,2.7190171377547787,1.6392286545960313,1.5339449310964677,2.393850140642013,0.9436380374638382,PSBPM-FD
513,532,522,train,20,False,0.8465702205304622,0.9200925065070698,0.9420162810778048,0.7374431374918892,0.8685369058258352,2.7190171377547787,1.6624908581372988,1.558730229255414,2.3540301198120206,0.9439669377626451,PSBPM-FD
514,533,523,train,20,False,0.8615913781700589,0.9282194665972369,0.9738337885870919,0.7485821786586663,0.8811306112092148,2.7190171377547787,1.673968855092919,1.5737203819331105,2.3248451332872886,0.9492696963567837,PSBPM-FD
515,534,524,train,20,False,0.9126017395447681,0.9553019101544642,0.9958530853547994,0.766198305411258,0.907452568181616,2.7190171377547787,1.7293772206902074,1.6258022290796377,2.341474656276375,0.9499118116856783,PSBPM-FD
516,535,525,train,20,False,0.9174812468480031,0.9578524139177199,0.9942139324674726,0.7702449632003904,0.9114762521158746,2.7190171377547787,1.7329571733928835,1.6287318229663328,2.326171465066924,0.9515831863782003,PSBPM-FD
517,536,526,train,20,False,0.9135328778278293,0.9557891387894243,1.0246496272691772,0.7664406454126487,0.9081546441784102,2.7190171377547787,1.7375589965247926,1.62963229983684,2.3519334854403082,0.9501621302462733,PSBPM-FD
518,537,527,train,20,False,0.8920222005263045,0.9444692692334169,1.0742896662963208,0.7458113419285437,0.8858313627414051,2.7190171377547787,1.696198934645246,1.5891468682955052,2.3749231864493736,0.9379144368142274,PSBPM-FD
519,538,528,train,20,False,0.8429837283807385,0.9181414533614842,1.0456615720695093,0.7199464247858824,0.8570876698337244,2.7190171377547787,1.6359021640039662,1.5287901846487475,2.362466085628105,0.9335028569898127,PSBPM-FD
520,539,529,train,20,False,0.840275242902482,0.9166652840063717,1.0600410666566855,0.7180214708565128,0.8557048402626674,2.7190171377547787,1.647833498617182,1.5376705083985123,2.3818722848417453,0.9334975974247972,PSBPM-FD
521,540,530,train,20,False,0.9014174459745918,0.9494300637617242,1.0144106259431434,0.7452114560706419,0.8811335333697169,2.7190171377547787,1.6790111109913142,1.5682232818423236,2.350853073877759,0.9280657596606847,PSBPM-FD
522,541,531,train,20,False,0.9573418280428777,0.9784384641063932,0.9308873017831234,0.782065490563307,0.9221294683462153,2.7190171377547787,1.7536573238992825,1.6393432531750338,2.2949000807514315,0.9424501408868827,PSBPM-FD
523,542,532,train,20,False,0.9548968254381384,0.9771882241605956,0.9305967746301362,0.7769053333568422,0.9207793693337493,2.7190171377547787,1.770851769470919,1.6513355613259537,2.335086500415913,0.9422743198985011,PSBPM-FD
524,543,533,train,20,False,0.9357019407133789,0.9673168770952871,0.9302912693244205,0.7662796374674601,0.9093079404430015,2.7190171377547787,1.7418706072513856,1.6274236777700284,2.3286436967372444,0.9400310921623966,PSBPM-FD
525,544,534,train,20,False,0.9216307949818605,0.9600160389190696,0.9375199430860807,0.7555665340887889,0.8991330243248801,2.7190171377547787,1.7163940324771036,1.6064088578278812,2.3282398979939125,0.9365812526812148,PSBPM-FD
526,545,535,train,20,False,0.869518878887153,0.9324799616544867,0.9962043386893084,0.7359396383221112,0.8757222643473813,2.662949875778865,1.66588634217715,1.5587094203866907,2.3262981447413162,0.939132528696487,PSBPM-FD
527,546,536,train,20,False,0.8497332557500276,0.9218097719974699,0.8898127126112441,0.7339006182347715,0.8680556984395814,2.4787526012935883,1.6313157017529278,1.5266484935076126,2.2991504438187187,0.9416863704521067,PSBPM-FD
528,547,537,train,20,False,0.8887037831237363,0.9427108693145191,0.8731701874397683,0.7593375075652931,0.8923472547542207,2.4787526012935883,1.649341061481239,1.547136163212969,2.2413014329230085,0.9465757570007445,PSBPM-FD
529,548,538,train,20,False,0.8368728263960579,0.9148075351657625,0.8074903832810038,0.7374783849047787,0.8700626607572136,2.4787526012935883,1.6235081681793555,1.5205960957308302,2.259571511665649,0.9510882096085477,PSBPM-FD
530,549,539,train,20,False,0.8496202374318493,0.9217484675505836,0.78825589793715,0.7474997314066755,0.8774444952437254,2.4787526012935883,1.632737796580389,1.5266895741362951,2.2421496434329593,0.9519348565616933,PSBPM-FD
531,550,540,train,20,False,0.857457197956019,0.9259898476527801,0.7364205427662693,0.7532842802229118,0.883060396425611,2.4787526012935883,1.6447320314236173,1.538521233637681,2.2397846729245887,0.9536393932007055,PSBPM-FD
532,551,541,train,20,False,0.8347524221221747,0.9136478654942366,0.7232233836099651,0.7382112968362431,0.8700762814913986,2.4787526012935883,1.6327250693931235,1.5270175014815937,2.2730694998056507,0.9523103094218166,PSBPM-FD
533,552,542,train,20,False,0.8261480308767764,0.9089268567254333,0.7151831539422363,0.7326596573592363,0.8663240344826754,2.4787526012935883,1.633713101793089,1.5265821179847197,2.2842525070914887,0.9531284372031409,PSBPM-FD
534,553,543,train,20,False,0.8234538699682101,0.9074435905158018,0.7078529254828032,0.7318954603105916,0.8644082684949932,2.4787526012935883,1.6334127840572588,1.5232176005785751,2.2863725131967607,0.9525752096652677,PSBPM-FD
535,554,544,train,20,False,0.8396294558029179,0.9163129682608,0.6830603998760301,0.7402964985675943,0.8706553097584191,2.6100723408577746,1.6399787710354683,1.5330931288285985,2.2731528427408363,0.950172419158226,PSBPM-FD
536,555,545,train,20,False,0.843726651043486,0.9185459438936552,0.655977981188158,0.7413523822704648,0.8736819665506206,2.6100723408577746,1.6493509444483483,1.542187196920177,2.285339355163994,0.951157612048387,PSBPM-FD
537,556,546,train,20,False,0.8730297477210327,0.934360609037556,0.6504375559695535,0.7580808677552819,0.8930841023368196,2.6100723408577746,1.6777700438477603,1.572057419328563,2.2686742172865757,0.9558237940453701,PSBPM-FD
538,557,547,train,20,False,0.897916525381911,0.9475845742633799,0.6436340968288247,0.7787943546684157,0.917725456679684,2.6100723408577746,1.725166382271595,1.6142865208135486,2.2552600479215448,0.9684892321016227,PSBPM-FD
539,558,548,train,20,False,0.9164109686787425,0.9572935645238312,0.6561487081295786,0.7891204328324173,0.9309724307171718,2.6100723408577746,1.762661523432542,1.6490184557163463,2.2814535529453206,0.9725046372585281,PSBPM-FD
540,559,549,train,20,False,0.9087119097106593,0.9532638195749691,0.6346752144873515,0.788553008955312,0.9268055054695269,2.6100723408577746,1.7453762687023382,1.6304504046619204,2.2616127948890528,0.9722444998308661,PSBPM-FD
541,560,550,train,20,False,0.8379048601215141,0.9153714328738439,0.5985961360303457,0.7607040070126847,0.8959706943859105,2.6100723408577746,1.6982160160907598,1.5860198512870678,2.2722452580976515,0.9788056107158336,PSBPM-FD
542,561,551,train,20,False,0.9121132817105077,0.9550462196723819,0.6161012452515743,0.7865170258091363,0.9231722532261104,2.66799500333643,1.7224515865976286,1.6132820897501354,2.2475515390268646,0.9666257341375525,PSBPM-FD
543,562,552,train,20,False,0.9141864851319207,0.9561309978930297,0.6102256740330487,0.7921948523958133,0.9243196183906539,2.66799500333643,1.7021718159214376,1.5970676073084438,2.2022267153229347,0.9667290574487422,PSBPM-FD
544,563,553,train,20,False,0.912335388515887,0.955162493252267,0.5934370770438967,0.7883766300677778,0.9230139471131007,2.66799500333643,1.7107928826927026,1.6019766754334235,2.2343669347955037,0.9663423277544091,PSBPM-FD
545,564,554,train,20,False,0.9878541531591345,0.9939085235368165,0.6177133677784727,0.8227988295604394,0.9616850319575452,2.66799500333643,1.7745795216465645,1.662942742127056,2.219731354621932,0.967579016764436,PSBPM-FD
546,565,555,train,20,False,1.2026668560501061,1.0966616871442652,0.6090431891364887,0.8882940567670128,1.030309628959722,3.303386290010659,1.8543056695593123,1.7430434315657688,2.178897542702394,0.9394963287562953,PSBPM-FD
547,566,556,train,20,False,1.2005025472299677,1.0956744713782318,0.6398335181383143,0.8884974176829099,1.0294113783544347,3.303386290010659,1.8480810988085044,1.740103484914514,2.1729167217183534,0.9395230109354964,PSBPM-FD
548,567,557,train,20,False,1.2349527740671002,1.1112842903897726,0.6673913509658562,0.9020685887941788,1.0438883694064396,3.303386290010659,1.8811891907658786,1.7697497237914928,2.1810796262958805,0.9393531236190747,PSBPM-FD
549,568,558,train,20,False,1.253122494652296,1.119429539833703,0.6992413473685579,0.9087539861850429,1.0527221367326636,3.303386290010659,1.8975199280558186,1.785820840386729,2.1826634083291374,0.940409466851349,PSBPM-FD
550,569,559,train,20,False,1.2235172831256533,1.106127155043964,0.7486351812028202,0.8892192614748913,1.032614677875158,3.303386290010659,1.8645436257160601,1.7556197465079943,2.197077745228231,0.933540663174584,PSBPM-FD
551,570,560,train,20,False,1.2059180557626301,1.098143003329999,0.806872861372722,0.8757688535101821,1.018178243294279,3.303386290010659,1.842070340834989,1.7316793685730858,2.2193701153567345,0.9271818335196458,PSBPM-FD
552,571,561,train,20,False,1.1913853548915843,1.0915060031404245,0.8144170975785613,0.8688708762873677,1.006625242004587,3.303386290010659,1.8070623228406189,1.7012275536413675,2.1836974714268327,0.9222351861633166,PSBPM-FD
553,572,562,train,20,False,1.1769466418860624,1.0848717167877786,0.8020658669540418,0.8635899549065419,0.9996808755161052,3.303386290010659,1.7907766021716636,1.6857866357468179,2.177022176679405,0.9214738111857899,PSBPM-FD
554,573,563,train,20,False,1.1731178984676316,1.0831056728074282,0.8101589690914366,0.8595893611176646,0.9967570973887543,3.303386290010659,1.7995605148123044,1.6928024871426726,2.209711847773498,0.9202768690197541,PSBPM-FD
555,574,564,train,20,False,1.0937284288061104,1.0458147201135153,0.7787920359637422,0.8245853242561136,0.9541004352490898,3.303386290010659,1.7212946438003034,1.6106960125635226,2.215013154676548,0.9123035054866405,PSBPM-FD
556,575,565,train,20,False,1.1404893746161489,1.0679369712750602,0.8038501974521931,0.8440602727462544,0.978645173304843,3.303386290010659,1.7481860141780292,1.6410797815565998,2.185284116660508,0.9163885132063483,PSBPM-FD
557,576,566,train,20,False,1.140410533624184,1.0679000578819087,0.808898125465477,0.843162597869975,0.9786036236892194,3.303386290010659,1.7559918809317963,1.6459776303029354,2.197650136119948,0.9163812816249852,PSBPM-FD
558,577,567,train,20,False,1.1357708392568562,1.065725499017855,0.829762713189923,0.8422132918254727,0.975377736269027,3.303386290010659,1.7490890201925127,1.6430773258087705,2.1898612555850305,0.9152241709219774,PSBPM-FD
559,578,568,train,20,False,1.1384863022816147,1.0669987358388082,0.8168373688901853,0.8436291927139845,0.9769815379551954,3.303386290010659,1.7381004304797874,1.6379171626881814,2.170318977020222,0.9156351410174381,PSBPM-FD
560,579,569,train,20,False,1.1930752947907206,1.0922798610203892,0.8263502306705514,0.8647490938921267,1.0012472470631526,3.303386290010659,1.7779314335162624,1.6791908078522855,2.168361733650781,0.9166581595011781,PSBPM-FD
561,580,570,train,20,False,1.1703316521917757,1.0818186780564365,0.8432350948650486,0.8494568168278711,0.9842774528804604,3.303386290010659,1.755945050818386,1.6558242908764,2.1968701962139403,0.9098358836332759,PSBPM-FD
562,581,571,train,20,False,1.0475439599300287,1.023495950128787,0.9458929937288014,0.7954063701682361,0.9259768482044931,3.303386290010659,1.672732215858704,1.5705649541111206,2.239814716714183,0.9047196015655722,PSBPM-FD
563,582,572,train,20,False,1.0488714676088806,1.0241442611316438,1.0412994021499695,0.794344162289908,0.9266966497993276,3.303386290010659,1.6825180794519223,1.5805119367492328,2.2548533806785516,0.9048497218305555,PSBPM-FD
564,583,573,train,20,False,1.055795339977321,1.0275190217107035,1.1351728716137652,0.8011031303218772,0.9313595654707967,3.303386290010659,1.691858005352977,1.5892719218836913,2.239781932881349,0.9064158869975836,PSBPM-FD
565,584,574,train,20,False,0.9732922829472855,0.9865557677836999,1.03965246179152,0.7597147393876984,0.8860104863194443,3.303386290010659,1.629472959244565,1.5263874050894874,2.3059524734476744,0.8980845434717484,PSBPM-FD
566,585,575,train,20,False,0.7433668555601597,0.8621872508684872,1.0773953532931706,0.6871914820948215,0.8077266075190458,2.4015361953665315,1.5298856611205789,1.4286014264619602,2.3422062834383484,0.936834320741135,PSBPM-FD
567,586,576,train,20,False,0.7127295917496478,0.8442331382678885,0.9919836474366854,0.6703274081853763,0.7931351954418814,2.4015361953665315,1.5232845709730325,1.4169639055989574,2.37054891101406,0.9394741327841681,PSBPM-FD
568,587,577,train,20,False,0.711422891337256,0.8434588853863927,0.9485385080237317,0.6673913105206671,0.792643837659077,2.447606336452012,1.5317160688075346,1.4282241374651674,2.382547945982685,0.9397539718796879,PSBPM-FD
569,588,578,train,20,False,0.7071723048088872,0.8409353749301353,0.9028445463340118,0.6628468769111132,0.7907071668142359,2.447606336452012,1.5474449813661393,1.4450769688398537,2.4131593209838007,0.9402710248453131,PSBPM-FD
570,589,579,train,20,False,0.7177650884502833,0.8472101796191328,0.8684999910426592,0.67031071313634,0.7992433693027601,2.447606336452012,1.576438944786498,1.4698478087562779,2.433389017601187,0.9433826322319021,PSBPM-FD
571,590,580,train,20,False,0.7346093654361354,0.8570935569913797,0.844513856797313,0.6843160702511448,0.8131757413236347,2.447606336452012,1.5900371808460463,1.4852618896307848,2.3955564063591153,0.9487596012016379,PSBPM-FD
572,591,581,train,20,False,0.7498844592355661,0.8659586937236476,0.8498496107099678,0.6910387838456755,0.825224040522461,2.447606336452012,1.6174797100958145,1.511007318459664,2.419075472705736,0.9529600505238577,PSBPM-FD
573,592,582,train,20,False,0.744642311421163,0.8629265967746984,0.8405679739692464,0.6854061618338312,0.822442590551913,2.447606336452012,1.6220415874657224,1.514981418958127,2.4391561684999514,0.9530852260503968,PSBPM-FD
574,593,583,train,20,False,0.7372075679877572,0.8586079244846027,0.8277007986154964,0.6782069434954547,0.815792840646824,2.447606336452012,1.6112190125728936,1.5051598548541423,2.4630076122532207,0.95013430156322,PSBPM-FD
575,594,584,train,20,False,0.7627222199434136,0.873339693328669,0.84429576548213,0.6911594682843005,0.8343052906919206,2.447606336452012,1.6594490194461877,1.5559647843295825,2.4876039628272686,0.9553044446108115,PSBPM-FD
576,595,585,train,20,False,0.754338840645861,0.8685268220647311,0.7901759688772407,0.6909566059251943,0.8306977920975879,2.447606336452012,1.6595259738104757,1.5538263077501884,2.4881686478812304,0.9564446036597776,PSBPM-FD
577,596,586,train,20,False,0.7460174347143751,0.8637230080959839,0.7336845664029076,0.6858252704423308,0.8260861932415482,2.447606336452012,1.653564225887672,1.5490537913948494,2.497552392086749,0.9564249018474066,PSBPM-FD
578,597,587,train,20,False,0.7951285920680566,0.8916998329415884,0.7220542618022497,0.7095457544258598,0.8520338125204499,2.447606336452012,1.6892825873665216,1.5826987285765113,2.4807806888427137,0.9555163980570838,PSBPM-FD
579,598,588,train,20,False,0.7970197709306442,0.8927596378256828,0.6987551924484529,0.7088854302986152,0.8531164227090103,2.447606336452012,1.7056907874307126,1.595399315730014,2.5053641720589575,0.9555947497657672,PSBPM-FD
580,599,589,train,20,False,0.7283369401261071,0.8534265874263041,0.728512776820026,0.6798545964326248,0.8199680480305649,2.447606336452012,1.6387499967600292,1.5327307154911982,2.4897993861040897,0.9607950585455267,PSBPM-FD
581,600,590,train,20,False,0.7413691833191586,0.861027980566926,0.7844335159393326,0.689083268771633,0.8306914035496369,2.447606336452012,1.6631617883821768,1.5530373491090095,2.488230267137244,0.9647670253441536,PSBPM-FD
582,601,591,train,20,False,0.7472347444095251,0.8644274084094772,0.7799609455033787,0.6943227807651959,0.8362688822364788,2.447606336452012,1.6736373836718443,1.5637325240581108,2.48060050068709,0.9674252274985018,PSBPM-FD
583,602,592,train,20,False,0.7210827996423952,0.8491659435248184,0.7578291054863112,0.6786830147470125,0.8189835855416903,2.447606336452012,1.6400075569012558,1.53034384886789,2.486497221461447,0.9644564667091526,PSBPM-FD
584,603,593,train,20,False,0.6954512528570251,0.8339371995882094,0.7771644854936391,0.6589889617820806,0.7961132071019023,2.447606336452012,1.5918286746145942,1.485463590103062,2.4954059014961474,0.9546440757109956,PSBPM-FD
585,604,594,train,20,False,0.8003781765981902,0.8946385731669467,0.8831276757770439,0.7091463752511401,0.8492432468042805,2.722047474233838,1.6695684796842893,1.563702163194976,2.4272320669302827,0.9492584740651518,PSBPM-FD
586,605,595,train,20,False,0.8003731914445671,0.8946357870354656,0.8963345166227262,0.7112546506883036,0.8492396115145086,2.722047474233838,1.6640605947061977,1.55596829138337,2.409549230828305,0.9492573668762063,PSBPM-FD
587,606,596,train,20,False,0.8852050016625673,0.9408533369567051,0.8788022331552523,0.7447132517445102,0.8833168898860817,2.722047474233838,1.6979005448556834,1.5956483211521184,2.380802431313351,0.9388465291979178,PSBPM-FD
588,607,597,train,20,False,0.8199097311683726,0.90548866981778,0.8243084243407268,0.7129471203241278,0.8505862133835214,2.722047474233838,1.6540852917538875,1.5488536223677873,2.4250061306961843,0.9393670420577354,PSBPM-FD
589,608,598,train,20,False,0.7733706108392552,0.8794149252993465,0.822427203739624,0.6916259077224506,0.8207348931013365,2.722047474233838,1.573164538327692,1.472969002912178,2.377930426449901,0.933273781795282,PSBPM-FD
590,609,599,train,20,False,0.7766074732829602,0.8812533536293409,0.8379045457472415,0.6924752996737719,0.8229578483980857,2.722047474233838,1.5649176909716291,1.4663958518378934,2.360427237311499,0.9338493238168435,PSBPM-FD
591,610,600,train,20,False,0.8264844997508355,0.9091119291654001,0.8522726716618203,0.7169399073883431,0.8480324805516559,2.722047474233838,1.6076410515111135,1.5067335390373047,2.3554700625053195,0.9328141600013788,PSBPM-FD
592,611,601,train,20,False,0.8178475827241533,0.9043492592600235,0.7834800973749783,0.7140904721849981,0.8417918177445107,2.722047474233838,1.601180154804459,1.4982764344537476,2.3568051960786693,0.9308260156405724,PSBPM-FD
593,612,602,train,20,False,0.8255939443359466,0.9086220030001181,0.7906949059846549,0.7231521993480624,0.8458471655022042,2.722047474233838,1.5878520980514337,1.4873935619147431,2.3204439513582718,0.930912043412286,PSBPM-FD
594,613,603,train,20,False,0.826239366453034,0.9089770989706143,0.7884026736046995,0.7235079730626797,0.8464938887961788,2.722047474233838,1.5874576855962428,1.484727131375149,2.3164814313857205,0.931259863152553,PSBPM-FD
595,614,604,train,20,False,0.8076851511293258,0.8987130527200136,0.7654746261298477,0.7161310400918708,0.8341352857787536,2.722047474233838,1.5453656812965126,1.4464882673553237,2.27852694651063,0.9281441760016602,PSBPM-FD
596,615,605,train,20,False,0.7842061945821563,0.8855541737139272,0.7839002263632966,0.7093580632339652,0.8225072329895481,2.722047474233838,1.5170637392796213,1.4182757989785026,2.2619325614888512,0.9288051001329863,PSBPM-FD
597,616,606,train,20,False,0.8105198247259329,0.9002887451956361,0.8693000363760823,0.7267517950855487,0.8358087087847291,2.722047474233838,1.5129840127838217,1.4172741231166317,2.214178270747094,0.9283784932834018,PSBPM-FD
598,617,607,train,20,False,0.8403116860893775,0.9166851619227713,0.8872831079022175,0.7332530061192417,0.8471039407973237,2.722047474233838,1.5367981430548032,1.4415406967171327,2.2236275838439457,0.9240947448309306,PSBPM-FD
599,618,608,train,20,False,0.8143468100206055,0.9024116632782433,0.8847775303580626,0.7195481628912223,0.8285141192235985,2.722047474233838,1.4927546690257856,1.400438510325054,2.2006875288687944,0.9181110494669441,PSBPM-FD
600,619,609,train,20,False,0.8050258359528746,0.8972323199444359,0.8713573016205969,0.7107221405035189,0.8211235803818481,2.722047474233838,1.4879978466277834,1.3963179407162774,2.2216257731739053,0.9151738765191818,PSBPM-FD
601,620,610,train,20,False,0.8174321760605109,0.9041195584990466,0.9051816345505379,0.7184772406655628,0.8289449601971516,2.722047474233838,1.4988645668922966,1.4079363749011726,2.207780283357754,0.9168532550864242,PSBPM-FD
602,621,611,train,20,False,0.814673755288451,0.9025927959431379,0.9234946369608071,0.7183355912860921,0.8264680696695972,2.722047474233838,1.485100928685198,1.395548202702475,2.179531456951623,0.9156599447550471,PSBPM-FD
603,622,612,train,20,False,0.8204745910959834,0.9058005250031507,0.9229268447485783,0.7241079190922214,0.8310741907065922,2.722047474233838,1.49173529612363,1.401603870952505,2.1669545368907426,0.9175024387446689,PSBPM-FD
604,623,613,train,20,False,0.8182226658874194,0.9045566128703164,0.9161736067224265,0.7210448003807324,0.8272348293780206,2.722047474233838,1.4832094853726865,1.3952590397055915,2.166455223340308,0.9145196857862327,PSBPM-FD
605,624,614,train,20,False,0.7136424211542719,0.8447735916529777,0.832279698654759,0.6721666852223124,0.7744816783193972,2.5280504556927488,1.4049785355099926,1.31741551745746,2.22163043637835,0.9167920090919988,PSBPM-FD
606,625,615,train,20,False,0.7074007935467768,0.8410712178803748,0.8479373305016273,0.6681688476733033,0.7695793765808149,2.5280504556927488,1.3959997191273288,1.3092849192078826,2.219881143583372,0.9149990633614478,PSBPM-FD
607,626,616,train,20,False,0.6018875556234007,0.7758141244031335,0.789677944272567,0.623661602948648,0.7220647733011403,2.5280504556927488,1.3428044428013093,1.25291410816798,2.2586158041665167,0.9307187773316903,PSBPM-FD
608,627,617,train,20,False,0.5933779305957512,0.7703102820265034,0.8093013059969673,0.6176491915886623,0.7149632509591737,2.5280504556927488,1.3270478957782412,1.2354423616473276,2.2641595591849035,0.9281496919374816,PSBPM-FD
609,628,618,train,20,False,0.6121050937208442,0.7823714550779854,0.8841967131358062,0.6305762811830039,0.7298331375683368,2.5280504556927488,1.3570923771881964,1.2620087417913493,2.271788765299799,0.9328473487003538,PSBPM-FD
610,629,619,train,20,False,0.6107889086617315,0.7815298514207448,0.874108690997427,0.6313018063312498,0.7289455112283595,2.5280504556927488,1.3594371423310998,1.258055781889244,2.272822842671956,0.9327161462907755,PSBPM-FD
611,630,620,train,20,False,0.5558508737094743,0.7455540716202107,0.8400354563998064,0.6015874910444435,0.700297164646168,2.5280504556927488,1.3316261235191458,1.2287758882874775,2.3239528617493597,0.9392976194527487,PSBPM-FD
612,631,621,train,20,False,0.5487296476696021,0.7407628822164365,0.8666896419945807,0.5971641596441538,0.6940147213804801,2.5280504556927488,1.3180931744467983,1.21668697822478,2.3187031864584786,0.9368918692361027,PSBPM-FD
613,632,622,train,20,False,0.5029949695236545,0.7092213825905522,0.8249714564755759,0.562721349918128,0.6580706954012944,2.5280504556927488,1.2738160207152203,1.1706561836120164,2.354327108826841,0.9278776860866472,PSBPM-FD
614,633,623,train,20,False,0.4968070622143329,0.704845417247167,0.8135545106969482,0.5573119701520427,0.6509451486332832,2.5280504556927488,1.2571214114110996,1.1565334884958707,2.3560282401433734,0.9235289507529243,PSBPM-FD
615,634,624,train,20,False,0.4882071693489656,0.6987182331590936,0.7841096396612014,0.550582451310715,0.6431086711661919,2.5280504556927488,1.2351463074581281,1.1368645443519123,2.3376015938359593,0.920412035418804,PSBPM-FD
616,635,625,train,20,False,0.5004226704664843,0.7074055912038612,0.8474766128049531,0.5543179712060028,0.6494900818194782,2.5280504556927488,1.2514322464877266,1.1534241344290195,2.348168306318807,0.918129698005606,PSBPM-FD
617,636,626,train,20,False,0.45934442167589695,0.6777495272413674,0.8329093098296694,0.5261168201467812,0.62645998025215,2.5280504556927488,1.252799842147132,1.147587282767022,2.4500418213791146,0.9243237436136912,PSBPM-FD
618,637,627,train,20,False,0.49758160092782566,0.705394641975558,0.9694628211001078,0.5394351826428248,0.6387572247443702,2.6258036001883283,1.257687499371911,1.1541491886652386,2.434140888960485,0.9055317218676907,PSBPM-FD
619,638,628,train,20,False,0.5047804065340445,0.7104789979542284,0.9858824997433755,0.5408113518553657,0.645016439236319,2.6258036001883283,1.2805585483522708,1.1763863262026633,2.4765702289378506,0.9078613739372958,PSBPM-FD
620,639,629,train,20,False,0.5200712114172451,0.7211596296363553,0.9448655181705828,0.552064825438151,0.6564157554580075,2.6258036001883283,1.3189741223648164,1.2083386555532138,2.498425442861658,0.910222547799861,PSBPM-FD
621,640,630,train,20,False,0.5123606061496169,0.7157936896547893,0.8942458387772326,0.5493194575031939,0.6517401811280621,2.6258036001883283,1.2964835076268808,1.1897278339552844,2.475164796261283,0.9105140078035352,PSBPM-FD
622,641,631,train,20,False,0.5436506533126074,0.7373266937474917,0.93752748192927,0.5648094202927835,0.6728049557881797,2.6258036001883283,1.3396508296021608,1.2325819770527344,2.4911617596685813,0.9124923341221001,PSBPM-FD
623,642,632,train,20,False,0.5979075896825471,0.7732448445884054,1.0131802718322824,0.5862554563787924,0.7011016322808009,2.6258036001883283,1.394680693811061,1.287107066345716,2.498851745130057,0.9067006876120772,PSBPM-FD
624,643,633,train,20,False,0.6072586926245654,0.779268049277375,1.06376231619953,0.5954640440082583,0.7134568626564596,2.6258036001883283,1.4203043908117494,1.3084293376872294,2.4998701073240746,0.9155474336693988,PSBPM-FD
625,644,634,train,20,False,0.6214480557837891,0.7883197674698948,1.0536013316325161,0.6057310027806851,0.7255850759512842,2.6258036001883283,1.4345743661154435,1.3237372197505892,2.4689885704092385,0.9204197406847259,PSBPM-FD
626,645,635,train,20,False,0.6541274130815238,0.8087814371519192,1.0921544558235547,0.6228596210179788,0.746177028931496,2.6258036001883283,1.4742930530001037,1.3605102724277942,2.4756445314559414,0.9225941578965,PSBPM-FD
627,646,636,train,20,False,0.6764358262854743,0.8224571881170923,1.1316376312825887,0.6361465935263603,0.7605055241326895,2.6258036001883283,1.4855080350993388,1.374321432281948,2.449394143684262,0.9246749072420012,PSBPM-FD
628,647,637,train,20,False,0.7398780760476311,0.8601616569271332,1.22264842585254,0.6683162183345951,0.7963037763152342,2.6258036001883283,1.5441071475349994,1.4344075221340713,2.410009496328986,0.9257606054656903,PSBPM-FD
629,648,638,train,20,False,0.739204405090233,0.8597699721961874,1.1961947230210233,0.6676634567885282,0.7958686154555255,2.6258036001883283,1.5385378337451778,1.4338704070350263,2.4036926049422096,0.9256762171195244,PSBPM-FD
630,649,639,train,20,False,0.7273229919604816,0.852832335198708,1.1528460375915435,0.658023776646942,0.7865812940170717,2.6258036001883283,1.5320276207347088,1.4339081423508804,2.442293141703388,0.9223164525460915,PSBPM-FD
631,650,640,train,20,False,0.7258855655675692,0.8519891816024245,1.136894205185565,0.6547608993697783,0.7854947804415616,2.6258036001883283,1.5298933052906682,1.4333221896848376,2.4574866116973393,0.921953937213381,PSBPM-FD
632,651,641,train,20,False,0.7267142173036991,0.8524753470357364,1.1423254680333237,0.6553196312081231,0.7863039733652808,2.6258036001883283,1.5250191046397856,1.4322377688880876,2.4435833348367373,0.9223773756032365,PSBPM-FD
633,652,642,train,20,False,0.7603541084514654,0.8719828601821629,1.1405220418311306,0.6818990369142726,0.8157499896729986,2.6258036001883283,1.567578402347975,1.4745476398735369,2.421353203011705,0.9355114956073598,PSBPM-FD
634,653,643,train,20,False,0.7924948930501842,0.8902218223848392,1.1085320596540431,0.705078794730641,0.8416066957902743,2.6258036001883283,1.6074170210328362,1.515880426066926,2.3751045556922197,0.945389873206738,PSBPM-FD
635,654,644,train,20,False,0.8101129437800436,0.9000627443573274,1.0583169795131124,0.7156357524873871,0.8559571703618207,2.6258036001883283,1.6466525462491624,1.5515740173648744,2.4081098971528814,0.9509972229469409,PSBPM-FD
636,655,645,train,20,False,0.7877339599897436,0.8875437791961271,0.9746055101769767,0.701071625450929,0.843469666307947,2.6258036001883283,1.650497387101682,1.5519181198954013,2.4676124660358876,0.9503414773205899,PSBPM-FD
637,656,646,train,20,False,0.7953756442088963,0.8918383509408508,0.9472801485990707,0.7076610709701355,0.8488136715405623,2.6258036001883283,1.6485942971605407,1.5548545322211156,2.4240779633009675,0.9517573118997412,PSBPM-FD
638,657,647,train,20,False,0.6960969284125545,0.8343242345830274,0.8707183674730795,0.6751483705719132,0.8104552745458669,2.428152582667947,1.5952580534120049,1.497515661132459,2.4302717827670137,0.9713912660716495,PSBPM-FD
639,658,648,train,20,False,0.7418431876326128,0.8613031914677971,0.9322986442741438,0.699981826101037,0.8360515523559118,2.428152582667947,1.6390501457841302,1.5370241569547651,2.4023098208572087,0.9706820555618138,PSBPM-FD
640,659,649,train,20,False,0.7235608577759857,0.8506238050842367,0.9744598396669596,0.6859840890284541,0.8218214349439623,2.428152582667947,1.599537512844698,1.5037385166946025,2.3915370503307374,0.9661397083315554,PSBPM-FD
641,660,650,train,20,False,0.7946572336165476,0.8914354904403052,1.0084047395107516,0.7074262324834129,0.8541159100986487,2.6957283127237393,1.667391131076873,1.5715666275970464,2.4146431461258757,0.9581354110960701,PSBPM-FD
642,661,651,train,20,False,0.8370673202788037,0.914913832160605,0.9044451983157978,0.7284720686258105,0.8727257067362997,2.6957283127237393,1.676625334543821,1.5829606452634724,2.3821975140027387,0.9538884166559419,PSBPM-FD
643,662,652,train,20,False,0.7857629526342608,0.8864327118480346,0.8579323115946641,0.7076458146982993,0.8465472932462816,2.6957283127237393,1.6151431475078426,1.526684397467728,2.361679993664839,0.9550045727457419,PSBPM-FD
644,663,653,train,20,False,0.8009642642522434,0.894966068771461,0.856397420992364,0.7205675885430223,0.858731350495505,2.6957283127237393,1.6192541744657376,1.535017644721856,2.313577313539102,0.9595127463036713,PSBPM-FD
645,664,654,train,20,False,0.7891525599217319,0.8883425915274646,0.865597853658313,0.7136236129254286,0.8490390135610069,2.6957283127237393,1.604143497052926,1.5191197136992867,2.318799596059011,0.9557562832838207,PSBPM-FD
646,665,655,train,20,False,0.7748120227221541,0.8802340726887106,0.848341683774815,0.705397711652702,0.8412589160578261,2.6957283127237393,1.6034690261789197,1.518195722718614,2.342988787803517,0.9557218269092523,PSBPM-FD
647,666,656,train,20,False,0.82806926252109,0.9099831111186021,0.8104553222888552,0.724899285746307,0.8643590150505206,2.6957283127237393,1.640575827524891,1.554835234331917,2.3427416609442546,0.9498627001857235,PSBPM-FD
648,667,657,train,20,False,0.7698494036316911,0.8774106242983903,0.7531652830036764,0.6996696619619487,0.8331126987487325,2.6957283127237393,1.5766787441499293,1.49357451164174,2.3327273795184587,0.9495128913157622,PSBPM-FD
649,668,658,train,20,False,0.7518641664276173,0.8671010128166252,0.740657197117358,0.686403812734959,0.8187488194498966,2.6957283127237393,1.558308911352524,1.471805886966637,2.351350241848318,0.9442369543432259,PSBPM-FD
650,669,659,train,20,False,0.7751961089819639,0.8804522184547915,0.7675790339662663,0.7026042974172116,0.8351592275178877,2.6957283127237393,1.5748424223737154,1.4841068419276273,2.305333403736176,0.9485571278173462,PSBPM-FD
651,670,660,train,20,False,0.7669065514012222,0.8757320088938295,0.7672760685953357,0.6987303511969708,0.8280012148881261,2.6957283127237393,1.553365638955587,1.4611673539916463,2.2829671927772313,0.9454961180806969,PSBPM-FD
652,671,661,train,20,False,0.7775815428929749,0.8818058419476336,0.7838599285849205,0.7073342955604996,0.8367812112407377,2.6957283127237393,1.5717089243778504,1.4749297908997376,2.2826142352899628,0.9489404259247699,PSBPM-FD
653,672,662,train,20,False,0.7444596390039095,0.8628207455803955,0.7464767941359197,0.681638058364076,0.8082413551796084,2.6957283127237393,1.5274700571141755,1.4331373010529997,2.2907067319392187,0.9367430712806134,PSBPM-FD
654,673,663,train,20,False,0.7400629575388517,0.8602691192521394,0.7232619620437569,0.6785494921291885,0.8056682504883478,2.6957283127237393,1.5311049042341331,1.431539025869337,2.3063044777044626,0.9365304791932343,PSBPM-FD
655,674,664,train,20,False,0.7381983214596751,0.8591846841393735,0.7232824441658141,0.6776777670870736,0.8044165425594277,2.6957283127237393,1.519126879883126,1.4228177393835864,2.2899984289575572,0.936255682170585,PSBPM-FD
656,675,665,train,20,False,0.7253192459704774,0.8516567653523791,0.7276687325959252,0.670805113932589,0.7948892972180153,2.6957283127237393,1.4855817761057282,1.3899311941377088,2.265394107082524,0.9333446636675564,PSBPM-FD
657,676,666,train,20,False,0.7277750664231768,0.8530973370156402,0.7279918500805995,0.6754422635121711,0.7964553537205387,2.6957283127237393,1.4728832924949884,1.381794077269084,2.2283061350661413,0.9336043135555315,PSBPM-FD
658,677,667,train,20,False,0.7018465724831169,0.8377628378503769,0.7441107376288602,0.6557381604583289,0.7787892486257819,2.6957283127237393,1.4555051709685827,1.3654577531115528,2.277160355783219,0.9296058662903742,PSBPM-FD
659,678,668,train,20,False,0.6689015942548415,0.8178640438696652,0.7189988648268791,0.6452730968347098,0.7620113176695661,2.6957283127237393,1.4144747493671506,1.3279966314018754,2.2548408119893377,0.9317090332815758,PSBPM-FD
660,679,669,train,20,False,0.6939663520538282,0.8330464285103371,0.7602648489691107,0.6636933960677488,0.780348259173462,2.6957283127237393,1.433641827102405,1.3464096034369881,2.2254015772205764,0.9367404174205386,PSBPM-FD
661,680,670,train,20,False,0.6346220177560411,0.7966316700684458,0.755507960508977,0.6503204911370578,0.7549898637474428,2.2943529947007804,1.380836970051303,1.2896403489824213,2.201285513776381,0.9477276539640644,PSBPM-FD
662,681,671,train,20,False,0.5625861312116605,0.7500574186098424,0.8229794953016807,0.6135008507528443,0.7168357985577452,2.2943529947007804,1.3316533705857896,1.2418874009926735,2.225795156264524,0.9557078975184723,PSBPM-FD
663,682,672,train,20,False,0.5660658209998816,0.7523734584632034,0.886309368226785,0.6172328973428906,0.7191819447181818,2.2943529947007804,1.3483757594656032,1.2513333505392745,2.2396521845294237,0.9558842575164487,PSBPM-FD
664,683,673,train,20,False,0.5559758501688208,0.7456378813933884,0.8893311111494464,0.6097802789665465,0.7116566967552499,2.2943529947007804,1.349684911126069,1.2526846843436579,2.268669531907246,0.9544266922508858,PSBPM-FD
665,684,674,train,20,False,0.5650642873774219,0.7517075810296328,0.9084641406306494,0.6139175271190094,0.7193653558727465,2.2943529947007804,1.3708500072070924,1.270946262337855,2.288616064330417,0.956974991375521,PSBPM-FD
666,685,675,train,20,False,0.5567081370470524,0.7461287670684279,0.9043231530140448,0.6098245702466886,0.7140833081960097,2.2943529947007804,1.3546482493292253,1.2547231866554305,2.2795311528137114,0.9570510342359188,PSBPM-FD
667,686,676,train,20,False,0.4907495469423126,0.7005351860844055,0.8651311333920402,0.5837845876693362,0.6834831265133575,1.7795577126550632,1.318147597611691,1.2146230368428057,2.299153049556316,0.9756585252107615,PSBPM-FD
668,687,677,train,20,False,0.4832208848653326,0.6951409100789081,0.9417254475220359,0.5748209579616448,0.6766491325175564,1.7795577126550632,1.3187647232824884,1.2135341225247096,2.352950696073372,0.9733985192164095,PSBPM-FD
669,688,678,train,20,False,0.5489932086909929,0.7409407592317977,1.029370641083249,0.6113916977224608,0.7147410140909055,2.2278916520333065,1.383512514548756,1.275384724454989,2.3351735771723123,0.964639892171601,PSBPM-FD
670,689,679,train,20,False,0.5225404700010935,0.7228696078831185,1.0138653371098147,0.592463660515089,0.6953099625819432,2.2278916520333065,1.3574265090526265,1.251884513169676,2.3785560023818944,0.9618746659139786,PSBPM-FD
671,690,680,train,20,False,0.5174168540944144,0.7193169357761671,1.018324775392099,0.589129381071807,0.6896247382974753,2.2278916520333065,1.3385789390693659,1.2371450358336868,2.3500331519564575,0.9587216760764115,PSBPM-FD
672,691,681,train,20,False,0.5135326596241042,0.7166119309808512,1.0421984007191363,0.5866830603630963,0.686711214614256,2.2278916520333065,1.3211618059485706,1.224172177066639,2.328765617258887,0.9582748834146969,PSBPM-FD
673,692,682,train,20,False,0.5923979453858792,0.7696739214666684,1.0912124390703086,0.6306030814736752,0.7364704688999099,2.2278916520333065,1.401008221541916,1.3003307254688738,2.3230865641621956,0.9568603643170254,PSBPM-FD
674,693,683,train,20,False,0.5935017025806916,0.7703906168825602,1.1853859452584408,0.6305568610347132,0.7371312194633098,2.2278916520333065,1.39115951659469,1.2947553526441464,2.3088730109675017,0.9568278783640476,PSBPM-FD
675,694,684,train,20,False,0.5881458887721063,0.7669067014781565,1.2146773220217266,0.6263166872827081,0.7332709919377425,2.2278916520333065,1.396807332973578,1.296328482591217,2.3369197528016015,0.9561410671264396,PSBPM-FD
676,695,685,train,20,False,0.6632582883638165,0.8144067094295186,1.1435895839618304,0.6633872842973776,0.7720512013047082,2.363276676178983,1.4529067580074564,1.3570520377596675,2.2965086269737416,0.9479921915740601,PSBPM-FD
677,696,686,train,20,False,0.6561805358240509,0.8100497119461564,1.055949234441361,0.6578696024029427,0.7673497762626388,2.363276676178983,1.4488857131317376,1.3490184866176296,2.309217063759904,0.9472872651470605,PSBPM-FD
678,697,687,train,20,False,0.6782716780337374,0.823572509275132,1.0487008655959604,0.6753234519713665,0.7828574598183768,2.363276676178983,1.4582987844592639,1.361101512770723,2.255610947707789,0.9505628842655388,PSBPM-FD
679,698,688,train,20,False,0.6826900413828383,0.8262505923645914,1.0249691552758866,0.6730486764586414,0.7854864805352122,2.363276676178983,1.4669247593262127,1.3699798427241439,2.2735432784839684,0.9506637426876521,PSBPM-FD
680,699,689,train,20,False,0.6580254178672609,0.8111876588479764,0.9692954180642258,0.6532986743022098,0.7675464586035609,2.363276676178983,1.467338258896113,1.3649211133050518,2.36152796956316,0.9462008577566461,PSBPM-FD
681,700,690,train,20,False,0.6409616610966775,0.8006008125755791,0.9375430517486611,0.6372853975432858,0.7570311238286448,2.363276676178983,1.464973915823867,1.3633788570766259,2.416969800462144,0.9455787602728404,PSBPM-FD
682,701,691,train,20,True,0.6599302772128849,0.8123609279211333,0.9613072962273934,0.6492366267250339,0.7706132412255895,2.363276676178983,1.497236002133833,1.3934847054248807,2.426448959969841,0.9486094354606911,PSBPM-FD
683,702,692,train,20,True,0.6690267872578234,0.8179405768500688,0.989260406076563,0.6547809436418867,0.7761567044642083,2.363276676178983,1.4959678870379847,1.3944525254357294,2.4093747107117336,0.9489157604250759,PSBPM-FD
684,703,693,train,20,True,0.7016634801495872,0.8376535561612493,1.0110382916747827,0.6697656135918801,0.7965722296635015,2.363276676178983,1.536992333921375,1.4334035258417934,2.4160731413647314,0.9509566619808635,PSBPM-FD
685,704,694,train,20,True,0.693177920678625,0.8325730722757163,1.0045704058341367,0.6657761546760371,0.7894452456481617,2.363276676178983,1.510515369792268,1.4120147482061456,2.3831804958420473,0.9481993496262483,PSBPM-FD
686,705,695,train,20,True,0.7089477548764782,0.8419903531968037,1.011056563884379,0.6734932948599018,0.7989126495840858,2.363276676178983,1.5417035923571614,1.4424190801403112,2.399523991086384,0.9488382456530959,PSBPM-FD
687,706,696,train,20,True,0.7811154010816885,0.8838073325570955,0.9965926626269606,0.7030587383011451,0.8317211499562885,2.7813032461974845,1.602551756649531,1.5004982472687103,2.39376458297484,0.9410661343461505,PSBPM-FD
688,707,697,train,20,True,0.8381368810517091,0.9154981600482379,1.0709871188593068,0.736379344410413,0.8661891784398048,2.7813032461974845,1.6506013974766376,1.5501304014214283,2.337164352476096,0.9461397261510225,PSBPM-FD
689,708,698,train,20,True,0.7911022028205456,0.8894392631431027,1.033832866503375,0.710296306846683,0.8429468806783253,2.7813032461974845,1.6270931200844074,1.5275552674546309,2.38256146354152,0.947728434766324,PSBPM-FD
690,709,699,train,20,True,0.8542726960740618,0.9242687358523287,1.0677361584608325,0.7442165941726206,0.8798648745199774,2.7813032461974845,1.68133808611216,1.5839734806037242,2.334217605253309,0.95195784558113,PSBPM-FD
691,710,700,train,20,True,0.9314935619202307,0.9651391412227724,1.0682537206108353,0.7876839186197346,0.9253587708670752,2.7813032461974845,1.7384388604257837,1.6424278392079323,2.3027747036410466,0.9587827613070401,PSBPM-FD
692,711,701,test,20,True,0.9604370458563143,0.9800189007648343,1.1014754887505034,0.8019208596361809,0.9431152883363213,2.7813032461974845,1.7834290433388067,1.6835018531778254,2.3266334602725776,0.962343978876619,PSBPM-FD
693,712,702,test,20,True,0.9000711510393025,0.9487207971997359,1.0532372606603893,0.7724065343303231,0.912410891102047,2.7813032461974845,1.740699311884939,1.642235211608973,2.348405192394733,0.9617275111867875,PSBPM-FD
694,713,703,test,20,True,1.0034329477539696,1.0017150032588957,0.974486003168354,0.8129330388815434,0.953624576241898,2.7813032461974845,1.794290371974288,1.6970729660305164,2.3215743584870348,0.9519919070189182,PSBPM-FD
695,714,704,test,20,True,1.0848032500864946,1.0415388855374026,0.8754139742561845,0.8469067585040909,0.9925727584064884,2.7813032461974845,1.8496249981928106,1.748630375689903,2.2921644471803773,0.9529867508444976,PSBPM-FD
696,715,705,test,20,True,1.0318859609426387,1.0158178778416134,0.8747294434362854,0.8255217430482336,0.9689490075874196,2.7813032461974845,1.8130043090315104,1.7116638241842541,2.3001777164095696,0.953860951577482,PSBPM-FD
697,716,706,test,20,True,1.0560830101008993,1.0276589950469461,0.9267968623919327,0.8410468449790474,0.9832106475719801,2.7813032461974845,1.8324911283257521,1.7330911927144854,2.281555703827616,0.9567479604721061,PSBPM-FD
698,717,707,test,20,True,1.058198103045011,1.0286875633762718,0.9345116386596386,0.8417113299243052,0.9844132693586436,2.7813032461974845,1.8348427851802591,1.737205236129597,2.283015439116964,0.9569604070332933,PSBPM-FD
699,718,708,test,20,True,1.0550501061138373,1.0271563201936875,0.9390881631937372,0.8413827596995187,0.982557217022114,2.7813032461974845,1.8298838554488146,1.7329322195535486,2.2770468937779142,0.9565800236100737,PSBPM-FD
700,719,709,test,20,True,1.0815101169283152,1.039956786086958,0.9300763685659125,0.8585946066325008,1.0015207712613259,2.7813032461974845,1.8463101293852393,1.7519599493009577,2.2180162429822063,0.96304075771239,PSBPM-FD
701,720,710,test,20,False,1.0847113703733686,1.0414947769304312,0.920548392977627,0.8632472402203211,1.0037188242841464,2.7813032461974845,1.8357579511914335,1.744948684595301,2.177627076453847,0.9637291002479907,PSBPM-FD
702,721,711,test,20,False,1.0665215293390116,1.0327252922917167,0.9176497428054269,0.8518157729400423,0.990820668217534,2.7813032461974845,1.8084183462275352,1.7164135944316339,2.176101145339863,0.9594232615517798,PSBPM-FD
703,722,712,test,20,False,1.0558285593614984,1.027535186434751,0.946248273899489,0.8449732479521022,0.9842191857168633,2.7813032461974845,1.7985817203652779,1.7087760901997442,2.180674321314108,0.9578447518978093,PSBPM-FD
704,723,713,test,20,False,1.0250234864529106,1.0124344356317156,0.959695181250149,0.8289013318052232,0.9653045833377293,2.7813032461974845,1.7695979438861886,1.6779637534421412,2.2041380319932804,0.953448983326432,PSBPM-FD
705,724,714,test,20,False,1.1143570992139273,1.055631137857314,0.9716280565424369,0.8643597880424647,1.010888481642224,3.0361960373493098,1.8696888920618577,1.768332675979206,2.2187132798105673,0.9576152553571816,PSBPM-FD
706,725,715,test,20,False,1.137912535880067,1.0667298326568293,1.0152023928804308,0.875753168241884,1.0222056516491387,3.0361960373493098,1.8729938731271072,1.7715864065435913,2.190514458342945,0.9582610520071447,PSBPM-FD
707,726,716,test,20,False,1.0715702107778677,1.0351667550582697,1.0989654521736865,0.8448490361526725,0.993002807884983,3.0361960373493098,1.8106143506448684,1.7153877418026628,2.1986595800356303,0.9592684492935505,PSBPM-FD
708,727,717,test,20,False,1.0259409022567916,1.0128874084797341,1.0589145141920309,0.8224557670638646,0.9683455921446184,3.0361960373493098,1.76658278329313,1.6693306019487189,2.202283763222579,0.9560249086302992,PSBPM-FD
709,728,718,test,20,False,1.0604584267684878,1.029785621752648,1.0498831383241312,0.8362497521746315,0.9863362620373536,3.0361960373493098,1.7868741796853034,1.6913031463412522,2.1804820407129757,0.9578073738868624,PSBPM-FD
710,729,719,test,20,False,0.9978003596947692,0.998899574379111,1.043567714370217,0.8054499930371513,0.9499394676215245,3.0361960373493098,1.7203952071940118,1.627842064400469,2.178154588395557,0.9509859569336399,PSBPM-FD
711,730,720,test,20,False,0.9677337904852873,0.9837346138493284,0.9577533091106921,0.7877087374504942,0.937153619007697,3.0361960373493098,1.7263834886334937,1.6276399445802032,2.2175915384675515,0.9526488199298374,PSBPM-FD
712,731,721,test,20,False,1.0623327705162833,1.0306952849975997,1.0155300032345842,0.8229110405368243,0.9723361930474355,3.0361960373493098,1.7596332196862072,1.665213317659287,2.1892190421368416,0.9433789085876141,PSBPM-FD
713,732,722,test,20,False,1.105559472409404,1.0514558822934057,1.0352432255172372,0.8474193683916285,0.9960152217000824,3.0361960373493098,1.7803151793819172,1.6863520394953682,2.1551301498180395,0.9472724804464477,PSBPM-FD
714,733,723,test,20,False,0.9904686449690583,0.9952229122006075,1.0530099069537304,0.8040607037443251,0.9471374744168528,3.0361960373493098,1.700364393126898,1.6096809729530168,2.150405328220747,0.9516837512538475,PSBPM-FD
715,734,724,test,20,False,0.9132900534936159,0.9556621021541117,1.196057981366256,0.7737002523260765,0.9112458958548831,3.0361960373493098,1.6385861066143117,1.5545855778066047,2.152654254048268,0.9535231059188052,PSBPM-FD
716,735,725,test,20,False,0.9089654666406716,0.9533968044002831,1.2398797195995392,0.7700532196050898,0.908727442220197,3.0361960373493098,1.649194489698565,1.5604524063085,2.1796820429848043,0.9531471450565806,PSBPM-FD
717,736,726,test,20,False,0.8784766411030048,0.9372708472490782,1.1919945127692,0.7509101476835335,0.889684034032979,3.0361960373493098,1.621979518726545,1.5328975862694536,2.199662830006319,0.949228322468614,PSBPM-FD
718,737,727,test,20,False,0.8704280107203342,0.9329673149260558,1.1937861977145239,0.7462826617320311,0.8849141642807682,3.0361960373493098,1.616208335595768,1.5259560336136588,2.2037388193420857,0.9484942828365899,PSBPM-FD
719,738,728,test,20,False,0.8878257935216258,0.9422450814526048,1.1980079492179225,0.757245318456953,0.8943320737400061,3.0361960373493098,1.6306377842867281,1.5378369489717376,2.1946035625535147,0.9491501641603329,PSBPM-FD
720,739,729,test,20,False,1.0094198097381175,1.0046988652019657,1.1535000938570228,0.7996124211093333,0.9396777199121319,3.0693343699320117,1.7008155137689953,1.6092671899253816,2.177868432822848,0.9352829513978169,PSBPM-FD
721,740,730,test,20,False,1.0115612442511988,1.0057640102186987,1.177709563190157,0.7992930505828791,0.9410788271440396,3.0693343699320117,1.7114604427825906,1.6175725783136652,2.1965824346538474,0.9356855262094796,PSBPM-FD
722,741,731,test,20,False,1.0422394465063276,1.0209012912648938,1.1778136618322042,0.817756768572982,0.9608900328454464,3.0693343699320117,1.7490958231269726,1.6527111815837245,2.1909510678195416,0.9412173743603619,PSBPM-FD
723,742,732,test,20,False,1.026465129546684,1.0131461540896674,1.177841348224494,0.8033380384441571,0.948081963453123,3.0693343699320117,1.7367408595553324,1.6389554010499434,2.2343367507372323,0.9357800546605185,PSBPM-FD
724,743,733,test,20,False,1.019492861074063,1.0096993914398795,1.177124834044474,0.8014371373820948,0.941893022202086,3.0693343699320117,1.7115669014136992,1.6160568619852236,2.190681969124674,0.9328449934578069,PSBPM-FD
725,744,734,test,20,False,0.9610051161637665,0.9803086841213672,1.1885933864110485,0.7867202795431084,0.9173176468145561,3.0693343699320117,1.6353020563075806,1.5504978323302416,2.146953118264632,0.9357436710220834,PSBPM-FD
726,745,735,test,20,False,0.9439150149438271,0.9715528883925091,1.1671542271912385,0.7793127136013723,0.9093637887707091,3.0693343699320117,1.621034928585147,1.5378322004375624,2.149213717910871,0.9359900007865803,PSBPM-FD
727,746,736,test,20,False,0.928285400032528,0.9634756873074317,1.177834064831351,0.772817932153252,0.8987740819509341,3.0693343699320117,1.6062403323583845,1.5219501451935327,2.1501501780961325,0.9328456273377117,PSBPM-FD
728,747,737,test,20,False,0.91925781378972,0.9587793352955205,1.1973046228151196,0.7640857759102642,0.8913004781815541,3.0693343699320117,1.5961319445775533,1.5147665998477369,2.1710252137814097,0.9296200339015779,PSBPM-FD
729,748,738,test,20,False,0.8887363140496796,0.9427281230819836,1.197599485786269,0.7557699325376751,0.87579411428674,3.0693343699320117,1.5656506156514953,1.4864401260517544,2.156869177226864,0.9289996689857711,PSBPM-FD
730,749,739,test,20,False,0.884675702334856,0.9405720080540649,1.1944136366253058,0.7509020603609805,0.8713009330684779,3.0693343699320117,1.5643845116443849,1.481451388662367,2.1833395345511053,0.9263521831476773,PSBPM-FD
731,750,740,test,20,False,0.8747377390806849,0.9352741518296573,1.1767733641092297,0.7488459785874146,0.8663226623704778,3.0693343699320117,1.5577515774711446,1.476961121736488,2.181113725631362,0.9262767079317961,PSBPM-FD
732,751,741,test,20,False,0.7524755080893992,0.8674534616274231,1.096105911091383,0.6975750142481626,0.814372422049418,3.0693343699320117,1.5010275685000658,1.417186399210163,2.2317525431780814,0.9388081990261239,PSBPM-FD
733,752,742,test,20,False,0.7212569094803581,0.8492684554841056,1.0531758256601425,0.6788565145271563,0.7986410463183797,3.0693343699320117,1.5182640009754436,1.4291244357024513,2.3030546894076105,0.9403870368211582,PSBPM-FD
734,753,743,test,20,False,0.7143343195528301,0.8451830095031668,0.9880611145448037,0.6728852471755179,0.7931812283137296,3.0693343699320117,1.5185439997641699,1.424992499221099,2.3233495792092382,0.9384727560720773,PSBPM-FD
735,754,744,test,20,False,0.7222702786968727,0.8498648590787082,0.9382213905546332,0.6785387707577571,0.7983484132204913,3.0693343699320117,1.5333780742472085,1.4377508682604017,2.3273602998359735,0.9393827791467185,PSBPM-FD
736,755,745,test,20,False,0.733838998729179,0.8566440326817079,0.9793995077448897,0.6870035121141524,0.8047910721670635,3.0693343699320117,1.5194633194224636,1.4282544879313699,2.2842735824229705,0.939469653045595,PSBPM-FD
737,756,746,test,20,False,0.7634664443188834,0.8737656689976343,1.0026552041375012,0.7040131055678484,0.8233979306716945,3.0693343699320117,1.5522813133164495,1.4595040788737057,2.2757674923713056,0.942355553539062,PSBPM-FD
738,757,747,test,20,False,0.7653474031246783,0.8748413588329477,0.9152655728100784,0.7043814641531774,0.8245624076309873,3.0693343699320117,1.5566302061742374,1.4635871216736613,2.2809956932301176,0.942527921554791,PSBPM-FD
739,758,748,test,20,False,0.7810268491563113,0.8837572342879639,0.9468708780973933,0.7081931696853211,0.8317563164789998,3.0693343699320117,1.5840311251551775,1.4924991273878845,2.301032462157102,0.9411592733938288,PSBPM-FD
740,759,749,test,20,False,0.7122420323058135,0.8439443300987415,0.9509382815062999,0.6863308904974067,0.8099333500126414,2.608632191569535,1.5609960162370538,1.4686722815459865,2.318115446692355,0.9596999720560706,PSBPM-FD
741,760,750,test,20,False,0.6975307345625446,0.8351830545231055,0.9183526918583824,0.6810205972025054,0.7989236800718582,2.608632191569535,1.5278922537066801,1.4374886627802084,2.279869393848923,0.9565851171729634,PSBPM-FD
742,761,751,test,20,False,0.6963041145122781,0.8344483893640625,0.8984194539313765,0.6793825407785958,0.7982888014138696,2.608632191569535,1.5292505893449342,1.4365925591662754,2.2859213442361215,0.9566664776263151,PSBPM-FD
743,762,752,test,20,False,0.7168045473949061,0.846643105089096,0.8672127165608844,0.6972185220723481,0.8141483727557709,2.608632191569535,1.5526645822504572,1.4600903188144678,2.2484998016969286,0.9616193268001568,PSBPM-FD
744,763,753,test,20,False,0.7190581456367584,0.8479729627982006,0.867402481457107,0.6992627821787712,0.8163031020654916,2.608632191569535,1.5538102115313226,1.4632678189990407,2.242015925935112,0.9626522753411825,PSBPM-FD
745,764,754,test,20,False,0.6975340283722702,0.835185026429635,0.8543693117893987,0.6847513024255534,0.8030429928657258,2.608632191569535,1.5384778152448322,1.4502962705855205,2.2602799018151503,0.9615150744484555,PSBPM-FD
746,765,755,test,20,False,0.7027289337895455,0.838289290036289,0.834670323929475,0.6886716492126048,0.80558889557364,2.608632191569535,1.5387602820575093,1.4472504303139782,2.2511209771116367,0.9609915158748676,PSBPM-FD
747,766,756,test,20,False,0.7408572198512506,0.8607306314122035,0.88778124215515,0.7062082937947711,0.827885353862917,2.608632191569535,1.6022141829484013,1.5050860280190221,2.276171094143212,0.9618402362474341,PSBPM-FD
748,767,757,test,20,False,0.7355926323238506,0.8576669705216884,0.9116906027814257,0.704104743220196,0.8223279415497464,2.608632191569535,1.5894827586108158,1.4913496383777647,2.2560434967046707,0.9587963274947542,PSBPM-FD
749,768,758,test,20,False,0.7214808488284212,0.8494002877491985,0.95776546193241,0.695194875942907,0.8126994205792195,2.608632191569535,1.571581925621733,1.4703388658482497,2.2584313146042865,0.956792024091219,PSBPM-FD
750,769,759,test,20,False,0.7256607336148068,0.8518572260741859,0.9840236122308971,0.699879194254509,0.8173123555290852,2.608632191569535,1.5816696845778153,1.4779343520322967,2.2534526989597228,0.9594475817217611,PSBPM-FD
751,770,760,test,20,False,0.7187820153381929,0.8478101292967624,0.9629640053760998,0.6949841554912466,0.8135352486277458,2.608632191569535,1.5761156404012335,1.4728301552895098,2.261461555239591,0.9595724567510809,PSBPM-FD
752,771,761,test,20,False,0.708914426100186,0.8419705613025825,0.9588612429767821,0.6886966182473215,0.8048913414997003,2.608632191569535,1.5514118152224934,1.4490737200116355,2.241771713476799,0.9559613821348834,PSBPM-FD
753,772,762,test,20,False,0.6772814606758677,0.8229711177653003,0.9395825165321599,0.6656739825304369,0.7758377883248158,2.608632191569535,1.4787325504974171,1.3809880950874533,2.2274993884477476,0.9427278449716794,PSBPM-FD
754,773,763,test,20,False,0.687741463343423,0.8293017926807001,0.931487728104342,0.6700466405264645,0.7837770416714285,2.608632191569535,1.5090449537068067,1.4109251774593932,2.2630569161803487,0.9451047237434348,PSBPM-FD
755,774,764,test,20,False,0.7170872296041688,0.8468100315916013,0.9679771866915372,0.6792573655519033,0.7988921619038484,2.608632191569535,1.5425661666750579,1.4419904928912268,2.2779246577517975,0.9434136726064877,PSBPM-FD
756,775,765,test,20,False,0.7033630330615365,0.838667415046952,0.9394358579222378,0.6705854074554974,0.7911355985639643,2.608632191569535,1.5492132947254222,1.4468607196786334,2.3111352340888702,0.9433245937183256,PSBPM-FD
757,776,766,test,20,False,0.6870966684074918,0.8289129438050126,0.9558221601926417,0.65861288832144,0.7820066512385223,2.608632191569535,1.5405500134164112,1.436390538806724,2.3397077259296606,0.9434122812087199,PSBPM-FD
758,777,767,test,20,False,0.6871249868369064,0.8289300252958065,1.0726592850941454,0.6597660132328598,0.7820239299814088,2.608632191569535,1.5423956999788906,1.4317095286763935,2.3390036144658133,0.9434136852532768,PSBPM-FD
759,778,768,test,20,False,0.646508529796392,0.8040575413466327,0.95568990096896,0.6404269075922899,0.760586834601898,2.608632191569535,1.485203998083993,1.3771346417143115,2.3186814020559945,0.9459358260953189,PSBPM-FD
760,779,769,test,20,False,0.5604080819152581,0.7486040888983029,0.9865327988633482,0.5981022986016915,0.7101250973662689,2.506898889835291,1.3902581273995032,1.2812359790750476,2.3249267655054693,0.9485990096732408,PSBPM-FD
761,780,770,test,20,False,0.6220678990488322,0.7887128115155936,1.0268062425431956,0.6261829328953198,0.7443649562990393,2.506898889835291,1.458144816199827,1.347758766331196,2.339649685123539,0.9437718589465597,PSBPM-FD
762,781,771,test,20,False,0.619924746691878,0.7873530000526308,1.0460606045991447,0.6265404811626485,0.7432350538151201,2.506898889835291,1.45020566163716,1.3404646602855224,2.328999715491163,0.9439667515910125,PSBPM-FD
763,782,772,test,20,False,0.6337710152321195,0.7960973654221697,1.073306117623514,0.6323141184127661,0.7510729836269432,2.506898889835291,1.4725913206064927,1.3608130598433767,2.341272622903368,0.9434436241710835,PSBPM-FD
764,783,773,test,20,False,0.6672294649977896,0.8168411504067297,1.098806841690811,0.6495747310131426,0.7729819422865879,2.506898889835291,1.5257894123951012,1.4126444602683732,2.3641549043020413,0.946306319045872,PSBPM-FD
765,784,774,test,20,False,0.6979311066931118,0.8354227113821552,1.1716822566514307,0.663314893856948,0.7908746443543062,2.506898889835291,1.5705750303787365,1.4529267403036166,2.3825989888091406,0.9466760163197538,PSBPM-FD
766,785,775,test,20,False,0.6810998153339265,0.8252877166988046,1.1691489134536568,0.6510156441564867,0.7820886446327013,2.506898889835291,1.57113179918977,1.4559327214427795,2.4205731024508297,0.9476557433340921,PSBPM-FD
767,786,776,test,20,False,0.6356206314853349,0.7972581962484518,1.1169780318461622,0.6278102778010571,0.7533130454479685,2.2898578520515653,1.4974396641242516,1.3887649018109265,2.4033746953211,0.9448796500214487,PSBPM-FD
768,787,777,test,20,False,0.6524889349856788,0.807767871969218,1.1138477436052345,0.6375985149190075,0.7681916071179292,2.2898578520515653,1.539334236602376,1.4258795486009188,2.4405258645800405,0.9510053986737456,PSBPM-FD
769,788,778,test,20,False,0.6661008862858806,0.8161500390773014,1.1071861851890679,0.6464399052312395,0.7775175923934541,2.2898578520515653,1.5638464354914217,1.4469747967993798,2.447527564754563,0.9526650188885327,PSBPM-FD
770,789,779,test,20,False,0.669130193227864,0.8180037855828444,1.119471578020132,0.6459652151737113,0.7803868867531769,2.2898578520515653,1.574983907552369,1.4601207065038786,2.4769700709064892,0.9540137839302728,PSBPM-FD
771,790,780,test,20,False,0.6442289268372404,0.8026387274716069,1.1070630766359224,0.6315476906568757,0.7624257274940517,2.2898578520515653,1.5401974759422103,1.4278907584980631,2.478665907170402,0.9498990036224264,PSBPM-FD
772,791,781,test,20,False,0.6440483571800321,0.8025262345743173,1.0904876137109325,0.6310435368890387,0.7622385980369449,2.2898578520515653,1.5483398036489031,1.4336596992610016,2.5019123409463893,0.9497989787726479,PSBPM-FD
773,792,782,test,20,False,0.6577444572479206,0.8110144617994925,1.097339659180533,0.6432675793211388,0.7786303922366645,2.2898578520515653,1.5839544629707971,1.465797583743631,2.5064974366048838,0.9600696768205912,PSBPM-FD
774,793,783,test,20,False,0.6481136262276054,0.8050550454643493,1.0908210870202604,0.6395515243163029,0.7713981051659894,2.2898578520515653,1.5585356372405261,1.4391662964146636,2.477695601398505,0.958192995015705,PSBPM-FD
775,794,784,test,20,False,0.6120107499772758,0.7823111593076477,1.0422697629428495,0.6257086522487472,0.7519294907123799,2.2898578520515653,1.5191835122652286,1.4027294316129244,2.4699758444987903,0.9611642142211599,PSBPM-FD
776,795,785,test,20,False,0.5901378617631454,0.7682043099092489,1.0442410339652954,0.6107512917350515,0.734702638251217,2.2898578520515653,1.4781365985544141,1.3625139580336554,2.4603325084547962,0.956389633296916,PSBPM-FD
777,796,786,test,20,False,0.5946948672097359,0.7711646174519003,1.0817675241254727,0.6156071078358262,0.737457186835919,2.2898578520515653,1.4798026186769087,1.3681268541785998,2.4438158474442835,0.9562902266868023,PSBPM-FD
778,797,787,test,20,False,0.5668979703813337,0.7529262715441225,1.1193200880829053,0.5938412089500558,0.7134945546124698,2.2898578520515653,1.4372625559115364,1.3343315879353859,2.449259414059308,0.9476287142288381,PSBPM-FD
779,798,788,test,20,False,0.5477131189173764,0.7400764277541722,1.203462482738464,0.5799591885978848,0.696438634695568,2.2898578520515653,1.4178403252678042,1.310552000401051,2.469756303930142,0.9410360992160945,PSBPM-FD
780,799,789,test,20,False,0.5747216070315921,0.7581039552934624,1.1889127410197424,0.6008393020869949,0.7196834613028517,2.2898578520515653,1.4554716313362226,1.3495503003125635,2.4518836804399187,0.9493202828947934,PSBPM-FD
781,800,790,test,20,False,0.5341579586699792,0.7308611076463019,1.2282871462854452,0.5822245029958282,0.7003595052704538,2.0999635691698404,1.4324938687085256,1.3261685284775975,2.476703977932967,0.9582662122026484,PSBPM-FD
782,801,791,test,20,False,0.5195766036658398,0.7208166227729768,1.153608594646751,0.5729153401041946,0.6917968860315236,2.0999635691698404,1.433579034101583,1.3269862601718538,2.509004115323242,0.9597404723689438,PSBPM-FD
783,802,792,test,20,False,0.5010202714229921,0.707827854370674,1.21318559145572,0.5634857412523451,0.680918242275655,2.0999635691698404,1.4043274291335845,1.298180440315084,2.4979067496466425,0.961982829682587,PSBPM-FD
784,803,793,test,20,False,0.4686292311043513,0.6845649940687526,1.1692121073329655,0.5438595851576118,0.6599724389088227,2.0999635691698404,1.3684676065390808,1.2570980621912733,2.525011670510735,0.9640756460336037,PSBPM-FD
785,804,794,test,20,False,0.4271333504684652,0.6535543974823099,1.1659631903723393,0.5205550861334338,0.6328865586530935,1.9000616935999757,1.3295736782369936,1.2153526812852087,2.576968472684682,0.9683762531338858,PSBPM-FD
786,805,795,test,20,False,0.4233933223958621,0.650686808223328,1.0849437191666713,0.5201587992946215,0.6306811804012237,1.8303025994976214,1.3206282812122725,1.2072997822145122,2.5652654073365775,0.9692545974971756,PSBPM-FD
787,806,796,test,20,False,0.4522880788198119,0.6725236641336957,1.1260597144971998,0.5407284134053548,0.6511197491830052,1.8303025994976214,1.3427469761700184,1.230156320918662,2.528796466474784,0.9681737370858738,PSBPM-FD
788,807,797,test,20,False,0.4445055427402231,0.6667124888137488,1.072283611350305,0.5396351384902767,0.645191252281374,1.8303025994976214,1.3165943480056728,1.2080584730353985,2.4862087835751296,0.9677203638847885,PSBPM-FD
789,808,798,test,20,False,0.43098495489459887,0.6564944439175391,1.0501783994595157,0.5307104682943888,0.635936953489374,1.8303025994976214,1.2968609344368496,1.191598601203459,2.488373560186569,0.9686859643388737,PSBPM-FD
790,809,799,test,20,False,0.45042495979838726,0.671137064837271,1.0462040882432373,0.5447371963096165,0.6498986019038823,1.8303025994976214,1.3222696970401198,1.2135711044769797,2.4625679720107607,0.968354507527403,PSBPM-FD
791,810,800,test,20,False,0.485358886575321,0.6966770317552611,1.076365578969949,0.5643586853256222,0.6732715462811942,2.1214068522842973,1.3752141012819974,1.2601507367870872,2.467402080542249,0.9664041092109822,PSBPM-FD
792,811,801,test,20,False,0.5339605969894627,0.7307260752083935,1.0541221606248754,0.5926566061859917,0.7040824298947055,2.1214068522842973,1.4139567772142756,1.3023336581430072,2.4278317143211043,0.9635381215784731,PSBPM-FD
793,812,802,test,20,False,0.551873373876396,0.7428818034360486,0.9894506802031776,0.6038540880353607,0.7167297608681181,2.1214068522842973,1.4358201836431057,1.325530336219525,2.413066486888694,0.9647964959607712,PSBPM-FD
794,813,803,test,20,False,0.5484724237112288,0.7405892408827102,0.9566113147801285,0.5998228337732268,0.7137110516838132,2.1214068522842973,1.434828853695537,1.3277238419862805,2.4311345257943398,0.9637070217670719,PSBPM-FD
795,814,804,test,20,False,0.6197664927254067,0.7872524961696894,0.982617034041365,0.6329398847881131,0.7471290666655496,2.336570227722932,1.4797919010040677,1.3708587409773674,2.4054383466287357,0.9490335950672028,PSBPM-FD
796,815,805,test,20,False,0.6379939203242833,0.7987452161511099,0.9589150779385344,0.6470262570679172,0.7620306047542849,2.336570227722932,1.5042436200956026,1.3937116173554238,2.39329749202311,0.9540346400148214,PSBPM-FD
797,816,806,test,20,False,0.6171251807151187,0.7855731542734379,0.9685625846437736,0.6359142996709267,0.7472755670706528,2.336570227722932,1.4779191190848397,1.3626521813568047,2.394605840348543,0.9512488595181111,PSBPM-FD
798,817,807,test,20,False,0.6208436435979714,0.7879363195068313,0.9876664588441454,0.640797995010695,0.7520641368597563,2.336570227722932,1.4874803500799127,1.3713213521302747,2.392344748964965,0.9544732464299559,PSBPM-FD
799,818,808,test,20,False,0.6328534013227005,0.7955208365107105,0.9902130432110426,0.6470784754953883,0.763846030838094,2.336570227722932,1.5170096791734222,1.4004502417968878,2.4245670826157317,0.9601835624927845,PSBPM-FD
800,819,809,test,20,False,0.618119921814855,0.7862060301313232,1.035336525918309,0.6366732725643843,0.753464318369458,2.336570227722932,1.4990727741629448,1.384012513087258,2.431389436835908,0.9583547944087937,PSBPM-FD
801,820,810,test,20,False,0.6022591739039885,0.7760535895825678,0.9784701007414852,0.628161262257715,0.7429001768656106,2.336570227722932,1.475754799201728,1.3625715927369808,2.4299468319963387,0.9572794802292067,PSBPM-FD
802,821,811,test,20,False,0.6007683861976147,0.7750925017039029,0.9745163749969025,0.6277429760965175,0.7419141641755594,2.336570227722932,1.4679498181167516,1.3559578555055922,2.4193478977738323,0.9571943510543494,PSBPM-FD
803,822,812,test,20,False,0.59267120602366,0.769851418147463,0.9509802822635638,0.6211875309613082,0.7360037097557786,2.336570227722932,1.4633442446079792,1.3526578839769239,2.437041973285966,0.956033453217331,PSBPM-FD
804,823,813,test,20,False,0.635485787298912,0.7971736243121144,0.930106200593947,0.6443883247587084,0.7619942235748801,2.336570227722932,1.5043041066615057,1.3982192471336465,2.4059504459529117,0.9558698385592088,PSBPM-FD
805,824,814,test,20,False,0.6572358394618586,0.8107008322814641,0.9648000132816404,0.6596096313527229,0.7784731325666165,2.336570227722932,1.5335059959987598,1.4297401936141543,2.3695249585776557,0.9602471115958365,PSBPM-FD
806,825,815,test,20,False,0.6864587389811154,0.8285280556391047,0.9718358053966987,0.6733890842980836,0.7934493722878012,2.4877509115518905,1.5718358539210766,1.4636927231015984,2.372592425900348,0.9576614417429176,PSBPM-FD
807,826,816,test,20,False,0.686048762767652,0.8282806062969554,0.8902965188918822,0.6732038733248309,0.7932238625665928,2.4877509115518905,1.5656994231843666,1.4580839476075496,2.3654823395608586,0.957675281222516,PSBPM-FD
808,827,817,test,20,False,0.7185108541092133,0.847650195605011,0.8684745116601593,0.690097429676268,0.8135132802737312,2.4877509115518905,1.6109291223974627,1.5011396312525571,2.3777624759363336,0.9597275910413557,PSBPM-FD
809,828,818,test,20,False,0.8194720416000779,0.9052469506162824,0.9578551866707559,0.731160544215332,0.8594968652575474,2.7898774461608467,1.6858486696988144,1.5730750183198314,2.3608498372474123,0.9494612101950869,PSBPM-FD
810,829,819,test,20,False,0.8713222679627031,0.9334464462210476,0.9245576451775226,0.7475862978008393,0.8835771353643409,2.7898774461608467,1.7157566685018675,1.608689508574654,2.3486875111287118,0.9465750702050483,PSBPM-FD
811,830,820,test,20,False,0.8546075939032166,0.9244498871778917,0.9296233925499664,0.7419766165948658,0.8741530251770252,2.7898774461608467,1.6778794605990583,1.5723224169874968,2.3156342620876607,0.9455926571050705,PSBPM-FD
812,831,821,test,20,False,0.8171973083077975,0.9039896616155505,0.9051473106460912,0.7219825004879123,0.8530317339810749,2.7898774461608467,1.6603084997764117,1.5493857761379441,2.352721754811022,0.943629966361112,PSBPM-FD
813,832,822,test,20,False,0.840791759631086,0.9169469775461861,0.9203346731528406,0.736316854478206,0.865348649963414,2.7898774461608467,1.661222400578863,1.5532073764048773,2.3156300235101273,0.9437281229489922,PSBPM-FD
814,833,823,test,20,False,0.8504232596880266,0.9221839619555453,0.8992314168330123,0.7429504130110511,0.8732196463904582,2.7898774461608467,1.665907661557625,1.556938655847502,2.293920798925393,0.9469039610477986,PSBPM-FD
815,834,824,test,20,False,0.7730736274590428,0.8792460562658457,0.8349750485306383,0.7077309767686202,0.8354042855604881,2.7898774461608467,1.6032556216033451,1.497031302495588,2.297255340058448,0.9501370857532719,PSBPM-FD
816,835,825,test,20,False,0.7606238819651412,0.8721375361519198,0.85914739107309,0.6983130495232561,0.8260762678110625,2.7898774461608467,1.5996187802459043,1.4952809812299814,2.330616127562536,0.9471857746840128,PSBPM-FD
817,836,826,test,20,False,0.8217985134588937,0.9065310328162481,0.8727267316398122,0.7286316637727641,0.8600763757404014,2.7898774461608467,1.6362612062322772,1.5364121067931151,2.296132149491702,0.9487555799038345,PSBPM-FD
818,837,827,test,20,False,0.8427974995306304,0.9180400315512556,0.8767696823848662,0.7415281140664984,0.8773267314849613,2.7898774461608467,1.6760121084927078,1.5709405544619093,2.3161858831627447,0.9556519338296184,PSBPM-FD
819,838,828,test,20,False,0.8441809291901375,0.9187931917412849,0.8605815312609497,0.7484776817527301,0.8784103712853186,2.7898774461608467,1.6559466158946776,1.5518265579583332,2.2490529578977023,0.9560479759548139,PSBPM-FD
820,839,829,test,20,False,0.86791834013901,0.9316213501949223,0.8762398682633671,0.7574293451686758,0.8939941095181861,2.7898774461608467,1.7068207298751148,1.597770070686778,2.294840207499048,0.9596110150665145,PSBPM-FD
821,840,830,test,20,False,0.9045837409248485,0.9510960734462363,0.8708562386799321,0.7776174549227716,0.9153466573077486,2.7898774461608467,1.7258726586717483,1.6175692170139402,2.258157801706069,0.9624124027671022,PSBPM-FD
822,841,831,test,20,False,0.960978877723732,0.9802953012861645,0.830530123631593,0.8037712605570103,0.9429369473458513,2.7898774461608467,1.7689464937508137,1.6631959555499214,2.238177352438822,0.9618907140620807,PSBPM-FD
823,842,832,test,20,False,0.9647782137041515,0.9822312424801766,0.8414115041088613,0.8055625179239216,0.9458376873740221,2.7898774461608467,1.7674770160250968,1.6623837154742698,2.2276264014481173,0.9629480782811803,PSBPM-FD
824,843,833,test,20,False,0.926168220305765,0.9623763402670313,0.8608894457222286,0.7884645666779015,0.923357679791817,2.7898774461608467,1.713046199240988,1.610694668447912,2.2024654356449553,0.9594559229662818,PSBPM-FD
825,844,834,test,20,False,0.9526667756169024,0.9760465027942584,0.8384811680950515,0.8060756246532698,0.937124665053371,2.7898774461608467,1.6983113451679628,1.5970138625754908,2.1400819283367087,0.9601229678816935,PSBPM-FD
826,845,835,test,20,False,0.8972206577705611,0.9472173234113496,0.8048562322387811,0.7765753289116979,0.9007046860848764,2.7898774461608467,1.6137505886732426,1.5191110704754869,2.1206523696766424,0.9508954954930928,PSBPM-FD
827,846,836,test,20,False,0.9352744527422201,0.9670958860124574,0.866281581577603,0.7883938621428014,0.9182813292125587,2.7898774461608467,1.6653785739011462,1.5652560775313933,2.1510931250557492,0.9495245947109012,PSBPM-FD
828,847,837,test,20,False,0.9208445490999049,0.9596064553242151,0.9515410182743037,0.7794405181415603,0.9104801896653697,2.7898774461608467,1.6639056201361986,1.562310609402123,2.1782651895207588,0.948805819941835,PSBPM-FD
829,848,838,test,20,False,0.8201029218462855,0.9055953411133946,0.911065100317108,0.7396115531722709,0.8646682229206295,2.448957208392121,1.57756474232859,1.4813870707370447,2.1697979334542175,0.9548063949374488,PSBPM-FD
830,849,839,test,20,False,0.7961037542754673,0.8922464649834525,0.9201601400009437,0.7359944119855578,0.8548242277290873,2.448957208392121,1.5547532174160268,1.457957248873465,2.1547759237369,0.9580584079365793,PSBPM-FD
831,850,840,test,20,False,0.7958735084197934,0.892117429725366,0.8624772734438374,0.7370518459540623,0.854678706513343,2.448957208392121,1.5474217602718372,1.4562928082394369,2.141879714903483,0.9580338619507206,PSBPM-FD
832,851,841,test,20,False,0.7798951142172974,0.8831167047549816,0.831977156809351,0.7234269518781468,0.8393464234695636,2.448957208392121,1.5132851299196086,1.4260532198736087,2.1494911689435408,0.9504365832400804,PSBPM-FD
833,852,842,test,20,False,0.7394573589681308,0.8599170651685724,0.8175903690673855,0.7002203515455044,0.8152873697022237,2.448957208392121,1.488593444417024,1.4009172202743148,2.1841053763170604,0.948100000251071,PSBPM-FD
834,853,843,test,20,False,0.7410962314066847,0.8608694624661074,0.8383087109680434,0.7027860015473322,0.8164543017846038,2.448957208392121,1.4899100837458685,1.4007276819422336,2.1773881810832703,0.9484066253735278,PSBPM-FD
835,854,844,test,20,False,0.7311725122914623,0.8550862601465786,0.8575098158270983,0.6940870793352116,0.8075173000654289,2.448957208392121,1.48720512226754,1.3949030761206553,2.2122489779339354,0.9443694018975402,PSBPM-FD
836,855,845,test,20,False,0.798879776991114,0.8938007479249019,0.8735870604302387,0.7251618235652113,0.8436931076851224,2.448957208392121,1.536160895046742,1.4432453992568754,2.179463853151267,0.9439386906353432,PSBPM-FD
837,856,846,test,20,False,0.7549212765239057,0.8688620583981704,0.8535404840925442,0.7061389005617611,0.822255052741115,2.448957208392121,1.514530770277378,1.4205798831502199,2.196154908523293,0.9463585672701834,PSBPM-FD
838,857,847,test,20,False,0.7745060168723057,0.8800602347977697,0.8263811564255023,0.7168762784607962,0.8332447038704733,2.448957208392121,1.52837922183125,1.4352307967524554,2.181056823529767,0.9468041742187633,PSBPM-FD
839,858,848,test,20,False,0.7731111640925299,0.8792674019276103,0.8576484330417673,0.7137032623989417,0.8321519605022584,2.448957208392121,1.5374045779331584,1.4450121963054028,2.2071808531530945,0.9464151163547504,PSBPM-FD
840,859,849,test,20,False,0.7517791981868175,0.8670520158484251,0.8186041182651802,0.7072698453657463,0.8184925348498577,2.448957208392121,1.4922497772849825,1.4023383382509098,2.1617596204821097,0.9439947314452051,PSBPM-FD
841,860,850,test,20,False,0.7179790078257781,0.8473364195086731,0.8042190450385451,0.6877390200643839,0.7992893041290257,2.448957208392121,1.479468184935821,1.3854009583420837,2.2069682810306004,0.9432962938055849,PSBPM-FD
842,861,851,test,20,False,0.6638910438377568,0.8147950931600881,0.8352394640659179,0.663899239196228,0.7732143760339765,2.3852611775037182,1.4327760082169083,1.336762757264093,2.2129183349270347,0.9489678847170696,PSBPM-FD
843,862,852,test,20,False,0.6519109141212558,0.8074100037287474,0.8237066885855315,0.6548919691765154,0.7629001150191763,2.3852611775037182,1.4199745253947722,1.325052958978041,2.2327877639064924,0.9448732508836684,PSBPM-FD
844,863,853,test,20,False,0.6515515724389412,0.8071874456648476,0.8239828334364481,0.6536800504963163,0.7626154274922851,2.3852611775037182,1.4262025561152116,1.3310320248122776,2.2485291711209308,0.9447810810091942,PSBPM-FD
845,864,854,test,20,False,0.6128885484940694,0.7828719872968182,0.8360336362983988,0.631751905449421,0.740660717093462,2.3852611775037182,1.406099206840753,1.3112807513376548,2.272538211698622,0.9460815166613541,PSBPM-FD
846,865,855,test,20,False,0.6563948717778467,0.8101819991692278,0.9099742387341697,0.659808954758822,0.7714992122572485,2.3852611775037182,1.4461464533579536,1.3515598818654733,2.2475247470624886,0.9522542009676278,PSBPM-FD
847,866,856,test,20,False,0.6005714468815817,0.7749654488308377,0.839471488835897,0.6329713948521232,0.7427464592390638,2.2721527552000813,1.3998210479341355,1.307128050970323,2.2756225720792718,0.958425256712565,PSBPM-FD
848,867,857,test,20,False,0.622843206944211,0.7892041604960094,0.8309372020581753,0.6485146510558437,0.7543157243906533,2.2721527552000813,1.3789305435919152,1.2931432823933189,2.2113834872042277,0.9557928887711021,PSBPM-FD
849,868,858,test,20,False,0.6329991033575126,0.7956124077448218,0.7958929892717846,0.6542210440916083,0.761441197136918,2.2721527552000813,1.385944005389403,1.3027705318205842,2.2059379502470136,0.9570504302405706,PSBPM-FD
850,869,859,test,20,False,0.62095993003322,0.7880101078242715,0.7399696572085241,0.6453275539162285,0.7557834660076521,2.299246201620276,1.4035411674921978,1.317180134195499,2.2518801531472556,0.9591037710092342,PSBPM-FD
851,870,860,test,20,False,0.604700834368469,0.7776251245738328,0.7386739549593044,0.6334037650103941,0.7436124256856113,2.299246201620276,1.391390977067619,1.3043863526283097,2.2678804625678026,0.9562608025211867,PSBPM-FD
852,871,861,test,20,False,0.6409691277632282,0.800605475726483,0.7795900952084013,0.6599764255027092,0.7716094268834093,2.299246201620276,1.4271532831524407,1.340017936226161,2.220311577758133,0.963782350081028,PSBPM-FD
853,872,862,test,20,False,0.6623512518356695,0.8138496494044029,0.7623627013168085,0.6741172980283514,0.7859873622029386,2.299246201620276,1.4406478851119284,1.3518376030029913,2.192296636734803,0.9657648225051708,PSBPM-FD
854,873,863,test,20,False,0.6496522060551189,0.8060100533213708,0.7527034448395141,0.6642841559264819,0.7755740457440531,2.299246201620276,1.43506912740081,1.3438043643505628,2.2255355801930383,0.9622386749992778,PSBPM-FD
855,874,864,test,20,False,0.6623354336941603,0.8138399312482525,0.7432700405713861,0.6743343029544542,0.7865848913303315,2.299246201620276,1.441823022098208,1.3515707633949172,2.1931556812866058,0.96651056445938,PSBPM-FD
856,875,865,test,20,False,0.5966344262065558,0.7724211456236525,0.6892325962682749,0.6455755677054933,0.7521063579820997,2.299246201620276,1.37813725743558,1.2911234362875672,2.1854391181411357,0.973699855633612,PSBPM-FD
857,876,866,test,20,False,0.5862478952575312,0.7656682671088905,0.7317823558672973,0.6374653290419344,0.7450955983901759,2.299246201620276,1.3709607725489281,1.2844030980355423,2.20327424330142,0.9731310939705058,PSBPM-FD
858,877,867,test,20,False,0.5623129828640884,0.749875311544585,0.7945011215599754,0.6273378847256413,0.7312144783615213,2.299246201620276,1.3395945445774402,1.2549026780405734,2.1891322932535524,0.9751147518850484,PSBPM-FD
859,878,868,test,20,False,0.5702731168205919,0.755164297898538,0.8214706859890765,0.6322728197541153,0.7370215900450682,2.299246201620276,1.3530047957596065,1.2689118247864293,2.1936166524797924,0.9759751514949037,PSBPM-FD
860,879,869,test,20,False,0.5682630903093483,0.7538322693473318,0.8785254092703013,0.6317036775400583,0.7354219139713621,2.299246201620276,1.3526449668676557,1.2688033578783178,2.1952584188576143,0.9755776501954349,PSBPM-FD
861,880,870,test,20,False,0.5607044912449143,0.7488020374203814,0.8811027733206885,0.630083381606061,0.7294023623427157,2.299246201620276,1.325870494480293,1.24590894909726,2.1508356252942322,0.9740923847583302,PSBPM-FD
862,881,871,test,20,False,0.5462012938822467,0.7390543240400171,0.8607869799992666,0.6187834652642616,0.7185439204890758,2.299246201620276,1.312094170349282,1.2346262263871313,2.1767000577071647,0.9722477727498814,PSBPM-FD
863,882,872,test,20,False,0.5437464499428023,0.7373916530194807,0.855088526399716,0.6181771520348998,0.715818488404654,2.299246201620276,1.3060620994960221,1.227910045513275,2.1645973804568266,0.9707439533299724,PSBPM-FD
864,883,873,test,20,False,0.549188344239299,0.7410724284705908,0.8525870549727762,0.622912322563465,0.719886012492605,2.299246201620276,1.3139475247713785,1.2332594745874124,2.1608418395203914,0.9714111399047596,PSBPM-FD
865,884,874,test,20,False,0.5378893289388401,0.7334093869994031,0.8737439520258918,0.6113910116631525,0.7097995077950143,2.299246201620276,1.309681134253883,1.2270271217137956,2.2142666858477007,0.967808048788435,PSBPM-FD
866,885,875,test,20,False,0.5358395625671186,0.7320106300916118,0.8217780743098725,0.604892399710916,0.7087782626474041,2.299246201620276,1.3445068372030922,1.2561379192180142,2.2729828276386654,0.968262254004016,PSBPM-FD
867,886,876,test,20,False,0.532250800893974,0.7295552075710062,0.7955201502378596,0.6069022336233638,0.7060423529185125,2.299246201620276,1.3308927142829248,1.2436891543969781,2.2382738427268234,0.9677709727673963,PSBPM-FD
868,887,877,test,20,False,0.5407142021580957,0.735332715277986,0.8411730812795666,0.6100789460705803,0.7098337029767633,2.299246201620276,1.3379963858345294,1.2508529329994118,2.2403242513936314,0.9653231635538165,PSBPM-FD
869,888,878,test,20,False,0.5422605740189532,0.7363834422493171,0.9217807070603213,0.6068425378531614,0.7108079254013013,2.299246201620276,1.3665542048799837,1.2749210016338686,2.296031605279853,0.9652687507884559,PSBPM-FD
870,889,879,test,20,False,0.6147890334569212,0.784084838175641,1.0091060874560005,0.635622376223884,0.7389466193425687,2.6544979381850196,1.3843167917082209,1.2954337661169335,2.2462679028501653,0.9424319708335426,PSBPM-FD
871,890,880,test,20,False,0.6223690674973958,0.7889037124373265,0.9780721503342404,0.6419765670481926,0.7451749285289322,2.6544979381850196,1.3975395389262657,1.3059260858708623,2.2471607114128056,0.9445701887074486,PSBPM-FD
872,891,881,test,20,False,0.6033725613782484,0.7767705976530319,0.9048288168485216,0.6262097522779831,0.7334558807805456,2.6544979381850196,1.4086540072681557,1.311563635016494,2.3269428329458495,0.9442374402386505,PSBPM-FD
873,892,882,test,20,False,0.6251472851828727,0.7906625608835116,0.8951455154942994,0.6368593100217433,0.7443803995830555,2.6544979381850196,1.418893813541926,1.3236389900702685,2.316494358352777,0.9414640788748881,PSBPM-FD
874,893,883,test,20,False,0.6729893208462577,0.8203592632781431,0.9272676495396294,0.6620477963852929,0.7741560908913624,2.6544979381850196,1.4730167271400185,1.3809113165522418,2.3021450708925912,0.9436793433621343,PSBPM-FD
875,894,884,test,20,False,0.6654687518988049,0.8157626811143085,0.9430834217534835,0.6566804795869562,0.7681490609672847,2.6544979381850196,1.471345332800421,1.3784217759225093,2.3200824293883473,0.941633000320651,PSBPM-FD
876,895,885,test,20,False,0.6675404904502956,0.817031511295798,0.9593474136129772,0.6579559246908323,0.7698075635415111,2.6544979381850196,1.482271128381795,1.3856920481691397,2.3356249831288887,0.9422005796577044,PSBPM-FD
877,896,886,test,20,False,0.6962343420888528,0.8344065808038985,0.9288599610479731,0.668344752086649,0.7868628394494698,2.6544979381850196,1.528270827065627,1.4268442782384152,2.3626549356379103,0.9430208935928773,PSBPM-FD
878,897,887,test,20,False,0.6907939908705512,0.8311401752235005,0.9256262041722452,0.660831773880254,0.7828832517233988,2.6544979381850196,1.5437268233144656,1.4395064513048508,2.422101236420862,0.941938887159287,PSBPM-FD
879,898,888,test,20,False,0.6873152525283222,0.8290447831862415,0.8937838559603374,0.6571140967934731,0.7804649981067505,2.6544979381850196,1.5347849014641206,1.4327570694844494,2.4209196111095244,0.9414027009581004,PSBPM-FD
880,899,889,test,20,False,0.7046709394191975,0.8394468055923481,0.9326209672729645,0.6662611213647478,0.7923365329389298,2.6544979381850196,1.5484323992299849,1.4475387122023,2.411608299416943,0.943879383017992,PSBPM-FD
881,900,890,test,20,False,0.7668007392287615,0.8756715932521515,0.9674511140684764,0.6916233053583155,0.8265006882340383,2.722952063193784,1.6368869833159003,1.5298515716219243,2.4514385525538396,0.9438477787825712,PSBPM-FD
882,901,891,test,20,False,0.7868205031507874,0.8870290317406683,0.9483413258098734,0.7055142368248901,0.8407625317706534,2.722952063193784,1.6497730623097777,1.5441750664222367,2.416337637285287,0.9478410533201789,PSBPM-FD
883,902,892,test,20,False,0.7930797879621329,0.8905502725630557,0.9304254488788803,0.7104000846351644,0.8471846141447263,2.722952063193784,1.6673495258810198,1.5626696799984754,2.4288634125677615,0.9513046486488399,PSBPM-FD
884,903,893,test,20,False,0.7791846770615618,0.8827143802281471,0.9401945380939527,0.6977449960146143,0.8354553573377602,2.722952063193784,1.6521070498311954,1.5479727062231206,2.458437988747293,0.9464617049988782,PSBPM-FD
885,904,894,test,20,False,0.8043537179276733,0.8968576910121657,0.9499307071070849,0.7174248613953609,0.8547509536048569,2.722952063193784,1.6723177721862292,1.5717732329478373,2.4040371546508745,0.953050815275065,PSBPM-FD
886,905,895,test,20,False,0.7954083410152428,0.8918566818806948,0.9394081489399745,0.7159412806028335,0.8500233208192377,2.722952063193784,1.6525818756844088,1.5540433183724889,2.3836701119411368,0.9530940767599102,PSBPM-FD
887,906,896,test,20,False,0.7954005321698028,0.8918523040110413,0.9257756600078957,0.7162158727052088,0.8500171079520508,2.722952063193784,1.643742110424903,1.5475238346758748,2.366883158279285,0.9530917889982009,PSBPM-FD
888,907,897,test,20,False,0.7865609582085085,0.8868827195342733,0.937832643294651,0.7102190288307126,0.8460510352724555,2.722952063193784,1.6545460896767825,1.5558417727920208,2.3881878623944712,0.9539604466718444,PSBPM-FD
889,908,898,test,20,False,0.7610243362840576,0.8723670880335054,0.9244251411651209,0.6944415443134182,0.8242322771769602,2.722952063193784,1.6016313938981088,1.5054836093655752,2.3634353139605873,0.9448227569370471,PSBPM-FD
890,909,899,test,20,False,0.6887783495863202,0.8299267133827662,0.8660106830531547,0.6722803250104852,0.7962335902781441,2.722952063193784,1.5514584689188706,1.4565704156948827,2.3560728959442274,0.9594022911164173,PSBPM-FD
891,910,900,test,20,False,0.7476637171089159,0.8646754981546059,0.8501748434388223,0.6980312127315151,0.8264839264118509,2.722952063193784,1.5873319226888702,1.4948658576870477,2.3419689738681346,0.9558313242086035,PSBPM-FD
892,911,901,test,20,False,0.7373953639151979,0.8587172782209508,0.8711671191199095,0.694600198754164,0.8180534469011931,2.722952063193784,1.5574182059884383,1.4682136256004132,2.301026066743467,0.9526458447371606,PSBPM-FD
893,912,902,test,20,False,0.7081847763525315,0.8415371509045406,0.8540601347942454,0.6788113937191741,0.8027199496383117,2.722952063193784,1.5511231634024496,1.4574743608347156,2.3320704136717594,0.953873454993038,PSBPM-FD
894,913,903,test,20,False,0.6667065637881444,0.8165210124596577,0.846071116288707,0.6599151450997772,0.7786038745840842,2.722952063193784,1.4918912457915994,1.400458747406895,2.3067677010609655,0.9535625693681131,PSBPM-FD
895,914,904,test,20,False,0.6634437279969791,0.8145205509973208,0.8277426333836266,0.6563717235860784,0.7755570109118356,2.722952063193784,1.4917965034685143,1.3982073156448196,2.326050133251901,0.9521638342485316,PSBPM-FD
896,915,905,test,20,False,0.7801227359755033,0.8832455694627079,0.894915578353681,0.6926685697373364,0.8263339970157262,3.7001731231147326,1.615957490945501,1.514342331202291,2.3600030687359905,0.9355654028566461,PSBPM-FD
897,916,906,test,20,False,0.8162698312554039,0.9034765250162308,0.9743716652572901,0.7131273062113369,0.8418255642582997,3.7001731231147326,1.6177542658768291,1.5207431665523454,2.309098945993118,0.931762520606915,PSBPM-FD
898,917,907,test,20,False,0.8174494054950661,0.9041290867431852,1.013072629977852,0.716100345999602,0.8427290769489124,3.7001731231147326,1.6126170953558874,1.5139013073592316,2.283509871861743,0.9320893324918401,PSBPM-FD
899,918,908,test,20,False,0.8070953709739342,0.8983848679568986,1.0534846866740284,0.7109367926654498,0.8342456360899078,3.7001731231147326,1.6018247012209148,1.5004609502099044,2.284756686665325,0.9286060638879015,PSBPM-FD
900,919,909,test,20,False,0.7877745131657315,0.8875666246348674,1.0412121685407456,0.6990680430219794,0.820724834378708,3.7001731231147326,1.5868190118543244,1.4827854744309632,2.3037197966375973,0.924690960204078,PSBPM-FD
901,920,910,test,20,False,0.7850265958273263,0.8860172661000045,1.0068239405871158,0.7027393598580277,0.8196166631160777,3.7001731231147326,1.5515298201737655,1.4528209298511328,2.2619213594588565,0.9250572133021704,PSBPM-FD
902,921,911,test,20,False,0.7728134519014377,0.8790980900340062,1.0056655901060418,0.6930468459696694,0.8116302351618326,3.7001731231147326,1.5455312276798985,1.4433393322064918,2.288171269607907,0.9232533256106111,PSBPM-FD
903,922,912,test,20,False,0.7846900238142535,0.885827310379542,0.9960603664838351,0.7005933982290793,0.8208542404877571,3.7001731231147326,1.5567519341611287,1.451051583493367,2.2737544370490204,0.926652667929208,PSBPM-FD
904,923,913,test,20,False,0.8483471596842167,0.9210576310330514,0.9387131173079699,0.736882509439785,0.858315271542305,3.7001731231147326,1.6121048440031776,1.5026335988873307,2.2357354245359082,0.9318800937348785,PSBPM-FD
905,924,914,test,20,False,0.9084049169972529,0.9531027840675175,0.9125382647968878,0.7537760508832404,0.88525732013533,3.7001731231147326,1.6639461954891086,1.5514612536470558,2.251872936293501,0.9288162147185782,PSBPM-FD
906,925,915,test,20,False,0.8863164141605369,0.9414437923532859,0.8925759534778985,0.7393175796445635,0.8705691699369027,3.7001731231147326,1.6461806467907993,1.5332907478569004,2.2915418858967116,0.9247170962387239,PSBPM-FD
907,926,916,test,20,False,0.8956139656635885,0.9463688317266099,0.9232615084235656,0.7406991167570471,0.8772557029794843,3.7001731231147326,1.6842314860545777,1.5633436686377682,2.3519140179830296,0.9269701976331663,PSBPM-FD
908,927,917,test,20,False,0.9325517046923683,0.9656871670952081,0.9361138201029885,0.7531510244556479,0.8923268049219952,3.7001731231147326,1.7140451569023814,1.5928433461981175,2.355887779137926,0.9240329946665014,PSBPM-FD
909,928,918,test,20,False,0.9728820679776152,0.9863478432974927,0.9668685064261027,0.7778020866823361,0.9224866682550987,3.7001731231147326,1.7768150762154324,1.6522847450844729,2.3608011452872906,0.9352549149102435,PSBPM-FD
910,929,919,test,20,False,0.9697788957072284,0.984773525084437,1.022825648607785,0.769844002488281,0.9209266268938757,3.7001731231147326,1.7968868317090625,1.6689794883849811,2.406768425094742,0.9351659071205364,PSBPM-FD
911,930,920,test,20,False,1.022309846022599,1.011093391345527,1.2065402319833813,0.7805071630346841,0.938963906382358,3.7001731231147326,1.8454359797034752,1.7121023099796446,2.429166560550258,0.9286618965364005,PSBPM-FD
912,931,921,test,20,False,1.062982324578631,1.0310103416448504,1.121641073616511,0.8044084069649127,0.9649008059622233,3.7001731231147326,1.888382793892416,1.7573862631665453,2.407047356314267,0.9358788820903994,PSBPM-FD
913,932,922,test,20,False,1.308373205542024,1.1438414249982487,0.9336433925785795,0.8755247369550794,1.0426971131810798,3.7001731231147326,1.9873502956395028,1.858974359577445,2.3747262948110324,0.9115748830155161,PSBPM-FD
914,933,923,test,20,False,1.3236869010557115,1.1505159282059991,0.8626665674371041,0.8832166777791903,1.053265646902479,3.7001731231147326,2.0085736458457317,1.8812415439202603,2.3842072218960513,0.9154724598596715,PSBPM-FD
915,934,924,test,20,False,1.3406328570927954,1.1578570106419857,0.8682539311361605,0.8964751673474376,1.0665499961497944,3.7001731231147326,2.0136963984263683,1.8925000392455904,2.339508958054097,0.9211413726798913,PSBPM-FD
916,935,925,test,20,False,1.2214629375114796,1.1051981440047207,0.8769311553693303,0.8585528876016479,1.0137678136047035,3.558656911944033,1.8845989692934055,1.772840318503344,2.303003068521296,0.9172724539070284,PSBPM-FD
917,936,926,test,20,False,1.1432157138342816,1.0692126607154826,0.814376601794674,0.8193181050121907,0.9689984055301466,3.558656911944033,1.8088281977530571,1.6964764305400053,2.3075804311810346,0.9062728502314253,PSBPM-FD
918,937,927,test,20,False,1.1432331623291154,1.0692208201906261,0.8066500731950266,0.8201085096940689,0.9690115853822455,3.558656911944033,1.7965863620152196,1.6886144028905892,2.2827859135285435,0.9062782608455803,PSBPM-FD
919,938,928,test,20,False,1.15123734861288,1.0729572911411152,0.7923023771668919,0.8234090098556406,0.9757614565355615,3.558656911944033,1.8207686971156938,1.7120771077542911,2.314635884555977,0.9094131374957305,PSBPM-FD
920,939,929,test,20,False,1.158651336618169,1.0764066780813695,0.8036360162131773,0.8257176718902844,0.9815769567940361,3.558656911944033,1.8428655014246966,1.728046484480878,2.3455073034296183,0.911901585879826,PSBPM-FD
921,940,930,test,20,False,1.1406383207775215,1.0680067044628145,0.7671603370255288,0.8190615638089307,0.9737484546664442,3.558656911944033,1.8436547948102433,1.7288520752972285,2.359429523245826,0.9117437658373313,PSBPM-FD
922,941,931,test,20,False,1.1583061143367013,1.0762463074671622,0.746006294228447,0.8297643464220631,0.9848495828370856,3.558656911944033,1.870613597628348,1.7575612793153517,2.3584638902863593,0.9150782455689259,PSBPM-FD
923,942,932,test,20,False,1.157663147027882,1.075947557749857,0.7411033481833014,0.829448520497347,0.9844101766381239,3.558656911944033,1.8723855529088387,1.761270992099654,2.362611113568294,0.9149239380187206,PSBPM-FD
924,943,933,test,20,False,1.1210215931435994,1.058783071806307,0.7281965217249703,0.8106594795086902,0.966957261578165,3.558656911944033,1.8480128419590236,1.7403246228045597,2.3787296055543843,0.9132723098117868,PSBPM-FD
925,944,934,test,20,False,1.0931355738796449,1.0455312400304664,0.7316899364574718,0.8035425918047153,0.9560181563484106,3.558656911944033,1.826741450487044,1.7205758001844746,2.3739282458625177,0.9143850702352544,PSBPM-FD
926,945,935,test,20,False,1.0864921237014982,1.042349329016668,0.7438649246365914,0.7989646605560481,0.9499117041868315,3.558656911944033,1.7988469529082427,1.6982488299963319,2.33994481666108,0.911317998432406,PSBPM-FD
927,946,936,test,20,False,1.0779348936483528,1.0382364343676025,0.7342775292968705,0.7968077815821445,0.943808822256514,3.558656911944033,1.7763515982960392,1.6767621323968132,2.310616985228232,0.9090499919041994,PSBPM-FD
928,947,937,test,20,False,1.0500462990602912,1.0247176679750825,0.7305935652237286,0.7863799468770312,0.9327945187471205,3.558656911944033,1.7432438477628778,1.6456532803329054,2.2992321525059025,0.9102941697008027,PSBPM-FD
929,948,938,test,20,False,1.081603330254578,1.0400016010826993,0.7125954760879027,0.8000421893485358,0.9469826816076548,3.558656911944033,1.7512858610863933,1.6571216115580838,2.2749107287225234,0.910558868968849,PSBPM-FD
930,949,939,test,20,False,1.3058596701332372,1.1427421713287897,0.8053258167497138,0.865994094106231,1.014690543966557,3.746343068054334,1.8359792870654676,1.7410089541073241,2.2287204682813635,0.8879435531697117,PSBPM-FD
931,950,940,test,20,False,1.187890373516798,1.0899038368208445,0.7611625058868546,0.8229400645437476,0.9610991007544009,3.746343068054334,1.741068939759955,1.6497377081205595,2.22637960723453,0.8818200911723036,PSBPM-FD
932,951,941,test,20,False,1.223888450501192,1.1062949202184704,0.8108613534187645,0.8368944551695977,0.9761716476117733,3.746343068054334,1.749843841855182,1.6580967109622577,2.2080188031800914,0.8823792189328679,PSBPM-FD
933,952,942,test,20,False,1.0341433912463542,1.0169284100891047,1.0178755575438219,0.7896477505073902,0.9245905686534556,3.746343068054334,1.68788440837331,1.5967189381165006,2.223879048492959,0.909199270548889,PSBPM-FD
934,953,943,test,20,False,1.0442018766178396,1.0218619655402776,1.1256892531878664,0.7944768734941567,0.9302612387460311,3.746343068054334,1.7045535828367668,1.6083711200743953,2.232136184005128,0.9103590016232618,PSBPM-FD
935,954,944,test,20,False,1.0471421145495905,1.023299621103023,1.1389512910598676,0.7956288349439828,0.9321238322519486,3.746343068054334,1.7120671853621836,1.6139880460491152,2.2398268022635768,0.9109002026671374,PSBPM-FD
936,955,945,test,20,False,1.080876006924257,1.0396518681386846,1.1339322310684925,0.8124312512065606,0.9529616266888368,3.746343068054334,1.7658422234515982,1.6616492758140577,2.2600156135180702,0.9166160864934032,PSBPM-FD
937,956,946,test,20,False,1.105782844352324,1.0515620972402553,1.1217261393130908,0.8266790586207232,0.9728761680991191,3.746343068054334,1.812559376478966,1.7042386271790633,2.2858431768970893,0.9251723418449168,PSBPM-FD
938,957,947,test,20,False,1.1097751435686432,1.0534586577406078,1.119766888958924,0.8268382494027058,0.9757651211545959,3.746343068054334,1.834899940079417,1.7235694691413013,2.32383879154309,0.9262490881676891,PSBPM-FD
939,958,948,test,20,False,1.1020394455457043,1.0497806654466943,1.1135780777596052,0.8199556303493691,0.9692695204749752,3.746343068054334,1.8211578849496628,1.7086117000038015,2.3391074128457645,0.9233066986069316,PSBPM-FD
940,959,949,test,20,False,1.1747008525624052,1.0838361742267164,1.1038021300479703,0.8481474183879241,1.004079456393254,3.746343068054334,1.8700259939228019,1.7635503723086985,2.3055392281036973,0.9264125707094372,PSBPM-FD
941,960,950,test,20,False,1.1357481314662226,1.0657148452875294,1.0653319963287833,0.8266745197072151,0.9809058877754984,3.746343068054334,1.824273516972297,1.7189605907393042,2.3060714788433305,0.9204205910361046,PSBPM-FD
942,961,951,test,20,False,1.1014217832388709,1.0494864378537108,1.1187114574530976,0.8057709557976788,0.9539869671486054,3.746343068054334,1.7576265610031778,1.6561228089394286,2.2665361022302686,0.9090036161873517,PSBPM-FD
943,962,952,test,20,False,1.1119799316004508,1.0545045906018857,1.0911621991914124,0.8110261862867197,0.9606378001853788,3.746343068054334,1.7557228100321112,1.6581165711300603,2.2457722637558404,0.9109849390385963,PSBPM-FD
944,963,953,test,20,False,1.1449720080689134,1.0700336481012704,1.143995005087332,0.8295384448445844,0.9765816242552823,3.746343068054334,1.7709604004892772,1.6749783630237893,2.221833881985778,0.9126644063840283,PSBPM-FD
945,964,954,test,20,False,1.162122504206196,1.0780178589458507,1.1551031344192972,0.839910521371492,0.9835270269057286,3.746343068054334,1.7803540039375485,1.682423101416753,2.209773003907572,0.9123476190528784,PSBPM-FD
946,965,955,test,20,False,1.1896633737447198,1.0907169081593628,1.1478274819312897,0.8608479922634817,1.0036540726418473,3.746343068054334,1.8076013833973348,1.7063009762682957,2.174903473017359,0.9201783387914669,PSBPM-FD
947,966,956,test,20,False,1.2272822534669006,1.1078277183149465,1.1193214057376886,0.8788258226304894,1.0255505434331849,3.746343068054334,1.8480935617637837,1.7497020437265705,2.1715929761258836,0.9257310739553359,PSBPM-FD
948,967,957,test,20,False,1.1760546975377075,1.084460556008243,1.1411796763912005,0.8513271034772956,0.9956626555329325,3.746343068054334,1.8143049563442297,1.7146111873861873,2.2108719269500576,0.9181179066556705,PSBPM-FD
949,968,958,test,20,False,1.1433610785071804,1.0692806359918712,1.2287051826011612,0.8409570792134012,0.9808851688781905,3.746343068054334,1.781420703178264,1.6814766537852779,2.1967317258535135,0.9173318358732979,PSBPM-FD
950,969,959,test,20,False,0.8956436418424498,0.9463845105676919,1.0643506494666422,0.7669009667227595,0.8991989994074989,2.6029269214730926,1.662533827193722,1.5597386084944524,2.222472981911154,0.9501412896837369,PSBPM-FD
951,970,960,test,20,False,0.912747688512157,0.9553782960231811,1.1036092571159282,0.772519570030686,0.9116136159427907,2.6029269214730926,1.7015021988455215,1.5965310403882367,2.2678298564959003,0.9541912556915271,PSBPM-FD
952,971,961,test,20,False,0.8949187286272272,0.9460014421908812,1.1645159251810775,0.7625361287892377,0.9046216834654233,2.6029269214730926,1.7148928610065024,1.607302539669395,2.299634812577355,0.9562582498504177,PSBPM-FD
953,972,962,test,20,False,0.8241897315542823,0.90784895855769,1.0362944888531485,0.7307046782358648,0.8674742765519239,2.6029269214730926,1.6563604558781697,1.545601575737614,2.310536500032476,0.9555270933284874,PSBPM-FD
954,973,963,test,20,False,0.8136468134925543,0.90202373222247,1.0639734026492473,0.7244475209241387,0.861510810197615,2.6029269214730926,1.6384360987619395,1.5319138728593384,2.3047961072850343,0.9550866340012625,PSBPM-FD
955,974,964,test,20,False,0.7949757810307871,0.8916141435793777,1.0730993082700628,0.710819850640424,0.8475396832579009,2.6029269214730926,1.6309231574530951,1.5236855690810243,2.348736737402363,0.9505677869301845,PSBPM-FD
956,975,965,test,20,False,0.75998445229709,0.8717708714433455,1.0998159405095318,0.6952296225812725,0.8256370108616828,2.6029269214730926,1.5675050876297776,1.4659089841592172,2.3056721704152663,0.9470802912865381,PSBPM-FD
957,976,966,test,20,False,0.762870641388296,0.8734246626860819,1.112948918701271,0.6971084895420268,0.8273516437102953,2.6029269214730926,1.5647052820032805,1.4689587167290887,2.294827409903145,0.9472501511073708,PSBPM-FD
958,977,967,test,20,False,0.805257565832848,0.8973614465937614,1.0188097526255566,0.7159189805116963,0.8497955058137862,2.6029269214730926,1.598340676927592,1.5010106976763098,2.2739930429698494,0.9469935543135625,PSBPM-FD
959,978,968,test,20,False,0.8094735236968986,0.8997074656225204,0.9542888750175402,0.7219899476154954,0.8535091112212045,2.6029269214730926,1.5958196257657873,1.499623789262245,2.2315150086995397,0.948651804984912,PSBPM-FD
960,979,969,test,20,False,0.7696963108517496,0.8773233787217514,0.8787289482845296,0.7143828584346796,0.8373408914878832,2.467324942614584,1.5597699504046278,1.4658768418561499,2.2124684486195756,0.9544267390980482,PSBPM-FD
961,980,970,test,20,False,0.8291856880445939,0.9105963364985573,0.8361436069042363,0.7440508863784538,0.8693614246639699,2.467324942614584,1.611444295104579,1.5170789752824754,2.2014669105236853,0.9547165849654693,PSBPM-FD
962,981,971,test,20,False,0.9531376871008875,0.9762877071339614,0.7890317346077824,0.8015475121706027,0.931792555925092,2.478830701354808,1.7062071372536416,1.6092012803618467,2.196486985742167,0.9544241406670053,PSBPM-FD
963,982,972,test,20,False,0.9623596991081265,0.9809993369560076,0.7400532762925147,0.8069028484286292,0.9368547208498216,2.478830701354808,1.73250177141415,1.630991832095269,2.2152310107036235,0.9550003609144482,PSBPM-FD
964,983,973,test,20,False,0.913816023737172,0.9559372488490926,0.7116071091407772,0.781589447345639,0.9108755819712666,2.478830701354808,1.6950468248478914,1.5919613476606105,2.2274758558449372,0.9528612710383675,PSBPM-FD
965,984,974,test,20,False,0.8972637509325839,0.9472400703795125,0.7116914305473974,0.7705471648037222,0.9041863179179812,2.478830701354808,1.692771858104487,1.5885381912725294,2.24874666672612,0.9545482145362771,PSBPM-FD
966,985,975,test,20,False,0.87233920572935,0.9339910094478158,0.698851016413114,0.7527850098757799,0.8866312312914697,2.478830701354808,1.6720826180696455,1.56609346609881,2.279573993257236,0.9492931113069861,PSBPM-FD
967,986,976,test,20,False,0.9173320825512523,0.9577745468278286,0.7448354093347584,0.7695468401951904,0.9045287705521764,2.918411006214318,1.7114717400906438,1.6041553359479916,2.279534150985244,0.9444067745880245,PSBPM-FD
968,987,977,test,20,False,0.9528215488779226,0.9761257853770294,0.7411166974134475,0.7862359415615539,0.9271522308924155,2.918411006214318,1.7634197441257669,1.648998339615413,2.2895093903838903,0.949828643789286,PSBPM-FD
969,988,978,test,20,False,0.9393111499075081,0.9691806590659494,0.7522507196584366,0.773487604973505,0.9194916808260393,2.918411006214318,1.7821966583336715,1.6641842229803459,2.3568691625916736,0.9487309432198141,PSBPM-FD
970,989,979,test,20,False,1.0253081892248006,1.0125750289360294,0.7643989408600056,0.811351806892632,0.9588365479139231,2.918411006214318,1.8289044804287435,1.718804242046452,2.326170805565949,0.9469288897252658,PSBPM-FD
971,990,980,test,20,False,1.0302172732115769,1.0149961936931473,0.7802248102631887,0.8201012530974696,0.9617511295789873,2.918411006214318,1.8174857101094581,1.7099674041676771,2.276822032864044,0.947541612032629,PSBPM-FD
972,991,981,test,20,False,0.9959607985185992,0.9979783557365356,0.7921989348803873,0.8092165584148873,0.9452883022573861,2.918411006214318,1.7625224395429668,1.6571928618845582,2.2408663337485963,0.9472032101936091,PSBPM-FD
973,992,982,test,20,False,1.0141372041260814,1.007043794542264,0.798388545056379,0.8205737870610206,0.9581110248359671,2.918411006214318,1.7750098923038624,1.6743554525874356,2.2235069800395495,0.951409491849817,PSBPM-FD
974,993,983,test,20,False,1.0424567019906683,1.0210076894865525,0.8150272328957029,0.8343693241831829,0.9727047676946047,2.918411006214318,1.800786896672124,1.696001297713519,2.2197801259986107,0.9526909324098837,PSBPM-FD
975,994,984,test,20,False,1.106839687779714,1.052064488413003,0.8308676081090262,0.8583716910219286,1.008869449638938,2.918411006214318,1.8658578562706665,1.7605556091954386,2.216599131927624,0.9589425940616787,PSBPM-FD
976,995,985,test,20,False,1.2303161633862385,1.1091961789450226,0.8388407119868111,0.902610281615597,1.0636316903097123,3.11695502487903,1.9754374122257476,1.8640046407308166,2.240060634873641,0.958921163361158,PSBPM-FD
977,996,986,test,20,False,1.2684779926251337,1.126267282941813,0.8035112950855124,0.9208411413598304,1.0819450147889085,3.11695502487903,1.9980456564459605,1.8857332212502562,2.220866612231113,0.9606467587008879,PSBPM-FD
978,997,987,test,20,False,1.2607490545477076,1.1228308218728713,0.7981500487006776,0.918888435598948,1.07853920045364,3.11695502487903,1.992931205408188,1.884454738408876,2.2204628459907805,0.9605536109657613,PSBPM-FD
979,998,988,test,20,False,1.3120591839953974,1.1454515197053943,0.8287654042744801,0.9462418265895561,1.107291083321429,3.11695502487903,2.019341960334537,1.9140439113401713,2.1855012534865574,0.9666852453137605,PSBPM-FD
980,999,989,test,20,False,1.3050426269605269,1.1423846230409997,0.8598022118689436,0.940007092684489,1.1038998375481455,3.11695502487903,2.013512411663853,1.9095851745713381,2.193499828793544,0.9663118841792454,PSBPM-FD
981,1000,990,test,20,False,1.273365674496123,1.1284350555065732,0.8496994926976228,0.9256514267009658,1.0895782303684487,3.11695502487903,1.988263136351194,1.8842991271003953,2.1965503457324216,0.9655657408474597,PSBPM-FD
5,24,14,train,20,False,0.13856688669984904,0.3722457342936908,0.1240129551727811,0.2985377324771642,0.34807591058394294,1.153356620478558,0.6679169351935774,0.6074866490280494,2.297107083725477,0.935070246659486,(truncamiento FPCA)
6,25,15,train,20,False,0.13715574579163695,0.3703454411649169,0.12195550879522839,0.2964593499217206,0.3443874824967169,1.153356620478558,0.6571540418211238,0.5985716487695631,2.2634253682250636,0.9299087938370469,(truncamiento FPCA)
7,26,16,train,20,False,0.13332483722488808,0.3651367377091602,0.1154516674306765,0.29086050255485596,0.3385340326003696,1.153356620478558,0.6474509379065809,0.5915795995302597,2.2774401266642244,0.927143170321086,(truncamiento FPCA)
8,27,17,train,20,False,0.1316392274384472,0.36282120588307293,0.11088713176553536,0.2879876744369714,0.3360356365939498,1.153356620478558,0.645835773808656,0.5892372848493159,2.291162969152625,0.9261741903317653,(truncamiento FPCA)
9,28,18,train,20,False,0.1369160618161575,0.37002170452036665,0.10710317681400552,0.29617979032685376,0.34582635676732104,1.153356620478558,0.664067854567683,0.605808944509324,2.293702498295157,0.9346110040101341,(truncamiento FPCA)
10,29,19,train,20,False,0.13531199291317336,0.36784778497793535,0.09979210205973676,0.2936957974857036,0.3428652596225905,1.153356620478558,0.6527134284336298,0.5986694410059022,2.2691442265577413,0.932084611147398,(truncamiento FPCA)
11,30,20,train,20,False,0.1374552058751868,0.37074951904916453,0.10434228412477255,0.2975468038917491,0.34704826860216603,1.153356620478558,0.6597377593072916,0.6051222041514971,2.255683949309396,0.9360720669098008,(truncamiento FPCA)
12,31,21,train,20,False,0.14414580345656575,0.3796653835373535,0.10959205748108806,0.30597798451907243,0.35623327242045383,1.153356620478558,0.6754069405480168,0.6150149485446375,2.2417327801240683,0.9382822028740624,(truncamiento FPCA)
13,32,22,train,20,False,0.14406257318437002,0.3795557576751669,0.11635545553168987,0.306178876645773,0.35607362958074396,1.153356620478558,0.6730197902910225,0.6134014220283299,2.2296324244234915,0.9381325994413725,(truncamiento FPCA)
14,33,23,train,20,False,0.15819301286478296,0.3977348524642805,0.12197119603316303,0.32286347623676603,0.3745230457023353,1.153356620478558,0.6990856258242646,0.640482788222789,2.2021042526697334,0.9416399980586821,(truncamiento FPCA)
15,34,24,train,20,False,0.14131926949682944,0.37592455293160815,0.0929565298489232,0.3055109782861499,0.354787760072881,1.0534662152309933,0.6637838474448015,0.605397700399405,2.2090088255856926,0.9437738431983383,(truncamiento FPCA)
16,35,25,train,20,False,0.13729046613220813,0.37052728122529405,0.08223967326879704,0.30151549619179235,0.34983515376277957,1.0534662152309933,0.6494906323211854,0.5924519378647062,2.191267407260459,0.9441549151412338,(truncamiento FPCA)
17,36,26,train,20,False,0.1327745516692828,0.36438242502799556,0.07925576889679989,0.2958130118280753,0.34354312349882987,1.0534662152309933,0.6353715725870226,0.5794757794279077,2.1867944159143895,0.9428092572588688,(truncamiento FPCA)
18,37,27,train,20,False,0.1310495309893815,0.3620076394074875,0.07766865441017386,0.2907165865456528,0.33758472894917035,1.0534662152309933,0.6260855001839196,0.5693112156525788,2.2002165074421756,0.9325348202643152,(truncamiento FPCA)
19,38,28,train,20,False,0.12073975665098217,0.3474762677521764,0.07092611066115784,0.2798435368841894,0.3270903080350721,0.9233004217086394,0.6144754450182222,0.5569108945412422,2.232301141379585,0.9413313609905476,(truncamiento FPCA)
20,39,29,train,20,False,0.1141676730740154,0.3378870714810133,0.06633571863814973,0.2725296363860728,0.31974869182958543,0.9233004217086394,0.6099158684630396,0.5486696342959482,2.2602994912385426,0.9463182193626869,(truncamiento FPCA)
21,40,30,train,20,False,0.11437473649135685,0.3381933418791045,0.06662387961080102,0.2736241407230124,0.32000266639150726,0.9233004217086394,0.604587634935878,0.5439142831042713,2.238137352476834,0.9462122010252351,(truncamiento FPCA)
22,41,31,train,20,False,0.11984487982668002,0.3461861924263878,0.07222533158475973,0.2815341445151961,0.32808341517925,0.9233004217086394,0.614175759695004,0.553027586147251,2.21299869739229,0.9477079743699277,(truncamiento FPCA)
23,42,32,train,20,False,0.11165231629230263,0.3341441549575611,0.0693353330048183,0.2710593360530629,0.3166267944250408,0.9233004217086394,0.5943796146525855,0.5364922803970961,2.2260763046171155,0.947575439304796,(truncamiento FPCA)
24,43,33,train,20,False,0.10601866488937957,0.325605075036277,0.07434207875758346,0.26292523922521155,0.30586428845071584,0.9233004217086394,0.5668317476485797,0.5118154888722846,2.184556338269254,0.93937199356195,(truncamiento FPCA)
25,44,34,train,20,False,0.11200480747433963,0.334671193075143,0.09429254291543439,0.2703579887294482,0.31498092185336946,0.9233004217086394,0.5895712035066571,0.5316718232694073,2.2004130205997736,0.9411653239681358,(truncamiento FPCA)
26,45,35,train,20,False,0.11268972560617892,0.3356929037173394,0.09523700955250247,0.27173544913329073,0.31694816048970464,0.9233004217086394,0.5937481696138582,0.5350705110022351,2.205843484853191,0.9441610381987157,(truncamiento FPCA)
27,46,36,train,20,False,0.11099314526225834,0.3331563375688032,0.08337247580629191,0.2691666141165977,0.31329428663848635,0.9233004217086394,0.5829721883017506,0.524392846925974,2.1813291508638497,0.9403821909099509,(truncamiento FPCA)
28,47,37,train,20,False,0.11048984734682965,0.33240013138810526,0.07928356556955807,0.2686366702273759,0.3124667081161973,0.9233004217086394,0.5797475615398461,0.5228063091993553,2.1730699213511158,0.9400318429819332,(truncamiento FPCA)
29,48,38,train,20,False,0.11353769264807903,0.3369535467213233,0.08578921377413999,0.27261104024921307,0.31622934116695683,0.9233004217086394,0.5827876698650579,0.527118868526082,2.158706462472846,0.938495363067045,(truncamiento FPCA)
30,49,39,train,20,False,0.11615302809075308,0.3408123062489867,0.08943161767274774,0.2765209172179025,0.32078828521953967,0.9233004217086394,0.5917571116539152,0.5362444572208968,2.1618334375579775,0.9412461913425801,(truncamiento FPCA)
31,50,40,train,20,False,0.112382543712559,0.3352350574038446,0.08512006512971888,0.2689493888773439,0.3116758305819472,0.9233004217086394,0.5713069213721795,0.5192458366065361,2.1425215619284375,0.9297232604359855,(truncamiento FPCA)
32,51,41,train,20,False,0.10527900713762595,0.32446726666587794,0.08177759920914464,0.2596910009804144,0.30171039716953174,0.9233004217086394,0.5509774946529438,0.5058342827188284,2.144320145327565,0.9298638974273475,(truncamiento FPCA)
33,52,42,train,20,False,0.1041780272317904,0.32276621141592626,0.0841129803908319,0.25738605990885105,0.2993751135015784,0.9233004217086394,0.5497351227895472,0.5031405278606432,2.1605004114058923,0.927529285634532,(truncamiento FPCA)
34,53,43,train,20,False,0.09103218752896124,0.3017154081729358,0.07201473533539197,0.2425008582148474,0.28315574898120716,0.9155200972090519,0.5300198584379628,0.48145088138213854,2.198067073130333,0.9384862069056459,(truncamiento FPCA)
35,54,44,train,20,False,0.09100932039820023,0.301677510594012,0.07329940518698455,0.24190254682454942,0.28310596231524593,0.9155200972090519,0.533034117854179,0.4841018412180958,2.2214264886319484,0.9384390694480403,(truncamiento FPCA)
36,55,45,train,20,False,0.08734345215161864,0.2955392565322222,0.0739024103479876,0.2351047347878517,0.27689466007023383,0.9155200972090519,0.529291634938432,0.4786414470611124,2.2679240646902317,0.9369132998412495,(truncamiento FPCA)
37,56,46,train,20,False,0.08535609417227083,0.2921576529414741,0.0707356569333998,0.23208984257896859,0.2730330680275902,0.9155200972090519,0.5224807082263928,0.4700670206981486,2.2668427632722765,0.9345401884176725,(truncamiento FPCA)
38,57,47,train,20,False,0.08806421948785569,0.29675616166788465,0.07467552145602518,0.23880277460830296,0.28116568700781175,0.9155200972090519,0.5404020903881483,0.4868211152230469,2.2794170869979666,0.9474636867775604,(truncamiento FPCA)
39,58,48,train,20,False,0.08442367306526198,0.2905575210956722,0.07233925487862738,0.23440196013901887,0.27567165155351336,0.9155200972090519,0.5314817187822475,0.478262331208296,2.2912687870176365,0.9487679083782611,(truncamiento FPCA)
40,59,49,train,20,False,0.08488757175645988,0.29135471809541696,0.07197654640299232,0.235771609197947,0.27628160407911906,0.9155200972090519,0.5240660635942611,0.47493693001182236,2.260371587998562,0.948265419846877,(truncamiento FPCA)
41,60,50,train,20,False,0.0789410084471581,0.2809644255900702,0.06662072626470245,0.22652942099521017,0.26687649072402764,0.9155200972090519,0.5133766580244393,0.46313833266792487,2.3030249921005015,0.9498586526160541,(truncamiento FPCA)
42,61,51,train,20,False,0.07789357837269431,0.27909421056821354,0.06659075410055822,0.22496954602211128,0.2655877838490496,0.9155200972090519,0.5138315705488649,0.46235833923515895,2.3130460887662685,0.9516062096319878,(truncamiento FPCA)
43,62,52,train,20,False,0.07828163250172718,0.27978854962583294,0.07587421749595451,0.22591729257523624,0.2663616642075469,0.9155200972090519,0.5146351656314038,0.4633728127020914,2.3064578323976117,0.9520105971590257,(truncamiento FPCA)
44,63,53,train,20,False,0.08382374015123141,0.28952329811473104,0.08758792463862636,0.2352364431770892,0.27699982638570464,0.9155200972090519,0.535655504619297,0.4799641409595985,2.318045629934129,0.956744511372402,(truncamiento FPCA)
45,64,54,train,20,False,0.08264014112792695,0.2874719832051933,0.08485805080662184,0.23502930199641492,0.2755380794253629,0.7407762003086498,0.5252372709952005,0.4727052754087803,2.2892845881981136,0.9584867240042931,(truncamiento FPCA)
46,65,55,train,20,False,0.08576098330200828,0.2928497623389991,0.08663329377613632,0.24115412097655936,0.28165841391141144,0.7407762003086498,0.534407978857097,0.47959667542129036,2.2667419129996853,0.9617846764217868,(truncamiento FPCA)
47,66,56,train,20,False,0.08992117120323456,0.2998685898910297,0.10141581929974787,0.24710621008865216,0.2893036861720022,0.7407762003086498,0.5500795239461234,0.49422290383780093,2.2781476284085778,0.9647682215637632,(truncamiento FPCA)
48,67,57,train,20,False,0.0879695468096651,0.2965966062005179,0.10768717859672527,0.2440682698630991,0.2855211365113062,0.7407762003086498,0.5451813904133251,0.48884697886050343,2.2832881156857345,0.9626581374915529,(truncamiento FPCA)
49,68,58,train,20,False,0.07895295543011552,0.28098568545410907,0.10001988688036001,0.22929388577732873,0.26963396598637274,0.7071554247271191,0.523064945102943,0.466404574573292,2.3441672739710286,0.9596003638071794,(truncamiento FPCA)
50,69,59,train,20,False,0.07524233143641162,0.27430335658976474,0.10391741603516881,0.22316202345878922,0.2625381987797644,0.7071554247271191,0.5133051684953964,0.45454381328809595,2.3649852985645254,0.9571089542750447,(truncamiento FPCA)
51,70,60,train,20,False,0.07651633908270711,0.2766158691809042,0.12161218987761488,0.22645746327572863,0.26660923549879706,0.7071554247271191,0.5213223073534966,0.4625251941332181,2.3724093645547115,0.9638248025619858,(truncamiento FPCA)
52,71,61,train,20,False,0.07549680087863353,0.2747668118216491,0.11802370670413323,0.2246888982278028,0.26444063737303536,0.7071554247271191,0.5204278914374425,0.46010063316827693,2.3900831489500525,0.9624184071571336,(truncamiento FPCA)
53,72,62,train,20,False,0.08758371827994912,0.29594546504372915,0.13108241854305133,0.23806254219022435,0.28060069803038373,1.1617701706245778,0.5583858026812563,0.49137036726018674,2.4098914447972404,0.9481500180748568,(truncamiento FPCA)
54,73,63,train,20,False,0.09381072066716946,0.30628535823177944,0.15475370936117103,0.24673598110617795,0.2898730948512151,1.1617701706245778,0.5706009737310828,0.5039360505855451,2.382726340138123,0.9464151225663733,(truncamiento FPCA)
55,74,64,train,20,False,0.09617834492261852,0.3101263370347938,0.17808837661754004,0.25086354358840696,0.29421604074918284,1.1617701706245778,0.5771645706984573,0.5100359214665859,2.365426603544093,0.948697371407621,(truncamiento FPCA)
56,75,65,train,20,False,0.096167441874172,0.3101087581384505,0.18014424549474484,0.2513432830137929,0.2941926184525904,1.1617701706245778,0.5753152604537337,0.5103084984867361,2.349042600416406,0.9486756201875659,(truncamiento FPCA)
57,76,66,train,20,False,0.09678078911309226,0.3110961091256081,0.17894558621028006,0.2524285429329861,0.2955148842100226,1.1617701706245778,0.5802096918251463,0.515024423713062,2.36114422707426,0.9499150762142948,(truncamiento FPCA)
58,77,67,train,20,False,0.09687028372054377,0.3112399134438637,0.17818708607965306,0.25289797281433585,0.29569414836696595,1.1617701706245778,0.5795372485638526,0.5125712048756768,2.35253919774798,0.9500521481808546,(truncamiento FPCA)
59,78,68,train,20,False,0.09353864529183506,0.30584088230947,0.1738511940636485,0.2457111709670338,0.2868128410125985,1.1617701706245778,0.5583246415267943,0.4961128286285107,2.345044141064049,0.9377845069201126,(truncamiento FPCA)
60,79,69,train,20,False,0.09114147484801484,0.30189646378852275,0.1689597735920087,0.24258365805597787,0.28341122712724637,1.1617701706245778,0.5544167014251487,0.49262601612466816,2.3509671308622067,0.9387696151544682,(truncamiento FPCA)
61,80,70,train,20,False,0.09954884949443703,0.3155136280645212,0.1582922227966523,0.2527909955135289,0.29562381622323747,1.1617701706245778,0.5762230479217261,0.514509054715823,2.3326865075802146,0.9369605301574601,(truncamiento FPCA)
62,81,71,train,20,False,0.09989269838004636,0.3160580617229157,0.1560434095064285,0.25362931911552755,0.2960559798249375,1.1617701706245778,0.5774608739159195,0.5154701177699511,2.331249976920192,0.9367139006392003,(truncamiento FPCA)
63,82,72,train,20,False,0.10073275339952055,0.31738423621774375,0.15861079560690922,0.2545146670599693,0.2975900509985242,1.1617701706245778,0.5790656144202762,0.5170230991498801,2.329554676584599,0.9376333700277426,(truncamiento FPCA)
64,83,73,train,20,False,0.09565134781640759,0.3092755208813132,0.14951308925265436,0.2458699286410268,0.2883244448774277,1.1617701706245778,0.565196718949736,0.506196290085391,2.3569517059838185,0.9322575678017347,(truncamiento FPCA)
65,84,74,train,20,False,0.09773934417826073,0.31263292241582735,0.14831841310167157,0.2482782675553993,0.290837837139638,1.1617701706245778,0.5679325069778394,0.5068813343928061,2.351265348051956,0.9302853803503135,(truncamiento FPCA)
66,85,75,train,20,False,0.09637572367714663,0.31044439707803817,0.14804441722618827,0.24559869357255476,0.2885098920339176,1.1617701706245778,0.5665093294894792,0.5071375597595573,2.369599420321516,0.9293448190704283,(truncamiento FPCA)
67,86,76,train,20,False,0.09340519515329962,0.3056226352109732,0.14602484444796604,0.24215241644411697,0.2835395458027353,1.1617701706245778,0.5560893917021973,0.49595729097759034,2.3583926592308724,0.9277439336487829,(truncamiento FPCA)
68,87,77,train,20,False,0.09978078706250226,0.3158809697694723,0.16333896626982572,0.25107500615119865,0.29350685900353707,1.1617701706245778,0.5728581164459141,0.5116239024804952,2.354447879058715,0.9291691715956688,(truncamiento FPCA)
69,88,78,train,20,False,0.09959263346592054,0.31558300566716285,0.17426058565043795,0.25075981921367496,0.2927017279332019,1.1617701706245778,0.5701434177056285,0.5087592308434714,2.335103066759827,0.9274952157655371,(truncamiento FPCA)
70,89,79,train,20,False,0.12730117717274755,0.356792905160329,0.2031320244279235,0.27712639044209564,0.3215970952138779,1.2641473148988729,0.6131000071093891,0.5501177833072971,2.299815091815348,0.9013550733845578,(truncamiento FPCA)
71,90,80,train,20,False,0.12813083055784702,0.3579536709657369,0.1942415562906732,0.27863779653623677,0.32351443037151395,1.2641473148988729,0.6179852968029527,0.5529753503624025,2.307665925579357,0.9037885531350803,(truncamiento FPCA)
72,91,81,train,20,False,0.12800122905518743,0.35777259405268513,0.20688954236853652,0.2777463170075347,0.32320629729400674,1.2641473148988729,0.6179644056770004,0.5529231901427275,2.322259217124103,0.90338472724496,(truncamiento FPCA)
73,92,82,train,20,False,0.11521526514089919,0.3394337419009772,0.19703801070768656,0.26218543351426726,0.30524822453282485,1.2641473148988729,0.5787619464288609,0.5220065311902448,2.327053697785479,0.8992866260829036,(truncamiento FPCA)
74,93,83,train,20,False,0.11363614935508862,0.3370996134009777,0.18866135801528902,0.26004244304168245,0.3033187606863027,1.2641473148988729,0.5745739449439142,0.5189424099746766,2.3276521754957815,0.899789701999768,(truncamiento FPCA)
75,94,84,train,20,False,0.1095650588916467,0.33100613119947897,0.18555904665218656,0.252117638085788,0.2943081992561301,1.2641473148988729,0.5576724103132706,0.5039133486541458,2.3448229552751063,0.8891321686085837,(truncamiento FPCA)
76,95,85,train,20,False,0.11029045438827241,0.3321000668296717,0.18906752205239405,0.25410415224925753,0.295775493966251,1.2641473148988729,0.5571571498286815,0.5034980729851395,2.3220586788228887,0.8906216032710079,(truncamiento FPCA)
77,96,86,train,20,False,0.11304902553691953,0.3362276394601127,0.1932738222147801,0.2583808976881496,0.3004936654819751,1.2641473148988729,0.5633467453626158,0.5101217569771859,2.308089990990719,0.8937208908954767,(truncamiento FPCA)
78,97,87,train,20,False,0.1140453083915944,0.33770594959460576,0.1870885743101747,0.2584139440884846,0.3023395366890371,1.2641473148988729,0.5697103900007503,0.5183780869585969,2.3370538484861,0.8952745341086714,(truncamiento FPCA)
79,98,88,train,20,False,0.12205853517802638,0.34936876674658024,0.19098885202461388,0.27269794277385195,0.3180184813373972,1.2641473148988729,0.5939844212774831,0.5410157897297069,2.297319470052199,0.910265918441635,(truncamiento FPCA)
80,99,89,train,20,False,0.1185118778678991,0.3442555415209741,0.1855012139246404,0.265715324324121,0.3108203818984993,1.2641473148988729,0.5857267462926153,0.5326160449410738,2.3322909642643745,0.9028769167382082,(truncamiento FPCA)
81,100,90,train,20,False,0.10932816805187091,0.33064810305197717,0.18893130275520273,0.25460393557791744,0.29669524092499194,1.2641473148988729,0.5574745749201538,0.5072666407364139,2.325598476428815,0.8973142086296866,(truncamiento FPCA)
82,101,91,train,20,False,0.10565599741516263,0.325047684832799,0.17293307535395677,0.24952721638383024,0.2914437158695088,1.2641473148988729,0.5511507327193691,0.5019257195452401,2.341811870055012,0.8966183408425883,(truncamiento FPCA)
83,102,92,train,20,False,0.10342185910340965,0.3215926913090682,0.1645386610184839,0.2458815314007104,0.286850686051055,1.2641473148988729,0.5437316556729771,0.4959001901355683,2.346277098012762,0.8919689215678592,(truncamiento FPCA)
84,103,93,train,20,False,0.10404132939847785,0.32255438207917414,0.16496880062480412,0.2472254796324389,0.28842091940510317,1.2641473148988729,0.5453690069806922,0.49808786480763506,2.3356194059144033,0.8941776501250801,(truncamiento FPCA)
85,104,94,train,20,False,0.09691714994786889,0.31131519389176765,0.16528727164435708,0.23646865620552115,0.27774934487688774,1.2641473148988729,0.5335465645696484,0.4873809735898392,2.3873251984016357,0.892180498499699,(truncamiento FPCA)
86,105,95,train,20,False,0.09441557500859998,0.30727117503696955,0.1715768368475347,0.2310239391093371,0.27179479580502197,1.2641473148988729,0.5236389984815688,0.4773943149821761,2.416315547981254,0.8845437446982158,(truncamiento FPCA)
87,106,96,train,20,False,0.09818764136357315,0.31334907270259016,0.18313861062685438,0.23590053902726624,0.27787940665984057,1.2641473148988729,0.5356476602707102,0.48938063719139296,2.4221457266876065,0.886804624194899,(truncamiento FPCA)
88,107,97,train,20,False,0.09150313099007418,0.3024948445677615,0.1669151263555978,0.22561553419536687,0.2671865810409336,1.2641473148988729,0.5222529339840338,0.4756325013767534,2.46291595995553,0.8832764783899697,(truncamiento FPCA)
89,108,98,train,20,False,0.10093512557544684,0.3177028888371128,0.17876597837052605,0.24029036457638214,0.28413410827242797,1.2641473148988729,0.552794010556134,0.5058755513631901,2.4383322741498494,0.8943390767154917,(truncamiento FPCA)
90,109,99,train,20,False,0.08089199155479038,0.28441517462116955,0.14823072748568275,0.22549759494497876,0.2674849183317355,0.8549748507373014,0.5243256311333829,0.480696070955681,2.4352061689716193,0.9404734423471444,(truncamiento FPCA)
91,110,100,train,20,False,0.08345412496072133,0.2888842760704039,0.156905651004006,0.2297515586510966,0.2720422171212987,0.8549748507373014,0.5299116592943519,0.4873811334661249,2.4194838326743784,0.9416996342680811,(truncamiento FPCA)
92,111,101,train,20,False,0.08763059389835053,0.2960246508288634,0.16298323558703212,0.23753480730307577,0.27946249592989636,0.8549748507373014,0.537194369601268,0.4957180253514849,2.370445556515349,0.9440514333769389,(truncamiento FPCA)
93,112,102,train,20,False,0.0878003830794171,0.29631129421508234,0.1663490085153626,0.2383790406857309,0.27993126310520766,0.8549748507373014,0.5352903584305523,0.4941649847806957,2.34434284320901,0.9447201931561037,(truncamiento FPCA)
94,113,103,train,20,False,0.08576154675216426,0.29285072434973464,0.16214320434545987,0.2354846973449595,0.27711312817967393,0.8549748507373014,0.5380469663756169,0.49396178817487285,2.3758298331262298,0.9462606889397132,(truncamiento FPCA)
95,114,104,train,20,False,0.08765700105974902,0.2960692504461566,0.14893264082412355,0.23940020227380715,0.28219226118918,0.8549748507373014,0.5495661389160967,0.5038116279380522,2.3805057791965702,0.9531292451476642,(truncamiento FPCA)
96,115,105,train,20,False,0.08573881529070823,0.2928119111148114,0.14344138332056544,0.23505789568661176,0.2777893594974118,0.8549748507373014,0.5433429047861983,0.49778348992046706,2.3959448770843133,0.9486955583186324,(truncamiento FPCA)
97,116,106,train,20,False,0.08537845500803634,0.2921959188764216,0.12866621235926592,0.23393344928329415,0.2772500979878766,0.8549748507373014,0.544709507023027,0.5002910450712337,2.4097404997474348,0.9488500012388399,(truncamiento FPCA)
98,117,107,train,20,False,0.09179766053526857,0.30298128743417235,0.13651301157981688,0.24193506065667109,0.2858292200950063,1.0149096250815735,0.5635464782526332,0.5165829347999689,2.3972935733476164,0.9433890208718165,(truncamiento FPCA)
99,118,108,train,20,False,0.0851339470500519,0.291777221609316,0.12517982471885175,0.23098916464070157,0.2747968165343383,1.0149096250815735,0.549037197993601,0.503338614728243,2.4417317859677654,0.9418035274264345,(truncamiento FPCA)
100,119,109,train,20,False,0.0951895466715932,0.30852803222980113,0.13371917481106654,0.24482888934193342,0.290136108826972,1.0149096250815735,0.5726544772969293,0.5259387397280711,2.412196179176271,0.9403881609398452,(truncamiento FPCA)
101,120,110,train,20,False,0.09567864480258326,0.3093196482646766,0.1368315506868794,0.24599678839771694,0.2913819589426792,1.0149096250815735,0.5734244853596393,0.5262123563106037,2.4014313104400036,0.9420092146663487,(truncamiento FPCA)
102,121,111,train,20,False,0.10005380934587076,0.3163128346208398,0.1465463254294909,0.250898230287344,0.2974893269053811,1.0149096250815735,0.5870293687780379,0.5394895331681577,2.406916815048031,0.9404908506541563,(truncamiento FPCA)
103,122,112,train,20,False,0.09955241563908479,0.31551927934610396,0.1601059159012469,0.2497951578707262,0.29612407514327305,1.0149096250815735,0.5835106086211408,0.5354784395039173,2.4004822676777477,0.938529258043989,(truncamiento FPCA)
104,123,113,train,20,False,0.10945871929510383,0.3308454613488053,0.15955237834482985,0.2630113673556958,0.3101479199699285,1.0149096250815735,0.6011209094747119,0.5529820438212504,2.3680408982567256,0.9374404554486069,(truncamiento FPCA)
105,124,114,train,20,False,0.11218754993895497,0.3349440997225581,0.16106375920244417,0.26853321593076085,0.31508368773849227,1.0149096250815735,0.6041229208975714,0.5572944412210051,2.3211099816374037,0.9407052938071855,(truncamiento FPCA)
106,125,115,train,20,False,0.11853183271120955,0.34428452290396316,0.17615042384514742,0.2782313310528161,0.32689330975275405,1.0149096250815735,0.6262420511586486,0.5774698035573926,2.2980260684558877,0.9494859280791419,(truncamiento FPCA)
107,126,116,train,20,False,0.12634297504327335,0.35544757003427857,0.16026398165887148,0.2863119452298103,0.33545085302326383,1.0149096250815735,0.6371584906138283,0.5872098442871982,2.2837425610509805,0.9437421473746851,(truncamiento FPCA)
108,127,117,train,20,False,0.129177385740609,0.35941255645929926,0.16460158528194216,0.29168174385062484,0.3408990525103982,1.0149096250815735,0.6442536003900121,0.5932989248373132,2.255207905664701,0.9484895460211957,(truncamiento FPCA)
109,128,118,train,20,False,0.1204654043511246,0.34708126476536383,0.1614296016388889,0.27922531849727084,0.3266106315427556,1.0149096250815735,0.6187293401213865,0.5686285234073795,2.272151148360733,0.9410206332040222,(truncamiento FPCA)
110,129,119,train,20,False,0.11344867887238615,0.3368214346985449,0.16237848940223837,0.26877868127666066,0.31593712518278083,1.0149096250815735,0.609440505282264,0.556444029117586,2.3233888136874485,0.9379959011977502,(truncamiento FPCA)
111,130,120,train,20,False,0.11005457542996189,0.33174474438936014,0.15871803079118374,0.26248716790513854,0.3094566151007801,1.0149096250815735,0.6037692158933207,0.5487561944778824,2.369117433089369,0.9328154261204479,(truncamiento FPCA)
112,131,121,train,20,False,0.10519637517745284,0.32433990685306185,0.15179519220849536,0.2536360725747763,0.30023475969501934,1.0149096250815735,0.5921277114881274,0.537592161757052,2.4091298846597815,0.9256793670815134,(truncamiento FPCA)
113,132,122,train,20,False,0.11086542809515783,0.3329646048683821,0.15568090071772817,0.26229413715861827,0.31017409110024013,1.0149096250815735,0.6110665193029963,0.555225925344378,2.4104469267490183,0.931552743339939,(truncamiento FPCA)
114,133,123,train,20,False,0.11189462658489972,0.334506541916447,0.15529950636806725,0.26437878212019295,0.3116514357642208,1.0149096250815735,0.6066866428700997,0.5539174795910295,2.379099621269718,0.9316751594115759,(truncamiento FPCA)
115,134,124,train,20,False,0.11073510611526531,0.3327688478738136,0.1602725569788806,0.261861296023637,0.3088872775148321,1.0149096250815735,0.600808387307475,0.5484635973956731,2.3877141503106847,0.9282337559192516,(truncamiento FPCA)
116,135,125,train,20,False,0.11456398359995541,0.33847301753604436,0.17930907188370585,0.2687897333523908,0.31653611749712,1.0149096250815735,0.6147701304169759,0.5607630334216396,2.3817380402940485,0.9351886298097949,(truncamiento FPCA)
117,136,126,train,20,False,0.11047065339202804,0.3323712583723629,0.1828481516817715,0.26194389776958504,0.3081923961977718,1.0149096250815735,0.5980600041539467,0.5447620484213052,2.3801090670881497,0.9272534505751305,(truncamiento FPCA)
118,137,127,train,20,False,0.10676066449299762,0.3267425048765428,0.18685661278028773,0.2595300138314781,0.303725068334045,0.91771764783198,0.5805556938856284,0.5289192723976851,2.3466303745405073,0.9295548139621602,(truncamiento FPCA)
119,138,128,train,20,False,0.11423350372404051,0.3379844726079003,0.19980598400872446,0.2710169649607338,0.31571633551884826,0.91771764783198,0.5968509004415875,0.5440877562418853,2.3041697041245124,0.9341149109092785,(truncamiento FPCA)
120,139,129,train,20,False,0.10848704772039897,0.3293737204459381,0.2019826331794563,0.2639044374092392,0.30873078192122005,0.91771764783198,0.5876863454261839,0.534818345793177,2.322684419052941,0.9373266983875652,(truncamiento FPCA)
121,140,130,train,20,False,0.10724238175270932,0.3274788264189142,0.193766592169164,0.26018382480789015,0.3051275996872448,0.91771764783198,0.584549097030478,0.5313905019542826,2.367119377550019,0.9317475667783252,(truncamiento FPCA)
122,141,131,train,20,False,0.10130380432495042,0.31828258564513146,0.18354427726970177,0.2532287568306808,0.29610275176157874,0.91771764783198,0.5606062029746874,0.5094005077846265,2.336068143160643,0.9303140200441815,(truncamiento FPCA)
123,142,132,train,20,False,0.10284913301346901,0.32070100251397565,0.17950319274943263,0.2568124680384148,0.299830834642344,0.91771764783198,0.5635969970056396,0.5136096819331625,2.313658765966287,0.9349232845920955,(truncamiento FPCA)
124,143,133,train,20,False,0.10065185118075097,0.31725675907811796,0.20785006900504854,0.2538708960979268,0.29749360485191734,0.91771764783198,0.5689329804059313,0.515685067902439,2.3411305676433787,0.9377061207974632,(truncamiento FPCA)
125,144,134,train,20,False,0.09787187451617879,0.31284480899669537,0.1933104739278862,0.2487933704367984,0.29244465450503576,0.91771764783198,0.563998546843125,0.5082552078428052,2.370473680856097,0.9347914560031103,(truncamiento FPCA)
126,145,135,train,20,False,0.10688105899059017,0.3269266874860328,0.20134699510395612,0.2587966043576418,0.3018202603236127,0.9325744083057688,0.5709199913534391,0.5177688712609954,2.333908289263596,0.9232047179889749,(truncamiento FPCA)
127,146,136,train,20,False,0.09665021862436793,0.3108861827491983,0.19730854975048798,0.247517917980722,0.2896475859230937,0.9325744083057688,0.5517871766852886,0.5011722587741718,2.343531150490461,0.9316836900299348,(truncamiento FPCA)
128,147,137,train,20,False,0.09432675832100483,0.30712661610645997,0.1818244915568328,0.24310643270554647,0.28537456118561233,0.9325744083057688,0.5440527738607238,0.49528553050752616,2.3543414884650042,0.9291756110342854,(truncamiento FPCA)
129,148,138,train,20,False,0.09468325606538239,0.3077064446276392,0.14930342972842503,0.24429723677325105,0.28640895921085874,0.9325744083057688,0.5431503206126073,0.49454591684669486,2.3292338603189586,0.9307863524192582,(truncamiento FPCA)
130,149,139,train,20,False,0.09256517529679997,0.30424525517549156,0.127193253427866,0.23878424762877515,0.27946592851623675,0.9325744083057688,0.5259879787194641,0.4802641875140137,2.3053361785411224,0.9185547638369517,(truncamiento FPCA)
131,150,140,train,20,False,0.09659939845294543,0.3108044376339331,0.1261027037272255,0.2460323224377535,0.28689844450097335,0.9325744083057688,0.5342432842441548,0.49019407676977045,2.261682311374824,0.9230834883988486,(truncamiento FPCA)
132,151,141,train,20,False,0.09676522599976556,0.3110710947673627,0.12282599797357224,0.24676457414965056,0.2873698080628763,0.9325744083057688,0.5337152563717558,0.48892084697675414,2.245052294330132,0.9238074925533932,(truncamiento FPCA)
133,152,142,train,20,False,0.10015001095056489,0.3164648652703249,0.13222196952703644,0.2502973546940024,0.29135707895244484,0.9325744083057688,0.543840757551506,0.49456876677944034,2.2512179035200837,0.9206616940037469,(truncamiento FPCA)
134,153,143,train,20,False,0.09712910210708975,0.3116554220723422,0.13663726500828696,0.24624844740842314,0.28656467095510235,0.9325744083057688,0.5340953526443991,0.4855500061502938,2.2453491750808667,0.9194920115607175,(truncamiento FPCA)
135,154,144,train,20,False,0.0974537108906918,0.31217576922415324,0.13064576649308815,0.24748461656807672,0.2874161474326195,0.9325744083057688,0.5355526464217342,0.4864551991273192,2.2317122543775154,0.9206869198943002,(truncamiento FPCA)
136,155,145,train,20,False,0.09670740630982758,0.3109781444246968,0.12482331315121191,0.246574961020915,0.2862312777705502,0.9325744083057688,0.5317714543563042,0.4835875455216592,2.2248239918165056,0.9204224891754763,(truncamiento FPCA)
137,156,146,train,20,False,0.09804323049059513,0.31311855660531385,0.11842847422636299,0.24945749594822653,0.28963997067654373,0.9325744083057688,0.53801634470218,0.48908483739057473,2.2217046698244785,0.9250169450724541,(truncamiento FPCA)
138,157,147,train,20,False,0.09305851229918213,0.305054933248394,0.11231186580837989,0.24082612003056636,0.28081006836747024,0.9325744083057688,0.5260149347934396,0.47850936341876293,2.2566249761398978,0.9205229542667905,(truncamiento FPCA)
139,158,148,train,20,False,0.10721578371836278,0.327438213589011,0.12482326495934952,0.25198161121211915,0.2934890373787686,1.2835482135159153,0.5532021109426826,0.5023798682691516,2.265445101205065,0.8963188326795168,(truncamiento FPCA)
140,159,149,train,20,False,0.11725960908106048,0.3424319042978625,0.12929182048327262,0.26229960949884534,0.30458844851867656,1.2835482135159153,0.5777381731070674,0.5209702297818783,2.2652952393200545,0.8894861860001573,(truncamiento FPCA)
141,160,150,train,20,False,0.12345739409531287,0.3513650439291206,0.13972467924930035,0.2730051631637812,0.31663792929579054,1.2835482135159153,0.5983294352295399,0.5403724743789764,2.2295981905752624,0.9011651408318939,(truncamiento FPCA)
142,161,151,train,20,False,0.1237613267598281,0.35179728077378325,0.13906532441874142,0.27291328121155034,0.317258281949136,1.2835482135159153,0.6029039447198014,0.5428050682674207,2.252068456850127,0.9018213024595352,(truncamiento FPCA)
143,162,152,train,20,False,0.12431340622117756,0.35258106333321076,0.14118071412267114,0.27363404990708506,0.318339322290008,1.2835482135159153,0.6058677157510469,0.5454657061818159,2.2593529113143704,0.902882642875116,(truncamiento FPCA)
144,163,153,train,20,False,0.12196688177399015,0.34923757211100603,0.14360016683973098,0.27170927915843524,0.3155369329131495,1.2835482135159153,0.5950189233226019,0.536633742280587,2.240862493605843,0.9035022520797256,(truncamiento FPCA)
145,164,154,train,20,False,0.13297605143134528,0.3646588151016581,0.1715247354945026,0.28563361451182084,0.330311870437359,1.2835482135159153,0.614016610845187,0.557732517478306,2.202889621781432,0.9058107380326895,(truncamiento FPCA)
146,165,155,train,20,False,0.12468901724426411,0.3531133206836923,0.1626765840477864,0.27750077823064645,0.3218484740578534,1.2835482135159153,0.6067151627416262,0.5474886921420254,2.224608331777526,0.9114594528314468,(truncamiento FPCA)
147,166,156,train,20,False,0.13681830607159728,0.3698895863248887,0.15475691487996301,0.28985152051890484,0.3357193847344222,1.2835482135159153,0.6326616609571364,0.5709347693160214,2.2244894029687172,0.907620536360671,(truncamiento FPCA)
148,167,157,train,20,False,0.13822529300136266,0.3717866229456927,0.11685716387918768,0.29258709176305975,0.3384613562744267,1.2835482135159153,0.6369735429232407,0.5743781275244124,2.2148458550496772,0.9103645354229599,(truncamiento FPCA)
149,168,158,train,20,False,0.13739166293860844,0.37066381390501074,0.1032634974204485,0.2898533336728305,0.33578835725864675,1.2835482135159153,0.6358952573012688,0.5716421485005374,2.2591939832089434,0.9059108136860066,(truncamiento FPCA)
150,169,159,train,20,False,0.13960407983675566,0.37363629352186284,0.11027419235207568,0.29553770423210934,0.34294189553135956,1.2835482135159153,0.650961008581419,0.586714922581151,2.269156621656103,0.9178495276752143,(truncamiento FPCA)
151,170,160,train,20,False,0.1404643109446589,0.37478568668594975,0.10653403200683587,0.2969193347034281,0.3441442139002127,1.2835482135159153,0.6502867747947512,0.5869128605051681,2.2583757847150525,0.9182426814196537,(truncamiento FPCA)
152,171,161,train,20,False,0.14042746356249033,0.37473652552492176,0.1104401769677751,0.29706544260054735,0.34404162622751155,1.2835482135159153,0.6500122569776167,0.5854247219296176,2.2543433207632066,0.9180893849234111,(truncamiento FPCA)
153,172,162,train,20,False,0.13197187657845924,0.3632793368448847,0.10412308562910715,0.28588413754336994,0.3316054789239323,1.2835482135159153,0.626391817088512,0.5666981280361487,2.265207970287705,0.9128112867744065,(truncamiento FPCA)
154,173,163,train,20,False,0.13610861882320757,0.368929015968123,0.10222373054953379,0.2907596951459144,0.33787438223160515,1.2835482135159153,0.6422712326799005,0.5817920720841379,2.284293355925625,0.9158249083362934,(truncamiento FPCA)
155,174,164,train,20,False,0.13749625110196126,0.3708048693072426,0.10265421429320142,0.2938233987144007,0.34089915740820215,1.2835482135159153,0.6433746344972388,0.5842618795825485,2.2522676522341127,0.9193491931351605,(truncamiento FPCA)
156,175,165,train,20,False,0.13361523255998461,0.3655341742710039,0.10266505575216248,0.28517770869502307,0.3317113106908877,1.2835482135159153,0.6300412493459392,0.5712162970272212,2.294986246690492,0.9074700371105653,(truncamiento FPCA)
157,176,166,train,20,False,0.13477190511042494,0.36711293236608394,0.10802159571516191,0.2869801528573258,0.3339981381150313,1.2835482135159153,0.6337234571764833,0.5753798156829922,2.2928617961536295,0.9097967101359681,(truncamiento FPCA)
158,177,167,train,20,False,0.1367697082454478,0.3698238881487346,0.10463369415888889,0.291255747043858,0.3382263533036493,1.2835482135159153,0.638794863815906,0.5807865418452319,2.2657131293490593,0.9145605898979206,(truncamiento FPCA)
159,178,168,train,20,False,0.1272271446783095,0.3566891429218298,0.09677919259800388,0.28470177346720316,0.33035821947022403,1.15611345273829,0.6199029817814965,0.5637275079809597,2.2553235269167606,0.92617963295458,(truncamiento FPCA)
160,179,169,train,20,False,0.11997275104572129,0.34637082880306375,0.08544514573458037,0.27797840646711786,0.32294540753052636,1.0539913187791794,0.5977534192243323,0.5486775188372619,2.237841020542632,0.9323689545292038,(truncamiento FPCA)
161,180,170,train,20,False,0.11410450801810754,0.3377935878877921,0.08216245924018722,0.26865089888998006,0.31201051225556964,1.0539913187791794,0.5773853124387572,0.5295976119652914,2.2441988756709863,0.9236720987113969,(truncamiento FPCA)
162,181,171,train,20,False,0.1135460863550202,0.3369660017791412,0.0822238978048929,0.2681327570921964,0.310844772077532,1.0539913187791794,0.5745561151339564,0.5267971538444606,2.236097472893038,0.9224811121487266,(truncamiento FPCA)
163,182,172,train,20,False,0.11225029800450033,0.3350377560880271,0.07794727477662804,0.26558095193468306,0.3081345347162332,1.0539913187791794,0.5729789600038835,0.5230339474560157,2.254056853396662,0.9197009265883294,(truncamiento FPCA)
164,183,173,train,20,False,0.11060423756342457,0.3325721539206561,0.07331703671477031,0.2636751334374565,0.3058998246542393,1.0539913187791794,0.569770389197018,0.5208129583750263,2.2557082173872556,0.9197998721420911,(truncamiento FPCA)
165,184,174,train,20,False,0.09961794573645301,0.31562310710157615,0.068678520425873,0.24996420632486255,0.2911756544140397,1.0539913187791794,0.5487412046204188,0.5005780463251002,2.2799959238302976,0.9225422596208439,(truncamiento FPCA)
166,185,175,train,20,False,0.09653246116503235,0.310696735040831,0.06687895373577314,0.24613726157506005,0.2869183300583241,1.0539913187791794,0.5380123030809015,0.4924351802012888,2.2723452541517135,0.9234674771224036,(truncamiento FPCA)
167,186,176,train,20,False,0.08351504058970491,0.2889896894176415,0.05984490895742756,0.23191486557123228,0.2714772238702839,0.9057105728277255,0.5129364752827656,0.4700584380034452,2.2946709070273856,0.9394010714269844,(truncamiento FPCA)
168,187,177,train,20,False,0.0808417529419635,0.2843268417542802,0.06477785148622668,0.22700945168437325,0.26552139840406297,0.9057105728277255,0.5028469586328354,0.4599795337277367,2.300727413810712,0.9338597677440909,(truncamiento FPCA)
169,188,178,train,20,False,0.08399823201838803,0.28982448484968976,0.07671124794395061,0.2340515116802885,0.2731876663633236,0.9057105728277255,0.5140163170663946,0.47179821405091993,2.261219471152272,0.9425969186316524,(truncamiento FPCA)
170,189,179,train,20,False,0.08553469548766873,0.29246315235883774,0.0786611283944404,0.23673203750183663,0.2761866590893082,0.9057105728277255,0.5205727775786685,0.4775749168200255,2.260325742338121,0.9443468582682883,(truncamiento FPCA)
171,190,180,train,20,False,0.08167257817560551,0.28578414612361813,0.08222716598436312,0.23064086217523264,0.269892974558549,0.9057105728277255,0.5152618907372829,0.47049412165429183,2.2895702866851506,0.9443944957037774,(truncamiento FPCA)
172,191,181,train,20,False,0.08146904480528161,0.2854278276645107,0.07562765551793328,0.22998236727350546,0.2693036040505271,0.9057105728277255,0.5147864738225205,0.4702387941792791,2.296999063216484,0.9435085788729198,(truncamiento FPCA)
173,192,182,train,20,False,0.08578885262828548,0.29289734144967156,0.07455326401262996,0.23701161109701463,0.2767499541198136,0.9057105728277255,0.5267216854489032,0.47940809754572433,2.279280463552295,0.9448701471650861,(truncamiento FPCA)
174,193,183,train,20,False,0.08889490892007545,0.29815249272826055,0.07770899889317233,0.24036033600619197,0.2803713771093395,0.9057105728277255,0.5315893092077644,0.484503238094785,2.272007304081689,0.9403623445968406,(truncamiento FPCA)
175,194,184,train,20,False,0.0905135403558942,0.30085468312109453,0.07847319552362789,0.24238861816074117,0.28318393225008087,0.9057105728277255,0.5387255986889191,0.49066924455948085,2.2830911031946046,0.9412648302905056,(truncamiento FPCA)
176,195,185,train,20,False,0.09666539774714723,0.31091059445948,0.08389514308776887,0.253435384991579,0.2957430280254617,0.9057105728277255,0.5612954725044725,0.5109104763398763,2.2544602904968913,0.9512156655182908,(truncamiento FPCA)
177,196,186,train,20,False,0.09555180032160143,0.3091145423974767,0.08200409367853177,0.2514108736432351,0.2935494516598055,0.9057105728277255,0.5608677515339047,0.5086134430458809,2.2765036323362304,0.9496462035821766,(truncamiento FPCA)
178,197,187,train,20,False,0.09788494315951306,0.3128656950825914,0.08540117478699964,0.25427802729465016,0.2972469408915526,0.9057105728277255,0.5704591114407641,0.5169881072963722,2.287700672554365,0.9500784060492293,(truncamiento FPCA)
179,198,188,train,20,False,0.08579879268883464,0.292914309464107,0.07636907762342855,0.23834659224357435,0.2804484808746549,0.8771058450807736,0.5456218468754777,0.4946957106411752,2.3271522590793237,0.9574420634749508,(truncamiento FPCA)
180,199,189,train,20,False,0.0793835702456498,0.28175090105561296,0.07674176808581411,0.22892054758581581,0.27018622174317786,0.8771058450807736,0.5345941580841269,0.48188383700474413,2.3772249288312994,0.9589542419594519,(truncamiento FPCA)
181,200,190,train,20,False,0.07949599255793383,0.2819503370417099,0.07789626444871121,0.22898851597457842,0.2705322686743038,0.8771058450807736,0.5358682952445245,0.4825107090929303,2.3855091127151153,0.959503263988945,(truncamiento FPCA)
182,201,191,train,20,False,0.08020186196911194,0.2831993325717982,0.08187886887599004,0.22968681882210085,0.27198817709023226,0.8771058450807736,0.5412426682326036,0.4881264244081055,2.403512542402994,0.96041249327901,(truncamiento FPCA)
183,202,192,train,20,False,0.08081736555037207,0.28428395232649356,0.08923149678678273,0.2310306024110352,0.27335236210629343,0.8771058450807736,0.54420984500172,0.49150959806133077,2.403181497582831,0.9615469317534834,(truncamiento FPCA)
184,203,193,train,20,False,0.08487145318836882,0.2913270553662478,0.10825316550420036,0.23562766353536224,0.2784581987140659,0.8771058450807736,0.5531343766942335,0.4996892800639401,2.402704809500349,0.9558267712691377,(truncamiento FPCA)
185,204,194,train,20,False,0.09967602872612161,0.31571510690196886,0.137125451876883,0.25224024573830267,0.29662395377933704,1.000388556584853,0.5808466068640218,0.5252211050994477,2.3808302211955583,0.9395304415111193,(truncamiento FPCA)
186,205,195,train,20,False,0.09808688534095258,0.31318825862562694,0.13971172672231832,0.2501814194418807,0.29390885674426653,1.000388556584853,0.578703027186591,0.5201235296396121,2.3903747558363264,0.9384414921365036,(truncamiento FPCA)
187,206,196,train,20,False,0.10212871780656081,0.31957584046132276,0.14403809309458615,0.2561802899400639,0.300058808393409,1.000388556584853,0.5880785324984705,0.5276427181868507,2.37278934175912,0.9389283243697646,(truncamiento FPCA)
188,207,197,train,20,False,0.10497289715237172,0.323995211619511,0.13951896433912553,0.2616701044959216,0.30631239386069986,1.000388556584853,0.5972563386414944,0.5377946096905236,2.3579640123888868,0.9454225953821279,(truncamiento FPCA)
189,208,198,train,20,False,0.10500771368538016,0.32404893717674826,0.13081828323635492,0.26187318954934075,0.30637387555271045,1.000388556584853,0.5968222733824546,0.537463454463279,2.354441964826736,0.9454555790923728,(truncamiento FPCA)
190,209,199,train,20,False,0.10839111883080996,0.32922806507163077,0.12712717689424619,0.26588722030519796,0.3114021769071231,1.000388556584853,0.6063068592423162,0.5449645769858248,2.352619411685718,0.9458555024443943,(truncamiento FPCA)
191,210,200,train,20,False,0.11096876939469111,0.33311975233343805,0.12589800103681012,0.2703057430866234,0.31586868710236427,1.000388556584853,0.6086329436132308,0.5482356251282128,2.3238651832822033,0.9482136225479472,(truncamiento FPCA)
192,211,201,train,20,False,0.11407489808150362,0.337749756597253,0.13777235403597865,0.27554516831074355,0.32252461062950954,1.000388556584853,0.6229253278395481,0.5636619386201123,2.32927180094972,0.9549218151298373,(truncamiento FPCA)
193,212,202,train,20,False,0.11887654465500393,0.3447847801962899,0.14710131842523147,0.27977201292806286,0.32822069700449,1.000388556584853,0.6371404089526986,0.5793241276950749,2.3419608443099706,0.9519581949575334,(truncamiento FPCA)
194,213,203,train,20,False,0.11243076944821433,0.3353069779295002,0.1432869173548241,0.2728444039611568,0.31974647783983423,1.000388556584853,0.6188671783467573,0.5610393998103824,2.329964851200365,0.9535932709013362,(truncamiento FPCA)
195,214,204,train,20,False,0.11085484993899478,0.33294871968366957,0.1473381853538493,0.2706531158572395,0.31701592052408334,1.000388556584853,0.6156107482757163,0.5577128506013909,2.3379231481037244,0.9521463870630775,(truncamiento FPCA)
196,215,205,train,20,False,0.11319024420124553,0.3364375784618085,0.14498287899536305,0.2738377925217307,0.3199372065597391,1.000388556584853,0.6185709364028908,0.5620952353128276,2.326501385695768,0.9509556216118633,(truncamiento FPCA)
197,216,206,train,20,False,0.11229578104069553,0.33510562669208577,0.13668202218806016,0.27194845549815494,0.3178142683938945,1.000388556584853,0.6138360518564363,0.5591219776677459,2.3290705313907254,0.9484002746570425,(truncamiento FPCA)
198,217,207,train,20,False,0.10833125429163637,0.3291371359959802,0.1386387838186551,0.26481988544804835,0.31079111874594495,1.000388556584853,0.6023189596407439,0.5480966796347265,2.364885217082356,0.9442602634475761,(truncamiento FPCA)
199,218,208,train,20,False,0.10946209542109955,0.3308505635798427,0.13977578844119024,0.26793267155369616,0.3133880700365721,1.000388556584853,0.6048677351782203,0.5490744520114647,2.3370431443962785,0.9472193930869444,(truncamiento FPCA)
200,219,209,train,20,False,0.11750360189380708,0.3427879838818845,0.14506348726085624,0.27963267169331907,0.32552424933903157,1.000388556584853,0.6207488738353287,0.5660639407153025,2.287555523188917,0.949637282067619,(truncamiento FPCA)
201,220,210,train,20,False,0.122779267942369,0.3503987270844017,0.1515298816510926,0.2887562071178783,0.33546635144123993,1.000388556584853,0.6347273688825522,0.581006066276271,2.2577315552305572,0.9573846178968426,(truncamiento FPCA)
202,221,211,train,20,False,0.12115436250744802,0.348072352403129,0.15694420557515498,0.2858457005260617,0.3317742894785839,1.000388556584853,0.6246697670024479,0.5728012223610605,2.240301918783193,0.9531762209436586,(truncamiento FPCA)
203,222,212,train,20,False,0.14114438430044846,0.37569187414748334,0.18297243669097887,0.3050452511256648,0.35361465418025556,1.2903689060925692,0.6656356797139253,0.6055133129345528,2.2364407236932036,0.941235833174925,(truncamiento FPCA)
204,223,213,train,20,False,0.14534307651136327,0.3812388706721329,0.191760354043313,0.3088974451971088,0.3578917494379789,1.2903689060925692,0.6730429475042582,0.6097230709219896,2.2360334804484236,0.9387598615193868,(truncamiento FPCA)
205,224,214,train,20,False,0.13321837211449766,0.3649909205918658,0.171701274374053,0.29702358760419856,0.3446052200567267,1.2903689060925692,0.6524718760991405,0.5891983779298915,2.243767539748771,0.944147376318069,(truncamiento FPCA)
206,225,215,train,20,False,0.13196854099185767,0.3632747458768056,0.16813153406222486,0.29423859313743267,0.3419948192383288,1.2903689060925692,0.6464022617665833,0.5865773773316958,2.2456766752644617,0.9414219488692637,(truncamiento FPCA)
207,226,216,train,20,False,0.129838148036241,0.3603306093523571,0.16682056740894854,0.29107877230718326,0.33904056718939946,1.2903689060925692,0.6410032983066399,0.5826873960427383,2.251332031585852,0.9409152550175421,(truncamiento FPCA)
208,227,217,train,20,False,0.12959761869733888,0.35999669262000017,0.1703732212431561,0.29025639146920884,0.3386196650642893,1.2903689060925692,0.6432952287766788,0.5843446093232642,2.2681887179419364,0.9406188223560273,(truncamiento FPCA)
209,228,218,train,20,False,0.12666628518367146,0.3559020724632992,0.18246005319886924,0.28406876572488754,0.33182983419322604,1.2903689060925692,0.6317656574636771,0.5731247396360915,2.279692832923605,0.9323627476978081,(truncamiento FPCA)
210,229,219,train,20,False,0.12455569693275514,0.3529244918289961,0.18412692893908741,0.2821495572331254,0.32887526421258667,1.2903689060925692,0.6248828688883075,0.5670264390969441,2.2720618822358793,0.9318573004333683,(truncamiento FPCA)
211,230,220,train,20,False,0.12065982648600045,0.3473612334242272,0.1862212296606027,0.27544721799454236,0.3213133864380562,1.2903689060925692,0.6111918514371381,0.5550375963363952,2.265400424078735,0.9250122222062727,(truncamiento FPCA)
212,231,221,train,20,False,0.11793434484610073,0.34341570267840216,0.1806898023879006,0.27118732936048756,0.31572971448295367,1.2903689060925692,0.5991382328065613,0.5409312376178412,2.2588570031693664,0.9193805409027102,(truncamiento FPCA)
213,232,222,train,20,False,0.10876904954424456,0.3298015305365404,0.16921546823608255,0.2603399718920742,0.30248512147200474,1.2903689060925692,0.5700303978083189,0.5139137247037084,2.2426329176136903,0.9171731889172992,(truncamiento FPCA)
214,233,223,train,20,False,0.10623682007965903,0.32593990255821553,0.16390444315495428,0.25494190079664564,0.2972875903740851,1.2903689060925692,0.5668567945756722,0.5083187859862586,2.2896001239264536,0.9120932663989708,(truncamiento FPCA)
215,234,224,train,20,False,0.10474100438036345,0.323637149258801,0.1591354190450094,0.2516798702611018,0.2940150434746017,1.2903689060925692,0.5603146340944752,0.503166048027496,2.298871203313347,0.9084712436380055,(truncamiento FPCA)
216,235,225,train,20,False,0.10097370082049018,0.31776359266047166,0.16222157305578944,0.24616916238734476,0.28904849250235876,1.2903689060925692,0.5573781232697594,0.4994410501053933,2.330234430716986,0.909633762893678,(truncamiento FPCA)
217,236,226,train,20,False,0.1037554884513043,0.32211098778418645,0.17993401395561662,0.25181210989825753,0.29470295587851314,1.2903689060925692,0.5632799960854772,0.5053375804936054,2.2935588374713416,0.9149112171111758,(truncamiento FPCA)
218,237,227,train,20,False,0.10483701402830511,0.32378544443551677,0.179893070179929,0.2548371516416102,0.2970038355672166,1.2903689060925692,0.5660627113456013,0.5066342638776623,2.2629088080291195,0.9172859394127773,(truncamiento FPCA)
219,238,228,train,20,False,0.10372395208613813,0.32206203142583906,0.1885765786939934,0.25160937319087934,0.2944531318031152,1.2903689060925692,0.5650914871592247,0.5068450985237043,2.3035204446404816,0.9142745902070692,(truncamiento FPCA)
220,239,229,train,20,False,0.09823120283067735,0.3134185744825558,0.16886857799060054,0.2452070313644071,0.2872350182137821,1.2903689060925692,0.5539664349077424,0.4957703678362216,2.310832507701516,0.9164581859514808,(truncamiento FPCA)
221,240,230,train,20,False,0.09426142820909074,0.307020240715642,0.14337414499801474,0.23931986086831364,0.2805781628145373,1.2903689060925692,0.5428772982751635,0.4838172185800391,2.3134052953075264,0.9138751313611437,(truncamiento FPCA)
222,241,231,train,20,False,0.10011895169221167,0.3164157892587089,0.13947841188000457,0.24835555056311062,0.2908307915936299,1.2903689060925692,0.5636233602539147,0.5030992184015943,2.3168048142743145,0.9191412106045059,(truncamiento FPCA)
223,242,232,train,20,False,0.07942106227696875,0.2818174272059284,0.10681382990910368,0.22794306801665692,0.26740606565855873,0.935648168469517,0.5165695260110197,0.46643290730555725,2.302512147299437,0.9488627737104454,(truncamiento FPCA)
224,243,233,train,20,False,0.0781941581825518,0.27963218373883897,0.10517152973486114,0.22672784937033655,0.266230532748796,0.904292307092923,0.51500173294219,0.4671936025361935,2.304327370705384,0.9520740037471531,(truncamiento FPCA)
225,244,234,train,20,False,0.07340312998897622,0.2709301201213631,0.10548833412668698,0.21653220286528727,0.2547437137953768,0.904292307092923,0.49433831035805886,0.44916513923110324,2.310114701017693,0.9402561578655944,(truncamiento FPCA)
226,245,235,train,20,False,0.07487475572019815,0.273632519485894,0.10595868495547203,0.21967584298258433,0.25776543688749476,0.904292307092923,0.4985533187418751,0.4528289962452721,2.2969163129520194,0.9420131692380327,(truncamiento FPCA)
227,246,236,train,20,False,0.0707324295877981,0.2659556910235201,0.10434191024409444,0.21322971565796217,0.24938881171729105,0.904292307092923,0.48188667087456427,0.43687852196301663,2.2846798945680504,0.9377081225730795,(truncamiento FPCA)
228,247,237,train,20,False,0.06835835040850083,0.26145429889084026,0.09277952954959282,0.20877601843734603,0.24422520179482646,0.904292307092923,0.47110970058427365,0.42704944964186886,2.283935193408917,0.934102834915684,(truncamiento FPCA)
229,248,238,train,20,False,0.0721960995630444,0.2686933187912279,0.0912011452190705,0.21653768135086482,0.2525311745675433,0.904292307092923,0.4847455287549184,0.4387384548986607,2.2681724717603293,0.9398491027004571,(truncamiento FPCA)
230,249,239,train,20,False,0.07977826680037024,0.28245046787068745,0.09849642384261958,0.22512769839116542,0.2615949863257068,0.904292307092923,0.4958509401717711,0.4494761496004564,2.2486898664258796,0.9261623402425067,(truncamiento FPCA)
231,250,240,train,20,False,0.08326552442181245,0.28855766221296647,0.1045443875313362,0.23098583087299424,0.26853201595314324,0.904292307092923,0.5119990264973626,0.46311155275158467,2.2698156536088705,0.9306008854305052,(truncamiento FPCA)
232,251,241,train,20,False,0.083730791781601,0.28936273391990375,0.10881588605703178,0.23155825880600883,0.2696959920238079,0.904292307092923,0.5148514439939815,0.4681397578817098,2.278191112910801,0.9320342960903195,(truncamiento FPCA)
233,252,242,train,20,False,0.09212753477173782,0.30352517979854293,0.11303587416025629,0.24267249177788863,0.28212345609967115,0.904292307092923,0.5344481454304548,0.4866738299719119,2.2696282677696464,0.9294894620832558,(truncamiento FPCA)
234,253,243,train,20,False,0.09511406070434729,0.30840567553848175,0.11465509395070636,0.24833068921357473,0.2880704794379422,0.904292307092923,0.5390878621804731,0.4942079066751792,2.226237401340939,0.9340634828946194,(truncamiento FPCA)
235,254,244,train,20,False,0.09543858465135148,0.3089313591258606,0.12012906667721542,0.24973782760614185,0.28886675077134344,0.904292307092923,0.5390835498645135,0.4942366369948859,2.2061027636354558,0.9350515648159152,(truncamiento FPCA)
236,255,245,train,20,False,0.09442351287277244,0.3072840914736271,0.11988636462799664,0.2492709712512938,0.28724734116058526,0.904292307092923,0.5302315398403944,0.4862907273786461,2.176690997613495,0.9347940525754113,(truncamiento FPCA)
237,256,246,train,20,False,0.09337630393946808,0.3055753654002038,0.12324553455441936,0.246064514119576,0.2854042841295761,0.904292307092923,0.5343085270478724,0.4894790530355563,2.2295864026836125,0.9339898317908899,(truncamiento FPCA)
238,257,247,train,20,False,0.09423315624659973,0.3069741947568227,0.12618576136735146,0.24793969869123092,0.28696967123771994,0.904292307092923,0.5346561078668268,0.48937292577746616,2.212491699858748,0.9348332079347911,(truncamiento FPCA)
239,258,248,train,20,False,0.09686607340229463,0.3112331495877241,0.1277843081194951,0.2528825535550957,0.29231765090111783,0.904292307092923,0.54245421310127,0.49646071436810446,2.1845022335042286,0.9392240231747077,(truncamiento FPCA)
240,259,249,train,20,False,0.09821328104480188,0.3133899823619158,0.13060469480677828,0.2539254219184558,0.29436638704322005,0.904292307092923,0.5499804717041777,0.5015872744940332,2.2026301825008683,0.9392973726367344,(truncamiento FPCA)
241,260,250,train,20,False,0.10123097682439933,0.3181681580931683,0.14402970290242312,0.25904527208746664,0.2996677201692456,0.904292307092923,0.5577190482589092,0.5091039696796938,2.193953829795012,0.9418532701864364,(truncamiento FPCA)
242,261,251,train,20,False,0.09879430746001369,0.3143156175884579,0.14941097027949035,0.25588576923021605,0.29622361407513986,0.904292307092923,0.5494678281316936,0.5003105516070137,2.189638094367327,0.9424400109287399,(truncamiento FPCA)
243,262,252,train,20,False,0.09933577596351427,0.3151757858140664,0.14974755402916032,0.25572506250848,0.29745499496315636,0.904292307092923,0.5583637965339294,0.5063614851882609,2.2402949994861485,0.9437748975380863,(truncamiento FPCA)
244,263,253,train,20,False,0.08879742971574456,0.29798897582921513,0.13820328187435113,0.24255613604602244,0.28306666207078,0.8723446016739098,0.5364711704306114,0.48426931929420336,2.2639776691711164,0.949923269084332,(truncamiento FPCA)
245,264,254,train,20,False,0.09153964965622201,0.3025552010067287,0.14706932614518659,0.2494934931921347,0.2909943113051913,0.8723446016739098,0.5491760586238719,0.49681487654295325,2.252682518890021,0.9617891556216206,(truncamiento FPCA)
246,265,255,train,20,False,0.08919197733155462,0.2986502592189644,0.14592555409094313,0.24483960690973522,0.2856704646995473,0.8723446016739098,0.540380838255407,0.4886772353120463,2.2585977146714216,0.9565384789775102,(truncamiento FPCA)
247,266,256,train,20,False,0.09190211969480822,0.30315362391831674,0.1521990908901372,0.24935916706604883,0.29172024962458376,0.8723446016739098,0.5558874617361556,0.5023248806073102,2.284849532258364,0.9622852131999791,(truncamiento FPCA)
248,267,257,train,20,False,0.09265035736561414,0.3043852121335958,0.17800463663324784,0.2515656439302868,0.29361721925048195,0.8723446016739098,0.5568513626561639,0.5036099845234643,2.2624486850156265,0.9646237975635038,(truncamiento FPCA)
249,268,258,train,20,False,0.09544702369274745,0.3089450172647998,0.21102537389763856,0.25498310539590796,0.2975714915914224,0.8723446016739098,0.5613033649951218,0.5102369514377832,2.2555080138709833,0.9631859229384201,(truncamiento FPCA)
250,269,259,train,20,False,0.08705753469810266,0.2950551384031511,0.22726502381814045,0.24569891693522453,0.28722542396582795,0.7813013279130412,0.545353220374116,0.4951437698560345,2.2628538026871965,0.9734635550504294,(truncamiento FPCA)
251,270,260,train,20,False,0.0934982274968047,0.30577479866202956,0.242114099402297,0.2528374409653106,0.2952557272870485,0.8674963693712188,0.5583772208755908,0.5085551247235929,2.257006469600454,0.9655986319964593,(truncamiento FPCA)
252,271,261,train,20,False,0.10573256255531409,0.32516543874666953,0.2628502531397295,0.26798584286392574,0.3115795334636923,0.9028905424515241,0.5808645545716817,0.5293614063503029,2.2209402317305957,0.9582184830732834,(truncamiento FPCA)
253,272,262,train,20,False,0.1005096724865288,0.31703260476886097,0.2771480673831647,0.2617357119523989,0.30498815359214027,0.9028905424515241,0.5745360903279322,0.5211837427554227,2.240595849230645,0.9620087934315086,(truncamiento FPCA)
254,273,263,train,20,False,0.10561976479667372,0.3249919457412348,0.2769386216014449,0.268071758673376,0.3117451354269293,0.9028905424515241,0.5879257797719248,0.5335055175157095,2.242201994283614,0.9592395735097604,(truncamiento FPCA)
255,274,264,train,20,False,0.10908859898699494,0.33028563242592757,0.27484152416959573,0.2736821676595356,0.3180556591758121,0.9028905424515241,0.5997799481796607,0.5437184709257313,2.2399435322118633,0.9629715250999957,(truncamiento FPCA)
256,275,265,train,20,False,0.11470621144956676,0.3386830545651299,0.2743828879923709,0.28044453637174344,0.3255940912517955,0.9028905424515241,0.6138902884464603,0.5560556042625124,2.2397904913108015,0.9613533563698937,(truncamiento FPCA)
257,276,266,train,20,False,0.11360021057256083,0.3370463033064757,0.2624473199690052,0.2796734187492356,0.32331741667571395,0.9028905424515241,0.606622271775935,0.5482253255006554,2.2133315392332666,0.9592670606498891,(truncamiento FPCA)
258,277,267,train,20,False,0.11888829767529693,0.34480182377025925,0.2637810721521312,0.28513447268963055,0.3306150160096914,0.9028905424515241,0.6237712127692336,0.5660241416834597,2.2280079128457917,0.9588551835212435,(truncamiento FPCA)
259,278,268,train,20,False,0.12460622368298235,0.35299606751773077,0.27408943835745403,0.293010956829749,0.33822409373518614,0.9028905424515241,0.6313823009450475,0.5729571800979063,2.1997753218595753,0.9581525825870493,(truncamiento FPCA)
260,279,269,train,20,False,0.1203931689316452,0.34697718791246956,0.26708378008924005,0.2866348958793466,0.33047278966105675,0.9028905424515241,0.6155364621476782,0.5601747672657342,2.2024449756296374,0.9524337656008202,(truncamiento FPCA)
261,280,270,train,20,False,0.11900507255210444,0.3449711184318253,0.2696576342596094,0.28450116699258043,0.3282739402414972,0.9028905424515241,0.6128578622965792,0.5584216025004513,2.207339357439922,0.9515983301262135,(truncamiento FPCA)
262,281,271,train,20,False,0.11611190824724442,0.34075197467842266,0.23162470436027968,0.27975539954624823,0.3228077527095426,0.9028905424515241,0.6026843113130111,0.5495558477715687,2.2075263515918695,0.9473393456169563,(truncamiento FPCA)
263,282,272,train,20,False,0.11650597692803374,0.341329718788203,0.23763708276860918,0.28133804678447055,0.3236274546863408,0.9028905424515241,0.6008812369668216,0.5490516654006169,2.1775276799434478,0.9481373489401708,(truncamiento FPCA)
264,283,273,train,20,False,0.1261905760085011,0.3552331290976407,0.24414280363012794,0.29395037951886993,0.3371647371092566,0.9028905424515241,0.6173414569031943,0.5672989092422237,2.14404604827035,0.9491365232902651,(truncamiento FPCA)
265,284,274,train,20,False,0.12718505597480295,0.3566301389041635,0.22257667074273643,0.2947158530643708,0.3390022523414645,0.9028905424515241,0.6277815206409393,0.5754799424128862,2.182184942785858,0.9505709567428453,(truncamiento FPCA)
266,285,275,train,20,False,0.13207021435310623,0.36341465896838315,0.22102441446118615,0.30200228298127696,0.3483651914331939,0.9028905424515241,0.6501438657134484,0.5969612835260969,2.204236151822699,0.9585887163222588,(truncamiento FPCA)
267,286,276,train,20,False,0.1300174907456614,0.3605793820307276,0.21800172521409883,0.29842227511103997,0.3441255748272963,0.9028905424515241,0.6407147170629413,0.5889207682381135,2.203307580197798,0.9543684192069829,(truncamiento FPCA)
268,287,277,train,20,False,0.13032822389915816,0.3610100052618461,0.213057112759584,0.29846827359924777,0.3448218135975049,0.9028905424515241,0.6459305176080334,0.5907812549633904,2.2299624009432697,0.9551586066081474,(truncamiento FPCA)
269,288,278,train,20,False,0.1298312767896127,0.3603210745843389,0.20811933283180079,0.29620191142409774,0.34417933786948546,0.9028905424515241,0.6554708848882601,0.598301152823123,2.2755032174450998,0.9552017968044909,(truncamiento FPCA)
270,289,279,train,20,False,0.12841260023613474,0.35834703882707714,0.1704218672762061,0.2933827874525372,0.3416121639210213,0.9028905424515241,0.6506953100577048,0.5951155299504739,2.28062450948023,0.9532998097017027,(truncamiento FPCA)
271,290,280,train,20,False,0.11992092547916929,0.3462960084655457,0.15382555256548747,0.28288251960891697,0.3299798719331774,0.9028905424515241,0.6297919804651134,0.5755198079220312,2.2837289485685415,0.9528838446487851,(truncamiento FPCA)
272,291,281,train,20,False,0.10885993492743917,0.3299392897601605,0.13599719390311793,0.2697651289467634,0.3161385389568794,0.8932934495997469,0.6130459515270299,0.5603496683344941,2.3217805819536497,0.9581718478774893,(truncamiento FPCA)
273,292,282,train,20,False,0.10708043111399239,0.32723146412591864,0.13412643352716044,0.2667185993493308,0.3131794702194266,0.8932934495997469,0.6094130511152627,0.5575262454780106,2.33687521377922,0.9570579377382707,(truncamiento FPCA)
274,293,283,train,20,False,0.10263122199182868,0.3203610806446824,0.13517932828750162,0.260464746035853,0.3074523411614442,0.8932934495997469,0.602905988878456,0.5515742934061453,2.3601127571672706,0.959705656326102,(truncamiento FPCA)
275,294,284,train,20,False,0.10479190155479179,0.32371577279272595,0.13857163844381554,0.26209757774701536,0.3103931717073528,0.8932934495997469,0.6120556321839046,0.5600939711878457,2.3770568881218415,0.9588447576389688,(truncamiento FPCA)
276,295,285,train,20,False,0.09630922832293799,0.3103372815549849,0.12812815898936233,0.25005424721302694,0.2968024046134047,0.8932934495997469,0.5867356015565445,0.5378208283830815,2.376271094708711,0.9563865582834199,(truncamiento FPCA)
277,296,286,train,20,False,0.09670004415734729,0.3109663071095441,0.13184772017311763,0.2506117669135352,0.29765692055300474,0.8932934495997469,0.588946293653877,0.5404501803233364,2.380275332907874,0.9571999079892254,(truncamiento FPCA)
278,297,287,train,20,False,0.08995712714472294,0.29992853672953984,0.12710824604620322,0.24211472412118984,0.2875779040049563,0.8415532609899712,0.5697905430412787,0.522302476407977,2.389138192713696,0.9588214150635467,(truncamiento FPCA)
279,298,288,train,20,False,0.08145046979576803,0.28539528691933236,0.11456672434840759,0.2289801966790344,0.27420765213303444,0.8415532609899712,0.5529276196382928,0.5070795161431577,2.441720890234405,0.9607995110673985,(truncamiento FPCA)
280,299,289,train,20,False,0.08592585277902207,0.29313111874896886,0.11922950177702468,0.23680701974484633,0.28233053323977464,0.8415532609899712,0.5620652165767949,0.5158530617225892,2.4063283904444317,0.9631544219689496,(truncamiento FPCA)
281,300,290,train,20,False,0.08237880210097645,0.2870170763229541,0.11504868061789726,0.2291352481000295,0.273830739013632,0.8415532609899712,0.5485864163742072,0.5026613928178941,2.4201503380130496,0.9540573073969831,(truncamiento FPCA)
282,301,291,train,20,False,0.08326798914552846,0.28856193294599425,0.12898834161870182,0.23037718235703203,0.2757691162312346,0.8415532609899712,0.5547944437243323,0.5075881804951796,2.437459570953294,0.9556669981235749,(truncamiento FPCA)
283,302,292,train,20,False,0.09150571896943119,0.3024991222622492,0.1490928110182118,0.24091009275045422,0.28713880772786,0.8415532609899712,0.5683322766622247,0.5217901053996025,2.4121717354073793,0.9492219533745533,(truncamiento FPCA)
284,303,293,train,20,False,0.08640333499012885,0.2939444420126512,0.14816220130074906,0.23524273895745723,0.28126503384497065,0.8415532609899712,0.5661906726119,0.5156489917351698,2.4368851834592644,0.9568646099213033,(truncamiento FPCA)
285,304,294,train,20,False,0.08397474329401045,0.2897839596906814,0.15356054401116587,0.23111409605026748,0.2761618277895971,0.8415532609899712,0.5553525094030282,0.5052139318671983,2.4395992141531613,0.9529921120698858,(truncamiento FPCA)
286,305,295,train,20,False,0.08335507422932811,0.28871278847555076,0.15933192490054246,0.23086559048295308,0.27526516046155447,0.8415532609899712,0.5500565322622555,0.5006121688195629,2.4233121087872247,0.9534221255490555,(truncamiento FPCA)
287,306,296,train,20,False,0.08376674141543414,0.28942484588478945,0.1628665130960353,0.23218892690508136,0.27624758275786065,0.8415532609899712,0.5506748902602026,0.5010665509313044,2.408630562694197,0.9544708641490501,(truncamiento FPCA)
288,307,297,train,20,False,0.0861869579263644,0.2935761535383356,0.16727108743770752,0.23599349491348648,0.2806601773316176,0.8415532609899712,0.5571153963533371,0.5104915543013541,2.3976818368784953,0.9560046820865802,(truncamiento FPCA)
289,308,298,train,20,False,0.08080893273768412,0.2842691202675453,0.17065551975424137,0.22870887663640863,0.27127258173847657,0.8316237059216347,0.5349417742749373,0.4898225072358279,2.3854884687563773,0.9542808641443826,(truncamiento FPCA)
290,309,299,train,20,False,0.0782102258430998,0.27966091225464423,0.19584092244291393,0.22245681701070974,0.2639477980961345,0.8316237059216347,0.5239550786675472,0.4782200654465549,2.4163992297735084,0.9438136919749364,(truncamiento FPCA)
291,310,300,train,20,False,0.07823259305682691,0.2797008992778302,0.20476968215195787,0.22265035788164272,0.26399268867936854,0.8316237059216347,0.5245225437150678,0.47876241114311446,2.4171296986575577,0.9438392560087606,(truncamiento FPCA)
292,311,301,train,20,False,0.07951213529609276,0.2819789625062351,0.20921891276214355,0.22441626710267631,0.2662477755760758,0.8316237059216347,0.5300356296200232,0.4823909928801128,2.4204223630874884,0.9442114873026691,(truncamiento FPCA)
293,312,302,train,20,False,0.07994346316807695,0.2827427508674218,0.20863581307402881,0.22532991773522792,0.26702123486124557,0.8316237059216347,0.5279605032907041,0.4821195923276858,2.402016598020274,0.9443963958122905,(truncamiento FPCA)
294,313,303,train,20,False,0.08295111919986509,0.2880123594567863,0.20288027195291033,0.229891416941508,0.2710678355603481,0.8316237059216347,0.5305353790882601,0.4844792493149369,2.3774762726336482,0.941167372371113,(truncamiento FPCA)
295,314,304,train,20,False,0.09102861407229343,0.3017094862152886,0.20611283547568085,0.23835151322502454,0.2794683743939987,1.0354467895626818,0.5407265332703124,0.49387604557588416,2.355047955463076,0.926283021126424,(truncamiento FPCA)
296,315,305,train,20,False,0.09634059888761166,0.31038782013412136,0.21063802741434925,0.24643056438012473,0.28918530699689426,1.0354467895626818,0.5583662340712956,0.5090965749802884,2.3577893473109612,0.9316902540567948,(truncamiento FPCA)
297,316,306,train,20,False,0.09644606572478005,0.31055766891960673,0.20069489248133884,0.24649073897276694,0.2894055578046234,1.0354467895626818,0.5585058286430516,0.5100252130913707,2.3576919847397284,0.9318899089223299,(truncamiento FPCA)
298,317,307,train,20,False,0.09771492397999047,0.3125938642711825,0.1925756801470982,0.24856809333084176,0.29186195280328764,1.0354467895626818,0.5626345801669241,0.5148363732211474,2.351985921706348,0.9336778042133628,(truncamiento FPCA)
299,318,308,train,20,False,0.0974284978939086,0.31213538391843465,0.17426320040628973,0.2485087556088667,0.2910495933460034,1.0354467895626818,0.556947281942504,0.5098930641950807,2.3127459153645518,0.9324466508483342,(truncamiento FPCA)
300,319,309,train,20,False,0.09209765402137596,0.3034759529540618,0.16534523133137502,0.23872181759059846,0.28039473584068186,1.0354467895626818,0.5414045839921606,0.495549755704472,2.3375500930002926,0.9239438351253029,(truncamiento FPCA)
301,320,310,train,20,False,0.09368367495005206,0.3060778903319416,0.15643852668494543,0.2422176043797423,0.28505294719094965,1.0354467895626818,0.5523015533305106,0.5047832100779011,2.3554135958423044,0.9313085204612773,(truncamiento FPCA)
302,321,311,train,20,False,0.09719793520905441,0.31176583393478896,0.15176201080723417,0.2478488694458584,0.2907925158533585,1.0354467895626818,0.5636178020080014,0.5125704721951017,2.3466801088438265,0.9327273363577827,(truncamiento FPCA)
303,322,312,train,20,False,0.08738134553527058,0.295603358464126,0.1392586480744409,0.23348245073899315,0.27568481804564027,1.0354467895626818,0.5454864310348414,0.49382207123892663,2.402974673450559,0.9326173406081142,(truncamiento FPCA)
304,323,313,train,20,False,0.0829015901644525,0.28792636239922964,0.12969963786053046,0.22679472610455273,0.26824939412735993,1.0354467895626818,0.531122363575009,0.4810740332671622,2.408219373889951,0.9316597198398032,(truncamiento FPCA)
305,324,314,train,20,False,0.08648235618619404,0.2940788264839787,0.12905423791361514,0.23293519618342234,0.2752248247982413,1.0354467895626818,0.5388339990984228,0.4902326541532256,2.374155219065258,0.9358879321195721,(truncamiento FPCA)
306,325,315,train,20,False,0.08408325781504584,0.2899711327271145,0.12024316052636558,0.22956714752211854,0.27117305710780915,1.0354467895626818,0.5327617320576972,0.4813292073662117,2.3819530402074127,0.9351725965184412,(truncamiento FPCA)
307,326,316,train,20,False,0.08417326477487994,0.2901262910783508,0.11620304856825509,0.22943947113795832,0.2713763491413791,1.0354467895626818,0.53387118492097,0.4826973567475519,2.3894325626630457,0.9353731719132337,(truncamiento FPCA)
308,327,317,train,20,False,0.08352954544610233,0.2890147841306779,0.11492469259741613,0.22853596642873705,0.2703310536452194,1.0354467895626818,0.5324419028726461,0.47957197074487806,2.3918303178260136,0.9353537206006367,(truncamiento FPCA)
309,328,318,train,20,False,0.08619755607828189,0.2935942030733609,0.11821689503465696,0.23158714548242934,0.2757395098954094,1.0354467895626818,0.5483418942192142,0.49197179039442673,2.42926755864371,0.9391858116030645,(truncamiento FPCA)
310,329,319,train,20,False,0.09225565014142241,0.3037361521805108,0.12325068353109592,0.24360543982962035,0.28869876887926943,1.0354467895626818,0.5654831000281778,0.508872527324347,2.3786775630777415,0.9504919543054439,(truncamiento FPCA)
311,330,320,train,20,False,0.0980374879224202,0.3131093865127972,0.12262837622040872,0.2514823639228823,0.2973104769758113,1.0354467895626818,0.579265133575762,0.5218595785529676,2.3706587651568007,0.9495418846654725,(truncamiento FPCA)
312,331,321,train,20,False,0.09830030661524308,0.31352879710680975,0.11990640919381132,0.25212672108003037,0.29773371650171343,1.0354467895626818,0.5782071317050079,0.5217454035971132,2.3599192540518485,0.9496215953658782,(truncamiento FPCA)
313,332,322,train,20,False,0.09496611259003793,0.30816572260723274,0.11202348990349771,0.24506419999349688,0.28961747212375155,1.0354467895626818,0.5644930105231677,0.5079254507786601,2.3804437687146,0.9398107929507736,(truncamiento FPCA)
314,333,323,train,20,False,0.08855228225371843,0.2975773550754802,0.1125372036143535,0.23502486413700213,0.27920402375944364,1.0354467895626818,0.5507095109968185,0.4934249982386792,2.420778805876913,0.9382569573838165,(truncamiento FPCA)
315,334,324,train,20,False,0.07535492463040508,0.2745085146774232,0.10151007522998574,0.21996792755544972,0.2626940318842254,0.7366378037153591,0.5244410646511974,0.46865463557163906,2.4461785465716988,0.956961324835111,(truncamiento FPCA)
316,335,325,train,20,False,0.07116760761742094,0.26677257658429016,0.10126219073781419,0.2139435825431316,0.25573682475416737,0.7366378037153591,0.5126782518381136,0.4592757062153329,2.4517418833311737,0.9586323602994632,(truncamiento FPCA)
317,336,326,train,20,False,0.06957932716808353,0.2637789361720976,0.09320324865950844,0.21100166603554643,0.25181298425375404,0.7366378037153591,0.5014008706522524,0.4483514057184819,2.426271775343368,0.9546364387847232,(truncamiento FPCA)
318,337,327,train,20,False,0.06844344980160878,0.26161699065926275,0.09650225649400601,0.20943522075995405,0.24963770459606865,0.7366378037153591,0.4953843953643361,0.4415964346762974,2.41612277111816,0.9542105960587389,(truncamiento FPCA)
319,338,328,train,20,False,0.07086081087063098,0.26619694000989375,0.10545524179294279,0.21456789749333244,0.2550701370444016,0.7366378037153591,0.5057312222644172,0.450294335345805,2.4139646695752197,0.9582008607421311,(truncamiento FPCA)
320,339,329,train,20,False,0.07138826151741481,0.2671858183313905,0.10066363824960213,0.21563968062095565,0.25671753797373154,0.7366378037153591,0.5094284079792223,0.453210068412916,2.4218238459656956,0.9608202245799021,(truncamiento FPCA)
321,340,330,train,20,False,0.07657418878022627,0.2767204162692487,0.11413947903353376,0.22379737296648367,0.26528845351219454,0.7366378037153591,0.5234777865179688,0.4673445871542129,2.4011319889369145,0.9586876786643351,(truncamiento FPCA)
322,341,331,train,20,False,0.07193180620230895,0.2682010555577829,0.11245754514945673,0.21664625515931374,0.2570252474732582,0.7364197494214879,0.5038169443421194,0.453724659045844,2.383701651734502,0.9583304843402568,(truncamiento FPCA)
323,342,332,train,20,False,0.07422425744244557,0.2724412917353857,0.11326214665500405,0.22147899050478098,0.26212413954395347,0.7364197494214879,0.51311012493542,0.4619777554924599,2.3629775441038374,0.9621307323654411,(truncamiento FPCA)
324,343,333,train,20,False,0.07810663030549123,0.2794756345470768,0.12400251173637525,0.22796729482257105,0.2687467318729066,0.7364197494214879,0.5168235229694684,0.4690741635321668,2.3262145697462078,0.9616105973189482,(truncamiento FPCA)
325,344,334,train,20,False,0.07612544124959685,0.2759083928582037,0.12096733751649041,0.22512965757326944,0.2653608394711094,0.7364197494214879,0.5118106764173518,0.4628095066347039,2.330530591655301,0.9617715384522031,(truncamiento FPCA)
326,345,335,train,20,False,0.08551500878590432,0.2924294937004548,0.13031047941056842,0.23610553926385833,0.27773801350814153,0.9980724541693264,0.5349152334572332,0.4832183551345068,2.3215493745440807,0.9497606072273879,(truncamiento FPCA)
327,346,336,train,20,False,0.08695410432036695,0.2948798133483656,0.1386758701223438,0.23868592635253547,0.2805937693839242,0.9980724541693264,0.5380250786141054,0.4865991877461974,2.3083294040672717,0.9515529944141544,(truncamiento FPCA)
328,347,337,train,20,False,0.08753051076540998,0.29585555726639645,0.1391013424563128,0.23980702317512068,0.2815329951493492,0.9980724541693264,0.5369875745938119,0.4870111142987856,2.2950969529185246,0.9515893422811361,(truncamiento FPCA)
329,348,338,train,20,False,0.08611410783900646,0.29345205373111033,0.11863400101852661,0.23978776467241825,0.27895754716199783,0.9980724541693264,0.5249043531059223,0.47728325952401063,2.2398384570967567,0.9506069002250235,(truncamiento FPCA)
330,349,339,train,20,False,0.08234765134338219,0.286962804808188,0.11512177608241757,0.2336942369993645,0.2726947480654377,0.9980724541693264,0.5187113596013734,0.4715452265838368,2.262829657114472,0.9502790727450293,(truncamiento FPCA)
331,350,340,train,20,False,0.07931917018255323,0.28163659240686967,0.11862987137389779,0.2294508237379193,0.26873277653834,0.9980724541693264,0.5171720654628029,0.4693889200171896,2.28642935218527,0.9541827439458292,(truncamiento FPCA)
332,351,341,train,20,False,0.07654837844750176,0.2766737762193984,0.12410580390510438,0.22503693197232005,0.2634409379967214,0.9980724541693264,0.5053859269559283,0.45746007868109106,2.2823225758397303,0.9521716933079211,(truncamiento FPCA)
333,352,342,train,20,False,0.08163160213380372,0.28571244658538014,0.14203894336374887,0.23464079629863122,0.2743388780908956,0.9980724541693264,0.5256785941628377,0.474315450872915,2.26487280374013,0.960192254028787,(truncamiento FPCA)
334,353,343,train,20,False,0.082501875499377,0.2872313971336995,0.14437677218977463,0.23665022632750138,0.2762874525808113,0.9980724541693264,0.5266436700102093,0.47691989046284916,2.241425475017203,0.9618985087908267,(truncamiento FPCA)
335,354,344,train,20,False,0.08129673656911615,0.28512582585433427,0.11750627790410306,0.23467462903954778,0.2733511711864941,0.9980724541693264,0.5147086599450772,0.4677111809271569,2.198154260277644,0.9587036543162679,(truncamiento FPCA)
336,355,345,train,20,False,0.08838532378376368,0.29729669319345564,0.11767718957651,0.2440679300441083,0.283879465128027,0.9980724541693264,0.5370752548303599,0.487244887772071,2.201557581227466,0.954869232074849,(truncamiento FPCA)
337,356,346,train,20,False,0.09324756627752098,0.30536464477329556,0.13371889591273023,0.25212402530620637,0.29331903402246784,0.9980724541693264,0.5554587307832335,0.503792002873085,2.205718933206096,0.960553354957741,(truncamiento FPCA)
338,357,347,train,20,False,0.09697474797404193,0.31140768772469624,0.13693539007754837,0.2567300549582159,0.2995061341027631,0.9980724541693264,0.5701924858825679,0.5163857256478319,2.2194442880371366,0.961781439280154,(truncamiento FPCA)
339,358,348,train,20,False,0.09636226500580376,0.3104227198608436,0.14239193672706402,0.25511461743446956,0.29835169681617524,0.9980724541693264,0.5697098493082619,0.5152015678177997,2.2330500895823673,0.9611142410900866,(truncamiento FPCA)
340,359,349,train,20,False,0.10035601891579873,0.316790181217472,0.15172881410242886,0.26261049678004145,0.30618567481502135,0.9980724541693264,0.5794270900383354,0.524633211638358,2.201021325143891,0.9665251417777662,(truncamiento FPCA)
341,360,350,train,20,False,0.09486726352880694,0.30800529789081055,0.14565687426607524,0.25449106028801205,0.2968923547416551,0.9980724541693264,0.562210943675073,0.5073362674690344,2.2031379612442388,0.9639196363658167,(truncamiento FPCA)
342,361,351,train,20,False,0.0965942798380901,0.3107962030625376,0.1487374301374834,0.2571167212589716,0.3005665893954812,0.9980724541693264,0.5726162572662756,0.5166417367407017,2.2261867553764825,0.9670857830106824,(truncamiento FPCA)
343,362,352,train,20,False,0.10559850706841792,0.3249592390876399,0.16078970074910506,0.2678382396573391,0.31208250612033817,0.9980724541693264,0.5895113654372246,0.5316288300247204,2.2038446929839766,0.9603743133955674,(truncamiento FPCA)
344,363,353,train,20,False,0.09996038717253095,0.3161651264332152,0.1463047229080749,0.25669122777227654,0.30051152716791135,0.9980724541693264,0.5765311907775632,0.5179183457263566,2.259877973876639,0.9504891654500345,(truncamiento FPCA)
345,364,354,train,20,False,0.09886182381044867,0.31442300140169244,0.14457534673627132,0.25520302823034335,0.2981778260543997,0.9980724541693264,0.5709573830594075,0.5136725926636736,2.2475252219809816,0.9483333748648414,(truncamiento FPCA)
346,365,355,train,20,False,0.09843960390036735,0.31375086278824377,0.15601031069349958,0.2553948945393739,0.2977546324891472,0.9230451169352311,0.5627337100664704,0.5088260419629107,2.2278837298429033,0.9490161392483796,(truncamiento FPCA)
347,366,356,train,20,False,0.09610114743742719,0.3100018507000034,0.15472664194364627,0.2511469524484477,0.29266209001545085,0.9230451169352311,0.5550327475095425,0.500930516225651,2.237589072086277,0.9440656220425837,(truncamiento FPCA)
348,367,357,train,20,False,0.09319227319283278,0.3052740951879684,0.14737473484500366,0.24560263029733637,0.2870764266594454,0.9230451169352311,0.5502239364903956,0.496685780338691,2.2773930015877766,0.9403890837271403,(truncamiento FPCA)
349,368,358,train,20,False,0.09815847841790444,0.31330253496884514,0.1764719689977694,0.2524100374056676,0.2947047560858366,0.9230451169352311,0.5630786470086241,0.510388207805976,2.27175986421116,0.9406395518476801,(truncamiento FPCA)
350,369,359,train,20,False,0.10418969133011383,0.32278427986832603,0.18854257202591176,0.2605267208940277,0.3038547938750174,0.9230451169352311,0.5831832100697365,0.5242673069586882,2.2769154995969076,0.9413556137212429,(truncamiento FPCA)
351,370,360,train,20,False,0.10038551678519322,0.31683673522051264,0.1816659296414382,0.25430957937371734,0.29688402820621745,0.9230451169352311,0.5691310893677052,0.5112680555902427,2.2837750978442974,0.9370252726521485,(truncamiento FPCA)
352,371,361,train,20,False,0.10196381862024302,0.31931773928211854,0.1773534823919006,0.2575131515887652,0.30015105154465527,0.9230451169352311,0.5739437481664467,0.5166961838791649,2.2713191456552937,0.9399761260349856,(truncamiento FPCA)
353,372,362,train,20,False,0.10124274829571914,0.31818665637596927,0.18061727099863042,0.2565563835041961,0.29906286358991274,0.9230451169352311,0.5732931469800662,0.5176050594104167,2.276969427700985,0.9398975651466042,(truncamiento FPCA)
354,373,363,train,20,False,0.1003347095146447,0.3167565461275342,0.179225350793897,0.255025158445019,0.2970212221695982,0.9230451169352311,0.569767889566537,0.5134052496963666,2.2774599856874844,0.937695608191188,(truncamiento FPCA)
355,374,364,train,20,False,0.10468100999622583,0.32354444825437173,0.1979248657382832,0.26191782609203357,0.3053932528546954,0.9230451169352311,0.5897236032298705,0.5311756254872518,2.304860247429192,0.943898912506124,(truncamiento FPCA)
356,375,365,train,20,False,0.10125985195142022,0.3182135320055076,0.21525395588063762,0.25772142992400066,0.30110676036977724,0.9230451169352311,0.5777593160653296,0.5210955304274283,2.2972477024441282,0.9462412188195872,(truncamiento FPCA)
357,376,366,train,20,False,0.10281943383711405,0.32065469564176674,0.21899524450543298,0.2602186925831191,0.30319816288403834,0.9230451169352311,0.5810596380268354,0.5221002739822624,2.290891914256051,0.9455597158095864,(truncamiento FPCA)
358,377,367,train,20,False,0.10361375332876185,0.32189090283628996,0.22510041970088346,0.26028196768204387,0.3042609270077449,0.9230451169352311,0.5876064319346485,0.526334051222703,2.3123601751618224,0.9452299655777737,(truncamiento FPCA)
359,378,368,train,20,False,0.10458764577829989,0.3234001326194841,0.2236817333207065,0.26239024110858455,0.3060534491507536,0.9230451169352311,0.5909207233466932,0.5287272005369759,2.305903110610351,0.9463615449745633,(truncamiento FPCA)
360,379,369,train,20,False,0.10350273227794045,0.32171840525207823,0.21101093482391903,0.26015633581560216,0.3043372325957705,0.9230451169352311,0.5935611149141236,0.527657799830206,2.3336393805650553,0.9459739561910083,(truncamiento FPCA)
361,380,370,train,20,False,0.10577714473156105,0.32523398458888186,0.20136508228326974,0.26411712357341355,0.3089191801968103,0.9230451169352311,0.6007199139358746,0.5349610853439003,2.3274095285803136,0.9498367170555851,(truncamiento FPCA)
362,381,371,train,20,False,0.10757059044906184,0.327979557974368,0.19999471923421916,0.2671326000687242,0.3118933714705144,0.9230451169352311,0.6061605663252456,0.5360579607705078,2.320734781298762,0.9509536917385846,(truncamiento FPCA)
363,382,372,train,20,False,0.09603449034902777,0.30989432125972843,0.1873853882107796,0.2510114367639521,0.2945601208401483,0.8980349422098555,0.5778206286902019,0.511497341529322,2.3598531815499637,0.9505179689732739,(truncamiento FPCA)
364,383,373,train,20,False,0.09731179801780435,0.3119483899907232,0.17985108501923933,0.2547426186815553,0.2984000075659423,0.8980349422098555,0.5852209736513291,0.5176405501756961,2.342661379456528,0.9565685130633826,(truncamiento FPCA)
365,384,374,train,20,False,0.09864494787007863,0.31407793279706653,0.17756972934989354,0.25729794238751924,0.3011794136916554,0.8980349422098555,0.5886771441735014,0.5205058645273299,2.3364155839003242,0.9589321064662472,(truncamiento FPCA)
366,385,375,train,20,False,0.09111300846281936,0.3018493141665546,0.1304133572628277,0.24875288595797054,0.291778880962622,0.8980349422098555,0.573596980844984,0.5063842746487843,2.3403862088937446,0.9666375481695615,(truncamiento FPCA)
367,386,376,train,20,False,0.09937399500188812,0.31523641128823954,0.13289805312396147,0.2601043977152611,0.305045736019598,0.9250557822813998,0.6017019695421997,0.530118624330715,2.3438821968888806,0.9676729118092783,(truncamiento FPCA)
368,387,377,train,20,False,0.10291302495999999,0.3208005999994389,0.13195315920732667,0.2665371133057576,0.3115981575689041,0.9250557822813998,0.6099569770415225,0.5370124705867848,2.3097331228914566,0.9713141358508964,(truncamiento FPCA)
369,388,378,train,20,False,0.09767520744262313,0.3125303304363004,0.11908130509589965,0.2591839773240435,0.3034124543721807,0.9250557822813998,0.5959483312589443,0.5232704302040103,2.3155419637474663,0.97082562818338,(truncamiento FPCA)
370,389,379,train,20,False,0.09000965261139818,0.3000160872543307,0.11276011431925613,0.24691030603449332,0.2901034213858299,0.9250557822813998,0.5697955659242692,0.5038908591524633,2.337624045820767,0.9669595522052868,(truncamiento FPCA)
371,390,380,train,20,False,0.09541688430995679,0.30889623550628903,0.12200934382311683,0.25507655872196705,0.2992728051159432,0.9250557822813998,0.5879663400402302,0.5192810555813939,2.3288104853117444,0.9688457505007376,(truncamiento FPCA)
372,391,381,train,20,False,0.09693994662759828,0.31135180524223444,0.12746888389372246,0.25672042855036403,0.3018143269606574,0.9250557822813998,0.5967917762151156,0.5274515613288255,2.3481978456335595,0.9693675189255551,(truncamiento FPCA)
373,392,382,train,20,False,0.09343730376744035,0.30567516053392424,0.12284174198435739,0.2506801062587364,0.29482387864889253,0.9250557822813998,0.5806216055466061,0.5135223732965477,2.337599459042792,0.9645006095160702,(truncamiento FPCA)
374,393,383,train,20,False,0.09459804615906128,0.30756795372577633,0.12448161337854899,0.25210786431267007,0.29737522298985064,0.9250557822813998,0.5908013260722188,0.5207705451495837,2.3717842871692616,0.9668602316579009,(truncamiento FPCA)
375,394,384,train,20,False,0.08948471664961269,0.29913996163938494,0.12195479982010117,0.24189128886533978,0.2864522629484474,0.9250557822813998,0.5719807314057495,0.5029479029141728,2.4194352103778947,0.9575860790333568,(truncamiento FPCA)
376,395,385,train,20,False,0.08906811696280112,0.2984428202567472,0.12071199858097692,0.24113380198719642,0.2858575462741489,0.9250557822813998,0.5787137280351546,0.5044693708784361,2.4490430743186264,0.9578302001979095,(truncamiento FPCA)
377,396,386,train,20,False,0.08511082195664714,0.29173759092144286,0.11582835721583103,0.23484985719481868,0.279944822287141,0.9250557822813998,0.5731062013957434,0.5002803299380687,2.482515462372862,0.959577479895358,(truncamiento FPCA)
378,397,387,train,20,False,0.08837980492416202,0.2972874113112797,0.11634678712302063,0.24001576933389074,0.28380909760832995,0.9250557822813998,0.5742677784059793,0.49927729609529636,2.44646764593812,0.9546623463015154,(truncamiento FPCA)
379,398,388,train,20,False,0.08491021759991867,0.2913935785152423,0.11595839914205365,0.23263736420435072,0.2753435501488378,0.9250557822813998,0.5574991825301104,0.48567827309310835,2.442640550684303,0.9449197595630443,(truncamiento FPCA)
380,399,389,train,20,False,0.08351919758105555,0.28899688161129966,0.11698573064105491,0.23087519255991418,0.27280039766822994,0.9250557822813998,0.5515149469137081,0.48287313826109396,2.434977329081431,0.9439561982372738,(truncamiento FPCA)
381,400,390,train,20,False,0.08134716390796035,0.28521424211977975,0.11499387210841275,0.22615043800598436,0.26846831055437287,0.9250557822813998,0.548737947839004,0.48072844191574327,2.4790163312134474,0.9412864819058573,(truncamiento FPCA)
382,401,391,train,20,False,0.08150483544232348,0.28549051725464275,0.10619899251819376,0.22603286460308838,0.26870462422652974,0.9250557822813998,0.5448376880238027,0.48147803810545947,2.4662436373940926,0.9412033254570734,(truncamiento FPCA)
383,402,392,train,20,False,0.0859632532554935,0.29319490659882463,0.10115770283277858,0.23426398955161395,0.2776581257101741,0.9250557822813998,0.5624442750542431,0.49472510173772594,2.4462190540789353,0.9470086944248683,(truncamiento FPCA)
384,403,393,train,20,False,0.0976236280618352,0.3124478005392824,0.1096673042714705,0.248147115882332,0.2936479647682485,1.0583140022159343,0.5939498691519818,0.5245194469305253,2.4407980100276028,0.9398304749190568,(truncamiento FPCA)
385,404,394,train,20,False,0.10165814182039619,0.3188387395226562,0.10674336658732608,0.25252982948654057,0.29978046201236225,1.0583140022159343,0.6126362355165116,0.540025487594191,2.473670113520336,0.9402259664593245,(truncamiento FPCA)
386,405,395,train,20,False,0.11349530378533515,0.3368906406912118,0.12553070223063387,0.26476461429151055,0.3132055927233293,1.0583140022159343,0.6334683256752078,0.5608101154335581,2.4673243055928573,0.9296951440405501,(truncamiento FPCA)
387,406,396,train,20,False,0.10589163195841736,0.3254099444676167,0.1063596066507952,0.2550661369105721,0.301619993108179,1.0583140022159343,0.6063675465546428,0.5374553730558314,2.4483450456302993,0.9268923652645007,(truncamiento FPCA)
388,407,397,train,20,False,0.11030358537030394,0.33211983585793836,0.09227408474597396,0.26016752340626276,0.30724931491988317,1.0583140022159343,0.6118728371699439,0.5446905925851936,2.4345243400922163,0.9251158219026298,(truncamiento FPCA)
389,408,398,train,20,False,0.1141608625300822,0.3378769931943905,0.10201317740980248,0.26582351769278717,0.31363654611110087,1.0583140022159343,0.6224960183741918,0.5556876015601369,2.4291058435937805,0.928256591684112,(truncamiento FPCA)
390,409,399,train,20,False,0.11462819718347497,0.33856786200623795,0.09087054791129359,0.2668942407696134,0.31502131884212453,1.0583140022159343,0.6272079821750155,0.5590317326876388,2.4412645223739604,0.9304525154142375,(truncamiento FPCA)
391,410,400,train,20,False,0.1113715064207643,0.33372369772128,0.07517472048556094,0.2621790123632836,0.3102098776325515,1.0583140022159343,0.6213316451600286,0.5526812414285063,2.464604231655557,0.9295410537241291,(truncamiento FPCA)
392,411,401,train,20,False,0.10955086480469753,0.33098468968322015,0.07157850837652507,0.2598047242023924,0.3071145816825378,1.0583140022159343,0.6139469821890113,0.5443042157002108,2.4588033252974073,0.927881534268162,(truncamiento FPCA)
393,412,402,train,20,False,0.11304610168564337,0.3362232914086164,0.07275779508456029,0.26484384745024814,0.31409346969444074,1.0583140022159343,0.6337852082012911,0.5595308955853974,2.493376043085667,0.9341811757851094,(truncamiento FPCA)
394,413,403,train,20,False,0.11675024055186807,0.34168734327140077,0.07288236973748309,0.27031529822640754,0.320023979219198,1.0583140022159343,0.6413696989906472,0.5682292461082614,2.4638487610564095,0.9365988688817319,(truncamiento FPCA)
395,414,404,train,20,False,0.11879648834424705,0.34466866458128603,0.07550678812110442,0.2756864526896375,0.32566804140939,1.0583140022159343,0.6520365121673186,0.5776510973196005,2.430466961457367,0.9448727861728348,(truncamiento FPCA)
396,415,405,train,20,False,0.11834687278257564,0.34401580310005475,0.07100150546687956,0.27631838948255827,0.3250022308851531,1.0583140022159343,0.64083769853295,0.5711426541865608,2.386652487464194,0.9447305267852139,(truncamiento FPCA)
397,416,406,train,20,False,0.12505593236206386,0.35363248205172537,0.07210936052208941,0.2855514586602965,0.3341442517187755,1.0583140022159343,0.647140119192289,0.579100080045053,2.3398324872352303,0.9448912887756182,(truncamiento FPCA)
398,417,407,train,20,False,0.11542982466560478,0.33974964998599305,0.062178077542180396,0.2718008650603936,0.31823426622946493,1.0583140022159343,0.6141310709755861,0.5540602081957193,2.3287737116081204,0.9366728302518775,(truncamiento FPCA)
399,418,408,train,20,False,0.11635178994265612,0.3411037817771244,0.05717768871922189,0.27431332692141375,0.3212905459112356,1.0583140022159343,0.6195605995767208,0.5593601348883508,2.3290905287338326,0.941914347115522,(truncamiento FPCA)
400,419,409,train,20,False,0.11410086519275071,0.3377881957569724,0.05717163807281439,0.26884184054418364,0.3153127556285625,1.0583140022159343,0.6091721153785368,0.5494070336137962,2.3507742287458413,0.9334629202241861,(truncamiento FPCA)
401,420,410,train,20,False,0.12401259111451364,0.35215421496059596,0.06188604201802135,0.282163903964718,0.3295021746374264,1.0583140022159343,0.6337983703347552,0.5712370109486915,2.3159471194947123,0.9356757938401954,(truncamiento FPCA)
402,421,411,train,20,False,0.12544922268517847,0.35418811765102803,0.06311609997530533,0.2834752905806711,0.3315191273955979,1.0583140022159343,0.6400704369040865,0.5770757267198426,2.3274960648853655,0.9359973157604196,(truncamiento FPCA)
403,422,412,train,20,False,0.12056731616866652,0.34722804634514554,0.0613441120081417,0.27432453246269156,0.3211035048854163,1.0583140022159343,0.6183118395609838,0.5596034568766299,2.3331432636225404,0.9247625825888459,(truncamiento FPCA)
404,423,413,train,20,False,0.10974552155310832,0.33127861620259813,0.054228607598507644,0.26195196386420255,0.3069898385791467,0.9684129260674075,0.5900392295499925,0.5332262383207259,2.3363134545046975,0.9266817221652566,(truncamiento FPCA)
405,424,414,train,20,False,0.11006267961803458,0.33175695865804317,0.05352299786912305,0.2625117585495004,0.30739202510329555,0.9684129260674075,0.5882665000499705,0.5304009049682344,2.326979335388036,0.9265578824531556,(truncamiento FPCA)
406,425,415,train,20,False,0.0943532300389022,0.307169708856362,0.0477182056056984,0.24212628219447824,0.28507123856866234,0.9684129260674075,0.5533882943073445,0.49762781134604983,2.3520807380907183,0.9280577815762644,(truncamiento FPCA)
407,426,416,train,20,False,0.10152729943774234,0.3186334876276226,0.05632855103160563,0.25155953726799163,0.2961676710158846,0.9684129260674075,0.5734470285156251,0.5173701744903971,2.3540266777564187,0.9294932344399621,(truncamiento FPCA)
408,427,417,train,20,False,0.09402486342348873,0.30663473942704,0.06234737602025993,0.2417606032113473,0.28502923580800366,0.9684129260674075,0.5562979648836377,0.5004700629549467,2.3598209883980448,0.9295399351704012,(truncamiento FPCA)
409,428,418,train,20,False,0.08807125716086674,0.29676801910055395,0.059105796224611276,0.23087682902468534,0.27281161161587625,0.9684129260674075,0.5357376058709576,0.48077336276294125,2.3797713488693484,0.9192756431192117,(truncamiento FPCA)
410,429,419,train,20,False,0.08766837417307688,0.29608845666975414,0.06020661943262988,0.23054611572043687,0.2716321694086825,0.9684129260674075,0.5313451030591076,0.4761463718796081,2.3547181503733325,0.9174020914690733,(truncamiento FPCA)
411,430,420,train,20,False,0.08944124418473931,0.29906729039588953,0.06727842721133903,0.23303162830135166,0.27441814748589766,0.9684129260674075,0.5349485923954853,0.48134313747108104,2.342264480107532,0.9175799437064394,(truncamiento FPCA)
412,431,421,train,20,False,0.092140039853575,0.30354577884328254,0.06709277878662978,0.23575028626577063,0.2788123341206462,0.9684129260674075,0.5450069613932167,0.49065680227333264,2.3545175711189534,0.9185182386100452,(truncamiento FPCA)
413,432,422,train,20,False,0.08926864555947357,0.2987785895265482,0.06237378559988406,0.23254139397278212,0.27342083178432264,0.9684129260674075,0.5260573936291424,0.47650094379127533,2.3034089081844287,0.9151285981287747,(truncamiento FPCA)
414,433,423,train,20,False,0.08503801100636017,0.2916127757941345,0.06165847532276086,0.2265944569165362,0.2664030483933832,0.9684129260674075,0.5122773938631608,0.464091218559805,2.307886779262202,0.9135506757819546,(truncamiento FPCA)
415,434,424,train,20,False,0.08864068844626422,0.2977258612318792,0.06357472753362602,0.2311742860875055,0.272445067957818,0.9684129260674075,0.5231200356212082,0.4763494378495909,2.304954180105949,0.9150870093398716,(truncamiento FPCA)
416,435,425,train,20,False,0.0838150698691404,0.28950832435206486,0.06023028072674348,0.2210799278716929,0.2616053804628431,0.9684129260674075,0.5069222889733119,0.46180234786086755,2.3341261906918147,0.9036195454770772,(truncamiento FPCA)
417,436,426,train,20,False,0.08112867511702611,0.28483095884581455,0.05533275605097366,0.2179751148498979,0.25845891455762005,0.9684129260674075,0.5061523643959045,0.4591989347370471,2.3481940696080477,0.9074115945996224,(truncamiento FPCA)
418,437,427,train,20,False,0.08464082310526815,0.29093095934476987,0.06008021988254466,0.2247543455771396,0.2663555043148768,0.9684129260674075,0.5226402869935853,0.473874060038716,2.357375762225037,0.9155282233102949,(truncamiento FPCA)
419,438,428,train,20,False,0.08786027596033771,0.29641234110667136,0.06761870377848171,0.2301010565756701,0.2728817024119152,0.9684129260674075,0.5380580041805145,0.4862379472665953,2.3723540822887927,0.9206151855658126,(truncamiento FPCA)
420,439,429,train,20,False,0.09124058835575774,0.3020605706737603,0.06756110236363608,0.2372903690006556,0.28095840618076023,0.9684129260674075,0.5529508289735298,0.5005216492250963,2.352812403095589,0.9301392947582311,(truncamiento FPCA)
421,440,430,train,20,False,0.08110966484899237,0.2847975857499364,0.06002599144122811,0.22409711193799073,0.2662262665232422,0.7842148840357129,0.5238154322717419,0.4737285952091398,2.3576505513797152,0.9347911634229914,(truncamiento FPCA)
422,441,431,train,20,False,0.07656831363314007,0.2767098003922884,0.05998490594323204,0.21812303318430257,0.25867817352281575,0.7842148840357129,0.5110250506974154,0.46050638701680724,2.3620146971119853,0.9348356045072874,(truncamiento FPCA)
423,442,432,train,20,False,0.08550525069668442,0.29241280870831293,0.06787281179154037,0.23236265296503636,0.2742866919780316,0.7842148840357129,0.5346805599890849,0.4840765230505931,2.329458581577753,0.9380118921248678,(truncamiento FPCA)
424,443,433,train,20,False,0.09239234163138604,0.30396108571885655,0.08197968961637284,0.24168209085669332,0.28433437933212696,0.8370091433603055,0.5518879270572947,0.49654016847350385,2.316259263914482,0.9354302004142631,(truncamiento FPCA)
425,444,434,train,20,False,0.08822314552644081,0.29702381306292736,0.08723914604211806,0.23524844647128956,0.2781363823904104,0.8370091433603055,0.5445461715439294,0.49257174983772245,2.3513482641349674,0.9364110558081231,(truncamiento FPCA)
426,445,435,train,20,False,0.08947862903449216,0.29912978627092984,0.09320167038598429,0.2378337373703267,0.2819085216173552,0.8370091433603055,0.5549120869050672,0.5011294807791176,2.3784539766791406,0.9424287869547806,(truncamiento FPCA)
427,446,436,train,20,False,0.0848225014558728,0.29124302816698083,0.08976973596549863,0.2316167893279042,0.2756430375190354,0.8370091433603055,0.5489616513128073,0.49486603488757075,2.4064290255201315,0.9464365181679084,(truncamiento FPCA)
428,447,437,train,20,False,0.0875367158182539,0.2958660437060223,0.095319357285555,0.23619043066984302,0.28058183349667787,0.8370091433603055,0.5576925141756239,0.5022886296577025,2.4052655168394756,0.948340776055629,(truncamiento FPCA)
429,448,438,train,20,False,0.10530863918063346,0.32451292606094057,0.10333872225535277,0.25607678479970625,0.304930013361269,1.146220619181872,0.602373847377722,0.5438123088165352,2.396180530264954,0.9396544447785908,(truncamiento FPCA)
430,449,439,train,20,False,0.1083865359191756,0.32922110491154055,0.1029136968458229,0.26137831439112497,0.311714249493719,1.146220619181872,0.6144098944039108,0.5572874884510463,2.3904457815120344,0.9468234109033639,(truncamiento FPCA)
431,450,440,train,20,False,0.10473189127363017,0.32362306974878996,0.10092547861149143,0.2566559050997591,0.30521155867960653,1.146220619181872,0.5970826916325996,0.5424344269712428,2.3642321431316913,0.9431081625810075,(truncamiento FPCA)
432,451,441,train,20,False,0.1010027995674069,0.3178093761477262,0.10269534570368839,0.25201489368351904,0.2986872914893148,1.146220619181872,0.5806749863460396,0.5295733387132018,2.34309125368904,0.9398315905899423,(truncamiento FPCA)
433,452,442,train,20,False,0.10647967563308178,0.3263122364133496,0.10886634738199488,0.25866503898037363,0.30773075611738004,1.146220619181872,0.6026823506489257,0.5483005321321084,2.372855639787093,0.9430561339035051,(truncamiento FPCA)
434,453,443,train,20,False,0.10576070363586088,0.32520870781063177,0.11411864920826653,0.25771957487225017,0.306054706418667,1.146220619181872,0.5962651761245024,0.5434529087865312,2.3493579095855384,0.9411024338157695,(truncamiento FPCA)
435,454,444,train,20,False,0.10333149391488586,0.3214521642715847,0.11202624159108872,0.2551062123951603,0.30226710791763123,1.146220619181872,0.5856981478458535,0.5328476789821934,2.332355782619275,0.9403175386999585,(truncamiento FPCA)
436,455,445,train,20,False,0.1043028837174416,0.3229595697876773,0.11375493490745082,0.25809531821033194,0.3055668670592301,1.146220619181872,0.5903944595509392,0.5368740021389249,2.315049380987219,0.9461458821614059,(truncamiento FPCA)
437,456,446,train,20,False,0.09863135250603292,0.3140562887541546,0.11414298179308235,0.24978848699271952,0.2961554842561275,1.146220619181872,0.5734387359798989,0.5226728248557126,2.317663229175066,0.9430012862692905,(truncamiento FPCA)
438,457,447,train,20,False,0.09669799046860147,0.310963004983875,0.10759140590931421,0.24597689045851467,0.29250557421591056,1.146220619181872,0.5677962498002145,0.5188185121556498,2.333769683937285,0.9406442873520547,(truncamiento FPCA)
439,458,448,train,20,False,0.0929988773126081,0.30495717291549007,0.08143676213763244,0.2391893580745461,0.284543577938388,1.146220619181872,0.551539353612206,0.5052591738803264,2.3365608338538366,0.9330607810206876,(truncamiento FPCA)
440,459,449,train,20,False,0.09166482184063154,0.30276198876449395,0.0630961175169713,0.23628821037200715,0.28202501444659,1.146220619181872,0.5480754491358519,0.5028455420581487,2.354275621813985,0.9315073388091846,(truncamiento FPCA)
441,460,450,train,20,False,0.09211986829780167,0.30351255047823256,0.049048355394269466,0.23769523502173112,0.2831216070191899,1.146220619181872,0.5486613361060432,0.5040587987244844,2.3399391616247454,0.9328168030385781,(truncamiento FPCA)
442,461,451,train,20,False,0.09048512071229496,0.30080744790030545,0.046696529955773745,0.23319473913726183,0.27857851916131565,1.146220619181872,0.5414285029967381,0.4975999323998351,2.3738713304870593,0.9261024655667536,(truncamiento FPCA)
443,462,452,train,20,False,0.08439954764211713,0.29051600238561237,0.03737376641377747,0.22489013430037272,0.2700596023606229,1.146220619181872,0.5327006364658062,0.48760487345777426,2.405335484521684,0.9295859785450408,(truncamiento FPCA)
444,463,453,train,20,False,0.07620063462205082,0.2760446243310143,0.029281412069093297,0.21335351903748884,0.25690605037987274,1.146220619181872,0.5052316878901639,0.4671820830634836,2.3878495345338466,0.9306685504290355,(truncamiento FPCA)
445,464,454,train,20,False,0.07464467244115829,0.273211772149661,0.028531472397400958,0.21224008178651071,0.25369440783479996,1.146220619181872,0.49126982631543276,0.4550097535100739,2.3309870938072774,0.9285632381017251,(truncamiento FPCA)
446,465,455,train,20,False,0.07718751622217977,0.2778264138309743,0.029994739481662425,0.2176625557848187,0.2586968352746285,1.146220619181872,0.49644357179376514,0.4586570195292792,2.2917682183898456,0.9311455729044397,(truncamiento FPCA)
447,466,456,train,20,False,0.07947700495441992,0.28191666313721137,0.031519715696639014,0.22137235655031548,0.2620405953947967,1.146220619181872,0.4983389999815161,0.45995443923777984,2.2674170413431662,0.9294966550709318,(truncamiento FPCA)
448,467,457,train,20,False,0.07669143153470286,0.2769321785829571,0.03096259878045884,0.21638365976698376,0.25694237547611676,1.146220619181872,0.49057009464741147,0.452627573514958,2.2780582898913853,0.9278169723391234,(truncamiento FPCA)
449,468,458,train,20,False,0.06643706172665635,0.257753878199061,0.025977322994230383,0.20920918102165476,0.24683724492025197,0.7936474426417381,0.47015654457132594,0.4326879077783028,2.266945967997974,0.9576470648857582,(truncamiento FPCA)
450,469,459,train,20,False,0.0666652445659217,0.25819613584622386,0.026538939468128582,0.2094734991561727,0.24721945273591278,0.7936474426417381,0.473505537586973,0.4330958677274025,2.2779356897241025,0.9574870356818641,(truncamiento FPCA)
451,470,460,train,20,False,0.07542216769896645,0.27463096638756246,0.02968257224847553,0.2202895645105873,0.25996743524738386,0.9318399741757941,0.5002972399992496,0.45780559358225786,2.2880994419416214,0.946606417575339,(truncamiento FPCA)
452,471,461,train,20,False,0.07793619860292364,0.27917055468462937,0.0313409392582651,0.22355675507813869,0.26466603835437036,0.9318399741757941,0.5153472313493734,0.4687795313119188,2.3186148869838434,0.9480442471927445,(truncamiento FPCA)
453,472,462,train,20,False,0.07579492258891403,0.2753087768105369,0.031845200434610456,0.22157150470272685,0.26172323006922105,0.9318399741757941,0.5124011397838637,0.4641307100019628,2.3254790203103,0.9506534194125412,(truncamiento FPCA)
454,473,463,train,20,False,0.08264658406563838,0.2874831891878869,0.03293572026927447,0.23124125325870232,0.2728208446214508,0.9318399741757941,0.5295532003678112,0.48146382169873203,2.3173584905132847,0.948997558403829,(truncamiento FPCA)
455,474,464,train,20,False,0.08438312003842799,0.29048772786200106,0.028245300253254873,0.23373843508900558,0.2756149947644672,0.9318399741757941,0.5378195290208037,0.4875063254441918,2.327378377655614,0.9488008212704969,(truncamiento FPCA)
456,475,465,train,20,False,0.08953347346509481,0.2992214455300536,0.028433175187832997,0.24218295299852494,0.28500902892480157,0.9318399741757941,0.5566504322272421,0.5034512945551869,2.3304760108637295,0.9525020120797975,(truncamiento FPCA)
457,476,466,train,20,False,0.0902140125747738,0.3003564758329239,0.02907399719942197,0.24326974379883595,0.2865383849127665,0.9318399741757941,0.5616454992038518,0.5054068466118208,2.343651232087601,0.9539943632583975,(truncamiento FPCA)
458,477,467,train,20,False,0.09587903955040818,0.30964340708371,0.029727848578690184,0.25170438772702997,0.2954582711661891,0.9318399741757941,0.5753048357112297,0.5171351938955073,2.3206444938357906,0.95418880042976,(truncamiento FPCA)
459,478,468,train,20,False,0.0954423620077719,0.30893747265065125,0.030812863168664516,0.2503987810168832,0.2938611396231915,0.9318399741757941,0.5722588656128894,0.5140135879425973,2.3228479499045194,0.9511994032381168,(truncamiento FPCA)
460,479,469,train,20,False,0.09373904903889238,0.30616833448103736,0.03181011346431033,0.2472970461295454,0.2895218400508594,0.9318399741757941,0.5625846618343667,0.5028359458341868,2.3129446189242473,0.945629601250586,(truncamiento FPCA)
461,480,470,train,20,False,0.09677993284372474,0.31109473290900436,0.037769708505903075,0.25185905605676756,0.29507193375868346,0.9318399741757941,0.5748587947966788,0.5120097492777644,2.322833562841119,0.9484954341705053,(truncamiento FPCA)
462,481,471,train,20,False,0.0971691428953133,0.31171965432951654,0.038755505571495666,0.25357801701159344,0.29638982503508904,0.9318399741757941,0.5771516157888937,0.5128090205168201,2.3010696588803383,0.9508217429298748,(truncamiento FPCA)
463,482,472,train,20,False,0.09684174289625033,0.31119405986658927,0.048060013880667336,0.2534009389307962,0.2957740244431236,0.9318399741757941,0.5731110186137929,0.509774039791046,2.284892025988882,0.9504488118119082,(truncamiento FPCA)
464,483,473,train,20,False,0.10328532012603923,0.3213803356243802,0.07238351004517585,0.26224918529214963,0.30684986223601124,0.9318399741757941,0.5966347669619754,0.5323117572932546,2.3077056775320015,0.9547872978595936,(truncamiento FPCA)
465,484,474,train,20,False,0.10282597266690907,0.3206648915408562,0.07962269166514252,0.2607012133867221,0.3056931305075715,0.9318399741757941,0.5972278672770327,0.5324728815300184,2.329821694940425,0.953310258066162,(truncamiento FPCA)
466,485,475,train,20,False,0.10045691737574174,0.3169493924520786,0.07712697727120434,0.25549300124333946,0.301107845888027,0.9318399741757941,0.5929116205295862,0.5286515980206168,2.3705058618866977,0.950018687710699,(truncamiento FPCA)
467,486,476,train,20,False,0.09735044378122232,0.31201032640158294,0.07524433968101836,0.2516347477665688,0.2963796986016086,0.9318399741757941,0.5830558897177145,0.5204781200300577,2.364381349095141,0.9499034920406563,(truncamiento FPCA)
468,487,477,train,20,False,0.09825322342141005,0.3134537021976452,0.07846911915083805,0.25281272742211947,0.29825312931989273,0.9318399741757941,0.5899602025299998,0.5263246260509267,2.3848944823546714,0.9515061625650608,(truncamiento FPCA)
469,488,478,train,20,False,0.09315181787125451,0.30520782734270513,0.07583960907826945,0.24585856614946638,0.29049418648500713,0.9318399741757941,0.576400410747578,0.5152631816350017,2.388778957181863,0.9517914039564368,(truncamiento FPCA)
470,489,479,train,20,False,0.09010847269380082,0.3001807333820757,0.0732889921733127,0.24075947807408232,0.2841149768716251,0.9318399741757941,0.5629316240901172,0.5044052019171495,2.3886038962154954,0.9464797213017607,(truncamiento FPCA)
471,490,480,train,20,False,0.08366008904563182,0.28924053838566927,0.07231650263533258,0.23328054559822528,0.2758009823813681,0.7581051388111084,0.544880254070021,0.48712155476357333,2.38526542448187,0.9535350194018064,(truncamiento FPCA)
472,491,481,train,20,False,0.08478032504916475,0.29117061158222124,0.08704398910168393,0.2356908132287329,0.277491055791862,0.7581051388111084,0.5429962843988154,0.4854100368861,2.355656282228607,0.9530187620377465,(truncamiento FPCA)
473,492,482,train,20,False,0.08683130473697201,0.29467152006424374,0.09142122385601349,0.23838557343767625,0.28031871712328393,0.797145143039597,0.5461172609842181,0.48864288672433,2.344123357430362,0.9512921949911188,(truncamiento FPCA)
474,493,483,train,20,False,0.0834748870597166,0.28892020881156205,0.08625822195904383,0.23404320249363342,0.2758424586663679,0.797145143039597,0.5452639493670258,0.48572296748350696,2.371087656823811,0.9547357722085698,(truncamiento FPCA)
475,494,484,train,20,False,0.08440151631860583,0.29051939060690224,0.1006891640642783,0.2352358015795759,0.2771592387117468,0.797145143039597,0.5477307446738856,0.48748381637236315,2.3699913802133765,0.9540128737457223,(truncamiento FPCA)
476,495,485,train,20,False,0.07876701407033074,0.2806546170479487,0.09585460217586174,0.2256355872872371,0.2663031177235814,0.797145143039597,0.5278971572788088,0.47030595493212557,2.3779503779456865,0.9488641965868125,(truncamiento FPCA)
477,496,486,train,20,False,0.07925984040373815,0.2815312423226562,0.10398318853496234,0.22643026976301442,0.26729779263744635,0.797145143039597,0.5298705151693477,0.47263616654426405,2.3782044627140717,0.9494427347821766,(truncamiento FPCA)
478,497,487,train,20,False,0.07901927597248429,0.28110367477584547,0.10702238310250592,0.2250394299664121,0.26699989500007476,0.9365024141536104,0.5391365870476281,0.47769814611747285,2.415706903465647,0.9498271241490629,(truncamiento FPCA)
479,498,488,train,20,False,0.08603942143335228,0.2933247712576493,0.11097358938849829,0.23715080489724336,0.28064686765672514,0.9365024141536104,0.5627690981522371,0.5007536166282727,2.3946667933797996,0.9567786125032441,(truncamiento FPCA)
480,499,489,train,20,False,0.09431654111857148,0.3071099821213428,0.12078769427840232,0.24891498216494154,0.29473525670419165,0.9365024141536104,0.5886338791976483,0.5272158700421473,2.384534219987617,0.9597058834373488,(truncamiento FPCA)
481,500,490,train,20,False,0.0921402825405416,0.30354617859650546,0.11395230475199541,0.2455140718246987,0.29101149215891076,0.9365024141536104,0.5811920778106016,0.5220503608057856,2.3859265344007095,0.9587058335059567,(truncamiento FPCA)
482,501,491,train,20,False,0.09980868855149153,0.31592513124392546,0.1317555592754299,0.2568537936183108,0.30413763597383947,0.9365024141536104,0.6045268294039327,0.5438133063790851,2.3685972483040825,0.9626889598061609,(truncamiento FPCA)
483,502,492,train,20,False,0.09775800093928906,0.3126627591180137,0.12646539166959145,0.2527863165472601,0.29928058804381236,0.9365024141536104,0.5962653072479946,0.5346221390665497,2.3738069975060396,0.9571993443928182,(truncamiento FPCA)
484,503,493,train,20,False,0.09419108216273442,0.30690565677864984,0.12504612393586756,0.2492541565567005,0.2941966614499971,0.9365024141536104,0.584114598420207,0.5217435422437425,2.357994770285801,0.9585898954680433,(truncamiento FPCA)
485,504,494,train,20,False,0.09786546667724633,0.31283456758684186,0.1294270320679787,0.2547514788401153,0.3013133305773207,0.9365024141536104,0.6020388884017006,0.5377415371053764,2.378049880707916,0.9631714707923927,(truncamiento FPCA)
486,505,495,train,20,False,0.09754668041789488,0.3123246394665251,0.1253913054131959,0.25491560355144527,0.3005346355189433,0.9365024141536104,0.5998215230683062,0.5359417651083254,2.3618431265939335,0.9622508042666117,(truncamiento FPCA)
487,506,496,train,20,False,0.09851978523835689,0.31387861545246576,0.12251036375815023,0.25645562868395655,0.3021696797752084,0.9365024141536104,0.6012844992411347,0.5375131026439525,2.355840765605784,0.9626959751291799,(truncamiento FPCA)
488,507,497,train,20,False,0.10071421497070823,0.3173550298493916,0.12231913194452763,0.2603811630128503,0.3058682088864294,0.9365024141536104,0.6046663583769659,0.5402625403089336,2.332580828478177,0.963804509516003,(truncamiento FPCA)
489,508,498,train,20,False,0.09917898087293868,0.3149269452951568,0.1244702005708075,0.2571384475746055,0.3023068517212085,0.9365024141536104,0.6000254017979872,0.5329097410471453,2.3478567337014433,0.9599269171390831,(truncamiento FPCA)
490,509,499,train,20,False,0.1040773765152958,0.3226102548204192,0.14236601252421016,0.26446246146153024,0.31149333232172915,0.9365024141536104,0.6197443397964203,0.5474513141242918,2.349351747988733,0.9655407032709538,(truncamiento FPCA)
491,510,500,train,20,False,0.10812847241249565,0.32882894095942294,0.15781891290279684,0.26921734117087,0.31710733164933913,0.9365024141536104,0.6331475495451063,0.5588083101843181,2.357296941383572,0.9643534742535625,(truncamiento FPCA)
492,511,501,train,20,False,0.10505292805600393,0.32411869439451335,0.166200637755964,0.2637721721952226,0.31191991857146,0.9365024141536104,0.6254133326802853,0.5540671257490424,2.3822971016683647,0.9623632452122458,(truncamiento FPCA)
493,512,502,train,20,False,0.0997255274794873,0.31579348865910345,0.15779149379453195,0.256109562774267,0.3031300264308978,0.9365024141536104,0.6053791736135694,0.5388548221468847,2.371999985875039,0.9598995461180146,(truncamiento FPCA)
494,513,503,train,20,False,0.09948443511250339,0.3154115329414944,0.16670350007543433,0.2546917320486056,0.302760771824737,0.9365024141536104,0.6080344115241234,0.5423407380271555,2.3966784147181657,0.9598912538207537,(truncamiento FPCA)
495,514,504,train,20,False,0.10028804092871957,0.3166828712272256,0.18114171585365652,0.2561130939373445,0.30383020335788846,0.9365024141536104,0.6034696770718246,0.5406343411778342,2.3735178072409386,0.9594147046238092,(truncamiento FPCA)
496,515,505,train,20,False,0.10454987311240396,0.3233417280717167,0.19474543567567118,0.2635747236330518,0.3127161797338899,0.9365024141536104,0.6199549785402544,0.5564504913934144,2.3702153786321616,0.9671383325585801,(truncamiento FPCA)
497,516,506,train,20,False,0.10607232822911963,0.32568747017519667,0.19868454771608005,0.2657980796350998,0.31539239983132517,0.9365024141536104,0.6249831949951815,0.5625394336483606,2.3688824709768865,0.968389725467997,(truncamiento FPCA)
498,517,507,train,20,False,0.09824704597881687,0.3134438482070064,0.18069546292771207,0.25221773633302963,0.2985653224818744,0.8392284453798937,0.5838816572059646,0.5284591792273468,2.3306976541178153,0.9525320856981508,(truncamiento FPCA)
499,518,508,train,20,False,0.09274181646449728,0.3045354108547925,0.16305619069197969,0.24432442962523332,0.2894734796829585,0.8392284453798937,0.5657971817703957,0.511069209593834,2.3236760314789735,0.950541281457033,(truncamiento FPCA)
500,519,509,train,20,False,0.08420631292959412,0.2901832402631036,0.14424089495901377,0.23182761037599167,0.2744872677292304,0.8388767687475909,0.538704382345147,0.4841170728010214,2.3392007029974913,0.9459101341633583,(truncamiento FPCA)
501,520,510,train,20,False,0.08431080462228188,0.29036322877093423,0.1394252404163512,0.23227445327376794,0.27469055312998,0.8388767687475909,0.5381658877356956,0.48380421232975374,2.332181950421492,0.9460238966645519,(truncamiento FPCA)
502,521,511,train,20,False,0.07741517795718253,0.27823583154795595,0.12618880345878392,0.22306579271788668,0.2636866665267887,0.8388767687475909,0.5157970129336379,0.464056400121614,2.3236595091207066,0.9477092330623864,(truncamiento FPCA)
503,522,512,train,20,False,0.07924227921145936,0.2815000518853582,0.12186831990737736,0.2272913882632468,0.2681058178525942,0.8388767687475909,0.5199773271917574,0.469040528882814,2.298772885142708,0.9524183603411239,(truncamiento FPCA)
504,523,513,train,20,False,0.08528944723157753,0.2920435707759675,0.12663859330289937,0.23284571863799916,0.2760707229351945,0.9370528334477811,0.5410754207513787,0.4876829077397595,2.32624241197219,0.9453066273695645,(truncamiento FPCA)
505,524,514,train,20,False,0.08742492374518093,0.29567705988997683,0.12391681431955416,0.23666630097765143,0.2790444492104477,0.9370528334477811,0.5401129771288685,0.4883171863814863,2.293413898530492,0.9437473753096766,(truncamiento FPCA)
506,525,515,train,20,False,0.09286174107537196,0.3047322448894635,0.11704221295710936,0.24439123926232717,0.288402563239538,0.9370528334477811,0.5606911890461289,0.5036903669624853,2.295141955535225,0.9464130169229423,(truncamiento FPCA)
507,526,516,train,20,False,0.0966443458505939,0.31087673739055144,0.1256760928578556,0.24919472539290216,0.29357497328114407,0.9370528334477811,0.5668948883183538,0.5096073449541015,2.2871237632369352,0.9443452596207887,(truncamiento FPCA)
508,527,517,train,20,False,0.09977742076259889,0.3158756412935301,0.13036556685948347,0.2521790126884549,0.29774817937396547,0.9370528334477811,0.5795848857480269,0.5193377120282531,2.3053283280878962,0.9426120297046916,(truncamiento FPCA)
509,528,518,train,20,False,0.12357210498709385,0.35152824209029615,0.14917461195417436,0.27579292552316886,0.32439826618708856,1.168720323149076,0.6193241693838732,0.5608941380295527,2.27616049686669,0.922822770250594,(truncamiento FPCA)
510,529,519,train,20,False,0.12265353684109574,0.35021926965987427,0.146361984427524,0.2749404747613124,0.32306765451024155,1.168720323149076,0.6160248749501667,0.5618542705567211,2.2724046243754246,0.9224725264946106,(truncamiento FPCA)
511,530,520,train,20,False,0.11434792473602096,0.338153699870371,0.14118735387479767,0.2612214956627885,0.30661630825118674,1.168720323149076,0.5819052223591217,0.5315446069455076,2.2552684991472907,0.9067365176507786,(truncamiento FPCA)
512,531,521,train,20,False,0.11364801474393627,0.33711721217395035,0.1340850636246621,0.2613186066615333,0.3050901695157385,1.168720323149076,0.5722982981171726,0.5234024297250907,2.2036186211994333,0.9049973080529448,(truncamiento FPCA)
513,532,522,train,20,False,0.11538830082622764,0.33968853502322927,0.12839768679330563,0.2644421672654547,0.30857137611526914,1.168720323149076,0.580682648514018,0.530418358916797,2.210251679329775,0.9083950275041452,(truncamiento FPCA)
514,533,523,train,20,False,0.11436535810987418,0.33817947618073185,0.12926411845926777,0.26441040279279515,0.30690019498711785,1.168720323149076,0.5740714772267685,0.5215473258423593,2.1839796611478333,0.9075068613066939,(truncamiento FPCA)
515,534,524,train,20,False,0.11124100283403209,0.3335281140084477,0.12138887215522176,0.2592569522765549,0.3023127958118671,1.168720323149076,0.5723070542746542,0.5191724679679564,2.2171669059067716,0.9064087347197666,(truncamiento FPCA)
516,535,525,train,20,False,0.10905606652067401,0.3302363797655764,0.11817686860352372,0.25619098993859435,0.298560453298743,1.168720323149076,0.5663634648743997,0.51299546077472,2.2217852961998314,0.9040810510055883,(truncamiento FPCA)
517,536,526,train,20,False,0.10959991575047287,0.3310587799024108,0.12293100286601877,0.25657482900240214,0.2994109914561004,1.168720323149076,0.569585124058137,0.5164089889986815,2.2303229041581614,0.9044043222305129,(truncamiento FPCA)
518,537,527,train,20,False,0.11034581413026719,0.33218340435709187,0.13289284478487023,0.2600532322877577,0.30309886543578274,1.168720323149076,0.5750097918123365,0.5210458849884912,2.2148485019088047,0.9124443348468917,(truncamiento FPCA)
519,538,528,train,20,False,0.1101985478854695,0.33196166628915075,0.13669348878541182,0.2592503686671328,0.30274537531713386,1.168720323149076,0.5785887508776352,0.5235565340799146,2.245439897671768,0.9119889615610965,(truncamiento FPCA)
520,539,529,train,20,False,0.11508754357567066,0.33924555056134587,0.14518757214534536,0.26843946395128526,0.3130276449554363,1.168720323149076,0.5962853540208656,0.5389793396670897,2.223999915453864,0.9227170244015667,(truncamiento FPCA)
521,540,530,train,20,False,0.12043407567698161,0.34703613021842783,0.13553055428196625,0.27557990690879497,0.3209342338678222,1.168720323149076,0.6099157137023088,0.5525024942641314,2.219036492851612,0.924786228067444,(truncamiento FPCA)
522,541,531,train,20,False,0.13213118663263643,0.3634985373184278,0.12847996421226912,0.2898617448107109,0.3370028392409737,1.168720323149076,0.6390289372288935,0.5795999469442681,2.2173245380546884,0.9271092030440726,(truncamiento FPCA)
523,542,532,train,20,False,0.13907986206986384,0.3729341256440121,0.13554058156893964,0.2984211274690881,0.3469254617010975,1.168720323149076,0.6576294727978331,0.5971513045025971,2.2249984486893135,0.9302593617626146,(truncamiento FPCA)
524,543,533,train,20,False,0.12913491998523458,0.359353474987003,0.12838820077211974,0.28415351401111877,0.3294448332450415,1.168720323149076,0.6223442998218636,0.5658544703711997,2.22556938563643,0.916770968353532,(truncamiento FPCA)
525,544,534,train,20,False,0.12262696510316724,0.3501813317456646,0.12474108500964629,0.27298503639331356,0.31725116190061786,1.168720323149076,0.6014490891913215,0.5456843834459136,2.2408962657716094,0.9059625203865412,(truncamiento FPCA)
526,545,535,train,20,False,0.11805447675964938,0.3435905655859156,0.13525454685949598,0.2670079692174596,0.3098860943702414,1.168720323149076,0.5831874404782462,0.5333758801408757,2.2281696811187506,0.9019051318880107,(truncamiento FPCA)
527,546,536,train,20,False,0.11375534457606636,0.33727636231444735,0.11912085474624909,0.26107401994856494,0.3038682303973858,1.168720323149076,0.5809835132996144,0.5282042356823331,2.2602338491672906,0.9009473071643406,(truncamiento FPCA)
528,547,537,train,20,False,0.10945750815787518,0.3308436309767428,0.10754430748450487,0.25667348587709493,0.29784719051118536,1.168720323149076,0.5639086710842717,0.5151014209650636,2.236736945362046,0.9002657528327119,(truncamiento FPCA)
529,548,538,train,20,False,0.09024058498340057,0.3004007073616848,0.08707225549376657,0.2408323903357163,0.27980252474999445,0.9547505474212663,0.5382269317997473,0.48733509015206494,2.249595297322369,0.9314309783335831,(truncamiento FPCA)
530,549,539,train,20,False,0.088320269863004,0.2971872639650024,0.08194128454066864,0.2387123015208532,0.2766002818653367,0.9547505474212663,0.5276205172876474,0.4768090329897223,2.2274933071172667,0.9307272397040202,(truncamiento FPCA)
531,550,540,train,20,False,0.08948620408619883,0.2991424478174216,0.07685454054189633,0.24216682426646302,0.28101468770901084,0.9547505474212663,0.536422602016688,0.48504215591647426,2.239345307973216,0.9394009100324175,(truncamiento FPCA)
532,551,541,train,20,False,0.09580922351898274,0.3095306503708199,0.08300840941351664,0.2495099326224178,0.29106546277193585,0.9547505474212663,0.5606633132184055,0.5071250839316358,2.2728918131223237,0.9403445585218697,(truncamiento FPCA)
533,552,542,train,20,False,0.0971968036307437,0.3117640191406694,0.08414172034031966,0.251016587415655,0.2933228615621248,0.9547505474212663,0.5678514481206276,0.5122611139896797,2.2864101164152952,0.940848986905625,(truncamiento FPCA)
534,553,543,train,20,False,0.09630728060849383,0.3103341434784349,0.08278713940180693,0.2498495575615795,0.2916940181315493,0.9547505474212663,0.5625334366586128,0.5077994710378003,2.275336395117277,0.9399353060608977,(truncamiento FPCA)
535,554,544,train,20,False,0.09968352288323938,0.3157269752226429,0.08109513849363961,0.25543007582986077,0.2966046452832763,0.9547505474212663,0.5657116965640366,0.5111222652049466,2.2439129527888566,0.9394339684599897,(truncamiento FPCA)
536,555,545,train,20,False,0.10980507335745997,0.33136848576389993,0.08537090804961635,0.2671262571488996,0.30974777892527655,0.9547505474212663,0.5869151850230077,0.5290763169003604,2.2297701697118577,0.934753279905959,(truncamiento FPCA)
537,556,546,train,20,False,0.10772702842554786,0.3282179587188182,0.0802603866178521,0.26433206235350065,0.30619821908685896,0.9547505474212663,0.576276533971011,0.5192784272253231,2.2135132265085793,0.9329112285082993,(truncamiento FPCA)
538,557,547,train,20,False,0.10994768146009908,0.33158359648827485,0.07881142027639511,0.2685287867480332,0.3118933977079312,0.9547505474212663,0.5919388476704915,0.5341787257412767,2.2525256541708933,0.9406176934297171,(truncamiento FPCA)
539,558,548,train,20,False,0.11166723975694053,0.33416648508930474,0.07995355534924652,0.27173779894759587,0.31546813070062163,0.9547505474212663,0.5981724457776288,0.5390055387144128,2.2435123839582345,0.9440447943674362,(truncamiento FPCA)
540,559,549,train,20,False,0.1160657734714224,0.34068427241571103,0.08106427227972676,0.27667222875784536,0.3210206190756838,0.9547505474212663,0.6081287110758324,0.5481432122648189,2.241356847340884,0.9422818869782367,(truncamiento FPCA)
541,560,550,train,20,False,0.1077681569911894,0.3282806070897113,0.07698917315347996,0.2622029727346075,0.30465650177655274,0.9547505474212663,0.5794465777871007,0.5203651485293221,2.256783205038596,0.9280368538288262,(truncamiento FPCA)
542,561,551,train,20,False,0.0954236992433842,0.30890726641402305,0.06445543674148588,0.24593625236519928,0.286846541471037,0.9383090161984458,0.549816641739959,0.49187651040856784,2.284835234692765,0.9285846357740952,(truncamiento FPCA)
543,562,552,train,20,False,0.09349874073484574,0.30577563790276974,0.06241104305751053,0.24412938581571036,0.2845915372829023,0.9383090161984458,0.5440201781498066,0.48682890755684893,2.2786316816828833,0.9307201163403229,(truncamiento FPCA)
544,563,553,train,20,False,0.09641292812272222,0.3105043125670273,0.06271268984475577,0.2505577235221674,0.2923667646478214,0.9383090161984458,0.5614558360482254,0.5011045021010723,2.2851335170338833,0.9415868083465326,(truncamiento FPCA)
545,564,554,train,20,False,0.09930015094997541,0.3151192646443175,0.062093205224738116,0.2561464195697702,0.29915161840500876,0.9383090161984458,0.5759854403785247,0.5131115960524214,2.291400049143859,0.9493282447922319,(truncamiento FPCA)
546,565,555,train,20,False,0.09782111298699264,0.31276366954458223,0.049537644043960126,0.2531142236616839,0.2954492676245627,0.9383090161984458,0.5682617113371966,0.5057634908019678,2.2876251802535967,0.9446406229175173,(truncamiento FPCA)
547,566,556,train,20,False,0.0955184591261903,0.30906060752899306,0.05090860647557941,0.24913593876293985,0.2908656429025205,0.9383090161984458,0.5558958146829337,0.4971192230701436,2.2716683727732176,0.9411281665044753,(truncamiento FPCA)
548,567,557,train,20,False,0.09963652103560038,0.3156525321229031,0.05384542127914135,0.2539819140371682,0.2966700586325389,0.9383090161984458,0.5690858675199444,0.5106722426901056,2.2812646105357537,0.9398627555347057,(truncamiento FPCA)
549,568,558,train,20,False,0.11728836892419739,0.34247389524487465,0.06544681582782727,0.2687698764787535,0.31359964573496574,1.2335268223103988,0.5980079317625349,0.5395423336106047,2.2770395960915666,0.9156891958458225,(truncamiento FPCA)
550,569,559,train,20,False,0.11552136145750777,0.3398843354106037,0.07068421227904806,0.2651135164054296,0.3097463193094092,1.2335268223103988,0.5918898284797487,0.5346834946063662,2.2879349677524656,0.9113286110559179,(truncamiento FPCA)
551,570,560,train,20,False,0.11892173446422452,0.3448503073280123,0.07956985112547595,0.2712039171754653,0.31667264141097246,1.2335268223103988,0.6052230963494336,0.5474779162511845,2.285730664889314,0.9182901528046544,(truncamiento FPCA)
552,571,561,train,20,False,0.11278314368214744,0.3358320170593439,0.07709723823301397,0.2642185980124023,0.3070443429652955,1.2335268223103988,0.5824826262639438,0.5264193681072896,2.256578151145515,0.9142795426531312,(truncamiento FPCA)
553,572,562,train,20,False,0.10779278583246787,0.3283181168203605,0.07345865236639965,0.25454028284695207,0.295301619937131,1.2335268223103988,0.5552901032483131,0.5034884953377785,2.2278697878808527,0.8994374809316584,(truncamiento FPCA)
554,573,563,train,20,False,0.11090089588158214,0.3330178612050443,0.07658851305235488,0.2587790884435838,0.30035823226404207,1.2335268223103988,0.5648686291396701,0.5123526534208367,2.22864761973768,0.9019282965099185,(truncamiento FPCA)
555,574,564,train,20,False,0.11390761772662177,0.33750202625557935,0.08110820125424523,0.2620288882804461,0.30387075417208037,1.2335268223103988,0.570248528110114,0.5172124829028598,2.2266861476534707,0.9003523846756668,(truncamiento FPCA)
556,575,565,train,20,False,0.10169398750549954,0.3188949474442948,0.07167689042566479,0.2453354561411465,0.2855435225235478,1.2335268223103988,0.540182315992234,0.4912765797681783,2.2656309532476193,0.8954156370678376,(truncamiento FPCA)
557,576,566,train,20,False,0.1010019736853486,0.317808076809493,0.07164113691825633,0.2443220867520231,0.2841195268792176,1.2335268223103988,0.5398144880375317,0.49015907915193474,2.275440824157963,0.8939971876470915,(truncamiento FPCA)
558,577,567,train,20,False,0.09932407670145099,0.3151572253676742,0.07256341906330774,0.2407787449617004,0.2801699562477852,1.2335268223103988,0.5317975435266039,0.48219572419098666,2.283687073932845,0.8889847152351605,(truncamiento FPCA)
559,578,568,train,20,False,0.09784833327725323,0.31280718226609383,0.07020389700280386,0.23850205103605418,0.2771741963637091,1.2335268223103988,0.5238739095070644,0.474631222613841,2.270800007499369,0.8860864202533784,(truncamiento FPCA)
560,579,569,train,20,False,0.09542350763912495,0.30890695628153947,0.06609242341474836,0.23563989017857137,0.2743076040290255,1.2335268223103988,0.5170433004133732,0.47121796022805196,2.2687812024708967,0.887994259925374,(truncamiento FPCA)
561,580,570,train,20,False,0.09638932252127394,0.3104662985273505,0.06944942433026281,0.239106015860005,0.2780890573928354,1.2335268223103988,0.5229470492189952,0.47740945490147996,2.2529035582552277,0.8957141522667947,(truncamiento FPCA)
562,581,571,train,20,False,0.097390543585156,0.31207458016499195,0.08794001622499147,0.24136049461666548,0.28066640962376366,1.2335268223103988,0.527719608285642,0.48281416844329356,2.2467046928463312,0.8993568443651418,(truncamiento FPCA)
563,582,572,train,20,False,0.09513341360116248,0.30843704965707747,0.09444662169446694,0.23881954781371212,0.27764967827117343,1.2335268223103988,0.5205313292158045,0.4768013755573672,2.2386418404540747,0.9001826420654274,(truncamiento FPCA)
564,583,573,train,20,False,0.09516725952464669,0.30849191160328127,0.10232218990521989,0.23928805733864206,0.27771334844407736,1.2335268223103988,0.5189960079099736,0.4749759267365362,2.226680661777356,0.900228946038673,(truncamiento FPCA)
565,584,574,train,20,False,0.09865318801645981,0.31409105051952657,0.10537947498598335,0.2444943957899127,0.2829480251588848,1.2335268223103988,0.5263398587195937,0.4838390989394818,2.2102748878939376,0.90084714190637,(truncamiento FPCA)
566,585,575,train,20,False,0.10070937695109779,0.3173474073489459,0.14596267502187824,0.24876568783592035,0.2878121846363431,1.2335268223103988,0.5323362381940917,0.4911868478252634,2.193409056169641,0.9069309468782686,(truncamiento FPCA)
567,586,576,train,20,False,0.10232319330844963,0.3198799670320879,0.1424143682126484,0.25183615359772415,0.2911870302397983,1.2335268223103988,0.5401279142668642,0.4975122527241077,2.1993102995762506,0.9103009261301714,(truncamiento FPCA)
568,587,577,train,20,False,0.09445402924128676,0.3073337424385529,0.12593534037814313,0.2384566310193871,0.2762497190570754,1.2335268223103988,0.5138913670924753,0.4705307602075436,2.2347416881626594,0.8988590607238894,(truncamiento FPCA)
569,588,578,train,20,False,0.08490211745590878,0.29137967920894686,0.10839425299325386,0.23178491709794194,0.2684544624572719,0.9636087171825092,0.5003954618360809,0.4583233142936858,2.235037894696735,0.9213218409261978,(truncamiento FPCA)
570,589,579,train,20,False,0.0926282885008483,0.30434895843562254,0.11208077549017749,0.2431239180180822,0.2807635252908427,0.9636087171825092,0.5214755150055964,0.4762731725260035,2.2201909704225247,0.9225052937062417,(truncamiento FPCA)
571,590,580,train,20,False,0.08932485315202783,0.29887263700785294,0.10268869387267676,0.23753999390459132,0.27410811001630875,0.9636087171825092,0.5087526833565209,0.4641898920348025,2.2188774609395163,0.9171401997871972,(truncamiento FPCA)
572,591,581,train,20,False,0.08802129187043754,0.29668382475362143,0.09975518189366937,0.23393577552500394,0.27063726152081335,0.9636087171825092,0.507090984301129,0.4622736349115698,2.2583491343132645,0.9122076734232539,(truncamiento FPCA)
573,592,582,train,20,False,0.09093168003910591,0.3015488020853439,0.10264560163686495,0.24107626139219432,0.27885000103555646,0.9636087171825092,0.5232075082532166,0.4768097629557763,2.2667833698789854,0.9247259452108079,(truncamiento FPCA)
574,593,583,train,20,False,0.08677951282937776,0.29458362620719053,0.09743181593807584,0.23443488234290039,0.2715672937625501,0.9636087171825092,0.5118249472254852,0.4669108022757579,2.2857506684879203,0.9218682560840898,(truncamiento FPCA)
575,594,584,train,20,False,0.08164527450859158,0.28573637239349065,0.09037727987568539,0.22853294429849683,0.26512930989291944,0.9636087171825092,0.5044234424247127,0.4564873428673149,2.2979608305951524,0.9278808563013707,(truncamiento FPCA)
576,595,585,train,20,False,0.08392659026556745,0.2897008634187469,0.08791377455902692,0.23386170427601324,0.27068114646353236,0.9636087171825092,0.5131143226145211,0.46525252890403035,2.2689113360580957,0.9343470477417164,(truncamiento FPCA)
577,596,586,train,20,False,0.09073683566008807,0.30122555612047275,0.08923680979859654,0.24348813539124917,0.280953913502226,0.9636087171825092,0.5267814413364604,0.47749309280412006,2.243632946364466,0.9327027796733846,(truncamiento FPCA)
578,597,587,train,20,False,0.0914289951214422,0.3023722790228003,0.08302643904180462,0.2453163277754983,0.2827655134445564,0.9636087171825092,0.5291119828416044,0.47982251529670633,2.228125248881235,0.9351568680779581,(truncamiento FPCA)
579,598,588,train,20,False,0.09602187500632468,0.3098739663255445,0.08418333672069508,0.25238648528548097,0.29056692985531146,0.9636087171825092,0.541972441077335,0.49366765426479475,2.22080503490589,0.9376939060122604,(truncamiento FPCA)
580,599,589,train,20,False,0.09587962611611314,0.30964435424550074,0.09590277358473875,0.25122959941065603,0.2903857060768324,0.9636087171825092,0.5482057067520799,0.4988027780294056,2.2482788316633537,0.9378039744480561,(truncamiento FPCA)
581,600,590,train,20,False,0.09931195400326984,0.31513799200234466,0.10508074385397378,0.25688303865237894,0.297605172878385,0.9636087171825092,0.5667506988168903,0.5115799031874882,2.274999845269599,0.944364628927923,(truncamiento FPCA)
582,601,591,train,20,False,0.09844392888591304,0.313757755100831,0.10275541980264662,0.2551149425218244,0.29541428665795877,0.9636087171825092,0.5616450095576297,0.5070561167075621,2.270328105242889,0.9415362070111152,(truncamiento FPCA)
583,602,592,train,20,False,0.09739034616011441,0.31207426385415765,0.1023533482564329,0.25279487167540793,0.29380756587827156,0.9636087171825092,0.5665885858587467,0.5107710368809147,2.3039958943770262,0.9414668234724325,(truncamiento FPCA)
584,603,593,train,20,False,0.09675742793789947,0.31105856030319995,0.1081261071744806,0.25175526949045385,0.29256150252755353,0.9636087171825092,0.5627026968149246,0.5076319852449325,2.2972730188906505,0.9405351270268316,(truncamiento FPCA)
585,604,594,train,20,False,0.09372733857786877,0.30614920966396236,0.10341762068882036,0.24790982222991514,0.2881167925650937,0.9636087171825092,0.5544708446314113,0.49817359099783254,2.2972351930148993,0.9410992531430621,(truncamiento FPCA)
586,605,595,train,20,False,0.09591014743759205,0.3096936348031584,0.10740936423361262,0.25031684705660384,0.29179430509055754,0.9636087171825092,0.5666675696106749,0.5085221676287859,2.324513854898134,0.9422031075195404,(truncamiento FPCA)
587,606,596,train,20,False,0.0971173618778384,0.3116365862312036,0.09641490314231718,0.2514850464371634,0.2938514836488412,0.9636087171825092,0.57185914914552,0.5141283060345769,2.334541869230467,0.942929991637222,(truncamiento FPCA)
588,607,597,train,20,False,0.09959529530007848,0.3155872229670879,0.10012960917486416,0.2575626560616062,0.30065604603973806,0.9636087171825092,0.5809067082864328,0.5245358460639082,2.2939287289791483,0.9526876380261217,(truncamiento FPCA)
589,608,598,train,20,False,0.08697423349295592,0.29491394252045106,0.09249119975141695,0.24224397204634043,0.2830723256090009,0.8384829573246684,0.5478680353408985,0.4930032121343591,2.2839096667946426,0.9598472123418545,(truncamiento FPCA)
590,609,599,train,20,False,0.08685917071862767,0.2947187993980494,0.09371490294487062,0.2419012537970222,0.28294025495331354,0.8384829573246684,0.5474153834657494,0.4940774391783521,2.28458510993142,0.9600346348153119,(truncamiento FPCA)
591,610,600,train,20,False,0.09988628343959603,0.31604791320240677,0.10300295973499687,0.2582469090469334,0.30094829274735674,0.8746913983523937,0.5739132465873845,0.5185349983646327,2.2644452014551395,0.9522236350113795,(truncamiento FPCA)
592,611,601,train,20,False,0.10060261752927571,0.31717915683297304,0.09637510734637629,0.25984102328927483,0.3030102951179089,0.8746913983523937,0.5788463820575369,0.5215437829074946,2.2690880251104595,0.9553285220361264,(truncamiento FPCA)
593,612,602,train,20,False,0.10079688247565236,0.317485247650426,0.09653605390327487,0.2605496539306594,0.30337960894956834,0.8746913983523937,0.5755395189005303,0.5189680524879005,2.2488804803451594,0.9555707271274883,(truncamiento FPCA)
594,613,603,train,20,False,0.1028800539981164,0.3207492073226626,0.09816877883816182,0.2632558185450983,0.30749078082514597,0.8746913983523937,0.5856899327043179,0.5264791410216201,2.2623993515796132,0.9586641955932284,(truncamiento FPCA)
595,614,604,train,20,False,0.09790970396232107,0.3129052635580314,0.09279283385394475,0.25303595415050345,0.29633881110603033,0.8746913983523937,0.5664408625520425,0.5105266086229595,2.287753844190875,0.9470560122139695,(truncamiento FPCA)
596,615,605,train,20,False,0.09656271078622128,0.31074541152882895,0.09652503559208019,0.24984680439319723,0.29343501158316443,0.8746913983523937,0.5644195342280651,0.5074972231987311,2.3202875149300266,0.9442939483466561,(truncamiento FPCA)
597,616,606,train,20,False,0.0955619101425452,0.30913089483671025,0.10249221478471819,0.24784598763974128,0.29225021294810194,0.8746913983523937,0.5661682838228773,0.5107504891786055,2.336484510869857,0.9453930934417764,(truncamiento FPCA)
598,617,607,train,20,False,0.0943126922590219,0.3071037158013916,0.0995845471239939,0.24512795888081937,0.2886409915171268,0.8746913983523937,0.5580011979612541,0.5031435475818457,2.323499016082733,0.9398811432936066,(truncamiento FPCA)
599,618,608,train,20,False,0.09404944853599669,0.30667482540305896,0.10218353873715219,0.2445800337143603,0.2882841062695101,0.8746913983523937,0.5570455544064201,0.502712006949082,2.3239626707001246,0.9400318591218626,(truncamiento FPCA)
600,619,609,train,20,False,0.08767521829892866,0.2961000140137259,0.09489936623651843,0.2355737669175569,0.2766770818990812,0.8746913983523937,0.531251067495117,0.4774097607049681,2.310177887594694,0.9344041499648685,(truncamiento FPCA)
601,620,610,train,20,False,0.08519680180267206,0.29188491191336363,0.09434248194863344,0.23145749099544832,0.27196067186879874,0.8746913983523937,0.5201107896652504,0.4717130469590719,2.307459264244307,0.9317393971687076,(truncamiento FPCA)
602,621,611,train,20,False,0.08726101245242991,0.2953997502579004,0.09891699160856916,0.23537540424663753,0.27659801978083165,0.8746913983523937,0.5283501008838356,0.4788711473151988,2.302256936898284,0.9363515694896364,(truncamiento FPCA)
603,622,612,train,20,False,0.08389473577804388,0.2896458799604163,0.09437062966108073,0.22865385714292324,0.2696529257403469,0.8746913983523937,0.517674622130222,0.4687007171232856,2.3425617777226138,0.930974491255316,(truncamiento FPCA)
604,623,613,train,20,False,0.08144473881546146,0.28538524631708184,0.09119463835458462,0.22232060714458396,0.26240601771324107,0.8746913983523937,0.5032572371593844,0.4569860799945734,2.3401433962720892,0.9194799699690526,(truncamiento FPCA)
605,624,614,train,20,False,0.08030015589882622,0.28337282138346687,0.09364940700317166,0.21949843237325464,0.2603299145250175,0.8746913983523937,0.5037979619266334,0.45728928009796055,2.372735305902762,0.918683426498171,(truncamiento FPCA)
606,625,615,train,20,False,0.08657217987646973,0.29423150728035524,0.10377113479348446,0.22684928661358614,0.26797807781338034,0.8746913983523937,0.509931762577424,0.46505973109850157,2.343585578471538,0.9107728818383831,(truncamiento FPCA)
607,626,616,train,20,False,0.08504080422486475,0.29161756501429187,0.11157374302251834,0.2247012262068953,0.2653133268932294,0.8746913983523937,0.5042861903711036,0.46013554672986884,2.3413261017523537,0.9097988554983877,(truncamiento FPCA)
608,627,617,train,20,False,0.08922319669838658,0.29870252208239984,0.12169048744487565,0.2302341198450129,0.2719258184437054,0.8746913983523937,0.5182530376897195,0.4704323872916641,2.348593504825538,0.9103566201851223,(truncamiento FPCA)
609,628,618,train,20,False,0.10289467781830816,0.32077200285920865,0.14863319527873042,0.24538959343541747,0.2904743414485821,1.0071279867170344,0.5534676741119802,0.5028299407761184,2.363989854395995,0.90554767516938,(truncamiento FPCA)
610,629,619,train,20,False,0.11460775929011627,0.3385376777998518,0.16401679374095093,0.2551682863042036,0.3012740478887813,1.224694842970617,0.5753393497673592,0.5192796549931403,2.366655861900053,0.8899276731817685,(truncamiento FPCA)
611,630,620,train,20,False,0.10664436785016365,0.3265644926353195,0.16116741819911998,0.246781667186558,0.2925057212023229,1.224694842970617,0.5691658151531759,0.5115409426968003,2.3953423749556513,0.8957058339130864,(truncamiento FPCA)
612,631,621,train,20,False,0.10686212065114124,0.3268977220035974,0.16878310381669934,0.24803778358079626,0.2930507332328226,1.224694842970617,0.5644498324613191,0.5088146040084428,2.35093393794216,0.896460004177079,(truncamiento FPCA)
613,632,622,train,20,False,0.1038817587014584,0.32230693244399566,0.1703784152321552,0.2401107532769878,0.28508276159360757,1.224694842970617,0.5560898324498138,0.49971748384606285,2.4196682564930905,0.884507073527324,(truncamiento FPCA)
614,633,623,train,20,False,0.1016747062843025,0.3188647147056295,0.1664990742134326,0.23710950022127042,0.280675625536874,1.224694842970617,0.5438578131449701,0.4906776477201352,2.3984494474860116,0.8802341952322601,(truncamiento FPCA)
615,634,624,train,20,False,0.10274178286832278,0.3205335908579985,0.16501359955540904,0.2405551991205764,0.284292860390663,1.224694842970617,0.5496461950609138,0.4970040511531244,2.378298677090309,0.8869362478661691,(truncamiento FPCA)
616,635,625,train,20,False,0.10224225855318622,0.31975343399748846,0.1731494755891275,0.2400520493637266,0.28297648368626455,1.224694842970617,0.5442262428182112,0.4923383427837279,2.3521079388904615,0.8849834078356988,(truncamiento FPCA)
617,636,626,train,20,False,0.09898621378950281,0.3146207459617099,0.17948740665939622,0.23510146850675243,0.27852862629874087,1.224694842970617,0.5423746784083923,0.4900569240571925,2.38972875395251,0.8852837261171533,(truncamiento FPCA)
618,637,627,train,20,False,0.09862419992812602,0.3140449011337806,0.19215440223829885,0.2331871491904201,0.277046765023353,1.224694842970617,0.5420046001335516,0.4897208545775748,2.436708376296806,0.8821883877851382,(truncamiento FPCA)
619,638,628,train,20,False,0.09854941518614077,0.31392581159589406,0.19247605995461212,0.23282019485369315,0.27694409844444284,1.224694842970617,0.5418510082052563,0.48943972030141286,2.4386018929604507,0.8821960100590375,(truncamiento FPCA)
620,639,629,train,20,False,0.09977943889642985,0.3158788357842764,0.18127931169027406,0.23500168915715794,0.28016818108593955,1.224694842970617,0.5504198664637184,0.49781304466429593,2.4574428907077306,0.8869482515038621,(truncamiento FPCA)
621,640,630,train,20,False,0.10706753920972745,0.32721176508452054,0.18686975590480523,0.24561816957603208,0.29131159001060164,1.224694842970617,0.564867732332374,0.5107668820362973,2.425411401747998,0.8902845835489879,(truncamiento FPCA)
622,641,631,train,20,False,0.11397120696491152,0.3375962188249618,0.1965437510783458,0.25346713445177893,0.30079945146695425,1.224694842970617,0.5878339148361715,0.5310880439690872,2.4382449266815884,0.8910036152475804,(truncamiento FPCA)
623,642,632,train,20,False,0.11884066628699104,0.34473274617737004,0.20138064920251644,0.262104873433246,0.3099929083640217,1.224694842970617,0.6034619026875337,0.5445305580595969,2.3993727698621305,0.8992267540621913,(truncamiento FPCA)
624,643,633,train,20,False,0.12268086847493191,0.3502582882316019,0.2149055853580781,0.27101129966160925,0.31983840499985217,1.224694842970617,0.6197990685674469,0.5585816366152839,2.387050490902532,0.9131501401855902,(truncamiento FPCA)
625,644,634,train,20,False,0.12129582194595293,0.34827549719432305,0.20564460429847925,0.2686191485030425,0.316746451936347,1.224694842970617,0.6131917223655227,0.553447609980658,2.3874722908568073,0.9094709633265294,(truncamiento FPCA)
626,645,635,train,20,False,0.11485150301042935,0.3388974815640112,0.19176016516409136,0.2615098049580152,0.30883798502862836,1.224694842970617,0.6020065134620928,0.5418930752149341,2.3963526611974975,0.9113020952629733,(truncamiento FPCA)
627,646,636,train,20,False,0.11419642283187578,0.3379296122447333,0.19104394594834884,0.2608473928346694,0.307514352903884,1.224694842970617,0.598822278788592,0.5384384365836802,2.3884419336142626,0.9099952823346475,(truncamiento FPCA)
628,647,637,train,20,False,0.12004100646542944,0.34646934419285846,0.1983677478007382,0.2670386745844693,0.31404236204846064,1.224694842970617,0.6109045797488271,0.5500213639693559,2.3843854154774826,0.9064073555484675,(truncamiento FPCA)
629,648,638,train,20,False,0.11128379057528695,0.33359225197130543,0.1800815608338882,0.259028823994308,0.30449302311604126,1.224694842970617,0.5970120644608345,0.5371500916139714,2.395427542467117,0.9127700697983622,(truncamiento FPCA)
630,649,639,train,20,False,0.09299339639268,0.3049481864066091,0.147399531897798,0.24077802428387743,0.28392259503954903,0.9795990970738125,0.5574077646504306,0.5046289706075366,2.3922388824191207,0.931051921918876,(truncamiento FPCA)
631,650,640,train,20,False,0.08885283241824224,0.29808192232713854,0.13916280345324017,0.23428064372202645,0.27694304329175407,0.9795990970738125,0.5427236941780722,0.49218562678654126,2.39668718474212,0.9290836597189379,(truncamiento FPCA)
632,651,641,train,20,False,0.0881484259808676,0.29689800602373134,0.13856092197920292,0.23252950264031824,0.2750526821822955,0.9795990970738125,0.5412154212956589,0.4902258026014373,2.4082263808389746,0.9264214531649979,(truncamiento FPCA)
633,652,642,train,20,False,0.09473459109560733,0.3077898489157941,0.14210075025233604,0.2444107711885025,0.28860949528914875,0.9795990970738125,0.5664630477769286,0.5146917756159641,2.3707218287688443,0.9376836055698096,(truncamiento FPCA)
634,653,643,train,20,False,0.09500270611485315,0.30822509001515946,0.13288861089927176,0.24506205036752798,0.2892399722486373,0.9795990970738125,0.5672827703571676,0.5137588308380214,2.3665223808044353,0.9384050215847501,(truncamiento FPCA)
635,654,644,train,20,False,0.09624504072589299,0.31023384845289365,0.12573279019449823,0.24707375662081837,0.29215825013261515,0.9795990970738125,0.5717278397135535,0.5187712933745983,2.3664755698549045,0.9417355700855347,(truncamiento FPCA)
636,655,645,train,20,False,0.10460428260503077,0.32342585333431645,0.12941921434528483,0.25860633111144604,0.30559863958898503,0.9795990970738125,0.5968679677920312,0.5414187597255414,2.3597853506734316,0.9448800596441376,(truncamiento FPCA)
637,656,646,train,20,False,0.10212666705812187,0.3195726318978549,0.12163128837439884,0.25622473037240023,0.30112299998460146,0.9795990970738125,0.5809135824523268,0.5272524921138857,2.315687648644846,0.9422677974528479,(truncamiento FPCA)
638,657,647,train,20,False,0.10804625278764335,0.32870389834567426,0.13515051280772714,0.2666175472931732,0.3137781237553716,0.9795990970738125,0.6055925231775329,0.5503860109280553,2.289003606211963,0.954592036585443,(truncamiento FPCA)
639,658,648,train,20,False,0.10844077012693173,0.32930346206338573,0.1362810694481304,0.26672360014439656,0.31431337093451633,0.9795990970738125,0.6086482229965222,0.5527012335270326,2.298068459439784,0.9544794001407005,(truncamiento FPCA)
640,659,649,train,20,False,0.11324648136689294,0.33652114549741585,0.15251536465754406,0.27465368249826827,0.32225815797605134,0.9795990970738125,0.6182676009319622,0.5624813037790821,2.2617947871103175,0.9576163705841358,(truncamiento FPCA)
641,660,650,train,20,False,0.11511756157624302,0.33928978996757775,0.14608197067066495,0.2764700465407494,0.32429709400829043,0.9795990970738125,0.6227253505094235,0.5644917688765501,2.264183561056431,0.9558115321987143,(truncamiento FPCA)
642,661,651,train,20,False,0.10641690415608696,0.3262160390846639,0.11498269691325151,0.26508551931518215,0.3109001161921382,0.9679879429074775,0.5938929980638361,0.5394719377757713,2.265900676896057,0.953049755200569,(truncamiento FPCA)
643,662,652,train,20,False,0.10127167230213023,0.31823210444914296,0.11057309284682555,0.2563501246478839,0.30086853170293215,0.9679879429074775,0.5746550606223727,0.5221518327847647,2.2787053833034694,0.9454373945825894,(truncamiento FPCA)
644,663,653,train,20,False,0.10060561799669991,0.31718388672298586,0.10756833436277173,0.25470289340509616,0.2996861347930301,0.9679879429074775,0.5774355122210307,0.5241643766776983,2.304913207973778,0.9448340452891999,(truncamiento FPCA)
645,664,654,train,20,False,0.10051627834899486,0.31704302286755165,0.11025330109204844,0.2551948471701245,0.2994519109240496,0.9679879429074775,0.5748646941114541,0.5207359995946735,2.2807960829054164,0.9445150636516264,(truncamiento FPCA)
646,665,655,train,20,False,0.09629672885581725,0.3103171423814953,0.10543528843620639,0.24788355101951423,0.29068647973919204,0.9679879429074775,0.5593429129701849,0.5057091431749351,2.279503141514432,0.9367399993063551,(truncamiento FPCA)
647,666,656,train,20,False,0.097814712455371,0.3127534371599631,0.09573408638095703,0.2503240346414847,0.29357160693760337,0.9679879429074775,0.5647074612470193,0.5111610221914472,2.2795360086827374,0.9386678835681385,(truncamiento FPCA)
648,667,657,train,20,False,0.0884065583997267,0.29733240388448534,0.08649061785643271,0.2391543074245594,0.2816123489628523,0.864779327872971,0.5453375674654447,0.4949786886886033,2.3009448610582774,0.9471296948591573,(truncamiento FPCA)
649,668,658,train,20,False,0.09072293951805661,0.30120248922951587,0.08937066174726428,0.24184917413786974,0.28456287768080685,0.864779327872971,0.5448486937998371,0.4962424061731481,2.2818157350387898,0.9447560623045527,(truncamiento FPCA)
650,669,659,train,20,False,0.09443653435334995,0.3073052787593307,0.09350860120448955,0.24700482740239676,0.29073907736053206,0.864779327872971,0.5572392807077396,0.505526759612965,2.2873258084416905,0.9460920376451696,(truncamiento FPCA)
651,670,660,train,20,False,0.10231207488278674,0.3198625875009247,0.10236137172444958,0.25784436265705196,0.3022539066758262,0.864779327872971,0.5729818644698501,0.5209551569408402,2.2597106951721933,0.9449492328481598,(truncamiento FPCA)
652,671,661,train,20,False,0.10885114283133579,0.32992596568220545,0.10973003388006308,0.2682183389047103,0.3138086846678925,0.864779327872971,0.5910653777320198,0.538960334284622,2.250200598968917,0.9511487949092264,(truncamiento FPCA)
653,672,662,train,20,False,0.1028643932728471,0.3207247936671674,0.10314311011378836,0.2588652401046303,0.3025513627067594,0.864779327872971,0.5686064357996353,0.5162889697780082,2.2487021691438533,0.9433363702487327,(truncamiento FPCA)
654,673,663,train,20,False,0.1263468515261728,0.3554530229526439,0.12347851058073482,0.28173954668308265,0.3275762407637775,1.1503057989210812,0.6044338055725679,0.5542128865462996,2.220396343418349,0.9215739341381819,(truncamiento FPCA)
655,674,664,train,20,False,0.1426179847086671,0.3776479639938061,0.13973627623281218,0.29934311690531823,0.3464584468341583,1.1503057989210812,0.6348958203857299,0.5826949603218565,2.2050134733598954,0.9174111338247294,(truncamiento FPCA)
656,675,665,train,20,False,0.14145513756324524,0.3761052213985406,0.14191334538780262,0.2973875244477204,0.34511230068202914,1.1503057989210812,0.6334503921802362,0.5831563772437655,2.2137447862528474,0.9175950799053924,(truncamiento FPCA)
657,676,666,train,20,False,0.14279080841511219,0.3778767106016355,0.14283334176796078,0.29937994895421893,0.3477015608009265,1.1503057989210812,0.6421992093504612,0.5883083328934877,2.2326255723885913,0.9201455158412232,(truncamiento FPCA)
658,677,667,train,20,False,0.13831656057986422,0.37190934457185154,0.1466457797966172,0.29298923541582395,0.3397331123233379,1.1503057989210812,0.6268080210234295,0.5741718830137882,2.2395271442935334,0.9134836682160932,(truncamiento FPCA)
659,678,668,train,20,False,0.13539581282472826,0.3679617002144765,0.14553625908417783,0.2898677999818389,0.335302095075675,1.1503057989210812,0.6157613261266517,0.5648895958311392,2.2233671800818455,0.9112418354416643,(truncamiento FPCA)
660,679,669,train,20,False,0.13044691384145926,0.36117435379807805,0.1429092389806114,0.2819778907854495,0.32703149376656915,1.1503057989210812,0.6027883336031011,0.5532280075695996,2.240385635194888,0.9054670973382646,(truncamiento FPCA)
661,680,670,train,20,False,0.12263694941202133,0.350195587368004,0.14599744247911706,0.2714255419224204,0.3166218160345612,1.1503057989210812,0.5914310291704133,0.5454387694326465,2.28299325375684,0.9041285140518869,(truncamiento FPCA)
662,681,671,train,20,False,0.12956546381574913,0.3599520298814123,0.18953492470559383,0.2806382858945089,0.3279980460462143,1.1503057989210812,0.614569812997804,0.5652154236052632,2.2808571566031013,0.911227104773585,(truncamiento FPCA)
663,682,672,train,20,False,0.13223514458980742,0.36364150559281244,0.20704526419162533,0.2861428977277976,0.33413507310848156,1.1503057989210812,0.6269366228874975,0.576322837965302,2.271616584327444,0.9188584580403462,(truncamiento FPCA)
664,683,673,train,20,False,0.1295452341474746,0.3599239282785664,0.20721872540597935,0.2805843883514424,0.3275374295462189,1.1503057989210812,0.6113940676913554,0.5636420752007152,2.2563688071470223,0.9100184894979206,(truncamiento FPCA)
665,684,674,train,20,False,0.13393742976941186,0.36597462995324126,0.21533364389116857,0.2867475873877699,0.33567786760341395,1.1503057989210812,0.6302807870200998,0.5818660408790779,2.272459872492621,0.917216222464114,(truncamiento FPCA)
666,685,675,train,20,False,0.1347839918898369,0.3671293939333064,0.2189446792859341,0.2884154319365567,0.33806985140642426,1.1503057989210812,0.6389715409433362,0.58710450059102,2.303943255952498,0.920846592490055,(truncamiento FPCA)
667,686,676,train,20,False,0.1317972308089802,0.36303888332929324,0.2323423187614447,0.28159999347697107,0.33145547539118303,1.1503057989210812,0.6295644296936456,0.577302847004168,2.351024179940269,0.9130026854190642,(truncamiento FPCA)
668,687,677,train,20,False,0.13071277550706423,0.36154221815310067,0.2547397077954166,0.28014669819645005,0.3293059449252183,1.1503057989210812,0.6219673249252744,0.5712949268944347,2.3313753626016087,0.9108367664707102,(truncamiento FPCA)
669,688,678,train,20,False,0.1288981353683712,0.35902386462235514,0.24168597013238893,0.2788370728935959,0.3270337837338927,1.1503057989210812,0.6189788343253431,0.5656528496361598,2.3302533052439687,0.910897062728374,(truncamiento FPCA)
670,689,679,train,20,False,0.12691883127243456,0.3562566929510722,0.24625576589951256,0.2755622924320766,0.32405871867853797,1.1503057989210812,0.6167933143442954,0.5644434773177345,2.350336388248814,0.909621419303535,(truncamiento FPCA)
671,690,680,train,20,False,0.12146425719940615,0.3485172265461295,0.23905302166323203,0.26868652713497243,0.3170036531174334,1.1503057989210812,0.6120213985794155,0.5578032538903612,2.382337474462756,0.9095781469943353,(truncamiento FPCA)
672,691,681,train,20,False,0.11566139956649321,0.3400902814937428,0.2347311770615927,0.26007189613222514,0.30741643352600995,1.1503057989210812,0.596268704561398,0.5425955830775778,2.38470905654384,0.9039259580596571,(truncamiento FPCA)
673,692,682,train,20,False,0.11867622673271101,0.34449416066562144,0.21860469949521438,0.2660765544225183,0.31422458637458045,1.1503057989210812,0.6087049778894593,0.5557643249858837,2.3780452490935753,0.9121332732242688,(truncamiento FPCA)
674,693,683,train,20,False,0.09383456395599675,0.3063242790834523,0.18741340220126854,0.23940756870296348,0.2854550791330104,1.0530689056813207,0.5679856174532254,0.5148511671279875,2.4439997984904034,0.9318721976172301,(truncamiento FPCA)
675,694,684,train,20,False,0.07732656431714671,0.27807654398950427,0.15969987355005924,0.22132857262290484,0.26607324020931367,0.8657277247098816,0.5409494975975655,0.4880772828785875,2.482826543740277,0.9568345333699068,(truncamiento FPCA)
676,695,685,train,20,False,0.07122067667112768,0.2668720230206375,0.1227986523994085,0.21330247085118717,0.2566599518653994,0.8657277247098816,0.5234521790234508,0.47071005433844715,2.4943931835218986,0.9617342011363688,(truncamiento FPCA)
677,696,686,train,20,False,0.0755817810204665,0.2749214088070744,0.1216289107174564,0.21956854042538593,0.26294921268699084,0.8657277247098816,0.5269540676350962,0.4772163319271856,2.4610360979378867,0.956452296050596,(truncamiento FPCA)
678,697,687,train,20,False,0.0747329349787938,0.2733732521275514,0.1155473479712202,0.218097906147046,0.2605526666660901,0.8657277247098816,0.5204969143884411,0.4709802302774763,2.4423419360394814,0.9531022681930877,(truncamiento FPCA)
679,698,688,train,20,False,0.08731220806550985,0.29548639235252416,0.13108777735340169,0.2307480848225393,0.2751407107715384,0.9609558338507126,0.5445084670105104,0.4947057131664576,2.441826956531769,0.931145114944201,(truncamiento FPCA)
680,699,689,train,20,False,0.0934500163938723,0.30569595416667245,0.13765527933888938,0.23961599292720392,0.2849091667587992,0.9609558338507126,0.5635258186916083,0.5124490938445283,2.436163048899244,0.9320017582027277,(truncamiento FPCA)
681,700,690,train,20,False,0.0987316698295346,0.314215960494585,0.1444161119993436,0.24776610211453223,0.29251714185445504,0.9609558338507126,0.5677192475475518,0.5167720336767248,2.386938405574514,0.9309429775432941,(truncamiento FPCA)
682,701,691,train,20,True,0.09161779815786907,0.30268432096471243,0.13345782255272556,0.2381157112600206,0.2806420115729214,0.9609558338507126,0.5447379444729906,0.49526258572506754,2.39786967281689,0.9271772342831037,(truncamiento FPCA)
683,702,692,train,20,True,0.09246701647232318,0.30408389709473793,0.1367268994400478,0.23868802122331037,0.2820894568368343,0.9609558338507126,0.5492121371145503,0.4993645836366126,2.410227457116572,0.9276698290569091,(truncamiento FPCA)
684,703,693,train,20,True,0.09238700149907808,0.30395230135512724,0.13312192925969318,0.23837009410581836,0.2817929117606476,0.9609558338507126,0.5479490757830703,0.4986391627353388,2.4050661570494274,0.9270958321562783,(truncamiento FPCA)
685,704,694,train,20,True,0.087716454920871,0.29616963875601937,0.1271208330350796,0.23152263985888388,0.272882138104986,0.9609558338507126,0.5257702108162239,0.47873137483628697,2.3775877015478923,0.9213710738587311,(truncamiento FPCA)
686,705,695,train,20,True,0.08722438308576216,0.2953377440926949,0.12439391258808738,0.23052153236040981,0.2715718705461443,0.9609558338507126,0.5221143550450467,0.47728650098857195,2.371091390083168,0.919529846685998,(truncamiento FPCA)
687,706,696,train,20,True,0.09140664090752199,0.30233531204198094,0.11662193258213215,0.2390576877901575,0.2801074411254295,0.9609558338507126,0.5354322136099618,0.4902154726403042,2.3244715224124497,0.9264794086855955,(truncamiento FPCA)
688,707,697,train,20,True,0.08984948467641582,0.29974903615594134,0.11481136661572494,0.23545539674959587,0.27600362538875955,0.9609558338507126,0.5295766541396383,0.4836980830240146,2.341271608621372,0.9207823615658651,(truncamiento FPCA)
689,708,698,train,20,True,0.09065304787491738,0.301086445850552,0.11846775297508946,0.23515470111392345,0.2770418713358046,0.9609558338507126,0.5371267994629499,0.49191314699363364,2.366071689589135,0.920140627895677,(truncamiento FPCA)
690,709,699,train,20,True,0.09179612261398476,0.30297874944290193,0.11473390144844128,0.23668865789542556,0.2788239230020414,0.9609558338507126,0.5400218119589966,0.4958897129222615,2.362231254381514,0.9202755094696414,(truncamiento FPCA)
691,710,700,train,20,True,0.09126721549017466,0.30210464327807784,0.10466689894902263,0.236728946309242,0.27796368317414544,0.9609558338507126,0.5335568910958153,0.4895983000665395,2.3374370274841185,0.9200907346474929,(truncamiento FPCA)
692,711,701,test,20,True,0.09744773197291964,0.3121661928731547,0.11175775514448212,0.24585004426041693,0.2880192405863734,0.9609558338507126,0.5483272811484433,0.5032647289506514,2.329779929418471,0.9226471256719553,(truncamiento FPCA)
693,712,702,test,20,True,0.09474735940616995,0.3078105901462293,0.11087062301744889,0.24074612342108687,0.2821757991098105,0.9609558338507126,0.5377862873635952,0.49243577110874526,2.3349603789304516,0.9167189438666141,(truncamiento FPCA)
694,713,703,test,20,True,0.09641979571670935,0.3105153711440214,0.09363828601063948,0.24495719644944636,0.28661382561173077,0.9609558338507126,0.5451143425315974,0.4998894574114616,2.3048762956458035,0.9230262081898526,(truncamiento FPCA)
695,714,704,test,20,True,0.10151675313174231,0.31861693792349194,0.08192193773899248,0.2509201616854591,0.29474633526399313,0.9609558338507126,0.563560705106195,0.5140975118919873,2.3127803692098996,0.9250805596994637,(truncamiento FPCA)
696,715,705,test,20,True,0.102252553094245,0.3197695312162261,0.08667946095163533,0.25171481841758914,0.29624677777886854,0.9609558338507126,0.569298972479887,0.5197782018866195,2.3310636783891856,0.926438415355303,(truncamiento FPCA)
697,716,706,test,20,True,0.10037291115493444,0.31681684165292484,0.08808521511831699,0.24962077630060636,0.2938069839448161,0.9609558338507126,0.5664176228525051,0.5161340269996451,2.3340293203460045,0.9273717344442306,(truncamiento FPCA)
698,717,707,test,20,True,0.1052701959536555,0.3244536884574677,0.09296579065828034,0.257525943347835,0.3035712746967928,0.9609558338507126,0.5893226812133232,0.5343896444962875,2.349080904617977,0.9356382297271609,(truncamiento FPCA)
699,718,708,test,20,True,0.09079040981277764,0.3013144699691298,0.08081151662145669,0.2409227312174389,0.28513230206685797,0.8812737600600762,0.5630072294934045,0.507036981904503,2.3803863164427677,0.9462947534383936,(truncamiento FPCA)
700,719,709,test,20,True,0.09402223240263399,0.30663044924246186,0.08085717841074834,0.24445816841677934,0.2887398526522398,0.8812737600600762,0.5632313648195746,0.5066658143901269,2.3622457463936257,0.9416542074199701,(truncamiento FPCA)
701,720,710,test,20,False,0.08745061556916124,0.2957205024497984,0.07421561700730199,0.23499553694119682,0.2784957715947029,0.8812737600600762,0.5514770896400141,0.4932015887235431,2.3907895633532443,0.941753342387819,(truncamiento FPCA)
702,721,711,test,20,False,0.08949771751044584,0.2991616912481373,0.07700506290391797,0.23968323057977453,0.2830236446468938,0.8812737600600762,0.5534968820611814,0.49701107193879607,2.3452794931915335,0.9460557715999207,(truncamiento FPCA)
703,722,712,test,20,False,0.08676118397603873,0.2945525148017561,0.07775658259182755,0.23575787338617094,0.2776355946508128,0.8812737600600762,0.5377750296114506,0.48362918680856054,2.3152280900506077,0.9425673884932574,(truncamiento FPCA)
704,723,713,test,20,False,0.09094379946944224,0.3015688967208691,0.08514763541412095,0.24353616630663125,0.2869334083572829,0.8812737600600762,0.5550737315738304,0.5001758708495139,2.319842920827666,0.9514688400470795,(truncamiento FPCA)
705,724,714,test,20,False,0.10638985304403806,0.3261745744904683,0.09276323202134468,0.2608144221516947,0.3073900435796418,1.1691472235239697,0.5978764448186262,0.5387575979520658,2.3334305020392745,0.942409579470838,(truncamiento FPCA)
706,725,715,test,20,False,0.11178113560927887,0.3343368594834839,0.09972688828993828,0.27008169168664226,0.317253197491362,1.1691472235239697,0.609709492348962,0.5505520049244482,2.297187267553551,0.948902846014303,(truncamiento FPCA)
707,726,716,test,20,False,0.11426043628934299,0.3380243131630371,0.11718156287783396,0.27327753633434215,0.32065539433058426,1.1691472235239697,0.6125054771459755,0.5515517305854849,2.2851363718016273,0.9486163623263532,(truncamiento FPCA)
708,727,717,test,20,False,0.12200236403088585,0.34928836801543484,0.12592350471051664,0.28574967161757775,0.33425369117173287,1.1691472235239697,0.6347972036758083,0.5706121288913295,2.2601017956696983,0.9569562624454829,(truncamiento FPCA)
709,728,718,test,20,False,0.13040668014738227,0.36111865106552204,0.12910621591152158,0.29484695332166094,0.3429330221592115,1.1691472235239697,0.6426789597381702,0.5764551925069532,2.231531638822166,0.9496408483675608,(truncamiento FPCA)
710,729,719,test,20,False,0.13224416333468744,0.36365390598024305,0.13830997145781534,0.2971474598226044,0.3454584686750144,1.1691472235239697,0.6457072529965596,0.5776467091210754,2.223075957984152,0.9499649611732283,(truncamiento FPCA)
711,730,720,test,20,False,0.13807661341403513,0.3715866163010115,0.13665259465805585,0.30324461077086345,0.3532079749291723,1.1691472235239697,0.6659389613477795,0.595363613446165,2.242791143417662,0.950540087921382,(truncamiento FPCA)
712,731,721,test,20,False,0.13071179380213974,0.36154086048763523,0.12495307691409546,0.29086565476077725,0.33971804501379754,1.1691472235239697,0.6460061794749076,0.576996419439974,2.259862780429482,0.9396394215458695,(truncamiento FPCA)
713,732,722,test,20,False,0.12995592638280842,0.36049400325498954,0.12169041626536638,0.2878629379371952,0.3371452838350782,1.1691472235239697,0.642724953546894,0.5744186943190338,2.3011172915130507,0.9352313236583965,(truncamiento FPCA)
714,733,723,test,20,False,0.12802873814595483,0.357811036925854,0.1361128697281346,0.2838033958219885,0.3317607583953181,1.1691472235239697,0.6296411311116239,0.562463300464893,2.275070522296994,0.9271954304306882,(truncamiento FPCA)
715,734,724,test,20,False,0.1248202762866019,0.3532991314546384,0.16346645528202394,0.28089624957376014,0.3271599761002164,1.1691472235239697,0.6165285165453556,0.5542082410362569,2.255812929026887,0.9260140967604441,(truncamiento FPCA)
716,735,725,test,20,False,0.13585874823816133,0.36859021723068197,0.18531892888430954,0.2949874257730014,0.34100487203598345,1.1691472235239697,0.6314676354194177,0.5677343221299099,2.1976587771120224,0.9251598552941673,(truncamiento FPCA)
717,736,726,test,20,False,0.137614288132622,0.37096399843195293,0.18672719188840817,0.2968802494279023,0.34329261076356826,1.1691472235239697,0.6352027618816626,0.5713113560354235,2.198083055068989,0.9254068109429748,(truncamiento FPCA)
718,737,727,test,20,False,0.13277715510798932,0.364385997409326,0.18210298058830063,0.2889064400413949,0.3337222681282139,1.1691472235239697,0.6141192243686493,0.5544151027892856,2.198275839115361,0.9158482227661824,(truncamiento FPCA)
719,738,728,test,20,False,0.13550467664471616,0.36810959868592963,0.1828463207096719,0.2934585120934469,0.33895571546823333,1.1691472235239697,0.6231430492955747,0.5623589337709414,2.188703627907487,0.9208010784783411,(truncamiento FPCA)
720,739,729,test,20,False,0.12487132883935474,0.3533713752404894,0.14269493044089965,0.27827498450453086,0.32210235334209686,1.1691472235239697,0.5973477790279265,0.5387904099905507,2.2128521748678867,0.9115122953093975,(truncamiento FPCA)
721,740,730,test,20,False,0.12501001103569664,0.35356754805227336,0.14554282929278264,0.27882116972984444,0.3224154871011445,1.1691472235239697,0.5947200818931537,0.5372635935729531,2.1931294171307925,0.9118921939450076,(truncamiento FPCA)
722,741,731,test,20,False,0.12843179498726726,0.3583738201756195,0.1451381669123169,0.2832949949540414,0.32769406190315664,1.1691472235239697,0.6056532222700879,0.5476579935160867,2.201096130750172,0.9143917425178314,(truncamiento FPCA)
723,742,732,test,20,False,0.12825002326666152,0.35812012407383853,0.14716347975789387,0.28315322755075656,0.32722896620902653,1.1691472235239697,0.6065321707499991,0.5463544773537478,2.2081540139088114,0.9137407931355379,(truncamiento FPCA)
724,743,733,test,20,False,0.12819091589147916,0.3580375900537249,0.1480115421659675,0.28329525639819675,0.32713572821459513,1.1691472235239697,0.6081061667491994,0.5470785090720728,2.212856805542511,0.9136910126266551,(truncamiento FPCA)
725,744,734,test,20,False,0.1129697975999319,0.3361097999165331,0.1397236622709007,0.26650168671380486,0.307306562637977,0.9683684233598835,0.5679876535453677,0.5101967328054382,2.209742994720156,0.9143040837080356,(truncamiento FPCA)
726,745,735,test,20,False,0.10874236223651623,0.3297610684063785,0.13446031236897302,0.2603307197159164,0.300305840072138,0.9683684233598835,0.5554556529514998,0.4989595436708848,2.204337359820071,0.9106770593733595,(truncamiento FPCA)
727,746,736,test,20,False,0.1080215821329682,0.32866636903244023,0.1370607564965788,0.25943685156422475,0.29937969249528373,0.9683684233598835,0.5525111563429765,0.4986469842413374,2.200784625033692,0.9108923842029428,(truncamiento FPCA)
728,747,737,test,20,False,0.10050845990129986,0.31703069236479275,0.1309091332884574,0.24791287276686957,0.2865146753220781,0.9683684233598835,0.529850536182508,0.4793052150071427,2.2062788743354838,0.9037442816180041,(truncamiento FPCA)
729,748,738,test,20,False,0.08476557037138263,0.2911452736545497,0.11422421013334787,0.22668260563935322,0.2632412428087308,0.9522884063269446,0.4936766273196097,0.44648080294330184,2.254269565911444,0.9041577062352465,(truncamiento FPCA)
730,749,739,test,20,False,0.08266280396135048,0.2875113979677162,0.11160426361042974,0.2237779987872533,0.26031934796233036,0.9522884063269446,0.48993663257103615,0.4444693169728806,2.2657468442396445,0.9054227060297654,(truncamiento FPCA)
731,750,740,test,20,False,0.08117142154436799,0.28490598720344223,0.1091988633080842,0.2226316363473911,0.2586119128038029,0.8994721172358894,0.4848931111608722,0.4388759382400174,2.2596423009845847,0.9077096460564601,(truncamiento FPCA)
732,751,741,test,20,False,0.08418358610150252,0.29014407817755394,0.1226274149135024,0.2286104237139479,0.26578898990182803,0.8994721172358894,0.5014915178149881,0.45427480268135145,2.2762635513550453,0.9160586408355998,(truncamiento FPCA)
733,752,742,test,20,False,0.09039591320584872,0.3006591312530666,0.1319956721044971,0.2408097543874596,0.2783670446477526,0.8994721172358894,0.5188017731693038,0.4692926194527871,2.213073928451973,0.9258559468578035,(truncamiento FPCA)
734,753,743,test,20,False,0.0917225730998059,0.30285734777252127,0.12686987776625913,0.24447145646844595,0.28238110658173193,0.8994721172358894,0.52468495666847,0.47407607261419604,2.2054491217825705,0.9323898153986041,(truncamiento FPCA)
735,754,744,test,20,False,0.09289439422153771,0.30478581696256424,0.12066882757311881,0.2469301431338089,0.28420674229517945,0.8994721172358894,0.5226530968014055,0.47253316078897833,2.178671505330376,0.9324802089793028,(truncamiento FPCA)
736,755,745,test,20,False,0.083883642751388,0.2896267300360725,0.1119531648778956,0.23732729657149018,0.2738031853963958,0.8514179781236647,0.5084757260146671,0.4599223753963482,2.1920202150352175,0.9453657311336358,(truncamiento FPCA)
737,756,746,test,20,False,0.07807397937416342,0.27941721381146767,0.10253401745386007,0.2289821189737907,0.26455427307869084,0.8514179781236647,0.49427545341854656,0.4461264246689526,2.2006052951366555,0.946807354743701,(truncamiento FPCA)
738,757,747,test,20,False,0.07862912665743141,0.28040885623929823,0.09403119727832474,0.23062430738630665,0.2661582696822136,0.8514179781236647,0.49571702202986057,0.4472492473471109,2.182728690388722,0.949179256503499,(truncamiento FPCA)
739,758,748,test,20,False,0.08205247379059624,0.2864480298249514,0.09947557883841208,0.23571444204970735,0.27090748137995596,0.8514179781236647,0.4991948698137317,0.4525804620980648,2.1595409312549982,0.9457474067652263,(truncamiento FPCA)
740,759,749,test,20,False,0.08526369871156002,0.2919994840946813,0.11383843054748062,0.24240649524972882,0.27820782704898234,0.8514179781236647,0.5103852715693387,0.4622196716544165,2.141203585215915,0.9527682143396288,(truncamiento FPCA)
741,760,750,test,20,False,0.08599275859336783,0.29324521921655916,0.11321605976842637,0.24375714322481418,0.279728116587496,0.8514179781236647,0.5115209546912325,0.46438600845433003,2.1343626200389347,0.9539051219140904,(truncamiento FPCA)
742,761,751,test,20,False,0.08797136598399558,0.2965996729330556,0.113506706253342,0.24558496293413284,0.28219186980881994,0.8514179781236647,0.5150875279370106,0.4678209781391331,2.1340427171356144,0.9514234018474875,(truncamiento FPCA)
743,762,752,test,20,False,0.08790696428704275,0.29649108635343957,0.10635261394622222,0.24529201388760655,0.28202154818593395,0.8514179781236647,0.5157786622276384,0.46855850647260133,2.142424973426979,0.9511973923214108,(truncamiento FPCA)
744,763,753,test,20,False,0.0886120783919758,0.2976778097070317,0.10689307554704972,0.24582329913277526,0.2831002803716572,0.8514179781236647,0.521628293449831,0.473246442757209,2.159034690803594,0.9510291702639124,(truncamiento FPCA)
745,764,754,test,20,False,0.08824967713158063,0.29706847212651266,0.10809195372516761,0.24456980000907716,0.282065855551061,0.8514179781236647,0.519878914268926,0.47240181928102026,2.1674293751058555,0.9494977825547826,(truncamiento FPCA)
746,765,755,test,20,False,0.09036539880304378,0.30060838112574934,0.10733202101728355,0.24694931749178278,0.28596994590652874,0.8514179781236647,0.5350951675743871,0.48386440354278665,2.2107441371295775,0.9513039684242965,(truncamiento FPCA)
747,766,756,test,20,False,0.08704848357911785,0.29503979999165847,0.10431161202034005,0.24140977936607771,0.2809373049344906,0.8514179781236647,0.5343374855773576,0.48230941035866615,2.254170210143271,0.9522013807711143,(truncamiento FPCA)
748,767,757,test,20,False,0.08796566159216605,0.29659005646205683,0.10902429349743838,0.24365510498776746,0.2833795859188155,0.8514179781236647,0.5382612330046391,0.48638264622142946,2.2494049927334068,0.9554588218471466,(truncamiento FPCA)
749,768,758,test,20,False,0.09050428158134255,0.30083929527464087,0.12014438802689505,0.24992211127302624,0.29054523831943924,0.8514179781236647,0.5502248451183485,0.4988592834041946,2.221240576185777,0.9657822062579823,(truncamiento FPCA)
750,769,759,test,20,False,0.09244440996223946,0.3040467233210045,0.12535814328612124,0.2533253972095608,0.29325697753301355,0.8514179781236647,0.5525684918409033,0.5001121375083977,2.202079242815184,0.964512869370411,(truncamiento FPCA)
751,770,760,test,20,False,0.08576273975811251,0.292852761226717,0.11489774316437579,0.24393147070093782,0.2825793179321737,0.7364917840962522,0.5294222380527802,0.48279796575563666,2.1954406663518915,0.9649194248621412,(truncamiento FPCA)
752,771,761,test,20,False,0.08586708959318487,0.2930308679869492,0.11614183775473652,0.24422727039418063,0.2827633839574852,0.7364917840962522,0.5275110313799678,0.4816473740273414,2.1846331013808835,0.9649610837929835,(truncamiento FPCA)
753,772,762,test,20,False,0.08125513101036862,0.28505285652027523,0.11272403706383156,0.2362472167557948,0.2749306998235472,0.7364917840962522,0.5199685617634098,0.475165850797383,2.227652936546194,0.9644902464045012,(truncamiento FPCA)
754,773,763,test,20,False,0.08589360377441821,0.2930761057718937,0.11633563206959796,0.24322884349226173,0.2830292294811946,0.7364917840962522,0.534883268997238,0.4896895109319913,2.2340904777825683,0.9657192241440564,(truncamiento FPCA)
755,774,764,test,20,False,0.08372041958970902,0.2893448108912773,0.11301199195503073,0.23969161932195043,0.2794475450394037,0.7364917840962522,0.5295760603700163,0.48408917878972224,2.2405217047680153,0.9657942168674575,(truncamiento FPCA)
756,775,765,test,20,False,0.07988065230642204,0.2826316548202307,0.10669134657849748,0.23261127498969536,0.27186509770403916,0.7364917840962522,0.5177148805629683,0.47333998471343436,2.2632293719120056,0.9619060465005604,(truncamiento FPCA)
757,776,766,test,20,False,0.08208538221997927,0.286505466300347,0.11418921232086089,0.2356068448995292,0.2760497539690594,0.7364917840962522,0.5276742365153264,0.4822206798388241,2.2780142204664022,0.9635060633700903,(truncamiento FPCA)
758,777,767,test,20,False,0.08841363355681733,0.29734430136933404,0.13802103952034245,0.24464649306918385,0.28673970285444306,0.7925166808526881,0.548619384717427,0.5024314101620161,2.278631390874721,0.9643356255154227,(truncamiento FPCA)
759,778,768,test,20,False,0.08471689979918871,0.29106167696759516,0.1252312720529489,0.23964707550821482,0.28154738515552796,0.7925166808526881,0.5415302842150023,0.49563790021048193,2.287354383418884,0.9673117673505108,(truncamiento FPCA)
760,779,769,test,20,False,0.08417943555406335,0.2901369255266612,0.14818803804554107,0.23839646011683674,0.2805993410444335,0.7925166808526881,0.5429712152054289,0.4968848214576386,2.3043318606258993,0.9671272987231291,(truncamiento FPCA)
761,780,770,test,20,False,0.08185381989373236,0.2861010658731148,0.13511067420679274,0.2331856131897355,0.2746515137995512,0.7925166808526881,0.5330190664357751,0.4872600621809415,2.3017562832694205,0.9599807430335076,(truncamiento FPCA)
762,781,771,test,20,False,0.09077318471497076,0.3012858853563684,0.1531706114186266,0.2411123623792948,0.28334319653689943,1.0988412703599215,0.5511365407489586,0.5035674641987717,2.3059312238546985,0.9404463013650775,(truncamiento FPCA)
763,782,772,test,20,False,0.10413146390601331,0.32269407169331965,0.17634908280947836,0.2564163938486168,0.30146484710090077,1.0988412703599215,0.5835864426639191,0.5353274861608586,2.296304842022571,0.9342125360995333,(truncamiento FPCA)
764,783,773,test,20,False,0.1000398116925735,0.3162907075659566,0.16474756481209102,0.2497963373113347,0.29354932369133896,1.0988412703599215,0.5661987666076614,0.5195790063904956,2.294413255093736,0.9280997407428564,(truncamiento FPCA)
765,784,774,test,20,False,0.10197220698200102,0.31933087383151826,0.1711902857554306,0.2541430453633477,0.2981352880690143,1.0988412703599215,0.5759105810569047,0.5256575784456722,2.2898879507199563,0.9336250030941671,(truncamiento FPCA)
766,785,775,test,20,False,0.10689008652811902,0.3269404938641266,0.1834832805850164,0.26059710039366596,0.30468391518385224,1.0988412703599215,0.5837788935661656,0.534524676364622,2.266612912625468,0.9319246801850003,(truncamiento FPCA)
767,786,776,test,20,False,0.10478599816831205,0.32370665450112707,0.1841407471711012,0.2577266693127481,0.30019404625697715,1.0988412703599215,0.5710562529139318,0.5215830561948651,2.237811039724624,0.927364458168505,(truncamiento FPCA)
768,787,777,test,20,False,0.11373475233237644,0.3372458336768246,0.19415378631317048,0.268085995900862,0.31324874942170855,1.0988412703599215,0.5966927472082829,0.5450479743910192,2.2490158444914434,0.9288439415441024,(truncamiento FPCA)
769,788,778,test,20,False,0.11678680550342842,0.3417408455298085,0.19412185200165438,0.2721127626847877,0.31834040649879924,1.0988412703599215,0.6099642932831637,0.5564824246389056,2.2628494453201267,0.9315257765142735,(truncamiento FPCA)
770,789,779,test,20,False,0.11349770570588305,0.33689420550950866,0.18988450527887266,0.2676158587948054,0.31344420936422174,1.0988412703599215,0.6013028376463814,0.5488875590898752,2.2675776500163347,0.9303935901485101,(truncamiento FPCA)
771,790,780,test,20,False,0.11340837677777602,0.3367616022912589,0.19488449102753488,0.26702566445423886,0.31322517345036566,1.0988412703599215,0.6032914859928626,0.5500358310887992,2.287615701870879,0.9301095235301291,(truncamiento FPCA)
772,791,781,test,20,False,0.11292285904766272,0.3360399664439674,0.1911983436080404,0.26639690555504175,0.31234726378223215,1.0988412703599215,0.5997789152780459,0.5458220355418212,2.2784923032238074,0.9294943904665404,(truncamiento FPCA)
773,792,782,test,20,False,0.11288341740536427,0.3359812753790965,0.18832762392408267,0.266153374154914,0.31225560781017114,1.0988412703599215,0.5996147635745118,0.5477691021314333,2.2814747144117784,0.9293839588466498,(truncamiento FPCA)
774,793,783,test,20,False,0.10970752400851899,0.3312212614077167,0.18464552472045648,0.26161071403611275,0.3072513698329712,1.0988412703599215,0.591202771991572,0.5408292285726573,2.28371089956606,0.9276317846479071,(truncamiento FPCA)
775,794,784,test,20,False,0.11184080171264607,0.3344260780989516,0.19046770974644822,0.26386697439947693,0.3107741260031073,1.0988412703599215,0.5997160611288433,0.5505031038717327,2.297828307337098,0.9292759935759374,(truncamiento FPCA)
776,795,785,test,20,False,0.1124496459991644,0.3353351249111319,0.1989781408980801,0.2650381406491832,0.31235031219596093,1.0988412703599215,0.6041746759127358,0.5521642163200966,2.3062011234040622,0.9314571871310462,(truncamiento FPCA)
777,796,786,test,20,False,0.11039280834025127,0.3322541321642987,0.20080777814646053,0.2625208862926414,0.30849449241207355,1.0988412703599215,0.592362474646678,0.5427775176589171,2.2774282022578793,0.9284895582864381,(truncamiento FPCA)
778,797,787,test,20,False,0.10618518871067022,0.32586068911525706,0.2096589174605393,0.25765221560184626,0.3023292637663283,1.0988412703599215,0.5786167203175107,0.5277337059515295,2.2672013419598693,0.9277868545211181,(truncamiento FPCA)
779,798,788,test,20,False,0.10552752127962695,0.32484999812163606,0.23187031380121806,0.2561590601999126,0.30120630646246493,1.0988412703599215,0.5792306042023438,0.5269890350847456,2.2828965303025748,0.9272165867450058,(truncamiento FPCA)
780,799,789,test,20,False,0.10348485552154332,0.32169062081687017,0.21407662723456117,0.2521925683005991,0.2967554900819213,1.0988412703599215,0.5713719596492577,0.5200122307946793,2.292467041214534,0.9224872311426706,(truncamiento FPCA)
781,800,790,test,20,False,0.10539712644914159,0.32464923602118884,0.2423589007177666,0.2567738243613302,0.3018652252150213,1.0988412703599215,0.5788826059443133,0.5273691676503078,2.2890637630269266,0.9298196075080845,(truncamiento FPCA)
782,801,791,test,20,False,0.09305980705619053,0.30505705541126327,0.20661937523505913,0.24378630381621788,0.2886923808083391,1.0375844244049581,0.561064279160249,0.5097609415927227,2.324328958057589,0.9463553643076306,(truncamiento FPCA)
783,802,792,test,20,False,0.08213413830217087,0.28659054119452526,0.19888207890634332,0.23224870653194243,0.27567311582532905,0.8953637443220261,0.5383376692921887,0.4886552719612447,2.336624272440418,0.9619058419594319,(truncamiento FPCA)
784,803,793,test,20,False,0.0903835542063089,0.30063857737540756,0.22550353001405107,0.2427719820198408,0.28890809485514907,0.9373620439851389,0.5663945861386339,0.5154690992187444,2.3401410432072516,0.9609814461515009,(truncamiento FPCA)
785,804,794,test,20,False,0.09197882363996432,0.30328010755729484,0.2510783167372112,0.2450244117074909,0.29171099794197297,0.9373620439851389,0.5699320877665794,0.5210214796256138,2.333348779049938,0.9618533846202351,(truncamiento FPCA)
786,805,795,test,20,False,0.08534485761287708,0.29213842200723456,0.21869586111160125,0.23677852340737493,0.28209002641822556,0.9373620439851389,0.5500065579363436,0.5024135853550357,2.3230258853897046,0.9656039916969218,(truncamiento FPCA)
787,806,796,test,20,False,0.0846018102202477,0.2908639032610401,0.2106327686353014,0.23492064975623098,0.2798679351925576,0.9373620439851389,0.5438043688432568,0.4978234156911041,2.306467374412169,0.9621954874936337,(truncamiento FPCA)
788,807,797,test,20,False,0.07503162195545071,0.2739190061960847,0.1809992695701456,0.22266929018148854,0.2652309327737081,0.9373620439851389,0.518912145487534,0.4730867558998523,2.3262844962842495,0.9682823271629524,(truncamiento FPCA)
789,808,798,test,20,False,0.07172440791623891,0.26781412941859306,0.17477042539936968,0.21810115099594424,0.2596154527081009,0.9373620439851389,0.5024934023022407,0.45913645274281734,2.3029350927701517,0.9693866909550629,(truncamiento FPCA)
790,809,799,test,20,False,0.07513212261205696,0.2741023943931482,0.1745097204877579,0.2229672345510898,0.2646651449636158,0.9373620439851389,0.5110318643447098,0.4664583042685483,2.295481381409915,0.9655703502684605,(truncamiento FPCA)
791,810,800,test,20,False,0.07519574077764059,0.27421841801316077,0.1667592977009165,0.22347135500068155,0.264821617766404,0.9373620439851389,0.511143560045021,0.46608591840741775,2.288581470228707,0.9657324248500851,(truncamiento FPCA)
792,811,801,test,20,False,0.0755101583452696,0.2747911176607963,0.14906892327415094,0.22303607021671815,0.26539644581154964,0.9373620439851389,0.5167677266414918,0.4698665776382193,2.3178612473504594,0.9658115883467403,(truncamiento FPCA)
793,812,802,test,20,False,0.07374808543008822,0.2715659872481976,0.13222252920074032,0.21903054717428794,0.25984641709827805,0.9373620439851389,0.5036654144351314,0.4565376321954685,2.296690690492325,0.9568444845811694,(truncamiento FPCA)
794,813,803,test,20,False,0.07182842179825337,0.26800824949664026,0.12527864309033276,0.21528641199193857,0.25557155675475074,0.9373620439851389,0.4976443567056735,0.450053784951799,2.3062371245463686,0.9535958584661202,(truncamiento FPCA)
795,814,804,test,20,False,0.0714820090341457,0.26736119582719126,0.11333210254006187,0.21614510298015804,0.25505111817060244,0.9373620439851389,0.49209669112566645,0.44296575619252126,2.2804607725600143,0.9539571267307413,(truncamiento FPCA)
796,815,805,test,20,False,0.07060602274447049,0.2657179383189447,0.10612198274323721,0.2146011706004627,0.25268688434853903,0.9373620439851389,0.48384634772726115,0.4374719079837731,2.251680737508421,0.950959073170422,(truncamiento FPCA)
797,816,806,test,20,False,0.07593769020171966,0.27556794117189987,0.11918231145328774,0.2216007509796643,0.2611968536269623,0.9373620439851389,0.5044753460356038,0.452431477906166,2.2752139553176827,0.9478492037795759,(truncamiento FPCA)
798,817,807,test,20,False,0.07564169843245015,0.2750303591104992,0.120334272891602,0.22083239150341344,0.26065709306778223,0.9373620439851389,0.5028974826943758,0.4526661469935278,2.275373065109277,0.9477393474334874,(truncamiento FPCA)
799,818,808,test,20,False,0.07555044615506087,0.2748644141300595,0.11821227008782036,0.22109933753037753,0.26049412457326976,0.9373620439851389,0.5009604370282144,0.4508603024966851,2.264660977628801,0.9477186248271845,(truncamiento FPCA)
800,819,809,test,20,False,0.07734811629301747,0.27811529316637273,0.12955629997171447,0.22481473786014844,0.26449028985522666,0.9373620439851389,0.5074762185034876,0.45772713148790595,2.2517931415658667,0.9510095142341007,(truncamiento FPCA)
801,820,810,test,20,False,0.08336069274591532,0.28872251859859377,0.13543329676532068,0.2328893676864018,0.27361504119585595,0.9373620439851389,0.5222461647855844,0.47181265776536374,2.253927578223505,0.94767475195192,(truncamiento FPCA)
802,821,811,test,20,False,0.08368267272483562,0.28927957536755966,0.13574305297588368,0.23431837526348792,0.2740867722449313,0.9373620439851389,0.5229216466744986,0.46924342336529473,2.242624313924376,0.9474805537054446,(truncamiento FPCA)
803,822,812,test,20,False,0.08158497398416509,0.28563083514243537,0.13090850508575158,0.23069680763915495,0.26983917311400873,0.9373620439851389,0.5150801976295838,0.4613755731498343,2.249305484463977,0.9447130348495049,(truncamiento FPCA)
804,823,813,test,20,False,0.0774498361518422,0.2782981066264056,0.11335670172263032,0.2271867543072732,0.26455319290276547,0.7771325443124222,0.5025097905353502,0.44899652221135844,2.2375513261869506,0.9506108255989982,(truncamiento FPCA)
805,824,814,test,20,False,0.0816445303489687,0.28573507021184624,0.11985141289549167,0.23239517889021735,0.2702311634922338,0.8232278796831503,0.513832399650857,0.45866923361198697,2.236642717848048,0.9457402736453818,(truncamiento FPCA)
806,825,815,test,20,False,0.08546806892135823,0.29234922425304677,0.12099915825847436,0.23693628154961693,0.2763944102812953,0.8232278796831503,0.5294061571295232,0.47391803610640615,2.258491964197926,0.9454254957832843,(truncamiento FPCA)
807,826,816,test,20,False,0.09190580253257309,0.30315969806782217,0.11926763883462632,0.24735669223657383,0.28849589368323836,0.8232278796831503,0.5541457919875015,0.4939616874724438,2.2745418366585657,0.9516300996536048,(truncamiento FPCA)
808,827,817,test,20,False,0.09346669160591956,0.3057232271285902,0.11297454851893353,0.24976437898707618,0.2920993506092369,0.8232278796831503,0.5639231874909539,0.502006536980282,2.2915450203377654,0.9554372212824284,(truncamiento FPCA)
809,828,818,test,20,False,0.09692454746976507,0.3113270747457809,0.11329206586274039,0.25518617899357876,0.2979283477602304,0.8232278796831503,0.5747924821239849,0.5104099202619314,2.289804493792625,0.9569625385248249,(truncamiento FPCA)
810,829,819,test,20,False,0.10083185302212486,0.317540317160081,0.10699239996126474,0.2590893392424003,0.3024399272854819,0.8946299927917395,0.5832845083644863,0.5163214104115791,2.290253938346023,0.9524457555196477,(truncamiento FPCA)
811,830,820,test,20,False,0.10223049010809575,0.31973503109308454,0.11120408444100072,0.2608194881272086,0.30542012640508837,0.8946299927917395,0.5916969611804789,0.5250224647978738,2.3100684348407725,0.9552288510925515,(truncamiento FPCA)
812,831,821,test,20,False,0.11171774164166917,0.3342420405060817,0.12374124629437037,0.2704511649281545,0.3173290369473061,1.0563308295447054,0.615202437416382,0.5473316646871427,2.3055724337389156,0.9493989339786002,(truncamiento FPCA)
813,832,822,test,20,False,0.11659491908035388,0.3414599816674772,0.12762535492757704,0.2805705135894317,0.32861393261504523,1.0563308295447054,0.6331596547312006,0.564141468685058,2.284582370433113,0.9623790495457186,(truncamiento FPCA)
814,833,823,test,20,False,0.12080594879254994,0.34757150169792395,0.1277393383318705,0.2869944674184886,0.3366468708525151,1.0563308295447054,0.653717545673751,0.5781285851028625,2.3069573504109044,0.9685686807116209,(truncamiento FPCA)
815,834,824,test,20,False,0.11659542544797756,0.34146072314100423,0.12593143468347492,0.2784462807209357,0.3278683075739864,1.0563308295447054,0.6440811835325688,0.5694244697786287,2.355185303699855,0.9601933263598081,(truncamiento FPCA)
816,835,825,test,20,False,0.11718236021132966,0.3423190912165573,0.13236097556553567,0.2802306380880711,0.3295161317539409,1.0563308295447054,0.6451690885082416,0.5700937514348732,2.3389954344080692,0.9625993414006904,(truncamiento FPCA)
817,836,826,test,20,False,0.11559705061526537,0.3399956626418422,0.12276079174936197,0.278546058016241,0.3274155725981752,1.0563308295447054,0.6407919536603426,0.5678480693880364,2.3371739343688533,0.9629992631496623,(truncamiento FPCA)
818,837,827,test,20,False,0.12918982296154843,0.3594298581942636,0.1343973138368777,0.29323051921919135,0.3433062294753694,1.0563308295447054,0.6638383176065794,0.5897378559884445,2.322196198288543,0.9551410981828345,(truncamiento FPCA)
819,838,828,test,20,False,0.12768108353750557,0.3573248991289378,0.13016164969419153,0.2904465880903984,0.3402633148279963,1.0563308295447054,0.6610027870866058,0.5874197050587843,2.3393520436153286,0.9522519020014194,(truncamiento FPCA)
820,839,829,test,20,False,0.13223230780231196,0.36363760504424175,0.13350014005960628,0.29576296014875464,0.347093193796414,1.0563308295447054,0.6731346416638544,0.5976164606318954,2.339281082913735,0.9545030243893096,(truncamiento FPCA)
821,840,830,test,20,False,0.12564131971509487,0.3544591933002936,0.1209567695722716,0.2852427177578741,0.33668528538203407,1.0563308295447054,0.6642105847938444,0.5887285669227482,2.398339240301533,0.9498562648276365,(truncamiento FPCA)
822,841,831,test,20,False,0.12151971221862376,0.3485967759727903,0.10502393335811064,0.2789094547341966,0.3290394920573727,1.0563308295447054,0.6446379016900426,0.5745450867272195,2.3787027489914117,0.9438971176344323,(truncamiento FPCA)
823,842,832,test,20,False,0.12123684121722918,0.3481908115060321,0.10573422106034133,0.27850768847313256,0.32832257305019746,1.0563308295447054,0.642163461258564,0.5731083572794476,2.369529706722683,0.9429386480076875,(truncamiento FPCA)
824,843,833,test,20,False,0.11690676176415457,0.3419163081283994,0.10866686540280678,0.2706703107440057,0.31975011455478547,1.0563308295447054,0.6264997913314947,0.5579023904388447,2.3924061404628825,0.9351707039218209,(truncamiento FPCA)
825,844,834,test,20,False,0.11279545758753962,0.33585034998871094,0.09927591625368955,0.2652676471806593,0.3142049595215935,1.0563308295447054,0.6130824782827698,0.5475480419616192,2.3869962381896284,0.9355504900684337,(truncamiento FPCA)
826,845,835,test,20,False,0.10647899412971547,0.32631119216127946,0.09551750874837026,0.25423779820436115,0.30107322634235684,1.0563308295447054,0.5874244851966948,0.5229866048722575,2.392566656958148,0.922656757030728,(truncamiento FPCA)
827,846,836,test,20,False,0.10688417516492517,0.3269314533123498,0.09899959529099747,0.2546415394869131,0.3015898146482764,1.0563308295447054,0.5864925476315661,0.5251960418064606,2.387333675668325,0.9224863854262988,(truncamiento FPCA)
828,847,837,test,20,False,0.1109039668495845,0.3330224719888802,0.11460096457090943,0.261254313516019,0.30794654266269905,1.0563308295447054,0.5936332581780822,0.5350124056527905,2.348596727287791,0.9247019902998663,(truncamiento FPCA)
829,848,838,test,20,False,0.10955799663712584,0.33099546316698336,0.12170968367242688,0.2593204964574025,0.30593641261176957,1.0563308295447054,0.5936047891044601,0.5342182175490147,2.363311491202931,0.9242918609353511,(truncamiento FPCA)
830,849,839,test,20,False,0.10011055514632292,0.3164025207648051,0.11571072481984322,0.24646304935829103,0.2919884154731334,1.0563308295447054,0.5718008805590541,0.5139912704220504,2.3983702377444125,0.9228384614867855,(truncamiento FPCA)
831,850,840,test,20,False,0.10013301665966727,0.3164380139295329,0.10851278535681982,0.24731775292246622,0.29203081473362186,1.0563308295447054,0.5671408341414627,0.5100558178468494,2.366915245225398,0.9228689407671916,(truncamiento FPCA)
832,851,841,test,20,False,0.0873393203801682,0.295532266225142,0.09317191263658478,0.23091360168408737,0.2716016273462888,0.9469716063695217,0.5266201195474485,0.47263333617315395,2.380884741271097,0.9190252922818843,(truncamiento FPCA)
833,852,842,test,20,False,0.08367861234211108,0.2892725571880455,0.0925203146849497,0.22430986952693574,0.2645071620770005,0.9469716063695217,0.5178364870408935,0.4640677143118038,2.4069777329781674,0.9143873329990788,(truncamiento FPCA)
834,853,843,test,20,False,0.07978525481258268,0.2824628379319706,0.09025099748414368,0.21800973158305298,0.25730961116700846,0.9469716063695217,0.502445267139525,0.4533284255618293,2.4150851269501836,0.9109503149188775,(truncamiento FPCA)
835,854,844,test,20,False,0.08135788387498291,0.2852330343333025,0.09541549066044352,0.22147967829080684,0.26138771285667006,0.9469716063695217,0.5100955512532621,0.458333590739403,2.404657604502726,0.9164005616236982,(truncamiento FPCA)
836,855,845,test,20,False,0.08469490260893499,0.2910238866638527,0.09261515078305436,0.22631051062385107,0.26782996700991385,0.9469716063695217,0.5269536206604517,0.47317733714705296,2.4336527361172577,0.9203023507114074,(truncamiento FPCA)
837,856,846,test,20,False,0.08049473095968016,0.28371593356679875,0.0910101672409929,0.22011571605638083,0.26037845365627743,0.9469716063695217,0.5088614433432029,0.45902901144350433,2.4105253617234177,0.917743499220756,(truncamiento FPCA)
838,857,847,test,20,False,0.07123518442393538,0.2668992027412884,0.07600639995046188,0.21063527683066074,0.2509802102583041,0.8499782222116785,0.5040117741353107,0.452059492229164,2.4471267212513954,0.9403557885543218,(truncamiento FPCA)
839,858,848,test,20,False,0.07023794748461494,0.26502442809034593,0.07791824565223866,0.20820466787689035,0.2483755702602543,0.8499782222116785,0.49899941837460055,0.4469872226534991,2.454914806348483,0.9371799122441042,(truncamiento FPCA)
840,859,849,test,20,False,0.06273796438821927,0.2504754766204054,0.06831468088454362,0.19559174800719853,0.23359039697016618,0.8499782222116785,0.47296914724733286,0.42270477542261925,2.488866324341224,0.9325878929224336,(truncamiento FPCA)
841,860,850,test,20,False,0.06923494939092967,0.2631253491986845,0.07755110424617952,0.20567648770708505,0.2438862882845386,0.8499782222116785,0.4852373152284117,0.4319954376726244,2.4410430946873163,0.9268825258655766,(truncamiento FPCA)
842,861,851,test,20,False,0.07185436369664765,0.2680566427019626,0.0903997738512229,0.20905281997938324,0.24920467453110415,0.8499782222116785,0.500225834996478,0.44610962203865745,2.4735423604621323,0.9296716993064075,(truncamiento FPCA)
843,862,852,test,20,False,0.07017566075448566,0.264906890726696,0.08866880410691731,0.2034617651110028,0.24223326594925645,0.8499782222116785,0.4862604386023448,0.43331455772716837,2.463359534451613,0.914409078921122,(truncamiento FPCA)
844,863,853,test,20,False,0.07423769856062079,0.2724659585354119,0.0938844932547741,0.2115780126317596,0.2504047920612573,0.8499782222116785,0.4952661491857556,0.44321242796944016,2.4155426455244893,0.919031476105345,(truncamiento FPCA)
845,864,854,test,20,False,0.07347097476240136,0.2710552983477751,0.10022084169124047,0.21073983098102006,0.2491378590389149,0.8499782222116785,0.4948034246234573,0.44165578909874004,2.4208598017143568,0.9191403398403996,(truncamiento FPCA)
846,865,855,test,20,False,0.07538848766489237,0.2745696408288658,0.10451267159716417,0.21578174957207671,0.25488923842897215,0.8499782222116785,0.5045327178518573,0.45143088853162494,2.4062433711204614,0.9283227295614955,(truncamiento FPCA)
847,866,856,test,20,False,0.07308953077958154,0.2703507550934185,0.10216366019470531,0.21313730788714652,0.2517479252949419,0.8499782222116785,0.5005369072915179,0.44754388428809644,2.411290073768318,0.9311900209339217,(truncamiento FPCA)
848,867,857,test,20,False,0.07017209953881562,0.26490016900488306,0.09361683229942333,0.20940803659584972,0.2474115057906799,0.8499782222116785,0.49220612629053295,0.4385542510865522,2.4112971295050674,0.9339801734370324,(truncamiento FPCA)
849,868,858,test,20,False,0.06642093002854726,0.2577225834663064,0.0835134714571237,0.20219314812569542,0.23942428959487932,0.8499782222116785,0.47716576350783046,0.42604411390088465,2.427295555682096,0.9290000370735094,(truncamiento FPCA)
850,869,859,test,20,False,0.06736361364477383,0.2595450127526511,0.0802741492424222,0.2042929532987266,0.24156134042088614,0.8499782222116785,0.47808538946997087,0.42997981015453635,2.4025460256210804,0.9307107767510694,(truncamiento FPCA)
851,870,860,test,20,False,0.06714409371325297,0.2591217739080469,0.08202005096805422,0.20400398921397564,0.24114096717568873,0.8499782222116785,0.47627095689091725,0.4284729118182754,2.3972423144621917,0.9306086614753613,(truncamiento FPCA)
852,871,861,test,20,False,0.07135261854165423,0.2671191092783409,0.08678389063194465,0.21286166669624462,0.25119253164408456,0.8499782222116785,0.49237139269548613,0.4450366155124351,2.363519542028479,0.9403764946757863,(truncamiento FPCA)
853,872,862,test,20,False,0.07272283878530203,0.2696717241115613,0.08370359332776604,0.21545908841761846,0.25432920246904056,0.8499782222116785,0.49536366972926527,0.4488451141153099,2.347167791475548,0.9431066727775521,(truncamiento FPCA)
854,873,863,test,20,False,0.07847498366211696,0.2801338673957809,0.09092309698273916,0.2242688129035612,0.2640542409793991,0.8499782222116785,0.5079232495322776,0.46198982965953717,2.310905549951925,0.9426002055165146,(truncamiento FPCA)
855,874,864,test,20,False,0.0804586930758735,0.2836524159528233,0.09029040728393159,0.22822308231351415,0.26772382567700903,0.8499782222116785,0.512883989045257,0.46669083453086435,2.291651865216328,0.943844686736377,(truncamiento FPCA)
856,875,865,test,20,False,0.07621962222292918,0.2760790144558785,0.0880489723754384,0.2205661255995354,0.25859165616607965,0.8499782222116785,0.49308654204169217,0.4497518119404392,2.2824954960633352,0.9366581399739328,(truncamiento FPCA)
857,876,866,test,20,False,0.07773141297202088,0.2788035383061357,0.09702802682911381,0.22199932742109132,0.26175503240508013,0.8499782222116785,0.5057517588110036,0.46097661610137786,2.3297725463974976,0.9388511853019035,(truncamiento FPCA)
858,877,867,test,20,False,0.07292592808097656,0.270048010696203,0.10303822500420923,0.21621496026071182,0.25435337210983594,0.7317933713273119,0.4856397866250841,0.444649948283433,2.304985326133111,0.9418820433229441,(truncamiento FPCA)
859,878,868,test,20,False,0.07646579728117173,0.27652449671081897,0.11014794331788084,0.22344139892959086,0.2617484611370225,0.7317933713273119,0.49235463964557374,0.4527989887880793,2.2605269077192407,0.9465651840992272,(truncamiento FPCA)
860,879,869,test,20,False,0.07870638615527245,0.28054658464374943,0.12167878098788007,0.2292674157198485,0.2682917414484248,0.7317933713273119,0.5043180921233188,0.46512944560082803,2.233829187706752,0.9563179740331312,(truncamiento FPCA)
861,880,870,test,20,False,0.07284760680344397,0.2699029581228112,0.11447425406166965,0.21988865746984904,0.25940385576266534,0.7026250901468634,0.4954189835962895,0.45852677563719463,2.288832020147683,0.961100454647968,(truncamiento FPCA)
862,881,871,test,20,False,0.07010476241550087,0.26477303944227565,0.11048173521210053,0.21603048013782114,0.2537603544763783,0.7026250901468634,0.4815788939702471,0.4451726452363284,2.2702772820517017,0.9584070757766926,(truncamiento FPCA)
863,882,872,test,20,False,0.0720009732468467,0.26832997083226967,0.11322778497122674,0.22282023972961285,0.26128756249860646,0.7026250901468634,0.4922729680551107,0.45578406596915383,2.2461475421101182,0.9737546711169832,(truncamiento FPCA)
864,883,873,test,20,False,0.06924678166198148,0.2631478323338071,0.10750211701107497,0.21839909614208314,0.2563922787887977,0.7026250901468634,0.48522478242309164,0.44846406473510364,2.2523691144519766,0.9743279149020697,(truncamiento FPCA)
865,884,874,test,20,False,0.06879454958687908,0.26228715101369166,0.1117494220464736,0.21826621138313623,0.255590164512984,0.7026250901468634,0.4821077199467242,0.44480189869475606,2.2407683056743766,0.9744669669298514,(truncamiento FPCA)
866,885,875,test,20,False,0.07413262880420783,0.2722730776338488,0.11369180851520208,0.22560899204406049,0.26419318973707623,0.7536193358504182,0.49887617926081973,0.4590768062060973,2.2427870889221717,0.97032432303998,(truncamiento FPCA)
867,886,876,test,20,False,0.07338246066215992,0.27089197231029183,0.10967992163230997,0.22458204506493168,0.26303155549770496,0.7536193358504182,0.4979012872534566,0.4553890065694374,2.2473923190183225,0.9709832050556921,(truncamiento FPCA)
868,887,877,test,20,False,0.07223300236077237,0.2687619808692672,0.11237074395933801,0.2227659612063261,0.26091768044330316,0.7536193358504182,0.49331063420417715,0.4521296989203846,2.2449541531467987,0.9708132065383915,(truncamiento FPCA)
869,888,878,test,20,False,0.08458087275127121,0.2908279091684139,0.14377777110109574,0.239629408366619,0.27919738023596946,0.8876839158760544,0.5208334399128807,0.47890478285013255,2.206663570111865,0.9600088967881367,(truncamiento FPCA)
870,889,879,test,20,False,0.08571629803784916,0.2927734585611359,0.14069352808364194,0.2419534311537485,0.28135209366958125,0.8876839158760544,0.5241129188169082,0.4821114244426924,2.1980066880582583,0.9609890700212851,(truncamiento FPCA)
871,890,880,test,20,False,0.08572543896067725,0.2927890690594122,0.1347201665400363,0.24171220994685244,0.2813698723590481,0.8876839158760544,0.5268150683448576,0.48160913226679414,2.2129363721281807,0.9609985552498652,(truncamiento FPCA)
872,891,881,test,20,False,0.08779813704778659,0.296307504204309,0.13166373407002097,0.24449815775010858,0.28441513609337254,0.8876839158760544,0.5364099363325561,0.4870886932276874,2.2242101063163138,0.9598647758082548,(truncamiento FPCA)
873,892,882,test,20,False,0.08723365060912647,0.29535343337961467,0.12490946212797452,0.24373646782397507,0.2832288586580745,0.8876839158760544,0.5357387937740465,0.4837832417354928,2.2291599171824137,0.9589489291429482,(truncamiento FPCA)
874,893,883,test,20,False,0.08143117689546264,0.28536148460411165,0.11219865406504882,0.23528500987257975,0.2733762196461035,0.8876839158760544,0.5199788561649411,0.4687791609761936,2.240334069385811,0.9579997105263326,(truncamiento FPCA)
875,894,884,test,20,False,0.08155597061961199,0.2855800599124736,0.11557880609256052,0.23492814600241657,0.2735781474161501,0.8876839158760544,0.5205043608154022,0.4706499400835521,2.2452937048506105,0.9579735626499907,(truncamiento FPCA)
876,895,885,test,20,False,0.08160697524381842,0.2856693459995637,0.11728043729620745,0.23538092327284313,0.2737570323608612,0.8876839158760544,0.5208291164216774,0.471232443836879,2.239768782481081,0.9583003433671857,(truncamiento FPCA)
877,896,886,test,20,False,0.09624684564481494,0.31023675740442963,0.12840481414406293,0.2516340454230379,0.29047728970720094,0.985233217136757,0.5410382454587302,0.49060320699939436,2.195578982302809,0.9363084250153184,(truncamiento FPCA)
878,897,887,test,20,False,0.10461309152326118,0.3234394711893729,0.1401758267922535,0.26206160380070315,0.3019328459129705,0.985233217136757,0.5580923063550369,0.5071888548947053,2.1856897459179763,0.9335064913465361,(truncamiento FPCA)
879,898,888,test,20,False,0.10226381579556884,0.3197871413855924,0.1329837323859109,0.2581345888434424,0.2975782003674617,0.985233217136757,0.5513912169241436,0.5003040703676314,2.186793700796264,0.930550862921184,(truncamiento FPCA)
880,899,889,test,20,False,0.10558641296649567,0.3249406299102894,0.13974196619042975,0.2634135011093526,0.3032425661059289,0.985233217136757,0.561183256891712,0.5074474952811563,2.176815597480811,0.9332245283996928,(truncamiento FPCA)
881,900,890,test,20,False,0.1108597885571416,0.33295613608573366,0.1398687044210136,0.27233841856528956,0.3114188996071924,0.985233217136757,0.566874188683189,0.513877674591131,2.115370801821264,0.9353150936584762,(truncamiento FPCA)
882,901,891,test,20,False,0.11384887319482492,0.3374149866185924,0.13722010409640958,0.2780577073702787,0.317468067473891,0.985233217136757,0.5738271915875703,0.5212874086152974,2.089254553193162,0.9408831263110163,(truncamiento FPCA)
883,902,892,test,20,False,0.11514711987008594,0.3393333462394846,0.1350883130782175,0.2803503717907213,0.3202963441702198,0.985233217136757,0.5810223441695554,0.5277577652656572,2.1035490598392115,0.9438988172537883,(truncamiento FPCA)
884,903,893,test,20,False,0.11498650242089288,0.3390965974776109,0.13874718627469754,0.28008425201777676,0.319945419092278,0.985233217136757,0.5799072632586494,0.5266054340950089,2.100642296200207,0.9435229414633174,(truncamiento FPCA)
885,904,894,test,20,False,0.1185457767374583,0.3443047730390305,0.14000093616885376,0.2834736471897358,0.3253692106998198,0.985233217136757,0.5977654396380023,0.5423680687369281,2.1364061832531736,0.9450034858010399,(truncamiento FPCA)
886,905,895,test,20,False,0.11736312122602566,0.34258301362739174,0.13861040522159396,0.2824755217379003,0.3238161245764737,0.985233217136757,0.5940506426462628,0.539094206242793,2.1317246908530745,0.9452194408233862,(truncamiento FPCA)
887,906,896,test,20,False,0.11374518590736826,0.3372613021195409,0.13238930613845074,0.27573141197927453,0.3160840517267768,0.985233217136757,0.5780696962049936,0.5266144347135846,2.126509102710088,0.9372081817283089,(truncamiento FPCA)
888,907,897,test,20,False,0.11608662674641142,0.34071487602746586,0.13841244836345715,0.27874171922473934,0.32010743315821033,0.985233217136757,0.5889082128476608,0.5338022928059241,2.141792844687469,0.9395170439590836,(truncamiento FPCA)
889,908,898,test,20,False,0.10610405490985615,0.32573617378156844,0.1288858335558201,0.2674355045722736,0.3074326872865942,0.985233217136757,0.5667747951719707,0.512229673578976,2.139875188057341,0.9438088613785702,(truncamiento FPCA)
890,909,899,test,20,False,0.103376636746714,0.3215223736331797,0.12997689583961003,0.2618620811980933,0.30134999531074796,0.985233217136757,0.554771471222254,0.5009885395906265,2.140511540916019,0.9372597990787226,(truncamiento FPCA)
891,910,900,test,20,False,0.10145168905399098,0.31851481763646566,0.11536158821722808,0.2577954595029274,0.29680602349464696,0.985233217136757,0.5469647636624952,0.49640336850843986,2.155965492133667,0.9318436915968039,(truncamiento FPCA)
892,911,901,test,20,False,0.0964671050696823,0.3105915405636192,0.11396731539941905,0.24989409984706015,0.2879857914812207,0.985233217136757,0.5293561428690976,0.48234958382712323,2.163097500388775,0.9272171127346978,(truncamiento FPCA)
893,912,902,test,20,False,0.10567255824106203,0.3250731582906562,0.12743950780789975,0.2614755587217722,0.3009321129903849,0.985233217136757,0.5519516954195958,0.5065086823664126,2.1549285658459585,0.9257365774916237,(truncamiento FPCA)
894,913,903,test,20,False,0.10461171449618493,0.32343734245783207,0.13275548024871056,0.25873584021503987,0.29768781442309605,0.985233217136757,0.5447051634520181,0.49969613335777174,2.146800878150321,0.9203878938682132,(truncamiento FPCA)
895,914,904,test,20,False,0.10621964582545781,0.32591355575590564,0.1325244713942656,0.2609109246000427,0.30008755081817473,0.985233217136757,0.5509001825365983,0.506405047791386,2.1507931165485674,0.9207581136727144,(truncamiento FPCA)
896,915,905,test,20,False,0.1298249855347869,0.3603123444107722,0.14892836300860016,0.28567572477145553,0.3279749664973792,1.1267774223153066,0.5936224440132957,0.5475004910385527,2.133818421398508,0.9102518178602091,(truncamiento FPCA)
897,916,906,test,20,False,0.11402505456520903,0.33767596089329344,0.13611036209298907,0.26819484961413065,0.30890748839478965,1.1267774223153066,0.5646220624868497,0.5201104666472613,2.149227453052811,0.9148044994899868,(truncamiento FPCA)
898,917,907,test,20,False,0.10731898222878726,0.32759576039501376,0.1330014100471691,0.2587048076388664,0.30041412219859753,1.1267774223153066,0.5603143563373348,0.5141818008040692,2.204614270399099,0.9170268926446401,(truncamiento FPCA)
899,918,908,test,20,False,0.10649154822069837,0.3263304279724745,0.13900118789596896,0.25657548965380583,0.2984070158869824,1.1267774223153066,0.5593241411660925,0.511627905890131,2.2222996635276253,0.9144320918555365,(truncamiento FPCA)
900,919,909,test,20,False,0.10288439448186656,0.32075597341572076,0.13598368784105233,0.25123755765141204,0.29212531696579885,1.1267774223153066,0.5463389744986913,0.5009874575630372,2.216838779740851,0.9107400677685441,(truncamiento FPCA)
901,920,910,test,20,False,0.0951175686754886,0.3084113627535286,0.12199159343384307,0.23724476861434113,0.27640617522899846,1.1267774223153066,0.5219142034365585,0.4772971843312989,2.239074489139086,0.8962256538190276,(truncamiento FPCA)
902,921,911,test,20,False,0.0970501680499942,0.3115287595872879,0.12629181632611589,0.23923622669271133,0.2792795747843849,1.1267774223153066,0.5313902817772234,0.4857841251904514,2.257099444272848,0.8964808743641308,(truncamiento FPCA)
903,922,912,test,20,False,0.09766631157119954,0.31251609809928116,0.12397448564958596,0.23973288302128495,0.2804238143089268,1.1267774223153066,0.5362141613185635,0.4889090804494699,2.273322690053608,0.8973099818360104,(truncamiento FPCA)
904,923,913,test,20,False,0.09924717242557886,0.3150351923604391,0.10981898335852945,0.24041985801617932,0.2835091145470566,1.1267774223153066,0.5502175807223169,0.5007284445515843,2.332618483570291,0.8999283934687754,(truncamiento FPCA)
905,924,914,test,20,False,0.09407235821655087,0.3067121748749972,0.09450039836424859,0.23283667757704363,0.27472322822822376,1.1267774223153066,0.5306002294799603,0.48441176715333895,2.3380825791471533,0.8957036946452785,(truncamiento FPCA)
906,925,915,test,20,False,0.08974474261310729,0.2995742689436249,0.09037855773368735,0.22579067324446137,0.26728248754648537,1.1267774223153066,0.5198117820124144,0.4752079513951074,2.3622379779506995,0.8922077603293215,(truncamiento FPCA)
907,926,916,test,20,False,0.093524507421641,0.3058177683223148,0.09641160266264673,0.23198316665488344,0.2752723695664741,1.1267774223153066,0.5373832235007556,0.49163873209407605,2.3783129832088243,0.9001189534427328,(truncamiento FPCA)
908,927,917,test,20,False,0.090452118044789,0.30075258609825617,0.09079762262323689,0.22789541896951668,0.2696951472061345,1.1267774223153066,0.5208248300830832,0.47850294105953584,2.3459391891465575,0.8967342582318639,(truncamiento FPCA)
909,928,918,test,20,False,0.09273052810783897,0.3045168765566844,0.09215734379615775,0.23002895829865105,0.27343678844850794,1.1267774223153066,0.5386983140176916,0.48992482885941185,2.395544447668125,0.8979364018848031,(truncamiento FPCA)
910,929,919,test,20,False,0.09830223751223845,0.3135318763893688,0.10367935442617239,0.23888526663181447,0.28385085742019067,1.1267774223153066,0.5558804408251332,0.5068526179200797,2.388752840205923,0.905333329066937,(truncamiento FPCA)
911,930,920,test,20,False,0.10485785432770311,0.3238176251035498,0.12375428093356132,0.24894033597965787,0.29545656580711077,1.1267774223153066,0.5819100793376137,0.5270965491222743,2.384264403294637,0.912416566925998,(truncamiento FPCA)
912,931,921,test,20,False,0.10583558918276811,0.32532382203393606,0.11167593395765335,0.2509768346160126,0.2977104321061251,1.1267774223153066,0.5845074621343035,0.5297221048484355,2.371784592170326,0.9151202953562666,(truncamiento FPCA)
913,932,922,test,20,False,0.095248327565802,0.30862327774457,0.06796835284404248,0.2361106480422718,0.2811205905185242,1.1267774223153066,0.5557936672577665,0.5016340575493776,2.3897964840162995,0.9108858948455334,(truncamiento FPCA)
914,933,923,test,20,False,0.1004513077588484,0.31694054293959995,0.06546562090308598,0.24536283075586404,0.2919773885833303,1.1267774223153066,0.5785012764219303,0.5236441018321021,2.3993247939209534,0.9212371060996543,(truncamiento FPCA)
915,934,924,test,20,False,0.10243345651813802,0.32005227154035015,0.0663404979455775,0.24823941533979763,0.2945530998724032,1.1267774223153066,0.5794975681567889,0.5217475326542639,2.3833841014705768,0.9203281028276277,(truncamiento FPCA)
916,935,925,test,20,False,0.07916447413382369,0.2813618206754848,0.056834957193064264,0.22428161833575877,0.26774938951524824,0.8877608692974264,0.5382303211333019,0.48208753054421194,2.3983888805523947,0.9516194801144081,(truncamiento FPCA)
917,936,926,test,20,False,0.08106108578845284,0.28471228598087023,0.05774435286651078,0.22717540076326942,0.2713953085018693,0.8877608692974264,0.5502098410918747,0.4909914050639513,2.421813343316641,0.9532265443582029,(truncamiento FPCA)
918,937,927,test,20,False,0.07809424178531595,0.2794534698036794,0.05510225553980231,0.22298970156297018,0.26547751137851205,0.8877608692974264,0.5373930622953222,0.47853812294506365,2.4188090396938247,0.9499882451451195,(truncamiento FPCA)
919,938,928,test,20,False,0.07789381651822685,0.27909463720793143,0.05360793416609832,0.22238183048447308,0.2649223265523211,0.8877608692974264,0.5386446252158105,0.48104619749285193,2.4361933095924804,0.949220412124753,(truncamiento FPCA)
920,939,929,test,20,False,0.08374864361315838,0.2893935790807363,0.05808773026834685,0.2288986547721636,0.274165048944529,0.943768647763803,0.5648815573429851,0.5026880045983837,2.4740518849388624,0.9473777884617169,(truncamiento FPCA)
921,940,930,test,20,False,0.08513856434493614,0.2917851338655486,0.05726173540461857,0.23308921146358466,0.27914220336191076,0.943768647763803,0.5755693249761709,0.5119906322863099,2.4802149338913067,0.9566704090227449,(truncamiento FPCA)
922,941,931,test,20,False,0.08790365319113155,0.29648550249739286,0.056614290259367955,0.23662658875643525,0.2826018358085595,0.943768647763803,0.5754244040623412,0.5127258945132629,2.458608059899501,0.9531725275877345,(truncamiento FPCA)
923,942,932,test,20,False,0.0873845139854323,0.2956087177087853,0.05594110519993486,0.23580255465949906,0.281644385423798,0.943768647763803,0.5749985353117236,0.5127630142481338,2.465471556665434,0.9527607562008911,(truncamiento FPCA)
924,943,933,test,20,False,0.08697270814960253,0.2949113564269822,0.0564959889683666,0.23669171646431475,0.28090818539461304,0.943768647763803,0.5677389915351337,0.5063388441701889,2.422045474733962,0.9525173557165602,(truncamiento FPCA)
925,944,934,test,20,False,0.08985666323163498,0.2997610101925115,0.06014552794846128,0.24264534101727198,0.28641757533867607,0.943768647763803,0.5726776627521722,0.5113548846605253,2.3796809872194107,0.9554864228497694,(truncamiento FPCA)
926,945,935,test,20,False,0.09027591991382145,0.300459514600256,0.06180725004652065,0.24375125913472026,0.2873464228405599,0.943768647763803,0.5723577315850783,0.5108528089361828,2.3635095826945944,0.9563565434859258,(truncamiento FPCA)
927,946,936,test,20,False,0.09966168872238235,0.3156923957310064,0.06788845874813798,0.2536416487513654,0.29835037151486477,1.0059204565513407,0.5902316862768664,0.5293586522197995,2.3490109285842644,0.945066702744027,(truncamiento FPCA)
928,947,937,test,20,False,0.09950370799567022,0.3154420834252624,0.06923196514534209,0.25268509434473707,0.29798469542141076,1.0059204565513407,0.5935975035332586,0.5324018594794034,2.377868283031812,0.9446573906236965,(truncamiento FPCA)
929,948,938,test,20,False,0.0977899354813434,0.31271382361728656,0.06442719218933197,0.25108038834177215,0.2952613964627232,1.0059204565513407,0.5803642711161735,0.5259971335529829,2.3430024359085078,0.944190420005473,(truncamiento FPCA)
930,949,939,test,20,False,0.09458044715624998,0.30753934245271775,0.05832791807322506,0.247255472850556,0.29027428600336136,1.0059204565513407,0.5736758009028496,0.5175237342276484,2.347762675060482,0.9438606575937165,(truncamiento FPCA)
931,950,940,test,20,False,0.092534990874112,0.3041956457185277,0.05929348962348528,0.24482729360531752,0.2875169720455534,1.0059204565513407,0.5640656535559223,0.5120456750426304,2.3366715509896276,0.9451712280970416,(truncamiento FPCA)
932,951,941,test,20,False,0.0984156656907019,0.3137127120323655,0.06520321345208534,0.25296010835995053,0.29645817844669914,1.0059204565513407,0.5807611886276545,0.5244436261876897,2.331887278759585,0.9449989339804431,(truncamiento FPCA)
933,952,942,test,20,False,0.09890235225603197,0.3144874437176021,0.09734654574708032,0.2534116617574172,0.29790923434828365,1.0059204565513407,0.5849827657480721,0.528000489827095,2.3542800035596625,0.9472849880003315,(truncamiento FPCA)
934,953,943,test,20,False,0.09942677180142506,0.3153201100491769,0.10718583350812036,0.254529813680525,0.2986466879256362,1.0059204565513407,0.5821392481134462,0.52464512820756,2.337242067109655,0.9471222367614284,(truncamiento FPCA)
935,954,944,test,20,False,0.10407595271139485,0.3226080481193779,0.11320091042266565,0.2585213673069605,0.30368958740852114,1.0059204565513407,0.5934695605369761,0.5354116293948488,2.3443638169715872,0.9413577534065234,(truncamiento FPCA)
936,955,945,test,20,False,0.10722786232841641,0.32745665717529154,0.11249128335151103,0.2631418041928216,0.31043844778104246,1.0059204565513407,0.6136096542248872,0.5511311870605305,2.388516636679493,0.9480291237898424,(truncamiento FPCA)
937,956,946,test,20,False,0.107614171195443,0.3280459894518496,0.10916576379076158,0.2638839033940479,0.3110760560394472,1.0059204565513407,0.6119994219530459,0.5495423204441545,2.3750268820187306,0.9482696513352948,(truncamiento FPCA)
938,957,947,test,20,False,0.1086655230961591,0.32964454052230124,0.10964388186168983,0.2668487841537303,0.31351146154848153,1.0059204565513407,0.6098087287604526,0.5491078775273811,2.324658040394286,0.9510591652807056,(truncamiento FPCA)
939,958,948,test,20,False,0.10907934472965004,0.33027162265270393,0.11022143310593815,0.26790349732212687,0.3146234589214575,1.0059204565513407,0.6124069068881808,0.5499274284151893,2.324512690156884,0.9526203201911136,(truncamiento FPCA)
940,959,949,test,20,False,0.10324727278551708,0.32132113653713645,0.0970158141740544,0.2614248479608522,0.30543134734542027,1.0059204565513407,0.5851017878390309,0.5275412119045452,2.2808589005567548,0.9505485715538052,(truncamiento FPCA)
941,960,950,test,20,False,0.10743991278758883,0.32778028126717573,0.10077866175102433,0.2678051926552629,0.31326197289973656,1.0059204565513407,0.6033923468094544,0.541249047949062,2.2903602121751594,0.9557071941261616,(truncamiento FPCA)
942,961,951,test,20,False,0.09979668532243431,0.3159061337208164,0.10136325337396739,0.2568926697801811,0.30099574943035157,1.0059204565513407,0.5866412200247745,0.5227614746222486,2.3121987082690585,0.9528012194165184,(truncamiento FPCA)
943,962,952,test,20,False,0.09715573228697263,0.31169814289946074,0.09533684870888204,0.2512984494093589,0.2941600467561218,1.0059204565513407,0.5718072373004421,0.5094300452568874,2.303192212678905,0.9437337162801258,(truncamiento FPCA)
944,963,953,test,20,False,0.0966771677854495,0.310929522215967,0.09659467329605448,0.25097788974155366,0.2932510273970253,1.0059204565513407,0.5684561947307243,0.506960283054931,2.291525423308695,0.9431430804867013,(truncamiento FPCA)
945,964,954,test,20,False,0.09507840754229618,0.3083478677440403,0.09450412169990584,0.24851035998609236,0.29048674690764276,1.0059204565513407,0.5645667114019706,0.5026937505454908,2.295698967943234,0.9420747710464984,(truncamiento FPCA)
946,965,955,test,20,False,0.09505709469866917,0.3083133060681442,0.09171430175599442,0.24842386972701164,0.2904413077325547,1.0059204565513407,0.5646117388417926,0.5030899269624012,2.296934386488927,0.9420329970071438,(truncamiento FPCA)
947,966,956,test,20,False,0.08542755282258155,0.29227992203122943,0.07791271180202192,0.2389874028081554,0.279047363737927,0.9719883575735526,0.5423651464050706,0.4817008940167559,2.291105947747119,0.9547264204761606,(truncamiento FPCA)
948,967,957,test,20,False,0.08980001210312397,0.29966650146975715,0.087137060007775,0.24606658348810986,0.2866328970726794,0.9719883575735526,0.553031878824742,0.4923403080482139,2.270837306042217,0.956506301728246,(truncamiento FPCA)
949,968,958,test,20,False,0.09573893831325657,0.3094170944102096,0.10288519689319865,0.2530018710081708,0.29470012989606165,0.9719883575735526,0.5723033005328351,0.5058469185827428,2.281701711502921,0.9524364853137784,(truncamiento FPCA)
950,969,959,test,20,False,0.10382381550990472,0.32221703168812277,0.12338048338148148,0.2615054759789747,0.3053756913356877,1.0281162275403286,0.5980920833051014,0.5302085331892694,2.300214772486564,0.9477329293730942,(truncamiento FPCA)
951,970,960,test,20,False,0.1089474436726969,0.3300718765249425,0.1317290735321353,0.2671738442490494,0.311679659468595,1.0281162275403286,0.6083132138730557,0.5391665358511415,2.2913782489124994,0.9442781455664015,(truncamiento FPCA)
952,971,961,test,20,False,0.11614186705120422,0.3407959316822961,0.15112998469577,0.2737095929693124,0.3189991133496224,1.0281162275403286,0.6179191601421417,0.5516642189760769,2.282124422874179,0.9360414362193924,(truncamiento FPCA)
953,972,962,test,20,False,0.11631329655647563,0.34104735236690464,0.14624645708034884,0.2749195278790864,0.3194579718267505,1.0281162275403286,0.6176884143843143,0.5505367130876719,2.259249612329218,0.9366968240910782,(truncamiento FPCA)
954,973,963,test,20,False,0.1116634756346105,0.3341608529355444,0.14601786199176833,0.26715536255939,0.3111506314155165,1.0281162275403286,0.6049047233925859,0.5388083046602142,2.2757495074649023,0.9311402837349525,(truncamiento FPCA)
955,974,964,test,20,False,0.1009780861770865,0.3177704929301752,0.1363054284327561,0.2543169977688841,0.2965142411087277,1.0281162275403286,0.5788316541546052,0.5164598041014008,2.2865602452796496,0.9331081636137998,(truncamiento FPCA)
956,975,965,test,20,False,0.09854707885704107,0.313922090425381,0.14261298094984545,0.25126665695967304,0.2917089220120181,1.0281162275403286,0.5632645147861381,0.5047121683397584,2.2496259552333537,0.9292398684550589,(truncamiento FPCA)
957,976,966,test,20,False,0.09810596546023473,0.31321871824690606,0.14312639948813694,0.2504439681278579,0.2909786235856579,1.0281162275403286,0.5623233210224983,0.5038879717883864,2.2536010255352905,0.9289950013660532,(truncamiento FPCA)
958,977,967,test,20,False,0.10208415940220798,0.3195061179417508,0.12915660976123033,0.25526060303501974,0.2974929008545062,1.0281162275403286,0.5777561752242871,0.5175821750015952,2.274114701551462,0.9311023612660279,(truncamiento FPCA)
959,978,968,test,20,False,0.10227575579996866,0.3198058095156632,0.12057295647938522,0.25598924228545955,0.29796730132145155,1.0281162275403286,0.5754954327161708,0.5164495075362145,2.251804917672632,0.9317132223855301,(truncamiento FPCA)
960,979,969,test,20,False,0.10248019586619232,0.32012528151677166,0.11699720196636963,0.25657003725982347,0.2984121998929691,1.0281162275403286,0.5741014102680237,0.5153603921151899,2.2396152436706047,0.9321731744493131,(truncamiento FPCA)
961,980,970,test,20,False,0.09865549017898051,0.31409471529935123,0.09948333478076368,0.2510655198878934,0.29150760566154854,1.0281162275403286,0.555685206010502,0.5019040836151031,2.2174735892320347,0.9280882213625409,(truncamiento FPCA)
962,981,971,test,20,False,0.09985934177596562,0.3160052875759607,0.08266611500583919,0.2527558782948133,0.2942856321823165,1.0281162275403286,0.5611713355707038,0.5089235291038487,2.225532540193014,0.931268063391429,(truncamiento FPCA)
963,982,972,test,20,False,0.10207333416421172,0.3194891769124765,0.07849425265868105,0.25787509367793454,0.3002778583247448,1.0281162275403286,0.5699990183230614,0.5174563819263633,2.211501727886389,0.9398686403921763,(truncamiento FPCA)
964,983,973,test,20,False,0.10040673846731538,0.31687022338382537,0.07818876780774263,0.25411485485250507,0.2964104539512431,1.0281162275403286,0.5631059775965663,0.5111246226484868,2.2165270266634822,0.9354317069805599,(truncamiento FPCA)
965,984,974,test,20,False,0.11473769832014773,0.3387295356477609,0.09100761796106151,0.26910972857991095,0.3131253536982853,1.0363054208503788,0.5914669417170374,0.5352900044219719,2.2121081001870153,0.9244111326149577,(truncamiento FPCA)
966,985,975,test,20,False,0.1146956494118242,0.3386674614010389,0.09188532470301958,0.2679048732978231,0.31303518364651695,1.0363054208503788,0.5949569615681255,0.5381139975599487,2.248415698313391,0.924314318096922,(truncamiento FPCA)
967,986,976,test,20,False,0.12229652731983906,0.34970920393927163,0.09929968189181092,0.27646929966113676,0.32246674678369,1.0363054208503788,0.6088952928799128,0.549625419624092,2.239761959785112,0.9220996849705093,(truncamiento FPCA)
968,987,977,test,20,False,0.12663152514861278,0.35585323540557107,0.09849560793108376,0.28020035343985117,0.3276751993497902,1.0363054208503788,0.6228493182879926,0.5620060699047076,2.2560915239710173,0.9208155687451712,(truncamiento FPCA)
969,988,978,test,20,False,0.11930994844228615,0.345412721888303,0.09554980220021694,0.2708349193363488,0.31695841470551905,1.0363054208503788,0.5990414822782435,0.5433794353405317,2.2489821352203454,0.9176222953595053,(truncamiento FPCA)
970,989,979,test,20,False,0.11666578035875377,0.34156372810758723,0.08697794465902264,0.2681363368755413,0.3140619929275722,1.0363054208503788,0.5930148550053832,0.5360154144441207,2.251097975090752,0.9194828580529124,(truncamiento FPCA)
971,990,980,test,20,False,0.11234939773567998,0.3351856168389091,0.085086699486451,0.26413807184245885,0.3088958873765745,1.0363054208503788,0.5816565567917082,0.5268920478196918,2.243716766368281,0.9215666539922878,(truncamiento FPCA)
972,991,981,test,20,False,0.10197516485777872,0.3193355051631101,0.081112245687525,0.2537360473159493,0.2973477072990624,1.0363054208503788,0.5671645629264542,0.510041502316004,2.265164579361624,0.9311451513892363,(truncamiento FPCA)
973,992,982,test,20,False,0.10108786938416532,0.3179431857803613,0.07958232538172337,0.2513860016545308,0.29464917289783604,1.0363054208503788,0.5593617221359747,0.5046825390368006,2.2473755572117837,0.9267352976118917,(truncamiento FPCA)
974,993,983,test,20,False,0.11084774074431943,0.33293804340195104,0.0866644410641351,0.26429716326103214,0.30899254024422573,1.0363054208503788,0.5821263157256352,0.526096377136719,2.2301694648446047,0.9280782006374193,(truncamiento FPCA)
975,994,984,test,20,False,0.12015408759131152,0.3466324964444498,0.0901956628983693,0.2756020646160966,0.32224305076478343,1.0363054208503788,0.6089544424505474,0.5512377288373493,2.229302701442811,0.9296388944203476,(truncamiento FPCA)
976,995,985,test,20,False,0.12341100109938,0.3512990194967529,0.08414273916737114,0.280785732357998,0.3283628875547497,1.0363054208503788,0.6201578031846907,0.5591987672436375,2.227528690591639,0.9347105153471251,(truncamiento FPCA)
977,996,986,test,20,False,0.12254053282128466,0.35005789924137504,0.07762271225843594,0.2796936083599362,0.3268035374196866,1.0363054208503788,0.6155173460054526,0.5565058896801196,2.218586255466498,0.9335699555071206,(truncamiento FPCA)
978,997,987,test,20,False,0.11717020814676167,0.3423013411407581,0.07417765415033871,0.27171689964531376,0.3169183604699615,1.0363054208503788,0.5961656367055972,0.5399094547792104,2.211589848090349,0.9258460963483084,(truncamiento FPCA)
979,998,988,test,20,False,0.11712770139832393,0.3422392458475853,0.07398400010091544,0.2716091023466677,0.3168150110530952,1.0363054208503788,0.5960981017700294,0.5392793502148431,2.2124334418023843,0.9257121002253123,(truncamiento FPCA)
980,999,989,test,20,False,0.11689649786556366,0.3419012984262617,0.07701500728648988,0.26984693845209745,0.3163105629009405,1.0363054208503788,0.6015632312647372,0.5452257471023062,2.2614943155323024,0.925151686632625,(truncamiento FPCA)
981,1000,990,test,20,False,0.11583486784533976,0.34034521863152384,0.07729502248741592,0.26708473368720237,0.3133304903204473,1.0363054208503788,0.5971726657359913,0.5404485681137584,2.274782734177004,0.9206255095349991,(truncamiento FPCA)
