{
  "mse": 4.340331996025344,
  "rmse": 2.083346345672112,
  "mae": 1.689635894992281,
  "r2": 0.5100564464492319,
  "mape": 166.65301148304474
}