{
  "mse": 3.3025340295932883,
  "rmse": 1.8172875473059535,
  "mae": 1.4252590536746874,
  "r2": 0.6272047254304495,
  "mape": 84.7390330666046
}