{
  "mse": 5.000098657601758,
  "rmse": 2.2360900379013717,
  "mae": 1.7479248114301769,
  "r2": 0.43558094020153226,
  "mape": 160.6672275076825
}