{
  "mse": 3.2849350438996265,
  "rmse": 1.8124389766002127,
  "mae": 1.4451148638536258,
  "r2": 0.6291913268235083,
  "mape": 88.06142105446114
}