{
  "mse": 6.752446884149668,
  "rmse": 2.5985470717594605,
  "mae": 1.5158071289567308,
  "r2": 0.9753958454839854,
  "mape": 5.3190704262680155
}