{
  "mse": 0.6465002907461356,
  "rmse": 0.8040524179095139,
  "mae": 0.45355515749422787,
  "r2": 0.9976443216331691,
  "mape": 1.4806749063747369
}