{
  "mse": 48.70440693220376,
  "rmse": 6.978854270738411,
  "mae": 5.409516534084716,
  "r2": 0.8225338496799298,
  "mape": 20.26510478163377
}