{
  "mse": 0.02269647384701628,
  "rmse": 0.15065348932904368,
  "mae": 0.06904373958726104,
  "r2": 0.999917299971539,
  "mape": 0.20437317899886795
}