t_ini,t_fin,t_centro,bloque,n_ventana,cruza_T0,mise,rmse_f,mise_rel,mae_f,l2_medio,linf_max,linf_medio,q95_abs,razon_linf_l1,razon_agregacion,modelo
5,34,19,train,30,False,0.9069168168059831,0.9523218031768375,1.0024203129178044,0.7582400611871987,0.8887733162000505,2.9490290963895736,1.6574079170376892,1.5494806515115553,2.270049354507005,0.9332699442932039,FAR
6,35,20,train,30,False,0.9325096803057333,0.9656654080507043,1.0119554954305892,0.7737510190709977,0.9042486731544115,2.9490290963895736,1.6719801997251167,1.566726984958667,2.2408625062851906,0.9363995703022345,FAR
7,36,21,train,30,False,1.0024447338121545,1.0012216207274764,1.0061406312557375,0.7996059425153622,0.9325730031240639,2.9490290963895736,1.7192494269630447,1.6138046807669084,2.2360227247801676,0.9314351426475057,FAR
8,37,22,train,30,False,1.0454489228974415,1.0224719668027293,1.0005461801034579,0.8143783529264103,0.9481808732573968,3.151833406658957,1.7465886486575775,1.6413990950542956,2.227412727528273,0.9273416817698769,FAR
9,38,23,train,30,False,1.048435290354663,1.0239312918134025,0.9998612246992236,0.8160834417854469,0.949447304104257,3.151833406658957,1.7443513429116309,1.6426163443733264,2.2214087216416285,0.9272568498446484,FAR
10,39,24,train,30,False,1.0245913445578765,1.0122209959084412,0.9678875864623797,0.8065317200474404,0.936606163696061,3.151833406658957,1.7110334166044283,1.6126175912601228,2.2074673476842763,0.925298099409094,FAR
11,40,25,train,30,False,0.9990434484993588,0.9995216098210977,0.9576024345518853,0.7972629739270307,0.9263368538659044,3.151833406658957,1.6937142240578247,1.594589349007805,2.2077294705464725,0.9267802164194404,FAR
12,41,26,train,30,False,0.9637209301798698,0.9816928899507573,0.9250213938691697,0.7791423564771076,0.9074579728445996,3.151833406658957,1.6682700985950247,1.572837684298988,2.2243110845037135,0.9243807122715523,FAR
13,42,27,train,30,False,0.9300775827729608,0.9644053000543708,0.9029088815058637,0.7642330916186891,0.8889512014250599,3.151833406658957,1.6332906821219573,1.540544965131132,2.216022420900464,0.9217610079236842,FAR
14,43,28,train,30,False,0.914170108611459,0.956122433902405,0.8932065471507213,0.7545646266918463,0.877534776609783,3.151833406658957,1.6087487127339108,1.5174721548217827,2.213847375181819,0.9178058640755168,FAR
15,44,29,train,30,False,0.9173837623962927,0.9578015255763026,0.8877226177628003,0.7567695317304252,0.8806816916274759,3.151833406658957,1.618017297382918,1.5268230286365443,2.223930804501085,0.9194824482009213,FAR
16,45,30,train,30,False,0.9516670838454905,0.9755342555981776,0.8920988304397706,0.775315282349917,0.9015558911718939,3.151833406658957,1.6517413224450308,1.5601749719334663,2.2121560053999105,0.9241663078443907,FAR
17,46,31,train,30,False,0.9601011215673162,0.9798474991381649,0.8921765059203863,0.7791569681245369,0.9095850630784468,3.151833406658957,1.6859694904299347,1.588894643711878,2.2672454697514093,0.9282924780422278,FAR
18,47,32,train,30,False,0.9645202579692659,0.9820999225991548,0.8908459033616573,0.7806937046338945,0.9134276190934616,3.151833406658957,1.701996857644671,1.599965727497467,2.291877241509345,0.9300760524204604,FAR
19,48,33,train,30,False,0.9569660254317537,0.9782464032296534,0.8802083882223494,0.7763989115932216,0.9085222306254693,3.151833406658957,1.7013531392589039,1.5934971535477735,2.30563591459161,0.928725347341946,FAR
20,49,34,train,30,False,0.9158526017221026,0.957001881775633,0.846894098795246,0.758807302836302,0.8886428261860347,3.151833406658957,1.6620515690217197,1.554035679220364,2.3018794232779864,0.9285695703515608,FAR
21,50,35,train,30,False,0.9108730702807722,0.954396704877365,0.8437149320062919,0.758603610173379,0.8863018601600179,3.151833406658957,1.662040392793944,1.5525554302752114,2.3023677753600293,0.9286514251680102,FAR
22,51,36,train,30,False,0.9159946730791081,0.9570761062105292,0.8472449336895295,0.7623216962957794,0.890329778811355,3.151833406658957,1.6674139761957882,1.5575834237200403,2.29797941710479,0.9302601674349062,FAR
23,52,37,train,30,False,0.9207187968637623,0.95954093027018,0.8514798144508191,0.7673152599084792,0.8937500669926082,3.151833406658957,1.6538306524797464,1.547200431479437,2.252231613288708,0.9314350631618737,FAR
24,53,38,train,30,False,0.9198811278715378,0.9591043362802285,0.8625607407595475,0.7675466433061701,0.8929082530583774,3.151833406658957,1.6470512590831334,1.540254338946905,2.23551897265483,0.9309813534171009,FAR
25,54,39,train,30,False,0.9535335758233285,0.9764904381627751,0.8713902381521932,0.782363343240917,0.9112656461519916,3.151833406658957,1.674403917832533,1.5678275472041048,2.228596823767509,0.9332048840810964,FAR
26,55,40,train,30,False,0.9561681735853328,0.9778385212218492,0.8783269423851108,0.7832982695602947,0.9133731973986579,3.151833406658957,1.6779246543666453,1.5755061519577287,2.2310715412218984,0.934073650787822,FAR
27,56,41,train,30,False,0.9271563374499376,0.9628895769764764,0.8943233799621727,0.7667873920189213,0.8939711366705421,3.151833406658957,1.640849449965441,1.5400031979215703,2.2354224765310837,0.9284253958565615,FAR
28,57,42,train,30,False,0.9606114026143836,0.9801078525419453,0.9103075635966804,0.7814782794452757,0.9111669138071726,3.151833406658957,1.6661410816814077,1.5671107837171334,2.231426621268547,0.9296598445202007,FAR
29,58,43,train,30,False,1.0221006168593,1.0109899192669036,0.914253838111533,0.8071087356036146,0.9394492105671854,3.151833406658957,1.7024576105883966,1.6027514876428228,2.2202012410135055,0.9292369712730724,FAR
30,59,44,train,30,False,1.0198654086996266,1.009883859015296,0.9176973340774207,0.8083922820795896,0.9378087683017611,3.151833406658957,1.6845129282316278,1.5876648418621286,2.1816423930561926,0.9286303171695278,FAR
31,60,45,train,30,False,1.0155658330955988,1.0077528631046397,0.9047917220281672,0.8077866789400562,0.9356403786385431,3.151833406658957,1.6725576475923545,1.5759195674778794,2.1690377429897274,0.9284422926431231,FAR
32,61,46,train,30,False,0.9656574334350759,0.9826787030535851,0.9129122219142879,0.7843784929183942,0.9110163431861997,3.151833406658957,1.64381404008097,1.5461589257118915,2.1802857328717655,0.9270744754672091,FAR
33,62,47,train,30,False,1.0895662609609453,1.0438229068960623,0.9100255822468991,0.8266532864678922,0.9574670263560695,3.8501546281273904,1.7322083541581395,1.6300640515437108,2.1776500711443867,0.9172696058215634,FAR
34,63,48,train,30,False,1.0932971593682368,1.0456085115224707,0.9168738881011335,0.8258107410201087,0.9592203968593919,3.8501546281273904,1.7574051414760576,1.6517139269437189,2.2068728830080904,0.9173800579173821,FAR
35,64,49,train,30,False,0.9932296498786056,0.9966090757556875,0.9515722087677172,0.7855191625350169,0.917981579605576,3.8501546281273904,1.7060738462582221,1.600628560508108,2.2525465005796375,0.9211049768029742,FAR
36,65,50,train,30,False,0.9766223029505753,0.9882420265049323,0.94628930370091,0.7732759645474216,0.9089974397606411,3.8501546281273904,1.7057005407634456,1.5971169616874397,2.290774001334005,0.9198125715979194,FAR
37,66,51,train,30,False,0.9093466425346339,0.9535966875648394,1.0161817494162702,0.7501034801614328,0.882268231058184,3.8501546281273904,1.6586285575264734,1.5503450567373136,2.288552847178639,0.9252006037386686,FAR
38,67,52,train,30,False,0.8504283154436497,0.9221867031375207,0.9796001453908239,0.7322539677066817,0.8589151052295433,3.8501546281273904,1.6142101618218048,1.5055200971989373,2.2858518418958136,0.9313896007254161,FAR
39,68,53,train,30,False,0.828951144570372,0.9104675417445545,0.9329295700438578,0.7218198438644828,0.8486262728948867,3.8501546281273904,1.5982849002928177,1.4889408853612716,2.294202073695089,0.9320774590918715,FAR
40,69,54,train,30,False,0.8481856978513195,0.9209699766286192,0.9509819373911441,0.7279359415395584,0.8593516559711541,3.8501546281273904,1.6400112678256495,1.5264157505058933,2.330279461297947,0.9330941048881634,FAR
41,70,55,train,30,False,0.8255862196492174,0.9086177522199407,0.9761678936888653,0.7153054244093862,0.846823253941172,3.8501546281273904,1.631612617789586,1.5216226248879212,2.3568202805434937,0.9319906548955356,FAR
42,71,56,train,30,False,0.8536353244577944,0.9239238737351657,1.001554188506669,0.7277346754424757,0.8625995338321779,3.8501546281273904,1.6675158297714576,1.554359682105572,2.363558953899706,0.9336261983846454,FAR
43,72,57,train,30,False,0.8449692167354269,0.9192220715014555,1.0074333344731836,0.7201755662881983,0.8539649776483654,3.8501546281273904,1.6575695403917405,1.5433532795088654,2.3744181566458247,0.9290083475187892,FAR
44,73,58,train,30,False,0.8559883730799158,0.9251963970314172,1.0205598145276198,0.7284432712662847,0.8624130791634366,3.8501546281273904,1.6774056277043967,1.5591312975260692,2.374717118795813,0.9321405508393386,FAR
45,74,59,train,30,False,0.9264141674634738,0.9625041129592506,1.0319446862955484,0.7562867150457723,0.8957160051111902,3.8501546281273904,1.7256280166398696,1.6084538699799282,2.3605164611058305,0.9306100545973583,FAR
46,75,60,train,30,False,0.8975906133585885,0.947412588769322,1.0350809109646002,0.7408559591857533,0.8795580948536036,3.8501546281273904,1.7068198036528992,1.5887249994869217,2.3865553026877433,0.9283791510477387,FAR
47,76,61,train,30,False,0.8981349723857568,0.9476998324288955,1.028211738994465,0.7439571622002022,0.8799756041925271,3.8501546281273904,1.6949932455588135,1.5811374920380847,2.3456314573057715,0.9285383135894458,FAR
48,77,62,train,30,False,0.914270012946367,0.9561746770053927,1.0428603715490383,0.7530030332277591,0.8902328117500476,3.8501546281273904,1.704886262226671,1.5943009104293557,2.315469362500148,0.9310357544064376,FAR
49,78,63,train,30,False,0.9386082744440457,0.9688179779731824,1.0547113393342147,0.7638998754921553,0.9037634979822767,3.8501546281273904,1.7250806660098654,1.6181930490806773,2.3081837321567864,0.9328517002471373,FAR
50,79,64,train,30,False,0.9407736596808655,0.9699348739378667,1.0512211392310808,0.7654137176734434,0.9051931269954785,3.8501546281273904,1.7320892705487918,1.624600495488614,2.3140987697308586,0.933251449471508,FAR
51,80,65,train,30,False,0.9100382820399776,0.9539592664469367,1.042640767714757,0.7465218340262291,0.8831882042346032,3.8501546281273904,1.6905287250622594,1.5865737707529668,2.313367478974618,0.9258133290366543,FAR
52,81,66,train,30,False,0.9114573553927929,0.9547027576124377,1.0447834606998645,0.7471553309780081,0.884185938797262,3.8501546281273904,1.6938098589604818,1.58942675905656,2.3165560838615273,0.9261374095205012,FAR
53,82,67,train,30,False,0.9028513214951667,0.9501848880587224,1.0379002597778133,0.7395427540625217,0.8774756074821053,3.8501546281273904,1.6970918622626854,1.591864646792143,2.358102713830114,0.9234788076611428,FAR
54,83,68,train,30,False,0.9147384744453849,0.9564196121187525,1.0438863976142747,0.7463330418761608,0.8869537425414643,3.8501546281273904,1.7221783034383296,1.6158081134210212,2.3768652664396646,0.9273688361289448,FAR
55,84,69,train,30,False,1.0374676691851616,1.0185615686767107,1.073724473769162,0.7793296884462617,0.9225186471860757,4.278083977065535,1.7938690256805407,1.685110530619865,2.3779076465128575,0.9057072989555146,FAR
56,85,70,train,30,False,1.0392049817905364,1.019414038450784,1.084375685628439,0.7821762487413912,0.9238037787960206,4.278083977065535,1.7922988386686345,1.679195033923885,2.364008150119571,0.9062105719084824,FAR
57,86,71,train,30,False,1.0835024690869068,1.0409142467498977,1.1062477396569081,0.8028315795492216,0.9499141672485142,4.278083977065535,1.842064202399725,1.7267190200891815,2.3626620280923687,0.9125767758626439,FAR
58,87,72,train,30,False,1.0646488912466059,1.0318182452576645,1.0957264957859483,0.7925251071645645,0.9413633601569893,4.278083977065535,1.8558530291389104,1.736558902562332,2.4063361465349007,0.9123344779796108,FAR
59,88,73,train,30,False,1.0050002131906495,1.0024969891179971,1.0542865177495564,0.7665432764555873,0.914428381057659,4.278083977065535,1.82848958014423,1.7096805995486293,2.4344185297089007,0.912150750559539,FAR
60,89,74,train,30,False,1.0088816631952493,1.0044310146522006,1.0477410623499746,0.7688878877076274,0.9172073554509157,4.278083977065535,1.8419140138308832,1.7190565607453607,2.4477271918620054,0.9131611251256638,FAR
61,90,75,train,30,False,0.9981313459730381,0.9990652360947397,1.047542562020951,0.7638878140961319,0.9109988063119908,4.278083977065535,1.8295173244116785,1.7061817995948896,2.444495362319198,0.9118511718744283,FAR
62,91,76,train,30,False,1.0122824282244933,1.0061224717818866,1.04464921005774,0.7703598027911526,0.920068866491013,4.278083977065535,1.8406933586885568,1.7193833666285128,2.4434821981715826,0.9144700494180704,FAR
63,92,77,train,30,False,0.8960688375432784,0.946609126061691,1.0528687260393361,0.732978324216924,0.8789810852364551,4.278083977065535,1.7585110849117105,1.641436442320713,2.439496218083911,0.9285575862694264,FAR
64,93,78,train,30,False,0.8749725466125794,0.9353996721255462,1.0443140985404251,0.723617428159295,0.8674886822270539,4.278083977065535,1.7297971982464118,1.6141407149846596,2.4322437839861424,0.9273989590522568,FAR
65,94,79,train,30,False,0.8715826211563705,0.9335858938289345,1.0337776449820675,0.722613876514522,0.8643974789970845,4.278083977065535,1.7167198564571646,1.6008006640712584,2.4084704834721395,0.9258896098482313,FAR
66,95,80,train,30,False,0.8561241147045082,0.9252697523990008,1.0334909736261106,0.7147009403022168,0.8513954975211396,4.278083977065535,1.6872686348392751,1.573183172444222,2.392005610012504,0.920159224176168,FAR
67,96,81,train,30,False,0.8789214551827393,0.937508109395721,1.0245385726819187,0.7231693020289759,0.8625223239974065,4.278083977065535,1.7054447710062128,1.5919578771837546,2.394116741152862,0.9200158541064276,FAR
68,97,82,train,30,False,0.8809434021487672,0.9385858523058864,1.0360559439519421,0.7255753975998063,0.8636123008467693,4.278083977065535,1.697794684914358,1.588211033821255,2.3789571364739657,0.9201207313375493,FAR
69,98,83,train,30,False,0.8709753406442639,0.9332605963203761,1.0513123763965329,0.723404668017463,0.857346136340175,4.278083977065535,1.6843360012979511,1.575231548615002,2.365848653284565,0.9186567393078485,FAR
70,99,84,train,30,False,0.8515363727643409,0.9227872846785119,1.070314249591133,0.7188763886451125,0.8464814518842444,4.278083977065535,1.643805444113176,1.539692265826157,2.326251642888066,0.9173094015693427,FAR
71,100,85,train,30,False,0.8832240212518253,0.9397999900254443,1.0470139922013177,0.7334309503142994,0.86296408847389,4.278083977065535,1.6656860825571402,1.5600414318700857,2.3092791145704874,0.9182422830740037,FAR
72,101,86,train,30,False,0.8509123069436303,0.9224490809489867,1.0880278934373198,0.7166972517365505,0.8436293693058708,4.278083977065535,1.6343789456903643,1.5274321452483013,2.338937432287234,0.9145538618109644,FAR
73,102,87,train,30,False,0.8625574546013595,0.9287397130527797,1.0913573792341849,0.7255962480133177,0.8545039860254303,4.278083977065535,1.6603855064727782,1.5488638570288915,2.3510037920656703,0.9200683184060952,FAR
74,103,88,train,30,False,0.9974946047984725,0.9987465167891564,1.0698182341353737,0.7652467673852389,0.9004575003542228,4.278083977065535,1.728142719316323,1.6175979509978842,2.336750368611136,0.9015876253056477,FAR
75,104,89,train,30,False,0.947029541272688,0.9731544282757429,1.0519706760751193,0.7486867149745777,0.880358459194327,4.278083977065535,1.696933055305769,1.5858062515216145,2.3384650159423486,0.9046441485696839,FAR
76,105,90,train,30,False,1.0028020524257455,1.0014000461482642,1.0358597769423146,0.7745634078014528,0.9069546166612458,4.278083977065535,1.7229786209444262,1.6150052264118053,2.301149357286192,0.9056866136063318,FAR
77,106,91,train,30,False,1.0136636783018385,1.006808660223897,1.066693998982816,0.7792586417427783,0.9140564763660158,4.278083977065535,1.7450785164957916,1.6346364136590423,2.3157977477407763,0.9078750635326729,FAR
78,107,92,train,30,False,1.010764162313762,1.0053676751884169,1.0359205036571162,0.7805781654510294,0.9124749048678302,4.278083977065535,1.726961451235385,1.6183063036657235,2.288209939535568,0.9076031857666624,FAR
79,108,93,train,30,False,0.9830412927345482,0.991484388548074,1.0217842018787666,0.7671162977538768,0.8963716390372781,4.278083977065535,1.694833709478242,1.586912540040435,2.2846964201282693,0.9040703508704977,FAR
80,109,94,train,30,False,0.9750239496602419,0.98743301021398,1.0199173260538588,0.7604084625313876,0.8905775684069308,4.278083977065535,1.6958159147073921,1.5852297593544262,2.317312082830296,0.9019118858644798,FAR
81,110,95,train,30,False,1.1750386903391044,1.0839920158096665,1.0334826810847473,0.8266204071491813,0.9608712895840991,4.278083977065535,1.7969735994717473,1.6847867722523227,2.298972032923825,0.8864191576783849,FAR
82,111,96,train,30,False,1.288672810221151,1.1351972560842238,1.0529358116343057,0.8597339621686092,1.0028009048444615,4.278083977065535,1.8659956120711771,1.7537960867553835,2.2981336400159535,0.8833715017102372,FAR
83,112,97,train,30,False,1.327367589088333,1.1521143993060468,1.0664316225098731,0.8800541659038934,1.0249623677755493,4.278083977065535,1.8980872769618342,1.7841573002154478,2.2676854750963913,0.8896359323283478,FAR
84,113,98,train,30,False,1.4005426903995495,1.183445262950319,1.0385046990973639,0.9084424621980568,1.0549682998684922,4.278083977065535,1.943318714350329,1.830727058027342,2.2508228720014327,0.8914381872115194,FAR
85,114,99,train,30,False,1.2423845098077118,1.1146230348452844,1.0169660456862055,0.8596270167436498,0.9996126873090149,3.7206620502914314,1.8322450719159293,1.724516320823959,2.23851859668152,0.8968168215254644,FAR
86,115,100,train,30,False,1.2390032217913916,1.1131052159573198,1.0233180480360375,0.8543604650599609,0.9970377668493842,3.7206620502914314,1.8411225766541075,1.7340450497189734,2.2814546408141165,0.8957264349820583,FAR
87,116,101,train,30,False,1.2020498346192872,1.0963803330137254,1.0327735083874672,0.8409879017233839,0.9775349772014992,3.7206620502914314,1.798899010209964,1.6919793622784423,2.2650443012045773,0.8916020725348615,FAR
88,117,102,train,30,False,1.190852052077204,1.091261679010678,1.0329752662974239,0.8380051149314803,0.971162418068593,3.7206620502914314,1.7719092759697153,1.6663062966433924,2.239138765844205,0.889944581348293,FAR
89,118,103,train,30,False,1.22295314019096,1.105872117467006,1.0116279621392243,0.8536255261607724,0.9879644017865661,3.7206620502914314,1.8016934758861367,1.6919979740512332,2.2300175944075873,0.8933803341108673,FAR
90,119,104,train,30,False,1.2414559194088,1.1142064079015161,1.006399031454241,0.8633291466888373,0.9983002050129979,3.7206620502914314,1.8025372405025875,1.6980141408261522,2.2052332259820826,0.8959742090275583,FAR
91,120,105,train,30,False,1.2358747663597702,1.1116990448677062,0.9973303224415379,0.858764004954415,0.9943919148653441,3.7206620502914314,1.8064586228868729,1.7022420255913162,2.228671007525445,0.8944794181987249,FAR
92,121,106,train,30,False,1.2180584584977023,1.103656857224066,0.9863832223103928,0.8481064471969422,0.9822577240242432,3.7206620502914314,1.7922056337994652,1.6872515849541536,2.2396834570499067,0.8900028279576248,FAR
93,122,107,train,30,False,1.2038269801835215,1.0971904940271409,0.9783488836567034,0.8378760237554828,0.9709252574416897,3.7206620502914314,1.7804709946833317,1.6747404831400972,2.2625713463373622,0.8849194945883957,FAR
94,123,108,train,30,False,1.1926461107965252,1.0920833808810229,0.9720962021384203,0.8303465038432347,0.9617212273140676,3.7206620502914314,1.7611174454383631,1.656525685889012,2.2586823950579826,0.8806298531328374,FAR
95,124,109,train,30,False,1.198211093254937,1.094628289993885,0.9689274890957005,0.8332329240177259,0.9665638060164365,3.7206620502914314,1.7716342765563908,1.6685364444476904,2.2655918305959473,0.8830064185732274,FAR
96,125,110,train,30,False,1.2025722993087724,1.0966185751248119,0.9673794793697597,0.8373266831253938,0.9712117289317098,3.7206620502914314,1.7761418707068255,1.673346250926081,2.2533327505339242,0.8856422378411484,FAR
97,126,111,train,30,False,1.173728989353393,1.0833877373098668,0.97029405558994,0.825179709973108,0.956310477245699,3.7206620502914314,1.7535754191000819,1.6513410925789487,2.255105557113858,0.8827038042910562,FAR
98,127,112,train,30,False,1.163213934246695,1.0785239609052248,0.9646700982126506,0.81755198719422,0.9501340242049329,3.7206620502914314,1.751932378716599,1.6463024591462416,2.2744123123459614,0.880957733574568,FAR
99,128,113,train,30,False,1.2370067034168515,1.1122080306385365,0.9633358887186431,0.8447764302459837,0.9815846103347996,3.7206620502914314,1.7976655313439853,1.69084468821143,2.2694142694487183,0.8825548668006435,FAR
100,129,114,train,30,False,1.3458990831753914,1.1601289079991892,0.9679082628529593,0.8757164297316944,1.0221932561926708,4.012111249884916,1.8862576842741292,1.7752491965989596,2.2846543693655073,0.8811031680570666,FAR
101,130,115,train,30,False,1.353423405805498,1.163367270386054,0.9677897482217258,0.8769364013794373,1.0251945751903615,4.012111249884916,1.9061823345060296,1.7932404654034488,2.30088686092801,0.8812303743513078,FAR
102,131,116,train,30,False,1.383154471250318,1.1760758781857223,0.9703533182836398,0.8922031037513748,1.0433648915157907,4.012111249884916,1.9370032152631744,1.8276317135027618,2.27505924269091,0.8871578023735519,FAR
103,132,117,train,30,False,1.3784841430258497,1.1740886435980247,0.9723936580900298,0.8902177156788679,1.0397398239436373,4.012111249884916,1.9196668702171409,1.816216692033177,2.2519070054752865,0.8855718259545787,FAR
104,133,118,train,30,False,1.2338669289126116,1.1107956287781346,0.9881315813973841,0.8429079568631502,0.9865691932805414,4.012111249884916,1.836944636353368,1.736305986212698,2.273358219636051,0.8881644541271365,FAR
105,134,119,train,30,False,1.2104646412580848,1.1002111803004389,0.9930357452439913,0.8290911239640347,0.9699705012965665,4.012111249884916,1.8115645947244172,1.7111832119648704,2.279875983677721,0.8816221091588007,FAR
106,135,120,train,30,False,1.2196305292014673,1.1043688374820557,1.0138173675592745,0.8290385811756239,0.9730391379746918,4.012111249884916,1.8282410297118048,1.7266296167960071,2.2928951552334893,0.8810816685059734,FAR
107,136,121,train,30,False,1.2207986374810789,1.1048975687732683,0.9842918846884275,0.8298924120038568,0.9737019523272382,4.012111249884916,1.8190438310020687,1.720383758872777,2.2770249631881003,0.881259928382599,FAR
108,137,122,train,30,False,1.2720250445296795,1.1278408773092414,0.9570464491485716,0.849271766291141,0.9948636254335789,4.012111249884916,1.8556087454058199,1.7536361037361943,2.2776165824518357,0.8820957330497592,FAR
109,138,123,train,30,False,1.287540484913902,1.134698411435348,0.9603081078420196,0.8589215033785076,1.0049346558297567,4.012111249884916,1.8735011545272944,1.7707259555531136,2.2741325400669603,0.885640312617125,FAR
110,139,124,train,30,False,1.2902049340674462,1.1358718827699918,0.9357541863249165,0.8612033531601513,1.0070281976949305,4.012111249884916,1.8697804247713046,1.769160991811817,2.2540982164913097,0.8865684704151168,FAR
111,140,125,train,30,False,1.0986787894853278,1.0481787965253484,0.9493765427710907,0.8008831756849083,0.9452825322849165,4.012111249884916,1.7901610060644315,1.6892066546619684,2.2902271237885743,0.9018332897197243,FAR
112,141,126,train,30,False,1.0425923174273715,1.0210740998709993,0.8652971630655782,0.792870900363146,0.9291898932283279,4.012111249884916,1.7489117232661078,1.6497837605494816,2.2725149355127274,0.9100122051335159,FAR
113,142,127,train,30,False,1.0011166216432976,1.000558155053117,0.8420370277367236,0.7702466036299672,0.9042407221950096,4.012111249884916,1.7021807237011959,1.6068217967981078,2.281999330561855,0.9037362972140343,FAR
114,143,128,train,30,False,1.0193689789208473,1.0096380435189867,0.8139325660673107,0.7727647241018818,0.9094623721589737,4.012111249884916,1.7029987844342103,1.607304539998163,2.2793524975383574,0.9007806094440922,FAR
115,144,129,train,30,False,1.0881271228613967,1.0431333197925357,0.8394474092694889,0.7952526216696356,0.9413825319906348,4.012111249884916,1.7665288773956649,1.66958423685159,2.2989538789168185,0.902456583572522,FAR
116,145,130,train,30,False,1.1008480813137178,1.0492130771743735,0.8431465090015065,0.805670921315663,0.9499101177045699,4.012111249884916,1.76325909785409,1.6702811937453794,2.2497285666179954,0.9053548210271687,FAR
117,146,131,train,30,False,1.105803860083241,1.051572089817546,0.8538866098439916,0.806761150768141,0.9534129873176794,4.012111249884916,1.7780494210904196,1.6847208178691644,2.2700837044173103,0.9066548994117011,FAR
118,147,132,train,30,False,1.1172136323606048,1.0569832696692056,0.8629823087286848,0.8107806903047091,0.9598941687201386,4.012111249884916,1.7866322478782386,1.6929294306151272,2.268609866097339,0.9081450920415681,FAR
119,148,133,train,30,False,1.0967776503048439,1.0472715265416337,0.8775359891912412,0.8004919179475571,0.9502830183220097,4.012111249884916,1.7738318892287663,1.6827418870653152,2.2826084550043597,0.9073893390953676,FAR
120,149,134,train,30,False,1.1555891786675352,1.0749833387860181,0.8927564216084448,0.815684824880933,0.9717207219256639,4.012111249884916,1.8185337528464485,1.7241399569800053,2.2958576108733566,0.9039402629468016,FAR
121,150,135,train,30,False,1.1918178064597822,1.0917040837423766,0.9058546762774955,0.8302788844804981,0.9909217123993418,4.012111249884916,1.8415010540031846,1.7476078766472563,2.2799659302720707,0.9076834346927132,FAR
122,151,136,train,30,False,1.1990135696707396,1.0949947806591316,0.9017503050186031,0.834505706892802,0.9965710816451766,4.012111249884916,1.8509712025778735,1.757775939162514,2.28061105960493,0.910114914927075,FAR
123,152,137,train,30,False,1.2051266939262362,1.0977826259903352,0.8986361791084763,0.839315257645141,1.0022058942758556,4.012111249884916,1.8557864598184381,1.7649478793961522,2.2652073840218607,0.9129365600696608,FAR
124,153,138,train,30,False,1.2511584136478728,1.118551927112851,0.9051019422343178,0.861267314939698,1.0287413765696276,4.012111249884916,1.909136981314774,1.8145685674704226,2.2690397283872414,0.9197081973878157,FAR
125,154,139,train,30,False,1.2508027758176097,1.1183929433868982,0.9056460041270022,0.861160694014568,1.0284648651206088,4.012111249884916,1.9130395550033201,1.8166080766098647,2.2774012453838486,0.9195916973564275,FAR
126,155,140,train,30,False,1.264124211975953,1.1243327852446325,0.9078245095469023,0.8693509905267469,1.0381916967491331,4.012111249884916,1.928901508465562,1.834740030406771,2.275083976152079,0.9233847045768065,FAR
127,156,141,train,30,False,1.2630172343959265,1.1238403954280725,0.9097103040301667,0.8667601949082963,1.0374365643965964,4.012111249884916,1.933075088070461,1.8381728667615143,2.2911691910798377,0.923117347104644,FAR
128,157,142,train,30,False,1.2682111906147993,1.1261488314671375,0.9070756844642103,0.8697187170827994,1.0406552110027971,4.012111249884916,1.936237171713135,1.8428780168317764,2.285709289268255,0.9240831956882999,FAR
129,158,143,train,30,False,1.1949024497008387,1.0931159360748697,0.9200156253165517,0.8402398445494613,1.0095471622998986,4.012111249884916,1.900015688732597,1.8045670807958336,2.3150308077254733,0.9235499446883488,FAR
130,159,144,train,30,False,1.0930641346642946,1.0454970753972939,0.8853896839774074,0.8139634387040658,0.9733587576729794,2.9764275098688553,1.8146554130483186,1.7227543730311663,2.2915549700464397,0.9310009378104653,FAR
131,160,145,train,30,False,1.0414948570405709,1.0205365535053466,0.8784526919814113,0.788628048500153,0.9425059178030447,2.9764275098688553,1.7452541099873098,1.6574000284878834,2.28641080714234,0.923539597445793,FAR
132,161,146,train,30,False,1.0282586927357362,1.0140309131065661,0.8806032984416935,0.7842296817364478,0.9358240098741842,2.9764275098688553,1.7327699308258455,1.6435223236808667,2.285652288177293,0.9228752277454849,FAR
133,162,147,train,30,False,1.0505492426759995,1.0249630445416067,0.8921047240456993,0.796497662391051,0.9497726160871703,2.9764275098688553,1.7613599390540489,1.668092151866672,2.293095422068746,0.9266408395357671,FAR
134,163,148,train,30,False,1.0601632798020497,1.0296423067269769,0.8968525115554891,0.8008358645050269,0.9569473125373632,2.9764275098688553,1.777610031384152,1.6853069493501212,2.30156602252327,0.929397817363686,FAR
135,164,149,train,30,False,1.135061090897075,1.0653924586259633,0.8967969422969118,0.8362762848302141,0.9939749314312881,2.9764275098688553,1.8219462522662326,1.7306448154588365,2.278003314644769,0.9329659914368247,FAR
136,165,150,train,30,False,1.1313570788968732,1.0636527059603962,0.895179729823079,0.8326362720232822,0.9927575052053066,2.9998668288262724,1.830186488043421,1.7346776471241916,2.2915936222129862,0.9333474165413074,FAR
137,166,151,train,30,False,1.1499341702322818,1.0723498357496408,0.9022088863075943,0.8419751358551453,1.0018035613806116,2.9998668288262724,1.8275093510986467,1.734751129175553,2.2664599891173016,0.9342133769995751,FAR
138,167,152,train,30,False,1.1254790818172324,1.06088598907575,0.911454005086388,0.8336404116606305,0.9930473344141736,2.9998668288262724,1.8084923865818638,1.7203864979889505,2.263331831444486,0.9360547171325376,FAR
139,168,153,train,30,False,1.1767210642902686,1.0847677467044587,0.9056391938486736,0.8503959303458827,1.013825961863836,3.135751509741386,1.858045421907679,1.7679204698900057,2.2750438960109105,0.9346018674908568,FAR
140,169,154,train,30,False,1.1794730010376095,1.086035451096146,0.9157816468721834,0.8536472483539121,1.015799101160327,3.135751509741386,1.8543365275650288,1.7672112841048104,2.2563718424476256,0.9353277557699162,FAR
141,170,155,train,30,False,1.1757601029817244,1.084324722111289,0.9156297861175906,0.8527907411902284,1.0125785274798014,3.135751509741386,1.8388181422660412,1.753348956835789,2.2281399126698305,0.9338332944288215,FAR
142,171,156,train,30,False,1.1049164444167165,1.0511500579920625,0.9345209922805372,0.8168377406054886,0.9744802542188368,3.135751509741386,1.7901492267268992,1.7045618346020281,2.2539123220628,0.9270610288319038,FAR
143,172,157,train,30,False,1.1132188147407893,1.055091851328968,0.9366316361822201,0.8239626360856191,0.9818038835825315,3.135751509741386,1.8030594153338642,1.7165015946668838,2.245303085940784,0.9305387794871842,FAR
144,173,158,train,30,False,1.018024379223377,1.0089719417423741,1.0007888062576653,0.7906669708897687,0.9439982429774807,3.135751509741386,1.759769095752905,1.6674868415958213,2.2800215619931596,0.9356040578762858,FAR
145,174,159,train,30,False,0.9509000359085764,0.975141033855399,0.9973277894667385,0.7674882849830167,0.913399807122694,3.135751509741386,1.712776689004298,1.6175651555081882,2.2950321600044217,0.9366848234366677,FAR
146,175,160,train,30,False,0.9381359943354189,0.9685742069327569,1.0130638624472803,0.7586501778758074,0.9048373325572345,3.135751509741386,1.710859241888078,1.6125024298544475,2.3235199642447695,0.9341951562210584,FAR
147,176,161,train,30,False,0.9369846356251383,0.9679796669481949,1.0218442884558112,0.7598981196360596,0.90406811205651,3.135751509741386,1.6972468343398444,1.6023662458372059,2.2980730298211993,0.9339742795495048,FAR
148,177,162,train,30,False,0.941237299884761,0.9701738503406289,1.0154579132787038,0.7637984651872686,0.9061753738196977,3.135751509741386,1.6969567706132151,1.6041487481047172,2.287551575973447,0.9340340120500452,FAR
149,178,163,train,30,False,0.9374516329227051,0.9682208595783841,1.067385186616119,0.7634747937591967,0.9040413075822861,3.135751509741386,1.68337870371386,1.5921374880730736,2.269968649564915,0.9337139337980744,FAR
150,179,164,train,30,False,0.8625142395084205,0.9287164473123217,1.0538259458756585,0.7409171530550916,0.8738246020006112,3.135751509741386,1.630579877608258,1.5409622260641698,2.2632284907748046,0.9408949357249288,FAR
151,180,165,train,30,False,0.8320080002016049,0.9121447254693769,1.0237040707146545,0.7305535287196363,0.8586231381436286,3.135751509741386,1.6099902304964535,1.5196543172324222,2.266017616940305,0.9413233603930485,FAR
152,181,166,train,30,False,0.832461754382993,0.9123934208349997,1.0263618936560583,0.7292263261275242,0.8589355160250552,3.135751509741386,1.6225914894020408,1.527249233033788,2.2939791386781754,0.9414091513713227,FAR
153,182,167,train,30,False,0.8599149430801599,0.9273159887978638,1.0198624445521813,0.7438091895197771,0.874804437600885,3.135751509741386,1.6473723192191572,1.5515756349434289,2.2859658319285034,0.94337253769877,FAR
154,183,168,train,30,False,0.8250932245167867,0.9083464231870937,1.0395304798636633,0.7295688066980424,0.8574925174714564,3.135751509741386,1.6138827227702108,1.521197822266192,2.2861438936547014,0.9440148555468437,FAR
155,184,169,train,30,False,0.8793504311201179,0.9377368666742915,1.0313641573420753,0.7509025109552621,0.8837570260034512,3.135751509741386,1.6511621881327911,1.5598114111981898,2.2646582451915993,0.9424360472652832,FAR
156,185,170,train,30,False,0.8795638284717467,0.9378506429446785,1.0313610438471799,0.7515658679727895,0.883885176801577,3.135751509741386,1.6520897369888379,1.5570122202332752,2.2640524671304134,0.9424583577896157,FAR
157,186,171,train,30,False,0.8732595850815801,0.9344835927300061,1.0324641184793364,0.749363720541801,0.8790265064342179,3.135751509741386,1.6375091079047042,1.5437021343694923,2.2464464132717765,0.9406548314735248,FAR
158,187,172,train,30,False,0.9361604504075143,0.9675538488412488,1.0226038186671988,0.7747823778278202,0.9044590449196563,3.135751509741386,1.6742289186843948,1.5794633792874004,2.2327468615235357,0.9347893618560295,FAR
159,188,173,train,30,False,0.9596711044233938,0.9796280439143185,1.0221289815586085,0.7875751711339581,0.9174305300620854,3.135751509741386,1.6903625204423163,1.5971054631972348,2.2137888284575835,0.9365090513296156,FAR
160,189,174,train,30,False,0.9594403740154586,0.9795102725420793,1.029042226446484,0.7850719502045097,0.9172967305188963,3.135751509741386,1.709003430917139,1.612164881659326,2.2463478837153628,0.9364850540446881,FAR
161,190,175,train,30,False,0.9709457429239728,0.9853657914317773,1.036481255602504,0.7953212428107889,0.92806135216456,3.135751509741386,1.7215510762459494,1.6248378446558127,2.2245251918065523,0.9418445010314884,FAR
162,191,176,train,30,False,0.9578796693419172,0.978713272282499,1.0561794713893584,0.7879056849732777,0.9194826151287503,3.135751509741386,1.7006849459485627,1.6056486901352238,2.222717527569229,0.9394810933588196,FAR
163,192,177,train,30,False,0.9994515419023803,0.9997257333400897,1.0676323891116895,0.8003943035978985,0.9360265044744154,3.135751509741386,1.7293389979089233,1.6333433219778715,2.225543263693554,0.9362832957666751,FAR
164,193,178,train,30,False,0.995215247288229,0.9976047550449171,1.0602252927480085,0.8002787708522483,0.9331421238336984,3.135751509741386,1.7224450398592521,1.623946228726961,2.21429768228011,0.9353825942737048,FAR
165,194,179,train,30,False,0.9513997375749204,0.9753972204055742,1.10562612655972,0.7827233444414406,0.9165117878533142,3.135751509741386,1.720854118379593,1.61791743052418,2.2412633217350044,0.9396292799278481,FAR
166,195,180,train,30,False,0.9117691108277045,0.9548660172127316,1.0090922176309989,0.7739158094954868,0.9008932919790702,3.135751509741386,1.6850781640416723,1.5853375964515024,2.226653293752544,0.9434761272673536,FAR
167,196,181,train,30,False,0.8895699668684074,0.9431701685636624,0.9794996615230647,0.7604786426512512,0.889740189665263,3.135751509741386,1.6893209320700986,1.585567603671188,2.270693955304041,0.9433506479750446,FAR
168,197,182,train,30,False,0.845046863648866,0.9192643056536385,0.9938556601198049,0.7381686432542757,0.8647224349637556,3.135751509741386,1.6576551441900162,1.5514607792426032,2.2881614272945208,0.9406679119874004,FAR
169,198,183,train,30,False,0.8931509149017793,0.945066619292936,0.9607715693087064,0.7487614057092651,0.8784602337963061,3.862529013124262,1.6818810609694455,1.5763343746156715,2.287473907038215,0.9295220208428667,FAR
170,199,184,train,30,False,0.9093280932320188,0.9535869615467794,0.9682195815182121,0.7547414183544455,0.8877906716046021,3.862529013124262,1.7120832374998327,1.6032544130495603,2.309840019784877,0.9310012693174291,FAR
171,200,185,train,30,False,0.9250965079685654,0.9618193738787785,0.9863342398350375,0.7644222963659738,0.8990918679384159,3.862529013124262,1.7330665024603606,1.622076869681887,2.3138628937568346,0.9347824470540677,FAR
172,201,186,train,30,False,0.9514241907697613,0.9754097553181234,0.9866685869709081,0.7825505774136474,0.9190901403342827,3.862529013124262,1.7747274014950836,1.6596174103100756,2.312919227196306,0.9422605580098259,FAR
173,202,187,train,30,False,0.9437466203924565,0.9714662219513638,0.9834199903034307,0.776638735965798,0.9124354608497871,3.862529013124262,1.766283436457415,1.6488280165992026,2.3251993827142683,0.9392353951504325,FAR
174,203,188,train,30,False,0.9459079428316243,0.9725779880460097,0.9824744515911327,0.7782970179354675,0.913947727151982,3.862529013124262,1.7567068334118678,1.6441376194685795,2.3019315833709344,0.939716648315452,FAR
175,204,189,train,30,False,0.9650764961324122,0.9823830699540848,0.978048299002357,0.7868813812168047,0.9257161184447892,3.862529013124262,1.7764422144556187,1.6637123406943966,2.296239263954506,0.9423168484449307,FAR
176,205,190,train,30,False,0.9680700973240671,0.9839055327235776,0.9749233714969151,0.7898937839929275,0.9280140134692302,3.862529013124262,1.7734895078719093,1.6632060218099527,2.277586758190202,0.9431942220106919,FAR
177,206,191,train,30,False,0.9593175491515494,0.9794475734573798,0.9759098322206269,0.7827087690869462,0.9211024486692935,3.862529013124262,1.7671357592047383,1.6555850601624118,2.29220090221513,0.9404305790639388,FAR
178,207,192,train,30,False,0.953518304031831,0.9764826183971894,0.9841073598378982,0.7782877632006867,0.9181942033952571,3.862529013124262,1.7669557844585961,1.6553735147177981,2.3037123630907463,0.940307780288391,FAR
179,208,193,train,30,False,0.938353751871061,0.968686611795095,0.9690775330026764,0.7676812089264721,0.9072078636868525,3.862529013124262,1.7611162955341242,1.646538880368007,2.3451717801281005,0.9365339136933927,FAR
180,209,194,train,30,False,0.9215667308226686,0.9599826721470907,0.9584475016521958,0.752990066112515,0.8923046161070698,3.862529013124262,1.7440485198136733,1.6279288276296693,2.386300594519559,0.9295007524576954,FAR
181,210,195,train,30,False,1.0115902316988081,1.0057784207760714,0.962343076060994,0.783054037055488,0.9270293025383654,3.862529013124262,1.7957260011092238,1.679770732077323,2.376132785867684,0.9217033129653526,FAR
182,211,196,train,30,False,1.0545207903810097,1.0268986271200335,0.9787727574396881,0.8052042170913699,0.9476602561656033,3.862529013124262,1.814070365491807,1.701752611695502,2.3364935991895472,0.9228372023666479,FAR
183,212,197,train,30,False,1.054438041269009,1.0268583355405014,0.9913781636985268,0.8032279515739443,0.9476227271837758,3.862529013124262,1.8359058892320907,1.7182660159036716,2.3649310574710283,0.9228368650140831,FAR
184,213,198,train,30,False,1.0573882853828134,1.028293871119931,0.9902976676433507,0.8032811615003908,0.9495270891627663,3.862529013124262,1.843188685534278,1.7255279642942116,2.376156881809826,0.9234005140268136,FAR
185,214,199,train,30,False,1.0022393406546617,1.001119044197373,0.9871006096673647,0.7836350596123857,0.9225529226071362,3.862529013124262,1.8004497279077767,1.6806967221290996,2.378867219462919,0.9215216990970084,FAR
186,215,200,train,30,False,0.9985191711098287,0.9992593112449984,0.983997484380667,0.7795150153610123,0.9202267469931582,3.862529013124262,1.8090912806150559,1.689973692703602,2.4068235770495447,0.9209088538255682,FAR
187,216,201,train,30,False,0.9993090461128907,0.9996544633586602,0.9835876013655804,0.778318909461834,0.9209007114179841,3.862529013124262,1.8154796274682226,1.6945133499337515,2.424989296784487,0.9212190263462863,FAR
188,217,202,train,30,False,0.9213322410284277,0.9598605320714191,0.9948086168012027,0.7419666783369199,0.8845697599362794,3.862529013124262,1.7695706271237464,1.647155561255094,2.477197515459147,0.9215607167713636,FAR
189,218,203,train,30,False,0.8817447534609958,0.939012648190106,0.9891986137129403,0.7141786561299874,0.8530582610201422,3.862529013124262,1.7151745381692551,1.59499758025133,2.5115864133549763,0.9084630144911934,FAR
190,219,204,train,30,False,0.9247444345373864,0.9616363317478112,0.982757475984922,0.7303011394978145,0.8718766233937586,3.862529013124262,1.7362446596262933,1.6188790276846807,2.491268877507586,0.9066594039860049,FAR
191,220,205,train,30,False,0.924453088986054,0.9614848355465905,0.9800846803081111,0.7300689192893286,0.8716663328665673,3.862529013124262,1.7390814154359184,1.6196710482435994,2.4966907466019337,0.9065835472808443,FAR
192,221,206,train,30,False,0.9331690717453129,0.9660067658900288,0.9795191881950573,0.7351711580568955,0.8776919684556787,3.862529013124262,1.755869608095569,1.6346683007661358,2.5017141999158103,0.9085774545761266,FAR
193,222,207,train,30,False,0.8634297256910372,0.9292091937185282,0.98358255278978,0.7031633076953226,0.8413458579436972,3.862529013124262,1.6985522070130956,1.5800833479292706,2.5317265394045996,0.9054428901814696,FAR
194,223,208,train,30,False,0.8566314312782762,0.9255438570258442,0.9937067524453119,0.6981826816820781,0.835746870077454,3.862529013124262,1.6835837656497517,1.5669562176756928,2.526115318816655,0.902979219983216,FAR
195,224,209,train,30,False,0.8275120619922448,0.9096768997793914,0.9965511021464784,0.6811276654737998,0.8173680656607305,3.862529013124262,1.6518109565264516,1.5363890594833276,2.5449457201284753,0.8985256917691908,FAR
196,225,210,train,30,False,0.7960988376083998,0.892243709761184,1.041888934393686,0.6601594037234498,0.794796431225158,3.862529013124262,1.6128351708025639,1.497869528171052,2.5631480229482215,0.8907840117336232,FAR
197,226,211,train,30,False,0.8834763488426314,0.9399342258065888,1.0238494140354877,0.6941768941882577,0.8278145415664023,3.862529013124262,1.6491473793325637,1.5359810112157637,2.522554149601987,0.8807153935223787,FAR
198,227,212,train,30,False,0.9015326546486357,0.9494907343669214,1.021101074527162,0.705024834976497,0.8405968818538035,3.862529013124262,1.6760398806122099,1.5633224268352208,2.5251679323271845,0.8853134121569669,FAR
199,228,213,train,30,False,0.7986615308008208,0.8936786507469118,1.0828312382352552,0.6743705100221542,0.8041038819743856,3.0639934351468687,1.5987928037451338,1.4896493369505464,2.5187725449464287,0.8997684808765858,FAR
200,229,214,train,30,False,0.7756660466366619,0.880719050910483,1.0774441580206513,0.6623353207184568,0.7895126955476245,3.0639934351468687,1.5684204011097334,1.4604348113220234,2.522144462333776,0.8964410327350478,FAR
201,230,215,train,30,False,0.7682334963313326,0.8764893018921182,1.0486191680716932,0.655334033373168,0.7848512707362455,3.0639934351468687,1.5739107499328688,1.463609599583091,2.5573611421098676,0.8954487739233675,FAR
202,231,216,train,30,False,0.8075141669959783,0.8986179204734225,1.0260963688152147,0.6698039322050989,0.801176105143714,3.0639934351468687,1.594584996515298,1.484792565875608,2.5473424757504106,0.8915647984425095,FAR
203,232,217,train,30,False,0.8487534418547861,0.9212781566143778,1.0451501978542017,0.6884476722201957,0.8256170987632862,3.0639934351468687,1.648291624718504,1.5375055274595406,2.5526761738149144,0.8961648475389471,FAR
204,233,218,train,30,False,0.8545271612127663,0.9244063831523267,1.0619405333242968,0.6911070258714958,0.8292623107318577,3.0639934351468687,1.6550105896424927,1.5448398606052491,2.553766400288931,0.8970754917377168,FAR
205,234,219,train,30,False,0.8527292287222679,0.9234333916002105,1.064439262288202,0.6928770511377687,0.8283423079051005,3.0639934351468687,1.6449460503626985,1.5366124408520063,2.535878279191208,0.8970244258437229,FAR
206,235,220,train,30,False,0.8577571966617622,0.9261518216047314,1.0695969510119727,0.6964280382159892,0.8317533517254997,3.0639934351468687,1.645921913824619,1.5373482438296913,2.5264500076040575,0.8980745190182008,FAR
207,236,221,train,30,False,0.9326747664934003,0.9657508822120746,1.0563498739367407,0.7245226374266092,0.8671010517703802,3.0639934351468687,1.7067477649797138,1.5977007367485194,2.525100152974185,0.8978516797046722,FAR
208,237,222,train,30,False,0.9212814599202849,0.9598340793701196,1.067876060935973,0.7182298421909473,0.8604247684008324,3.0639934351468687,1.6996419527671383,1.5878864327632387,2.5387983301282313,0.8964307341175848,FAR
209,238,223,train,30,False,0.9330746749019528,0.9659579053467873,1.0696785028466542,0.7257108591462867,0.86936607504147,3.0639934351468687,1.7145761936678134,1.6018382940595342,2.5223821202159855,0.9000040997949699,FAR
210,239,224,train,30,False,0.9904510459801477,0.9952140704291452,1.056970943143268,0.7544492645980464,0.9032187673686853,3.0639934351468687,1.776144333736576,1.6631965276590603,2.4966349538578876,0.9075622966013828,FAR
211,240,225,train,30,False,0.8942268078716169,0.9456356633881872,1.093839716304908,0.7206587778433812,0.8641265200315086,2.942585552468958,1.7161238527559914,1.601644237821022,2.5068860010061993,0.9138049182021821,FAR
212,241,226,train,30,False,0.8650077351751952,0.9300579203335646,1.022163707467156,0.7075334680465579,0.8515448951842781,2.942585552468958,1.7057248245003216,1.589709190407596,2.5232318079859932,0.9155826498191341,FAR
213,242,227,train,30,False,0.8919227237769825,0.9444166049879589,1.0238524180213349,0.7123447575594724,0.8622095631717281,3.1695215456295123,1.7255223571787404,1.6090234472984535,2.5290592589029943,0.9129546840006283,FAR
214,243,228,train,30,False,0.8939777475198654,0.9455039648356137,1.0269548048851973,0.7151405022848826,0.8634597004900394,3.1695215456295123,1.7267556201983945,1.6097493190127175,2.5202983115585083,0.9132269483821376,FAR
215,244,229,train,30,False,0.9021100616748586,0.9497947471295357,1.0301145735269626,0.7199680404198634,0.8692334527169656,3.1695215456295123,1.7258634736080873,1.6133851905097625,2.5028339120753054,0.9151803116872966,FAR
216,245,230,train,30,False,0.8959801631628281,0.9465622869958575,1.0296756922210821,0.7163231997854218,0.864848468635769,3.1695215456295123,1.7126092622707398,1.6017108057957385,2.4974151697563647,0.9136730678131845,FAR
217,246,231,train,30,False,0.9019535422590884,0.9497123471131079,1.03081712147063,0.7220790006454845,0.8693491315767482,3.1695215456295123,1.7231842406156554,1.610312620094723,2.491519092882007,0.9153815196984181,FAR
218,247,232,train,30,False,0.945464894634259,0.9723501913581645,1.0315723490450066,0.7467200134381697,0.8936996258524305,3.1695215456295123,1.7455599299856275,1.6350943647798089,2.4375344013485365,0.9191129222735319,FAR
219,248,233,train,30,False,0.9575128533072073,0.9785258572501839,1.0321196355595885,0.7589012381921016,0.9092164261099901,3.1695215456295123,1.7789657158575929,1.6658787236507144,2.427597157919039,0.9291695455703495,FAR
220,249,234,train,30,False,0.9019746224654823,0.9497234452541868,1.0366554853940078,0.7347979849867928,0.8818299091842179,3.1695215456295123,1.7425522894811611,1.6271349602337215,2.4629435175944745,0.9285123091261607,FAR
221,250,235,train,30,False,0.8909291344756599,0.9438904250365399,1.0418294420851861,0.7259381232386433,0.8714995177541642,3.1695215456295123,1.7248845528998555,1.6097685817087088,2.463924209435051,0.9233058145710364,FAR
222,251,236,train,30,False,0.8957506421611362,0.9464410399814329,1.0424808062247204,0.7288180901250098,0.874316224028308,3.1695215456295123,1.7158240981991475,1.6025106601317392,2.44122411487023,0.923793651261636,FAR
223,252,237,train,30,False,0.9373791308990079,0.968183418004568,1.0462758391635847,0.7539467598427521,0.9002369189768326,3.1695215456295123,1.7527618237482288,1.6384919904030615,2.405615204741559,0.929820633400463,FAR
224,253,238,train,30,False,0.9362402056376015,0.967595062842717,1.0374750432205626,0.7537249505633216,0.8991120373136531,3.1695215456295123,1.7504760034921145,1.635594112746436,2.4014878092529464,0.9292234653121666,FAR
225,254,239,train,30,False,0.952601511882834,0.9760130695246012,1.0265573763766433,0.7648997791113551,0.9109087565644411,3.1695215456295123,1.762747693399659,1.6501649283083155,2.3747773954807374,0.9332956545429548,FAR
226,255,240,train,30,False,0.9899748713336293,0.994974809396514,1.0430244020761947,0.7892904862832353,0.9362500338684581,3.1695215456295123,1.7901089504072583,1.6793224349675495,2.3380692243868344,0.9409786308422476,FAR
227,256,241,train,30,False,0.9192910485364801,0.9587966669406398,1.049023746532704,0.7683909915887915,0.9119399403522102,3.1695215456295123,1.746665500054887,1.6358919736301272,2.3322932117197297,0.9511296521942013,FAR
228,257,242,train,30,False,0.9015737965574242,0.9495123993700262,1.0405707294418909,0.7563615789002557,0.8994839528366736,3.1695215456295123,1.7233581431225298,1.6127171311940116,2.3449889029939133,0.9473114341987056,FAR
229,258,243,train,30,False,0.9032684056352989,0.9504043379716335,1.0195952276058988,0.7559295032050682,0.9004505686730044,3.1695215456295123,1.7442994607255806,1.6288234440486642,2.3764425050128493,0.9474394557107756,FAR
230,259,244,train,30,False,0.8996603877098441,0.948504289768815,1.017122829365375,0.7543760360726578,0.8969595651240134,3.1695215456295123,1.7332418125896933,1.6173190437761302,2.3600229584474817,0.945656835503227,FAR
231,260,245,train,30,False,0.912663532405772,0.955334251665757,1.0136646001990277,0.7648175942857429,0.9046719464246012,3.1695215456295123,1.7305668952679334,1.6158172234731503,2.320194559808695,0.9469690266492392,FAR
232,261,246,train,30,False,0.9261498611404767,0.9623668017655621,1.0295845519322537,0.7699881049279774,0.9091236341043543,3.1695215456295123,1.7253943777002698,1.6118028965797946,2.3093231107292738,0.9446747668731635,FAR
233,262,247,train,30,False,0.9644475354166,0.9820628978922887,1.000743923103607,0.7838453761336338,0.9226709830507319,3.1695215456295123,1.732948224517485,1.6207776637508038,2.2867646349124913,0.9395233085691108,FAR
234,263,248,train,30,False,1.0161862532341706,1.0080606396612113,0.9756792180933924,0.8057602933224557,0.9446599197111778,3.1695215456295123,1.7684422480858932,1.6537048422291056,2.2762382624870137,0.9371062439543903,FAR
235,264,249,train,30,False,1.0102883068469715,1.0051309898948353,0.9839762140894527,0.7997926587896794,0.9414369623218889,3.1695215456295123,1.7737973766351733,1.6595884785261985,2.3040047491469173,0.9366311175226919,FAR
236,265,250,train,30,False,1.000916751741623,1.0004582708647187,0.9721083435452617,0.7926685347289081,0.9346031041585569,3.1695215456295123,1.7756071311085222,1.6577100563678193,2.334848385340661,0.9341749989739785,FAR
237,266,251,train,30,False,0.9247240067944129,0.9616257103439014,0.9659948710990628,0.7636617615356563,0.8980071515897929,3.1695215456295123,1.7142707152769778,1.595191199329722,2.339843684243571,0.9338427019267643,FAR
238,267,252,train,30,False,0.9097449494483207,0.9538055092356726,0.9650887222619705,0.7530025938935245,0.884344809939687,3.1695215456295123,1.6830562224794723,1.5670239902282082,2.335660727855181,0.9271751959666834,FAR
239,268,253,train,30,False,0.9453043555812474,0.9722676357779515,0.9562602090309666,0.7680112781706966,0.9013091402888378,3.1695215456295123,1.7057436215298607,1.591337490055104,2.3165687807517004,0.9270175280160006,FAR
240,269,254,train,30,False,0.9416378341919504,0.9703802523711776,0.9529691731482286,0.7663872533581936,0.8999355285236911,3.1695215456295123,1.6929618383106186,1.5796836237195604,2.308369338768365,0.9274050315066172,FAR
241,270,255,train,30,False,1.0799383343502873,1.0392008152182557,0.9310174220827553,0.8111589602746182,0.9496705212679613,3.2985958004167824,1.7608023981335341,1.6493425562437285,2.2909991186012637,0.9138469748683838,FAR
242,271,256,train,30,False,1.1718656952937485,1.0825274570622903,0.9792113784801187,0.8408750824806079,0.9814035127357198,3.5375562027881307,1.8152629733438286,1.70458990945547,2.282744832518603,0.9065853307767402,FAR
243,272,257,train,30,False,1.1531581572225382,1.0738520183072424,0.9797492248394094,0.8413933263043345,0.9742912607764226,3.5375562027881307,1.7812411436734417,1.6757356186769328,2.2493619818392534,0.9072863338397765,FAR
244,273,258,train,30,False,1.1549971216561405,1.074707923882643,0.9712790833078947,0.8414100104086445,0.9753644578450494,3.5375562027881307,1.780549867883579,1.672897973689564,2.2483480586934923,0.9075623582650334,FAR
245,274,259,train,30,False,1.1444793269862126,1.0698034057649155,0.9701439415439513,0.8335573744388873,0.9675593767686129,3.5375562027881307,1.779837302358344,1.6667002230012786,2.277656374732905,0.9044272728565511,FAR
246,275,260,train,30,False,1.1415976572726134,1.0684557348213417,0.9725826636247957,0.8314983027281339,0.9651458668218904,3.5375562027881307,1.783715287516682,1.667773426646213,2.299218818753419,0.9033091735740219,FAR
247,276,261,train,30,False,1.1398933306062466,1.0676578715142069,0.9735168026999319,0.8274319666953206,0.9639510190643226,3.5375562027881307,1.7814851069895083,1.6673525885888487,2.3128469947792127,0.9028650888858226,FAR
248,277,262,train,30,False,1.101571939947346,1.0495579736000036,0.9880999259810879,0.8075679475629493,0.943971093184039,3.5375562027881307,1.7601185844394116,1.6459180306720083,2.338745861386817,0.8993987153908235,FAR
249,278,263,train,30,False,1.09643950576217,1.0471100733744136,0.9913897776198796,0.8059644208526308,0.9393148182203241,3.5375562027881307,1.743224509212736,1.631220383618807,2.3106420388002538,0.8970545142339154,FAR
250,279,264,train,30,False,1.090116951267221,1.0440866588876716,0.9904699235527008,0.8021912677125406,0.933119114777716,3.5375562027881307,1.7189308227980058,1.6098316878325665,2.277522229026809,0.893718071038111,FAR
251,280,265,train,30,False,1.1163750134278438,1.0565864912196463,1.0003209583428214,0.817247636023393,0.9526419129924341,3.5375562027881307,1.755538509329554,1.6478033161443784,2.284590565192312,0.9016222722029824,FAR
252,281,266,train,30,False,1.1148647339890212,1.0558715518418995,1.0049130851632084,0.8179282283430399,0.95178896903659,3.5375562027881307,1.7559133143775105,1.6474138696885066,2.2832226023280087,0.901424957776593,FAR
253,282,267,train,30,False,1.1144572469122158,1.0556785717784631,1.0072053864316028,0.815111998942449,0.9516176462374878,3.5375562027881307,1.768032275293642,1.6596725182895165,2.300961777592254,0.9014274530876686,FAR
254,283,268,train,30,False,1.1180978992147605,1.0574014844016253,1.0114515647247655,0.8167711898051001,0.9549889993817039,3.5375562027881307,1.7758348449383914,1.6652268618677712,2.309576160693479,0.9031470198116132,FAR
255,284,269,train,30,False,1.1367614009397597,1.066190133578322,1.0445925386871122,0.825176927696431,0.9642363292446046,3.5375562027881307,1.7903370961331504,1.6757408855843623,2.306587817288585,0.9043755882531548,FAR
256,285,270,train,30,False,1.1167815672830452,1.0567788639460223,1.0368591122311424,0.8143244472149413,0.9538486059524551,3.5375562027881307,1.7867422067505534,1.6694583529123617,2.325734057979148,0.9026000031745293,FAR
257,286,271,train,30,False,1.1373618312833575,1.0664716739245153,1.0373342461527044,0.817780952716568,0.9623103904710607,3.5375562027881307,1.8092532167721622,1.6903990720440445,2.3409304428092486,0.902330942302339,FAR
258,287,272,train,30,False,1.144910057418869,1.0700046997181223,1.0364885226168143,0.8237628782620477,0.9684349782590593,3.5375562027881307,1.820223938089966,1.69912297804111,2.331628981650556,0.9050754436070981,FAR
259,288,273,train,30,False,1.1291710685780774,1.062624613199825,1.041916524454253,0.817269708451436,0.9576427924074853,3.5375562027881307,1.7854843102542246,1.6683884686205837,2.302771060911802,0.9012051673862386,FAR
260,289,274,train,30,False,1.1645439826396307,1.0791403906070935,1.0468106993221267,0.8365125376022876,0.9798289027733892,3.5375562027881307,1.8315404780889977,1.7132300912786513,2.3053452966208385,0.9079716701384566,FAR
261,290,275,train,30,False,1.1512431454732783,1.072959992484938,1.0476066611085166,0.8269877519648735,0.9719109997380576,3.5375562027881307,1.8252741253399223,1.7087123974560166,2.324817055566606,0.9058222175527212,FAR
262,291,276,train,30,False,1.0805809694887576,1.0395099660362845,1.0754048054073104,0.7958924761391996,0.9397778481030328,3.5375562027881307,1.7895541656208038,1.6726942117326358,2.358267653790599,0.9040585264290092,FAR
263,292,277,train,30,False,1.025862133546108,1.012848524482367,1.0552736220694225,0.7776183289018899,0.9187534837698716,3.5375562027881307,1.764204192431997,1.646511377768759,2.3740191004008335,0.9070986051338878,FAR
264,293,278,train,30,False,0.9679544523320894,0.9838467626272343,1.0389262846602,0.7512198790109476,0.8928498156684631,3.5375562027881307,1.7285455338852402,1.6114034860711366,2.4022458395226987,0.907509024356826,FAR
265,294,279,train,30,False,0.9599859815274558,0.9797887433153414,1.0288401447124962,0.7497422994782785,0.8878134965867598,3.5375562027881307,1.7089012016160696,1.591202169119419,2.3767532093848485,0.9061274715023138,FAR
266,295,280,train,30,False,1.0254434796123078,1.0126418318498933,1.012370765734209,0.7768548685486454,0.9189690204380203,3.5375562027881307,1.756246859270475,1.6416879901859172,2.3552916227804435,0.9074966010037808,FAR
267,296,281,train,30,False,1.0322424007077855,1.015993307412891,1.0209098855088907,0.7785824782774219,0.9248303575702844,3.5375562027881307,1.7763508238486234,1.6607164458597874,2.389551964660205,0.9102720961078548,FAR
268,297,282,train,30,False,1.1082189907923408,1.0527198064026062,1.015998153345015,0.8168464591790319,0.9649973882479842,3.5375562027881307,1.8414817202295934,1.7227299694196747,2.36268825324695,0.9166706870896725,FAR
269,298,283,train,30,False,1.0774941628813006,1.0380241629563836,1.0174823415498861,0.8039631208764108,0.9509213612870209,3.5375562027881307,1.8198421923237977,1.7010992959087012,2.37444649772963,0.9160878862190585,FAR
270,299,284,train,30,False,1.0960677951127342,1.0469325647398375,1.0131354720932837,0.8128549311860749,0.9574954681492539,3.5375562027881307,1.8293965706087212,1.7098057802424917,2.3674390293849332,0.9145722469595654,FAR
271,300,285,train,30,False,0.9736172023228772,0.9867204276404118,1.0312694697836553,0.7772017517914704,0.917740837486807,3.5375562027881307,1.7762569148873708,1.6573715503866586,2.377794774432071,0.9300920623295914,FAR
272,301,286,train,30,False,0.8861736847361665,0.9413679858249729,1.0054298312112047,0.7498630448558289,0.8882366444911904,2.7684098576733858,1.717658853858039,1.6007009234080292,2.3753002598006714,0.9435594346378579,FAR
273,302,287,train,30,False,0.8487103379020877,0.9212547627568,0.9851543467219125,0.728623495590083,0.8672908236344252,2.7684098576733858,1.6865302874939105,1.5709327640094324,2.4025562705643115,0.9414234354014183,FAR
274,303,288,train,30,False,0.8353059556765899,0.9139507402899731,0.987653759830517,0.7209553356724302,0.858188740066406,2.7684098576733858,1.667733724876037,1.555571398502412,2.4018907206729376,0.9389879587975657,FAR
275,304,289,train,30,False,0.8816785247887148,0.9389773824692024,1.0047434584752792,0.7386307225945105,0.8831073314789558,2.7781612275156378,1.7190915658268782,1.6074721101684806,2.40577190535832,0.9404990449894259,FAR
276,305,290,train,30,False,0.8848843707990784,0.9406829278769113,1.0058458349844788,0.7393748111611874,0.8857752942132969,2.7781612275156378,1.7201823288292775,1.6091557390419107,2.402702404935955,0.9416300306549211,FAR
277,306,291,train,30,False,0.8848060497050177,0.9406412970442122,1.010710700212444,0.7407834204605507,0.885718901824247,2.7781612275156378,1.712969376791733,1.6039770371320579,2.3834081780696326,0.9416117542441008,FAR
278,307,292,train,30,False,0.8911102738050581,0.94398637373908,1.0096442466424234,0.7446288167830771,0.8900693150671891,2.7781612275156378,1.7112926821862764,1.6034380946820015,2.365902910065853,0.9428836472942631,FAR
279,308,293,train,30,False,0.8977635887857781,0.9475038727022588,1.0126896359002904,0.7494691019957612,0.8959159533703409,2.7781612275156378,1.721168785021947,1.6134587186364833,2.3662497414304595,0.9455538696799304,FAR
280,309,294,train,30,False,0.9347842792716187,0.9668424273228904,1.0404443916286739,0.7681546977027811,0.919788340574913,2.7781612275156378,1.7748688677041498,1.6619347932450066,2.378421081764057,0.9513322073812313,FAR
281,310,295,train,30,False,0.9231418792410371,0.9608027264954222,1.0078742663072426,0.7636640259977457,0.9130532846356679,2.7781612275156378,1.7701529149531758,1.6547699190150802,2.3868118902980364,0.9503025537469874,FAR
282,311,296,train,30,False,0.9060541692816138,0.9518687773436072,0.9797678731847662,0.753089879058573,0.9005916989303179,2.7781612275156378,1.7431981644880503,1.629138317324713,2.3755364980384455,0.9461300973056508,FAR
283,312,297,train,30,False,0.8616085719734907,0.928228728263401,0.9492612725129856,0.7282089503852518,0.8701534107046666,2.7781612275156378,1.6802447457911678,1.5679203213035284,2.3677025734107393,0.9374342596922356,FAR
284,313,298,train,30,False,0.9033827150583323,0.9504644733278211,0.9568229279437607,0.7491997307661339,0.8926588271275488,2.7781612275156378,1.708976514211313,1.6004407076167468,2.3465906944539205,0.9391816866148825,FAR
285,314,299,train,30,False,1.0376539561884761,1.0186530106903313,0.9818411580125547,0.7843957740255035,0.931466552393465,3.8764338051447345,1.7719552741146747,1.6623381065381742,2.343144081176114,0.9144100519196613,FAR
286,315,300,train,30,False,1.0494289102331678,1.0244163754222049,0.9891938341421773,0.7898711653568931,0.9379819880326351,3.8764338051447345,1.7932458441376569,1.6831734617920828,2.3544196976754423,0.9156257265470337,FAR
287,316,301,train,30,False,1.0155539413863992,1.0077469629755276,0.9881483767782101,0.7795357698193531,0.9227938051714858,3.8764338051447345,1.7679484423115104,1.6590446748451257,2.349713687489581,0.9156999118576309,FAR
288,317,302,train,30,False,1.009199123167224,1.004589031976372,0.9773707100983449,0.7739023416434445,0.9177723823170546,3.8764338051447345,1.7581949937293306,1.652713900605576,2.3596273517866666,0.9135799347833622,FAR
289,318,303,train,30,False,1.0106995107018266,1.005335521456308,0.9649066330424573,0.7731685559910478,0.9190515099251807,3.8764338051447345,1.7715428310087065,1.662534276176954,2.3909574870955046,0.9141739153848479,FAR
290,319,304,train,30,False,0.9949351160979961,0.9974643432714756,0.9558121524821721,0.7632577219216254,0.9112727401518915,3.8764338051447345,1.7677047329775928,1.6577095787547549,2.418862678841058,0.9135892889796005,FAR
291,320,305,train,30,False,1.0292858855576905,1.0145372765737544,0.9548250764925975,0.7804209665324267,0.928741797047442,3.8764338051447345,1.8030246997358337,1.6884502413247067,2.4131808649083664,0.9154338815267028,FAR
292,321,306,train,30,False,1.107565964335911,1.0524095991275977,0.9706198262374851,0.8117900169939757,0.9632307261608744,3.8764338051447345,1.8500645238129612,1.7351878209071379,2.387262790726339,0.9152622011043525,FAR
293,322,307,train,30,False,1.13243400098635,1.0641588231962136,0.9803090736033551,0.8248086850861734,0.9740582858828726,3.8764338051447345,1.8466600773570503,1.735283349501517,2.356813666013333,0.9153316823115529,FAR
294,323,308,train,30,False,1.1418059164680672,1.068553188413224,0.9946107627224237,0.8332254799735399,0.9798051201852124,3.8764338051447345,1.8450445498928523,1.7354034922637642,2.326023677414574,0.9169455772624661,FAR
295,324,309,train,30,False,1.1328550608749386,1.0643566417676635,0.9975698446496547,0.8260099097299274,0.972401646548114,3.8764338051447345,1.8399141884181103,1.7310906451306813,2.353456845656946,0.9136050909901474,FAR
296,325,310,train,30,False,1.0623766088909146,1.0307165511870442,1.01542637668825,0.794645282945582,0.9363159921690057,3.8764338051447345,1.7784419021405704,1.670709023280691,2.368419182362343,0.9084126873587891,FAR
297,326,311,train,30,False,1.071942671585336,1.0353466431999168,1.0100254106267803,0.804130810277171,0.9425925359201158,3.8764338051447345,1.7763350604452068,1.6689848745580207,2.3232776369849586,0.9104125097724484,FAR
298,327,312,train,30,False,1.0000726303321288,1.0000363145066926,1.04484545048302,0.7707085534855124,0.9073483070155568,3.8764338051447345,1.7167608888616546,1.6139883566082298,2.332048727533929,0.9073153583059053,FAR
299,328,313,train,30,False,0.9810855861776884,0.9904976457204169,1.0467680400969026,0.7594180618076807,0.8931073066661293,3.8764338051447345,1.6906447287473958,1.5887420621454178,2.34325844209706,0.9016753452417821,FAR
300,329,314,train,30,False,0.9509428989946418,0.9751630114984068,1.1079195698504258,0.7474237182402906,0.881884345534841,3.8764338051447345,1.673038866510005,1.5716831983619952,2.3488461877706834,0.9043455659580067,FAR
301,330,315,train,30,False,1.026030916478557,1.0129318419708984,1.070074564389172,0.7695184504542323,0.9095237442659528,3.8764338051447345,1.7400192579890301,1.634724822825344,2.363430524023171,0.8979120870524313,FAR
302,331,316,train,30,False,1.0563843597345668,1.0278056040587475,1.0248520800834016,0.7833719454244049,0.9219115226893236,3.8764338051447345,1.757046224203843,1.6505742437918134,2.3554248910088593,0.8969707102673365,FAR
303,332,317,train,30,False,1.0779586729732604,1.0382478860914,1.023045625773466,0.7970462922608522,0.9356361090610922,3.8764338051447345,1.7710903903946067,1.664115053477854,2.32598295365159,0.9011683255945733,FAR
304,333,318,train,30,False,1.0943355065292417,1.0461049213770297,1.0177476095724018,0.8081897060002567,0.94639378351947,3.8764338051447345,1.7816656391290902,1.673174411160103,2.3065659829521308,0.9046834253238136,FAR
305,334,319,train,30,False,1.0862125900923842,1.0422152321341231,1.0092293423648464,0.812934543927108,0.9431594836559877,3.8764338051447345,1.7470692740590184,1.642961771979395,2.2642836663959818,0.9049565335220624,FAR
306,335,320,train,30,False,1.1126254759126681,1.0548106350964936,1.0104720678561623,0.829111661979138,0.9583597797544955,3.8764338051447345,1.7675831140022973,1.662613012103619,2.229910979845406,0.9085609756549574,FAR
307,336,321,train,30,False,1.109093419779875,1.0531350434677762,1.0119461783826222,0.8267355632619058,0.9556553686138844,3.8764338051447345,1.768691290922992,1.6623922727040379,2.242329302480164,0.9074385802100845,FAR
308,337,322,train,30,False,1.101431668316067,1.0494911473262016,1.0224224565567392,0.8207538506870915,0.9502501159480585,3.8764338051447345,1.777209658424183,1.6675106097947991,2.285549114599867,0.9054389056725439,FAR
309,338,323,train,30,False,1.1295587417703594,1.0628070105952254,1.0208936151410097,0.8348895043548943,0.9659999349672103,3.8764338051447345,1.8071861996976064,1.6928573807566671,2.2871150125104536,0.9089137777009973,FAR
310,339,324,train,30,False,1.1103460839816697,1.053729606674155,1.034146786099313,0.8268935044767034,0.9562726329941218,3.8764338051447345,1.7842762788543487,1.6728499890806574,2.2844576946277986,0.9075123513064867,FAR
311,340,325,train,30,False,1.1301959662637875,1.0631067520544621,1.030239354143187,0.8361064893321355,0.967009885068843,3.8764338051447345,1.7904330779010282,1.683044389140425,2.266083400067374,0.9096075094999526,FAR
312,341,326,train,30,False,1.1502714394849218,1.0725070813215742,1.0340609588150425,0.8465269742402491,0.9811359510061549,3.8764338051447345,1.8280683170266885,1.7191312580901612,2.291672710208252,0.9148060354036738,FAR
313,342,327,train,30,False,1.2548307639120009,1.120192288811167,1.05205243179761,0.8889974411565891,1.0317550312607273,3.8764338051447345,1.9144241957223394,1.8041730277872858,2.2864701603978914,0.9210517172508873,FAR
314,343,328,train,30,False,1.223260252484817,1.1060109639984665,1.0685989214221556,0.8744808501136344,1.0165394160766246,3.8764338051447345,1.9020916443327849,1.786898139511717,2.308070736165145,0.9191042848269938,FAR
315,344,329,train,30,False,1.0807959197821593,1.0396133510984549,1.0376587334449006,0.8343043794491838,0.9739787096592221,3.713817873147021,1.8484627913810159,1.7367372669039416,2.3342110280151642,0.9368662961379985,FAR
316,345,330,train,30,False,1.078691983898149,1.0386009743391102,1.0383136676891471,0.833228467581468,0.9729110872286675,3.713817873147021,1.8397663117286431,1.7291720012075835,2.3268710910613373,0.9367515641392085,FAR
317,346,331,train,30,False,1.0691333382673878,1.033989041657303,1.031914415823775,0.8278569144555774,0.9669178604669598,3.713817873147021,1.8228453133307398,1.7130493669021691,2.3167295694487615,0.9351335667128156,FAR
318,347,332,train,30,False,1.1289050188841887,1.062499420651225,1.0398126186745975,0.8560135415969349,0.9966856407774193,3.713817873147021,1.8696542611497107,1.755125759097758,2.292087555104802,0.9380575851669949,FAR
319,348,333,train,30,False,1.1554596740820269,1.0749231014737877,1.059792312230741,0.8697437240791339,1.0124514053119011,3.713817873147021,1.8913119390141981,1.7791444380225312,2.267109267012361,0.94188263692888,FAR
320,349,334,train,30,False,1.1519786902354203,1.0733027020535355,1.0851277497244234,0.8683558036452959,1.0104427228327126,3.713817873147021,1.8758159472999438,1.7661783510381812,2.250082244399023,0.9414331305599495,FAR
321,350,335,train,30,False,1.155878718512488,1.0751180021339461,1.0601505234432629,0.8687938234265409,1.0119802401165217,3.713817873147021,1.8789345798596533,1.7714412876258723,2.2520155104942083,0.9412736444817168,FAR
322,351,336,train,30,False,1.099271967122061,1.048461714666807,1.0150276258676558,0.847159267729801,0.9907620248415893,3.713817873147021,1.8657597203636367,1.754284638768817,2.2876172098044347,0.9449672896796674,FAR
323,352,337,train,30,False,1.0835550118077573,1.040939485180458,0.9925214315017905,0.8367783292512192,0.9842869752672769,3.713817873147021,1.8676577092416418,1.7557380006174532,2.3088442623370344,0.945575597121902,FAR
324,353,338,train,30,False,1.1079076073653848,1.0525719012805657,0.9801173850406799,0.8424068945307798,0.9956456639605842,3.713817873147021,1.8908566658655899,1.7783483693379565,2.3216244742272085,0.9459170083766015,FAR
325,354,339,train,30,False,1.1253541823327864,1.0608271217935494,0.9857957714596066,0.8523998748498126,1.008388061096555,3.713817873147021,1.9209560527028757,1.8045783731199283,2.321890680551122,0.9505677601753476,FAR
326,355,340,train,30,False,1.1634922262497487,1.0786529684053852,0.9880784770374926,0.8696798992191821,1.0323731729992995,3.713817873147021,1.972149335540707,1.8525111457223795,2.3294372510443306,0.9570948240428959,FAR
327,356,341,train,30,False,1.1465244921205795,1.0707588393847511,0.9892024280014431,0.8581197544403396,1.0196109326094795,3.713817873147021,1.9477688591340412,1.8302826150786753,2.3266181311099854,0.9522320947593944,FAR
328,357,342,train,30,False,1.1512867296870688,1.072980302562479,0.9836393768795461,0.8604336553872165,1.0238992199618475,3.713817873147021,1.9658390186863879,1.8454663174179926,2.353648707311159,0.9542572380094803,FAR
329,358,343,train,30,False,1.1492953076309431,1.0720519146155858,0.9780980935852949,0.8592596291335236,1.0215126829925336,3.713817873147021,1.957208640344396,1.8371923542910893,2.337655321388852,0.9528574773907527,FAR
330,359,344,train,30,False,1.2012744829739712,1.0960266798641223,0.9963929448075985,0.8748208962125463,1.0395054156575034,3.713817873147021,1.9823383705868127,1.8621384299326746,2.332504584600443,0.948430758808147,FAR
331,360,345,train,30,False,1.1441737855651153,1.069660593630108,1.0006370767549513,0.8558054100108011,1.020272434679923,3.127362624485175,1.9393589911402775,1.8230930213580574,2.337034414195793,0.9538281963042347,FAR
332,361,346,train,30,False,1.119163795467535,1.0579053811506656,0.9962887669615533,0.8425099484460962,1.0103664133807089,3.127362624485175,1.9283962699798656,1.812815935351595,2.350471116350083,0.9550631194273259,FAR
333,362,347,train,30,False,1.15548494976121,1.0749348583803626,1.0195149925962708,0.8540159337666305,1.025302527380203,3.127362624485175,1.9683511244802772,1.8485953127355137,2.3652616098294623,0.9538275918645506,FAR
334,363,348,train,30,False,1.1545132237968334,1.0744827703582935,1.0170063530284752,0.853410492006074,1.0247712776969384,3.127362624485175,1.9711387359214572,1.8508318593084192,2.370064872123215,0.9537344906472736,FAR
335,364,349,train,30,False,1.160020494685788,1.077042475803897,1.0193095708196886,0.8520716457811903,1.0269910077437328,3.127362624485175,1.9956511174881042,1.872288761018353,2.394378103898417,0.9535287890825233,FAR
336,365,350,train,30,False,1.1375858123830984,1.066576679092084,0.9994749013342944,0.8403011583873958,1.014696980801607,3.127362624485175,1.9802157405313043,1.858015697466496,2.4129728113866324,0.9513586793078588,FAR
337,366,351,train,30,False,1.1509082763585394,1.0728039319272369,1.0049621533209019,0.849352939516727,1.0236222859508128,3.127362624485175,1.9890275262927177,1.8669494480451523,2.394742854027227,0.9541559790072062,FAR
338,367,352,train,30,False,1.2136410756615286,1.1016537911982731,1.0054958711001092,0.8766498122349138,1.052987825308018,3.127362624485175,2.0312639313501686,1.9134102462330644,2.357204966255513,0.9558246281371928,FAR
339,368,353,train,30,False,1.2255897791270722,1.107063584048844,0.9983538908583763,0.8788836404498394,1.057951418630689,3.127362624485175,2.056178392087485,1.9427650581476328,2.376104005697343,0.9556374483581711,FAR
340,369,354,train,30,False,1.219476401430709,1.104299054346561,0.9971320179196859,0.8747018522052012,1.0540481228218057,3.127362624485175,2.0545788111276213,1.9436983237155898,2.392455978226734,0.9544951783423469,FAR
341,370,355,train,30,False,1.190519485610738,1.091109291322706,0.9903278544916613,0.8585828418981145,1.036409106002614,3.127362624485175,2.032453886947323,1.9198089199887352,2.414111214019832,0.9498673636499041,FAR
342,371,356,train,30,False,1.1963109615744911,1.093760010959667,0.9868001007849568,0.8618766003302208,1.0394025049137599,3.127362624485175,2.037585412352389,1.9241759435551065,2.4105608938396044,0.9503021636362315,FAR
343,372,357,train,30,False,1.1078465483636974,1.0525428962107424,0.9894688553676777,0.8321309801838574,1.0045583309833557,2.862291906787197,1.9879860887578247,1.873910040728096,2.42942578093795,0.954410822209588,FAR
344,373,358,train,30,False,1.0940781175046668,1.0459818915758852,1.0009810673382686,0.8238268993696115,0.9939744942846311,2.862291906787197,1.962998506057338,1.8517483645915123,2.4193613979951945,0.95027887412764,FAR
345,374,359,train,30,False,1.1167454010833615,1.0567617522806934,0.9964939621546366,0.8322088651837054,1.003584199815647,2.862291906787197,1.9809646981123972,1.8678392969536897,2.4153399434201472,0.9496787687950675,FAR
346,375,360,train,30,False,1.1216788788265601,1.0590934230871987,1.0162313256039144,0.8343912238377815,1.0060359840713948,2.862291906787197,1.9791420747565733,1.8672374530182778,2.407782062809557,0.9499029661980672,FAR
347,376,361,train,30,False,1.1363173986111073,1.0659818941291204,1.039052528410149,0.8401027050785294,1.014765061666027,2.862291906787197,1.9997984045291568,1.8867186381928163,2.4217136209179886,0.9519533748695271,FAR
348,377,362,train,30,False,1.0835626974328152,1.0409431768510782,1.100752804847758,0.8174514417809892,0.9904817297954053,2.862291906787197,1.9647461146095992,1.8533292825358578,2.440395844990344,0.9515233413524817,FAR
349,378,363,train,30,False,1.0764975598432798,1.0375440038105757,1.100431038675216,0.8149276442207797,0.9870422197131491,2.862291906787197,1.9567500312343415,1.8441823334525802,2.438167714993521,0.9513256460333738,FAR
350,379,364,train,30,False,1.0650049396637595,1.0319907652996512,1.0871933903839275,0.8090286956895121,0.9790162496734272,2.862291906787197,1.9429744600369152,1.8302507063558409,2.442262993817116,0.9486676456733194,FAR
351,380,365,train,30,False,1.0267236627350382,1.0132737353425472,1.0796021629351578,0.7918020841678766,0.9599885339371707,2.862291906787197,1.9088051438184899,1.7964288490840132,2.45174159473373,0.9474128268139084,FAR
352,381,366,train,30,False,1.0078150587691623,1.0038999246783329,1.0734892431822176,0.7851184319800184,0.948846325849037,2.862291906787197,1.8739018317591196,1.7675440635851318,2.426436643685808,0.9451602719793649,FAR
353,382,367,train,30,False,0.9797760623534483,0.989836381607308,1.063276420929134,0.7732684584760757,0.9328541375133008,2.862291906787197,1.8503145261997567,1.741468896218448,2.432947484067695,0.9424326634655732,FAR
354,383,368,train,30,False,0.9421085610284543,0.9706227696836986,1.0545636544317891,0.7584305534500199,0.912875104133543,2.862291906787197,1.821942373429846,1.7123496752985297,2.4425371894720262,0.9405045220925795,FAR
355,384,369,train,30,False,0.9278894296739261,0.9632701748076321,1.050008341171624,0.753518437480659,0.90312990755997,2.862291906787197,1.7840818982773026,1.6791072181686728,2.3994437001273856,0.9375665635451941,FAR
356,385,370,train,30,False,0.9278746088803081,0.9632624818191085,1.043217349915126,0.7549008028399756,0.9031234900550573,2.862291906787197,1.7787555673995168,1.6756158933828977,2.3894176288239777,0.937567389056325,FAR
357,386,371,train,30,False,0.9808245563607105,0.9903658699494398,1.0292595329276728,0.7790489061113941,0.9322226983679248,2.862291906787197,1.837483567860968,1.7336066809481605,2.4002353721421312,0.9412912204007159,FAR
358,387,372,train,30,False,0.9798348157827436,0.9898660595165103,1.0287060963053405,0.7796267153585178,0.9314079140744015,2.862291906787197,1.8229270849434487,1.7202845379062095,2.3677875585491757,0.940943378268104,FAR
359,388,373,train,30,False,1.0131423257829486,1.0065497135178911,1.0239402359743075,0.7993600583882784,0.9543575244577044,2.862291906787197,1.8605252933854421,1.7597600455837568,2.3544427899142213,0.9481474304157566,FAR
360,389,374,train,30,False,0.921448786814077,0.9599212399015229,0.9985730244235064,0.7623919262837192,0.9116718366659261,2.862291906787197,1.7999694428910138,1.6983618938773701,2.3866355363868115,0.9497360812220942,FAR
361,390,375,train,30,False,0.955631969413714,0.9775643044903563,0.9784048396869963,0.7746839297547968,0.9240433701076,2.944936755899321,1.8173194517626252,1.712972296344377,2.375196670361357,0.9452507276125851,FAR
362,391,376,train,30,False,0.9474850729947072,0.973388449178799,0.9728890385441348,0.7723661704883684,0.9201855949915575,2.944936755899321,1.8200801943145715,1.7113427539847956,2.3843832376858316,0.9453426283904168,FAR
363,392,377,train,30,False,0.903068177414269,0.9502989936931792,0.9497353487166461,0.7596243478694606,0.9008795103086408,2.944936755899321,1.7736250087614802,1.667913479982124,2.3644925541532507,0.9479958584482154,FAR
364,393,378,train,30,False,0.9024338074985483,0.9499651612025297,0.9315675836329144,0.7593824554746436,0.9005275982196959,2.944936755899321,1.7729523930734836,1.6693516602195346,2.364241687827068,0.9479585515322978,FAR
365,394,379,train,30,False,0.8567406585120876,0.9256028621995978,0.9220203666326933,0.7358477153958003,0.8747944122375774,2.944936755899321,1.7288626728332053,1.6254856081485396,2.3881011759118667,0.9451077216407051,FAR
366,395,380,train,30,False,0.8721794378837989,0.9339054758827571,0.9217418185935287,0.7447436087679815,0.8837465677252972,2.944936755899321,1.7370746136398807,1.6336633070200481,2.3686330969168616,0.9462912366906854,FAR
367,396,381,train,30,False,0.856954089476228,0.9257181479674188,0.9299333127806784,0.7340321310471415,0.8732036799042439,2.944936755899321,1.7210473446121481,1.618994397074921,2.3802087247413577,0.943271644637755,FAR
368,397,382,train,30,False,0.8002899640974489,0.8945892711727818,0.9174161518492542,0.7128210478446422,0.848214780534017,2.944936755899321,1.6752602138828665,1.5702621020954373,2.3817178900075144,0.9481611370344638,FAR
369,398,383,train,30,False,0.7715769372960902,0.8783945225786021,0.9288459129131088,0.7025811260958217,0.8349019361801623,2.944936755899321,1.6399338140498243,1.5301056759794072,2.3706928416367825,0.9504862732172287,FAR
370,399,384,train,30,False,0.8107499056467464,0.9004165178664518,0.9402517507086007,0.7190148376814299,0.854213610223487,2.944936755899321,1.6770453804991563,1.563827001458719,2.3583060840549823,0.9486871834021401,FAR
371,400,385,train,30,False,0.827036969284317,0.9094157296222213,0.9545339853129973,0.7299868673722739,0.8654495684399921,2.944936755899321,1.6947856313014389,1.5809934851103915,2.344085948301674,0.9516544966728329,FAR
372,401,386,train,30,False,0.8402085474687457,0.9166289039020893,0.975778644298279,0.7349180394402128,0.8714261909396639,2.944936755899321,1.70307228829231,1.5884463841217322,2.340657902800856,0.9506859179652773,FAR
373,402,387,train,30,False,0.8385597983327533,0.9157291075054638,0.9943307628848265,0.7341085148831853,0.8702966370361758,2.944936755899321,1.7010411533614023,1.5861288647605787,2.340819780047656,0.9503865607231262,FAR
374,403,388,train,30,False,0.8569859211869134,0.9257353407896414,1.00264903449981,0.7468892080984261,0.8836193675517927,2.944936755899321,1.7151865869598868,1.6021111984678555,2.3235621507318567,0.9545053846578611,FAR
375,404,389,train,30,False,0.8084319364745373,0.8991284315794587,0.9623501539701922,0.7260860629198204,0.8576102974854071,2.944936755899321,1.6553818649847052,1.5451048016794917,2.309404074416634,0.953824022647,FAR
376,405,390,train,30,False,0.8372739505582444,0.9150267485479561,0.9952476466929606,0.737949477462346,0.8694292411455178,2.944936755899321,1.664117347049393,1.5519740519351233,2.2971991188502203,0.9501681153312771,FAR
377,406,391,train,30,False,0.8730992813362127,0.9343978174932841,0.9860209869704483,0.7532927264496246,0.88442659640687,2.944936755899321,1.6917904353384112,1.577732010372518,2.2941617872911095,0.9465204004644701,FAR
378,407,392,train,30,False,0.9036697019901647,0.9506154332800224,0.9807998389871465,0.7698654760152487,0.9003378827994509,2.944936755899321,1.7032946423257695,1.5892245880814688,2.265146756540858,0.9471105257495213,FAR
379,408,393,train,30,False,0.8906548163972645,0.9437451013898109,0.964987472019249,0.7644895246695794,0.8927909088143852,2.944936755899321,1.6866275703646398,1.5736488964526076,2.2592391830403047,0.9460085223219832,FAR
380,409,394,train,30,False,0.89668768161641,0.9469359437767741,0.9551123684538445,0.7684531265512908,0.8973354836676651,2.944936755899321,1.6951740088128409,1.5793824926328754,2.255021930224919,0.9476200471266496,FAR
381,410,395,train,30,False,0.882125479490681,0.9392153530957003,0.9501112535293638,0.7569550284138066,0.8828797668797388,2.944936755899321,1.6644062022734643,1.5521743436080164,2.2509785040277683,0.9400184568637251,FAR
382,411,396,train,30,False,0.9085384712747024,0.9531728443858976,0.9543706718443057,0.7695264680677705,0.8975341842412328,2.944936755899321,1.686060049797505,1.573217667812519,2.2444992931651027,0.9416279424320873,FAR
383,412,397,train,30,False,0.9196472117365566,0.9589823834338963,0.955575198437991,0.7767969895420468,0.9049585321356279,2.944936755899321,1.6950921407765391,1.5827236978087285,2.2326197178664,0.9436654392911564,FAR
384,413,398,train,30,False,0.9512548324713869,0.9753229375296096,0.982660489264531,0.7937771967639645,0.9224223254999356,2.944936755899321,1.724182543147372,1.609887844670616,2.2191043200266387,0.9457609269770013,FAR
385,414,399,train,30,False,0.9565036067355936,0.978010023842084,0.9798909195326699,0.7961437979348721,0.9264946034890826,2.944936755899321,1.734422128878355,1.6212024760954504,2.2293036629047824,0.9473262859304605,FAR
386,415,400,train,30,False,0.9283643586365762,0.9635166623554448,0.9762281158474234,0.784731298831833,0.91131606281,2.944936755899321,1.7059700673506364,1.5922196129264177,2.229546678833034,0.9458228367137591,FAR
387,416,401,train,30,False,0.8906785783228482,0.943757690470837,0.9677301337850214,0.77086415955782,0.8939662780924278,2.944936755899321,1.6711103270615253,1.5584043844020632,2.2244266279173357,0.9472413174682914,FAR
388,417,402,train,30,False,0.8885426774739804,0.9426254173710682,0.9719858824744381,0.7687284418682849,0.8920823799782762,2.944936755899321,1.6739076325516054,1.5621689819492521,2.2405499404665616,0.9463805702017309,FAR
389,418,403,train,30,False,0.9135585352927429,0.9558025608318608,0.991599161812427,0.7813289562886363,0.9023072614602115,2.944936755899321,1.6871416094159644,1.5710599736748003,2.230083331477567,0.9440310148101184,FAR
390,419,404,train,30,False,0.9516028986054965,0.9755013575620982,0.9933479611161562,0.8020637248004938,0.9262827367427119,2.944936755899321,1.7280172301784338,1.6118291693075697,2.210092022811753,0.9495453077150093,FAR
391,420,405,train,30,False,0.905297664219009,0.9514713154998468,0.9960243625123336,0.7877453866904871,0.9084722226418248,2.8104849734299444,1.693377809970629,1.5800957636088913,2.207684294717519,0.9548077885717103,FAR
392,421,406,train,30,False,0.8815040248771842,0.9388844576821922,0.9887146293087822,0.7746938680822965,0.8929140489536211,2.8104849734299444,1.6580790241078214,1.5483043305871147,2.1996110447717263,0.9510372034040723,FAR
393,422,407,train,30,False,0.8788896173987505,0.9374911292373653,0.9704407337367842,0.771570562980348,0.8913528831154528,2.8104849734299444,1.6578098611920562,1.5488913677308356,2.2071567479921486,0.9507854051275713,FAR
394,423,408,train,30,False,0.8703239800918093,0.9329115607021972,0.9583529582929676,0.7646766694703349,0.8861136508111496,2.8104849734299444,1.6564875312889038,1.5468762285761506,2.2274789465127642,0.9498367135081668,FAR
395,424,409,train,30,False,0.8747316401426014,0.9352708913157735,0.9537052265722783,0.7681617268551153,0.8900436092899745,2.8104849734299444,1.6575582614194637,1.5506722239243944,2.20851021254732,0.9516425856447093,FAR
396,425,410,train,30,False,0.8599929228088266,0.9273580337759665,0.9627557890424304,0.7607688045909992,0.8815675869570362,2.8104849734299444,1.6360448052004237,1.5322243173334311,2.200594552708084,0.9506226881623236,FAR
397,426,411,train,30,False,0.8648472963108541,0.9299716642515804,0.9572642302920926,0.7639561843579833,0.885467195344702,2.8104849734299444,1.6527997349201207,1.545767449598558,2.2175907354464166,0.9521442742637813,FAR
398,427,412,train,30,False,0.8608044813897558,0.9277954954567067,0.9703728839707921,0.7608557662793184,0.88264653164441,2.8104849734299444,1.6471127155976417,1.5412442323217064,2.2198639200550634,0.9513373754955857,FAR
399,428,413,train,30,False,0.8490422528373573,0.9214348880074801,0.9726705224076925,0.7507647715018598,0.8749396580838231,2.8104849734299444,1.645771341224638,1.5410279517628385,2.266684851629041,0.9495404064586715,FAR
400,429,414,train,30,False,0.8046830527652286,0.8970412770688028,0.9998082200141674,0.7325987201732896,0.8517353881375158,2.4979428776726382,1.5956594662806538,1.491753654237918,2.263776314276844,0.9494940867388737,FAR
401,430,415,train,30,False,0.78603812296293,0.8865879104538534,0.9957716572406354,0.7204627718743494,0.8382425896340319,2.4979428776726382,1.570838717919016,1.4658952738628939,2.2682288906078076,0.9454703586076725,FAR
402,431,416,train,30,False,0.9019402624974742,0.949705355622192,1.0263927656610323,0.7541186489367168,0.8722866835005426,3.3420171850998432,1.6049842871731044,1.5022753930704638,2.247139773333353,0.9184813777627597,FAR
403,432,417,train,30,False,0.8967193272530498,0.9469526531210786,1.015669663913068,0.7498622773797406,0.8682884572592756,3.3420171850998432,1.5975941637644906,1.4939141524736936,2.255239578588099,0.9169291140348651,FAR
404,433,418,train,30,False,0.9690391198263592,0.9843978463133486,0.9424328239917593,0.7734266098012033,0.895964987172006,3.3420171850998432,1.663613458961835,1.5569693656743402,2.2727521841696103,0.9101655296458326,FAR
405,434,419,train,30,False,1.110441050833245,1.053774667959543,0.9982859663123916,0.816869695584165,0.9488583659169267,3.596943103938281,1.7497644851268441,1.6420839724579672,2.2692642667091527,0.9004376312767425,FAR
406,435,420,train,30,False,1.137870006639731,1.066709898069635,1.0188641418521416,0.8193497134672828,0.9578118542927689,3.596943103938281,1.785064708157044,1.6771935695872189,2.2929157806552585,0.8979122215197096,FAR
407,436,421,train,30,False,1.0882622942209204,1.0431981088081594,0.9798172583636047,0.7939579172075889,0.9346828518164488,3.596943103938281,1.7608203983547723,1.651311582405062,2.343176179697916,0.895978284397306,FAR
408,437,422,train,30,False,1.0478094315215887,1.0236256305513205,0.9571984136859365,0.7705316190189098,0.9105093356464258,3.596943103938281,1.7339692970366392,1.6243550029292246,2.378531818355739,0.8894944679687526,FAR
409,438,423,train,30,False,1.0377974484129064,1.0187234405926402,0.9555178298208084,0.763198826949398,0.9025611957185408,3.596943103938281,1.7173846341665495,1.6080898306087876,2.377566186528262,0.8859727377957237,FAR
410,439,424,train,30,False,1.0620534918064055,1.0305597953570698,0.9536019642941674,0.7762459465072137,0.9156307998610415,3.596943103938281,1.7345879618195343,1.6279731690861088,2.3597790516087755,0.8884790615607049,FAR
411,440,425,train,30,False,1.0769594353228562,1.0377665610930313,0.9533272834271888,0.786628470733167,0.9303238810889549,3.596943103938281,1.7695447814767684,1.6601299446331008,2.376613763820799,0.8964673906134419,FAR
412,441,426,train,30,False,1.0579162612524684,1.028550563294031,0.9512755446380264,0.777663627674452,0.9205525584179713,3.596943103938281,1.7512780009698963,1.643797035874983,2.3764849534042454,0.8949998097029028,FAR
413,442,427,train,30,False,1.0462472699205956,1.022862292745507,0.947117531806047,0.7708040828606068,0.9126836341362434,3.596943103938281,1.7343100141643895,1.6293988046532182,2.3721896044771342,0.8922839766499471,FAR
414,443,428,train,30,False,1.0229356402126208,1.01140280809014,0.9463172091010726,0.757313828652762,0.9009144359699995,3.596943103938281,1.7159636261999607,1.6146209206412816,2.3885533953244655,0.8907573014071626,FAR
415,444,429,train,30,False,1.0111004698937183,1.0055349172921437,0.96164756184574,0.7471617156997765,0.889989599055448,3.596943103938281,1.6991994567013105,1.5975746438910579,2.4007461517801536,0.8850906952611317,FAR
416,445,430,train,30,False,1.0000023866385213,1.0000011933185486,0.9857670085662075,0.7386080106422412,0.8798475697110999,3.596943103938281,1.6762202678915972,1.57729486856173,2.3960868978127547,0.8798465197739279,FAR
417,446,431,train,30,False,0.9891253617163918,0.994547817712347,0.9904461552817828,0.730948552669875,0.8721994373228024,3.596943103938281,1.6633095960105746,1.5650610784382741,2.4025658913946675,0.8769808970362334,FAR
418,447,432,train,30,False,1.0268150820100233,1.0133188451864612,1.0165441953598147,0.7515155964190497,0.8939778306718467,3.596943103938281,1.6945117048596108,1.593496771150096,2.3838684205540783,0.8822275781393817,FAR
419,448,433,train,30,False,0.9699922451795515,0.98488184325814,1.0751043523852315,0.7209078418134109,0.8626379900804777,3.596943103938281,1.6438126837339664,1.5462596750153341,2.3963094049002907,0.8758796763140023,FAR
420,449,434,train,30,False,1.0173726572660446,1.0086489266667786,1.0490057469962948,0.7351440275702615,0.8794896477593829,3.596943103938281,1.6563217484174346,1.5609406905520562,2.3817583249713663,0.8719482314483586,FAR
421,450,435,train,30,False,0.9924840158675381,0.9962349200201417,1.0328903642739937,0.7230201083699662,0.8639191904747278,3.596943103938281,1.629223994355391,1.532223978971686,2.380945969080993,0.8671842083765355,FAR
422,451,436,train,30,False,1.0249518240688527,1.0123990438897366,1.0390266537555208,0.737957348374751,0.8835710950455604,3.596943103938281,1.6756703989792252,1.5750325746692944,2.396327944662249,0.8727498315790516,FAR
423,452,437,train,30,False,1.0344373499578094,1.0170729324673868,1.027771374267145,0.7410080339230508,0.8888790097816066,3.596943103938281,1.6988690105485524,1.5945472853100204,2.4176153759568186,0.8739579841390668,FAR
424,453,438,train,30,False,1.1263490845099755,1.0612959457710067,1.0030249125019177,0.7716192678612337,0.9248332476345901,3.596943103938281,1.7644397549112056,1.6588343920170918,2.4093107419007174,0.8714188076566337,FAR
425,454,439,train,30,False,1.1404959144225348,1.0679400331584799,0.9813080170026901,0.7783971967900545,0.9341472757182708,3.596943103938281,1.7848264355091812,1.6763158537270086,2.4151226328486435,0.8747188481693012,FAR
426,455,440,train,30,False,1.1648222593550714,1.0792693173416317,0.9928471850780941,0.7880789632006203,0.9471281320984698,3.596943103938281,1.8174500843365282,1.703280663539235,2.4295065709885386,0.8775642157893999,FAR
427,456,441,train,30,False,1.1698475719391992,1.0815949204481312,0.9921799239464573,0.7920314566757499,0.9505589663905772,3.596943103938281,1.813288770022657,1.7024464341108045,2.4064194615006795,0.8788493255836829,FAR
428,457,442,train,30,False,1.1869939746451272,1.089492530789049,0.9882134010593921,0.8004474840942474,0.9608957859815666,3.596943103938281,1.8297776134330657,1.7204623203846474,2.4027288339317416,0.8819663823538577,FAR
429,458,443,train,30,False,1.1900704636970258,1.0909035079680631,0.989215675827183,0.8056860535961282,0.963153392190163,3.596943103938281,1.8225332896148396,1.712556155865427,2.3599828564385543,0.8828951278964629,FAR
430,459,444,train,30,False,1.185261493125842,1.0886971539991468,0.9835822230181083,0.8010235719090392,0.9587098977489561,3.596943103938281,1.808045541572194,1.7025064102638128,2.3533760191264714,0.8806029245390194,FAR
431,460,445,train,30,False,1.228749308020237,1.1084896517425127,0.9728788079314001,0.822575166261746,0.9838353953996278,3.596943103938281,1.8480867672235428,1.743733549040659,2.3437660486317466,0.8875458547159804,FAR
432,461,446,train,30,False,1.1285812457510234,1.0623470458146074,0.9750492891694997,0.7941833425134095,0.9559206000361516,3.596943103938281,1.8204862926191674,1.716973448325026,2.360188284569008,0.8998195117144153,FAR
433,462,447,train,30,False,1.1435889673802202,1.0693871924519296,0.9809073285641902,0.8034139548053475,0.966003950340047,3.596943103938281,1.8396531891694985,1.7374736873319898,2.350319561490014,0.9033247799846549,FAR
434,463,448,train,30,False,1.056273968193881,1.0277519001168915,1.0560331819652136,0.7701626932975849,0.9281850348230604,3.596943103938281,1.7607116583052709,1.6625683886086264,2.339260566064609,0.90312169183778,FAR
435,464,449,train,30,False,0.9194024088569638,0.9588547381417917,0.9767758504469981,0.7298000599710159,0.8790675497325994,3.4830397671421913,1.6809166364498311,1.582606766305784,2.3424092786781037,0.9167890763476692,FAR
436,465,450,train,30,False,0.8310363341938495,0.9116119427661363,0.9352556744905819,0.695210464669864,0.835305318793608,3.4830397671421913,1.6029878973636955,1.5068847165016888,2.35562317875168,0.9162948395114391,FAR
437,466,451,train,30,False,0.8177582674831022,0.9042998769673156,0.9555585155775058,0.6876398334810349,0.8230473302259163,3.4830397671421913,1.5751176956725648,1.4810168789536011,2.350020569428873,0.9101486699147963,FAR
438,467,452,train,30,False,0.819279643376822,0.9051406760149617,0.9641656491682512,0.6900914705732867,0.8245776708620611,3.4830397671421913,1.571020943688384,1.4801923629623583,2.326010093097237,0.910993940182212,FAR
439,468,453,train,30,False,0.8695922075700471,0.9325192799991039,0.973594541867465,0.7138721691891764,0.8519057050409837,3.4830397671421913,1.6208479583797841,1.5287199658991155,2.3243448338874755,0.9135529133958521,FAR
440,469,454,train,30,False,0.9697845368677181,0.9847763892720611,0.9716176470371183,0.7432222406174216,0.883312071062683,3.4830397671421913,1.6500932512587048,1.560128014438073,2.3065497772943058,0.8969671497867858,FAR
441,470,455,train,30,False,0.970487696164531,0.9851333392818107,0.9790857298564459,0.7431178934365393,0.8837905300252141,3.4830397671421913,1.657121050633006,1.563685021783612,2.31988433667633,0.8971278250206431,FAR
442,471,456,train,30,False,0.9769581745177945,0.9884119457583435,0.9628419085120173,0.7432201240252417,0.88745510819355,3.4830397671421913,1.6770492732761226,1.579492636345342,2.3479294633955,0.8978595533997357,FAR
443,472,457,train,30,False,0.9717499553932564,0.9857737851014584,0.9746686416404536,0.7371860924359935,0.8827440044486988,3.4830397671421913,1.6735551076906603,1.5751095987172865,2.3709022129628914,0.8954833429231885,FAR
444,473,458,train,30,False,1.014970377800689,1.007457382622555,0.9649856921107698,0.7574996833584681,0.902270313893224,3.4830397671421913,1.696637967823446,1.59948896660097,2.3466602479495844,0.8955915450681258,FAR
445,474,459,train,30,False,1.0422800455882193,1.0209211750121647,0.9887092577360244,0.7763349710760271,0.922371421466476,3.4830397671421913,1.7316880556713456,1.632744883964726,2.3353769644119007,0.9034697722431759,FAR
446,475,460,train,30,False,1.097380100180804,1.0475591153633306,1.0124796066938742,0.8041518202542185,0.954038041922994,3.4830397671421913,1.7931052657891615,1.6914494375368165,2.3314004419279484,0.9107247771808085,FAR
447,476,461,train,30,False,1.0947492936995369,1.046302677861209,1.017268572495111,0.8034569485869528,0.9516941730091084,3.4830397671421913,1.7867667440526689,1.685162719436167,2.32118225147267,0.9095782636765359,FAR
448,477,462,train,30,False,1.1907194400455487,1.0912009164427734,1.0386491714693584,0.8263509243570178,0.9810823876824869,4.277457687421995,1.8620567118257922,1.7545876363531139,2.339247781813523,0.899085010742784,FAR
449,478,463,train,30,False,1.2192703908146578,1.1042057737644093,1.0371683694934515,0.8408167131354937,1.0006417858364942,4.277457687421995,1.9167661838686345,1.804670834187302,2.3680249408217877,0.9062095214600723,FAR
450,479,464,train,30,False,1.15208996125689,1.0733545366079607,1.0280570292243145,0.8187507380822405,0.9739425028843658,4.277457687421995,1.878969061284248,1.7668025436061912,2.3728144560478395,0.9073819224375209,FAR
451,480,465,train,30,False,1.1526239306481056,1.0736032463848577,1.0310452908785621,0.8179597317446152,0.9744087191247129,4.277457687421995,1.8835616918197178,1.7730017599776575,2.3860184688736408,0.9076059730685778,FAR
452,481,466,train,30,False,1.1160023530726648,1.0564101254118425,1.0355932006686461,0.7994193816407572,0.950282501321749,4.277457687421995,1.8279850490086693,1.7215323870301373,2.3669542135827637,0.8995393725058063,FAR
453,482,467,train,30,False,1.089409053868655,1.0437476006528854,1.0319243399540585,0.7823088739870435,0.9307203493012871,4.277457687421995,1.787107777849086,1.6832240791278537,2.383275772357419,0.8917101689327023,FAR
454,483,468,train,30,False,0.9857077134298698,0.9928281389192541,0.9984296699658645,0.7440696600845236,0.8847520407830806,4.277457687421995,1.6977005081031242,1.5973693991775189,2.37961789445616,0.8911431959877566,FAR
455,484,469,train,30,False,1.077069942223814,1.0378198023856617,1.0286095559079766,0.7763360166395545,0.9175793763477063,4.277457687421995,1.7525356559973515,1.651838157370985,2.3624022129383295,0.8841413261131115,FAR
456,485,470,train,30,False,1.040094691715815,1.0198503280951645,1.018891158951543,0.7577489874601379,0.8936609525681699,4.277457687421995,1.704271298137525,1.6089977908441635,2.353537761920634,0.8762667696909153,FAR
457,486,471,train,30,False,1.038769213544706,1.0192002813700092,1.0240617584178602,0.7548091172778801,0.8928013047027863,4.277457687421995,1.7203287818581272,1.6198468274642084,2.3922072185709577,0.875982199987899,FAR
458,487,472,train,30,False,1.1045847455250002,1.0509922671099918,1.0291752884618495,0.776622649661128,0.9171763057144379,4.277457687421995,1.759321633000847,1.6577539435034871,2.3859836127571787,0.8726765499773661,FAR
459,488,473,train,30,False,1.1081643957159764,1.0526938755953585,1.0287176632630546,0.7776447687035516,0.9195596408756904,4.277457687421995,1.7583351359634674,1.6598442252896286,2.3806952001130472,0.8735299617427972,FAR
460,489,474,train,30,False,1.1396765373650548,1.067556339199508,1.0322061710048074,0.7937364779785488,0.9398069294713235,4.277457687421995,1.8036291945902405,1.7013995736530927,2.388716716968668,0.8803347373460633,FAR
461,490,475,train,30,False,1.1131281112490454,1.0550488667588083,1.025221169511092,0.7836927603156887,0.9272038022835196,4.277457687421995,1.7858212006229717,1.6824965677724828,2.392279581194211,0.878825456807476,FAR
462,491,476,train,30,False,1.0834114903372438,1.0408705444661424,1.0073143093874475,0.7726675619472626,0.914694909457325,4.277457687421995,1.767512037659717,1.664647209657903,2.398597065124146,0.8787787437355791,FAR
463,492,477,train,30,False,1.0602021598502025,1.0296611869203396,0.9960902884236416,0.7564521594419773,0.8956751397117314,4.277457687421995,1.7250402395970108,1.6245327757052095,2.3962120934628928,0.8698736546442494,FAR
464,493,478,train,30,False,1.0664824716149683,1.0327063820926878,0.9922994336845737,0.7590335159824864,0.9004429492341971,4.277457687421995,1.7520822977709158,1.6463256603330916,2.433683783218131,0.8719254231871109,FAR
465,494,479,train,30,False,1.0836320597741784,1.0409764933821408,0.9912813083756107,0.7696361818035294,0.9109710521417218,4.277457687421995,1.761747449216844,1.658517133589601,2.4192848418851636,0.8751120298422587,FAR
466,495,480,train,30,False,1.0923557780421984,1.0451582550227494,0.9830075980745033,0.7754630105166254,0.9199199908525908,4.277457687421995,1.7926388309053805,1.6847467810775023,2.451763594845733,0.8801729177679101,FAR
467,496,481,train,30,False,1.1001703344023552,1.0488900487669597,0.9806839307146916,0.7827525240559314,0.9280622994227097,4.277457687421995,1.8001985850179085,1.6955043573874964,2.4188153739145077,0.8848041799173411,FAR
468,497,482,train,30,False,1.1159119939798674,1.0563673574944785,0.977741140012165,0.7929371313748238,0.9394543312343282,4.277457687421995,1.8178310553975565,1.7096672129269306,2.414387766261673,0.889325408030926,FAR
469,498,483,train,30,False,1.117417653897553,1.0570797765058004,0.9764410930549723,0.7931157685493151,0.9400166125130224,4.277457687421995,1.8301518530289906,1.72091329018965,2.424747577458211,0.8892579665276231,FAR
470,499,484,train,30,False,1.033432777892364,1.0165789580216404,0.9736706714529081,0.7694520402429116,0.9152343882512247,4.277457687421995,1.8070454933700264,1.6954746832803764,2.4373856288913656,0.9003082161294761,FAR
471,500,485,train,30,False,1.0831205746768084,1.040730788761824,0.9649604724505173,0.793247550055682,0.9381246564309074,4.277457687421995,1.82325215556746,1.716127386861912,2.3866859905542555,0.9014095350700742,FAR
472,501,486,train,30,False,1.1097259657124405,1.0534353163400403,0.9937519045556483,0.8060937449965638,0.9500390288296205,4.277457687421995,1.8319639650024875,1.726153872809491,2.3608791726674707,0.9018484705167754,FAR
473,502,487,train,30,False,1.1544008741586802,1.0744304882860873,1.0063014467432883,0.8270082306976833,0.9757711796615478,4.277457687421995,1.8858069075812165,1.7769333045371392,2.358520647449323,0.9081752521915875,FAR
474,503,488,train,30,False,1.1437195645734883,1.069448252405645,1.027700184522707,0.8196349609492745,0.9717850993946704,4.277457687421995,1.8781482243009462,1.768981319491867,2.3647156457928586,0.9086789353376485,FAR
475,504,489,train,30,False,1.2131126589885037,1.1014139362603435,1.0377026944678058,0.8410775200251641,0.9972460109371384,4.277457687421995,1.9168314638561308,1.807122313964958,2.3613351042889414,0.9054234544399458,FAR
476,505,490,train,30,False,1.2347829268828163,1.1112078684399316,1.0336255584405587,0.8470633652947488,1.0046847478478198,4.277457687421995,1.9223743413717573,1.8138311555659372,2.355374844124751,0.9041375393231658,FAR
477,506,491,train,30,False,1.2447398407125532,1.1156790939658918,1.0170830788224172,0.8528310021241158,1.0124355583258635,4.277457687421995,1.9471578277691757,1.8361476353726418,2.3762984343423885,0.9074612617567033,FAR
478,507,492,train,30,False,1.1107695199129795,1.0539305100019543,0.9986644534820786,0.8102569462332466,0.9609784080052205,3.4417268738874522,1.8381839447710708,1.7330149009231366,2.3668483927453705,0.9118043351866136,FAR
479,508,493,train,30,False,1.085564702027599,1.0419043631867557,0.9895395529653987,0.7992041565304411,0.9448481383309307,3.4417268738874522,1.7854546077747255,1.6867864949238616,2.3265355686258515,0.9068472805325722,FAR
480,509,494,train,30,False,1.105698766818087,1.0515221190341586,0.9745332095924488,0.8047560781163217,0.9548403474794116,3.4417268738874522,1.8209078998636803,1.7188915901139257,2.353350936641721,0.9080554086265435,FAR
481,510,495,train,30,False,1.1136767577441566,1.0553088447199506,0.9661155229322791,0.8086989415163258,0.960802221570844,3.4417268738874522,1.8327180376347605,1.729133444489686,2.356141149244324,0.9104464786569794,FAR
482,511,496,train,30,False,1.1160057867524256,1.0564117505747583,0.9613601869002583,0.809658299666198,0.9634668092284849,3.4417268738874522,1.841311686799355,1.73783910167552,2.3738947182655488,0.9120182624855269,FAR
483,512,497,train,30,False,1.1417975303352168,1.0685492643463925,0.9582060944966071,0.8274952888606654,0.9826144755782529,3.4417268738874522,1.8662451923070291,1.7645173666956968,2.3358124995512863,0.9195780750261393,FAR
484,513,498,train,30,False,1.1457535902493805,1.0703987996300166,0.9578023528743813,0.8313785670009022,0.9865862795531927,3.4417268738874522,1.8791696099781836,1.7746022269867547,2.3449626254154246,0.9216997252745484,FAR
485,514,499,train,30,False,1.0388806508118897,1.0192549488778015,0.9545689334176628,0.7923295526936173,0.9433135448946202,2.9825182418282163,1.79916000210916,1.6974694513503927,2.346641428992833,0.9254932202519176,FAR
486,515,500,train,30,False,1.0798417310301167,1.039154334557729,0.9694291971106046,0.815073985447883,0.9689536403572416,2.9825182418282163,1.8413023273068811,1.7388750637587196,2.3401722144012767,0.9324444003494774,FAR
487,516,501,train,30,False,1.0882596576945471,1.04319684513257,0.9571391379520056,0.8230825547566494,0.9740017541611115,2.9825182418282163,1.8301886308930086,1.7296021009444975,2.2942324507759535,0.9336701493161963,FAR
488,517,502,train,30,False,1.0051995698817426,1.0025964142573733,0.9836808586760288,0.7938206322598667,0.9392170373707386,2.932973247103506,1.769200614389148,1.6686484193612074,2.291172327925705,0.9367847560739782,FAR
489,518,503,train,30,False,0.9896522940724136,0.9948126929590382,0.9688894083752496,0.7826452799499396,0.9260107201602329,2.932973247103506,1.7477792551456315,1.6473297895591834,2.3030849529456416,0.9308392692556464,FAR
490,519,504,train,30,False,0.9706603058615332,0.9852209426628796,0.9529646386523323,0.7735215410771494,0.9157832469174689,2.932973247103506,1.7302203097060072,1.6302335567082455,2.3143500028554564,0.9295206864383814,FAR
491,520,505,train,30,False,0.9695271227910077,0.9846456838838058,0.9376779904071736,0.7714691723226496,0.9151199863099908,2.932973247103506,1.7209870938101022,1.6244692609027092,2.307419799959826,0.9293901362573591,FAR
492,521,506,train,30,False,0.9591297506903553,0.9793516991818391,0.9155132078249882,0.7651397619247393,0.9094381022559003,2.932973247103506,1.7133132836520408,1.6157336182844741,2.318290427208276,0.9286123698112279,FAR
493,522,507,train,30,False,1.048535119779377,1.0239800387602178,0.8958709801533251,0.805079260253586,0.9542646007170883,3.010011817551844,1.791727073534058,1.6914282570495947,2.303361943249995,0.931917190370686,FAR
494,523,508,train,30,False,1.05145297912739,1.0254038127135037,0.8817990039879832,0.8068702534215945,0.9561868576542434,3.010011817551844,1.7845635588612856,1.683627089799334,2.2839846029174784,0.9324978567457313,FAR
495,524,509,train,30,False,1.0775216000531942,1.0380373789287138,0.902570883425177,0.8162360003921117,0.9675866136139065,3.010011817551844,1.8185292022951074,1.7129336941352602,2.2995672212380494,0.9321308011205582,FAR
496,525,510,train,30,False,1.0869904397940524,1.0425883366861786,0.910550340812738,0.8243826270315312,0.9741599147548043,3.010011817551844,1.8108812043545497,1.7088608015486513,2.245286424033667,0.9343667874236242,FAR
497,526,511,train,30,False,1.0944645728606224,1.0461666085574621,0.906806245090881,0.8294419878565747,0.979623738018213,3.010011817551844,1.8185923408290945,1.716842288614706,2.2391578096126197,0.9363936202943777,FAR
498,527,512,train,30,False,1.0857324324088196,1.0419848522933621,0.911096820543651,0.8226939827720294,0.9740086525618452,3.010011817551844,1.826543421514721,1.7233752397892297,2.2767482473685168,0.9347627755030178,FAR
499,528,513,train,30,False,1.040569262075415,1.0200829682312194,0.8968042195610926,0.8028849597504918,0.9517149657955499,3.010011817551844,1.7751252101105734,1.6756573807088633,2.271098553451306,0.9329779982953577,FAR
500,529,514,train,30,False,1.0189838951863253,1.0094473216499835,0.8912794740598584,0.7962660633000205,0.9426168335561026,3.010011817551844,1.7488370078747542,1.652076406592763,2.2572664776788867,0.9337949720995411,FAR
501,530,515,train,30,False,0.9572565601438435,0.9783948896758627,0.9017755600030247,0.7669228730581454,0.9094989371007668,3.010011817551844,1.69890596411285,1.6014380080078787,2.2688832559126406,0.9295826733131028,FAR
502,531,516,train,30,False,0.959323167333404,0.9794504414892078,0.9156765377616148,0.7706772154423251,0.910289469323017,3.010011817551844,1.6920938385105104,1.5962052731688423,2.2566774568778527,0.9293879820391578,FAR
503,532,517,train,30,False,0.9259842667255843,0.9622807629406214,0.9034498804625716,0.7592868773824297,0.8937086556168414,3.010011817551844,1.655041195892882,1.5615770246559124,2.2456660245854043,0.9287400206211841,FAR
504,533,518,train,30,False,0.890890510004867,0.9438699645633751,0.9373479249741911,0.7462571392358149,0.8765506656896443,3.010011817551844,1.6293354257884651,1.5354101517396306,2.2481243358830065,0.9286773587452039,FAR
505,534,519,train,30,False,0.7995165540948055,0.894156895681516,0.8732089902602898,0.7107545215591882,0.836731681356469,3.010011817551844,1.5718891802506407,1.47978590761157,2.2738135795855303,0.9357772505000052,FAR
506,535,520,train,30,False,0.7462866235559281,0.8638788245789615,0.856717123379474,0.6931135642062682,0.8154118380770274,3.010011817551844,1.5416489226492516,1.4492854944701887,2.2817238984356454,0.9438960822710801,FAR
507,536,521,train,30,False,0.7534424480385586,0.868010626685272,0.8826276195205787,0.6981873965419586,0.8197553889623204,3.010011817551844,1.5355379290455677,1.4448523824731856,2.2572082744849222,0.944407088762004,FAR
508,537,522,train,30,False,0.7951655523590929,0.8917205573267294,0.9148680546769008,0.71740219995359,0.8433564468627861,3.010011817551844,1.5823283333211033,1.4937625123837797,2.262046617881608,0.9457631540883917,FAR
509,538,523,train,30,False,0.9308215167098292,0.964790918650165,0.9487705673238235,0.7633521578508025,0.8949851268726051,3.26940490399289,1.6623572175345693,1.5704360568239522,2.2597453756786803,0.9276467155441048,FAR
510,539,524,train,30,False,0.9247235007814908,0.9616254472410195,0.9780521969364266,0.7653286162834477,0.8922540316833744,3.26940490399289,1.6383975130665263,1.5485657780157076,2.229102108791544,0.9278602539516011,FAR
511,540,525,train,30,False,0.9599208501047115,0.9797555052688969,1.019354819595218,0.7823734579778233,0.9095439033963045,3.26940490399289,1.6647413911421516,1.5736647839755453,2.2120041542649456,0.9283376296484065,FAR
512,541,526,train,30,False,0.9641144561461344,0.9818933018134579,1.0354625736165728,0.7855455076523608,0.913457944415479,3.26940490399289,1.6697592605000893,1.5792922947360297,2.2050558215211344,0.9303026537897899,FAR
513,542,527,train,30,False,0.9392256003693693,0.9691365230809172,1.0358902008064164,0.7705015827489368,0.8954302625007292,3.26940490399289,1.642153439458493,1.550082792597428,2.2121432681224804,0.923946462830775,FAR
514,543,528,train,30,False,0.967996126284553,0.9838679414863323,1.0297457944460076,0.7870958502966248,0.9129612848137685,3.26940490399289,1.6614622067299223,1.5693153906850255,2.1900435407723378,0.9279307174442081,FAR
515,544,529,train,30,False,1.0083725791427678,1.0041775635527652,1.0262635334851309,0.8059266082434594,0.9349941447998067,3.26940490399289,1.7088648365628099,1.6145658211385727,2.197120053812165,0.9311043970070506,FAR
516,545,530,train,30,False,0.9773417825034455,0.9886059793989946,1.015438148829091,0.7898018521889999,0.9183870937166155,3.26940490399289,1.6895232121898813,1.5935119406307299,2.2185518321980457,0.9289718177457642,FAR
517,546,531,train,30,False,0.955902500681966,0.9777026647616166,1.0166758731096968,0.7732523996186629,0.9023689641341807,3.26940490399289,1.6679703563941084,1.574160255954033,2.2508624283963043,0.922948250687438,FAR
518,547,532,train,30,False,0.9534102998543972,0.9764273141685443,1.0244513597914586,0.770866026230948,0.9004312576077461,3.26940490399289,1.664517702957333,1.5724573705565343,2.2530551855017515,0.9221692639502705,FAR
519,548,533,train,30,False,0.9552288998550734,0.977358122621935,1.0310548624758553,0.772527514467187,0.9025819414423444,3.26940490399289,1.6681758712085992,1.5765169671642005,2.2511966933975014,0.9234915232719504,FAR
520,549,534,train,30,False,0.9647450642331737,0.9822143677594896,1.0374887081394963,0.780734000928095,0.9081260182020527,3.26940490399289,1.6693550219819968,1.5785045386761232,2.222900342712695,0.9245700816549465,FAR
521,550,535,train,30,False,1.0424757660846873,1.0210170253647524,1.0645278649241454,0.8053150190329809,0.9381468054120834,3.26940490399289,1.7254756738247488,1.6327198631721638,2.228770735651005,0.9188356140064716,FAR
522,551,536,train,30,False,1.0356087718852676,1.017648648544903,1.075852062900837,0.801859095053472,0.9336418207000902,3.26940490399289,1.7187659806566298,1.6255382314390456,2.2332895057704234,0.9174500669116684,FAR
523,552,537,train,30,False,0.9749761339351816,0.98740879778093,1.1191345643011525,0.7820174033042556,0.9107948816991378,3.26940490399289,1.6765528323964716,1.585475295468784,2.2317704942440195,0.9224091214763613,FAR
524,553,538,train,30,False,0.9650097280518133,0.9823490866549494,1.1511281173460735,0.7764993650363726,0.9034392333975136,3.26940490399289,1.661662899689423,1.5739637843022645,2.228504724372292,0.9196722892814652,FAR
525,554,539,train,30,False,0.9218682803402721,0.9601397191764708,1.1113432781492742,0.756385725323842,0.8815697551839243,3.26940490399289,1.6185453004008734,1.5349071173723092,2.22877506414513,0.9181681973745057,FAR
526,555,540,train,30,False,0.9417168688066336,0.9704209750446626,1.1044350648618753,0.7659986930126663,0.8917799148002615,3.26940490399289,1.6373260069044682,1.5539726544486117,2.2273248926894835,0.9189619121322252,FAR
527,556,541,train,30,False,0.9457262147095837,0.9724845575686967,1.1063244169190336,0.7682355728372052,0.8942752955229827,3.26940490399289,1.640859419182917,1.5566686120930522,2.225610819886718,0.9195778879602525,FAR
528,557,542,train,30,False,0.9440271439895349,0.9716105927734294,1.103070946804759,0.7657229178033838,0.8930156801024924,3.26940490399289,1.6418072665564893,1.557147296484277,2.2434963108869472,0.9191086292641268,FAR
529,558,543,train,30,False,0.9407346683458101,0.9699147737537613,1.1034150271389347,0.7652795125097475,0.8904431122520156,3.26940490399289,1.633104997938408,1.54806603861118,2.229374813573396,0.9180632529246103,FAR
530,559,544,train,30,False,0.9231695234088354,0.9608171123626158,1.1263588171118382,0.7546357443373355,0.880728545164703,3.26940490399289,1.631853834906535,1.5432735609237347,2.2534246761192835,0.916645357199168,FAR
531,560,545,train,30,False,0.9496855637125451,0.9745181187194751,1.140110153741327,0.7679278883872772,0.8993029157024018,3.26940490399289,1.6798828848172078,1.5920961223332948,2.2773925376021165,0.9228180558449681,FAR
532,561,546,train,30,False,0.9078839872935092,0.9528294639092082,1.1308173115792752,0.7463536396103493,0.8785660130138326,3.26940490399289,1.6552609477171178,1.5676614468659407,2.300111684365848,0.9220600813594784,FAR
533,562,547,train,30,False,0.8973740185088529,0.9472982732533892,1.1400692692991181,0.7378453149124463,0.8702497018210842,3.26940490399289,1.6438284772925715,1.5555129145994862,2.3200000612489555,0.9186649299299465,FAR
534,563,548,train,30,False,0.8902566379529804,0.9435341212446853,1.1195435751435168,0.7335355988767845,0.8650747076166735,3.26940490399289,1.6384049936230078,1.5470699374791868,2.3276111052789705,0.9168451761717846,FAR
535,564,549,train,30,False,0.8951137073406461,0.9461044907094809,1.1371185830827535,0.7377223428346331,0.8690571010737058,3.26940490399289,1.641859132022784,1.550112695838637,2.313795204385418,0.9185635514973642,FAR
536,565,550,train,30,False,0.9224336589504484,0.9604340992230797,1.1369341276828817,0.7475812974802368,0.8813333858867888,3.26940490399289,1.66333732379993,1.5686368703681801,2.3125984986060066,0.9176406654029907,FAR
537,566,551,train,30,False,0.9021099915099577,0.9497947101926594,1.140754906322761,0.7328971566286339,0.8658619110628989,3.26940490399289,1.6488382188056818,1.5519686085719926,2.3499671640414013,0.9116305889798699,FAR
538,567,552,train,30,False,0.9085551569007272,0.9531815970216416,1.1043048701158504,0.7364526338283237,0.8683877856988701,3.26940490399289,1.6492645328112683,1.549810372419209,2.3431529420252164,0.9110412836465555,FAR
539,568,553,train,30,False,0.7878860054012874,0.8876294302248475,1.1213311167875246,0.7001314932804295,0.8274651119940629,3.0343718270383153,1.5900854211756683,1.4922593384602603,2.3496342877899363,0.932219103848839,FAR
540,569,554,train,30,False,0.8077156760740603,0.8987300351462948,1.0879902788574625,0.7032778040513142,0.8357313839028344,3.0343718270383153,1.6093509715420224,1.5134237224975877,2.362184673684328,0.9299025861161906,FAR
541,570,555,train,30,False,0.7849784567515049,0.8859900996915852,0.9909884516593843,0.6955596535040319,0.8256324568738321,3.0343718270383153,1.5872969453286485,1.4930340779070268,2.3559008279306273,0.9318754884069658,FAR
542,571,556,train,30,False,0.7776541451263927,0.8818470077776489,0.9744150470272788,0.6902035942726351,0.8180025761051035,3.0343718270383153,1.5728921734198602,1.4790212344492688,2.3507886972370513,0.9276014647558422,FAR
543,572,557,train,30,False,0.8198647755433668,0.9054638455197241,0.9348304895280202,0.7130594980813773,0.8440429163590053,3.0343718270383153,1.6197749547180753,1.5252499049716866,2.347090892972362,0.9321663372153043,FAR
544,573,558,train,30,False,0.8387082156819311,0.9158101417225795,0.9798389838256399,0.7196006854216223,0.851886627501562,3.0343718270383153,1.6367688515933545,1.543145825784023,2.3515031767238574,0.9302000367665929,FAR
545,574,559,train,30,False,0.8503669604559533,0.9221534365039005,1.00142491370483,0.7213666728561843,0.8563251819993336,3.0343718270383153,1.64763391282244,1.5532422302595437,2.3575854204554285,0.9286146405807074,FAR
546,575,560,train,30,False,0.8411036525573266,0.9171170331846021,1.0000706480631767,0.7139359822191629,0.8480751318713255,3.0343718270383153,1.6284795607046874,1.53543837784593,2.358099484723087,0.9247185486529075,FAR
547,576,561,train,30,False,0.8388181417636812,0.9158701555153335,0.9883652531919104,0.7116121160031308,0.8451019083425299,3.0343718270383153,1.6268612344924955,1.53173237755347,2.378370406386496,0.9227311352524808,FAR
548,577,562,train,30,False,0.8478459690740926,0.9207855174111356,0.9798949515799714,0.7175207935148045,0.851464440144653,3.0343718270383153,1.647434022884118,1.5475861671268374,2.3908601546505053,0.9247152828148465,FAR
549,578,563,train,30,False,0.8518715547314027,0.9229688806950117,0.9750977644684338,0.7206442246885368,0.8553817808604317,3.0343718270383153,1.6578105205330895,1.5586700723705926,2.3960366150450834,0.9267720708159892,FAR
550,579,564,train,30,False,0.8800759532760442,0.9381236343233467,0.9691651180130627,0.734538290815021,0.8678750074540797,3.0343718270383153,1.665846466393216,1.5665401174424765,2.3786951919646357,0.925117943628042,FAR
551,580,565,train,30,False,0.845446114953928,0.9194814380692674,0.9982500280219013,0.7254703569153923,0.8569204097838842,2.7894693696759365,1.6538111850671615,1.5529385651831473,2.384860590485864,0.93196053156141,FAR
552,581,566,train,30,False,0.8726980861938927,0.9341831117044949,1.0053284074260656,0.7408977475880161,0.8717735937627292,2.7894693696759365,1.6752019028223115,1.574168857830323,2.3633865736032984,0.9331934851317379,FAR
553,582,567,train,30,False,0.853219820861599,0.9236989882324214,0.9819322727445292,0.7286646500608023,0.8596314840580146,2.7894693696759365,1.6608447927934191,1.5581359639918457,2.3840707365702527,0.9306402789322034,FAR
554,583,568,train,30,False,0.8578560507187711,0.9262051882378823,0.9783263047275188,0.7317919757448303,0.8633526773138434,2.7894693696759365,1.67187383210504,1.568708041516593,2.390658939252009,0.9321397550756364,FAR
555,584,569,train,30,False,0.8600499584202089,0.927388784933379,0.9813938253227671,0.7332748532083484,0.8649601497434858,2.7894693696759365,1.6795392443395833,1.5748534498727897,2.3979907259170896,0.932683426623088,FAR
556,585,570,train,30,False,0.8221143978094976,0.9067052430693767,0.9644146251491557,0.7103127652625909,0.8393762910428866,2.7894693696759365,1.636085309554449,1.531762892210213,2.410754410296474,0.9257432858791372,FAR
557,586,571,train,30,False,0.8467980951568211,0.9202163306292825,0.9612906112886245,0.7219787558474772,0.8514531981759003,2.7894693696759365,1.6606858505073445,1.5513610700627065,2.411065085036997,0.9252750357012691,FAR
558,587,572,train,30,False,0.9125830093402221,0.9552921068135244,0.9728421889160499,0.7442115560169614,0.8812768030775356,2.9588763181491977,1.7015341654143332,1.5937488264038815,2.3771000067433414,0.9225207628032494,FAR
559,588,573,train,30,False,0.9380313766894989,0.9685201994225515,0.9771666843709166,0.7571163969640008,0.8965885529100157,2.9588763181491977,1.7262355580722228,1.6181374970244167,2.3780802178124323,0.9257303600323228,FAR
560,589,574,train,30,False,0.9463175580643525,0.9727885474574381,0.9784631506018606,0.7597026094435148,0.9015625300271706,2.9588763181491977,1.740216342853071,1.6309540304160874,2.389391721166676,0.9267816036522738,FAR
561,590,575,train,30,False,0.9359393039488068,0.967439560876444,0.9806533408729439,0.7572404442277804,0.8958383890576553,2.9588763181491977,1.7194827521953089,1.607682725032363,2.370286750506969,0.9259889974378118,FAR
562,591,576,train,30,False,1.034008746114212,1.0168622060604928,0.9873465027905085,0.7939604314502579,0.9343234095560103,2.9823578236077832,1.7744605677969496,1.66251946807994,2.3501254464973362,0.918829910274419,FAR
563,592,577,train,30,False,1.0545878064682674,1.0269312569341082,1.0083081668473408,0.8058098700005367,0.9485913662441396,2.9823578236077832,1.8016655185133645,1.689230159292107,2.3409589581749968,0.9237145717778116,FAR
564,593,578,train,30,False,1.0635663044283745,1.0312935103201097,1.0221714783243667,0.810554206668528,0.9549546322833425,2.9823578236077832,1.8112622450667397,1.6992566220850478,2.3382620190575016,0.9259775444402129,FAR
565,594,579,train,30,False,1.2106414773426253,1.10029154197541,1.0347624073182464,0.8562402711297707,1.00612507973197,3.361472386899748,1.8795376568646627,1.767442911215476,2.31938278811454,0.9144168080449132,FAR
566,595,580,train,30,False,1.215424564413429,1.102462953760093,1.0143693745856526,0.8606459729861528,1.0079314465817248,3.361472386899748,1.8668830656015991,1.758125371204929,2.300970869821939,0.9142542551149169,FAR
567,596,581,train,30,False,1.230441788245262,1.109252806282347,1.0108243976414735,0.8721990596645572,1.0202503057888104,3.361472386899748,1.8772904672516868,1.7718057307728847,2.26616434044693,0.9197635561618925,FAR
568,597,582,train,30,False,1.1947638545158294,1.0930525396868302,1.0075523793172172,0.854990544015057,1.0034476767513167,3.361472386899748,1.8605716412664202,1.7543308973556897,2.297327194431846,0.9180232791360733,FAR
569,598,583,train,30,False,1.175200379753277,1.0840665937816167,1.0155133122923101,0.8401702952190101,0.9878270379154608,3.361472386899748,1.836851175488096,1.730647843356547,2.314084678068217,0.9112235757303087,FAR
570,599,584,train,30,False,1.123620141811931,1.0600095008121064,1.0201150624767814,0.8171325292662768,0.9587701462464088,3.361472386899748,1.7909422148937402,1.6839514482687339,2.3320128746178903,0.9044920309788402,FAR
571,600,585,train,30,False,1.1343441307896462,1.0650559284796486,1.0468584842913433,0.8182965321481505,0.9638730003784047,3.361472386899748,1.7993462115742949,1.6928646764555848,2.3387375741680425,0.904997544827828,FAR
572,601,586,train,30,False,1.1408080061677681,1.06808614173566,1.0569186052865367,0.8233368740561908,0.9707653999618701,3.361472386899748,1.8211290468796497,1.711542113859422,2.361621439907134,0.9088830591738211,FAR
573,602,587,train,30,False,1.1292192850012277,1.0626473003782713,1.1199649438672372,0.8155262832216877,0.9656091103414917,3.361472386899748,1.8205567441455837,1.7089938983838229,2.3809942840259732,0.9086825986362203,FAR
574,603,588,train,30,False,1.0925620183320721,1.0452569149888806,1.083289127105463,0.7984761139556823,0.9483064824656091,3.361472386899748,1.8014020414614025,1.6886984686035769,2.4018885060905952,0.9072472698979438,FAR
575,604,589,train,30,False,1.0531700711098242,1.026240747149432,1.0617511915002915,0.7849753288523031,0.9306410873406139,3.361472386899748,1.7702061513453329,1.6568538841476377,2.40581057035126,0.9068448021827595,FAR
576,605,590,train,30,False,1.1173180171609784,1.0570326471594804,1.0715491768285665,0.8179332450450719,0.9645405387673998,3.361472386899748,1.81060407063872,1.6993966633808626,2.371512874446919,0.9124983427516351,FAR
577,606,591,train,30,False,1.1358270778225834,1.0657518837996878,1.0639587512434239,0.8317411318705616,0.9805143236862041,3.361472386899748,1.8285364281305259,1.7204061395586516,2.325748798873062,0.9200211968571997,FAR
578,607,592,train,30,False,1.1414841167341157,1.0684026004901503,1.0591445970297768,0.8333082193284551,0.9838243134059844,3.361472386899748,1.827352297151591,1.7223273173256035,2.3192175137565414,0.9208366892355335,FAR
579,608,593,train,30,False,1.137682249386092,1.0666218867931092,1.06287097589066,0.8317570605986884,0.9801508265899213,3.361472386899748,1.8129779290196744,1.7073047545616553,2.2947156631234638,0.9189299776482455,FAR
580,609,594,train,30,False,1.0853498236712391,1.0418012400027363,1.0909491324112575,0.8022586180520775,0.9497097966689692,3.361472386899748,1.7701115056974865,1.6664034739934697,2.3071739366516018,0.9116036343616509,FAR
581,610,595,train,30,False,1.0955091056540847,1.0466657086453557,1.064268434902555,0.8048643491012129,0.9531696050248277,3.361472386899748,1.7830010390213151,1.6769639279957245,2.3127336477297296,0.9106724307023156,FAR
582,611,596,train,30,False,1.0645574375809315,1.0317739275543512,1.0410221849715637,0.7891300229263664,0.9354793348383007,3.361472386899748,1.7522978048318878,1.6454264765296638,2.3185348296356736,0.9066708412139268,FAR
583,612,597,train,30,False,1.119927173229178,1.0582661164514235,1.0367687173063014,0.8146940018324005,0.9624869157433521,3.361472386899748,1.7871361878420566,1.6810047359172935,2.2927991787651507,0.9094942196304667,FAR
584,613,598,train,30,False,1.1173052093933136,1.0570265887825687,1.0397396084767867,0.8125054235400623,0.960465171690731,3.361472386899748,1.783881828158683,1.6757702946468174,2.2972115339406214,0.9086480717547016,FAR
585,614,599,train,30,False,1.1569170956048582,1.0756008068074596,1.0121505335086662,0.8285605515196758,0.9802161044769947,3.361472386899748,1.8217017020813768,1.711004661355752,2.296862258885777,0.9113196069333747,FAR
586,615,600,train,30,False,1.217566899374824,1.1034341391196958,1.0431379307350084,0.8592776206078031,1.0148112388485369,3.361472386899748,1.886058800774938,1.7734407822976042,2.288135076979943,0.9196844676730221,FAR
587,616,601,train,30,False,1.2105561748575866,1.1002527777095528,1.0699909337768976,0.8562532972769044,1.0117832990454472,3.361472386899748,1.8808192974580413,1.773139476468374,2.289237477623346,0.9195916788792148,FAR
588,617,602,train,30,False,1.140574451127629,1.067976802710447,1.0576458740555117,0.8321671215476613,0.9784819428286518,3.361472386899748,1.826196023976516,1.7171845054631325,2.3065316729988057,0.9162014945880249,FAR
589,618,603,train,30,False,1.1252887475513398,1.0607962799479171,1.0712404318955902,0.8248626817673311,0.9703385407476055,3.361472386899748,1.8121120922963427,1.7029067050135167,2.305964015117339,0.9147265682297143,FAR
590,619,604,train,30,False,1.1915580664472831,1.091585116446392,1.0490073979155967,0.8463755614615405,0.9959806883346959,3.361472386899748,1.8561279116282892,1.747318664316651,2.2969115699917553,0.912416881953345,FAR
591,620,605,train,30,False,1.1888186220256116,1.0903295932999395,1.0216912530501896,0.8459853185492234,0.9942573815711597,3.361472386899748,1.843710876277733,1.7377222150331055,2.280412987400674,0.9118869997483859,FAR
592,621,606,train,30,False,1.0835612930264409,1.0409425022672678,1.0134864593203703,0.8032064942768553,0.9498633540137188,3.361472386899748,1.7871851702158483,1.6811445826588776,2.3355829301356095,0.9125031900847834,FAR
593,622,607,train,30,False,1.07293406628152,1.0358253068358196,0.9837062673769437,0.7998083975417258,0.943540143572657,3.361472386899748,1.767061727472247,1.661694096044508,2.318434107452156,0.9109066339139077,FAR
594,623,608,train,30,False,1.0861564096541734,1.0421882793690271,0.9732138697934847,0.8089586120539742,0.950805746275055,3.361472386899748,1.7741410884202895,1.6686627943680128,2.303295418163334,0.9123166754961992,FAR
595,624,609,train,30,False,0.972791637534489,0.9863020011814277,0.932230608220924,0.7763117864217903,0.917588338890794,3.1923874465987794,1.7531754364225556,1.6447778858186008,2.3402017941621436,0.9303320258822084,FAR
596,625,610,train,30,False,0.9192249652545323,0.9587622047486709,0.9446675291475,0.748568385898403,0.8881286769652361,3.1923874465987794,1.713355491019938,1.6048712595540944,2.360228436500512,0.9263284186281096,FAR
597,626,611,train,30,False,0.9173719542745313,0.9577953613765997,0.9584332166348595,0.745024115746612,0.886935348874345,3.1923874465987794,1.7267998786933192,1.6147084262237394,2.3947753998171772,0.9260175864702345,FAR
598,627,612,train,30,False,0.9305814055936532,0.9646664737584971,0.9598690941918413,0.7539893798741775,0.8941331397441341,3.1923874465987794,1.7238170272315128,1.6149271469785444,2.3610824334876033,0.9268831913069875,FAR
599,628,613,train,30,False,0.9466679287170019,0.9729686165118595,0.9694834575076084,0.7651405833158396,0.9076568590341171,3.1923874465987794,1.7488713016345407,1.6383098049841405,2.3573939035307547,0.9328737264806255,FAR
600,629,614,train,30,False,0.9614869924878884,0.9805544311703907,0.9828206100187981,0.772947251749334,0.9194452367074799,3.1923874465987794,1.7699102118872874,1.6590712166700254,2.3558189032238546,0.9376789370173252,FAR
601,630,615,train,30,False,0.956475903634572,0.9779958607451118,0.9808749290262866,0.7739870246421398,0.9171527533377068,3.1923874465987794,1.77182896329962,1.6596352583046499,2.3554748816394215,0.9377879704306213,FAR
602,631,616,train,30,False,1.0214440655972947,1.0106651599799483,0.9752013905464503,0.8006954321996923,0.9483704812229535,3.1923874465987794,1.8211567329881706,1.7079940655710812,2.332497433784881,0.938362692983074,FAR
603,632,617,train,30,False,1.0504330813843177,1.0249063768873319,0.9788604281268369,0.814296793760711,0.9602121411325414,3.1923874465987794,1.8264813717793824,1.7165766876042476,2.3070474450028167,0.9368779068862186,FAR
604,633,618,train,30,False,1.0492563798534527,1.0243321628521935,0.9836270832109938,0.8143793334170462,0.9594660396989709,3.1923874465987794,1.8190681163791054,1.7088479703454813,2.2956094843370005,0.9366747179229378,FAR
605,634,619,train,30,False,1.0398717000823916,1.0197409965684383,0.997212457731978,0.8087363989642025,0.9532673164927288,3.1923874465987794,1.806225041852313,1.6981397181241047,2.2993757740995706,0.9348131728552623,FAR
606,635,620,train,30,False,1.0004195936728373,1.0002097748336782,1.0105774807124057,0.7907148582670188,0.9369665512547383,3.1923874465987794,1.7918505935289997,1.6831626359652794,2.3172658423985952,0.936770040475303,FAR
607,636,621,train,30,False,0.9899305203645521,0.9949525216634973,1.025839346471089,0.7844150154923515,0.9295571651512297,3.1923874465987794,1.7953439764232872,1.6796096324493697,2.352731268227956,0.9342728873103102,FAR
608,637,622,train,30,False,0.9648889121674106,0.9822875913740388,1.0376572121179644,0.7666793369880428,0.9080011676828371,3.1923874465987794,1.758296766170023,1.6430836602518635,2.3596978071275716,0.9243740587343787,FAR
609,638,623,train,30,False,0.9642692497166574,0.9819721226779594,1.047539565702578,0.7655155793678229,0.9073158394185246,3.1923874465987794,1.7560313488313413,1.6427500377923796,2.359792604651341,0.9239731133549516,FAR
610,639,624,train,30,False,0.9664487157965038,0.9830812356039067,1.0628095037887197,0.7676711531025997,0.9097919600447693,3.1923874465987794,1.7632897669034548,1.6483304841372386,2.3669959803484897,0.9254494207550246,FAR
611,640,625,train,30,False,0.9099653860625084,0.9539210586115123,1.0811267316714666,0.7489283573887072,0.8852876457630708,3.1923874465987794,1.7090348166349112,1.5984406320637585,2.355204579248286,0.928051265637912,FAR
612,641,626,train,30,False,0.9629363350026431,0.9812931952289504,1.0825746664100655,0.7737664304360854,0.9116456179710019,3.1923874465987794,1.739109360012214,1.6313909571839156,2.3336755065976558,0.9290247016930564,FAR
613,642,627,train,30,False,0.9542377846541481,0.9768509531418538,1.053791220491604,0.7688664083207859,0.9085008510214291,3.1923874465987794,1.7481095168821672,1.639238638237951,2.349896901050718,0.9300301628405135,FAR
614,643,628,train,30,False,0.9698575154146888,0.9848134419344046,1.061692951036467,0.7783870134279486,0.9186407274129833,3.1923874465987794,1.7642501785441238,1.6564045918078236,2.338511013747446,0.9328068528477409,FAR
615,644,629,train,30,False,0.9326166282578416,0.965720781726189,1.059763543658745,0.7622071162589539,0.9005118725759326,3.1923874465987794,1.7274171547450345,1.6230482588298483,2.340982080961566,0.9324764358558195,FAR
616,645,630,train,30,False,1.1511027901091002,1.0728945848074265,1.1219289208284455,0.8085030600023829,0.9511893290050928,4.582878058885928,1.7913638810002912,1.687007599207061,2.3268094354950195,0.8865636405237532,FAR
617,646,631,train,30,False,1.2344542849700715,1.1110599826157324,1.1499758760660497,0.8282844550833184,0.9785575816309636,4.582878058885928,1.8407856794040098,1.7328947135361146,2.331534651835054,0.8807423513959861,FAR
618,647,632,train,30,False,1.2873427296279434,1.1346112680684708,1.1705014316577942,0.8546596567705154,1.0060154912277317,4.582878058885928,1.876907279000639,1.7727058828140718,2.2942134431758623,0.8866609380147821,FAR
619,648,633,train,30,False,1.3385342807732479,1.156950422781049,1.1286001345840757,0.8705887224483484,1.028269088898525,4.582878058885928,1.927263788411563,1.8208376997804865,2.3116761546365274,0.8887754121968313,FAR
620,649,634,train,30,False,1.2596444976744328,1.1223388515392456,1.07425218188865,0.8442161796344255,0.9946123635388637,4.582878058885928,1.8635350252452934,1.760073156935829,2.308449281404192,0.886196144929662,FAR
621,650,635,train,30,False,1.2501166835279303,1.1180861699922462,1.0549816860366323,0.836238756186371,0.9874034903294195,4.582878058885928,1.8569070662947806,1.7524911176575242,2.326263422826315,0.8831193130098971,FAR
622,651,636,train,30,False,1.2518638342913806,1.1188672103030728,1.0385226262794596,0.8388828840498377,0.9890102695728202,4.582878058885928,1.8596987083462657,1.7518931118972207,2.312205658853854,0.8839389164911913,FAR
623,652,637,train,30,False,1.2611071141310526,1.1229902555815223,1.0324630654544504,0.8435348206310815,0.994584549606823,4.582878058885928,1.8697653655326647,1.7623307183765955,2.312618458400292,0.8856573284260543,FAR
624,653,638,train,30,False,1.2388925996742872,1.113055524075186,1.029215993334716,0.8284030312146987,0.9809444711322702,4.582878058885928,1.8567339979226836,1.7493359173455936,2.344281275355641,0.8813077604078341,FAR
625,654,639,train,30,False,1.2109699707077428,1.1004408074529692,1.0364164396020896,0.8175400484409435,0.9669605991832058,4.582878058885928,1.8284945443569114,1.7214064475663595,2.3483448667897253,0.8787029639706739,FAR
626,655,640,train,30,False,1.2183596131071859,1.1037932836845792,1.0301350623336407,0.8235579580276996,0.9734966502392137,4.582878058885928,1.8365164236034677,1.7282655261644548,2.3380598259949124,0.8819555841013804,FAR
627,656,641,train,30,False,1.2308624647631654,1.1094424116479258,1.016769715473366,0.8324517244203236,0.9807095688121581,4.582878058885928,1.8369252739576356,1.7297647713947575,2.3074891850502097,0.8839661784296198,FAR
628,657,642,train,30,False,1.2104378218144805,1.1001989919166808,1.006189469901776,0.8211740236739592,0.968610991459956,4.582878058885928,1.817790014147629,1.7111870927992971,2.3143436465833824,0.8803961815784956,FAR
629,658,643,train,30,False,1.2749855336529492,1.1291525732393073,0.99587918036995,0.8465423148197366,0.9954885834619721,4.582878058885928,1.85649351003823,1.7511753895393907,2.299513584558071,0.8816245094373025,FAR
630,659,644,train,30,False,1.2854992811836015,1.1337986069772716,0.9862131695336118,0.8546035939546691,1.0013713082619355,4.582878058885928,1.8616842533857982,1.7544827753529106,2.279195336107123,0.8832003339037523,FAR
631,660,645,train,30,False,1.2665774030854846,1.1254232106569886,0.9808961332672959,0.8434284735116583,0.9908714482224948,4.582878058885928,1.8423621434360136,1.7364156025717328,2.286885284876389,0.880443409056806,FAR
632,661,646,train,30,False,1.2115433870869217,1.1007013160194374,0.9770498210318804,0.8246038229127158,0.9669410018425278,4.582878058885928,1.7942018220385891,1.6900933358302137,2.2782716724050416,0.878477192467945,FAR
633,662,647,train,30,False,1.1566845698823276,1.0754927102878604,0.9692016250165217,0.7995022509751099,0.9390419244785588,4.582878058885928,1.75682720309716,1.6515057700726188,2.3014393985208343,0.8731271867265563,FAR
634,663,648,train,30,False,1.1577003386174594,1.075964840790562,0.9685390033960021,0.7995083824988043,0.9396872219258261,4.582878058885928,1.760537149059892,1.6561178364226647,2.306982657003746,0.8733437992596428,FAR
635,664,649,train,30,False,1.1456636930828694,1.0703568064355313,0.9668385157751501,0.7895509314342667,0.9269701704733994,4.582878058885928,1.7310408397223283,1.627615144701336,2.2978531030928715,0.8660384695084683,FAR
636,665,650,train,30,False,1.1201610013752925,1.0583765876923452,0.9761412618604824,0.7744102841287552,0.9084185804106928,4.582878058885928,1.7019276076097647,1.5962771012621153,2.3067960561303718,0.8583131854715185,FAR
637,666,651,train,30,False,1.199357793451157,1.095151949937157,0.9963986774389598,0.8100196040095649,0.9436243702177711,4.582878058885928,1.7331803025368884,1.6317920735275997,2.2533052973587773,0.8616378487678528,FAR
638,667,652,train,30,False,1.2067974314741468,1.0985433225294972,1.0024674431755562,0.8183120401768131,0.9529757853184402,4.582878058885928,1.753335943635855,1.6509889167108478,2.2541427355722847,0.8674903991261134,FAR
639,668,653,train,30,False,1.2166107154556731,1.1030007776314907,1.0109492758815695,0.8254482681024634,0.9615724422518981,4.582878058885928,1.7692660764601593,1.6639815626929564,2.257167887637193,0.871778571468203,FAR
640,669,654,train,30,False,1.235269267780688,1.1114266812438363,1.0093910364461782,0.8356048477179636,0.9752451348428159,4.582878058885928,1.795370204202641,1.689421271719119,2.2624992725603943,0.8774714079667272,FAR
641,670,655,train,30,False,1.247687548616772,1.116999350320658,1.0147151903006093,0.8385917420239625,0.9822244912357455,4.582878058885928,1.8036522729759017,1.6981569586102054,2.2650617797821315,0.879342043443246,FAR
642,671,656,train,30,False,1.2567877559504417,1.1210654556940205,1.0030235183026925,0.8398562693773529,0.9853682116051584,4.582878058885928,1.8229317808231562,1.7173436527395431,2.2780346927012363,0.8789568946223076,FAR
643,672,657,train,30,False,1.2402766171649882,1.1136770704135863,1.0291865087285916,0.8322644165782028,0.9786869448447412,4.582878058885928,1.8129127532872933,1.7060333735704656,2.2868282561217126,0.8787888076758967,FAR
644,673,658,train,30,False,1.2434490627308734,1.11510047203419,1.004498751510105,0.8333034638210359,0.9803611912713063,4.582878058885928,1.8172652609136586,1.710502289606428,2.2891993163971276,0.8791684837895464,FAR
645,674,659,train,30,False,1.292785339958471,1.1370071855351096,0.966402973022545,0.8540261766885701,1.002919022046306,4.582878058885928,1.8463316265146046,1.7400479051328428,2.2716242909213813,0.8820692030845014,FAR
646,675,660,train,30,False,1.0199824199422804,1.0099417903732277,0.981591435981253,0.7821930848651887,0.9245192564389427,3.56212170002774,1.7330324194874234,1.6280768121435678,2.299687266977133,0.9154183590098626,FAR
647,676,661,train,30,False,0.915481549495011,0.956808000329748,0.8783118246021343,0.7513616685494835,0.8859522261983462,2.8339373889302544,1.670082744462239,1.5671768576971727,2.3102778576921996,0.9259456713290624,FAR
648,677,662,train,30,False,0.9455300796161377,0.9723837100734142,0.8706905475387207,0.7575609086569629,0.8958175866038804,3.2534645609662256,1.6984040264410363,1.5923759515051887,2.3217356362400374,0.9212593519653337,FAR
649,678,663,train,30,False,0.8974683753845041,0.947348075094104,0.8719606547385927,0.7409426584098224,0.8754177498277593,3.2534645609662256,1.6655138524203017,1.5591292643304884,2.3313458496651323,0.9240719148986506,FAR
650,679,664,train,30,False,0.9063642130352082,0.952031623968032,0.8859593280634267,0.7460142324259073,0.8813055779240186,3.2534645609662256,1.672979003411492,1.5650337183224359,2.3258747289027535,0.9257104026132769,FAR
651,680,665,train,30,False,1.0318721132586604,1.0158110617918374,0.9119086200525197,0.7873866295738782,0.9301354641354055,3.817282174557059,1.7637929555343257,1.654236578598127,2.321188913861468,0.9156579398679665,FAR
652,681,666,train,30,False,1.1742692436566131,1.0836370442434187,0.9582872595357563,0.8381607152026301,0.9826570323018714,3.817282174557059,1.8293955105070112,1.720837736243039,2.2763815304275914,0.906813805897481,FAR
653,682,667,train,30,False,1.301824073070464,1.1409750536582577,0.9784619713664273,0.8766674281279883,1.024187610493598,3.817282174557059,1.89020130097287,1.7798956189525548,2.265990623450819,0.897642421900278,FAR
654,683,668,train,30,False,1.3216000737292437,1.1496086611230987,0.9491758497858866,0.8903586804206787,1.0366092049263103,3.817282174557059,1.8967495087601733,1.7898150780815751,2.230050334939272,0.9017061544348537,FAR
655,684,669,train,30,False,1.3210243582032655,1.1493582375409617,0.9216278704670402,0.8928443548461095,1.0362416245288666,3.817282174557059,1.8741494409844683,1.7713679383814873,2.1879489413318534,0.9015828056758816,FAR
656,685,670,train,30,False,1.3185009743618816,1.1482599768179163,0.9102307677503882,0.8887529243060714,1.034249888528517,3.817282174557059,1.8803472434629025,1.7779464135838232,2.2195293437082713,0.9007105615530147,FAR
657,686,671,train,30,False,1.2968832873138156,1.1388078359906977,0.8997166361412566,0.8749789691166051,1.0200681472434057,3.817282174557059,1.8614067068806406,1.7596072198310828,2.2412035101475074,0.8957333406087821,FAR
658,687,672,train,30,False,1.296806391074718,1.1387740737629735,0.8936308384886663,0.874406370646916,1.0200100459195995,3.817282174557059,1.864424563927604,1.761986299643592,2.249108866757625,0.8957088762559116,FAR
659,688,673,train,30,False,1.235536947602454,1.1115470964392171,0.8933200574072775,0.8513264228530105,0.9951136958849471,3.817282174557059,1.8255425903613307,1.72308245708354,2.256225995646124,0.8952510416092505,FAR
660,689,674,train,30,False,1.2154181561694222,1.1024600474254937,0.8863732407349145,0.8408545907672582,0.9823983557866977,3.817282174557059,1.8017300216166445,1.6993186139485086,2.253960322621667,0.8910965599894811,FAR
661,690,675,train,30,False,1.2329597351550983,1.1103872005544275,0.8902389389093218,0.8499146472741451,0.9922401032156825,3.817282174557059,1.8183004458929226,1.7149450246024809,2.2483057205030623,0.8935982896058663,FAR
662,691,676,train,30,False,1.2518380739523818,1.1188556984492601,0.8931012541871902,0.8587009605712772,1.0022675854809637,3.817282174557059,1.8373373733378913,1.73440599747036,2.2499969516954823,0.8957970065935329,FAR
663,692,677,train,30,False,1.2583094352937796,1.1217439259001047,0.8918833194531723,0.8647311664313051,1.0073196977380285,3.817282174557059,1.8319683132370106,1.7311421810916245,2.21776708582282,0.8979943412037997,FAR
664,693,678,train,30,False,1.2820413464422649,1.1322726466899502,0.8956602330988103,0.8756130927920538,1.0194449733866038,3.817282174557059,1.854864949732937,1.7514682260695993,2.2146643225260556,0.9003529109060585,FAR
665,694,679,train,30,False,1.3039563457065109,1.1419090794395632,0.8963543264915158,0.8912887907628735,1.0386496828979075,3.817282174557059,1.8950772800335,1.789350264574967,2.216735220867523,0.9095730138231893,FAR
666,695,680,train,30,False,1.306994461509854,1.1432385846838158,0.8942607387906161,0.8944274632518484,1.041961040769287,3.817282174557059,1.8938352322887075,1.7913467447094495,2.196678456308162,0.9114117164419018,FAR
667,696,681,train,30,False,1.2214852201700637,1.105208224802034,0.8894994439217923,0.8540815064442338,1.000473697957658,3.817282174557059,1.8383969797424509,1.7375550142363343,2.22329774864587,0.9052354800715166,FAR
668,697,682,train,30,False,1.2570052084271566,1.1211624362362291,0.881894820090733,0.8707379227348688,1.021341535180053,3.817282174557059,1.8714846817105406,1.770740600907781,2.2160228046244366,0.9109666023138651,FAR
669,698,683,train,30,False,1.3596928396481327,1.1660586776179545,0.8816084929061949,0.9094887726859131,1.0610012831813276,3.817282174557059,1.922872716359546,1.8237826347214818,2.199586519138218,0.9099038526506745,FAR
670,699,684,train,30,False,1.3949179912274092,1.1810664635097423,0.9024002046957249,0.9240209096854005,1.0766885752071509,3.817282174557059,1.9440141720349295,1.8450477251623894,2.1883246358823993,0.9116240351178759,FAR
671,700,685,train,30,False,1.4239992642653483,1.1933144029405445,0.9311372582671499,0.9365646876516577,1.0890186223257026,3.817282174557059,1.9632471582789295,1.863550007505412,2.181099277448617,0.9125999146931957,FAR
672,701,686,train,30,True,1.368447341939811,1.1698065403902524,0.9455712009813009,0.9137292318455195,1.064301757667879,3.817282174557059,1.927286008415662,1.8253084461704654,2.1987525431247357,0.9098100591169745,FAR
673,702,687,train,30,True,1.3771364802074935,1.173514584573832,0.9512157706654959,0.9208234151104607,1.0679521462990154,3.817282174557059,1.9147055306347316,1.8159602541064994,2.17053074026403,0.910045908536235,FAR
674,703,688,train,30,True,1.3576511489349905,1.1651828821841619,0.974348712806504,0.9093372446055998,1.0555694785280545,3.817282174557059,1.8936412937036025,1.7936300469768713,2.183452002882902,0.9059260092710644,FAR
675,704,689,train,30,True,1.3048319434956734,1.142292407177634,1.0417844073344253,0.8864200573149259,1.0305890604937125,3.817282174557059,1.8682523840657053,1.7650072357805306,2.2177904854421744,0.9022112499548891,FAR
676,705,690,train,30,True,1.3122841356202097,1.1455497089258981,1.05158295081895,0.8897945722208449,1.0363229954782576,3.817282174557059,1.8908547313732975,1.7830723918208484,2.242631174602663,0.9046512669013248,FAR
677,706,691,train,30,True,1.2998818044014746,1.1401235917221757,1.129560738206553,0.8807547627083369,1.0264520847239584,3.817282174557059,1.875450656910192,1.767069221074699,2.2636874351323515,0.9002989607236225,FAR
678,707,692,train,30,True,1.2169706878257758,1.1031639442194328,1.129777853055,0.8477479594227936,0.9891522554750358,3.817282174557059,1.806008922845773,1.7022340636330116,2.2807032534052833,0.896650276378396,FAR
679,708,693,train,30,True,1.2177312059612506,1.1035085889839058,1.128667333606668,0.8499773729632687,0.9895851119416574,3.817282174557059,1.798113114875207,1.6961314737560191,2.2624707271293896,0.8967624917653361,FAR
680,709,694,train,30,True,1.2107624075612011,1.1003464943194945,1.1384320916232145,0.8460567186503154,0.9850974865489025,3.817282174557059,1.7924724642084577,1.6880440960147167,2.2666743437121335,0.895261166945538,FAR
681,710,695,train,30,True,1.0972485351761165,1.0474963175000267,1.260303354668711,0.8136046975393589,0.9450328029491962,3.5008920989934293,1.7108625045262904,1.609524637178921,2.254688495427246,0.9021824584592606,FAR
682,711,696,train,30,True,0.9872982154091728,0.9936288116843094,1.1420952149010006,0.7792317814602259,0.9115292777036589,3.5008920989934293,1.6793290320995164,1.5780835036607983,2.2828524771965304,0.9173740404714283,FAR
683,712,697,train,30,True,0.8855261423888644,0.94102398608583,1.0932357234697956,0.7495639269907244,0.8818245391215408,2.7721513952460746,1.6384247776530678,1.54020635039036,2.294458322524167,0.9370903953144403,FAR
684,713,698,train,30,True,0.8799872827661651,0.9380763736317875,1.1078208410301225,0.7470752100165666,0.8788722857551049,2.7721513952460746,1.6373645560018812,1.5379263254913,2.2984541755589847,0.9368877742358307,FAR
685,714,699,train,30,True,0.8791276299003487,0.9376180618462662,1.1372121780460742,0.7431378510326049,0.8783135033271544,2.7721513952460746,1.6523219684328174,1.5503793465695181,2.3349171758394003,0.9367497695145345,FAR
686,715,700,train,30,True,0.8833360254781882,0.9398595775317652,1.1578653000311006,0.7458494893261277,0.8815408150663139,2.7721513952460746,1.662349797153546,1.5584462150006078,2.33861441546986,0.93794949388226,FAR
687,716,701,test,30,True,0.9112879249840508,0.95461401884953,1.179224200901331,0.7586316970435946,0.8988232962250904,2.7721513952460746,1.698696079538575,1.5927279082825234,2.340483794215104,0.9415567742325043,FAR
688,717,702,test,30,True,0.9108855999954284,0.9544032690615788,1.1657915374667502,0.7589725194207546,0.898516773744478,2.7721513952460746,1.698003677632029,1.591290541209336,2.337710207095948,0.9414435206492415,FAR
689,718,703,test,30,True,0.907412229202995,0.9525818753277825,1.1593673560392173,0.7553193997929155,0.8964129444518066,2.7721513952460746,1.7028062744716173,1.5961033442979253,2.358237830112524,0.9410350623597072,FAR
690,719,704,test,30,True,0.904396821987423,0.9509978033557296,1.1568529701286505,0.7507236143873753,0.8937206569976243,2.7721513952460746,1.7103223057643118,1.6037576684478265,2.402030213958894,0.9397715261213067,FAR
691,720,705,test,30,True,0.8857275697037107,0.9411310056010856,1.150014793391427,0.7407264555203203,0.883108642948032,2.7721513952460746,1.6917699498381729,1.58687350277042,2.4081097669833627,0.9383482614984132,FAR
692,721,706,test,30,True,0.863091993154093,0.9290274447798047,1.121039759192411,0.7293289180112925,0.8705880395583172,2.7721513952460746,1.6757311595347497,1.5661310432312439,2.419690415115589,0.9370961476435837,FAR
693,722,707,test,30,True,0.9552009793403984,0.977343838851199,1.064867680161891,0.7606619411327313,0.90704821207644,3.0189965961584226,1.7400489218423698,1.627129311430049,2.427452741828192,0.9280748248667667,FAR
694,723,708,test,30,True,1.0201683246723965,1.0100338235288937,1.0060578460949734,0.7799733729770612,0.9288792532258323,3.7257319141501157,1.788280223629866,1.6751378787853957,2.4299495374642732,0.9196516310517993,FAR
695,724,709,test,30,True,1.0378189248509289,1.0187339813959917,0.9682565365619581,0.7872073871438268,0.9377750858292935,3.7257319141501157,1.802039358265081,1.688186407248906,2.424997227157675,0.9205298958853236,FAR
696,725,710,test,30,True,1.0659585016809434,1.0324526631671513,0.9656074536683227,0.8014469436101392,0.9558307175536369,3.7257319141501157,1.8466779670932307,1.729392375957473,2.4471438336987856,0.92578648072981,FAR
697,726,711,test,30,True,1.120613565243686,1.058590367065413,0.9259436329836864,0.8266753702659353,0.9870225105736773,3.7257319141501157,1.9207794948301717,1.7998512520719694,2.4596788228848463,0.9323932479282487,FAR
698,727,712,test,30,True,1.1297374384844825,1.0628910755503043,0.9583074493107695,0.8283181241110927,0.9907612839145761,3.7257319141501157,1.943533490393823,1.8174148639896786,2.47853805663368,0.9321381152829951,FAR
699,728,713,test,30,True,1.0470821911760628,1.023270341198289,0.9864619311915461,0.8005381938975115,0.9625879024964558,3.7257319141501157,1.9117069990748161,1.7854742582260446,2.491550114884908,0.9406975495539414,FAR
700,729,714,test,30,True,0.9966732310763146,0.9983352298082616,0.9533026636476571,0.7789203471431227,0.9365264151860109,3.7257319141501157,1.8671045725260127,1.7421889026464659,2.489444954797901,0.9380881163192832,FAR
701,730,715,test,30,False,0.9489701378188897,0.9741509830713562,0.9365965073901843,0.7583885588349503,0.9129111868783137,3.7257319141501157,1.8353775792770846,1.7114878254500832,2.5061798681025578,0.9371352108068892,FAR
702,731,716,test,30,False,0.9375361449898808,0.9682645015644644,0.9450295310568166,0.7512737516180314,0.9035872678039703,3.7257319141501157,1.8069608875760013,1.685718424892798,2.482742280540285,0.9332029278611448,FAR
703,732,717,test,30,False,0.8908471623922918,0.9438470015803895,0.9731495890673623,0.7253067045274526,0.8749636716880698,3.7257319141501157,1.7710783437357434,1.6491299811109257,2.513686697445771,0.9270185424364535,FAR
704,733,718,test,30,False,0.88643474947932,0.9415066380431526,0.968195032520297,0.7218687579893289,0.8708761834965721,3.7257319141501157,1.7683889500571432,1.6464847542384538,2.5316921049309467,0.9249814587676405,FAR
705,734,719,test,30,False,0.8836335809533191,0.9400178620395035,0.9671258405535276,0.7197935097552313,0.8687220827822684,3.7257319141501157,1.759654091199903,1.637476018821488,2.526195694568515,0.924154867544167,FAR
706,735,720,test,30,False,0.889993335622677,0.9433945810861312,0.9564821288365218,0.7263028781247212,0.8727180070897186,3.7257319141501157,1.747958994105057,1.6297016405329823,2.481731916784886,0.9250827009043845,FAR
707,736,721,test,30,False,0.9243177947975496,0.9614144760703105,0.9369922359308072,0.7481740898151059,0.8941334645823447,3.7257319141501157,1.7733460578281435,1.6557860853127988,2.4382685384974834,0.9300187243248401,FAR
708,737,722,test,30,False,0.9699366941293207,0.984853640968708,0.9334550982972888,0.7731977838239394,0.9188533813871772,3.7257319141501157,1.8008706883371646,1.6821068082495287,2.40114320403048,0.932984702664436,FAR
709,738,723,test,30,False,0.9663878234638618,0.9830502649731914,0.9220084713077116,0.770940747411612,0.9167751174996345,3.7257319141501157,1.797347974220301,1.6784273824829055,2.40297126736553,0.9325821376230805,FAR
710,739,724,test,30,False,0.9565802313751406,0.978049196807165,0.9120739675832337,0.7636579252489935,0.9083631038215109,3.7257319141501157,1.7819791374699163,1.6671213412287884,2.4048948497663702,0.9287499103182704,FAR
711,740,725,test,30,False,0.979666416629976,0.9897809942759944,0.8927065911145057,0.7724080407887561,0.9200172137618472,3.7257319141501157,1.8020116182574755,1.686311036223384,2.4084563922740094,0.9295159424987969,FAR
712,741,726,test,30,False,0.9581063883864626,0.9788290904884583,0.895036237414152,0.762912516346576,0.9089261928231461,3.7257319141501157,1.775705820905406,1.6602804006498575,2.4050704850206004,0.9285851857647293,FAR
713,742,727,test,30,False,0.923997128453038,0.9612476936008939,0.8703152420566448,0.7498933722830742,0.8921335328626765,3.7257319141501157,1.7417136812444896,1.626056642560883,2.395972944406211,0.9280995302268956,FAR
714,743,728,test,30,False,0.9251557228941208,0.9618501561543361,0.8631396132957707,0.7471845071555673,0.8927747683330873,3.7257319141501157,1.7472281012804096,1.6312427937795817,2.4103471304588795,0.928184876428751,FAR
715,744,729,test,30,False,0.9261929786865626,0.9623892033302133,0.8689541616466596,0.7478679490568874,0.8934474994991054,3.7257319141501157,1.7517065486240746,1.6335151276284807,2.4145352430948512,0.9283640094957999,FAR
716,745,730,test,30,False,0.9434188167655683,0.9712974913823098,0.8829251709226484,0.7572826284557513,0.9035561299123928,3.7257319141501157,1.771960492255503,1.6532280162047697,2.403953393992253,0.9302568347278336,FAR
717,746,731,test,30,False,0.9222279479792683,0.9603270005468285,0.9093668131216389,0.7486811624120213,0.8916400860619824,3.7257319141501157,1.7492526114980407,1.631707794106486,2.4060517023176744,0.9284754938206107,FAR
718,747,732,test,30,False,0.9475999684514008,0.9734474656864647,0.931275686484483,0.7587707732882405,0.9062163553705368,3.7257319141501157,1.7819752785125742,1.663244085949541,2.4160057159538497,0.9309350399628221,FAR
719,748,733,test,30,False,0.9842053435262373,0.992071239138721,0.9543018529468351,0.7742317194126211,0.9235759846671978,3.7257319141501157,1.8036640655464926,1.6857873276311148,2.3968295787808676,0.9309573226505506,FAR
720,749,734,test,30,False,1.0122507710323865,1.0061067393832457,0.9622388473636425,0.7902744579866282,0.941395725120777,3.7257319141501157,1.8174266969464825,1.7011983126269654,2.3499846062665535,0.935681760463967,FAR
721,750,735,test,30,False,1.0093877194449963,1.0046828949698487,0.9453962635963901,0.7880365804667405,0.9393189311752274,3.7257319141501157,1.8253519897429438,1.7060154995622085,2.3759144992940695,0.934940702064423,FAR
722,751,736,test,30,False,1.0115358906590537,1.0057514059940724,0.9290348961559659,0.787488202289026,0.9407744177487559,3.7257319141501157,1.8283175506494447,1.7135335203554738,2.3830391224485648,0.9353945837330507,FAR
723,752,737,test,30,False,0.9486643445007287,0.9739940166657743,0.923402320222267,0.765728646072697,0.9197407022472667,3.7257319141501157,1.8160428412517884,1.6982798145045896,2.413574389550863,0.9442981029757962,FAR
724,753,738,test,30,False,0.87901664011347,0.9375588728786423,0.9245944436304301,0.7450054463287044,0.8958376273755196,3.0273014710169317,1.7629379997990138,1.647092027370056,2.409358601170717,0.9555001326209805,FAR
725,754,739,test,30,False,0.8732648244569368,0.9344863960791172,0.9374842507251335,0.7436843724315524,0.8931889207681344,3.0273014710169317,1.755035382717067,1.6408280096864767,2.403981969007586,0.9558073017603497,FAR
726,755,740,test,30,False,0.8653248017805013,0.9302283600173139,0.9563364633092585,0.7425885823158727,0.8891785034688985,3.0273014710169317,1.7401907474723253,1.624252837936532,2.3893529277969154,0.9558712050580233,FAR
727,756,741,test,30,False,0.8208358471442309,0.9059999156425076,0.9867789462291329,0.723967023435528,0.8672708585239903,2.7994617173130445,1.6827027399350198,1.571706726215638,2.378306129665688,0.9572526923569835,FAR
728,757,742,test,30,False,0.8027345442436551,0.8959545436257662,0.9649927808169991,0.721481317859477,0.8594627078277318,2.650755314228728,1.656731660873424,1.5483469781019663,2.3579904614994778,0.9592704383747434,FAR
729,758,743,test,30,False,0.7821620209841144,0.8843992429802925,0.9501758480338897,0.7088569004399076,0.8475871207361914,2.650755314228728,1.6451024792725302,1.5359766303344278,2.3822724313819017,0.9583761264651813,FAR
730,759,744,test,30,False,0.7876801190184828,0.8875134472324815,0.9634138927538812,0.7113805341366042,0.8518928863391312,2.650755314228728,1.663457637407152,1.5532512723882115,2.40526122582143,0.9598647648613942,FAR
731,760,745,test,30,False,0.7919599828408599,0.8899213351981511,0.9845842506849446,0.7149333868081149,0.8549432471949816,2.650755314228728,1.6697870004439375,1.5564760827877335,2.401362316709092,0.960695303483896,FAR
732,761,746,test,30,False,0.8754540170093517,0.9356569975206468,1.0198937600229707,0.7505652068424454,0.8942306408756291,2.9405557897851926,1.7410344016013313,1.6225248759820128,2.4038796000112046,0.9557248470809373,FAR
733,762,747,test,30,False,0.8888130167198143,0.9427688034294592,1.0315382238926833,0.7602259731284579,0.9060759551069657,2.9405557897851926,1.7652574336196853,1.644663896940098,2.4009061631868036,0.9610796961152958,FAR
734,763,748,test,30,False,0.9071634531460233,0.9524512864950224,1.0318340493044975,0.7721490851531502,0.9195562640716238,2.9405557897851926,1.7832353063839759,1.6620190342610033,2.371817658628418,0.9654627770576585,FAR
735,764,749,test,30,False,0.9162717572205122,0.9572208508074364,1.0718164927835463,0.7787209184023325,0.9259381089512674,2.9405557897851926,1.7995108121797239,1.678945554003501,2.3688493968480397,0.9673192013841098,FAR
736,765,750,test,30,False,0.9126786700815825,0.9553421743446598,1.1210956218617667,0.7766808081469153,0.923755120028496,2.9405557897851926,1.79199874716355,1.6726523756479081,2.363909147013779,0.9669363970685878,FAR
737,766,751,test,30,False,0.8845837017016218,0.9405231000361564,1.146230216454654,0.7604910007306536,0.907870796419561,2.9405557897851926,1.7782364264136001,1.6560348602145318,2.395253570613006,0.9652828265298958,FAR
738,767,752,test,30,False,0.8346831374397495,0.9136099481943865,1.1062399233995728,0.7332620779558698,0.8787442126484771,2.9405557897851926,1.738287517136826,1.6170841316617712,2.4145794690813793,0.9618373950340446,FAR
739,768,753,test,30,False,0.8279618421132025,0.9099240859067323,1.0843652092492782,0.7289139580963416,0.8742986089105222,2.9405557897851926,1.7339098537848776,1.6132219970203214,2.4236375426141574,0.9608478580268489,FAR
740,769,754,test,30,False,0.9024890395636795,0.9499942313317905,1.0721872014186211,0.7635237499089763,0.9111887521352214,2.9405557897851926,1.7898708182764274,1.6674056347485158,2.407765056733873,0.9591518791201837,FAR
741,770,755,test,30,False,0.8984809274266878,0.947882338387359,1.0368346899393996,0.7623006865106242,0.9094290960791203,2.9405557897851926,1.789895717814258,1.6679559722428976,2.4103554050685263,0.959432473049704,FAR
742,771,756,test,30,False,0.9013064469759404,0.9493716063670434,1.025840804176759,0.7630245708571995,0.9111289805571536,2.9405557897851926,1.805424691413151,1.6791663368125465,2.4305882848296947,0.9597179591706637,FAR
743,772,757,test,30,False,0.9699484399865388,0.984859604200791,1.0203871813575418,0.7863710195075747,0.9398579988233374,3.135315239994274,1.868135190220545,1.7373864792638936,2.4444958348331194,0.9543065781300146,FAR
744,773,758,test,30,False,0.9917275294444845,0.9958551749348318,1.0186076107412638,0.795996277748196,0.9500711831345497,3.135315239994274,1.8865961817131267,1.7572043579273635,2.441045063124578,0.954025451739729,FAR
745,774,759,test,30,False,1.004439512927295,1.0022172982578652,1.023325703171895,0.8011772197741129,0.9572260668623275,3.135315239994274,1.8948470641642545,1.7683793907422822,2.432130874591604,0.9551083068774155,FAR
746,775,760,test,30,False,1.069966083233333,1.0343916488609781,1.0365925359781643,0.8207120274434553,0.9812465482844368,3.342741795389249,1.930803107522377,1.803032008956773,2.419411601662213,0.9486218777625843,FAR
747,776,761,test,30,False,1.1067114737679624,1.0520035521650877,1.0221487111023988,0.8377193175482757,0.9998222895111968,3.342741795389249,1.9622548851854789,1.832000431481648,2.403767009822394,0.9503982067869461,FAR
748,777,762,test,30,False,1.1349132695104625,1.0653230822198787,1.0097572230397627,0.8494886167629592,1.01103836238606,3.342741795389249,1.9786437781295751,1.845816723920769,2.3910892825976893,0.9490438903091235,FAR
749,778,763,test,30,False,1.1138036337544284,1.0553689562207278,0.9639531740528587,0.8426005452963906,1.0020982840749457,3.342741795389249,1.981795559319204,1.843483657253555,2.411857210673442,0.94952412440049,FAR
750,779,764,test,30,False,1.1107476843518844,1.0539201508425031,0.9510318796331956,0.8408228580717333,1.000617699246081,3.342741795389249,1.9822818059220586,1.8447922892092674,2.416791491838893,0.9494245825418441,FAR
751,780,765,test,30,False,1.1069050405946501,1.0520955472744147,0.9522469132865102,0.8397201980979928,0.9974730113499758,3.342741795389249,1.9599332835635808,1.826311131060273,2.37741640165625,0.9480821527417872,FAR
752,781,766,test,30,False,1.109098798286986,1.053137597034208,0.9634093554612192,0.8429779198585846,0.9988777187746134,3.342741795389249,1.956003222310908,1.8236472255996499,2.35965781002019,0.9484778832201998,FAR
753,782,767,test,30,False,1.0761163432749923,1.0373602765071508,0.9814055533857379,0.8301717780684672,0.9806755610623298,3.342741795389249,1.9075092766906203,1.779197310419036,2.337247906087915,0.9453567707106721,FAR
754,783,768,test,30,False,1.1607729625833116,1.0773917405397684,1.0270428302741288,0.8559653220281541,1.0085800634762228,3.342741795389249,1.9310195500696132,1.8052557903065258,2.3173399355983952,0.9361312376229363,FAR
755,784,769,test,30,False,1.1332686220309744,1.064550901568814,1.0393901995564159,0.8419430404595002,0.991002955605233,3.342741795389249,1.89279921371446,1.7692067606953894,2.3021527059168365,0.9309117620818373,FAR
756,785,770,test,30,False,1.1217089438670482,1.0591076167543354,1.0491174672893793,0.8365040627225497,0.9839939792964788,3.342741795389249,1.8759754938508881,1.7549519056856444,2.293386209316169,0.9290783710081848,FAR
757,786,771,test,30,False,1.1266044724207123,1.0614162578464268,1.0513920666641607,0.8409975735022747,0.9873170103541811,3.342741795389249,1.8798974305681502,1.758349194624021,2.2828656876826092,0.9301883243784204,FAR
758,787,772,test,30,False,1.1045962637400193,1.0509977467816092,1.0259589951936425,0.8287872531509765,0.9743277118798043,3.342741795389249,1.8532777354062033,1.7350425691843294,2.2821552379325194,0.9270502385598963,FAR
759,788,773,test,30,False,1.101260768896508,1.0494097240337104,1.003551352593558,0.8281411713193606,0.9717600503105523,3.342741795389249,1.8395693431958766,1.723046392562531,2.2593681158029977,0.9260063329462119,FAR
760,789,774,test,30,False,1.096116772390587,1.0469559553250494,0.988596205090287,0.8236772390237992,0.9677762183976648,3.342741795389249,1.8354127845645996,1.7172150641450277,2.2763067674337214,0.9243714728163502,FAR
761,790,775,test,30,False,1.0930030883939967,1.0454678801350124,0.9646840033348248,0.820509785057726,0.9655976305527302,3.342741795389249,1.8320482723939373,1.7167282149705423,2.283936562093156,0.9236033443973739,FAR
762,791,776,test,30,False,1.0101553639113283,1.005064855574668,0.9316608415623744,0.7844766956387351,0.9269788458048326,3.342741795389249,1.7673700278631217,1.65589185046759,2.2992091164855233,0.9223074915646234,FAR
763,792,777,test,30,False,1.0226717088352038,1.0112723217982402,0.9234344968080616,0.7925391158252658,0.9343260072943222,3.342741795389249,1.7680441069053807,1.6590544400930465,2.275432775572413,0.9239113808958082,FAR
764,793,778,test,30,False,1.00678010045239,1.0033843234037445,0.9407513380242178,0.7833225242521722,0.923236198958093,3.342741795389249,1.7444455289302376,1.6401968108337885,2.2728257338850164,0.9201222078358091,FAR
765,794,779,test,30,False,1.0386721797709728,1.0191526773604496,0.9465127460646341,0.7957885565147594,0.938577031400862,3.342741795389249,1.7701462918283661,1.6636125613649166,2.2653286911069643,0.9209385916855224,FAR
766,795,780,test,30,False,1.1001842443025334,1.048896679517355,0.9778236833298499,0.8175134913194024,0.9646216355962688,3.342741795389249,1.8176152179354668,1.7085284140566375,2.2705811321766003,0.9196536269331456,FAR
767,796,781,test,30,False,1.0938976638911524,1.045895627627897,0.9806142014340344,0.8121518223120373,0.9590309426884389,3.342741795389249,1.801637777931061,1.6958189786892568,2.268781940878943,0.9169470809085719,FAR
768,797,782,test,30,False,1.1475419344278341,1.0712338374173185,0.9813099750480796,0.838763205946633,0.989581131500388,3.342741795389249,1.8441944058918527,1.7387120067774182,2.2526550370228273,0.9237769541393592,FAR
769,798,783,test,30,False,1.1481971636321981,1.071539622987502,0.9601399757293312,0.8417438439577669,0.9900516245452228,3.342741795389249,1.8389005002600196,1.7307960259183306,2.233303623461366,0.9239524169763439,FAR
770,799,784,test,30,False,1.1248364976467866,1.0605830932306939,0.9747459003451484,0.8332588537017298,0.9819513741421008,3.342741795389249,1.8323554240110456,1.7232022919118717,2.240723566342088,0.9258599165020921,FAR
771,800,785,test,30,False,1.1095781271157428,1.0533651442475884,0.9767091611320644,0.8279586259619405,0.9743054182922604,3.342741795389249,1.8209106450067616,1.7088113284649105,2.240138549517405,0.9249455648052605,FAR
772,801,786,test,30,False,1.0987929805468672,1.0482332662851657,0.9774159639469817,0.8229504398323837,0.9671011624625105,3.342741795389249,1.7969810206085326,1.6908608430073204,2.223728467936239,0.9226010980264162,FAR
773,802,787,test,30,False,1.0196356480036288,1.0097700966079501,0.9914065930173174,0.7908300721364588,0.9301647161697141,3.342741795389249,1.7281361700830162,1.6244511021262318,2.2350042324527566,0.9211648466263272,FAR
774,803,788,test,30,False,0.9862564897430541,0.9931044707094285,0.9733467675797399,0.7754323246998374,0.9127460167153826,3.342741795389249,1.7072269684955472,1.600268693027776,2.2576405860927324,0.9190835844927358,FAR
775,804,789,test,30,False,0.9714536236799983,0.9856234695257607,0.9569287609974116,0.7709393908625867,0.9042162703940362,3.342741795389249,1.683459169480347,1.5779022108417633,2.2389402718873495,0.9174053767501151,FAR
776,805,790,test,30,False,0.9426284894526874,0.9708905651270319,0.9608017137824452,0.7673551609589838,0.8951412293507917,2.8378948719366712,1.6460272162291294,1.5431268305505297,2.216691199357672,0.9219795325064992,FAR
777,806,791,test,30,False,0.932347719397496,0.9655815446649216,0.9378752400884659,0.7644554753642427,0.8908705480429722,2.8378948719366712,1.6279493425851115,1.5272631357012836,2.205399479727996,0.9226259066002801,FAR
778,807,792,test,30,False,0.8863863440453648,0.9414809313232875,0.9136969310785673,0.7476227317173816,0.8702929459391466,2.8378948719366712,1.5843173734858476,1.4844084054467324,2.198806257414937,0.92438722547032,FAR
779,808,793,test,30,False,1.0687979768350035,1.0338268601825953,0.9559295003573061,0.795686343016851,0.9208331329286612,4.078892052288448,1.6396808940524645,1.5444487819248767,2.164851829208468,0.8907034324548532,FAR
780,809,794,test,30,False,1.1390815721537006,1.0672776452984016,0.9902879521774052,0.8217287841271687,0.9461289146256434,4.078892052288448,1.673281626440492,1.576244337979784,2.150893508348353,0.886488083764852,FAR
781,810,795,test,30,False,1.1693816286823586,1.0813795026180026,1.0058318898778833,0.8364860188520117,0.9642569445927321,4.078892052288448,1.7170766199863523,1.6157251402289607,2.1665983422015938,0.8916915312878424,FAR
782,811,796,test,30,False,1.159172708573674,1.0766488325232486,0.9957130882510178,0.8290515864745643,0.9568714602708234,4.078892052288448,1.7130252950517553,1.6098719158814183,2.1903754854958026,0.8887498238662337,FAR
783,812,797,test,30,False,1.1498554179645437,1.072313115635794,0.98764790095078,0.8203291069057607,0.9473738599949738,4.078892052288448,1.6946525995904755,1.5934860002809874,2.191170095588975,0.8834862188860375,FAR
784,813,798,test,30,False,1.0359953506807174,1.0178385680847024,0.9823395134840593,0.7791907422798041,0.9020134787974499,4.078892052288448,1.6356468876579886,1.532894689668512,2.208871939067173,0.8862048531868821,FAR
785,814,799,test,30,False,1.1719384219700573,1.0825610476874075,1.0040691253479577,0.821832225604279,0.9542235527657884,4.3569736841159585,1.7535837939544037,1.6460986353084335,2.233277851394814,0.8814501083372837,FAR
786,815,800,test,30,False,1.2124634714632248,1.101119190398217,1.0332171050858037,0.8376889681903458,0.9741268497667609,4.3569736841159585,1.792774367730843,1.6869034404998198,2.243227507889563,0.8846697598781023,FAR
787,816,801,test,30,False,1.2654322796214343,1.1249143432374904,1.0083396873861448,0.8591761144391646,0.9974381159677884,4.3569736841159585,1.8213479677059765,1.714863487990858,2.230247130431165,0.8866791698087635,FAR
788,817,802,test,30,False,1.2805567662708668,1.1316168814006209,0.9879424024891867,0.8663916826697826,1.0069502570221627,4.3569736841159585,1.841299090847573,1.7327467192438344,2.2360799851201616,0.8898331878681802,FAR
789,818,803,test,30,False,1.2814100628125547,1.1319938439817394,0.9695590390742568,0.8661817472459469,1.0076369534816159,4.3569736841159585,1.847651983787087,1.7379237624422355,2.249139510405183,0.890143492244884,FAR
790,819,804,test,30,False,1.2936626541992682,1.1373929198826886,0.9779154418708991,0.875101876056021,1.016211548324152,4.3569736841159585,1.8538397863981027,1.7445154006094188,2.218643757123448,0.8934568965217092,FAR
791,820,805,test,30,False,1.3170570658145309,1.1476310669437852,0.9692941428455645,0.8885628199278466,1.029487637783251,4.3569736841159585,1.8857654031027897,1.7702172536849436,2.21554135641724,0.8970545216459173,FAR
792,821,806,test,30,False,1.3808670097494535,1.1751029783595366,0.9658725263670395,0.9200027684265809,1.0620061858639853,4.3569736841159585,1.9388279199183427,1.8207255025298041,2.1983730236681907,0.903755845591136,FAR
793,822,807,test,30,False,1.3568378699787405,1.164833837926569,0.9769775193803065,0.9039397265523755,1.0450155483853656,4.3569736841159585,1.9153499894475348,1.7961407465798633,2.2169446189820663,0.8971370116149074,FAR
794,823,808,test,30,False,1.3564878689287645,1.1646835917659202,0.9697181495244042,0.9025363900865274,1.044694643986347,4.3569736841159585,1.9216913499925785,1.7997335066216071,2.2400515949427287,0.896977214560357,FAR
795,824,809,test,30,False,1.3259988184194604,1.1515202205864474,0.9616309587161403,0.8927989337266194,1.0302070926898659,4.3569736841159585,1.8828155574842222,1.76279526930281,2.220403180055031,0.8946495895358233,FAR
796,825,810,test,30,False,1.2993698245871355,1.139899041401095,0.9534126624730342,0.8859653633522644,1.0209099789337934,4.3569736841159585,1.8657760240760453,1.7486069609054056,2.2175469396784604,0.8956143850063709,FAR
797,826,811,test,30,False,1.3251468054742401,1.1511502097790018,0.9598319817683968,0.9007887668874927,1.0383333125695744,4.3569736841159585,1.8919957365064817,1.7744936135868798,2.1992253211978072,0.9019963717583945,FAR
798,827,812,test,30,False,1.277255321546394,1.1301572109872122,0.9764066365336742,0.8790372939058173,1.0134774655128027,4.3569736841159585,1.8640821679953412,1.7419407621046674,2.2224363525569704,0.8967579516017177,FAR
799,828,813,test,30,False,1.2976724683694074,1.1391542776856027,0.9975655541621287,0.8877852574051283,1.0251069132964352,4.3569736841159585,1.8829018003221039,1.7609442996110551,2.225161153647932,0.899884180200003,FAR
800,829,814,test,30,False,1.2829054870061818,1.1326541780288377,0.9744962509464282,0.8815133571703513,1.0191063151450603,4.3569736841159585,1.870683248074193,1.7497695071467563,2.22559604588034,0.899750634318601,FAR
801,830,815,test,30,False,1.261955821888758,1.1233680705310962,0.9656076058189119,0.8654726030440784,1.0026393875741753,4.3569736841159585,1.8433141218153763,1.7251400589904544,2.243552880809086,0.8925297183319053,FAR
802,831,816,test,30,False,1.2546781660159934,1.120124174373535,0.9697086843055991,0.8595307916146461,0.9958913387889423,4.3569736841159585,1.8284897022350222,1.710154082286168,2.2444582601502945,0.8890901219464585,FAR
803,832,817,test,30,False,1.2640696269330036,1.12430851056683,0.9675709579259714,0.8683978987459154,1.0033520126026734,4.3569736841159585,1.8372734741691559,1.7192686180038004,2.2229492239664568,0.8924169862387902,FAR
804,833,818,test,30,False,1.2607030056841135,1.1228103159857918,0.9673162958263929,0.8644150648425897,1.0007958015624636,4.3569736841159585,1.8350968930232805,1.7168487626678173,2.2438805223235954,0.8913311423254932,FAR
805,834,819,test,30,False,1.2596528470678277,1.1223425711732704,0.9713529956109875,0.8639764667837135,1.0000754979610211,4.3569736841159585,1.8311123341778173,1.7128784513494841,2.2389420407684892,0.8910608254978387,FAR
806,835,820,test,30,False,1.1941827541296952,1.0927866919622031,0.9730972464155297,0.8315279077264874,0.9643361593992609,4.3569736841159585,1.7798779243266327,1.6650219302061922,2.251761708825107,0.882455987515462,FAR
807,836,821,test,30,False,1.1868980573954844,1.0894485106674314,0.9665099320063931,0.8295912899653509,0.9609928221154965,4.3569736841159585,1.7692782751964855,1.6557494944114763,2.2446271429885214,0.8820910880191678,FAR
808,837,822,test,30,False,1.1945088681822111,1.0929358939033027,0.9632999999852176,0.8332935202759358,0.9653494869664975,4.3569736841159585,1.7729643297960385,1.663499342441732,2.2395367667210246,0.8832626802280745,FAR
809,838,823,test,30,False,0.9929483736006991,0.9964679491085998,0.943895102715012,0.7737930063806188,0.9039793185895646,4.3569736841159585,1.6904191185614095,1.5808909220721803,2.28235952623311,0.9071835370101248,FAR
810,839,824,test,30,False,0.9034652351717091,0.9505078827509581,0.8971939243539557,0.7387065313189041,0.8672273628115257,4.3569736841159585,1.6455000531323378,1.5357841694059582,2.3111203795661033,0.9123831359521164,FAR
811,840,825,test,30,False,0.8785871193356852,0.9373297815260567,0.8808538915887428,0.7285805407752228,0.8534127027864905,4.3569736841159585,1.6135386929005733,1.5056182105493954,2.299675219960759,0.9104721941055348,FAR
812,841,826,test,30,False,0.8767062117978072,0.9363259111003002,0.8930406628121768,0.7274822071220346,0.851718024145015,4.3569736841159585,1.601888057797699,1.4961800648955565,2.280176516218478,0.9096384218868191,FAR
813,842,827,test,30,False,0.8832320424518175,0.9398042575195207,0.9002150072512538,0.7327035999581256,0.8588814689052137,4.3569736841159585,1.6186973423603122,1.5125342904520058,2.292348999414541,0.9138939965776586,FAR
814,843,828,test,30,False,1.028991932847628,1.0143923958940289,0.9293759246816148,0.7834534005475288,0.9120144986560715,4.3569736841159585,1.695523524781365,1.5888559383497929,2.2756434670075687,0.8990746602080676,FAR
815,844,829,test,30,False,0.9187768092267846,0.9585284603113173,0.9253777350199958,0.7527868210053009,0.8765218368697626,3.3725089865936537,1.621375424806406,1.5175089482680562,2.278735264130904,0.9144452910507007,FAR
816,845,830,test,30,False,0.8830879078803828,0.9397275710972743,0.923839980613676,0.7383128769854663,0.8597719967682999,3.3725089865936537,1.593859484540708,1.4884977176686125,2.2818291954151846,0.9149162195639166,FAR
817,846,831,test,30,False,0.8619259280916473,0.9283996596787654,0.9012393348143172,0.7267035806837563,0.8520482713976435,3.3725089865936537,1.6077602042572574,1.4996871937689311,2.317084142923423,0.9177602151345681,FAR
818,847,832,test,30,False,0.8902370487145415,0.9435237404085504,0.89331489566507,0.737397684182275,0.8646172842457676,3.3725089865936537,1.6175999286124758,1.511081860977453,2.303812215124418,0.916370460240231,FAR
819,848,833,test,30,False,0.9307241231695668,0.9647404434196624,0.9299242744843903,0.7571867403611999,0.8859054623004284,3.3725089865936537,1.655521051141888,1.5489381752560087,2.295116868228827,0.9182837397800055,FAR
820,849,834,test,30,False,0.9212820154229159,0.9598343687443766,0.9301192353974329,0.7513180269270652,0.8795979084342229,3.3725089865936537,1.6469200489321374,1.5415152707890678,2.303432750945431,0.9164059311450617,FAR
821,850,835,test,30,False,0.9442643432823441,0.9717326501061617,0.9528746922088329,0.7595563580914008,0.8890065316710274,3.3725089865936537,1.6507956995140496,1.5505796082478147,2.2894079394371816,0.9148674088226875,FAR
822,851,836,test,30,False,0.8946873880050286,0.9458791614181108,0.9643562726417533,0.7381201878041002,0.867335264673374,3.3725089865936537,1.6154401589134746,1.5163415398505822,2.2973362258746457,0.9169620180372937,FAR
823,852,837,test,30,False,1.0061368749960093,1.00306374423364,0.9649796629411477,0.781095360247272,0.9150470243025316,3.3725089865936537,1.695736395374522,1.5948903083623733,2.282283616436111,0.912252117139021,FAR
824,853,838,test,30,False,1.0325675399661365,1.0161533053462635,0.9957973171779414,0.7975264478565862,0.9317520819706673,3.3725089865936537,1.7172995912803195,1.6159420806174591,2.250997318823601,0.916940462692452,FAR
825,854,839,test,30,False,1.0391896479815133,1.0194065175294462,1.0009706718078402,0.7970353158713777,0.9354694549407757,3.3725089865936537,1.7318321475925214,1.6333928520276217,2.2718481549853524,0.9176608535012177,FAR
826,855,840,test,30,False,0.9933213252323724,0.9966550683322553,0.9863386665463253,0.7745972407954991,0.9104827010564461,3.3725089865936537,1.6927401806681428,1.5945921153977047,2.2810212304251323,0.9135384246628024,FAR
827,856,841,test,30,False,0.9648922518927051,0.9822892913458362,0.9785469088883715,0.7570229350820539,0.8899924584866655,3.3725089865936537,1.6602543611267255,1.5614919374374214,2.3040333518219613,0.9060390521689241,FAR
828,857,842,test,30,False,0.9739422029948358,0.9868851012123122,0.9790414623335337,0.7629951238292959,0.8965594220649292,3.3725089865936537,1.663848353309664,1.5685917683899908,2.2871245942947547,0.9084739661826642,FAR
829,858,843,test,30,False,0.9452549644693017,0.9722422354893361,0.9726249814032777,0.74570479875385,0.8780382746426106,3.3725089865936537,1.636746762798979,1.543737796993009,2.3038434338432765,0.9031064919749018,FAR
830,859,844,test,30,False,0.9292525613455768,0.9639774693142869,0.9806409609180797,0.7399898358724316,0.8702180897795616,3.3725089865936537,1.6204349745934477,1.5294896060701282,2.298017329984541,0.9027369596081746,FAR
831,860,845,test,30,False,0.9378105411350129,0.9684061860268205,0.983930345161185,0.7470972767212353,0.8785431984293913,3.3725089865936537,1.6349280166207574,1.5437100720211625,2.290507004804245,0.9072052730619996,FAR
832,861,846,test,30,False,0.9394098533852928,0.9692315788217452,0.9846910445933473,0.7503112391378026,0.880267046683008,3.3725089865936537,1.6302595082977211,1.5407081487264587,2.2616306741714065,0.9082112736701299,FAR
833,862,847,test,30,False,0.9452278170806558,0.9722282741623265,0.9874603614969789,0.7535618645294864,0.8839210086249804,3.3725089865936537,1.634053440800155,1.5444669415004657,2.2582067085488573,0.9091702351349207,FAR
834,863,848,test,30,False,0.9814287647064662,0.9906708659824747,1.0055467808547094,0.7717173696091193,0.9036719042339897,3.3725089865936537,1.6738516470675358,1.5826247641613256,2.2343213189975106,0.9121817702166847,FAR
835,864,849,test,30,False,1.0263876549390814,1.0131079187031762,1.0099350355957186,0.7879670171580831,0.9252489756971711,3.3725089865936537,1.730504961998805,1.63667492287739,2.2569869864014516,0.9132778044825982,FAR
836,865,850,test,30,False,1.0519408766660872,1.025641690195015,1.0186165089474704,0.8032883292330906,0.9444007261233287,3.3725089865936537,1.783279912325463,1.6854361116434415,2.2833454306991743,0.9207901113533722,FAR
837,866,851,test,30,False,1.0369292449831187,1.0182972282114484,1.0440620828012017,0.7936499670033158,0.9362104559820372,3.3725089865936537,1.7795798511722596,1.6817723443704837,2.3048139391319853,0.919388200266842,FAR
838,867,852,test,30,False,1.0774284720818021,1.0379925202436684,1.0348132140563584,0.8051754033813198,0.9531791897406414,3.3725089865936537,1.8145627833569529,1.716504225451577,2.315425443912571,0.9182910003213539,FAR
839,868,853,test,30,False,1.0864387099982118,1.0423237069155684,1.0417909459269288,0.8135554707904908,0.9587720636808679,3.3725089865936537,1.8194575362864769,1.7204411719296528,2.288822247720732,0.9198409834868425,FAR
840,869,854,test,30,False,1.0809595646885568,1.039692052815908,1.050196739774987,0.8091645852737375,0.9541855965433507,3.3725089865936537,1.8132844976781473,1.7151781417470233,2.3013416390483195,0.9177579014469034,FAR
841,870,855,test,30,False,1.1291089436639334,1.0625953809724251,1.0886738088954409,0.8288458081293869,0.9773270681662289,3.3725089865936537,1.8571924939669102,1.7588832837823807,2.3032348396610316,0.9197546739492095,FAR
842,871,856,test,30,False,1.1426325682901557,1.0689399273533362,1.1073141586798676,0.8350449474616021,0.987286729119965,3.3725089865936537,1.8945491440858893,1.7916227274246692,2.341153313983912,0.9236129214150115,FAR
843,872,857,test,30,False,1.1840289705071352,1.088130952830189,1.1202084592752954,0.8541982326635551,1.0101391525474943,3.3725089865936537,1.9274577228417635,1.8222850251275273,2.326195959288083,0.9283249869146348,FAR
844,873,858,test,30,False,1.052884857814537,1.0261017775126096,1.0717372726139474,0.8120651561357964,0.967076167585294,3.3250613020980673,1.8690177002502724,1.7633468343161112,2.342410343159103,0.9424758720617359,FAR
845,874,859,test,30,False,1.0422809122314691,1.0209215994538803,1.0527960926661515,0.8092703649060843,0.961406931235775,3.3250613020980673,1.8486915889486395,1.7438053532654705,2.324699578784697,0.9417049573150952,FAR
846,875,860,test,30,False,1.0279199362470792,1.0138638647506277,1.0399321968565636,0.7982740082950667,0.9503233523234235,3.3250613020980673,1.8358617528722978,1.7312350936414083,2.3530819107029095,0.9373283587310484,FAR
847,876,861,test,30,False,0.9943178648557062,0.9971548850884231,1.0437927826884579,0.7883149188779038,0.9335684640195574,3.3250613020980673,1.7866762130505298,1.6859913590297118,2.320996537151812,0.936232152076127,FAR
848,877,862,test,30,False,0.9694782003913194,0.9846208409287909,1.0655621854566002,0.781876385435784,0.9227987281720966,3.3250613020980673,1.7671914370058288,1.6673631818717525,2.313120814306507,0.9372122646740063,FAR
849,878,863,test,30,False,0.9665359610270351,0.9831256079601605,1.0630506472631156,0.7791431362763136,0.9216243080695121,3.3250613020980673,1.7645853398590112,1.6633512985067889,2.3162791403223415,0.9374430902901061,FAR
850,879,864,test,30,False,1.0415705639813846,1.0205736445653417,1.076727155064759,0.8098858681451702,0.9543833851645254,3.3250613020980673,1.8162128927245484,1.714460148682332,2.2994062767591092,0.9351440635829799,FAR
851,880,865,test,30,False,1.0028747311367392,1.0014363340406314,1.0631329675234011,0.7928770542688065,0.9367656575589923,3.3250613020980673,1.7859141365210678,1.685346972315456,2.306760367982749,0.9354220789845886,FAR
852,881,866,test,30,False,0.9859288647750051,0.9929395071075604,1.074953736433969,0.7806183417442436,0.9228901358020997,3.3250613020980673,1.7619988940344051,1.6624766918518121,2.3138693298224484,0.9294525287753782,FAR
853,882,867,test,30,False,0.8717439848419289,0.9336723112751759,1.0775357746588605,0.7349908267541684,0.8717687198816099,2.9049481656134715,1.6737145633032897,1.5767726473671853,2.3238669346659835,0.9336988034816837,FAR
854,883,868,test,30,False,0.9922830789377808,0.9961340667489396,1.0468009276945094,0.7643652708433682,0.9093208726586018,3.727792678035259,1.7340488262812548,1.637204053232398,2.3229989313027657,0.9128498893992573,FAR
855,884,869,test,30,False,1.0998257550769837,1.048725776872574,1.077085327871167,0.8008651960671526,0.9454484895005376,3.727792678035259,1.7768588345486376,1.6780467396501308,2.296556341380126,0.901521170119398,FAR
856,885,870,test,30,False,1.1712249292043213,1.0822314582400205,1.088080183615314,0.8316895821328995,0.9793818061665143,3.727792678035259,1.8285950963570226,1.7282062398525442,2.284821270839513,0.9049651982573436,FAR
857,886,871,test,30,False,1.1820477540568095,1.0872201957546639,1.0542807904147449,0.8412176258844732,0.9894512357033627,3.727792678035259,1.8381969263337712,1.7391488425838346,2.2536595211191384,0.9100743709203842,FAR
858,887,872,test,30,False,1.1769202061517219,1.084859532912774,1.0329100039203156,0.8370176607883274,0.9859643028085655,3.727792678035259,1.8394093598213213,1.7374839918413576,2.2712356897974915,0.9088405207274333,FAR
859,888,873,test,30,False,1.2261244707883783,1.1073050486602047,1.0187333271566361,0.8633528670859177,1.0131614404317684,3.727792678035259,1.883162924046054,1.7813921036421234,2.253694738781536,0.9149795186589762,FAR
860,889,874,test,30,False,1.2216135769899445,1.105266292343137,0.996675562971369,0.8575522707653592,1.0105594460827143,3.727792678035259,1.8981683053151124,1.7935277596738977,2.2942473584085104,0.9143130963854453,FAR
861,890,875,test,30,False,1.2297739811840842,1.108951748807893,0.9843833375645907,0.861897784040896,1.0161992882463062,3.727792678035259,1.913530876437267,1.8085425598027467,2.30199892225167,0.9163602377999815,FAR
862,891,876,test,30,False,1.2334773938570711,1.1106202743769227,0.9837422569060477,0.8626984357637671,1.0196215883005237,3.727792678035259,1.9398614306391748,1.829638097731069,2.3548426433806826,0.9180649874886799,FAR
863,892,877,test,30,False,1.228254903566797,1.108266621155215,0.9882917204905275,0.8575892444850186,1.0163660513955892,3.727792678035259,1.9434165834085775,1.833342196558622,2.376113962362914,0.9170772014555196,FAR
864,893,878,test,30,False,1.1987804342746111,1.0948883204576672,0.9902500415439516,0.8458388499495492,1.0014684917085583,3.727792678035259,1.9013199252549067,1.79454754357374,2.3610359905523923,0.9146763857065724,FAR
865,894,879,test,30,False,1.1444823689274477,1.0698048274930563,1.011364189429192,0.8223129075698135,0.9721316425629356,3.727792678035259,1.8398110790813482,1.7330075632478572,2.361336591474244,0.9086999960927409,FAR
866,895,880,test,30,False,1.1298520242192995,1.0629449770422266,1.0245326008160494,0.8137921359714615,0.963218325552111,3.727792678035259,1.8102624908526181,1.7071567337059457,2.351942976249011,0.9061789145778579,FAR
867,896,881,test,30,False,1.1213548518917713,1.058940438311698,1.0314866892152605,0.810320930787537,0.9571740685960453,3.727792678035259,1.796163042081431,1.692371089161043,2.3416766763350134,0.9038979285011515,FAR
868,897,882,test,30,False,1.1122195707594096,1.0546182108988114,1.0184932802885873,0.8109704353292497,0.9539089076667155,3.727792678035259,1.791025967733026,1.6847231283921473,2.336073730148797,0.9045063870590049,FAR
869,898,883,test,30,False,1.1079080991721875,1.0525721349020158,1.0107653869024917,0.8076105046805551,0.9513769923789817,3.727792678035259,1.7952150395661723,1.6871140226003478,2.3534637021814793,0.9038591853541188,FAR
870,899,884,test,30,False,1.157828357598317,1.0760243294639378,1.006154350363885,0.8303247362137729,0.9781936538395698,3.727792678035259,1.8354544231624381,1.7254370038665543,2.3287078337628833,0.9090813535107464,FAR
871,900,885,test,30,False,1.0987075792411463,1.0481925296629175,1.014798206905191,0.8002139912230178,0.9449150112716622,3.727792678035259,1.7781423554010136,1.6686429002567584,2.355188949864295,0.9014708505655276,FAR
872,901,886,test,30,False,1.0954467624994513,1.0466359264326117,1.0365333997796837,0.8030408705815729,0.9428710088335834,3.727792678035259,1.7507290976953531,1.645526209973697,2.3034759550635155,0.900858631947879,FAR
873,902,887,test,30,False,1.103899089326336,1.0506660217815822,0.9994669508823565,0.8041189854790839,0.9461284650251929,3.727792678035259,1.774151113317675,1.6661048019132638,2.323417007016671,0.9005035333881568,FAR
874,903,888,test,30,False,1.112383115547563,1.0546957454866133,0.9816042169269643,0.804547033499133,0.9506214067180156,3.727792678035259,1.7967707681503016,1.6858057428912012,2.351890306148572,0.9013228798788981,FAR
875,904,889,test,30,False,1.1100022866087145,1.0535664604611872,0.9858738597076356,0.8024791523098599,0.9491848020998738,3.727792678035259,1.7956178175959432,1.6835000705311443,2.3564905359941304,0.9009254164036111,FAR
876,905,890,test,30,False,1.1679131190894805,1.080700291056443,0.9768732217327819,0.830926603243877,0.9799083832574049,3.727792678035259,1.8462780779196613,1.7321759919284716,2.3284244702190198,0.9067346343540738,FAR
877,906,891,test,30,False,1.1571419727189345,1.0757053373107965,0.9720738600598088,0.8224551255136923,0.9712420454767836,3.727792678035259,1.8360270873993791,1.7194553804987327,2.341140211203004,0.9028885623128307,FAR
878,907,892,test,30,False,1.1415775425714625,1.0684463218016442,0.9484626175641355,0.8135760899979089,0.9621418117618952,3.727792678035259,1.8236491499343217,1.7083404463104477,2.344838592882264,0.9005055210817747,FAR
879,908,893,test,30,False,1.1152811105960059,1.0560687054335083,0.9726156165673957,0.8056046537856663,0.949578682323475,3.727792678035259,1.7944571581590896,1.6807092842356968,2.33050358634095,0.8991637356905487,FAR
880,909,894,test,30,False,1.0527501465887794,1.026036133178934,0.9775890772638477,0.780157791858101,0.9248876771086423,3.727792678035259,1.7711102897391255,1.65507303232657,2.3689672989183777,0.9014182319711228,FAR
881,910,895,test,30,False,1.046473603030193,1.022972923898865,1.003022485369121,0.7788919713492125,0.9208280648083379,3.727792678035259,1.7556180443724605,1.6405089242310213,2.34934853718213,0.9001490101016344,FAR
882,911,896,test,30,False,1.0551298864412604,1.0271951549930813,1.0134460561989425,0.7841643776500413,0.9290573307641306,3.727792678035259,1.7751922278409304,1.659756073222184,2.3634996540937863,0.9044603902657506,FAR
883,912,897,test,30,False,1.0643780156932152,1.0316869756341869,1.0288428446202151,0.7909413052085518,0.9384713398898057,3.727792678035259,1.7962100081864365,1.680620264498843,2.374424648247998,0.9096473659686547,FAR
884,913,898,test,30,False,0.917264029242468,0.957739019379741,1.1325652088735605,0.7457301104426565,0.8840802168473024,3.139625322882951,1.7100511055165653,1.5956182869245148,2.392625483068053,0.9230909454016584,FAR
885,914,899,test,30,False,0.8629908522728326,0.9289730094425954,1.0077917905872489,0.7285617047616759,0.8690439497127741,2.838952450005948,1.6979244260049418,1.5843271712023779,2.4056661734887603,0.9354889118191064,FAR
886,915,900,test,30,False,0.8268200979095527,0.9092964851518742,0.9413849089561327,0.7140792440928387,0.8557639528500942,2.838952450005948,1.6918734276838707,1.5776525264537173,2.42746617092444,0.9411275275161337,FAR
887,916,901,test,30,False,0.8524779894128902,0.923297346152847,0.9845413627390092,0.7242660778683557,0.8699893690748559,2.838952450005948,1.7263674999770622,1.610497036641135,2.443210671102925,0.9422634784989772,FAR
888,917,902,test,30,False,0.8619621412989524,0.928419162500943,1.0155793832827857,0.7295868592320232,0.8761100832808882,2.838952450005948,1.7421254187431818,1.6266760380622916,2.446490318738909,0.943657906543908,FAR
889,918,903,test,30,False,0.8238761756222599,0.9076762504452014,1.0403278796468414,0.70969042628283,0.8577487073601889,2.838952450005948,1.7200879892822747,1.6039337227577297,2.4741421812400217,0.9449941065875374,FAR
890,919,904,test,30,False,0.8251453289589894,0.9083751036653247,1.0279864166849013,0.7131168389392982,0.8585049405801212,2.838952450005948,1.7077799115059153,1.5941482180161397,2.4432092979305864,0.9450995927959982,FAR
891,920,905,test,30,False,0.8098894827726837,0.8999385994459198,1.0305305180195843,0.7035006402369984,0.8462999270390021,2.838952450005948,1.681217491152735,1.5685932887127292,2.4389534342494126,0.9403974088455119,FAR
892,921,906,test,30,False,0.8498174041512524,0.9218554139078712,1.0187939279830809,0.720904007861741,0.8680364376754033,2.838952450005948,1.7041753185067343,1.5958790529148787,2.4043805835750662,0.941618853216556,FAR
893,922,907,test,30,False,0.8863318842916842,0.9414520084909714,1.0119453806151186,0.7372048996933172,0.8859114177965879,2.838952450005948,1.727279024124821,1.6196189375955692,2.38821804930908,0.9410053935904729,FAR
894,923,908,test,30,False,0.8796744728330179,0.937909629352966,1.0051226345380047,0.7331936334142595,0.8811136904845971,2.838952450005948,1.7169981707128248,1.6108493564474446,2.3863051483007727,0.9394441243688365,FAR
895,924,909,test,30,False,0.8903241670575232,0.9435699057608414,1.006518024872759,0.7401384762735226,0.8897691213172565,2.838952450005948,1.7304193376108574,1.6249687002872437,2.378398603415073,0.9429816655712403,FAR
896,925,910,test,30,False,0.8918829149968067,0.9443955288949683,1.0132725763360426,0.7422417852225011,0.8908767896374232,2.838952450005948,1.731279313709326,1.624732103632911,2.3706273243703664,0.9433301645125671,FAR
897,926,911,test,30,False,0.9102719316959687,0.9540817217073014,1.0090824071531088,0.7498130070514823,0.9025537806510546,2.838952450005948,1.753694785804979,1.6472384281825199,2.3785684044949513,0.9459921096024783,FAR
898,927,912,test,30,False,0.870218863801058,0.932855221243392,1.018260618219338,0.7336424813638724,0.8838178949119647,2.838952450005948,1.7138932247462193,1.611378523295083,2.3705402555604786,0.9474330794160468,FAR
899,928,913,test,30,False,0.9233932098747051,0.9609335096013174,0.9728565993444448,0.7541398703046196,0.9067799080544553,3.0660841003729757,1.7535943461543284,1.6518151132607792,2.3572529544790286,0.9436447985154249,FAR
900,929,914,test,30,False,0.9314685527611875,0.9651261848904461,1.0303198032388265,0.7586747270073266,0.9097121257119962,3.0660841003729757,1.755697495765159,1.655667174929958,2.3507780687785855,0.9425836123338214,FAR
901,930,915,test,30,False,1.007426676644675,1.0037064693647615,1.0407003054163366,0.7952454645622973,0.9487054378972216,3.0660841003729757,1.8165772361906323,1.7161771067699925,2.3168360652428683,0.9452020753613857,FAR
902,931,916,test,30,False,0.999969372178268,0.9999846859718743,1.0455693532065304,0.7877367043629558,0.9432652645254983,3.0660841003729757,1.818715905796206,1.7163221294537094,2.3486274674548264,0.9432797099375066,FAR
903,932,917,test,30,False,0.9581490701695754,0.9788508927153182,1.0660735259119252,0.7721938630305367,0.9232849767371055,3.0660841003729757,1.774465830969727,1.676901561648919,2.344068430634315,0.9432335237248712,FAR
904,933,918,test,30,False,0.9586046609223565,0.9790835821942663,1.0720851208507258,0.7762195489501865,0.9235094252836117,3.0660841003729757,1.760156115020223,1.6641221891872489,2.314102114203819,0.9432385978875214,FAR
905,934,919,test,30,False,0.9533981565758967,0.9764210959293621,1.068760573133341,0.7731827439861354,0.9200631792352479,3.0660841003729757,1.7587046370734323,1.6624253379520761,2.3230384929444323,0.942281135742492,FAR
906,935,920,test,30,False,0.9106380256033391,0.9542735591031217,1.0746292794824672,0.7560950281801527,0.9009039462783451,3.0660841003729757,1.717165926443541,1.6193483114517728,2.316488904340353,0.9440730466482418,FAR
907,936,921,test,30,False,0.9310949003950696,0.9649325885237111,1.0622960110498292,0.7685362410586927,0.915348626823431,3.0660841003729757,1.7403314449465543,1.643228958221817,2.3109703955300978,0.948614066630146,FAR
908,937,922,test,30,False,0.9402135745572541,0.969646107895687,1.098437180908733,0.7724129328104848,0.9210211969888729,3.0660841003729757,1.757832888917824,1.6581692300145383,2.3247732942214383,0.949852930351735,FAR
909,938,923,test,30,False,0.9307729726600531,0.9647657605139462,1.065184005712586,0.7643818237695847,0.9148560929097843,3.0660841003729757,1.7507666932773744,1.6522769577390366,2.3383294782352295,0.9482675799174566,FAR
910,939,924,test,30,False,0.9118256491676234,0.9548956221324001,1.0553394131037674,0.7548742408510065,0.9011248963977063,3.0660841003729757,1.7052082767982293,1.6114420500816466,2.3003277172243433,0.9436894206147713,FAR
911,940,925,test,30,False,0.9245802345040722,0.9615509526302141,1.0454740085771361,0.7590721737779881,0.908829523852813,3.0660841003729757,1.7398253362146483,1.6413772153477573,2.336094624333192,0.9451704263479875,FAR
912,941,926,test,30,False,0.9193197911168625,0.9588116557055731,1.0480624092900241,0.7569726493284921,0.9043066783941747,3.0660841003729757,1.726863311975761,1.6293756410175486,2.3199231458447627,0.9431536141774485,FAR
913,942,927,test,30,False,0.9241139368697154,0.9613084504308258,1.0489178023372256,0.7591764790235882,0.9078065744244695,3.0660841003729757,1.741742601670882,1.642731408433889,2.3360494976071142,0.9443447355712118,FAR
914,943,928,test,30,False,0.9581160190868925,0.9788340099766112,1.0490299662816214,0.7760172729274546,0.9280442373484782,3.0660841003729757,1.7776213274822235,1.6799897765174052,2.327158919893688,0.948111965756741,FAR
915,944,929,test,30,False,0.8949951626859232,0.9460418398178397,1.0438694590227282,0.7526820108934331,0.9012293828238183,3.0660841003729757,1.7430338697515644,1.6431977391502892,2.350410816185181,0.9526316330759218,FAR
916,945,930,test,30,False,0.9058483961735883,0.9517606821956811,1.064307556754096,0.7595468525409583,0.9056452545139017,3.0660841003729757,1.7329151663314193,1.6359821846772606,2.326856787788723,0.951547244444483,FAR
917,946,931,test,30,False,0.8698101701581478,0.93263614028095,1.0474522733867921,0.7411562718720337,0.8819108422157845,3.0660841003729757,1.6878854045999019,1.5912118810684779,2.328243378680255,0.945610838059648,FAR
918,947,932,test,30,False,0.910188468953395,0.9540379808757066,1.0523072082202454,0.7565671201295324,0.8997191350359052,3.0660841003729757,1.7164127688590158,1.6230524824384642,2.3180427173924496,0.9430642731959765,FAR
919,948,933,test,30,False,0.9040589059136901,0.950820122795942,1.0567882587269226,0.754816146178435,0.8953132639568087,3.0660841003729757,1.6986769883976307,1.606946668096291,2.2938996288018805,0.9416221244078089,FAR
920,949,934,test,30,False,0.9167367407199889,0.9574637020378313,1.0707001281209099,0.7617221836525743,0.9019822523543778,3.0660841003729757,1.70653142510476,1.6150127003785382,2.286552125470098,0.9420537305326888,FAR
921,950,935,test,30,False,0.9311333588539472,0.9649525163726697,1.0710295786772734,0.7721029250703417,0.9136502501961944,3.0660841003729757,1.7330186707812956,1.6390314359103384,2.287762571694968,0.9468344138120657,FAR
922,951,936,test,30,False,0.8993118948738801,0.9483205654597395,1.0497096666200916,0.7606503459303623,0.8978603409490742,3.0660841003729757,1.7109498068099913,1.6155339652600142,2.293579131418171,0.9467899080241896,FAR
923,952,937,test,30,False,0.8677652261934086,0.9315391705094362,1.048392030551791,0.7475550172358261,0.8830908529267847,3.0660841003729757,1.6971540272437078,1.599831901152076,2.311487088280329,0.947991110716089,FAR
924,953,938,test,30,False,0.8667817192385833,0.9310111273441275,1.0491186815911018,0.7473532602074885,0.8822843633515759,3.0660841003729757,1.7007060895420738,1.601668503298385,2.319409599453536,0.9476625331734184,FAR
925,954,939,test,30,False,0.8555790418948829,0.9249751574474219,1.0530971018787485,0.739860506488877,0.8730488853764619,3.0660841003729757,1.6818689393567225,1.5851277699930237,2.31703467777394,0.94386198196473,FAR
926,955,940,test,30,False,0.8782215401407746,0.9371347502578136,1.066246241018434,0.7475129021013615,0.8855256884807401,3.0660841003729757,1.7199757266515727,1.6180156899484324,2.3413171370566923,0.9449288784106284,FAR
927,956,941,test,30,False,0.8572843894793704,0.9258965328152873,1.0892736706929989,0.7356972732708383,0.8716492117151705,3.0660841003729757,1.6969640987486676,1.5962628420582152,2.354082383991132,0.941411033330936,FAR
928,957,942,test,30,False,0.86361236585982,0.929307465729088,1.1309321097390732,0.7372433856550799,0.8753976791190623,3.0660841003729757,1.7150061097316747,1.611395734696948,2.374468017650894,0.9419892892308459,FAR
929,958,943,test,30,False,0.8076194698300864,0.8986765101136707,1.2649698684096329,0.7163268154853374,0.8506439972315081,2.730743508811908,1.6569628322213228,1.554279599891547,2.3618603945785255,0.9465519435062488,FAR
930,959,944,test,30,False,0.747831834485338,0.8647727068341935,1.1747642544030403,0.6882185668670693,0.8191092695412132,2.730743508811908,1.6055312766619785,1.503188109365407,2.3763345448710513,0.9471960239585412,FAR
931,960,945,test,30,False,0.6792908873094582,0.8241910502483378,1.1391935092742251,0.6574319566384063,0.7875289243176603,2.7095272203622733,1.5562288965869395,1.4554226580120875,2.3986173400031903,0.9555174423216185,FAR
932,961,946,test,30,False,0.6957338753091045,0.8341066330566521,1.1550694490604925,0.6687722145321906,0.7982760294359468,2.7095272203622733,1.5626563843320807,1.4624943486527386,2.3689562561284507,0.9570431378906542,FAR
933,962,947,test,30,False,0.7015010578186011,0.8375565997701893,1.161772916391207,0.6720599813740707,0.8018767152757789,2.7095272203622733,1.570523099333216,1.4690786334301693,2.3682813861483454,0.9574000318256697,FAR
934,963,948,test,30,False,0.6784282443407742,0.8236675569310559,1.19359395968298,0.6593623786838222,0.7875046641448454,2.7095272203622733,1.548034110740743,1.4473079905318949,2.3770329215792945,0.9560952808182082,FAR
935,964,949,test,30,False,0.678949991043371,0.8239842177149821,1.2063713686965007,0.6604132630415046,0.7878724998372407,2.7095272203622733,1.549449042073767,1.4486248189666184,2.375121457824153,0.9561742602572122,FAR
936,965,950,test,30,False,0.6802581057692954,0.8247776098860198,1.2270079507743565,0.6594380467496718,0.7886509516488075,2.7095272203622733,1.5636929843479506,1.4646417905261222,2.39850815538449,0.9561983038770842,FAR
937,966,951,test,30,False,0.6572007274031066,0.8106791766186588,1.1963982759040142,0.6442945088924614,0.7713032457265274,2.7095272203622733,1.5400618165286113,1.4393794645673643,2.4206528225800725,0.9514284663677087,FAR
938,967,952,test,30,False,0.6635932425397801,0.8146123265331676,1.2176281465371182,0.6477443349342368,0.7747040543324947,2.7095272203622733,1.5426670578933064,1.4401768096062817,2.4149752940920277,0.951009491385289,FAR
939,968,953,test,30,False,0.7217681593580447,0.8495693964344788,1.1310120651820759,0.675903810661327,0.8016884256802475,2.7095272203622733,1.5751883116543384,1.4695685003576722,2.393566557401102,0.9436408950755748,FAR
940,969,954,test,30,False,0.731223376810313,0.8551160019613204,1.0795720833009201,0.6827982889409908,0.8095441423656761,2.7095272203622733,1.5896025005010128,1.4836648965222343,2.394674759923981,0.9467068099636549,FAR
941,970,955,test,30,False,0.7195849571043736,0.8482835357970668,1.0212526224476268,0.677604847780616,0.8026106458154388,2.7095272203622733,1.563472171270662,1.4601288425652563,2.3755609775427846,0.9461584622897193,FAR
942,971,956,test,30,False,0.7228814496325191,0.8502243525285071,1.0065452680726394,0.678156522890786,0.8055644609165938,2.7095272203622733,1.582463894449207,1.475661709295903,2.4144165425060415,0.947472815287991,FAR
943,972,957,test,30,False,0.7182627628001566,0.8475038423512642,0.94938380569163,0.6753375472527092,0.8022028360667057,2.7095272203622733,1.5730556068987493,1.4666470836381804,2.413082907509728,0.9465477275490833,FAR
944,973,958,test,30,False,0.7077910949333581,0.8413032122447638,0.9203386782658731,0.6698296578447335,0.7973106858552714,2.7095272203622733,1.5730823848998965,1.461248185962589,2.4298886996270364,0.9477090711776655,FAR
945,974,959,test,30,False,0.7036185283292068,0.8388197233787524,0.8856060744755349,0.6691181220584229,0.7944605763010203,2.7095272203622733,1.5579708450028658,1.4499854747429481,2.408012367497551,0.9471171863972699,FAR
946,975,960,test,30,False,0.6563288032934717,0.8101412242896121,0.8996358305845741,0.6431297887641383,0.7682426349673247,2.7095272203622733,1.5303516683874,1.4192587989175969,2.4584474235938027,0.9482823635360279,FAR
947,976,961,test,30,False,0.6671850684271141,0.8168139741869712,0.9128070483269372,0.650833534381736,0.7780947193716413,2.7095272203622733,1.5502476320799006,1.439077075666559,2.4593398449284556,0.9525972179236163,FAR
948,977,962,test,30,False,0.6137073883302084,0.7833947844670709,0.9126551286355385,0.6295475745142411,0.7513440616006564,2.5485446670545895,1.4924913814173133,1.379535768723476,2.4434869688353995,0.959087393097443,FAR
949,978,963,test,30,False,0.6530344984012308,0.8081054995489332,0.899217620091208,0.6485105033108951,0.7722077014533131,2.5485446670545895,1.5283579733550279,1.4141788185134698,2.4411182390736585,0.9555778322067384,FAR
950,979,964,test,30,False,0.6736683911159699,0.820773044827844,0.9069830115351976,0.6552971746174698,0.7809396263111762,2.5874950703067654,1.554030705748546,1.4380061102731259,2.452107357478626,0.9514684128972306,FAR
951,980,965,test,30,False,0.6635138084412119,0.8145635693064182,0.9062980484976504,0.647853771748439,0.7734723433176544,2.5874950703067654,1.5371158325672298,1.4225127725788258,2.4559821841888025,0.9495543042469332,FAR
952,981,966,test,30,False,0.6624249656668652,0.8138949352753494,0.9022750672479594,0.6478594617654879,0.7727560549291395,2.5874950703067654,1.5309742790535537,1.4177066455591651,2.4465278612631858,0.949454310915091,FAR
953,982,967,test,30,False,0.6504993703402175,0.8065354117087591,0.9035747178091982,0.6421926075551672,0.7645048413955039,2.5874950703067654,1.5044917862086327,1.3942240129265144,2.4245924460291737,0.9478875078476624,FAR
954,983,968,test,30,False,0.660296083704311,0.8125860469539894,0.9012038051384926,0.648048237190892,0.7714798422061813,2.5874950703067654,1.515536584110536,1.4058848899908225,2.419326774016424,0.9494131053543235,FAR
955,984,969,test,30,False,0.6792402861919434,0.8241603522324666,0.9200420761845618,0.6608424114654288,0.7854578956749511,2.5874950703067654,1.536932801182342,1.4267034906667224,2.4085686052055606,0.9530401378170167,FAR
956,985,970,test,30,False,0.6508277679746219,0.8067389713994372,0.9244267029059229,0.6495613984012578,0.768570226100516,2.5874950703067654,1.4911836043376967,1.3857097085839605,2.386248921350153,0.9526876143931531,FAR
957,986,971,test,30,False,0.6470007714881916,0.8043635816520982,0.9253432245924422,0.6474195333615234,0.7646440718914538,2.5874950703067654,1.4846002891314085,1.377994310858704,2.3844260487556985,0.9506199551214592,FAR
958,987,972,test,30,False,0.6365102868487689,0.79781594797846,0.9150667477724352,0.6434561236396781,0.7581057190670765,2.5874950703067654,1.4605602407433298,1.3562255699145518,2.361690509114995,0.9502263285009493,FAR
959,988,973,test,30,False,0.6316779561420015,0.7947817034519614,0.91760880567046,0.6404533160733695,0.7546956840413941,2.5874950703067654,1.4551354089496578,1.3525557686863807,2.3626871104585616,0.9495634848707986,FAR
960,989,974,test,30,False,0.6510947934030756,0.8069044512227428,0.9471471240140872,0.6540484197547366,0.7688285825371663,2.5874950703067654,1.4780020087995882,1.3751715649485905,2.349349732888866,0.952812419577215,FAR
961,990,975,test,30,False,0.6682798540772593,0.8174838555453309,0.978435270425494,0.6657202512999214,0.7798829895122282,2.5874950703067654,1.4874531200037586,1.3836150191493657,2.323903327931335,0.9540041484880216,FAR
962,991,976,test,30,False,0.6566896489073708,0.810363899064717,0.9911146787204765,0.6574724386415096,0.772817718288579,2.5874950703067654,1.4854414171157047,1.3812823524876392,2.346617735532183,0.953667505648423,FAR
963,992,977,test,30,False,0.6941310875732383,0.8331452979962368,1.0147297670393773,0.6751795727530614,0.7897100185479712,2.5874950703067654,1.4950704687411982,1.3929197327696696,2.3181462472236976,0.9478659009986253,FAR
964,993,978,test,30,False,0.7344157068357969,0.856980575530039,1.0124970263084425,0.6942732890615871,0.8116825427088573,2.5874950703067654,1.5284663639825078,1.4287867574008157,2.3069441238224995,0.9471422875679941,FAR
965,994,979,test,30,False,0.7532155375936403,0.867879909661262,1.0186154942044834,0.7045376812713058,0.8224162834052965,2.5874950703067654,1.5382253832768655,1.4384472041995986,2.2907359680615267,0.9476153028202827,FAR
966,995,980,test,30,False,0.783601909600509,0.8852129176647328,1.0050329149709674,0.7187464076301566,0.8366725086684109,2.5874950703067654,1.5589867755185303,1.4598912818667285,2.275485469720304,0.9451652726392927,FAR
967,996,981,test,30,False,0.7872248326169998,0.8872569146628274,0.9792475815033724,0.7210601227384603,0.8405846772898319,2.5874950703067654,1.5731099207265293,1.47271847707719,2.29508902674004,0.9473971556584242,FAR
968,997,982,test,30,False,0.7864629929165204,0.8868274876865965,0.9781511903760669,0.7213341171393004,0.8401979817277737,2.5874950703067654,1.56738340330737,1.4689312541613135,2.287957538037463,0.9474198684566467,FAR
969,998,983,test,30,False,0.7374823311910407,0.858767914625972,0.9205171413847347,0.6996451072206374,0.8192348146292753,2.5874950703067654,1.5562145459515746,1.4551737981821884,2.318790007965961,0.9539653271583685,FAR
970,999,984,test,30,False,0.7922127678472412,0.8900633504685165,0.9344269444276069,0.7197192838807834,0.8442342718323539,3.1386913189943235,1.6188471622996434,1.514149994624317,2.3367582577252297,0.9485103182688751,FAR
971,1000,985,test,30,False,0.844064291416068,0.9187297161929987,0.9812922464390397,0.7396494275812109,0.8679854876248272,3.1386913189943235,1.6692829026838558,1.5634550152896298,2.3420937425647663,0.9447669671789395,FAR
5,34,19,train,30,False,0.2948813596450782,0.5430297962774033,0.3259340430471736,0.4233898279066343,0.5023800143907606,1.9212432165039843,0.9677966629681514,0.8912360025512603,2.3589160558984252,0.925142630910299,RF
6,35,20,train,30,False,0.29177914333122934,0.5401658479867357,0.3166374717410552,0.42044453340526505,0.49871723106149285,1.9212432165039843,0.9590999792750912,0.8864940220473876,2.3561535154291517,0.9232668687223988,RF
7,36,21,train,30,False,0.2976327595979482,0.545557292681482,0.2987300970552875,0.4256868469895784,0.5035182537107433,1.9212432165039843,0.9698166912871525,0.8971417202385857,2.3538488094695036,0.9229429437848561,RF
8,37,22,train,30,False,0.3065162086039609,0.5536390598611707,0.29335112882274533,0.4330219690380535,0.5109106081100703,1.9212432165039843,0.9804981729097398,0.9073250789786675,2.3368722624504086,0.9228225483913384,RF
9,38,23,train,30,False,0.2906998562417222,0.5391658893529172,0.2772317156392291,0.41770219662376623,0.4939261726242944,1.9212432165039843,0.9502690721948702,0.8792309806217203,2.3468822415442427,0.9160931401225744,RF
10,39,24,train,30,False,0.2888584814061926,0.5374555622618419,0.27287224304834545,0.41666710718197275,0.49129462294844484,1.9212432165039843,0.940776215901607,0.8716100221106814,2.322565060564472,0.914112081901,RF
11,40,25,train,30,False,0.28789063192033393,0.5365544072322339,0.2759487291825921,0.417626088518114,0.49061718089233886,1.9212432165039843,0.9291416364115906,0.8624409139591016,2.2991245598495356,0.9143847749255142,RF
12,41,26,train,30,False,0.28618347993656496,0.5349611947950664,0.27469138961612277,0.41572553451118943,0.4882948887985609,1.9212432165039843,0.924220213648295,0.8588887565461064,2.297669825982578,0.9127669325353917,RF
13,42,27,train,30,False,0.2712515166299145,0.5208181224092673,0.26332792879158234,0.4013487894276145,0.47296968891665025,1.9212432165039843,0.9049161851038049,0.8366902776272162,2.335936673124726,0.9081283245842644,RF
14,43,28,train,30,False,0.2697535513083329,0.5193780427668587,0.26356761818840857,0.3993963580136158,0.4704978154130461,1.9212432165039843,0.9010796451588607,0.8326894986976546,2.3410415699423477,0.9058869968907133,RF
15,44,29,train,30,False,0.26722220338043473,0.5169353957511854,0.2585822898037612,0.3964066991875146,0.46733643961549315,1.9212432165039843,0.9002212133454872,0.8306353232204217,2.360136077159927,0.9040519249729118,RF
16,45,30,train,30,False,0.26881813498420226,0.5184767448827404,0.2519918445128678,0.39739855260267004,0.4685705623376381,1.9212432165039843,0.9074966830930288,0.8355748966193347,2.369215699018101,0.9037446075688714,RF
17,46,31,train,30,False,0.27470343676743625,0.5241215858628953,0.2552688949882758,0.4052802631612123,0.4781614502694798,1.9212432165039843,0.9304043160891649,0.8546106893227792,2.386899537964706,0.9123101646009326,RF
18,47,32,train,30,False,0.2590065848078634,0.5089268953473214,0.2392225078875752,0.3920748626054555,0.4621946866948793,1.9212432165039843,0.8927907251495718,0.8184462648267472,2.388869908998797,0.908175006902417,RF
19,48,33,train,30,False,0.2595573203712667,0.5094676833433762,0.23873839252781046,0.39366265309412124,0.4628835387283416,1.9212432165039843,0.89130083859155,0.8157218960275745,2.3735758953527704,0.9085631019629613,RF
20,49,34,train,30,False,0.2497367403287871,0.4997366709866178,0.2309329811796355,0.38151199743225095,0.4505148365055971,1.9212432165039843,0.8792055894121312,0.8026732493488975,2.4131397230155067,0.9015044575699374,RF
21,50,35,train,30,False,0.25676612005294314,0.5067209488988423,0.237834904324497,0.3882255599625133,0.45830898958404537,1.9212432165039843,0.8949665700486122,0.817033043298585,2.418057125265164,0.9044603160378484,RF
22,51,36,train,30,False,0.2609485848264987,0.5108312684502572,0.24136315739099246,0.3933793116945575,0.4641708519157769,1.9212432165039843,0.9080380332756324,0.8301617123968287,2.412498588242795,0.9086578692098526,RF
23,52,37,train,30,False,0.257254676341731,0.5072027960704978,0.23790886514340903,0.38854143395227914,0.4583766827728154,1.9212432165039843,0.8970826361349035,0.8200589795291381,2.416385053952026,0.9037345344387733,RF
24,53,38,train,30,False,0.2580476312323419,0.507983888752726,0.24196795564448098,0.3898859374838281,0.460003210841596,1.9212432165039843,0.9002365907599107,0.8233345179189513,2.4161578889420734,0.9055468510449436,RF
25,54,39,train,30,False,0.27012044821622344,0.519731130697617,0.24685058572549265,0.4014214983404151,0.4719358509973289,1.9212432165039843,0.9153596998198882,0.8411913444797587,2.3912481005852837,0.9080384512735764,RF
26,55,40,train,30,False,0.2649573118133624,0.5147400429472749,0.24338725338973027,0.39506997338168337,0.4650457167670562,1.9212432165039843,0.9019095208916362,0.8290965667918583,2.3960681945140605,0.9034574308699955,RF
27,56,41,train,30,False,0.2641281534702037,0.5139339971924446,0.25477470563845944,0.39390919240611955,0.4638379906326188,1.9212432165039843,0.9013005551337264,0.828653070338136,2.402389766599564,0.9025244353681722,RF
28,57,42,train,30,False,0.2635180925851633,0.513340133425357,0.2497185773268819,0.39320573829553296,0.4630861806515869,1.9212432165039843,0.8965723490877563,0.8256890073152846,2.3932959569129464,0.9021039862236344,RF
29,58,43,train,30,False,0.2912868746676318,0.5397099912616329,0.2605517879195792,0.40918728580073854,0.479420525204486,1.9212432165039843,0.9207274755162214,0.8494467046271659,2.382247845935489,0.888292847949297,RF
30,59,44,train,30,False,0.2847231123780433,0.5335945205659849,0.25620012106569245,0.40102659797057855,0.4714933571270306,1.9212432165039843,0.9096037603914067,0.838468347786701,2.400394741804541,0.8836173141862786,RF
31,60,45,train,30,False,0.2853990671131724,0.5342275424509414,0.2542688075783778,0.402528354516075,0.47228537364404594,1.9212432165039843,0.905842453771479,0.8371842878241345,2.3769400667177862,0.8840528353841216,RF
32,61,46,train,30,False,0.2669765331222752,0.5166977192926975,0.2523939977188776,0.3900425476394467,0.45991961308607243,1.9212432165039843,0.8953173498493399,0.8238495938722241,2.400834465265121,0.8901134955959394,RF
33,62,47,train,30,False,0.290378642419937,0.5388679266944146,0.24252952996838362,0.40586931373041535,0.4768981324001253,1.9212432165039843,0.9242281857575715,0.8506399697336611,2.3887800131127035,0.8850000320590028,RF
34,63,48,train,30,False,0.28764190964712155,0.5363225798408282,0.2412256849102112,0.4020805398634238,0.47336325384818506,1.9212432165039843,0.9188055443018858,0.845083491992878,2.400336057222433,0.8826092199747987,RF
35,64,49,train,30,False,0.24764758744345966,0.49764202740871843,0.23726090115047557,0.38027606964874994,0.4474853358359186,1.8231400051241584,0.8797345669439232,0.806373532733441,2.4121698847142055,0.8992113028837783,RF
36,65,50,train,30,False,0.25179336279826287,0.5017901581321248,0.2439728902760242,0.38436929040781287,0.4522038078997982,1.8231400051241584,0.8889489210277434,0.8144531940356778,2.408923394388582,0.9011811024414907,RF
37,66,51,train,30,False,0.23999613680302306,0.48989400568186486,0.2681922192728104,0.3734897006735042,0.440573728535896,1.8231400051241584,0.8660165716046629,0.7928175078875989,2.4141521080854558,0.8993245955779315,RF
38,67,52,train,30,False,0.2415338383833313,0.4914609225394541,0.27822049066379295,0.37376444727147756,0.44163043768816757,1.8231400051241584,0.8715572240886605,0.7974336890168373,2.422326207145356,0.8986074323187186,RF
39,68,53,train,30,False,0.24217683656193686,0.49211465794257425,0.27255397798552555,0.3751330064956254,0.4430182232209408,1.8231400051241584,0.8744486170619616,0.8000444309393211,2.4205844524662536,0.9002337485193082,RF
40,69,54,train,30,False,0.2535834927749647,0.503570742572446,0.284316655963965,0.38323420645143474,0.454746015666016,1.8231400051241584,0.9093855600306467,0.8319912331281202,2.4515674411407944,0.9030429634235435,RF
41,70,55,train,30,False,0.24229570086450403,0.49223541203828886,0.2864888952037809,0.374268815594312,0.44449098974656337,1.8231400051241584,0.8918265958394626,0.815609519898977,2.456122971731924,0.9030049014677317,RF
42,71,56,train,30,False,0.2441491549114905,0.4941145159894521,0.28645558790257974,0.3760443025851961,0.4469938568370889,1.8231400051241584,0.8977114397967678,0.8196755059576384,2.4613150188751414,0.9046361569483438,RF
43,72,57,train,30,False,0.24670051229746026,0.49668955323970754,0.29413417056812496,0.38038477774630325,0.4510110985785847,1.8231400051241584,0.8997995496903722,0.8232952710517912,2.4279513127025405,0.9080341948744832,RF
44,73,58,train,30,False,0.26076692737458834,0.5106534317661915,0.31090170778698323,0.39152302655234694,0.4655446882941183,1.8231400051241584,0.9290426229926115,0.8493938764063702,2.4266817005966628,0.9116646620467114,RF
45,74,59,train,30,False,0.2807666761518049,0.5298742078567373,0.31274962076305,0.40609142713619145,0.4821538024980732,1.8231400051241584,0.9589505972417908,0.8789043921002424,2.413578530627183,0.9099401241821409,RF
46,75,60,train,30,False,0.2729276610758451,0.5224247898749111,0.3147339197284625,0.3975553837364786,0.4751563809213493,1.8231400051241584,0.9479467412662148,0.8703399411669932,2.441023992214985,0.909521121758254,RF
47,76,61,train,30,False,0.2695716455873573,0.5192028944327615,0.3086136705674639,0.3941426223230959,0.47080205654439744,1.8231400051241584,0.9355120369828331,0.8608246544348983,2.428028319624774,0.9067785669006279,RF
48,77,62,train,30,False,0.2758827773385723,0.5252454448527586,0.3146851713446295,0.40067702310780096,0.4791622856787322,1.8231400051241584,0.950523233954383,0.8734139524374186,2.417413995913759,0.9122635719631137,RF
49,78,63,train,30,False,0.27561832906782596,0.5249936466928204,0.30971150043224416,0.400330620535429,0.4788359567317731,1.8231400051241584,0.9462610156948962,0.8709468173234541,2.4074627036122376,0.9120795265774811,RF
50,79,64,train,30,False,0.2756062266919355,0.5249821203545274,0.30796258868531406,0.4001997780579277,0.47880728253266924,1.8231400051241584,0.946740184903112,0.8701288171204974,2.412454084941141,0.9120449325194622,RF
51,80,65,train,30,False,0.26823227801648036,0.5179114576995574,0.3073166412846525,0.3927527082010308,0.47048481522410585,1.8231400051241584,0.9335561078252479,0.8562472940250707,2.4225255546686113,0.9084271224928877,RF
52,81,66,train,30,False,0.28189327532338443,0.5309362252882962,0.32312804323518013,0.40234092897964296,0.48164441001426594,1.8231400051241584,0.9510919610099825,0.8727533113270304,2.4087638939046454,0.9071605723507282,RF
53,82,67,train,30,False,0.28576659432472196,0.5345714118101733,0.3285117000153139,0.40802024929587594,0.48765792694000437,1.8231400051241584,0.9588683854374548,0.880592895183843,2.390564126744899,0.9122409395008427,RF
54,83,68,train,30,False,0.2910557504225409,0.5394958298472203,0.33214863843758213,0.4144671305658021,0.494725740327102,1.8231400051241584,0.9694790861644275,0.8929037828577705,2.3793989326837486,0.9170149479509475,RF
55,84,69,train,30,False,0.33230864547423217,0.576462180437045,0.34392197086103293,0.4320792700329317,0.5154429115924689,2.563294809921913,1.0158677266504441,0.9364448437230615,2.39072114365613,0.8941487040861652,RF
56,85,70,train,30,False,0.3551902177959761,0.5959783702417195,0.37062912774667534,0.45179427861725746,0.5354593252443826,2.563294809921913,1.0430465016029724,0.9632197797986968,2.3651436525267115,0.8984542929422231,RF
57,86,71,train,30,False,0.3586640662200994,0.5988856871057275,0.36619327031761095,0.4550724056255756,0.5398939242692576,2.563294809921913,1.055048542788742,0.9729161197814603,2.377319444473568,0.9014974575172049,RF
58,87,72,train,30,False,0.364920484958744,0.6040864879789516,0.3755726864620713,0.4600432485195581,0.5462757100412837,2.563294809921913,1.0729029892335158,0.9883816544813391,2.3913286909433613,0.904300494899197,RF
59,88,73,train,30,False,0.34619710386883085,0.5883851662549209,0.3631749867336715,0.45072120578186864,0.536386897443511,2.563294809921913,1.0575835072671287,0.973967572328297,2.3941843793448974,0.9116254593188003,RF
60,89,74,train,30,False,0.35154080977806923,0.5929087701983073,0.36508121312237857,0.4571408670396184,0.543129887566726,2.563294809921913,1.0710995193342443,0.9835823107619867,2.3892925909606544,0.9160429308290852,RF
61,90,75,train,30,False,0.3762520429667549,0.6133938726191801,0.3948779192690118,0.4731021793399575,0.560719201754292,2.563294809921913,1.1006724020585816,1.010173875037912,2.3783567889443984,0.9141258606970294,RF
62,91,76,train,30,False,0.3717004116675679,0.6096723806008993,0.38358518393697655,0.468604897017513,0.5560718795365973,2.563294809921913,1.0899946257333633,1.003944132001505,2.379529940016866,0.9120831076331967,RF
63,92,77,train,30,False,0.34805568059113184,0.5899624399833703,0.40896070219274855,0.4522643441067835,0.5388114131074346,2.563294809921913,1.059539140550772,0.9776018648116291,2.3907718233652053,0.9132978247269818,RF
64,93,78,train,30,False,0.3471146234364487,0.589164343317252,0.41429493584413046,0.4516395755756499,0.5373004860208488,2.563294809921913,1.051800012063721,0.9726759569247536,2.367045086007061,0.9119704749876969,RF
65,94,79,train,30,False,0.3461891792159586,0.5883784319772085,0.4106124029106139,0.4507032618658826,0.5360348218042775,2.563294809921913,1.0495986964773443,0.9689811812634358,2.3669527090183724,0.9110375103366152,RF
66,95,80,train,30,False,0.3408762834237778,0.583846112793241,0.41149706682807796,0.4449494713466767,0.5296150943937924,2.563294809921913,1.0354205980111566,0.956170710568618,2.367544657448399,0.9071141912035757,RF
67,96,81,train,30,False,0.34326214811811223,0.5858857807782266,0.40013280960986447,0.44713858722312455,0.5327556826742056,2.563294809921913,1.0462763910812425,0.9666352796433152,2.3846260270395003,0.9093166281771697,RF
68,97,82,train,30,False,0.3307881676885123,0.5751418674453393,0.3890318566286053,0.43869395910364417,0.5220568007916226,2.563294809921913,1.0250345400471281,0.9470655190743392,2.3857519784777352,0.9077009175327306,RF
69,98,83,train,30,False,0.33215680604920345,0.5763304660081778,0.40093047966842016,0.43949355808954654,0.5244320152109873,2.563294809921913,1.0340841237333964,0.9559847017306815,2.4156405607789706,0.9099501868144271,RF
70,99,84,train,30,False,0.32335393360182185,0.5686421841561017,0.4064304636475629,0.4332072354564796,0.5162804955438359,2.563294809921913,1.0113444753295004,0.9360230457285258,2.409823506738745,0.9079180369110786,RF
71,100,85,train,30,False,0.3495596363054879,0.591235685920165,0.4143839179123699,0.4500230315713755,0.53543923591218,2.563294809921913,1.0414034189185084,0.9626374022815029,2.4002612735287907,0.9056273981142621,RF
72,101,86,train,30,False,0.3483274599358768,0.5901927311784488,0.4453925385351268,0.4471609000238815,0.5338336942089392,2.563294809921913,1.045170409541629,0.964788296014055,2.4435449070846276,0.9045074024260237,RF
73,102,87,train,30,False,0.35928763498852057,0.5994060685282728,0.4545914125726718,0.45635400198156517,0.5441297619273483,2.563294809921913,1.0602280598144938,0.9798492436027325,2.437693125068945,0.9077815365856322,RF
74,103,88,train,30,False,0.42743579706645707,0.6537857424771949,0.4584271508077667,0.4859930849095129,0.5738268504244576,2.563294809921913,1.0903450298013948,1.0124222559604208,2.404090060162729,0.8776986299062244,RF
75,104,89,train,30,False,0.4069692132996593,0.6379413870408936,0.45206581188720185,0.47117350022557297,0.5565366600819365,2.563294809921913,1.052496536019382,0.9773566592855452,2.3913999096910743,0.8723946609945548,RF
76,105,90,train,30,False,0.4243109441006414,0.6513915443883512,0.4382985045224755,0.48617070329593925,0.5697941224493552,2.563294809921913,1.0683191452720644,0.9915759472961025,2.350747895809277,0.8747336795481203,RF
77,106,91,train,30,False,0.4283279209518653,0.6544676622659559,0.45073610967452576,0.4899231632387903,0.5748646659810844,2.563294809921913,1.083598699274159,1.0042798162848805,2.3687700338733104,0.8783698555719882,RF
78,107,92,train,30,False,0.4226367085336181,0.65010515190515,0.4331554761161227,0.48467788733616385,0.567655375491083,2.563294809921913,1.067987344617881,0.9913625800924866,2.360834893942204,0.873174706934031,RF
79,108,93,train,30,False,0.4192113714419396,0.6474653438153579,0.43573302541114267,0.4788168487811347,0.562303518145237,2.563294809921913,1.0648559731275111,0.9873454991861982,2.402986061906624,0.8684689049636501,RF
80,109,94,train,30,False,0.4366635820087757,0.6608052527097342,0.45676903947096004,0.4935715069751429,0.5804035872320684,2.563294809921913,1.1080565832989278,1.0281563754841412,2.4038669500209555,0.8783277445995377,RF
81,110,95,train,30,False,0.49479812763386516,0.703418884899933,0.4351901769253105,0.5270421597327162,0.6150779477195158,2.563294809921913,1.1541462332364323,1.075405127129931,2.376015710172761,0.8744120479606056,RF
82,111,96,train,30,False,0.49667295473817324,0.7047502782817281,0.4058165397501484,0.5282897817016879,0.6162539655758218,2.563294809921913,1.1556756517887952,1.0762323678602568,2.37397589402621,0.8744288360954299,RF
83,112,97,train,30,False,0.49603021140191117,0.7042941227938163,0.39851982789678697,0.5265668998800521,0.6154509552952966,2.563294809921913,1.1556988121524367,1.0772552917174305,2.3850195576787225,0.8738550207602275,RF
84,113,98,train,30,False,0.5187110769907776,0.7202159932900529,0.38462511326598703,0.5403683734227996,0.631260221523702,2.563294809921913,1.1852010511242845,1.1057224762309255,2.3865842948659477,0.8764873696292305,RF
85,114,99,train,30,False,0.4651645284785639,0.6820297123135941,0.38076499456158713,0.5105250513607303,0.5982672150957765,2.3671526922272763,1.1215369681480007,1.0445145859842901,2.398923967691287,0.8771864396733144,RF
86,115,100,train,30,False,0.44152599419473587,0.6644742238753403,0.36466532983124095,0.49002172969759633,0.5767275912546835,2.3671526922272763,1.092400234646738,1.014821359315231,2.4242655969988705,0.8679457690489457,RF
87,116,101,train,30,False,0.4377228798751931,0.6616062876629825,0.37608140805023116,0.48550710955617304,0.5717742600600556,2.3671526922272763,1.0847086149467944,1.0068238214351541,2.4410648224399636,0.8642213212328377,RF
88,117,102,train,30,False,0.4344099749668113,0.6590978493113229,0.3768182275798835,0.48422067260710855,0.568706084492258,2.3671526922272763,1.0715900787144017,0.9942462288861021,2.418812354712238,0.8628553181996979,RF
89,118,103,train,30,False,0.42233636375372285,0.6498741137741392,0.34935702845879746,0.4746591911379905,0.559579696150091,2.3671526922272763,1.0655566576691453,0.985197129535542,2.4490899893376636,0.8610586024119902,RF
90,119,104,train,30,False,0.4253784221043345,0.6522104124470373,0.3448374004380304,0.477347076908494,0.5623981728274282,2.3671526922272763,1.0646288299417246,0.9870037415640209,2.43520099211107,0.8622956059799148,RF
91,120,105,train,30,False,0.40170400323651023,0.6338012332241948,0.32416843031270304,0.46264950983685144,0.5459465261346211,2.3671526922272763,1.0353027565757609,0.9596551030714344,2.4390612419925493,0.861384449123505,RF
92,121,106,train,30,False,0.4011138105211808,0.6333354644429607,0.32482179338343226,0.4627129595257605,0.5452253311974117,2.3671526922272763,1.0349617324499334,0.9571793325169617,2.437585503707626,0.8608792051096573,RF
93,122,107,train,30,False,0.4016660842413838,0.6337713185695483,0.3264335918608583,0.46422852857078734,0.5458593385435495,2.3671526922272763,1.0363566108825235,0.9568038601979348,2.4316823281476396,0.8612875378702523,RF
94,123,108,train,30,False,0.40082857809784245,0.6331102416624157,0.32670541156355826,0.4621650746878066,0.5442794670765143,2.3671526922272763,1.0362433008688776,0.9560111469510088,2.451259146496501,0.8596914585481191,RF
95,124,109,train,30,False,0.4038118257659928,0.6354618995392193,0.3265404406695362,0.4652801655616145,0.547987795055913,2.3671526922272763,1.0431490829867773,0.9621041621021759,2.4504374966902978,0.8623456346529433,RF
96,125,110,train,30,False,0.4031740624721462,0.6349598904435982,0.32432338153296647,0.46467978511000496,0.5469306397889473,2.3671526922272763,1.0423275003243988,0.9588886190445671,2.4533689863972703,0.8613625018217267,RF
97,126,111,train,30,False,0.39921234043674064,0.6318325256242675,0.3300194204603481,0.46023751095389304,0.54109444075254,2.3671526922272763,1.0315084113714685,0.9462710497716239,2.463992112759138,0.8563890252688783,RF
98,127,112,train,30,False,0.3998639026830419,0.632347928503796,0.3316129036252901,0.4613323358766389,0.5418455377313622,2.3671526922272763,1.0303225709449584,0.9463916436952509,2.4533791508032357,0.8568788056496489,RF
99,128,113,train,30,False,0.42100925725655564,0.648852261502228,0.32786671719542665,0.47689999624662605,0.5597125728254851,2.3671526922272763,1.0561373135885523,0.9735179159313997,2.4187322245692764,0.8626194374812444,RF
100,129,114,train,30,False,0.45155202600027644,0.6719762094005088,0.3247352959350416,0.4942196879610729,0.58060273240055,2.3671526922272763,1.0955327271228903,1.010512672209511,2.400399655976412,0.8640227500293858,RF
101,130,115,train,30,False,0.42972793266518,0.6555363702077711,0.3072846870934378,0.48127352442148214,0.5661361201390979,2.3671526922272763,1.0782081062208058,0.9949023917293646,2.4185612141096624,0.8636227459960185,RF
102,131,116,train,30,False,0.4322201427621065,0.6574345159497685,0.30322444707069596,0.4844206446881131,0.5692075097001829,2.3671526922272763,1.0814268855450797,0.9996206084433759,2.393436296108419,0.8658010735531161,RF
103,132,117,train,30,False,0.419763463807475,0.6478915525051048,0.2961044798152881,0.47287478833776037,0.5567445153091896,2.3671526922272763,1.0642006892973108,0.9832315701412764,2.4092496696525627,0.8593174477372167,RF
104,133,118,train,30,False,0.3378596622472056,0.581256967482718,0.27057196730358446,0.4324128591971805,0.5130800828341495,2.1648936160421473,1.0066595928320683,0.9245067920983986,2.4483893180920315,0.8827078410021888,RF
105,134,119,train,30,False,0.3370360312754608,0.5805480438994354,0.2764961611301993,0.4306166868076653,0.5117633319230961,2.1648936160421473,1.0117111469075946,0.9265923599097713,2.485830265691854,0.881517623391985,RF
106,135,120,train,30,False,0.3266627566149898,0.5715441860565024,0.2715382798821026,0.42176609770692675,0.5048388752686448,2.1648936160421473,1.0065479582096957,0.9211182312673735,2.509327953314087,0.8832893196795407,RF
107,136,121,train,30,False,0.34564668864550724,0.5879172464263208,0.2786841499964186,0.4335411301653151,0.5187733720113417,2.1648936160421473,1.0313049124788896,0.9473612945413115,2.499372660630954,0.8823918249800069,RF
108,137,122,train,30,False,0.36994044218171396,0.6082272948345165,0.27833586147462125,0.452051423395811,0.5392382477421075,2.1648936160421473,1.0653152781719573,0.9789976941727526,2.4866756167802637,0.8865735759011288,RF
109,138,123,train,30,False,0.375579990765915,0.6128458132074617,0.280125180141312,0.45991102009309753,0.5471166485101479,2.1648936160421473,1.076779991170641,0.9912534530454665,2.455854220527222,0.8927476319805371,RF
110,139,124,train,30,False,0.3580641137507074,0.5983845868258201,0.2596951728890459,0.44547486292366073,0.5288637629348245,2.1648936160421473,1.0301916981830572,0.9493247013240502,2.4306892023019846,0.8838191600826912,RF
111,140,125,train,30,False,0.2992328160294744,0.5470217692464115,0.25856930986971965,0.41079964721921414,0.49303125820082894,2.1648936160421473,0.983885924443112,0.9024983738823157,2.4702084557626574,0.9013009827379246,RF
112,141,126,train,30,False,0.29256834838703427,0.5408958757349092,0.24281644668815422,0.4078848220394656,0.48857591392235217,2.1648936160421473,0.9712906377978605,0.8915974152073827,2.460233468622825,0.9032716569682281,RF
113,142,127,train,30,False,0.2923869131225743,0.5407281323572636,0.24592600097950476,0.40794983391620715,0.48834005435031713,2.1648936160421473,0.9757576184864821,0.8952902837778848,2.4739503242946443,0.9031156788928949,RF
114,143,128,train,30,False,0.28574705907977127,0.5345531396220317,0.22815961820733913,0.4032671144752743,0.48464746523994673,2.1648936160421473,0.9707952750964756,0.8889159228454155,2.480878747157811,0.9066403867399003,RF
115,144,129,train,30,False,0.3231391216238086,0.5684532712754924,0.24928916188341047,0.42856102479526353,0.5109424097569193,2.1648936160421473,1.0169755493295323,0.9340218663292542,2.461300120522725,0.8988292188212225,RF
116,145,130,train,30,False,0.3324423914458769,0.5765781746180451,0.2546197305055979,0.437952148361487,0.5225702009096271,2.1648936160421473,1.0366655951673924,0.9555792907288647,2.4549134481150943,0.9063301802150323,RF
117,146,131,train,30,False,0.33400796655062254,0.5779342233772132,0.25791638147955753,0.4396964032742342,0.524847385112312,2.1648936160421473,1.0388308002105273,0.9581372761515866,2.4438922795676485,0.9081438057869574,RF
118,147,132,train,30,False,0.3343497649022423,0.5782298547310077,0.2582656742458171,0.4394886626866608,0.5251898707974453,2.1648936160421473,1.0481691990254594,0.9647062697475423,2.4666619957178026,0.9082717997011126,RF
119,148,133,train,30,False,0.33074811131780896,0.5751070433561121,0.2646328277730099,0.4382563478902563,0.5213311534074029,2.1648936160421473,1.0306726245067928,0.9513869318618605,2.4296376198702814,0.906494120407754,RF
120,149,134,train,30,False,0.36197086533294104,0.6016401460449103,0.2796424719325967,0.4533813560446527,0.5395767451549204,2.1648936160421473,1.0627450201341735,0.9844158878675499,2.433597542161075,0.8968429861305214,RF
121,150,135,train,30,False,0.36350777249773897,0.6029160575882342,0.276288216030614,0.4548602648932119,0.5411261064182689,2.1648936160421473,1.0642029868606486,0.98700852559098,2.4294928049236595,0.8975148357847101,RF
122,151,136,train,30,False,0.35941275319065263,0.5995104279248632,0.2703059982100519,0.4483723389442031,0.5341578993774595,2.1648936160421473,1.052029280344495,0.976379224782676,2.4555052464273097,0.8909901721416023,RF
123,152,137,train,30,False,0.3577797219511504,0.5981469066635305,0.26678838326051896,0.4462064381158629,0.5321931415459552,2.1648936160421473,1.0496179880173118,0.9752262403808613,2.463161207122178,0.8897365105748585,RF
124,153,138,train,30,False,0.36671742852279343,0.6055719845920825,0.265287475340089,0.4562635767819819,0.54319126067886,2.1648936160421473,1.0708668972478035,0.9932779894583434,2.455426272332468,0.8969887552588112,RF
125,154,139,train,30,False,0.3612860254680918,0.6010707325000043,0.2615897978785867,0.44929060733157183,0.535132210669923,2.1648936160421473,1.0567633446991682,0.9808322675564353,2.4660329345233762,0.8902982323630592,RF
126,155,140,train,30,False,0.3665839891947726,0.6054617982951299,0.2632604668478749,0.456044631102524,0.5419567971522862,2.1648936160421473,1.064042583966221,0.9903982782148147,2.442516500182238,0.8951131164316852,RF
127,156,141,train,30,False,0.36801755845047446,0.6066445074757328,0.2650710978987893,0.45865288799367837,0.5444364901385028,2.1648936160421473,1.0626702881106977,0.9914798121129101,2.406840021594475,0.8974555665292684,RF
128,157,142,train,30,False,0.3668986942155385,0.6057216309622255,0.2624207124550356,0.45692918629361223,0.5431210304045669,2.1648936160421473,1.0605884065357711,0.9899811305671505,2.4124630811033256,0.8966512051778409,RF
129,158,143,train,30,False,0.347188394961904,0.5892269469074747,0.2673178453801791,0.4450801749849749,0.5272801700072898,2.1648936160421473,1.0301784114707666,0.959918501590115,2.399886676559313,0.8948677123045555,RF
130,159,144,train,30,False,0.3144607834886143,0.560768030016525,0.25471545985888694,0.4264852444864331,0.5034679149137171,2.0387805476251035,0.981415914884226,0.9140623601474615,2.398669618593741,0.8978185059852299,RF
131,160,145,train,30,False,0.3101266662320646,0.5568901743001617,0.2615774844831186,0.4217314342488866,0.49883553658659374,2.0387805476251035,0.9711519525516911,0.9051764593189624,2.40419865697762,0.8957520883062362,RF
132,161,146,train,30,False,0.31281988841900543,0.5593030380920574,0.2678997294222096,0.42609063572250516,0.5015682450766449,2.0387805476251035,0.9674625973394345,0.9030340043787608,2.3687447179838212,0.896773682452428,RF
133,162,147,train,30,False,0.3134894160225716,0.5599012556001027,0.2662087388304514,0.4259794657751514,0.5025885364251559,2.0387805476251035,0.979859533533133,0.9121985741715648,2.4179782681701525,0.8976378091641909,RF
134,163,148,train,30,False,0.3241383387581162,0.569331484074187,0.274207085592438,0.43540122534663267,0.5142270017912308,2.0387805476251035,1.0039394785353761,0.9369559841848868,2.4131652058139204,0.9032119532743498,RF
135,164,149,train,30,False,0.33750787071944927,0.5809542759283637,0.2666605602903091,0.4473415588224564,0.5277205771820216,2.0387805476251035,1.0268161024463665,0.9587388571302372,2.3899395604900997,0.908368522356988,RF
136,165,150,train,30,False,0.3356506231597847,0.5793536253099524,0.26558160969664363,0.446062147285079,0.5262295284701638,2.0387805476251035,1.0250785914372262,0.9566029943768488,2.3934243290159363,0.9083045405793959,RF
137,166,151,train,30,False,0.31313738016957726,0.559586794134366,0.24567956526329257,0.43029228001680914,0.5079609266454564,2.0387805476251035,0.9907695842417132,0.9235121903414626,2.4083948331945053,0.9077428773694161,RF
138,167,152,train,30,False,0.29754333215726186,0.5454753268088868,0.24096144136557637,0.4190383017012268,0.49746894035143213,2.0387805476251035,0.9802365504234164,0.9134683738784066,2.434751921574871,0.9119916445381695,RF
139,168,153,train,30,False,0.3094750124333354,0.5563047837591687,0.2381810858000394,0.42683441405892114,0.5070859419916983,2.0387805476251035,1.0061677846949362,0.935810759124443,2.4487778766247383,0.9115254026131513,RF
140,169,154,train,30,False,0.3109439196264178,0.5576234568473764,0.24142709036142895,0.42922733780091443,0.5100229063246551,2.0387805476251035,1.0134159998005396,0.9406788715584459,2.4570937412301657,0.9146367500538095,RF
141,170,155,train,30,False,0.310658904927713,0.5573678362874135,0.24192736762637718,0.42916796031541316,0.5095059746310014,2.0387805476251035,1.0084187126995423,0.9366680077360559,2.4361978140117913,0.9141287700144013,RF
142,171,156,train,30,False,0.29763042078495444,0.5455551491691325,0.25173114000639213,0.4165860020638346,0.495810846978621,2.0387805476251035,0.9861310499476409,0.9148858545668641,2.44836608801924,0.9088189301003374,RF
143,172,157,train,30,False,0.29694884043651565,0.544930124361386,0.24984457197233867,0.4167639781059587,0.4948826812819317,2.0387805476251035,0.977609338666377,0.9070569552881931,2.420214320650083,0.9081580539558061,RF
144,173,158,train,30,False,0.28245063058470793,0.531460845768254,0.27766862481745136,0.4069497402598467,0.4842990410878416,2.0387805476251035,0.9684125329913132,0.8935996654885836,2.4534518293110863,0.9112600579027837,RF
145,174,159,train,30,False,0.2487303156217916,0.4987286994166183,0.26087458879462666,0.38588917033759335,0.46274024164959904,1.9132500020215788,0.935030502681752,0.8584472329400885,2.477695375354091,0.9278396093725582,RF
146,175,160,train,30,False,0.25482507344799477,0.5048020141084966,0.2751776658335291,0.3904656509497036,0.46746267825489746,1.9132500020215788,0.9426652253044793,0.8639041323111576,2.473509327753261,0.9260317217245219,RF
147,176,161,train,30,False,0.25512706012061614,0.5051010395164676,0.278233088679026,0.3906339628460064,0.4678560834427115,1.9132500020215788,0.9427146977312036,0.8655085646939734,2.472120013337048,0.9262623650321318,RF
148,177,162,train,30,False,0.25038665816279027,0.5003865087737581,0.27013072414570133,0.38580708144423814,0.4622040443074538,1.9132500020215788,0.9276958969048669,0.8534035428052977,2.465011659990749,0.9236940569003872,RF
149,178,163,train,30,False,0.254064103202205,0.504047719171712,0.2892781351966585,0.3874841479656424,0.4661348544122452,1.9132500020215788,0.938974664861245,0.8630288357695275,2.4845424253129194,0.9247831835807769,RF
150,179,164,train,30,False,0.2139716297488297,0.462570675409531,0.2614320376196122,0.36300199580699083,0.43747043785271394,1.673160750771687,0.8925730753537161,0.8162504409849535,2.4943963120501693,0.94573750803681,RF
151,180,165,train,30,False,0.20892177027089723,0.457079610430062,0.2570577045357801,0.35751136321199184,0.43161804448305996,1.673160750771687,0.8880464837603508,0.809417242097573,2.5194055022205553,0.94429511759878,RF
152,181,166,train,30,False,0.21706473194451742,0.46590206261028444,0.2676242700058282,0.36667255579549163,0.4429499962237717,1.673160750771687,0.9126578838804712,0.832548323549732,2.5074385083169277,0.9507362850940808,RF
153,182,167,train,30,False,0.2192121822647836,0.46820100626203653,0.25998649503563753,0.3691752736163909,0.4454818463148662,1.673160750771687,0.9150752507349128,0.8346196305636121,2.4978926459091886,0.9514756276827496,RF
154,183,168,train,30,False,0.21326059736728673,0.461801469646088,0.26868587031127256,0.36341757220960597,0.4392550122172779,1.673160750771687,0.900182491240672,0.8235358996941413,2.492147706565659,0.9511771639746208,RF
155,184,169,train,30,False,0.22225636571781146,0.47144073404597897,0.2606779291055475,0.3716575366422387,0.45080680975394755,1.673160750771687,0.9265683710363781,0.8475043656925688,2.503548851517254,0.9562321988705816,RF
156,185,170,train,30,False,0.2182255990431364,0.4671462287583369,0.2558874914335281,0.36679730320477144,0.4459880944137437,1.673160750771687,0.9250928195831853,0.8444342894449399,2.5301257404143302,0.9547076845705659,RF
157,186,171,train,30,False,0.22395218549151166,0.47323586665796125,0.2647810567729566,0.372800010119629,0.45269571659626706,1.673160750771687,0.937353006756234,0.8560648091827322,2.5286759956296367,0.9565963792923162,RF
158,187,172,train,30,False,0.24172087848853127,0.49165117562000327,0.2640409486283698,0.3878541281286668,0.4670169540533211,1.673160750771687,0.9521114933704785,0.8711592900717956,2.5003720821967534,0.9498949198369823,RF
159,188,173,train,30,False,0.24358956969556086,0.4935479406253873,0.25944300880124943,0.3879775754612304,0.4692519782369629,1.673160750771687,0.9686283979783169,0.8845650341192758,2.5461958765251507,0.9507728421323399,RF
160,189,174,train,30,False,0.2412241710615644,0.4911457737388813,0.25872359011014506,0.38405413588151266,0.4647449391818901,1.673160750771687,0.9592736637017355,0.8754077988669962,2.550823892761714,0.9462464384941908,RF
161,190,175,train,30,False,0.23786426584517253,0.4877133029200378,0.2539192892320833,0.37982747279197926,0.45948578368042303,1.673160750771687,0.9485014788399756,0.865293871855319,2.5540460829779112,0.9421227203141458,RF
162,191,176,train,30,False,0.2405237526649185,0.4904322100605939,0.26520685016808687,0.38287092158107255,0.4618234610153393,1.673160750771687,0.9458377884032003,0.8634386352557805,2.5388199326043965,0.9416662518113972,RF
163,192,177,train,30,False,0.24763107248217567,0.4976254339180983,0.2645240338808321,0.3884715093482011,0.46955833354883897,1.673160750771687,0.9565814999845013,0.8732388745819742,2.5140269025983786,0.9435979384167112,RF
164,193,178,train,30,False,0.24067366433973525,0.4905850225391469,0.25639509334952065,0.38256768691058973,0.46304911014532485,1.673160750771687,0.9438338951668113,0.8611065178809503,2.523115943653442,0.9438712738287383,RF
165,194,179,train,30,False,0.23435311113163584,0.48410031102204,0.27234285681867354,0.378164713705095,0.457964504172259,1.673160750771687,0.9340686805041104,0.852814481283249,2.5244821102449224,0.9460115883945567,RF
166,195,180,train,30,False,0.22907479780828516,0.4786175903665526,0.2535264607877428,0.3749707750762684,0.4529378620165399,1.673160750771687,0.9180805971960123,0.8392998750555611,2.504963078874059,0.9463460414600606,RF
167,196,181,train,30,False,0.22839629694403413,0.47790825159651107,0.25148566597561006,0.3737441175327641,0.45189900502236513,1.673160750771687,0.9173666404937745,0.8379764911400471,2.5169781319384454,0.945576904170918,RF
168,197,182,train,30,False,0.2258133592758808,0.4751982315580318,0.26557803466418717,0.37283467740140336,0.4495533367160552,1.673160750771687,0.9082439800893902,0.8300740793818108,2.5015517637943767,0.9460332696148831,RF
169,198,183,train,30,False,0.22379837451928394,0.47307332890291326,0.2407421992276366,0.3710324439433343,0.4481997147299763,1.4815748994073044,0.9018577850439108,0.825810931236191,2.498631380887779,0.9474212291134221,RF
170,199,184,train,30,False,0.24088699150968593,0.4908023955826682,0.2564877340187699,0.3851951763269428,0.46419749190401133,1.4815748994073044,0.9306284793417314,0.8550546002385467,2.490626643977403,0.9457930443736482,RF
171,200,185,train,30,False,0.252974390646249,0.5029655958872823,0.2697202952843471,0.3959408892567351,0.4772364750665029,1.4815748994073044,0.9604686331368503,0.8818972398981271,2.502607861575102,0.9488451674803112,RF
172,201,186,train,30,False,0.25943020397189087,0.5093429139311657,0.26904049240478434,0.4032308788418554,0.48544303051938564,1.4815748994073044,0.9754815986482545,0.895571871880698,2.4977999014364993,0.9530770277585329,RF
173,202,187,train,30,False,0.25722238238926604,0.5071709597258759,0.2680355376423865,0.3991034266759889,0.4817336847874101,1.4815748994073044,0.9734431586447021,0.8921464622264662,2.527158944196558,0.9498447723579942,RF
174,203,188,train,30,False,0.2621314021797314,0.5119876972933348,0.27226476693957635,0.4048050522151793,0.48590292381685235,1.4815748994073044,0.9719259053564115,0.894599048107765,2.491712680146827,0.949051952587178,RF
175,204,189,train,30,False,0.2598006982171402,0.5097064824162434,0.26329273584965174,0.4020164268831372,0.48310647633318016,1.4815748994073044,0.9644713506706583,0.8900291338066535,2.492413156745331,0.9478130904732328,RF
176,205,190,train,30,False,0.25282678191796987,0.5028188360811177,0.2546166226118537,0.3957386032332677,0.4776029049699744,1.4815748994073044,0.9639199888980515,0.8884052312578417,2.5222995979247624,0.949850862175984,RF
177,206,191,train,30,False,0.2506067498595782,0.5006063821602539,0.2549412250668432,0.39392308679340254,0.4743464401657126,1.4815748994073044,0.9557956378396166,0.8802013148387571,2.509625651829523,0.947543733099801,RF
178,207,192,train,30,False,0.2505835547121642,0.5005832145729261,0.25862232471454605,0.39288425040199865,0.47431172228535196,1.4815748994073044,0.9546213184277729,0.8806215285060179,2.5151802576397886,0.9475182316890355,RF
179,208,193,train,30,False,0.24410978174996947,0.4940746722409169,0.25210247692662074,0.38637539064505355,0.4663707792150781,1.4815748994073044,0.941043909412715,0.8675908623893652,2.5219342172690404,0.9439277206820065,RF
180,209,194,train,30,False,0.2495457815082487,0.4995455750061737,0.2595325143963437,0.39302322230248077,0.4735726186737933,1.4815748994073044,0.959406886250541,0.8827354929031679,2.5293850383287846,0.948006833346368,RF
181,210,195,train,30,False,0.2585693084116348,0.5084971075745022,0.24598140218687292,0.40192164344514886,0.48290226588218754,1.4815748994073044,0.9681955241596647,0.893746049051142,2.4991146243445796,0.9496657083962574,RF
182,211,196,train,30,False,0.2638398822164142,0.5136534651069865,0.24488781197591902,0.40635301950498814,0.48732658862709083,1.4815748994073044,0.9692543647796434,0.8954263363147249,2.4779424654341415,0.9487458407889604,RF
183,212,197,train,30,False,0.26111628371418816,0.5109953852180938,0.2455004198718145,0.4023372288112308,0.4840256659350288,1.4815748994073044,0.9694464860572385,0.8936644373115818,2.510329748184004,0.9472212077383941,RF
184,213,198,train,30,False,0.2580851665201247,0.5080208327619299,0.24170982598478052,0.3970928831717938,0.47916062096592144,1.4815748994073044,0.9686594710490125,0.8900917090628584,2.5712897582245313,0.9431908891627423,RF
185,214,199,train,30,False,0.25019749994670754,0.5001974609558785,0.24641829023926046,0.39073101719810854,0.4698302591205267,1.4815748994073044,0.9463990945446535,0.8704029230585089,2.55656486931617,0.9392895722075039,RF
186,215,200,train,30,False,0.2496400968498449,0.4996399672262467,0.2460095253131345,0.38892074625473577,0.46899437637948593,1.4815748994073044,0.9461374202892903,0.8701204027611311,2.5760841203253397,0.9386646528361414,RF
187,216,201,train,30,False,0.24209471458428838,0.49203121301832914,0.23828600426213367,0.3796950479831098,0.45900390027581117,1.4815748994073044,0.9332761236510188,0.8566987058314119,2.6132527749814796,0.9328755740110178,RF
188,217,202,train,30,False,0.22285434441319535,0.4720745115055412,0.2406270097162368,0.363313602732801,0.4427267050639363,1.4815748994073044,0.9142710895101932,0.8363184295555751,2.6380828870567936,0.9378322579882383,RF
189,218,203,train,30,False,0.21937417489183988,0.4683739690587425,0.24610821763968385,0.3604081496250848,0.4381894971919242,1.4815748994073044,0.898060454908922,0.8219127068628608,2.6122212068698336,0.9355547620900497,RF
190,219,204,train,30,False,0.2403150769564969,0.49021941715572315,0.255391035242117,0.3769911719256304,0.45890250770917135,1.7368004771461154,0.9419079144755093,0.8638940070485602,2.610630025019446,0.9361165462840007,RF
191,220,205,train,30,False,0.2432811984988764,0.49323543921627977,0.25792133586493143,0.38052626010480617,0.46365779846396826,1.7368004771461154,0.9576061123832762,0.8767192368623794,2.630331725106818,0.940033423390443,RF
192,221,206,train,30,False,0.23505107815541637,0.48482066597394174,0.24672596663384097,0.37139195309304535,0.45496796231404674,1.7368004771461154,0.9530071040579887,0.8700299039770414,2.6615855814865297,0.9384252657631151,RF
193,222,207,train,30,False,0.22546734293934864,0.4748340161986593,0.2568428421450574,0.363157540655728,0.4427493336841458,1.7368004771461154,0.9258439557864794,0.8454083749004826,2.650368313226524,0.9324296882279597,RF
194,223,208,train,30,False,0.23225227484274927,0.48192559056637496,0.2694165137480838,0.3697740990210833,0.44912167379085044,1.7368004771461154,0.9364676749398075,0.8549676512686066,2.633701511961015,0.9319315732186534,RF
195,224,209,train,30,False,0.2246625858327209,0.47398584982330527,0.27055526777901395,0.3620007881510567,0.439741724223045,1.7368004771461154,0.9171261224071697,0.8379797455632061,2.6305799923770388,0.9277528525102048,RF
196,225,210,train,30,False,0.2193396097440684,0.4683370685137665,0.2870592211302622,0.35522295113717534,0.4316242708947084,1.7368004771461154,0.9051032070825661,0.8255548419791425,2.645735194188716,0.9216103099941171,RF
197,226,211,train,30,False,0.23524218886470077,0.4850177201553576,0.2726191567449092,0.3702575876660511,0.4465078555510546,1.7368004771461154,0.9209050487983818,0.8427958680905117,2.5976874536436583,0.9206011182602406,RF
198,227,212,train,30,False,0.2336498351496519,0.4833733910235977,0.2646383317389521,0.3696510142299123,0.444886550059054,1.7368004771461154,0.9138836200207773,0.8357804341507574,2.583961007044018,0.9203786520332791,RF
199,228,213,train,30,False,0.22943076294089917,0.4789893140153538,0.3110639332727679,0.36845057598720976,0.44177177613604524,1.7368004771461154,0.9043722000304462,0.826236953918134,2.5722851797334996,0.9222998576579612,RF
200,229,214,train,30,False,0.2108844672290981,0.4592215883743904,0.29293049272752564,0.35218959523719806,0.42286423197739775,1.7368004771461154,0.8688202155834842,0.7913843041007802,2.571058986427645,0.9208282944064217,RF
201,230,215,train,30,False,0.2030731125166432,0.4506363417620057,0.27718962961371546,0.3454916582425637,0.4158039588261813,1.7368004771461154,0.8570836364902367,0.7803498720180179,2.585623188562116,0.9227040082927437,RF
202,231,216,train,30,False,0.22614473230133486,0.4755467719387178,0.28735878344316923,0.36034470002035573,0.4312298797461968,1.8893640599748847,0.8879560722976847,0.8093355196044134,2.583521089356743,0.9068085521601817,RF
203,232,217,train,30,False,0.2393797387222873,0.4892644874935103,0.2947708591804338,0.3723236099145792,0.4456637507680362,1.8893640599748847,0.9133349378809906,0.8338939847132241,2.5694757835939273,0.9108851391425534,RF
204,233,218,train,30,False,0.22794945768521907,0.4774405279039674,0.2832780274902857,0.3608902555831551,0.4334553372333281,1.8893640599748847,0.8907822994640592,0.8116533052004239,2.5823523695359656,0.90787294312081,RF
205,234,219,train,30,False,0.2299008395326269,0.47947975925228264,0.2869791157484189,0.3629594435902786,0.43583253664416005,1.8893640599748847,0.8947914213759879,0.8144339316885145,2.5775255332611544,0.9089696243357851,RF
206,235,220,train,30,False,0.22895721983607223,0.47849474379147805,0.2855026401432906,0.3640711236515354,0.4349553541769509,1.8893640599748847,0.884374143548208,0.8073095565552411,2.5473984336624795,0.9090075906173359,RF
207,236,221,train,30,False,0.24535302158021607,0.495331224111923,0.2778874723830042,0.3774970481995472,0.45054484450055204,1.8893640599748847,0.913800489835861,0.8330243366780087,2.543804450242784,0.9095829670506473,RF
208,237,222,train,30,False,0.24353792625121834,0.4934956192827028,0.28228975908857357,0.37595723751014776,0.4473707017879884,1.8893640599748847,0.9083645690789415,0.8262310020634188,2.53721303659212,0.9065342919117355,RF
209,238,223,train,30,False,0.24454721420776393,0.49451715259206525,0.2803493707473825,0.3772246339958939,0.4489844665379415,1.8893640599748847,0.913060784952609,0.8307305805312469,2.5427158752809413,0.9079249611151824,RF
210,239,224,train,30,False,0.2404820258631119,0.4903896673698498,0.25663309127408596,0.3721900543171524,0.4440426330399215,1.8893640599748847,0.9005438911129392,0.8197746704660582,2.5430829367609347,0.9054893742388468,RF
211,240,225,train,30,False,0.23028865558412534,0.47988400221733307,0.2816946164831855,0.3622147472465468,0.4328612241073778,1.8893640599748847,0.8858279141602596,0.8026669470266291,2.561710474034652,0.902012199005002,RF
212,241,226,train,30,False,0.21752603464180206,0.46639686388504165,0.25704650837030957,0.35042351282480794,0.41863790440607485,1.8893640599748847,0.8625032898075159,0.780408288835101,2.577267727156427,0.8976001702045354,RF
213,242,227,train,30,False,0.23514329058091754,0.4849157561689634,0.2699247594267637,0.3612032628855262,0.4336232261233625,2.1146380598495793,0.9034354202261798,0.8190269155945938,2.5883856406584127,0.8942238329172201,RF
214,243,228,train,30,False,0.2373832248085698,0.48721989369130836,0.27269341322266705,0.365380554259393,0.4374144263235903,2.1146380598495793,0.9050564965620309,0.8227390979482394,2.537912335279775,0.8977762032859979,RF
215,244,229,train,30,False,0.24243800334014026,0.492379937995183,0.2768386375757647,0.37029622086045383,0.4440309620573946,2.1146380598495793,0.9187153794072577,0.8364828808720728,2.541324602919621,0.9018055525685099,RF
216,245,230,train,30,False,0.24254187663143795,0.49248540753146985,0.2787332632806186,0.37242451893494405,0.4441916107423021,2.1146380598495793,0.9099821866154439,0.8295408311185397,2.488939505471221,0.9019386238645422,RF
217,246,231,train,30,False,0.244353713425217,0.4943214676960905,0.27926492850480666,0.37556055732248605,0.44746379449564916,2.1146380598495793,0.9139492845383208,0.8311009632447149,2.466310359246491,0.905208095819036,RF
218,247,232,train,30,False,0.2610372875487022,0.5109180830120443,0.2848110484410092,0.38972811024709425,0.46216573769773495,2.1146380598495793,0.9320405111675751,0.8506056807430791,2.4451562836118437,0.9045789394908536,RF
219,248,233,train,30,False,0.26075196472254564,0.5106387810601009,0.2810690445264802,0.3891011453529761,0.4617033323468991,2.1146380598495793,0.9346801000213544,0.8512783640817276,2.4617980386973626,0.9041681702834823,RF
220,249,234,train,30,False,0.2433235166142929,0.49327833584528413,0.2796560478986423,0.3780883850185656,0.4471161295671024,2.1146380598495793,0.9012075983707893,0.8169489650871695,2.4488203290986994,0.9064175275423804,RF
221,250,235,train,30,False,0.2414628053827066,0.4913886500344779,0.2823603472842337,0.3766253309613901,0.4443994008677057,2.1146380598495793,0.8881974947278396,0.8069672319382948,2.4168559141627926,0.9043745736425226,RF
222,251,236,train,30,False,0.2420245020365241,0.49195985815564675,0.28166979305808293,0.3769229787262054,0.445190376438584,2.1146380598495793,0.8916468841518931,0.8103501640906209,2.4258459896878795,0.9049323213231235,RF
223,252,237,train,30,False,0.24711706613764348,0.49710870655988665,0.27582501809789295,0.38367574214391736,0.45300003558084595,2.1146380598495793,0.9063243503870374,0.8248439633980158,2.4161562965950774,0.9112695666018737,RF
224,253,238,train,30,False,0.24494711963478333,0.49492132671242134,0.27143303823059284,0.3826988105527401,0.45119437666945583,2.1146380598495793,0.8964269201446756,0.8168862777308605,2.4012065747069893,0.9116486849871122,RF
225,254,239,train,30,False,0.24725455364629456,0.4972469744968737,0.2664503286233888,0.38571095212788303,0.4548195827547496,2.1146380598495793,0.9040319298403626,0.8233590810329875,2.40332631857159,0.914675414998647,RF
226,255,240,train,30,False,0.27474414816345477,0.5241604221642977,0.2894667927036163,0.4084635730996166,0.4789898760451745,2.1146380598495793,0.9376866565595924,0.8577295239281731,2.3732290292341465,0.9138230507129657,RF
227,256,241,train,30,False,0.2588866748535255,0.5088090750502839,0.2954214228612303,0.394404373392306,0.4641785618770813,2.1146380598495793,0.918383389040173,0.8364843310271406,2.3960443618114584,0.91228436094857,RF
228,257,242,train,30,False,0.2559863257599766,0.5059509124015655,0.2954521069049751,0.39053963824464727,0.46067775198597577,2.1146380598495793,0.9160833569071926,0.8350541240375903,2.4134790056286746,0.9105186702783191,RF
229,258,243,train,30,False,0.24803146908093548,0.49802757863489394,0.2799740371668759,0.3816184304898577,0.45294875602838525,2.1146380598495793,0.9111683252450854,0.8284154339108661,2.4623231581071847,0.9094852884852866,RF
230,259,244,train,30,False,0.2488528152043843,0.4988514961432754,0.28134380812357795,0.3824565507890699,0.45470945525335865,2.1146380598495793,0.9163304571939239,0.8347378290665453,2.4782747799825264,0.9115126621225194,RF
231,260,245,train,30,False,0.2513095734774119,0.5013078629718587,0.27912106628569594,0.38571945581459616,0.4572408515712226,2.1146380598495793,0.9131486505005061,0.8337151567671843,2.4498051449301337,0.9120959102069582,RF
232,261,246,train,30,False,0.24466573400677988,0.4946369719367729,0.27199060399398806,0.3812020157276243,0.45365098682288724,2.1146380598495793,0.907125666964736,0.8279070049108316,2.4546848646441983,0.9171392608332466,RF
233,262,247,train,30,False,0.2531889761456872,0.5031788709253273,0.26271758698120623,0.38689676919391114,0.45926443760597724,2.1146380598495793,0.9186461007210392,0.8403762244877815,2.4521318384227286,0.9127259989303745,RF
234,263,248,train,30,False,0.27182996678746957,0.5213731550314703,0.2609943291453225,0.40279425875944896,0.47644046648018057,2.1146380598495793,0.948360415893791,0.8677154954487709,2.435294335924661,0.9138185613937534,RF
235,264,249,train,30,False,0.27048623896846474,0.5200829154745085,0.26344165678223475,0.40226313184686247,0.47484922606215496,2.1146380598495793,0.9463049095029769,0.8646632578676349,2.433347159119398,0.9130260039957597,RF
236,265,250,train,30,False,0.2662905522574986,0.5160334797835298,0.25862617166348806,0.3980173686604474,0.47024516958279317,2.1146380598495793,0.9432609439103676,0.8592600854113843,2.4511245158822654,0.9112687219055163,RF
237,266,251,train,30,False,0.2561189211933959,0.5060819313049972,0.2675496282635714,0.3890111783229707,0.4623062683292894,2.1146380598495793,0.9326713973015094,0.8520155351341329,2.476757473500043,0.9135008379713802,RF
238,267,252,train,30,False,0.26311352310831887,0.5129459261055875,0.2791198719821831,0.3957463140557559,0.4715747249134154,2.1146380598495793,0.9535974450900568,0.8720123782564125,2.487603414712529,0.9193458821161277,RF
239,268,253,train,30,False,0.2726112578064116,0.5221218802218612,0.2757707576771535,0.40445105110972357,0.4813849678732994,2.1146380598495793,0.9707974140285117,0.8870193851624928,2.475832170888763,0.9219781551172461,RF
240,269,254,train,30,False,0.2739435197386475,0.5233961403551305,0.2772400598354017,0.4059397063399927,0.48321207298713603,2.1146380598495793,0.9746189798198377,0.8918987422518395,2.476062647821494,0.9232243720010448,RF
241,270,255,train,30,False,0.3046101840820539,0.551915015271422,0.26260516855793004,0.4267757880116472,0.5069921405122966,2.1146380598495793,1.008915994736953,0.9278979791077835,2.4557900947346383,0.9186054491794663,RF
242,271,256,train,30,False,0.31480462864006753,0.5610745303790464,0.2630508560840597,0.43817455777643877,0.5191820669431267,2.1146380598495793,1.0264166828757935,0.9458711619210016,2.431072177709707,0.925335296528933,RF
243,272,257,train,30,False,0.29635477646669794,0.5443847687681003,0.2517897139279143,0.4272358802390854,0.5029898526425535,1.7086745539017816,0.9799318474294709,0.9024919203216666,2.401560729223388,0.9239601868009272,RF
244,273,258,train,30,False,0.3012767036223481,0.5488867857968054,0.25335453658685125,0.4322124352595553,0.5086240197153855,1.7086745539017816,0.9893614230824599,0.9114525272589366,2.3958075441153004,0.9266465013855791,RF
245,274,259,train,30,False,0.29698734651787456,0.5449654544261265,0.25174808154748,0.4286098503404416,0.5032757591738709,1.7086745539017816,0.9791373058041484,0.8990668861915255,2.392886743689077,0.9235002972873635,RF
246,275,260,train,30,False,0.29655452475169153,0.5445682002758622,0.25264924796890154,0.42628911698132493,0.5025896361569141,1.7086745539017816,0.9895970668343694,0.9071521252920084,2.4555141377282412,0.9229140370339601,RF
247,276,261,train,30,False,0.30152619742760634,0.5491140113196952,0.2575160427457484,0.4300366467993788,0.5085702818053569,1.7086745539017816,1.0098893041306654,0.9273103086327639,2.4835327397569036,0.9261651885063014,RF
248,277,262,train,30,False,0.28291549748358286,0.531898014175258,0.25377260620472325,0.413028685580662,0.4906396005192726,1.7086745539017816,0.9871518878851284,0.9035322206559205,2.5145749624342315,0.9224317208253556,RF
249,278,263,train,30,False,0.28268998345823776,0.5316859820027586,0.2556054924719398,0.41302826113372715,0.49025849416100264,1.7086745539017816,0.9828864501346283,0.9009689274304812,2.497488572078713,0.9220827908877594,RF
250,279,264,train,30,False,0.28061692773813834,0.5297328833838224,0.25496587924927644,0.41046060979736904,0.48713367330398266,1.7086745539017816,0.9766914822683824,0.8965137751843762,2.4959947536384934,0.9195836025739521,RF
251,280,265,train,30,False,0.28374846167227585,0.532680449868658,0.2542510623171146,0.4136775995435534,0.49141297635017406,1.7086745539017816,0.98357057863749,0.9033170241991184,2.4933754814420412,0.9225286500965838,RF
252,281,266,train,30,False,0.28250491916491277,0.5315119181776762,0.25464334931110216,0.4127053258400478,0.489581302760258,1.7086745539017816,0.9737418109890196,0.8955664767472499,2.467096276455244,0.9211106769511772,RF
253,282,267,train,30,False,0.29334980161465923,0.5416177633854518,0.2651187392908578,0.4215966646656997,0.49888607531943624,1.7086745539017816,0.9848403388064162,0.9071897514978223,2.4508785174832246,0.9211036067227272,RF
254,283,268,train,30,False,0.2879877449591166,0.5366448965182811,0.2605189183031512,0.41602954072447,0.4934374989441395,1.7086745539017816,0.9788984128892512,0.9020572765186671,2.4663021214717107,0.919486055202484,RF
255,284,269,train,30,False,0.3021556071465032,0.5496868264261963,0.2776567646357282,0.42625862289667366,0.5060474006208228,1.7086745539017816,1.0108111030538962,0.9300123335979873,2.478724157130032,0.9206103844818394,RF
256,285,270,train,30,False,0.2896387041982168,0.5381809214364782,0.26891071495150104,0.41820344285630345,0.4983796355140183,1.7086745539017816,1.001162396677688,0.92027255730643,2.4853866384118652,0.9260447846864862,RF
257,286,271,train,30,False,0.30188457907797556,0.5494402415895432,0.27533472959051686,0.42787512223221363,0.5106823993368562,1.7086745539017816,1.0269010792976276,0.945719592660086,2.488442602801898,0.9294594037368654,RF
258,287,272,train,30,False,0.3081019839719257,0.5550693505967751,0.27892511565695643,0.43417123507195676,0.5174033172407374,1.7086745539017816,1.0365285123826347,0.9534821178732549,2.476550976840671,0.9321417525295865,RF
259,288,273,train,30,False,0.3192215280313949,0.564996927453057,0.29455429232373115,0.4440240029736869,0.527507579790464,1.7086745539017816,1.0469468152993968,0.9656143641933763,2.433689293256264,0.9336468114409211,RF
260,289,274,train,30,False,0.321730843698314,0.5672132259550319,0.28920443925349815,0.44784157680839604,0.5314443081604097,1.7086745539017816,1.0512095310404925,0.9698819634341149,2.4161502069471714,0.9369392035342667,RF
261,290,275,train,30,False,0.3343050390343945,0.5781911786203544,0.30421044165313854,0.4544420497617233,0.5408980898822395,1.7086745539017816,1.067345475971582,0.9855342435508792,2.4196379833366124,0.9355004190359641,RF
262,291,276,train,30,False,0.3157444795734849,0.5619114517194723,0.314232010558917,0.44321248802194263,0.5268557244484284,1.6940861251297636,1.035932498598016,0.9564354329776842,2.4056645915118176,0.9376134315046046,RF
263,292,277,train,30,False,0.3008780384269023,0.5485235076338135,0.3095042179930793,0.43240954121592556,0.5159120842447411,1.6940861251297636,1.0174951817986946,0.9389328326780183,2.420846391269982,0.940546899202644,RF
264,293,278,train,30,False,0.28541067940519677,0.5342384106419126,0.30633740672650284,0.4205884816071069,0.5032373478342579,1.6940861251297636,0.9959744459341316,0.9201424277311724,2.4306484749290567,0.9419714827872345,RF
265,294,279,train,30,False,0.28989775093590253,0.5384215364711022,0.3106904160726965,0.42194046775864436,0.5080111796753229,1.6940861251297636,1.0097082147660474,0.9336528043886908,2.457618075956772,0.9435194271850761,RF
266,295,280,train,30,False,0.2949840600987814,0.5431243504933114,0.29122349962622446,0.4278028600781146,0.5134442660221306,1.6940861251297636,1.010481237884535,0.9362079466058649,2.4286364036032206,0.9453530587530776,RF
267,296,281,train,30,False,0.2959368778332298,0.5440008068314144,0.2926879227780422,0.4296531249638659,0.514334923170456,1.6940861251297636,1.013285946568072,0.9393629580808368,2.4222197055508343,0.9454672065033322,RF
268,297,282,train,30,False,0.30371738842322643,0.5511056055088048,0.2784434379311138,0.4370142262981245,0.5206941570592156,1.6940861251297636,1.025073034508874,0.9500160745661218,2.4084903960499764,0.9448173850064326,RF
269,298,283,train,30,False,0.2976372012098433,0.5455613633770663,0.2810600807428296,0.433244642551562,0.5151466812528154,1.6940861251297636,1.011846415391851,0.9379546202032034,2.397987298438538,0.9442506669900858,RF
270,299,284,train,30,False,0.3088571762530367,0.5557492026562312,0.28548796202915044,0.44253753082927605,0.5254197718906558,1.6940861251297636,1.0302769124428806,0.954926278535211,2.3896104939349465,0.9454260471798892,RF
271,300,285,train,30,False,0.27685919616849636,0.52617411202804,0.29325327834822856,0.419313756091959,0.49895346734370916,1.6940861251297636,0.9896265394739723,0.9148907336287546,2.407595640649882,0.9482668492005166,RF
272,301,286,train,30,False,0.26673987843654007,0.5164686616209546,0.3026361937542676,0.40763558589774085,0.48692158807041996,1.6940861251297636,0.97233426596321,0.8965450859433018,2.4374035809724566,0.9427901908746986,RF
273,302,287,train,30,False,0.2669383367524317,0.5166607559631675,0.30985302171341544,0.4072301439785995,0.4872210819007012,1.6940861251297636,0.9746731720210666,0.8995148584593727,2.450377083878762,0.9430193338226659,RF
274,303,288,train,30,False,0.2729922233988208,0.5224865772427276,0.3227820824358264,0.41155563588414557,0.49228863443210613,1.6940861251297636,0.9825727153251759,0.9083967452016274,2.4473002450697985,0.942203409377553,RF
275,304,289,train,30,False,0.2790350102775621,0.5282376456459367,0.3179827946122969,0.416479538561047,0.4993655736519651,1.6940861251297636,0.9974798269794286,0.9248360219768605,2.4531273994032303,0.9453426460004258,RF
276,305,290,train,30,False,0.281159269287212,0.5302445372535317,0.3195930330698934,0.41958962245545667,0.5023953321578054,1.6940861251297636,1.0018649467843685,0.9291110375413123,2.4322532667115655,0.9474785629287672,RF
277,306,291,train,30,False,0.27802699112443496,0.5272826482299934,0.3175892106196831,0.4173049496070668,0.4989423540366162,1.6940861251297636,0.9908319344280007,0.9175124310466444,2.421792618755426,0.9462521774829663,RF
278,307,292,train,30,False,0.29978601141575306,0.5475271787005217,0.33966303671638454,0.4364777252677384,0.5188001929242388,1.6940861251297636,1.0162160461872103,0.9435689377576261,2.3894026874836767,0.9475332241141667,RF
279,308,293,train,30,False,0.30034295836695357,0.5480355448024823,0.33879097454287904,0.43700814952406203,0.5197165371594571,1.6940861251297636,1.0171134040246188,0.9453926299538437,2.3879851813812807,0.948326330451373,RF
280,309,294,train,30,False,0.3052376891467287,0.5524832025923763,0.33973917707930446,0.4422325480722817,0.5261375314484714,1.6940861251297636,1.032281119247836,0.9578989000169457,2.3967902574098896,0.9523140775678156,RF
281,310,295,train,30,False,0.30428167647446946,0.5516173279316645,0.33221076664789523,0.442314638891191,0.5249793158738837,1.6940861251297636,1.0304910232829756,0.9541777246291802,2.391145754061971,0.951709254388976,RF
282,311,296,train,30,False,0.3058564327477822,0.5530428850891965,0.33073994554958347,0.4442459414675587,0.5272542866358665,1.6940861251297636,1.0354214796973094,0.9584449161270001,2.3947892907684953,0.953369622594149,RF
283,312,297,train,30,False,0.2897407473639675,0.53827571686262,0.3192164974770533,0.4282366396470821,0.5096993010168058,1.6940861251297636,1.0038662042586604,0.9291045431358083,2.392050321714717,0.9469111926274997,RF
284,313,298,train,30,False,0.2898278899566611,0.5383566568332383,0.30697285396941437,0.42848978681292027,0.5098050775559059,1.6940861251297636,0.9993193049699685,0.9249895305609326,2.3769736925294604,0.9469653083788716,RF
285,314,299,train,30,False,0.3290944558500211,0.5736675481932206,0.3113932922437642,0.4430430861353071,0.5287677625267643,2.7175399373317375,1.0334344320433677,0.9587516968026136,2.371478838136245,0.9217320453146264,RF
286,315,300,train,30,False,0.3141797133554049,0.5605173622247619,0.29614643949028563,0.42798798495574997,0.5124044025138822,2.7175399373317375,1.0121111614296368,0.9356526586568579,2.4178713620601937,0.9141633017041373,RF
287,316,301,train,30,False,0.30844990437337283,0.5553826648117249,0.30012612811865796,0.42521947424437456,0.5077232825439395,2.7175399373317375,0.9960243851697831,0.9218123274397793,2.3988783077714557,0.9141864064411481,RF
288,317,302,train,30,False,0.3012521322808148,0.5488644024536614,0.29175115563111,0.4180255092467895,0.4995611091623349,2.7175399373317375,0.9827060133327837,0.909705740911388,2.4051215819064495,0.9101721790101172,RF
289,318,303,train,30,False,0.28834799106496306,0.536980438251677,0.2752834905498755,0.4072772729920128,0.4869896758729635,2.7175399373317375,0.9594150011697253,0.887914549609431,2.411437160777221,0.9069039413400692,RF
290,319,304,train,30,False,0.2862472838164372,0.5350208255913382,0.2749914321647242,0.40270970373882903,0.4838069360151617,2.7175399373317375,0.9624860531097169,0.888987610304985,2.4781759889682053,0.9042768297485023,RF
291,320,305,train,30,False,0.29192054671988393,0.5402967209967907,0.2708023711027089,0.40820998174285045,0.4871187493187773,2.7175399373317375,0.9669483985415247,0.8902977832639815,2.4687429493903807,0.9015763568212932,RF
292,321,306,train,30,False,0.2939533245788148,0.5421746255394242,0.2576071620218976,0.4088114706867632,0.4892279651700726,2.7175399373317375,0.9752356847157851,0.8963529663842734,2.4854673488598937,0.9023438983027405,RF
293,322,307,train,30,False,0.29814285942638713,0.5460245959903154,0.25809199482810286,0.4140221552833155,0.49290183040085517,2.7175399373317375,0.9717711035924925,0.8936531427212021,2.453823116407516,0.9027099402122861,RF
294,323,308,train,30,False,0.29448970028304683,0.5426690522621009,0.2565257555491137,0.4088395920209584,0.48751831311972893,2.7175399373317375,0.9648029431030941,0.8860249430621924,2.481821310410541,0.8983713205820791,RF
295,324,309,train,30,False,0.28748628320963576,0.5361774736126423,0.2531547563188252,0.4042169356655535,0.4790806102372436,2.7175399373317375,0.9413380412067567,0.8651185502439555,2.4493040268763777,0.8935112603841914,RF
296,325,310,train,30,False,0.27973986989051414,0.5289044052477859,0.26737716184725807,0.3943279618720972,0.46955820792459824,2.7175399373317375,0.9296743412430729,0.8535330777639764,2.4768030961673455,0.8877940952384682,RF
297,326,311,train,30,False,0.2742255177155121,0.5236654635504543,0.2583857779682595,0.38990658911111375,0.4635374399008054,2.7175399373317375,0.9115207758642537,0.8366026911486394,2.458258935893857,0.8851785580015522,RF
298,327,312,train,30,False,0.2683889537082288,0.5180626928357501,0.28040461136188705,0.3849708840087103,0.45896755066756617,2.7175399373317375,0.8998309712523278,0.8255687087946447,2.4582023318533475,0.8859305196351596,RF
299,328,313,train,30,False,0.26772048354849837,0.5174171272276348,0.2856440353483096,0.3837330288968216,0.458230948798915,2.7175399373317375,0.9001171398520048,0.8266053846087157,2.465526808121224,0.8856122549598534,RF
300,329,314,train,30,False,0.2548496739645206,0.504826380020419,0.29691892273847653,0.37293953218425024,0.44564797134269074,2.7175399373317375,0.8746644905023745,0.8028484859422542,2.4622004905700736,0.8827747300461306,RF
301,330,315,train,30,False,0.2854564467969921,0.534281243164115,0.29771001833623206,0.3928694392875868,0.471412333405165,2.7175399373317375,0.9376846412598357,0.8637441195246665,2.48121719183375,0.8823299328521653,RF
302,331,316,train,30,False,0.3057629912840604,0.5529583992345721,0.2966361956634131,0.4118405534488547,0.490630523350843,2.7175399373317375,0.9652389874303187,0.8892698089215484,2.4460521648606544,0.8872828842639773,RF
303,332,317,train,30,False,0.31121821632762964,0.5578693541749983,0.29536423135481343,0.41850393419408694,0.49696217485446115,2.7175399373317375,0.9694355800745861,0.8957905304749976,2.4116927952816902,0.8908217867414328,RF
304,333,318,train,30,False,0.3006156191929031,0.5482842503600692,0.2795768080339896,0.409941231572904,0.48677873332988253,2.7175399373317375,0.9510868538064394,0.8769524017453104,2.4116248940705196,0.8878218424297346,RF
305,334,319,train,30,False,0.31177912803671554,0.558371854624421,0.28968237637976335,0.41937914507060836,0.49523650454064266,2.7175399373317375,0.9547588486339534,0.8821912454571793,2.380669991699244,0.8869295621530832,RF
306,335,320,train,30,False,0.32703921258040164,0.5718734235653915,0.297012783331332,0.4306209810050037,0.5081688417007731,2.7175399373317375,0.9736100180492356,0.9001625617820939,2.358935033691121,0.8886037027784106,RF
307,336,321,train,30,False,0.32856036239094255,0.573201851349891,0.29978124219284713,0.43160356231036356,0.5099442346951892,2.7175399373317375,0.980089759191398,0.905538996729782,2.368974562395366,0.8896416393182786,RF
308,337,322,train,30,False,0.31950133297307165,0.5652444895556892,0.29658248180834096,0.4244019633230866,0.5039516081027737,2.7175399373317375,0.9801452562633525,0.9039062888522041,2.3904327026743557,0.8915639469548925,RF
309,338,323,train,30,False,0.3370673528736464,0.5805750191608716,0.30464100333716443,0.43826696332345005,0.5197764528176173,2.7175399373317375,1.0066819347839613,0.9290944470756382,2.3813827125626292,0.8952787075972904,RF
310,339,324,train,30,False,0.33626574593702424,0.579884252189197,0.3131889646415888,0.43762660784831325,0.5189136248298953,2.7175399373317375,1.0047673908669827,0.9274777166131651,2.3805460779308065,0.8948572458570422,RF
311,340,325,train,30,False,0.3406589659206036,0.5836599745747549,0.31053045976914634,0.4406458620124779,0.523627007866196,2.7175399373317375,1.0190415955408783,0.9423199728583999,2.3979952242627105,0.897143937697119,RF
312,341,326,train,30,False,0.37628358150784236,0.6134195803101189,0.3382681232654026,0.4617516146832281,0.5476695242166543,2.7175399373317375,1.0615728671088032,0.9835526759311326,2.397519648399466,0.8928138941045474,RF
313,342,327,train,30,False,0.4103354283184963,0.6405742957054211,0.34402598153503827,0.4855033398942345,0.5754631014829563,2.7175399373317375,1.1123332175745104,1.0308350323914646,2.404994285635754,0.8983549688787273,RF
314,343,328,train,30,False,0.4211527078807978,0.6489627939110206,0.36790480887551485,0.49223463940047274,0.5851436349310856,2.7175399373317375,1.1414818825036006,1.055289221229118,2.433704263911822,0.9016597568015813,RF
315,344,329,train,30,False,0.3768931318159848,0.6139162254053763,0.3618504128726564,0.4758546623513337,0.5626002602318155,2.313800809788653,1.0866321690722371,1.0056537996685113,2.4112663468372295,0.9164121046977115,RF
316,345,330,train,30,False,0.37905955244634926,0.6156781240602506,0.364870343015674,0.47992957636885314,0.5666065201805011,2.313800809788653,1.089311793285621,1.0109090786702957,2.3728648988392185,0.9202966583315745,RF
317,346,331,train,30,False,0.3720941026365008,0.6099951660763393,0.3591406747972783,0.4728311967901209,0.5582408281975986,2.313800809788653,1.0742787872217285,0.9958026489207005,2.369846782164259,0.9151561508074905,RF
318,347,332,train,30,False,0.3973855958002173,0.6303852756848127,0.3660242005133461,0.49081963300770964,0.5785398052530792,2.313800809788653,1.1096014541061596,1.027476097082668,2.3630202921701593,0.9177558987630038,RF
319,348,333,train,30,False,0.40857134648579646,0.6391958592526992,0.3747433006239822,0.5017954555156943,0.5898531420958818,2.313800809788653,1.127894871337253,1.0450151334184434,2.3473875800987196,0.9228050112613289,RF
320,349,334,train,30,False,0.42014778850100953,0.6481880811161291,0.3957660225421549,0.5123631154489791,0.6022250285496598,2.313800809788653,1.1509825318481293,1.0675088362917924,2.3075911838682135,0.92908994487013,RF
321,350,335,train,30,False,0.4377487540301177,0.6616258414165197,0.40149503861347513,0.5166559303454649,0.6107371382658917,2.313800809788653,1.1697239127998253,1.0877406868006871,2.318716164930102,0.9230853755021465,RF
322,351,336,train,30,False,0.4550815340186199,0.6745973124899178,0.42020568418610454,0.5239447047171126,0.623128513665743,2.313800809788653,1.2072696768424587,1.1232776537646534,2.3500544147408164,0.9237044116968015,RF
323,352,337,train,30,False,0.4474678941766104,0.6689304105634685,0.409874413425773,0.5163545144284359,0.6157258281121022,2.313800809788653,1.2018545467370358,1.1159808421827269,2.3744771181961055,0.9204632027320304,RF
324,353,338,train,30,False,0.4612611322441824,0.679162080982281,0.4080575417576073,0.530552439231769,0.6302172659327451,2.313800809788653,1.2120886864505565,1.1294649765252056,2.3168736396247973,0.9279335280633654,RF
325,354,339,train,30,False,0.47167094644937924,0.6867830417601902,0.41317767493101004,0.5395935205402781,0.6415652868540336,2.313800809788653,1.240048532302525,1.154900832900192,2.329101973488883,0.9341600590628071,RF
326,355,340,train,30,False,0.4787639311226676,0.6919276921201142,0.4065831513537116,0.5472732518424882,0.6504832403405933,2.313800809788653,1.2555100757877162,1.170415522344876,2.3191181474949008,0.9401029150133704,RF
327,356,341,train,30,False,0.47764468885092987,0.6911184333028094,0.4121039621747935,0.5463273982870436,0.6488525083882094,2.313800809788653,1.2514446117418916,1.1663420501916686,2.312163894703702,0.9388441649391206,RF
328,357,342,train,30,False,0.4748589258014488,0.6891000840236843,0.4057112149707375,0.5444672615215289,0.6462277453454056,2.313800809788653,1.2427846929021926,1.1600133438824272,2.3021295140976563,0.9377850334483414,RF
329,358,343,train,30,False,0.4716166794839442,0.6867435325388541,0.4013654036899623,0.5406120453392117,0.6419441574913484,2.313800809788653,1.2336052433994178,1.1508270285711348,2.300181276492224,0.934765494067509,RF
330,359,344,train,30,False,0.5344891036532214,0.731087616946985,0.4433301293790542,0.5731945550982748,0.6782137707301954,2.313800809788653,1.2902481526543483,1.2060258075707293,2.2888837755536215,0.9276778254874699,RF
331,360,345,train,30,False,0.5205031845365978,0.7214590664317677,0.45520601117346904,0.5676498357427299,0.6700655266289056,2.299854489170079,1.2700771736709984,1.1822504285545294,2.283007591666689,0.9287644411247791,RF
332,361,346,train,30,False,0.5138210774268696,0.7168131398257634,0.45740772685969394,0.5607880352505781,0.6656092720674376,2.299854489170079,1.2775502974060884,1.190665798817126,2.3189174738645106,0.9285673421517189,RF
333,362,347,train,30,False,0.5199717625825245,0.7210906757007225,0.45878486586012696,0.564139137660432,0.6707148579068047,2.299854489170079,1.2865122718143072,1.1986889022628542,2.323039060709911,0.9301394131258668,RF
334,363,348,train,30,False,0.5248608636017071,0.7244728177107179,0.4623479590675367,0.5684992991964736,0.6761542152943107,2.299854489170079,1.2970291618116585,1.2095950234261894,2.3257193395582108,0.9333051548171392,RF
335,364,349,train,30,False,0.5120814002033104,0.7155986306605893,0.4499657330686784,0.558658172470731,0.6661099727466223,2.299854489170079,1.2899970322356993,1.199219441596763,2.351138664634619,0.930842995230046,RF
336,365,350,train,30,False,0.49588697297613865,0.7041924260996696,0.43568281002908527,0.5456555426728836,0.6519399197748112,2.299854489170079,1.2713886713336389,1.1817214085725964,2.3929973968466927,0.925797971707434,RF
337,366,351,train,30,False,0.49231620884047744,0.7016524843827444,0.4298858280144803,0.5432096668047085,0.6473094404317988,2.299854489170079,1.2554008079837944,1.1695085306098758,2.3644870305133963,0.922549915862192,RF
338,367,352,train,30,False,0.5231997031395264,0.7233254475957046,0.4334684708828307,0.5582780791370686,0.6641265680251469,2.299854489170079,1.2882839795816825,1.2036180055918086,2.3625855754266656,0.918157338764547,RF
339,368,353,train,30,False,0.5165394029817869,0.7187067572952037,0.42076813264209,0.5530667466374456,0.6595226380157796,2.299854489170079,1.2936973915932222,1.2097038274810308,2.393609971165214,0.9176519231540846,RF
340,369,354,train,30,False,0.5122237521410468,0.7156980872833507,0.41883114999156157,0.5483224022182664,0.6535654640099432,2.299854489170079,1.2784943581552608,1.1975525740146733,2.379029157464541,0.9131859866927258,RF
341,370,355,train,30,False,0.5080180649307479,0.7127538599900725,0.42259236103790426,0.5437420006767774,0.6490871655603773,2.299854489170079,1.2671651734674698,1.187007937497079,2.382407135064284,0.910675061892219,RF
342,371,356,train,30,False,0.4745322666854949,0.6888630246177355,0.39142706506229946,0.5244115696506533,0.6275996545978693,2.299854489170079,1.2283202055067124,1.1496584601842046,2.3830651107627565,0.9110659625636569,RF
343,372,357,train,30,False,0.4443858267403927,0.6666227019389549,0.3969014806029647,0.5064244552580708,0.6064258951655268,2.299854489170079,1.1928077616842159,1.1147208700617122,2.388895809990293,0.9096988347406438,RF
344,373,358,train,30,False,0.42957822910603766,0.6554221762391303,0.39302465463487407,0.494724632413103,0.5905099915982759,2.299854489170079,1.1556468014811307,1.0811515343267208,2.3702861797308277,0.9009612628408056,RF
345,374,359,train,30,False,0.42375291746220684,0.6509630691999407,0.37812309169740677,0.4896401951557096,0.5853672450125647,2.299854489170079,1.1557750093004833,1.0786666745799343,2.3941881702284395,0.8992326488382882,RF
346,375,360,train,30,False,0.4335779867905444,0.658466390023473,0.3928178916320325,0.4986869604055142,0.5955375397365842,2.299854489170079,1.1752891595877393,1.0962328040904334,2.3944478788468198,0.9044311885309051,RF
347,376,361,train,30,False,0.4601064181619214,0.678311446285496,0.4207228875604833,0.5178413359613467,0.6171204865444475,2.299854489170079,1.206766132373064,1.127169054892113,2.388144058639493,0.9097892862104323,RF
348,377,362,train,30,False,0.4378718048262891,0.6617188261084077,0.44481839257499245,0.5040206835887316,0.6008544952436038,2.299854489170079,1.180197645943625,1.1015850415520947,2.393169896338944,0.9080208564976922,RF
349,378,363,train,30,False,0.4366267933638116,0.6607774159002497,0.4463341986624826,0.5016542779050984,0.5998963355390082,2.299854489170079,1.1844303232574591,1.1035365417418928,2.4105339196466136,0.9078644655578967,RF
350,379,364,train,30,False,0.42902567590123225,0.6550005159549359,0.437964052347098,0.4967672270670879,0.5929828120546637,2.299854489170079,1.1711323401885896,1.0902192225286078,2.41291523113005,0.9053165571788053,RF
351,380,365,train,30,False,0.3899981465938541,0.6244983159255548,0.4100838987988574,0.47638417248698833,0.5683430971762052,2.299854489170079,1.1325494684499369,1.0507501525443697,2.4353673693365883,0.9100794712854858,RF
352,381,366,train,30,False,0.37402948656638985,0.6115795014275657,0.3984030869238616,0.4700868127446404,0.557232049066818,2.299854489170079,1.101489172989907,1.0205593478411514,2.413058878580762,0.911135915716782,RF
353,382,367,train,30,False,0.3709746618960555,0.6090768932540911,0.40259057749253174,0.4665809128150657,0.5526694703938099,2.299854489170079,1.09376630800102,1.012746032910291,2.4178431420902498,0.9073886672027311,RF
354,383,368,train,30,False,0.3662397515391921,0.6051774545860017,0.40995607805510204,0.4614151324524676,0.5489563044756405,2.299854489170079,1.100152467577833,1.016827390725781,2.4482783068550136,0.9070997280478306,RF
355,384,369,train,30,False,0.35639561010413995,0.5969887855765299,0.40330059961756715,0.45341519627746324,0.5385433781545611,2.299854489170079,1.0727507916467223,0.9920987616091651,2.4289532043674407,0.9020996560839475,RF
356,385,370,train,30,False,0.358994086353044,0.5991611522395657,0.40362011829632305,0.45677112878669773,0.5408393050835675,2.299854489170079,1.0731947982231225,0.9925794727719706,2.4155641098063594,0.9026608335036397,RF
357,386,371,train,30,False,0.3755546347698864,0.6128251257658145,0.39410023481296275,0.4698740387811155,0.5560009015769993,2.299854489170079,1.100610965592988,1.0186431303732357,2.4160111817730003,0.9072749764987116,RF
358,387,372,train,30,False,0.3793138486350237,0.6158846065904097,0.39823290846444953,0.47276403777979975,0.55946113999743,2.299854489170079,1.106250085304538,1.0238021252921217,2.4153964188364485,0.908386301607139,RF
359,388,373,train,30,False,0.39369666142284904,0.6274525172655291,0.3978926179873885,0.4825108289147432,0.5732596310447771,2.299854489170079,1.1421157514679998,1.0559375689394817,2.441432578207711,0.9136302991389254,RF
360,389,374,train,30,False,0.32956061418532795,0.574073701004782,0.35714447069353256,0.44781350970308414,0.5348114656512291,2.2845273077722696,1.0826053316164022,0.9983943040578827,2.4608480092543403,0.9316076746159359,RF
361,390,375,train,30,False,0.3314524246040308,0.5757190500617735,0.3393509915302747,0.44926969410953704,0.5360646669687121,2.2845273077722696,1.0754870051888974,0.9953907274412762,2.443574070530625,0.9311219889478966,RF
362,391,376,train,30,False,0.34223755814626006,0.5850107333598761,0.35141363002820347,0.4561835102727902,0.5429268861222419,2.2845273077722696,1.0807487471843753,0.9978882408789632,2.4242933927286265,0.9280631194646033,RF
363,392,377,train,30,False,0.3329622064787721,0.5770287743941129,0.3501684426363267,0.44852650096009455,0.534543170669674,2.2845273077722696,1.078050783475449,0.9912556179374161,2.464613532421019,0.926371776227192,RF
364,393,378,train,30,False,0.35736491885131566,0.5978000659512474,0.3689019307158749,0.46481312542360537,0.550409580272351,2.2845273077722696,1.096439801397469,1.0053901146828614,2.4456096157756795,0.9207251916182271,RF
365,394,379,train,30,False,0.3563485345832142,0.5969493567993973,0.38350065826927543,0.46401200799347386,0.5493265926785299,2.2845273077722696,1.0946165810283666,1.0038028780458979,2.4461505171459,0.9202231084120744,RF
366,395,380,train,30,False,0.35895349056830644,0.5991272740981722,0.3793513453948302,0.4682775145179214,0.5525276038189801,2.2845273077722696,1.0916544892908044,0.9988489593276041,2.400635963461014,0.9222207495905846,RF
367,396,381,train,30,False,0.358570766177597,0.5988077873388062,0.3891070765081968,0.46732826479478995,0.5519037808749425,2.2845273077722696,1.0902869869413363,0.9974768250177732,2.404843239339649,0.9216710145465671,RF
368,397,382,train,30,False,0.3204343341400709,0.5660691955406785,0.3673314010362448,0.44816033929312893,0.5287314587607793,1.7503180402499152,1.0396584207761992,0.946954081553019,2.3878907630750503,0.9340403309806742,RF
369,398,383,train,30,False,0.3209435645955353,0.5665188122168012,0.38636084600326726,0.44979291492060586,0.5291172072794883,1.7503180402499152,1.0307995773046994,0.9355734213981134,2.3638763697237284,0.9339799418293638,RF
370,399,384,train,30,False,0.33013770755379535,0.5745761111931085,0.38287091412580515,0.45789873242990936,0.5397498414571377,1.7503180402499152,1.0524891934635512,0.9553914438349902,2.3747474248655513,0.9393878912514236,RF
371,400,385,train,30,False,0.32938726243783445,0.5739226972666567,0.3801659998321509,0.45723058054638954,0.5387824688663194,1.7503180402499152,1.0581290314425085,0.9562641919573324,2.401159333872461,0.9387718440694282,RF
372,401,386,train,30,False,0.33383520856348,0.5777847424114624,0.38770049199389156,0.4617560245257428,0.5430517924325374,1.7503180402499152,1.069030047754813,0.9634333485074258,2.4043456265553,0.9398860035071845,RF
373,402,387,train,30,False,0.3302713016567637,0.5746923539223083,0.391622536625612,0.45636834411394583,0.5372529071247055,1.7503180402499152,1.0595906536005206,0.9560550524705055,2.4196717252252204,0.9348530626132809,RF
374,403,388,train,30,False,0.3418759339615313,0.5847015768420086,0.39998507166897507,0.46820031640386,0.550771228124044,1.7503180402499152,1.081423777934511,0.977592428465776,2.4096598036362673,0.9419698012425014,RF
375,404,389,train,30,False,0.33672099271820954,0.5802766518809882,0.4008296611839396,0.4632782283197804,0.5441643103803127,1.7503180402499152,1.0643630384033809,0.9615610990727442,2.3938351495469687,0.9377670264974197,RF
376,405,390,train,30,False,0.32884649138474836,0.573451385371723,0.39089200906787375,0.4561444766900946,0.5366298419032925,1.7503180402499152,1.0526168133611244,0.9480161469046624,2.404468608077982,0.935789598895882,RF
377,406,391,train,30,False,0.3460461494729877,0.5882568737150359,0.39080179440588275,0.4646019138235966,0.5447428252975264,1.9416004661216693,1.0693517965360768,0.9626324888433203,2.4064174824661877,0.9260288313458983,RF
378,407,392,train,30,False,0.3428887054623606,0.5855669948540138,0.37215498800872115,0.4603071738440365,0.5405507712993186,1.9416004661216693,1.0629139766144529,0.9581358764302016,2.4181593269830515,0.9231237007032508,RF
379,408,393,train,30,False,0.3318497489084782,0.5760640145925435,0.35954540905618393,0.44973247971682145,0.5283462519199336,1.9416004661216693,1.0411704745854107,0.9371435424744277,2.44433943901013,0.9171658679177153,RF
380,409,394,train,30,False,0.3325456006533956,0.5766676691591055,0.35421298047322075,0.4512705456713313,0.5291068547298461,1.9416004661216693,1.0346277175810852,0.9320143065312273,2.4169462405518285,0.9175247426327673,RF
381,410,395,train,30,False,0.3298517285966376,0.5743271964626415,0.3552735371805907,0.4493247483469685,0.525440446135453,1.9416004661216693,1.0214970842710303,0.9215122959292248,2.3896881914837835,0.9148799662835254,RF
382,411,396,train,30,False,0.3229316511141239,0.5682707551107341,0.33922228565750207,0.4422159872322082,0.517425642736918,1.9416004661216693,1.0047312783658089,0.9079774851919851,2.3978684021158623,0.9105266074022966,RF
383,412,397,train,30,False,0.330730191595043,0.5750914636777728,0.343650874410959,0.45135564600599337,0.5269535125351147,1.9416004661216693,1.0143547147637537,0.9184336752974436,2.368590040214144,0.9162951388031207,RF
384,413,398,train,30,False,0.32341236501058573,0.5686935598462372,0.33408981693142736,0.44404193175980977,0.5190588468084825,1.9416004661216693,1.0050306546986458,0.9062482756640357,2.4026796787566655,0.9127215137601086,RF
385,414,399,train,30,False,0.32787762555206945,0.5726059950367874,0.33589450759407163,0.44694435865405235,0.5246379049845075,1.9416004661216693,1.0256233186314077,0.9241776278887152,2.4422301947754184,0.9162284529535911,RF
386,415,400,train,30,False,0.32084158018788406,0.5664287953378465,0.33738323579367524,0.4395293113551274,0.5175072750662185,1.9416004661216693,1.0199955611880183,0.9169499649347297,2.468518478529618,0.9136316503075224,RF
387,416,401,train,30,False,0.3120964337594479,0.5586559171435025,0.33909552889951977,0.43433903975143023,0.5110449321511944,1.9416004661216693,1.0088382172630643,0.9067949393318612,2.4678428204423777,0.9147758333327055,RF
388,417,402,train,30,False,0.30337263341577386,0.5507927318109543,0.3318624127852993,0.4261879347533994,0.5013425304582649,1.9416004661216693,0.9909158875603353,0.890329194906092,2.46305741551962,0.9102199457314882,RF
389,418,403,train,30,False,0.3055908200220246,0.5528026953823801,0.3316958785725867,0.4307047880956879,0.5028206847925005,1.9416004661216693,0.9793441838817633,0.8824519822494551,2.427051671255161,0.9095843580225192,RF
390,419,404,train,30,False,0.31487765425906555,0.5611396031818335,0.32869075568983774,0.4409828973949901,0.5138168018464494,1.9416004661216693,0.9931747152804548,0.8953575952508633,2.4059315900641254,0.9156666165299163,RF
391,420,405,train,30,False,0.3040121702062812,0.5513729864676734,0.334479519823933,0.43448915807789873,0.5054302299087168,1.9416004661216693,0.9795786230814156,0.880135937901574,2.408891292681237,0.9166757209973501,RF
392,421,406,train,30,False,0.284694438409467,0.5335676512022323,0.3193196493657594,0.4226781977434584,0.4910935582572005,1.9416004661216693,0.9508436196887009,0.8546249531069126,2.4050969463375287,0.9203960494056764,RF
393,422,407,train,30,False,0.27974480569997723,0.5289090712967374,0.3088849260798265,0.41674586398271196,0.4830105787509765,1.9416004661216693,0.9265444568521805,0.8346416670333593,2.375229295439531,0.9132204474519022,RF
394,423,408,train,30,False,0.24942976306553205,0.49942943752399305,0.2746583534271346,0.39487694099283754,0.4602245512721673,1.9416004661216693,0.894048495556452,0.8057417630662794,2.38803683603389,0.921500649929266,RF
395,424,409,train,30,False,0.2532202083621536,0.5032099048728608,0.2760817433668428,0.39625247312008527,0.4639489195681919,1.9416004661216693,0.9030069192551131,0.8161795084461505,2.4007819312719527,0.9219789099449693,RF
396,425,410,train,30,False,0.2587718381605712,0.5086962140222504,0.2896931807491426,0.39952722957662545,0.46915657532370464,1.9416004661216693,0.9152879339915588,0.8301750535379493,2.4110514244108563,0.9222725909715218,RF
397,426,411,train,30,False,0.2596078672455756,0.5095172884658337,0.28734936939351197,0.4009847580117557,0.4704745297345833,1.9416004661216693,0.9150438880050181,0.8316561397788936,2.396759301132816,0.9233730442222896,RF
398,427,412,train,30,False,0.25530814828785786,0.5052802670675531,0.2878053141119249,0.39502270786551125,0.4650084911629117,1.9416004661216693,0.909554875719726,0.8271003853976747,2.4156511187690275,0.9202981423787576,RF
399,428,413,train,30,False,0.24351719224250393,0.49347461154805516,0.27897550893635453,0.3840130791290844,0.45279241845574025,1.9416004661216693,0.8887575476416799,0.8070163300630381,2.4341002024663863,0.9175597039031191,RF
400,429,414,train,30,False,0.2349859634574981,0.4847535079372795,0.2919670012253891,0.37638261279414853,0.4433027035847632,1.9416004661216693,0.8744139567285004,0.7924824214973207,2.4482393917418515,0.9144909656685156,RF
401,430,415,train,30,False,0.23462993904050833,0.48438614662323726,0.2972347477956292,0.37697832170342455,0.4428164288212707,1.9416004661216693,0.8681840878246736,0.7893509529036643,2.420546135551297,0.9141806220269547,RF
402,431,416,train,30,False,0.2601138706287989,0.5100135984743925,0.296005185889167,0.39086162418134474,0.4583843169031527,1.9416004661216693,0.8880838997264708,0.8115098569579128,2.4101063599624966,0.8987688137616744,RF
403,432,417,train,30,False,0.26445308314082994,0.5142500200688668,0.299532937354237,0.39693144576594125,0.46513214580882845,1.9416004661216693,0.8956553758763758,0.8184944502581637,2.3853227794754743,0.9044863931099884,RF
404,433,418,train,30,False,0.30417097674110777,0.5515169777451169,0.29581954610647737,0.4164674316335692,0.4861100186440615,2.3101787633583957,0.9359067084296645,0.8568360603967372,2.386202447550638,0.8814053569692951,RF
405,434,419,train,30,False,0.33809725174826644,0.5814613071806811,0.303949265398481,0.43742681586545046,0.511409212802883,2.3101787633583957,0.9717962965980227,0.8941687580108838,2.375993920161808,0.8795240654662676,RF
406,435,420,train,30,False,0.3431037892790554,0.5857506203829881,0.3072197577844272,0.4407449428676318,0.5165525781933729,2.3101787633583957,0.9857511152135039,0.9086559200083105,2.389199325058989,0.88186432966239,RF
407,436,421,train,30,False,0.29827013195306235,0.5461411282379879,0.26854759601059236,0.41059385589816555,0.4847205639940287,2.3101787633583957,0.9390854498580691,0.8616972434824975,2.4287826567218316,0.8875371931022298,RF
408,437,422,train,30,False,0.3001889519136728,0.5478950190626602,0.27422962604998385,0.41322353358115815,0.4874282171835354,2.3101787633583957,0.9432275621130306,0.8639986403483216,2.4211269252207597,0.8896379784897999,RF
409,438,423,train,30,False,0.30148347345082593,0.5490751072948271,0.2775809814517462,0.4149884054219505,0.48957577227079224,2.3101787633583957,0.9444757532616889,0.8651554012150322,2.4030444581091803,0.8916371654195451,RF
410,439,424,train,30,False,0.30284778132668155,0.5503160740217221,0.27192249861544326,0.41674520493278694,0.49096867106309955,2.3101787633583957,0.9478678732615329,0.8685363148635258,2.4022202800625947,0.8921576058556487,RF
411,440,425,train,30,False,0.30413193926142407,0.5514815856050174,0.2692183808878719,0.4177616977870319,0.49285354092206357,2.3101787633583957,0.9503745468520288,0.8715408602231671,2.4034039967133562,0.8936899323326737,RF
412,441,426,train,30,False,0.3128247097137021,0.5593073481670897,0.2812911635906099,0.42697312946577454,0.5024096872679135,2.3101787633583957,0.9639023019048218,0.883596620367726,2.378358981410633,0.8982712079760153,RF
413,442,427,train,30,False,0.30530635504286496,0.5525453420696486,0.27637921717573005,0.41808258456053726,0.4933931051297489,2.3101787633583957,0.9554918019961239,0.8739719012618374,2.410003115499125,0.8929459133284241,RF
414,443,428,train,30,False,0.3067066712822989,0.5538110429400076,0.28373417619921565,0.4218034938780558,0.4952692550614802,2.3101787633583957,0.9497043686704599,0.8723253232443445,2.3581908880661926,0.8942928483914881,RF
415,444,429,train,30,False,0.303541928615551,0.5509463935951945,0.2886956976706591,0.4203249741493673,0.4915761838500316,2.3101787633583957,0.9346095506620977,0.8581690861574169,2.326192395354612,0.8922395891227398,RF
416,445,430,train,30,False,0.30713483225913624,0.554197466846553,0.30276266223754017,0.4237658092103643,0.49559753395009276,2.3101787633583957,0.939276960295491,0.8631177087991623,2.315425639620264,0.8942616370480714,RF
417,446,431,train,30,False,0.2996826095854953,0.5474327443490162,0.3000827801581245,0.41556468545650993,0.4874535332467061,2.3101787633583957,0.9292788733729335,0.8518822853836653,2.3414271365895805,0.8904354704364006,RF
418,447,432,train,30,False,0.3061032534138501,0.553265987942373,0.3030414053029718,0.42192322197837995,0.49511595785552637,2.3101787633583957,0.9455400816996551,0.8659335344590288,2.350574505158377,0.8948967922226525,RF
419,448,433,train,30,False,0.2941499093385574,0.5423558880832376,0.3260251299484008,0.41235772422704303,0.48563294227440945,2.3101787633583957,0.9372250617248606,0.8571575081414885,2.374548375642283,0.8954137918382428,RF
420,449,434,train,30,False,0.3029857036511136,0.5504413716746894,0.31240641481543213,0.4162275832879526,0.49209100145449014,2.3101787633583957,0.9578280064212414,0.8761226705076481,2.3960476310164536,0.8939934873669265,RF
421,450,435,train,30,False,0.30981518210160947,0.5566104401658394,0.3224284836656297,0.4202114445222883,0.49772168309004744,2.3101787633583957,0.9640612706921822,0.8844708930939772,2.3903245811294807,0.8942011273481569,RF
422,451,436,train,30,False,0.313843335533368,0.5602172217393607,0.31815309077473364,0.4222552856729812,0.5016166864013519,2.3101787633583957,0.9722915791876539,0.8943049855446266,2.398366729170286,0.8953967620701376,RF
423,452,437,train,30,False,0.3264859379815235,0.571389480111004,0.3243820432159126,0.4354665543510498,0.5168863797908031,2.3101787633583957,1.00354568740478,0.9239723482066647,2.3970789184285146,0.9046130490368627,RF
424,453,438,train,30,False,0.33338560826369856,0.5773955388325221,0.29688315563693546,0.44198522382786887,0.5247124688223398,2.3101787633583957,1.021020801386096,0.9410596001537372,2.406001861027088,0.9087574003139927,RF
425,454,439,train,30,False,0.3317575056833619,0.5759839456819624,0.2854515267533745,0.4426478667835303,0.5232111283740093,2.3101787633583957,1.0084837288273754,0.9296235032523067,2.373622435622598,0.9083779718105331,RF
426,455,440,train,30,False,0.350243627947152,0.5918138456872668,0.29853344345548644,0.45509048062326396,0.5349520169438049,2.3101787633583957,1.0165914674209866,0.9397811727343548,2.347181020495263,0.9039194010788495,RF
427,456,441,train,30,False,0.349022904228643,0.5907816045110436,0.2960159313739591,0.4533716171544643,0.5329647011825095,2.3101787633583957,1.0160293745110258,0.9379379012639856,2.360982904705599,0.9021348957261699,RF
428,457,442,train,30,False,0.35179995710564316,0.5931272688939897,0.2928855912750973,0.45603594018918364,0.5367385895828402,2.3101787633583957,1.0227202342237691,0.9430110930488681,2.3625499002160857,0.9049298822219082,RF
429,458,443,train,30,False,0.3531311948212441,0.5942484285391456,0.29353128591694044,0.45839397758751294,0.5387577773523636,2.3101787633583957,1.0223189841830644,0.945087189446951,2.339899497113186,0.9066204494251741,RF
430,459,444,train,30,False,0.35542132905346924,0.5961722310318296,0.29494428273081963,0.46073379993223246,0.5419790368906987,2.3101787633583957,1.0246857556583018,0.9487326548194468,2.327205665308749,0.90909809058477,RF
431,460,445,train,30,False,0.35824337047074206,0.5985343519554597,0.28364401179151055,0.46466354022703354,0.5454175569402003,2.3101787633583957,1.0215064258168736,0.9472503721647971,2.293813241561076,0.9112552273036251,RF
432,461,446,train,30,False,0.33827984265981026,0.5816182963592276,0.29226032362988974,0.45316730647616965,0.5341041430332596,2.3101787633583957,1.0092315051951735,0.9363578959287753,2.308511506779227,0.9183069830791196,RF
433,462,447,train,30,False,0.34551333082873836,0.5878038200188379,0.2963622140417608,0.4584205968595531,0.5409813602858179,2.3101787633583957,1.0262730532524156,0.952372408776141,2.321371442885956,0.9203433898549359,RF
434,463,448,train,30,False,0.2954831669877532,0.5435836338483281,0.2954158092003267,0.42862442325943284,0.508939686329027,1.640760228088233,0.9708506272103611,0.8976159139700898,2.3430852964845403,0.9362674934231601,RF
435,464,449,train,30,False,0.2611984288378948,0.5110757564568044,0.277497986742002,0.4070471890528848,0.48300370288222366,1.547546176474317,0.931168593147355,0.8577774586654455,2.343196519636365,0.9450726174741703,RF
436,465,450,train,30,False,0.27073705856809627,0.5203239938423907,0.3046898912865548,0.4152535914148014,0.49011636164097094,1.547546176474317,0.9277593491226418,0.8563573862150524,2.3037801113267053,0.941944571922682,RF
437,466,451,train,30,False,0.28022118592790896,0.5293592220108279,0.3274411902710283,0.426744146983926,0.5018782723865076,1.547546176474317,0.9411874942195884,0.872194965710075,2.2643962757251637,0.948086387311945,RF
438,467,452,train,30,False,0.2843388937055055,0.5332343703340076,0.3346229779411934,0.4288178328959823,0.5063364078598955,1.547546176474317,0.9552611146902,0.8857580467719844,2.28728369351797,0.9495569603713585,RF
439,468,453,train,30,False,0.2994610597948483,0.5472303535028447,0.3352762947736348,0.440213815743088,0.5202707400000689,1.547546176474317,0.9824293930347169,0.9125686921715185,2.279258786947586,0.9507344332597669,RF
440,469,454,train,30,False,0.32602638293076397,0.5709872003213067,0.3266426458792055,0.45405614054792276,0.5375312914764809,1.7548804294551925,1.0085314194016788,0.9388091271519333,2.2755280944263188,0.9414069022457957,RF
441,470,455,train,30,False,0.33852906800426613,0.5818325085488659,0.34152826556637494,0.4646942048570763,0.5490662687322306,1.7548804294551925,1.0328226202981774,0.9603726019551737,2.2778321330427267,0.9436844120340461,RF
442,471,456,train,30,False,0.331259430575857,0.5755514143635275,0.3264729961502081,0.45783674350392795,0.5415868693253086,1.7548804294551925,1.018712379827159,0.9490949411762131,2.279497605476423,0.9409878176117793,RF
443,472,457,train,30,False,0.3340164915976221,0.5779415987776119,0.33501972224862686,0.46231071473432633,0.5456163451632237,1.7548804294551925,1.0185325392970013,0.9515533727296109,2.245822042964243,0.9440683043360117,RF
444,473,458,train,30,False,0.35835346372637045,0.5986263139274538,0.34070547552688235,0.477568645834354,0.5637060126510125,1.7548804294551925,1.0505036329156936,0.9838785403739969,2.249473252834913,0.9416659434040963,RF
445,474,459,train,30,False,0.36440247116538566,0.6036575777420389,0.3456730255060865,0.48265264084048987,0.5701456623942479,1.7548804294551925,1.0619735084227535,0.996248889103524,2.247780371279818,0.9444852237701692,RF
446,475,460,train,30,False,0.36490261360695914,0.6040716957505616,0.33667136359176664,0.48211285261663395,0.5706318590322424,1.7548804294551925,1.0751370599867869,1.0084380617083075,2.283509337569697,0.9446426029334647,RF
447,476,461,train,30,False,0.36747996507157954,0.6062012578934323,0.34147162427082467,0.48540620790172595,0.573974640015167,1.7548804294551925,1.0796896853844562,1.0137021851879537,2.2703281146865657,0.9468384180028696,RF
448,477,462,train,30,False,0.40954434823900415,0.6399565205848005,0.35724023953294004,0.5057908718590992,0.597637088773261,2.342343976405844,1.124582524743263,1.055272083971674,2.2708940454492446,0.933871395242809,RF
449,478,463,train,30,False,0.4099467879989904,0.6402708708031237,0.34871989420156685,0.5050763314386347,0.5980443229552068,2.342343976405844,1.1317570860328,1.0590510110239861,2.2943413041183716,0.9340489318295083,RF
450,479,464,train,30,False,0.3965029517100091,0.629684803461231,0.3538158132798555,0.49634929639777403,0.5871628404184766,2.342343976405844,1.1090084318345153,1.0383532505180324,2.2901912387302357,0.9324710350178039,RF
451,480,465,train,30,False,0.38217374853556996,0.6182020288995904,0.3418621054513803,0.4830159567856708,0.571396024732638,2.342343976405844,1.0831901998903868,1.0127276096347158,2.3117295429704483,0.9242868803742558,RF
452,481,466,train,30,False,0.3723662956130679,0.6102182360541742,0.34553690933835857,0.4725287376246515,0.5586236243837066,2.342343976405844,1.0607216499203884,0.9888923285312806,2.3314948060457326,0.9154489187276812,RF
453,482,467,train,30,False,0.3597070546482627,0.5997558291907321,0.3407264366186181,0.45916852741986297,0.5433087800336692,2.342343976405844,1.0311480150569103,0.9601988461675433,2.346336875756755,0.9058832838136337,RF
454,483,468,train,30,False,0.3548983823206269,0.5957334826250972,0.3594788494642464,0.45532346917313865,0.5383373662953433,2.342343976405844,1.02184474694072,0.9506651585349898,2.3450587636023967,0.903654708013325,RF
455,484,469,train,30,False,0.38220832654373493,0.6182299948593039,0.36501170594247945,0.4710047700808421,0.5558053215814844,2.342343976405844,1.0494875531816124,0.9779224979677961,2.341624934017923,0.8990267800059977,RF
456,485,470,train,30,False,0.35361380773023987,0.5946543598850007,0.3464049814398777,0.44955483353563236,0.5325274170312264,2.342343976405844,1.0163944054099043,0.9447403295856864,2.357195268211562,0.8955242792371203,RF
457,486,471,train,30,False,0.36882817345696467,0.6073122536693663,0.3636061051285011,0.4598502941675365,0.5476267534091738,2.342343976405844,1.0535159584137899,0.9790344631058265,2.375680276452166,0.9017218903462361,RF
458,487,472,train,30,False,0.3886601423139868,0.6234261322033163,0.3621265056394603,0.47339506704777945,0.562823804115537,2.342343976405844,1.0817301880818433,1.0072063548270451,2.370683481553899,0.9027914856991986,RF
459,488,473,train,30,False,0.38606394771841396,0.6213404442963728,0.3583861778111007,0.46938252627193205,0.5584027829208478,2.342343976405844,1.0769878810157263,1.0011616971946353,2.3911366161711176,0.898706639889187,RF
460,489,474,train,30,False,0.38423457838342023,0.6198665811151786,0.3480016389893943,0.4679533368608162,0.5559059522976525,2.342343976405844,1.0695337774991842,0.9950273742720593,2.37687325947094,0.8968154910005683,RF
461,490,475,train,30,False,0.3845495609580975,0.6201206019461839,0.35418057152293997,0.4669810921734455,0.5562431974646295,2.342343976405844,1.073116978395659,0.9989354916576499,2.39041331935037,0.8969919653030687,RF
462,491,476,train,30,False,0.371931785131271,0.6098621033735996,0.3458078602822693,0.4569096959201198,0.5444741507332792,2.342343976405844,1.0529775191477835,0.976355185635008,2.399653626685272,0.8927823973999841,RF
463,492,477,train,30,False,0.3604108390438648,0.6003422682469266,0.33861630376694746,0.4453714153532125,0.5309656389760279,2.342343976405844,1.031825087774041,0.9547264240506145,2.435108842896154,0.8844382064359936,RF
464,493,478,train,30,False,0.36221594931314344,0.6018437914551777,0.3370207114896832,0.4491467847143212,0.533620925332574,2.342343976405844,1.0309847037433912,0.9546023530839061,2.4040978433409728,0.8866435658368262,RF
465,494,479,train,30,False,0.3635187346750666,0.6029251484845085,0.332538451292075,0.45093638478564374,0.535763341940527,2.342343976405844,1.0355552780550257,0.9581378377435344,2.4083644625380285,0.8886067255399828,RF
466,495,480,train,30,False,0.3477621008758685,0.5897135752853825,0.31295004279285704,0.43786348733438263,0.5219381007394198,2.342343976405844,1.0229032862356908,0.9438214330134892,2.4404765388000373,0.8850705200178512,RF
467,496,481,train,30,False,0.34046211489218087,0.5834913151814523,0.3034854827941506,0.43006665816439826,0.5140167612323628,2.342343976405844,1.0147503265694318,0.934733783382406,2.4603630672006624,0.8809330110980582,RF
468,497,482,train,30,False,0.345560651204595,0.5878440704851883,0.3027737553452826,0.4352785153832263,0.5183145481902346,2.342343976405844,1.0105530732207513,0.9342191499102825,2.424684011136276,0.8817211471784241,RF
469,498,483,train,30,False,0.3417720170750023,0.5846127069051804,0.2986530960597424,0.43338861947383606,0.5156529179897424,2.342343976405844,1.0083110825819346,0.9312259386207772,2.4294845110598775,0.8820419260462248,RF
470,499,484,train,30,False,0.31989157096274046,0.5655895781949491,0.3013926472572731,0.4210303007106627,0.5024871640104032,2.342343976405844,0.9936297762171554,0.9162990391034971,2.4496726063805525,0.8884307338442583,RF
471,500,485,train,30,False,0.31849628784012135,0.5643547535372776,0.28375079891695837,0.4205549111064659,0.5014905650230291,2.342343976405844,0.9855847857175917,0.9114347246228627,2.438172330688752,0.8886087374648186,RF
472,501,486,train,30,False,0.3264551879209726,0.5713625713336258,0.29233835628984756,0.4276503068018082,0.509538017009878,2.342343976405844,1.0062458537235917,0.928427700332941,2.4479451529262595,0.8917945321839298,RF
473,502,487,train,30,False,0.33614148799178,0.5797771019898768,0.2930175065252712,0.4340870084571326,0.5185456971737518,2.342343976405844,1.0299303051408932,0.9494137223033404,2.470504554433135,0.894388024973787,RF
474,503,488,train,30,False,0.31349071844568266,0.559902418681758,0.2816900918477583,0.4204639163457362,0.5024135703159199,2.342343976405844,0.9978408088697306,0.9175452993482676,2.4589664602240573,0.897323450573422,RF
475,504,489,train,30,False,0.3422845421719582,0.5850508885318936,0.29279192584032404,0.4359648714774685,0.5198158886568398,2.342343976405844,1.0259096908519312,0.9441564973818534,2.449825237875557,0.8884968792394244,RF
476,505,490,train,30,False,0.33799660128351366,0.581374751157559,0.2829338810463144,0.4336838639598096,0.5150536358615788,2.342343976405844,1.0061194451038198,0.9257577062414843,2.4140859127368564,0.8859236401926124,RF
477,506,491,train,30,False,0.3359703907279747,0.5796295288613018,0.27452306756660627,0.43137474518568,0.5125043855894619,2.342343976405844,1.0025955883627644,0.9198075231907182,2.42128228747268,0.8841930234235837,RF
478,507,492,train,30,False,0.2877419551459232,0.5364158416246888,0.25870142925976264,0.4044462477048324,0.48159305421902,1.9482006715019904,0.9501665103555453,0.8682659769616078,2.4462231838128017,0.8977979709927613,RF
479,508,493,train,30,False,0.2826937329103165,0.5316895079934496,0.2576876620690662,0.4006669559969553,0.47539517018638294,1.9482006715019904,0.9259436541090271,0.849110178540944,2.4031984760680567,0.8941217816775873,RF
480,509,494,train,30,False,0.28185642963279134,0.5309015253630294,0.2484206903881835,0.39919021464880733,0.474444235826669,1.9482006715019904,0.9327976751827571,0.8536827353856123,2.4341610055208744,0.8936576995182768,RF
481,510,495,train,30,False,0.2871496923329202,0.5358635015868501,0.24910259933052628,0.40596498198162556,0.4823200546689275,1.9482006715019904,0.9516315873656143,0.8705489665160633,2.432648666329251,0.9000800637487631,RF
482,511,496,train,30,False,0.2905155334654547,0.5389949289793502,0.25025861950278167,0.41085293930585765,0.48829006714001827,1.9482006715019904,0.9637470485906582,0.8826168788523583,2.423756181443574,0.9059270150549514,RF
483,512,497,train,30,False,0.30688356135943595,0.5539707224749661,0.257539266798995,0.4261364200068211,0.5063171774620747,1.9482006715019904,0.9994178252731695,0.9181402354271594,2.411406698204584,0.9139782246975248,RF
484,513,498,train,30,False,0.31616081909831784,0.5622817968761907,0.264297296553223,0.4332890312045868,0.5149341164283397,1.9482006715019904,1.0067072981707708,0.9272019601534088,2.3958782168478594,0.9157936808360231,RF
485,514,499,train,30,False,0.3125360870129931,0.5590492706488339,0.2871718122783121,0.4299423478306045,0.513152052441676,2.0573446821827335,1.0183658942926699,0.9370407629075089,2.4177623462211764,0.9179013002666304,RF
486,515,500,train,30,False,0.3139988094357918,0.5603559667173998,0.2818928042673836,0.4317944423177903,0.5155783955271733,2.0573446821827335,1.02582004345336,0.9435605195445098,2.429910727776106,0.9200908460874677,RF
487,516,501,train,30,False,0.30563395015470224,0.5528417044278608,0.2688092069861938,0.4296830846941942,0.5089485839043398,2.0573446821827335,0.9959433102786068,0.9167527269897927,2.381734386653372,0.9206045416400952,RF
488,517,502,train,30,False,0.3120744716575693,0.5586362606003743,0.30539376801275475,0.43437227892121244,0.512402823248972,2.0573446821827335,0.9921517236024494,0.9129941718549712,2.365784125594757,0.9172387461893101,RF
489,518,503,train,30,False,0.3131934971440098,0.5596369333273223,0.30662270372368927,0.43595810483968395,0.5145578650844261,2.0573446821827335,0.9964857970998585,0.9169877955736102,2.365442547095236,0.9194494402381942,RF
490,519,504,train,30,False,0.31363284082213166,0.5600293213949888,0.30791514293796945,0.4361749103720914,0.5152065978783006,2.0573446821827335,1.0016840511010991,0.9205714445029141,2.3819515730816145,0.9199636129675525,RF
491,520,505,train,30,False,0.31122604267906484,0.55787636863293,0.3010022137612646,0.43312096999480365,0.5124085225100127,2.0573446821827335,1.0014511543106936,0.9190187245129943,2.4032646831894664,0.9184983471618706,RF
492,521,506,train,30,False,0.3230981142772578,0.5684172008984755,0.3084051879646813,0.4448606311203636,0.5236484431801174,2.0573446821827335,1.0138650019651485,0.9329547745882313,2.3761073914073463,0.921239614762548,RF
493,522,507,train,30,False,0.3480864531352443,0.5899885194944426,0.29740591999815924,0.4660821549181967,0.5459976453473706,2.0573446821827335,1.042785369102311,0.9636261953033872,2.3219779804986187,0.9254377454924588,RF
494,523,508,train,30,False,0.35693222569658395,0.5974380517648537,0.2993405196033295,0.47215816295062546,0.5546723705579077,2.0573446821827335,1.0660757725265018,0.9856028644602197,2.3454936029636504,0.9284182166157403,RF
495,524,509,train,30,False,0.3869801022288189,0.622077247798711,0.3241484650696446,0.49206468209452653,0.5770396832909396,2.0573446821827335,1.1041455120470862,1.020811244609085,2.344176218812709,0.9276013313987261,RF
496,525,510,train,30,False,0.3861015484202109,0.621370701288861,0.32342961228707623,0.4911537689126213,0.5757600250649609,2.0573446821827335,1.1043556081471064,1.020549701311779,2.354125248251727,0.9265966738867903,RF
497,526,511,train,30,False,0.38563402343543607,0.6209943827728526,0.31951270917501823,0.4903921196564829,0.5750546002089624,2.0573446821827335,1.1023069232530978,1.0186694738131947,2.3532779898699188,0.9260222252594933,RF
498,527,512,train,30,False,0.37967478019714046,0.616177555739529,0.31860564790420853,0.48472826474065916,0.5699230950467136,2.0573446821827335,1.108350878603507,1.0203770169155757,2.397207446169898,0.924933227018791,RF
499,528,513,train,30,False,0.36766509133690595,0.6063539323999688,0.3168684846971341,0.47490765395337786,0.5575860569183602,2.0573446821827335,1.0816227615221516,0.9944191155463321,2.396731226993938,0.9195719317122529,RF
500,529,514,train,30,False,0.36134294107939435,0.601118075821543,0.31605754320738844,0.47107242494188883,0.5518044926786756,2.0573446821827335,1.0699808185740216,0.9810534470644551,2.3925685524167664,0.9179635663501369,RF
501,530,515,train,30,False,0.3508983833486897,0.5923667642168066,0.3305608959220626,0.4614012264433173,0.5421338522117337,2.0573446821827335,1.0598103539646895,0.9672942059977603,2.417563294404522,0.915199644815509,RF
502,531,516,train,30,False,0.35935496733285277,0.5994622317818302,0.3430052807224925,0.46662453054948294,0.5481301201952352,2.0573446821827335,1.0645524628460568,0.974797604861089,2.405595409989017,0.914369731961234,RF
503,532,517,train,30,False,0.35984461018509634,0.5998704945111872,0.35108757431314963,0.46732043285728486,0.5484911078024026,2.0573446821827335,1.0620012971661945,0.9733626402766277,2.398344456771891,0.9143492017378654,RF
504,533,518,train,30,False,0.3625144954073235,0.6020917665998461,0.3814185988368697,0.46732934820086347,0.5511604713785094,2.0573446821827335,1.0767278362581025,0.9851321837545076,2.434308162884369,0.9154094142343822,RF
505,534,519,train,30,False,0.3399762141898621,0.583074792963872,0.3713122451121169,0.4567089694801988,0.5386482373879053,2.0573446821827335,1.0575307089152273,0.9667603662981067,2.4391352328240705,0.9238064205277362,RF
506,535,520,train,30,False,0.35213194932969905,0.5934070688235008,0.4042380784507498,0.4667237286927635,0.5497839003313264,2.0573446821827335,1.079811868785645,0.9877431252133885,2.4372004587226384,0.9264869416222788,RF
507,536,521,train,30,False,0.3564240980838286,0.5970126448274179,0.41753654051543326,0.4716655515860326,0.5547351298262869,2.0573446821827335,1.0891471278679064,0.9966302106274518,2.428580883502067,0.9291848918654774,RF
508,537,522,train,30,False,0.3667981370534155,0.6056386191892121,0.42201513522510703,0.47972951194574415,0.5655661398713041,2.0573446821827335,1.1070954375603097,1.017146173443314,2.417184598414632,0.9338343394092762,RF
509,538,523,train,30,False,0.392111754260473,0.6261882738126553,0.39967285335113506,0.4974006860306744,0.5859693632480458,2.0573446821827335,1.142787247011285,1.051543908609849,2.4171576670473924,0.935771856090933,RF
510,539,524,train,30,False,0.3906153317095406,0.6249922653197723,0.4131420722115319,0.49695822413546215,0.5840883671965675,2.0573446821827335,1.1311491513233158,1.0417494339116313,2.385053507522531,0.9345529530637046,RF
511,540,525,train,30,False,0.38896583935640405,0.6236712590430988,0.41304884976985223,0.4946850772074681,0.5821481497531078,2.0573446821827335,1.1239168620341131,1.035999186691865,2.3823898806267616,0.9334214801661694,RF
512,541,526,train,30,False,0.3880362592811865,0.6229255647998294,0.4167524105985848,0.4949829506773072,0.580826288707745,2.0573446821827335,1.113435675747612,1.0273657082990626,2.3457083738291886,0.9324168432457696,RF
513,542,527,train,30,False,0.37205758407230033,0.6099652318553086,0.4103495532113209,0.4806614197120418,0.563780891295463,2.0573446821827335,1.0788081773072788,0.9921929510790242,2.348720981286929,0.9242836506937152,RF
514,543,528,train,30,False,0.3677183302477085,0.6063978316647484,0.3911755365867815,0.4771120225129338,0.5602508539373614,2.0573446821827335,1.081571375002224,0.9929256757456018,2.3683291358448075,0.9238998305770664,RF
515,544,529,train,30,False,0.35061889224976917,0.5921308067055532,0.356839714515824,0.46874767846618787,0.5500369153194946,1.7295086211646122,1.057378269537932,0.970965385730863,2.362788650458333,0.9289111613356905,RF
516,545,530,train,30,False,0.35048282768649863,0.5920159015486819,0.3641444990008997,0.4685631474327842,0.5498336956677344,1.7295086211646122,1.0563613684834945,0.9691435988513319,2.360805687907503,0.9287481877250239,RF
517,546,531,train,30,False,0.35027266209222535,0.5918383749743044,0.37254193215836345,0.46764260737673047,0.5496348341043955,1.7295086211646122,1.0612711624428461,0.9750826937196654,2.375175674727658,0.9286907665091146,RF
518,547,532,train,30,False,0.3208593360490821,0.5664444686366724,0.3447673925564532,0.4465728284891181,0.5266079561769706,1.7295086211646122,1.0276719430722052,0.943101024927385,2.3863582806413306,0.9296726957973817,RF
519,548,533,train,30,False,0.3218567094075985,0.567324166070509,0.3474056587960551,0.4483201238148738,0.5281878128195399,1.7295086211646122,1.0266780401325306,0.9429764116911944,2.3664956153101753,0.9310158889898141,RF
520,549,534,train,30,False,0.32409519427001016,0.5692935923317688,0.3485325988007784,0.4502103108586138,0.5310484431770427,1.7295086211646122,1.0327394361523434,0.9488799457061639,2.370559765273606,0.9328199901248181,RF
521,550,535,train,30,False,0.34264416924585706,0.585358154676141,0.34989232151260224,0.4644968800803118,0.5461411641770287,1.7295086211646122,1.0575726893390411,0.9742563131455853,2.3496303271633874,0.9330034267297265,RF
522,551,536,train,30,False,0.3324135607858161,0.5765531725572378,0.34533100222450963,0.45355968275071756,0.5370002622417381,1.7295086211646122,1.0550282760319514,0.9709201259203294,2.4017174723504353,0.9313976365092795,RF
523,552,537,train,30,False,0.30863885483276177,0.5555527471201648,0.354273708152771,0.4346570973573013,0.516994387232401,1.7295086211646122,1.0245593623269253,0.9409870426337588,2.416544217625952,0.930594601344985,RF
524,553,538,train,30,False,0.29737355547268607,0.5453196819047393,0.3547270572607136,0.4237534834286443,0.5045820650436335,1.7295086211646122,0.9974134294486681,0.9162554909225045,2.415116746968038,0.9252958985107342,RF
525,554,539,train,30,False,0.2682742939574339,0.5179520189722537,0.3234137019876505,0.4045280480519344,0.483546485693976,1.6206587013371756,0.9644012829401809,0.8866318680275245,2.4281023793737107,0.9335738987048513,RF
526,555,540,train,30,False,0.31010787514222216,0.5568733025942455,0.36369106526773287,0.43259124846822367,0.511617290956932,1.6613384223267589,0.9939458603091211,0.9173132547035671,2.3800927062967374,0.9187319423888983,RF
527,556,541,train,30,False,0.3081177882192882,0.5550835866959932,0.3604407143337611,0.4291198852045794,0.5078529096990277,1.6613384223267589,0.9879617833104609,0.9115886373636732,2.393484863856183,0.9149124958313122,RF
528,557,542,train,30,False,0.30485543843294743,0.5521371554541022,0.3562155805072265,0.42738116284665645,0.504221718983587,1.6613384223267589,0.9730074935835873,0.8986360121000386,2.366021516533858,0.9132182357278466,RF
529,558,543,train,30,False,0.30780202410908664,0.5547990844522787,0.36102993778570847,0.42977570582048397,0.5082846189581091,1.6613384223267589,0.9859724824401314,0.9096761431957243,2.3863543332624837,0.9161598012727604,RF
530,559,544,train,30,False,0.3067691774757793,0.5538674728450654,0.37428896763413594,0.4289806226479514,0.5071176196674781,1.6613384223267589,0.9816560231540392,0.9070447088037362,2.3799308319574584,0.9155937918913236,RF
531,560,545,train,30,False,0.3060325547596848,0.5532020921504951,0.3673961534099145,0.4274870417649138,0.5061494800070514,1.6613384223267589,0.9848225557528362,0.9129392964011598,2.40588525042194,0.914944985185191,RF
532,561,546,train,30,False,0.2956232492282409,0.5437124692594799,0.3682143232079444,0.4209936021090944,0.4984994961388448,1.6613384223267589,0.974098131580252,0.9025666308703658,2.412068537830345,0.9168439650055958,RF
533,562,547,train,30,False,0.2819044374617881,0.5309467369348719,0.3581456331478011,0.40739789896007733,0.483583799327582,1.6613384223267589,0.9517110365914238,0.8800628646325458,2.453414691149152,0.9107953127639248,RF
534,563,548,train,30,False,0.27456524876443267,0.5239897410870108,0.34527994188136224,0.40164838690656823,0.4744969399015249,1.6613384223267589,0.931926987178352,0.861181634927286,2.4364289751818244,0.9055462401175763,RF
535,564,549,train,30,False,0.2672238582974144,0.5169369964487107,0.339471077943646,0.3962839876348736,0.4686224003679788,1.6613384223267589,0.9202006023280718,0.8502148272633495,2.436971226353092,0.9065367802795179,RF
536,565,550,train,30,False,0.2720940666525606,0.5216263669069658,0.3353661559458931,0.4001054555757413,0.47182292682606675,1.6613384223267589,0.9131984440752933,0.8443174742555648,2.4159842289539237,0.9045227710090397,RF
537,566,551,train,30,False,0.26482031540576373,0.5146069523488424,0.3348760981877801,0.3911104201066942,0.4615289596944369,1.6613384223267589,0.8902670235574157,0.8254925992940616,2.4085044875105175,0.8968572180921006,RF
538,567,552,train,30,False,0.27561962997871875,0.524994885669107,0.33500233571211174,0.39949180016050595,0.46873385305561643,1.6618739578529498,0.9020654579204683,0.8367393988118116,2.3953189479474513,0.8928350843993732,RF
539,568,553,train,30,False,0.2750678883958649,0.5244691491364052,0.39148072230350767,0.39910487921031174,0.46843460937953163,1.6618739578529498,0.898585160154985,0.8339472563302469,2.391905635040931,0.8931595121483498,RF
540,569,554,train,30,False,0.28377499511395393,0.532705354876365,0.38224395689269336,0.405309060573545,0.47713942957351885,1.6618739578529498,0.9183253100045002,0.8522496968284643,2.403135209190993,0.8956910705060542,RF
541,570,555,train,30,False,0.282760379412906,0.5317521785690267,0.3569681029777873,0.4052156350704332,0.47578921080664804,1.6618739578529498,0.9124818543144833,0.8479099069124492,2.384916824252477,0.894757426451965,RF
542,571,556,train,30,False,0.2820277830520885,0.5310628805067141,0.3533860356920422,0.4032513415081347,0.4746238025149329,1.6618739578529498,0.9166853695192032,0.8509017440466249,2.414837273183753,0.8937243025949586,RF
543,572,557,train,30,False,0.29679895052518196,0.5447925756883825,0.33841764701620897,0.4166056096513099,0.49082083162777124,1.6618739578529498,0.9458522552162448,0.8809033069380329,2.4065055132091038,0.9009315719979952,RF
544,573,558,train,30,False,0.30307681384008217,0.5505241264831925,0.3540760323335134,0.42072122147351415,0.4957583481223974,1.6618739578529498,0.9485431098083025,0.8850038546038782,2.394423243986088,0.900520657086103,RF
545,574,559,train,30,False,0.30506532759575505,0.5523271925188502,0.35925668983906717,0.4230624792697084,0.4971686237112556,1.6618739578529498,0.9466986318116992,0.8817516080728277,2.3828794253408287,0.9001342509391077,RF
546,575,560,train,30,False,0.3078032050236638,0.5548001487235416,0.36597742714350906,0.4260867642606155,0.5007238290151981,1.6618739578529498,0.9481582825410776,0.8858659729893223,2.3664386941459834,0.9025300915424056,RF
547,576,561,train,30,False,0.3117606813284644,0.5583553360795116,0.36734234680310496,0.42787232001391456,0.5041538434991248,1.6618739578529498,0.9530715181775429,0.8902953063041544,2.3684913170067605,0.9029265253181562,RF
548,577,562,train,30,False,0.32065902993699924,0.5662676310164649,0.37060052895803497,0.4365509091964598,0.514181582468272,1.6618739578529498,0.9748195435777987,0.9090033759528501,2.375911470417661,0.908018672275692,RF
549,578,563,train,30,False,0.3213752275243387,0.5668996626602796,0.3678632819396394,0.4376860984887395,0.5151917253421484,1.6618739578529498,0.9769472538149562,0.9114133076379883,2.3748578073797892,0.9087882023505143,RF
550,579,564,train,30,False,0.3231717561547107,0.5684819752241145,0.3558860937243773,0.4388740507195202,0.5171307643701253,1.6618739578529498,0.9844701933640763,0.9178518450613057,2.3865306831466415,0.909669588321169,RF
551,580,565,train,30,False,0.3353106425426543,0.5790601372419399,0.3959138878206176,0.4451350165939232,0.5236016934940151,1.811945452050634,0.992052134078945,0.9253637757126163,2.3799279378582545,0.904226797561868,RF
552,581,566,train,30,False,0.349443916990497,0.5911378155646084,0.40255146895639093,0.4571640989704247,0.5353921941868626,1.811945452050634,1.0089252980457124,0.9429083386849438,2.3462755680947422,0.9056977579339903,RF
553,582,567,train,30,False,0.3488131229681225,0.5906040322992406,0.4014333167428423,0.45665656251336756,0.5342536894700474,1.811945452050634,1.0076790553427764,0.9403378275016511,2.345805961869497,0.9045886249543208,RF
554,583,568,train,30,False,0.34826390856115713,0.5901388892126642,0.39717122989005454,0.4562049358800207,0.5331605658352175,1.811945452050634,1.009027374922601,0.939906819135995,2.3582691755845304,0.9034492991074279,RF
555,584,569,train,30,False,0.3527505969290158,0.5939281075425002,0.4025199400520334,0.45927812779991195,0.5381371229457302,1.811945452050634,1.0192319997283856,0.9500330063473179,2.3657457409561617,0.9060644143823793,RF
556,585,570,train,30,False,0.31128592755712364,0.5579300382280233,0.3651665777160805,0.43177535383066373,0.5106212299166587,1.811945452050634,0.9894388394500117,0.9215320304196967,2.406978644172162,0.915206558045133,RF
557,586,571,train,30,False,0.32195514017199933,0.5674109094580394,0.3654855334153062,0.44403416044976757,0.5237834074807427,1.811945452050634,1.012514731754535,0.9419300803766953,2.3866885267330886,0.9231112739461295,RF
558,587,572,train,30,False,0.3370104696406198,0.5805260283920264,0.3592637596987926,0.45286132524974376,0.536605662204009,1.811945452050634,1.0383748596206288,0.967743350383024,2.3937468941284004,0.9243438467183452,RF
559,588,573,train,30,False,0.3460215156295867,0.5882359353436227,0.3604577688457058,0.45937223767833796,0.544841021562095,1.811945452050634,1.051711169633092,0.9810483363411291,2.3778722376047434,0.926228726988299,RF
560,589,574,train,30,False,0.3485259430415287,0.5903608583244054,0.3603650691977422,0.4613770272549263,0.5475317638475552,1.811945452050634,1.0644485792132257,0.9915049941576641,2.3970547037346295,0.9274526861445216,RF
561,590,575,train,30,False,0.3495251783447633,0.5912065445719993,0.36622357071324774,0.4636222501727794,0.5488282680667432,1.811945452050634,1.0612460346674746,0.9866545406710661,2.365201392679274,0.9283189996891263,RF
562,591,576,train,30,False,0.35165275135115803,0.5930031630195222,0.33578353717800724,0.46601283755891915,0.5506236021068172,1.811945452050634,1.0538857135052353,0.9799515678852158,2.342301775546496,0.9285340052877428,RF
563,592,577,train,30,False,0.3543288810277659,0.5952553074335128,0.3387794760178905,0.470510943210912,0.5550470383733218,1.811945452050634,1.0580364533222033,0.9844298558493736,2.3059639341856,0.9324520612280603,RF
564,593,578,train,30,False,0.3588648318750505,0.5990532796630451,0.3448975340691128,0.47618046935063635,0.5613189123490939,1.811945452050634,1.06980831844353,0.9962305391571905,2.303787110310044,0.937009997950139,RF
565,594,579,train,30,False,0.40292995106347623,0.6347676354883544,0.34439326088368283,0.49809257617546443,0.5857235985840911,1.8702987192927603,1.0981350988963778,1.0258603445529317,2.2849494788101485,0.9227370234991084,RF
566,595,580,train,30,False,0.39254815558182904,0.6265366354666174,0.3276129500183828,0.49065461869117344,0.5782778997329902,1.8702987192927603,1.0874690089186745,1.0154633543410587,2.288137007336923,0.9229753968055097,RF
567,596,581,train,30,False,0.39434920932341366,0.6279722998058224,0.32396315354601324,0.49384695099334075,0.5818456393022687,1.8702987192927603,1.0923123766627212,1.0197026498931738,2.2802911094301015,0.9265466637337083,RF
568,597,582,train,30,False,0.3738855492567634,0.6114618134084608,0.31530019369278267,0.4787132582045592,0.5648771049934876,1.8702987192927603,1.0589376304303078,0.9887652694200045,2.280040346151956,0.9238141983792956,RF
569,598,583,train,30,False,0.3465264291384912,0.5886649549094045,0.29944017030111447,0.4565640856799014,0.5391110433973264,1.8702987192927603,1.0173605619965733,0.9477005498008079,2.287178137403534,0.9158198375853639,RF
570,599,584,train,30,False,0.3361544016900138,0.5797882386613356,0.3051886983165616,0.44818018265967974,0.5278983683898271,1.8702987192927603,0.9931445353056875,0.9254139878407965,2.2778121463132806,0.9105020302044825,RF
571,600,585,train,30,False,0.3583920050783832,0.5986585045569662,0.3307512253422735,0.46362217284534374,0.5457420094031787,1.8702987192927603,1.0199059842331695,0.9518651913000791,2.268597382911944,0.9116082127774197,RF
572,601,586,train,30,False,0.3594833945962066,0.5995693409408178,0.3330487566585481,0.46446607092830305,0.5474355031121243,1.8702987192927603,1.0263091985748285,0.956696550066811,2.28407427677842,0.9130478590735019,RF
573,602,587,train,30,False,0.3477957034023519,0.5897420651457312,0.3449453977735226,0.4541048254427337,0.5365151676807027,1.8702987192927603,1.0157747981825582,0.9441668749871559,2.3333109836934693,0.9097454622778594,RF
574,603,588,train,30,False,0.3375304011040222,0.5809736664462704,0.33466568254105267,0.4468666634397705,0.527606949481884,1.8702987192927603,1.004158463847868,0.9316911466826661,2.3414205427017705,0.9081426232434551,RF
575,604,589,train,30,False,0.32502358941173615,0.570108401456895,0.32767184787159237,0.4367883916845113,0.5164018747684799,1.8702987192927603,0.9874613792425505,0.9165761701109948,2.351912591788812,0.9057959388930776,RF
576,605,590,train,30,False,0.3383248084315487,0.581656950815125,0.3244659661863096,0.44789441356171866,0.5274193461635032,1.8702987192927603,1.0005976349207135,0.9282151942764133,2.3391762978155413,0.9067532768660047,RF
577,606,591,train,30,False,0.3288546098774805,0.5734584639513838,0.3080466621174707,0.44027029386100475,0.5175654577982035,1.8702987192927603,0.9857539094057776,0.9129243933053849,2.346967074436759,0.9025334707451127,RF
578,607,592,train,30,False,0.3214409709818136,0.5669576447864634,0.29825423121388406,0.4328499445890331,0.5098058842392256,1.8702987192927603,0.9692412298422082,0.898902906726678,2.348556943999191,0.899195714048863,RF
579,608,593,train,30,False,0.31938257737186415,0.5651394317970249,0.29838074020833655,0.4296977544599526,0.5066062497119664,1.8702987192927603,0.9646041569166212,0.8945821195905401,2.357681472576367,0.896427007581235,RF
580,609,594,train,30,False,0.31309468958319825,0.5595486480934417,0.3147099419134622,0.422950671023976,0.4979237187327688,1.8702987192927603,0.9485208145926692,0.8797049368157605,2.378484026549739,0.8898667174504872,RF
581,610,595,train,30,False,0.28805568320703556,0.5367081918575825,0.2798411894061786,0.4078869114194642,0.48228205013216513,1.8702987192927603,0.9320188958512226,0.8610762795569797,2.4071662333011057,0.898592675589607,RF
582,611,596,train,30,False,0.27335720366990884,0.5228357329696478,0.2673138183025762,0.3969633815772275,0.46980596842963307,1.8702987192927603,0.9040978584253142,0.8341824349456199,2.398520278438809,0.8985727998375098,RF
583,612,597,train,30,False,0.27226393635733465,0.5217891684936883,0.2520473998787371,0.3943523774628902,0.4673570728968393,1.8702987192927603,0.901005562534462,0.8316346305874375,2.41701139436656,0.8956818215410935,RF
584,613,598,train,30,False,0.2735075359505813,0.5229794794736992,0.25452008632370193,0.39585446156126236,0.4696648770886988,1.8702987192927603,0.9068006528954221,0.836907309897995,2.423649944682586,0.8980560337880684,RF
585,614,599,train,30,False,0.2805359852691234,0.5296564785491851,0.24543214741767722,0.4014565672951495,0.47541066498511,1.8702987192927603,0.9154551547058032,0.8454194298880252,2.4139570582193004,0.8975830264312764,RF
586,615,600,train,30,False,0.2879105303636687,0.5365729497129619,0.24666438865460683,0.4084923016095846,0.48341314218967707,1.8702987192927603,0.9276110733516912,0.8566929856157401,2.3994542455617727,0.9009271571522148,RF
587,616,601,train,30,False,0.2848946110097294,0.5337551976418866,0.251813717689035,0.4064751896408916,0.4807324202597813,1.8702987192927603,0.9219002263650318,0.8519888540258316,2.3965802828986216,0.900660869221774,RF
588,617,602,train,30,False,0.2705227545770058,0.5201180198541537,0.25085365969194917,0.3978847162158986,0.4687491352118211,1.8702987192927603,0.8978945574242493,0.8281663131295939,2.3932233357262933,0.9012360989593535,RF
589,618,603,train,30,False,0.2624326612781592,0.5122818182193851,0.24982785798122295,0.3937484117203953,0.46156200924076823,1.8702987192927603,0.8785054883669595,0.8121634526118261,2.3735858158723895,0.9009923694834391,RF
590,619,604,train,30,False,0.27863819233874415,0.5278619065046692,0.24530363507727818,0.40377383634666464,0.4734159717848037,1.9288110068841253,0.9022054733001249,0.8360136365305056,2.366548491104221,0.8968557229666583,RF
591,620,605,train,30,False,0.28695703198519634,0.5356837051705011,0.24661582864589612,0.4111089920796479,0.48135537062333866,1.9288110068841253,0.9127899373429335,0.8479700797051224,2.3534226832632794,0.8985813194936171,RF
592,621,606,train,30,False,0.2774981885705002,0.5267809683070376,0.2595521438539148,0.40114401241533243,0.4712457560871496,1.9288110068841253,0.9044082746864316,0.838689309773936,2.3828188494545888,0.8945762744649519,RF
593,622,607,train,30,False,0.27617791200646724,0.5255263190426025,0.25321028709005133,0.39917048231431607,0.4693024363755825,1.9288110068841253,0.9004389663174752,0.8355389933159791,2.3852995190842083,0.8930141448111524,RF
594,623,608,train,30,False,0.2774409278605108,0.5267266158649198,0.24859159937028988,0.39947890258505087,0.4706302339768851,1.9288110068841253,0.9037673033733608,0.83782595961089,2.3916947617440547,0.8935000051289971,RF
595,624,609,train,30,False,0.23102471415484852,0.48065030339618897,0.2213920242329426,0.37471688448842394,0.4438818328627433,1.9288110068841253,0.8793872332674657,0.8109491879492111,2.43863399647276,0.9235026582243968,RF
596,625,610,train,30,False,0.22558356069546806,0.47495637767637994,0.23182732514175716,0.36916083518699766,0.43849039041469856,1.9288110068841253,0.8765016762933454,0.8069887307471428,2.4576754526356606,0.9232224495224525,RF
597,626,611,train,30,False,0.26873254418662496,0.5183941976783931,0.2807609231338882,0.39345587535392473,0.4675648873700246,2.0612826541318046,0.9277211555910003,0.8553467110957077,2.461649616682818,0.9019485354272763,RF
598,627,612,train,30,False,0.2993526381314583,0.547131280527314,0.30877400287605816,0.4143334086273871,0.4899434524873668,2.0612826541318046,0.9603721385033331,0.8880926685824989,2.4474952739206435,0.8954769539317315,RF
599,628,613,train,30,False,0.3164965676917065,0.5625802766643232,0.32412441303562217,0.4305824277489335,0.5095145922518493,2.0612826541318046,0.9992711481154181,0.9245530187728519,2.4544333358271277,0.9056744670696361,RF
600,629,614,train,30,False,0.3162590851239866,0.5623691715625836,0.32327628911678585,0.4289888708424899,0.5091024993051104,2.0612826541318046,1.003336597886421,0.9270625390061306,2.4923841726410623,0.905281663805525,RF
601,630,615,train,30,False,0.29354412523761997,0.5417971255346599,0.3010322287413729,0.41210633794152624,0.49056722766169786,2.0612826541318046,0.9820421219669843,0.9038033707893107,2.53433487132714,0.9054445004254923,RF
602,631,616,train,30,False,0.3128131457093001,0.5592970102810313,0.2986515120615399,0.4279546524797829,0.506846600848971,2.0612826541318046,1.0051470959738709,0.9267305974048468,2.501373826043913,0.9062208299563315,RF
603,632,617,train,30,False,0.3124129110737132,0.5589390942434723,0.2911262424094214,0.42786501761017326,0.506295406571189,2.0612826541318046,0.9990363977170408,0.9209416372910236,2.479715686635281,0.9058149837532175,RF
604,633,618,train,30,False,0.30933152217782445,0.5561758015032877,0.2899833336705435,0.42471745773531105,0.5022627845900769,2.0612826541318046,0.9911109810091284,0.9127630900814072,2.476856130542051,0.9030647921619579,RF
605,634,619,train,30,False,0.32356954335520105,0.5688317355380245,0.3102955677617615,0.4356984013623232,0.5146318954378208,2.0612826541318046,1.0147256343019024,0.9354782290181572,2.474060438318428,0.9047172710064442,RF
606,635,620,train,30,False,0.3118890032063864,0.5584702348437081,0.3150558076987124,0.4255805325876936,0.5053587941919213,2.0612826541318046,1.015128090983072,0.9337492342394678,2.5159605552664432,0.9048983502824455,RF
607,636,621,train,30,False,0.31321308457670993,0.5596544331788232,0.32457460334695176,0.4264693794432933,0.5071963369757352,2.0612826541318046,1.023341972282973,0.9386275560186943,2.535739483627589,0.9062669871028675,RF
608,637,622,train,30,False,0.3141543287601757,0.5604947178700043,0.33784666902620103,0.42688665337372556,0.5084351494874468,2.0612826541318046,1.027069136617595,0.9423242978777387,2.544759942862092,0.9071185388144343,RF
609,638,623,train,30,False,0.3238358647087621,0.5690657824089954,0.3518009945620641,0.43722314601660023,0.5194607095527419,2.0612826541318046,1.0388526439751724,0.9553753725082762,2.5204058040497404,0.912830687787512,RF
610,639,624,train,30,False,0.3363992288720504,0.5799993352341453,0.369940268602616,0.4502327498988444,0.5336068968670878,2.0612826541318046,1.0547473551927737,0.9696946286215874,2.4669770985397133,0.9200129456211724,RF
611,640,625,train,30,False,0.3299837199192847,0.574442094487586,0.39205251769502175,0.444768679286887,0.5266563505200158,2.0612826541318046,1.0353313074282633,0.9519600077068137,2.453963632874271,0.9168136450546925,RF
612,641,626,train,30,False,0.3326081721894829,0.5767219192899494,0.37393248957866226,0.447245915514509,0.5295982117809738,2.0612826541318046,1.047315691519301,0.9612288990146506,2.470512769596735,0.918290417040168,RF
613,642,627,train,30,False,0.34001499944197033,0.5831080512580583,0.3754879831941147,0.4556602497851991,0.5402798678780119,2.0612826541318046,1.0712699808538955,0.9829583580672492,2.471775476940105,0.926551891561702,RF
614,643,628,train,30,False,0.34084047578912724,0.5838154466859602,0.37311452952808805,0.4563494387990109,0.5415568814599434,2.0612826541318046,1.0770915755638741,0.987990966423903,2.4861460354767546,0.9276165687874509,RF
615,644,629,train,30,False,0.33049254912129605,0.5748848137855931,0.37554976439125226,0.44958505678733496,0.5323004310360641,2.0612826541318046,1.056899409616266,0.9677537281022881,2.4730048957065174,0.925925364997707,RF
616,645,630,train,30,False,0.4193731595223344,0.6475902713308272,0.40874444952280414,0.4838003096948003,0.5707114230910667,2.8593911200922517,1.1144717411742682,1.023989349791613,2.458971227224694,0.8812847387565427,RF
617,646,631,train,30,False,0.4244463579468239,0.6514954780708949,0.39539987690575085,0.4861646888480025,0.5750318642990141,2.8593911200922517,1.1251696879096267,1.0354035814244644,2.469634162812972,0.8826336999325111,RF
618,647,632,train,30,False,0.4274902887005679,0.6538274150726382,0.38869058210196544,0.49008418886172467,0.5782795632357994,2.8593911200922517,1.1232500016303153,1.03544576931591,2.4437708005209635,0.8844529151038342,RF
619,648,633,train,30,False,0.4366009170802583,0.6607578354285769,0.36812494147827024,0.4967136501522687,0.5862150459860958,2.8593911200922517,1.141441468942543,1.053046513684027,2.449431902034621,0.8871859167676286,RF
620,649,634,train,30,False,0.4151622598662825,0.6443308621091206,0.3540593908222245,0.48021806368033826,0.5679794609334804,2.8593911200922517,1.1040879023202272,1.0174049115101982,2.477934168359131,0.8815028028834203,RF
621,650,635,train,30,False,0.4064129646040821,0.6375052663343904,0.3429745721136769,0.47226086670622897,0.5594974703552515,2.8593911200922517,1.0922181513003848,1.0037774250551466,2.4917938160392965,0.877635840676771,RF
622,651,636,train,30,False,0.40531679751177374,0.6366449540456389,0.3362431707801317,0.4699302220146917,0.5575916401987926,2.8593911200922517,1.0897402897890869,1.001977773759589,2.509124690930068,0.8758282566374047,RF
623,652,637,train,30,False,0.41155684667683684,0.6415269648867745,0.33693985131589493,0.4750735887796249,0.5649927317893947,2.8593911200922517,1.1139719253796965,1.023007665407965,2.5385938623249884,0.880699896829921,RF
624,653,638,train,30,False,0.41537504415667226,0.6444959613191321,0.3450748182615315,0.47696216979992917,0.5684777723758334,2.8593911200922517,1.1242855658052655,1.0328694637407232,2.550990478411004,0.8820501702016762,RF
625,654,639,train,30,False,0.41438213472247387,0.6437252012485404,0.3546516157232022,0.4763339215432441,0.5673742090263106,2.8593911200922517,1.118251556083303,1.0263442002191934,2.539285317986808,0.8813919478775372,RF
626,655,640,train,30,False,0.4109304003555935,0.6410385326605519,0.3474457040688658,0.4716727153512141,0.5624390970855087,2.8593911200922517,1.108715604398824,1.0180911976503468,2.5452165607750037,0.8773873463599358,RF
627,656,641,train,30,False,0.37216747109934845,0.610055301673011,0.3074337097207181,0.4512048257950588,0.5389845292265288,2.8593911200922517,1.0740281189352174,0.983929156783121,2.5648738981555708,0.8835010985863442,RF
628,657,642,train,30,False,0.3412801160719778,0.5841918486866945,0.28369277040907803,0.4304306772597205,0.5162159270639674,2.8593911200922517,1.0367397763817698,0.9465040968395396,2.563047636319421,0.8836410987665406,RF
629,658,643,train,30,False,0.3549295070312962,0.5957596050684338,0.2772320918330132,0.43840763765287344,0.5242285210813055,2.8593911200922517,1.051402456570185,0.9619033766229421,2.5583532862887406,0.8799329740073402,RF
630,659,644,train,30,False,0.35828171967481665,0.5985663870238761,0.27486763743743226,0.44370808114013516,0.5289746473228788,2.8593911200922517,1.054611328572324,0.9652586876764107,2.516704677516655,0.8837359711309326,RF
631,660,645,train,30,False,0.35576474176099393,0.5964601761735597,0.2755206738222885,0.44024912835354635,0.5241881055467876,2.8593911200922517,1.0394456002751933,0.9527063464016695,2.4905013416830983,0.8788316915130606,RF
632,661,646,train,30,False,0.3354543979278815,0.579184252140786,0.2705273809862157,0.42285124383197054,0.506299217625926,2.8593911200922517,1.0107830988713042,0.926869928713121,2.5195964108657862,0.8741591570463775,RF
633,662,647,train,30,False,0.3333721009739976,0.5773838419751609,0.27933698642840954,0.4211476451227088,0.5028665151689026,2.8593911200922517,0.9977011169459165,0.9170289809026169,2.483569158114295,0.8709397087536369,RF
634,663,648,train,30,False,0.3381417063977485,0.5814995325860103,0.2828913669596121,0.4266646734342923,0.5086969691069348,2.8593911200922517,1.0044896174005653,0.9247804290772735,2.471761780545778,0.874802025798177,RF
635,664,649,train,30,False,0.3210063647824446,0.5665742358971546,0.27090089277899965,0.4117033719471419,0.491838198443329,2.8593911200922517,0.9709618543387053,0.8925748533351313,2.4713889981403825,0.8680913590511521,RF
636,665,650,train,30,False,0.3200888972613514,0.5657639943133103,0.278934884982256,0.409798773639681,0.49087500468926887,2.8593911200922517,0.9653829984603137,0.888648381615904,2.471007082913458,0.8676321038864676,RF
637,666,651,train,30,False,0.3345321600930008,0.5783875518136613,0.27792157077523416,0.4232835491786178,0.5034139980758999,2.8593911200922517,0.9704087860491483,0.8980142360160183,2.419939893601474,0.8703748835833943,RF
638,667,652,train,30,False,0.33501588327222753,0.5788055660342492,0.2782923688500619,0.4253151086654298,0.5040076905149743,2.8593911200922517,0.9723557697476033,0.8977040741719868,2.4107947819117093,0.8707720175675558,RF
639,668,653,train,30,False,0.33095669986254656,0.5752883623562591,0.27501026566980435,0.4208775280801751,0.5003106500802035,2.8593911200922517,0.9785396384406169,0.9007705061312036,2.44412541028152,0.8696693394440262,RF
640,669,654,train,30,False,0.3197694316381833,0.5654815926607897,0.2612971976587511,0.410711248988717,0.4887120706483627,2.8593911200922517,0.9601984129146545,0.8859117607824293,2.449996188267234,0.8642404580294127,RF
641,670,655,train,30,False,0.32251790489203225,0.5679065987396451,0.2622962917283962,0.41364535611544057,0.49208194137519656,2.8593911200922517,0.9638555099049234,0.8916387008681598,2.4409028318770343,0.866483929694203,RF
642,671,656,train,30,False,0.33130792086179256,0.5755935378909257,0.26441189839014395,0.4200253863688481,0.4994063753198813,2.8593911200922517,0.9729714614781082,0.9036753221396846,2.429561893717597,0.8676372169670156,RF
643,672,657,train,30,False,0.3346267161586912,0.5784692871351869,0.2776745904618339,0.42200709086816174,0.5024124047091204,2.8593911200922517,0.9825941104238775,0.9128141336113682,2.4383154268625113,0.8685204485051735,RF
644,673,658,train,30,False,0.3401390634907313,0.5832144232533445,0.27477544103485746,0.4281513982724422,0.508719835865503,2.8593911200922517,0.9878257868191423,0.9184174610759108,2.4028748998335456,0.8722689556059186,RF
645,674,659,train,30,False,0.3722493044669556,0.6101223684368207,0.27826958074416025,0.44476718611739124,0.5303032852507261,2.8593911200922517,1.030314807925503,0.9590985276809866,2.4161072719614367,0.8691752879170829,RF
646,675,660,train,30,False,0.27271503352097576,0.5222212495877353,0.26245034829392316,0.39773027662033106,0.47696976019878434,1.973823679157532,0.9458068540707213,0.8761946487495217,2.4547342983164833,0.9133480504198661,RF
647,676,661,train,30,False,0.26285018364688695,0.5126891686459613,0.2521781291204072,0.3894356800430969,0.46721386303877604,1.973823679157532,0.9291578946534818,0.8593039736893784,2.4655070713189446,0.911300436232566,RF
648,677,662,train,30,False,0.2791202248900762,0.5283182988408373,0.2570276151736331,0.3991770062184146,0.4789469439780166,1.973823679157532,0.9548436191775396,0.8831505937718053,2.476530210416692,0.9065499813821623,RF
649,678,663,train,30,False,0.26736416700607074,0.5170726902535762,0.25976518004478,0.38926192159640843,0.46775484454334043,1.973823679157532,0.9325859171763049,0.8609581259328493,2.482113320888215,0.9046210588185388,RF
650,679,664,train,30,False,0.2676246405781157,0.517324502201583,0.2615996343741266,0.3907024566778226,0.4681613410599839,1.973823679157532,0.9267502971499184,0.8569439736292487,2.442187025913997,0.9049664940818093,RF
651,680,665,train,30,False,0.30258300143763184,0.5500754506771156,0.2674052760481698,0.4098058717903171,0.4917207681584244,2.391447693446767,0.9800098564059342,0.9094575696424695,2.449025326249216,0.8939151302846555,RF
652,681,666,train,30,False,0.35872382223225624,0.5989355743585918,0.2927441644189611,0.4438217369938421,0.5271998669850609,2.391447693446767,1.033275932153223,0.9592854203288599,2.408303417125439,0.8802280070767985,RF
653,682,667,train,30,False,0.37863278831804253,0.6153314459037849,0.28458360245853753,0.4570014159517361,0.5407328225744128,2.391447693446767,1.0476627538113346,0.9741714644479527,2.3721521557781347,0.8787667624887864,RF
654,683,668,train,30,False,0.37586358758852645,0.61307714652279,0.2699459898986062,0.4551969541591223,0.5382743560237635,2.391447693446767,1.0382797148465093,0.9665110973679923,2.3615052477379033,0.8779879646088785,RF
655,684,669,train,30,False,0.3779304481021027,0.6147604802702453,0.26366753338502835,0.45691122142231816,0.5404894589044382,2.391447693446767,1.0417185869815182,0.9705724559829747,2.3583676284146793,0.8791870594330367,RF
656,685,670,train,30,False,0.37663332296793245,0.6137045893326304,0.26000984860204457,0.45482469682070686,0.5377194167830941,2.391447693446767,1.0383304983623436,0.9674437326594274,2.369980105070716,0.8761860773565895,RF
657,686,671,train,30,False,0.370533692042442,0.6087147871067714,0.25705885043204907,0.44765613546435057,0.5287481278154126,2.391447693446767,1.0202045492487104,0.950874022711342,2.3752772676296336,0.8686303323245337,RF
658,687,672,train,30,False,0.36837670067179723,0.6069404424420878,0.25384882598258224,0.44324891931700083,0.5248786234053471,2.391447693446767,1.0225699136161608,0.9514147388981969,2.432879902718762,0.8647942807921047,RF
659,688,673,train,30,False,0.3403931448332169,0.5834322110007443,0.24611163937550962,0.4240955016841962,0.5032897856006546,2.391447693446767,0.9814883157748995,0.9113724319995644,2.436621183995853,0.8626362688089784,RF
660,689,674,train,30,False,0.3370053327405401,0.5805216040256729,0.2457693324802875,0.4196757218357378,0.49848031750430905,2.391447693446767,0.9774201196021176,0.9065478925315912,2.4613577585776567,0.8586766005736187,RF
661,690,675,train,30,False,0.34103879925261016,0.5839852731470291,0.24624163313440342,0.42534118632626833,0.5053396293861477,2.391447693446767,0.9908462227474691,0.9199801427702446,2.461037181720554,0.8653294057621197,RF
662,691,676,train,30,False,0.3757824168346916,0.6130109434868937,0.26809517521458837,0.4477749593551005,0.5308252580298308,2.391447693446767,1.0342924376240845,0.9597439884251115,2.437010692738056,0.8659311284239415,RF
663,692,677,train,30,False,0.38005545561631554,0.6164863791003947,0.26938137140506185,0.45337385836010224,0.5370222495351882,2.391447693446767,1.0457286345538714,0.9703649873832376,2.43701081898105,0.8711015648372246,RF
664,693,678,train,30,False,0.38454001550109057,0.6201129054463312,0.26864749789490294,0.4560800019757643,0.5410487568473532,2.391447693446767,1.0620809949436738,0.9843432977182526,2.4587622948346306,0.8725003980652991,RF
665,694,679,train,30,False,0.3871794336704687,0.6222374415530366,0.26615151775730694,0.45984166528560977,0.5452034669704023,2.391447693446767,1.072817208118999,0.9918572218437591,2.4659905049926496,0.8761984261339757,RF
666,695,680,train,30,False,0.3806985505278884,0.6170077394392135,0.2604783547883607,0.45215020902802616,0.5343857558107283,2.391447693446767,1.050914542026192,0.9711066809233809,2.466124132668155,0.8660924679752336,RF
667,696,681,train,30,False,0.36286821959019,0.6023854410509852,0.26424476875571723,0.434446875037185,0.5162831533169597,2.391447693446767,1.0309031180898145,0.9499815692381052,2.505473601461253,0.8570644609474586,RF
668,697,682,train,30,False,0.36488580431670664,0.604057782266487,0.25599806476075726,0.4354016656918305,0.5185252983247345,2.391447693446767,1.032961683190032,0.9545704293081588,2.5050480353484814,0.8584034732226679,RF
669,698,683,train,30,False,0.43451464002836904,0.6591772447743999,0.2817340694683817,0.46918709806014847,0.5529822093601562,2.391447693446767,1.066387519390325,0.9891602247175733,2.4646948221512255,0.8388976011291343,RF
670,699,684,train,30,False,0.453696786097144,0.673570179043835,0.2935054786149857,0.4836107018907864,0.5700007045165243,2.391447693446767,1.1042274174955913,1.0227537268465172,2.474848133653684,0.8462380346553755,RF
671,700,685,train,30,False,0.454291724757596,0.6740116651494957,0.2970562988756006,0.4846560347677294,0.5706364780776595,2.391447693446767,1.1076054659346437,1.023912213297232,2.4774799114773947,0.8466270060045509,RF
672,701,686,train,30,True,0.4427926999051633,0.6654267051337535,0.30596137111243954,0.4744807297285899,0.5602645771424676,2.391447693446767,1.0956059391643413,1.0091808821994834,2.5105142180903828,0.841962868066517,RF
673,702,687,train,30,True,0.45660077150444695,0.6757224071350949,0.3153833051373547,0.48377444783694357,0.5696256126475564,2.391447693446767,1.1002773968010626,1.0150867057945805,2.4779938242274278,0.8429876035377247,RF
674,703,688,train,30,True,0.4516565876591581,0.6720540065048033,0.32414145206704414,0.4787669999843226,0.5641197998823199,2.391447693446767,1.0935951090874727,1.0080262395507342,2.4953662461105464,0.8393965282882188,RF
675,704,689,train,30,True,0.41784136966026597,0.6464065049643807,0.3336066577931444,0.4598510591405034,0.5403339649846846,2.391447693446767,1.0493945737167456,0.966020062678622,2.4905106904905154,0.835904281338349,RF
676,705,690,train,30,True,0.42557722518687774,0.6523628018111377,0.3410311396105134,0.4692052207677742,0.5525563320667473,2.391447693446767,1.075706587435935,0.9929182584921545,2.4849522223262217,0.8470077241263598,RF
677,706,691,train,30,True,0.42274410252610634,0.650187744060211,0.36735273846049815,0.4654387198765019,0.5475785961256255,2.391447693446767,1.0624704920315684,0.9819633719802747,2.468415163629882,0.8421853551193927,RF
678,707,692,train,30,True,0.39984988542390293,0.6323368449045991,0.3712016646067133,0.44755744928891217,0.5273515692636678,2.391447693446767,1.028616434776974,0.9486023609269865,2.4865266985498597,0.8339725472477086,RF
679,708,693,train,30,True,0.4065994486927854,0.6376515103822663,0.3768610949242853,0.4531337679571597,0.5345943044870606,2.391447693446767,1.0445400231393696,0.9629975636483318,2.489899354633202,0.838380048949584,RF
680,709,694,train,30,True,0.41969790349830277,0.6478409554036413,0.3946253692265378,0.46271967400097613,0.5472709802492938,2.391447693446767,1.0716964132467397,0.9884885381292441,2.498689999938032,0.8447613194017862,RF
681,710,695,train,30,True,0.3961600847218482,0.6294124917109989,0.4550308045575541,0.4524358946532977,0.534178815233011,2.180768629658287,1.037130279126211,0.9561574088878544,2.486613591883738,0.8486943336330934,RF
682,711,696,train,30,True,0.34635963903153416,0.5885232697451598,0.4006648449261218,0.42589065877147086,0.5069744572149943,2.1074232661640413,1.001030633472401,0.9210966816512339,2.514427040333461,0.8614348544527773,RF
683,712,697,train,30,True,0.3437062141586636,0.5862646280978101,0.4243261646495873,0.42495650471468716,0.5055274438479388,2.1074232661640413,0.9999475327402413,0.9184377925590529,2.5156861446278733,0.8622854247375787,RF
684,713,698,train,30,True,0.33857730926972424,0.581873963388743,0.4262368409800882,0.41957195804143826,0.49968080858952585,2.1074232661640413,0.9947676954242738,0.9125815629217189,2.546066820357217,0.8587440580421625,RF
685,714,699,train,30,True,0.3329555319112245,0.5770229907995214,0.43070092755493616,0.4134684103737331,0.4925153444280851,2.1074232661640413,0.9828163975294804,0.9010871745306,2.565331482070063,0.8535454432164952,RF
686,715,700,train,30,True,0.3426432403354661,0.5853573612208751,0.44913227450435206,0.4247171992273682,0.505178153176923,2.1074232661640413,1.006426940037722,0.9227237045102263,2.548217357005769,0.8630251990395698,RF
687,716,701,test,30,True,0.3594610311885894,0.5995506910917453,0.46514952699055195,0.4387187878896449,0.5229787867158219,2.1074232661640413,1.0391951038410285,0.9540291549559223,2.53699848383602,0.8722845198685525,RF
688,717,702,test,30,True,0.3640753093373915,0.6033865339377334,0.4659596272333765,0.44551588680241905,0.5300423133180184,2.1074232661640413,1.0438862956083703,0.9604231311227761,2.4872713760985308,0.8784457118373745,RF
689,718,703,test,30,True,0.36776142419276636,0.6064333633572335,0.46987529625215374,0.44782615101068807,0.5347157234515705,2.1074232661640413,1.0579759390702537,0.9742022689923284,2.51244026352502,0.8817386307563424,RF
690,719,704,test,30,True,0.3703544365359322,0.6085675283285596,0.473736328446402,0.4514752098352322,0.5385554462784647,2.1074232661640413,1.0629431312823097,0.979895001787098,2.495352589009243,0.8849559353875089,RF
691,720,705,test,30,True,0.37596744297829565,0.613161840771501,0.48815023495680676,0.4565260958278315,0.5443552050502977,2.1074232661640413,1.069567791067181,0.9859628267927092,2.48415017599254,0.8877838913872583,RF
692,721,706,test,30,True,0.3617770329503089,0.6014790378311691,0.469899432640839,0.45104599597435435,0.5369033387735228,2.1074232661640413,1.056250567895755,0.9721250127422859,2.482295842443448,0.8926384878008465,RF
693,722,707,test,30,True,0.4728709144114724,0.6876561018499526,0.5271612619085599,0.49064218696697753,0.5848907059132097,3.5867598375925596,1.1497060290537813,1.0612519068392223,2.4903003622000734,0.8505569925718969,RF
694,723,708,test,30,True,0.49230086249286437,0.7016415484368528,0.4854915932714511,0.5013432770526305,0.5970414371882914,3.5867598375925596,1.1768251795995732,1.087487044905079,2.4910127330984553,0.8509208705191504,RF
695,724,709,test,30,True,0.522976290391089,0.7231709966467744,0.48792250701232087,0.5194375543071721,0.6187697305965472,3.5867598375925596,1.2124506891827578,1.1250050740579236,2.4811938276810674,0.8556340526178196,RF
696,725,710,test,30,True,0.5347577217251661,0.7312713051427399,0.4844147696089832,0.5339709852755063,0.6345321172277305,3.5867598375925596,1.2339321070488807,1.1456791976841267,2.444517477173289,0.8677109477225742,RF
697,726,711,test,30,True,0.5583771617141676,0.7472463862168673,0.461377404065517,0.5513891259759248,0.6561769649963022,3.5867598375925596,1.28445620828431,1.1933636000509948,2.449346749650363,0.8781266488532273,RF
698,727,712,test,30,True,0.5757058373496324,0.7587528170291248,0.4883463836375508,0.5618041209285622,0.6689968220191996,3.5867598375925596,1.3208331753844413,1.2236685993166214,2.4666299623315724,0.8817058823433932,RF
699,728,713,test,30,True,0.5050304068178544,0.7106549140179461,0.4757919431906597,0.5270907417072305,0.6334430084190371,3.5867598375925596,1.278135582431159,1.181280819641393,2.489281962287938,0.8913510565031296,RF
700,729,714,test,30,True,0.48419690653401115,0.6958425874678922,0.4631269169639063,0.5101802631753197,0.6132585898826861,3.5867598375925596,1.2337528811354794,1.1407000508072904,2.4725973596955932,0.8813179890501935,RF
701,730,715,test,30,False,0.484066885766975,0.6957491543415449,0.47775513315374574,0.5099956014510594,0.6131218327038772,3.5867598375925596,1.2332141867379651,1.1396452575816445,2.47230175744644,0.8812397814326257,RF
702,731,716,test,30,False,0.48138034433092486,0.6938157855878784,0.4852278426747301,0.5074676181914413,0.6091639141098143,3.5867598375925596,1.2190857271928273,1.1268133029645673,2.44591521575434,0.8779908540040818,RF
703,732,717,test,30,False,0.4605841621730728,0.6786635117442759,0.5031360115084309,0.4939493330725966,0.5926749940500874,3.5867598375925596,1.1915422564174514,1.099802689467484,2.448924194947721,0.8732972729398935,RF
704,733,718,test,30,False,0.4651623196255027,0.68202809298848,0.5080665524919579,0.49812195223406586,0.5978331166078534,3.5867598375925596,1.2019947407528806,1.1086982073152194,2.4451915626002934,0.8765520405300244,RF
705,734,719,test,30,False,0.47738083249323,0.6909275160921223,0.5224873169612462,0.5063898096313458,0.609410315863989,3.5867598375925596,1.23451924131616,1.135562376636443,2.4723410447903893,0.8820177249717979,RF
706,735,720,test,30,False,0.4907948796913631,0.7005675411345883,0.5274607264568132,0.5155069581593815,0.6196704102741908,3.5867598375925596,1.2515266966588403,1.1508580654231522,2.458393007634002,0.8845262931688465,RF
707,736,721,test,30,False,0.504480330415196,0.7102677878203375,0.5113978714240589,0.5289559527123525,0.6351486452129144,3.5867598375925596,1.2765018860777064,1.1752114063095354,2.4501103742656842,0.894238280412592,RF
708,737,722,test,30,False,0.5104644231923893,0.7144679301356984,0.4912646580053913,0.5356101464926152,0.6430124544730353,3.5867598375925596,1.290933300536543,1.1897534251693653,2.4423241155888205,0.8999878473914266,RF
709,738,723,test,30,False,0.517085641708259,0.7190866719028096,0.4933395583749585,0.5407403184191586,0.6480987403351389,3.5867598375925596,1.3014250637940776,1.198136065398341,2.4370332459005133,0.9012804237077208,RF
710,739,724,test,30,False,0.5017145908914606,0.7083181424271586,0.4783716017745267,0.5274092075973881,0.631072463154752,3.5867598375925596,1.2662659255889357,1.163510494297149,2.4324856865749527,0.8909449375280538,RF
711,740,725,test,30,False,0.5224104336409346,0.7227796577387431,0.47603881225459543,0.5364610552251885,0.6428433828997353,3.5867598375925596,1.2874739804188486,1.1829436132207507,2.4328277430436183,0.8894043655170195,RF
712,741,726,test,30,False,0.5278547496124605,0.7265361309752327,0.4931071692257191,0.5399201377585551,0.6475538586978686,3.5867598375925596,1.299533911181333,1.193790431499942,2.43850497694158,0.8912892712281965,RF
713,742,727,test,30,False,0.5111591311077665,0.7149539363537811,0.4814620838317144,0.5302847229722245,0.6359860268597288,3.5867598375925596,1.2755268502897545,1.1740608408863433,2.433401472413925,0.8895482555186933,RF
714,743,728,test,30,False,0.5115517015073663,0.7152284261041127,0.4772607755574503,0.5324207398533919,0.6365326006604427,3.5867598375925596,1.270429097058847,1.17029140995823,2.395407904467551,0.8899710601935519,RF
715,744,729,test,30,False,0.5243909857422736,0.7241484555961392,0.4919835713254191,0.544005248534919,0.6498010496987109,3.5867598375925596,1.298173647318459,1.195337408331065,2.3784268914757623,0.8973312649873383,RF
716,745,730,test,30,False,0.5207020199960036,0.7215968542032342,0.4873137061023679,0.5411215309995185,0.6462483490007863,3.5867598375925596,1.2903691666175803,1.1863919357729835,2.3758437109754307,0.8955808845845851,RF
717,746,731,test,30,False,0.5282808951239107,0.7268293438792292,0.5209136364653708,0.5481274308070351,0.6509289146371023,3.5867598375925596,1.2957167301480472,1.189829018205581,2.3608391046458492,0.8955732457951802,RF
718,747,732,test,30,False,0.5351861434185813,0.7315641758715234,0.5259665045405537,0.5523669337701731,0.6574402316920664,3.5867598375925596,1.3137474636642243,1.2053527560206412,2.3802430927882057,0.8986774549325737,RF
719,748,733,test,30,False,0.5649454215639492,0.7516285130062252,0.5477804669101914,0.571379502601848,0.677053136922484,3.5867598375925596,1.3445208598058307,1.2353643395827365,2.3502549234073347,0.9007816031546378,RF
720,749,734,test,30,False,0.5838514415624207,0.764101721999382,0.5550052953653419,0.5832638214937559,0.6922291375694569,3.5867598375925596,1.3846335337090303,1.2721876546229727,2.366132866281606,0.9059384603376367,RF
721,750,735,test,30,False,0.6097290484236451,0.7808514893522616,0.5710744772116356,0.5967439981523501,0.7081953038704355,3.5867598375925596,1.4206647646966675,1.3053288065077762,2.3757242177572753,0.9069526197073704,RF
722,751,736,test,30,False,0.597096939989459,0.7727204798563702,0.548397638443386,0.5879691508984074,0.6992516510254362,3.5867598375925596,1.4061868323693827,1.291980177578097,2.384534308724096,0.9049218562906602,RF
723,752,737,test,30,False,0.5039793681600446,0.7099150429171399,0.49055887954559874,0.5593474592463082,0.6651709145674004,2.113702170944645,1.3533812826987086,1.238135466098186,2.4021165436552394,0.9369725591869702,RF
724,753,738,test,30,False,0.4969019420163754,0.7049127194315445,0.5226667547023954,0.5570189682421609,0.661342695939806,2.063932026268552,1.3319512882171416,1.2175249434230673,2.3819964186103624,0.9381908961340998,RF
725,754,739,test,30,False,0.4804282466896478,0.6931293145507899,0.5157586819727036,0.5495255460165535,0.6521244502906627,2.063932026268552,1.3170176545890233,1.2005868897580507,2.383781329480884,0.9408409608433572,RF
726,755,740,test,30,False,0.48114753093891605,0.6936479877711144,0.5317528483192882,0.5477060836150935,0.6527055750826009,2.063932026268552,1.3349417044528136,1.2153766995200093,2.42682975826479,0.940975230361335,RF
727,756,741,test,30,False,0.46216726080663234,0.6798288467008681,0.5556006407213337,0.5353916523109349,0.6381486370718229,2.063932026268552,1.299238105882226,1.183741793995204,2.425043924776588,0.9386901426273473,RF
728,757,742,test,30,False,0.4410034592945486,0.6640809132135546,0.5301443143144347,0.5219175100508961,0.6206980358500771,2.063932026268552,1.2510751083833611,1.14203364409167,2.392276037231977,0.9346723019736506,RF
729,758,743,test,30,False,0.4379699953380678,0.6617930154799669,0.5320489880218809,0.5195838298131982,0.6169469895067193,2.063932026268552,1.2470096074302899,1.135951262313098,2.3953893755671127,0.9322355707536095,RF
730,759,744,test,30,False,0.4584160659539676,0.677064299718991,0.5606900516315669,0.5365713498767305,0.63689380304871,2.063932026268552,1.2845373258231758,1.1733817542162628,2.4020024888233,0.9406695986083548,RF
731,760,745,test,30,False,0.48019863214923036,0.6929636586064455,0.5969948238023425,0.5471942006229173,0.6523416239294323,2.263988524708406,1.3290269437192517,1.2149946363727702,2.430169506378328,0.9413792712323409,RF
732,761,746,test,30,False,0.526090310276316,0.7253208326501563,0.6128891000949417,0.5745796638473244,0.6832176653313795,2.263988524708406,1.3800685195337519,1.264009614262427,2.4168141191286754,0.9419523534641332,RF
733,762,747,test,30,False,0.5583991462068305,0.7472610964093009,0.6480666379382738,0.5956625436488108,0.7056580232107209,2.263988524708406,1.4144133540127046,1.2982236268252978,2.40430574921821,0.9443259211559535,RF
734,763,748,test,30,False,0.5717191214254227,0.7561211023542609,0.6502899274429281,0.6050810343685781,0.7155951801601058,2.263988524708406,1.4344330164020391,1.3179756104042155,2.395683470890238,0.9464028684453146,RF
735,764,749,test,30,False,0.5609028916009907,0.7489345042131459,0.6561208127724063,0.5978673718598281,0.7058553544261045,2.263988524708406,1.4099871562924047,1.2966752576949843,2.385831330162993,0.9424794163645835,RF
736,765,750,test,30,False,0.5477469391710456,0.7400992765643306,0.6728290202486616,0.5884582009155054,0.6958514884171974,2.263988524708406,1.3943724000423499,1.2793174442836512,2.405679627021793,0.9402137124730898,RF
737,766,751,test,30,False,0.5493725231349131,0.741196683165078,0.7118686280290262,0.5885624498119829,0.6970262439849896,2.263988524708406,1.4032498169245664,1.2862507826213805,2.4204063028706035,0.9404065881791718,RF
738,767,752,test,30,False,0.5478563266590261,0.7401731734256694,0.7260965432897583,0.5875913040087036,0.695428477448283,2.263988524708406,1.4004965925398891,1.2842586149063515,2.4193776515195635,0.9395483414100257,RF
739,768,753,test,30,False,0.5414222538286901,0.7358140076328326,0.7090899914743808,0.5834818410089044,0.690504355159882,2.263988524708406,1.38319589595825,1.272026287821093,2.4052251048398787,0.9384224110944624,RF
740,769,754,test,30,False,0.5757147671269223,0.7587587015164454,0.6839684227961564,0.6095501125051165,0.7184060653690313,2.263988524708406,1.4279569366460385,1.3169025936654595,2.385065089763784,0.9468175639148969,RF
741,770,755,test,30,False,0.5805347435100263,0.7619283060170597,0.6699291464207302,0.6135797467605425,0.7206193539253469,2.263988524708406,1.4303544525164322,1.3201123798177263,2.377958949103116,0.9457836757533616,RF
742,771,756,test,30,False,0.582290276376003,0.7630794692402639,0.6627458700490262,0.615568752780628,0.7219328752111205,2.263988524708406,1.4310318557869282,1.3169611944163129,2.3695277775023924,0.9460782321006359,RF
743,772,757,test,30,False,0.6330490522821616,0.7956437973629666,0.6659685314079403,0.6381827195636343,0.7486707866386969,2.731475092029841,1.4886200385766057,1.3704617305713596,2.3785587196053743,0.9409622611525984,RF
744,773,758,test,30,False,0.6442075681482543,0.8026254220670153,0.6616683638705686,0.6457995483198467,0.7592712070767759,2.731475092029841,1.5168282642380626,1.3944713431694562,2.3996318718392478,0.9459844981254287,RF
745,774,759,test,30,False,0.6568685431193503,0.810474270485714,0.6692194553558578,0.651641196635294,0.7671709766890017,2.731475092029841,1.5291832651474655,1.4095267092392676,2.3949045317591597,0.9465704274970249,RF
746,775,760,test,30,False,0.6894472641015945,0.8303296117215105,0.6679425629629289,0.6669532178981427,0.788071131180148,2.731475092029841,1.5793035516582086,1.456312565211193,2.4127259139367565,0.9491063790273014,RF
747,776,761,test,30,False,0.6837960084862854,0.8269195900970574,0.6315478110582636,0.6632278500157109,0.7846613051116589,2.731475092029841,1.5695189392176376,1.4504789987314142,2.409474614770462,0.9488967422087091,RF
748,777,762,test,30,False,0.6870385559572533,0.8288778896539908,0.6112732690876773,0.6663816900190188,0.7871010857132319,2.731475092029841,1.5785358386610941,1.4573236491952224,2.4112008626605133,0.949598361275871,RF
749,778,763,test,30,False,0.6720765559436955,0.8198027542913573,0.5816557871378584,0.6589556532741614,0.7790787780396957,2.731475092029841,1.560916138350961,1.437952289910815,2.4090026649574794,0.9503246652460157,RF
750,779,764,test,30,False,0.6652654957692893,0.8156380911711328,0.5696061345072688,0.6551088157709246,0.7747432824947799,2.731475092029841,1.5359130792685334,1.418192511254738,2.385334220887334,0.9498615757171982,RF
751,780,765,test,30,False,0.6365059167588445,0.7978132091905,0.5475725308799714,0.6395961518926307,0.7560589065452087,2.731475092029841,1.4942007201403318,1.3799623751172523,2.3721039002376605,0.9476640620081268,RF
752,781,766,test,30,False,0.6385407025464386,0.7990874185885037,0.5546630179621185,0.6414360886106993,0.7577614056915578,2.731475092029841,1.4966553481951677,1.384832716028186,2.368430019486332,0.9482834894710975,RF
753,782,767,test,30,False,0.6269950455386907,0.7918301873120844,0.5718121683426294,0.6356281914517012,0.7499339366567842,2.731475092029841,1.4659900622821276,1.3585334952714867,2.3417872438717278,0.9470893490465178,RF
754,783,768,test,30,False,0.6581818846233307,0.8112840961237504,0.5823541789897513,0.6481630169650431,0.7643330911083958,2.731475092029841,1.4820197372187034,1.3764518588122374,2.3350742467200405,0.9421275417086534,RF
755,784,769,test,30,False,0.6439360111345912,0.8024562362737243,0.590593232798827,0.6375062244177357,0.7517648236257144,2.731475092029841,1.4552824267307105,1.3524419644794825,2.3249838859121223,0.9368296857117094,RF
756,785,770,test,30,False,0.6483757707325185,0.8052178405453512,0.6064160851723789,0.6409499057092991,0.7550448385269858,2.731475092029841,1.451387535920435,1.3505311020214568,2.3007663425194442,0.9376901510473433,RF
757,786,771,test,30,False,0.6636772183486312,0.8146638683215497,0.6193699557202825,0.6499178406168321,0.7674050317747778,2.731475092029841,1.476445288036576,1.3732025799820116,2.300712667371358,0.9419897722429508,RF
758,787,772,test,30,False,0.6622714755914031,0.8138006362687382,0.6151237333924996,0.64811901517306,0.7651428085525539,2.731475092029841,1.472492977010058,1.3690792692306817,2.298238382786323,0.9402091549850838,RF
759,788,773,test,30,False,0.6635304310618229,0.8145737726331623,0.60465866067881,0.6489030117377433,0.7668287340036033,2.731475092029841,1.4768294587385327,1.3757020190285416,2.305882200225331,0.9413864769114526,RF
760,789,774,test,30,False,0.650862037421946,0.8067602106090421,0.5870175116738263,0.6401779991430944,0.7573730355839886,2.731475092029841,1.4624338990914831,1.358718071813964,2.31556159348289,0.9387833282112785,RF
761,790,775,test,30,False,0.6307287617663828,0.7941843373967928,0.556680903631519,0.629996348082916,0.7435806278163534,2.731475092029841,1.421932324624566,1.3231454817582402,2.294413650930877,0.9362821612091845,RF
762,791,776,test,30,False,0.5919206033561336,0.7693637652997012,0.5459251786038053,0.6101414997232547,0.7213494972625561,2.731475092029841,1.3914414463138236,1.293842868495895,2.3135504688730264,0.9375922415342223,RF
763,792,777,test,30,False,0.5768503973512165,0.7595066802545034,0.5208744427068033,0.602476127089304,0.7132965348141819,2.731475092029841,1.3715603830644645,1.2763457664449225,2.305558335944524,0.939157684005048,RF
764,793,778,test,30,False,0.5703514300649247,0.7552161479105997,0.5329454473092037,0.5987227113352944,0.7089907659322644,2.731475092029841,1.360160989229654,1.2667660045085467,2.302215470814183,0.9387918517020278,RF
765,794,779,test,30,False,0.5750230884700456,0.7583027683386403,0.5240023687149883,0.6030672327422388,0.7138381755983159,2.731475092029841,1.3734858474964258,1.2783096312628908,2.3062558338922177,0.9413630088180456,RF
766,795,780,test,30,False,0.5871648794714484,0.7662668461257138,0.521861431973769,0.6150944820217317,0.7232066583735505,2.731475092029841,1.3762869228682009,1.2837192311163126,2.260368597821068,0.9438052318590084,RF
767,796,781,test,30,False,0.599897564287611,0.7745305444510313,0.5377724903932634,0.6218803045571702,0.7309213474698653,2.731475092029841,1.3931397260332181,1.3008476136332523,2.2609889650776944,0.9436959622914869,RF
768,797,782,test,30,False,0.6137328526917286,0.7834110368712766,0.5248280278850076,0.6325377828460879,0.7421090920505734,2.731475092029841,1.4039309665402604,1.3127130512809297,2.240213797376239,0.9472793426734815,RF
769,798,783,test,30,False,0.6365069457908176,0.7978138540980707,0.5322568134116306,0.6428405960005363,0.7564422144830989,2.731475092029841,1.4449204028947211,1.3486013984575547,2.264471975309724,0.9481437438038194,RF
770,799,784,test,30,False,0.651826442013781,0.8073576914935419,0.5648511169567425,0.6463551228159601,0.7631948276667168,2.731475092029841,1.4575640216625358,1.3595165425876061,2.2703605377556655,0.9452995069073689,RF
771,800,785,test,30,False,0.6200153209332417,0.7874105161434166,0.5457701708413051,0.6301965173183217,0.7441926482624841,2.731475092029841,1.419585229148861,1.3219045936042604,2.262418313171616,0.9451139310500891,RF
772,801,786,test,30,False,0.6091235130910803,0.7804636526393015,0.5418373217258605,0.6215743612228876,0.7340205269805369,2.731475092029841,1.3945122723234333,1.3034495524712184,2.252800215311486,0.9404929037992897,RF
773,802,787,test,30,False,0.5624854898830433,0.7499903265263115,0.5469128352254706,0.6003370020627564,0.7107185175707346,2.429470379789638,1.345607580016666,1.255806622263152,2.2548857126139086,0.9476369126819676,RF
774,803,788,test,30,False,0.5738194300547629,0.7575086996561576,0.56630835206343,0.6056481539535575,0.717868539106648,2.429470379789638,1.3540705367552455,1.268231505226487,2.245730204508059,0.9476703560401316,RF
775,804,789,test,30,False,0.5480971682001246,0.7403358482473509,0.5399021953154037,0.5883318143721465,0.6963022228514217,2.429470379789638,1.3112746345664366,1.2244325720009746,2.253648694627224,0.940522094803091,RF
776,805,790,test,30,False,0.5564032772069893,0.7459244447040124,0.5671303469779932,0.5947667519120547,0.6999224061277953,2.2579712965758114,1.2997045178133695,1.2150297130023937,2.22579792922921,0.9383288228414729,RF
777,806,791,test,30,False,0.5595182629428475,0.7480095339919455,0.5628354253180509,0.595963765583372,0.7018535990702591,2.2579712965758114,1.3095162496394517,1.2203778203673212,2.236162794771263,0.9382949911408706,RF
778,807,792,test,30,False,0.5608395544168923,0.7488922181575212,0.5781196688562243,0.5972003336316741,0.7027776138453763,2.2579712965758114,1.2983257317681651,1.2141973417502012,2.213507631663481,0.9384229089392873,RF
779,808,793,test,30,False,0.6627917316543558,0.8141202194113323,0.592798810077755,0.6317421432599166,0.739980216073207,3.0106979739965896,1.3499943091367683,1.267956293866017,2.201435872027148,0.9089323645692845,RF
780,809,794,test,30,False,0.7165576093180838,0.8464972588957886,0.6229565861618499,0.6559789232737463,0.7646364386006469,3.0106979739965896,1.3871703777101143,1.3028734319746103,2.1889143752804037,0.903294642203656,RF
781,810,795,test,30,False,0.7152896439443265,0.8457479789773822,0.6152492195291951,0.654431610999794,0.7632848843845127,3.0106979739965896,1.3935993474383628,1.3055169631073522,2.2141166294457717,0.9024968470009495,RF
782,811,796,test,30,False,0.7049868785060156,0.8396349674150164,0.6055738344956513,0.6443934311233911,0.7518950050869652,3.0106979739965896,1.371200734714962,1.284072866957242,2.216233558956061,0.8955022530824601,RF
783,812,797,test,30,False,0.6962030739287903,0.8343878438285102,0.5979912725187969,0.636538007690166,0.7428204158227807,3.0106979739965896,1.3571646923823357,1.2705298815869135,2.2220487361937677,0.8902579553585286,RF
784,813,798,test,30,False,0.6499599085695128,0.8062009107967522,0.6162974572702421,0.6127189377845712,0.7177777354176964,3.0106979739965896,1.335550104295845,1.2469666438969098,2.2649054044617856,0.8903211666039064,RF
785,814,799,test,30,False,0.7377706084789281,0.8589357417635665,0.6320918195664331,0.6465688557391887,0.7607220032562373,3.5970188095845326,1.4348295744021398,1.3423839946673024,2.2910308762237843,0.8856564772753818,RF
786,815,800,test,30,False,0.7412017010152809,0.8609307178950469,0.6316250293985951,0.6490339513064487,0.7629797297442263,3.5970188095845326,1.438193075778864,1.346542402015227,2.2875098928836253,0.8862266311157903,RF
787,816,801,test,30,False,0.7301547052530561,0.8544909041371103,0.5818122226648457,0.6453816903023476,0.7548937275196439,3.5970188095845326,1.4184526999145983,1.325119507096847,2.2680865287619407,0.8834426719637904,RF
788,817,802,test,30,False,0.7492258360966981,0.8655783246458394,0.5780235535171693,0.6614582163142957,0.772516188078017,3.5970188095845326,1.4492324915131076,1.3542824897777455,2.2710353907063814,0.8924855972960046,RF
789,818,803,test,30,False,0.7519224960061537,0.8671346469875101,0.5689304882512745,0.6630720048434531,0.7755516477785632,3.5970188095845326,1.4524354657093381,1.3584778572028142,2.2689491854412696,0.8943843386639976,RF
790,819,804,test,30,False,0.759535520127276,0.8715133505158001,0.5741539429702804,0.667950948907904,0.7816899852022615,3.5970188095845326,1.4621569424663896,1.3703037131307658,2.2653298555168973,0.8969340340450583,RF
791,820,805,test,30,False,0.7655595287669574,0.8749625870669885,0.5634170200320832,0.6717805328076768,0.7867227921513555,3.5970188095845326,1.4793944836891861,1.3829689253855544,2.279779333987783,0.8991502079975481,RF
792,821,806,test,30,False,0.8040262143151935,0.8966750884881287,0.5623907482783933,0.6895171978813983,0.8088121355075463,3.5970188095845326,1.5155321631334226,1.4186339010757327,2.2705776505842423,0.9020124969360676,RF
793,822,807,test,30,False,0.7867284364370943,0.8869771341117506,0.5664759314746297,0.6743654542767283,0.7943473448071146,3.5970188095845326,1.5106653171012019,1.4096650808152915,2.3388109805284194,0.8955668802021614,RF
794,823,808,test,30,False,0.7771600883344691,0.881566837134014,0.5555716788968205,0.6664758594304013,0.785842476609916,3.5970188095845326,1.4986904903650908,1.3964261344684303,2.358700436567284,0.8914156516648254,RF
795,824,809,test,30,False,0.7823370841915825,0.8844982103947879,0.5673606566309594,0.6683511673756519,0.7900346147325713,3.5970188095845326,1.5040249645513488,1.4028612664559763,2.3590297023463545,0.8932009194003302,RF
796,825,810,test,30,False,0.8338816862043358,0.913171225019895,0.6118607217034571,0.6892412749937072,0.812831892224676,3.5970188095845326,1.533584110985996,1.432362084732343,2.3550291925898086,0.8901199139372433,RF
797,826,811,test,30,False,0.8497947568829315,0.9218431303008834,0.6155243949016129,0.6954343005054552,0.8203796412559211,3.5970188095845326,1.5451242151248026,1.4441875729531843,2.351444104700612,0.889934105153178,RF
798,827,812,test,30,False,0.8456676268555138,0.91960188497823,0.6464764477659011,0.692972131702767,0.8176081449558318,3.5970188095845326,1.5432143378215695,1.4383223323658203,2.3553026518701916,0.8890892442822551,RF
799,828,813,test,30,False,0.8269527053511023,0.9093693998321597,0.6357070477237011,0.684439172068711,0.8065071464733738,3.5970188095845326,1.5189627138635682,1.4149919666933242,2.3550008067168267,0.8868861725743455,RF
800,829,814,test,30,False,0.8076006736406213,0.8986660523468222,0.6134542541876299,0.6788175349253192,0.7977440805044971,3.5970188095845326,1.5005664663680072,1.3972447649730826,2.3469829725229925,0.8876980257807977,RF
801,830,815,test,30,False,0.8064419391651646,0.898021124008319,0.6170631781259601,0.6763243329421116,0.7966627396453931,3.5970188095845326,1.511545380568118,1.4055939922500975,2.3842999239242277,0.887131402978014,RF
802,831,816,test,30,False,0.8123132694653382,0.9012842334498803,0.6278161628319687,0.6810064101907359,0.8028376607046597,3.5970188095845326,1.5256755495712537,1.419772915961686,2.3919712506046245,0.8907707811903101,RF
803,832,817,test,30,False,0.8597230391400876,0.9272125102370479,0.6580674250912051,0.7010218228620746,0.8264245456077618,3.5970188095845326,1.552577957816285,1.4502254115291346,2.372864396464615,0.891300037999359,RF
804,833,818,test,30,False,0.8381617298833403,0.9155117311554999,0.6431074536974201,0.6886712187800031,0.8098820154203067,3.5970188095845326,1.5170599644228513,1.4154363406309909,2.3606295770605286,0.8846222149421568,RF
805,834,819,test,30,False,0.8514218445195234,0.9227252269877113,0.6565548286798251,0.6995270822870852,0.8236936851992477,3.5970188095845326,1.546741250621486,1.4417139643306733,2.3591209247730354,0.8926749384410376,RF
806,835,820,test,30,False,0.8088169173535944,0.8993424916868958,0.6590762698668153,0.6745005215768419,0.7972022057972344,3.5970188095845326,1.5064336877100535,1.4044323039778754,2.3873638299961892,0.886427821621019,RF
807,836,821,test,30,False,0.8367088037910627,0.9147178820767978,0.6813452629923626,0.6863456160237268,0.8106485426607276,3.5970188095845326,1.5271015675494566,1.4281853778670306,2.381935690613941,0.8862279381924965,RF
808,837,822,test,30,False,0.8374619513207873,0.9151294724358883,0.6753630041462999,0.6865756288721578,0.8111598424675225,3.5970188095845326,1.5295504625407792,1.428632415316628,2.3850686923025433,0.8863880651864268,RF
809,838,823,test,30,False,0.7211640779262721,0.8492137998915656,0.6855373950008918,0.6415157073009705,0.7628453653689318,3.5970188095845326,1.4617656829287071,1.3622946774553963,2.4128951531293197,0.8982960068081064,RF
810,839,824,test,30,False,0.6569075723714024,0.8104983481608105,0.6523477161594543,0.6104823786622049,0.7292420849002046,3.5970188095845326,1.413682222349452,1.3137399790615552,2.4363023998858524,0.899745306767135,RF
811,840,825,test,30,False,0.6576713408181519,0.8109693834036843,0.6593681459660865,0.6113884551901293,0.7300700663224088,3.5970188095845326,1.4096433834800088,1.3123150016103133,2.4201527533322817,0.9002436852279965,RF
812,841,826,test,30,False,0.659816634682345,0.8122909790723672,0.6721100829922225,0.6140753249188081,0.7333189186865787,3.5970188095845326,1.4158100999356955,1.318290090514515,2.4197368434307718,0.9027786071489132,RF
813,842,827,test,30,False,0.6631162989607748,0.8143195312411307,0.6758668336129386,0.6172697175214329,0.7373581870039642,3.5970188095845326,1.425474508256054,1.3253498543512,2.4264700471584857,0.905489993442909,RF
814,843,828,test,30,False,0.7672798256994302,0.8759451042727678,0.6929999883726493,0.6585964892961064,0.780790881906708,3.5970188095845326,1.4791140230193454,1.3802433612903635,2.385021300032786,0.8913696510181887,RF
815,844,829,test,30,False,0.6875192153810974,0.8291677848186683,0.6924586775840633,0.631166627057724,0.7459101168539054,2.912440384898934,1.4040269533653909,1.3060223418687678,2.382053542196152,0.8995888775599614,RF
816,845,830,test,30,False,0.679208976004435,0.8241413568098831,0.7105525980201353,0.6258397030401209,0.7400193370123364,2.912440384898934,1.393347471509773,1.2951570290106864,2.38423243373033,0.8979276806066748,RF
817,846,831,test,30,False,0.6801341147314559,0.8247024401148914,0.7111557932852048,0.6259208944809405,0.7408253557809373,2.912440384898934,1.3951443797566003,1.2995854906364406,2.3875128314446314,0.8982941237299251,RF
818,847,832,test,30,False,0.7354919062575992,0.8576082475452292,0.7380347475424931,0.6450350777586741,0.7646337970678875,2.912440384898934,1.4298177094820859,1.335211839646175,2.3867085852783183,0.8915886703008434,RF
819,848,833,test,30,False,0.7681969706970082,0.8764684653180673,0.7675367951179375,0.6653222797729988,0.7851423247513214,2.912440384898934,1.4582017207214224,1.3612377654595051,2.365868845323179,0.8958021375776435,RF
820,849,834,test,30,False,0.7558120278044247,0.8693745037694772,0.7630620088496178,0.6549457749515746,0.7736804832230871,2.912440384898934,1.4441728177829118,1.3445934515990894,2.402605987278549,0.8899277352493371,RF
821,850,835,test,30,False,0.7493153770828748,0.8656300463147492,0.7561480684775745,0.6518964791149685,0.7681897906137215,2.912440384898934,1.4246423732029574,1.329367065813826,2.378809944726292,0.8874342958451356,RF
822,851,836,test,30,False,0.7121026098202774,0.8438617243484132,0.767553703954624,0.6351618751252659,0.7472275186612158,2.912440384898934,1.3843720899983665,1.2910074189059002,2.37429939355909,0.8854857343342436,RF
823,852,837,test,30,False,0.7687629687709171,0.8767912914547664,0.7373158154939287,0.664708699798237,0.779805173825812,2.912440384898934,1.435224835428796,1.3420938080127907,2.325888994164116,0.8893851723047618,RF
824,853,838,test,30,False,0.7756540740395118,0.8807122538261358,0.7480326623593234,0.6687302244276851,0.7862807693549319,2.912440384898934,1.4461151890264183,1.3534221155889317,2.3233543058306614,0.8927782779665445,RF
825,854,839,test,30,False,0.7704663128870795,0.8777621049504697,0.7421303554301852,0.6674550353806078,0.7820789229224256,2.912440384898934,1.4312314287594223,1.3416304736047657,2.3000083490588503,0.8909918969064593,RF
826,855,840,test,30,False,0.7018605870864542,0.8377712021109667,0.6969267828880324,0.6307101319689479,0.7440504615561729,2.912440384898934,1.3865455654119103,1.2955645603065482,2.3474698589236436,0.8881308639893067,RF
827,856,841,test,30,False,0.6629505004067624,0.8142177229751035,0.6723322336214326,0.6101366211497407,0.7198750509978802,2.912440384898934,1.3413407690360564,1.2490812314608595,2.354587923824864,0.8841309034240856,RF
828,857,842,test,30,False,0.6717721795246253,0.8196170932359972,0.6752893703285405,0.6142741780239162,0.7254792635599495,2.912440384898934,1.3538467916407368,1.2643330539854305,2.3607928268255733,0.8851441356544012,RF
829,858,843,test,30,False,0.6654017337851788,0.8157216031129608,0.6846685532213741,0.6108570296612731,0.7201376083455595,2.912440384898934,1.3379966551950282,1.2506289521049339,2.346666924123591,0.8828227738451045,RF
830,859,844,test,30,False,0.6499827261046531,0.8062150619435569,0.6859272835196195,0.6026295686422383,0.7108946015960563,2.912440384898934,1.3246980114677325,1.2387049329367263,2.34876163597353,0.8817679489667313,RF
831,860,845,test,30,False,0.6514440102803164,0.8071208151697715,0.683480833039623,0.6039226046274947,0.7122479771616861,2.912440384898934,1.3202451703841396,1.2371374490118177,2.330596792331214,0.8824552207984753,RF
832,861,846,test,30,False,0.6493584401366467,0.8058277980664645,0.68065864801123,0.6013121678487711,0.7103133916333786,2.912440384898934,1.3201349528834987,1.235192073491896,2.347235122983749,0.8814704498128917,RF
833,862,847,test,30,False,0.6170282466052657,0.7855114554258682,0.644596915618166,0.5884758433126128,0.6962261251695918,2.912440384898934,1.3113666615254151,1.2254660780017985,2.3674040339076035,0.886334782720807,RF
834,863,848,test,30,False,0.6317345342622692,0.7948172961519328,0.6472590269678578,0.5982240702269404,0.7086810707481284,2.912440384898934,1.347400138798858,1.2575088143329485,2.3909383389584296,0.8916276409423542,RF
835,864,849,test,30,False,0.6467909797876682,0.8042331625764186,0.6364231565447057,0.6063819515226426,0.7178148783878199,2.912440384898934,1.3630693816586712,1.277231532745176,2.382239429397677,0.8925457339862092,RF
836,865,850,test,30,False,0.6627758958383988,0.8141104936299487,0.6417798606449063,0.6198441349355961,0.7310269834815485,2.912440384898934,1.385529486918422,1.2988844188818014,2.360761357995662,0.8979456587299984,RF
837,866,851,test,30,False,0.6165223118821076,0.7851893477895046,0.6207632508691803,0.5934944413880346,0.7025183857669274,2.912440384898934,1.339729790607065,1.2536663169818292,2.391642420766313,0.8947120688082235,RF
838,867,852,test,30,False,0.6688722772221783,0.8178461207477714,0.6424165398637497,0.6152685324814684,0.726295804871505,2.912440384898934,1.386629990777106,1.2965148182347723,2.3942659399615205,0.8880592405420223,RF
839,868,853,test,30,False,0.6908947708615238,0.8312008005659787,0.6625020907741591,0.6302573716464287,0.741780515006571,2.912440384898934,1.4047064461417458,1.3141973279279708,2.369549378776398,0.8924203567916202,RF
840,869,854,test,30,False,0.6968828734422307,0.8347951086597422,0.6770504148366716,0.6355298022177023,0.7473678361201034,2.912440384898934,1.412815097956404,1.323536402597712,2.359726361518357,0.8952709813070148,RF
841,870,855,test,30,False,0.7512627538563847,0.8667541484506346,0.7243588745901752,0.6630580546988821,0.7769881822471542,2.912440384898934,1.4562848768910337,1.3665014013051702,2.3456778968077634,0.8964343391214896,RF
842,871,856,test,30,False,0.770426110936761,0.8777392043977306,0.7466124846533414,0.6763257414848977,0.7926124051736756,2.912440384898934,1.4878354783857473,1.3943050646214805,2.3465736069198395,0.9030158402432695,RF
843,872,857,test,30,False,0.8062322746210971,0.8979043794419855,0.7627754359629274,0.6941176059564526,0.8148985193115403,2.912440384898934,1.5310103047355978,1.436558115828846,2.3473238917231862,0.907556013723833,RF
844,873,858,test,30,False,0.6955388770305133,0.833989734367584,0.7079928384694811,0.6473419127096591,0.763961688915603,2.689393773182185,1.456334284782012,1.3618554278718606,2.3712507240451624,0.9160324850939762,RF
845,874,859,test,30,False,0.6928284818983261,0.8323631911000907,0.6998181680874848,0.6457124474027586,0.7616466775755619,2.689393773182185,1.4444970486185,1.3521441824624363,2.3550433045846506,0.9150412773166164,RF
846,875,860,test,30,False,0.686023255603555,0.8282652084951746,0.6940401155163645,0.6409075826664974,0.7550852278197617,2.689393773182185,1.4342298786754655,1.3403936584247638,2.356907103653571,0.911646680405218,RF
847,876,861,test,30,False,0.6837759953948049,0.8269074890184542,0.7177990803497105,0.6394298664816276,0.7530630430261388,2.689393773182185,1.4308202600272912,1.337184169680994,2.356921876792454,0.9106980563448889,RF
848,877,862,test,30,False,0.6183177242124427,0.7863318155921473,0.6795985564733913,0.6126858749632845,0.7220058971628827,2.689393773182185,1.3860158752169018,1.2930010133735812,2.3659434499672987,0.9181949437200072,RF
849,878,863,test,30,False,0.5930359166314179,0.7700882524953993,0.6522542775908883,0.596872474662838,0.7078430143755807,2.689393773182185,1.378225752730234,1.2848810967961504,2.405611190644272,0.9191712924874277,RF
850,879,864,test,30,False,0.6313579857270987,0.7945803834270632,0.652668490554141,0.6226618750770068,0.7333558885006994,2.689393773182185,1.4068071635460613,1.316026033051693,2.3486492901134075,0.9229473868178077,RF
851,880,865,test,30,False,0.6310261537729434,0.7943715464270755,0.6689416799694365,0.6220733132756345,0.7330268927743123,2.689393773182185,1.4058359711895614,1.3144862961749768,2.349364756479664,0.9227758673775777,RF
852,881,866,test,30,False,0.625411907175407,0.7908298851051387,0.6818837448094378,0.6169055270111891,0.7272587052212559,2.689393773182185,1.396855260706584,1.3058776396462026,2.3556043959346216,0.9196145959058805,RF
853,882,867,test,30,False,0.584691778852125,0.7646514100242835,0.7227194220059145,0.6012930683680012,0.7082997078560264,2.689393773182185,1.354781401752433,1.2666791283114067,2.3441407887890198,0.9263040629631907,RF
854,883,868,test,30,False,0.6550917789003015,0.8093774020197879,0.6910837203955593,0.6283417877686551,0.740113797360722,3.0744927788177536,1.410874202043946,1.3227459666681254,2.326109230017705,0.9144235995640356,RF
855,884,869,test,30,False,0.7014426762757638,0.8375217467479659,0.686939373325029,0.6481143662356538,0.7650701966800852,3.0744927788177536,1.4617302434274444,1.3709373187193137,2.335450096376702,0.9134929327516514,RF
856,885,870,test,30,False,0.7057976301552112,0.8401176287611225,0.6556933650108155,0.6523230253579723,0.7703673910520406,3.0744927788177536,1.4707798368926221,1.379308923109287,2.326487478299057,0.9169756289819332,RF
857,886,871,test,30,False,0.7019949806923109,0.8378514072867044,0.626116686547931,0.6479137175405307,0.7651396267115882,3.0744927788177536,1.4594422086063124,1.3714081969833896,2.325801099678604,0.913216377101298,RF
858,887,872,test,30,False,0.6876257861125082,0.8292320459994947,0.603486582791849,0.6368716877156592,0.7551861680286716,3.0744927788177536,1.4602179705512541,1.3669976005141509,2.3811762126582185,0.9107054794516851,RF
859,888,873,test,30,False,0.6997082163443952,0.8364856342725768,0.5813570287990679,0.6431207973714878,0.7644149516962669,3.0744927788177536,1.4769234902188522,1.382029393847376,2.383990697083557,0.9138410994481885,RF
860,889,874,test,30,False,0.6899661079007574,0.8306419853948857,0.5629213459771593,0.633957283291894,0.7558158110836423,3.0744927788177536,1.4721340066593247,1.3745796131561145,2.417737177705155,0.9099176593202531,RF
861,890,875,test,30,False,0.6881238668249368,0.8295323181316908,0.5508147668165594,0.633114851512541,0.7540918600694986,3.0744927788177536,1.467918296567346,1.3687130907661238,2.412751548599661,0.9090566378027289,RF
862,891,876,test,30,False,0.688032424337987,0.8294771994081495,0.5487304212574975,0.6342735821177722,0.7540019735878115,3.0744927788177536,1.4662314537514294,1.3644872342230923,2.4004542098651473,0.9090086793534637,RF
863,892,877,test,30,False,0.6648996578664047,0.8154137954844796,0.534998740829872,0.6220170045599546,0.7370343489927753,3.0744927788177536,1.4324376098031217,1.3293718089293167,2.3902536301538304,0.903877703657031,RF
864,893,878,test,30,False,0.7161854124786411,0.8462773850686554,0.5916034447870255,0.6450195689984926,0.7599198435703031,3.0744927788177536,1.4520992484302655,1.3519921563868957,2.3549897943074947,0.8979559858008654,RF
865,894,879,test,30,False,0.6869412699716615,0.8288192022218486,0.6070410690043504,0.6248351368435952,0.7350766309143475,3.0744927788177536,1.4004911644075433,1.3013190317262981,2.3492487790784695,0.8868962361680308,RF
866,895,880,test,30,False,0.6722342658309136,0.8198989363518614,0.6095717899034667,0.6143280497666489,0.7233536234121176,3.0744927788177536,1.3762917785859436,1.2779763808570872,2.345598710388598,0.8822473006620524,RF
867,896,881,test,30,False,0.6965085656471054,0.8345708871312882,0.6406886394412672,0.6331929522585622,0.7417543120835997,3.0744927788177536,1.3962542764418842,1.2979371131262036,2.3026736097069787,0.888785270995096,RF
868,897,882,test,30,False,0.6460910374935872,0.8037978834841426,0.5916452087716809,0.6134002523754359,0.7192429633769262,3.0744927788177536,1.3534460479818098,1.2586291520396755,2.300240228729167,0.8948057442740398,RF
869,898,883,test,30,False,0.6448905643488961,0.8030507856598461,0.5883457854229229,0.612896063027626,0.7186001277612336,3.0744927788177536,1.3602470064894623,1.2615400734861937,2.3097273896692516,0.8948377121264858,RF
870,899,884,test,30,False,0.6818332292072434,0.8257319354410627,0.5925139639976988,0.6285397913316831,0.7386638905439342,3.0744927788177536,1.3982532943489308,1.2984353294867355,2.3126453743252773,0.8945565247508306,RF
871,900,885,test,30,False,0.6235781069408648,0.7896696188539007,0.5759548370695582,0.5962657850683238,0.704213972647691,3.0744927788177536,1.3505222362910838,1.2495157010080515,2.350682699085834,0.8917830391775271,RF
872,901,886,test,30,False,0.6063969814526061,0.7787149552003005,0.5737848212423035,0.5850640221878441,0.6909794750724784,3.0744927788177536,1.3229357838916493,1.2250559109359846,2.347489408778782,0.8873329970845945,RF
873,902,887,test,30,False,0.6217134227231217,0.7884880612432389,0.5628974830579085,0.5904902270301592,0.6972009051659164,3.0744927788177536,1.3409185355759727,1.241793786020265,2.3519697374996698,0.8842250624145321,RF
874,903,888,test,30,False,0.6338073938005659,0.7961202131591472,0.5592929286488464,0.6006913430021743,0.7092253777947383,3.0744927788177536,1.3634312150390377,1.260954771234703,2.3476162711652053,0.8908521176474158,RF
875,904,889,test,30,False,0.6302066218715754,0.7938555421936508,0.5597323917377259,0.5978192374650017,0.7055974021781427,3.0744927788177536,1.3587616880171984,1.2566929946755239,2.3512121460655595,0.8888234252649726,RF
876,905,890,test,30,False,0.6329645543646578,0.7955906952476618,0.5294281855031413,0.5993053334470673,0.7085650325801133,3.0744927788177536,1.3671503423624747,1.2666381538112264,2.363260989849471,0.8906150320920256,RF
877,906,891,test,30,False,0.632012127099798,0.7949919037951255,0.5309309336960137,0.5989021316800923,0.7076337445335191,3.0744927788177536,1.3617514495459508,1.2625548027225324,2.3530297027413414,0.8901144038768486,RF
878,907,892,test,30,False,0.6451329423392906,0.8032016822313625,0.5359990507431275,0.6075811723491163,0.716696147833241,3.0744927788177536,1.3754708638856963,1.274159926494402,2.346945976850201,0.8922991120265065,RF
879,908,893,test,30,False,0.6413266295659278,0.8008287142491382,0.5592888548995645,0.6076076912948357,0.7136997509012307,3.0744927788177536,1.3569078970622312,1.2574982454112242,2.311074281905942,0.8912014993997812,RF
880,909,894,test,30,False,0.6180423162653411,0.7861566741212219,0.5739172011759904,0.5931025256204786,0.7014433059385025,3.0744927788177536,1.3490413882656005,1.2478452083084297,2.3387977901139037,0.892243657058037,RF
881,910,895,test,30,False,0.6231408081522873,0.7893926831129658,0.5972670885514887,0.5975960756834006,0.7059406357559734,3.0744927788177536,1.3563465713409721,1.2531246016050186,2.3342696209651645,0.8942832266598929,RF
882,911,896,test,30,False,0.6245052975204032,0.7902564757851739,0.5998336688026644,0.598378254917012,0.707548737232159,3.0744927788177536,1.3630491835397671,1.259278624392244,2.3479759318706552,0.8953406380240807,RF
883,912,897,test,30,False,0.6125238626581525,0.7826390372695144,0.5920742292338129,0.5892499991298854,0.698355005472197,3.0744927788177536,1.3580163656127047,1.25032506049047,2.3755884726115304,0.892307912353351,RF
884,913,898,test,30,False,0.5384123622678572,0.733765877012455,0.6647890793620259,0.5609101762168671,0.663348684456688,2.786213090738307,1.2979770462769504,1.1910466908964834,2.3932485077931864,0.9040331599467772,RF
885,914,899,test,30,False,0.5062286438765441,0.7114974658258061,0.5911685739371049,0.5464869326635787,0.6484398570448046,2.786213090738307,1.2786919153349687,1.1699009755036776,2.415649337148904,0.9113733894922407,RF
886,915,900,test,30,False,0.5026577417536375,0.7089835976619188,0.572306374328853,0.5434915855807778,0.6442676258942654,2.786213090738307,1.2703105009010962,1.1619410909419374,2.4147842304674736,0.9087200719719424,RF
887,916,901,test,30,False,0.546025285359658,0.7389352375950534,0.6306139105224213,0.5717461652314738,0.6739502584901693,2.786213090738307,1.3097013614193003,1.2013839975040408,2.385359887613475,0.9120559207375399,RF
888,917,902,test,30,False,0.5373244634122224,0.7330241901958096,0.6330854001923921,0.5646684463988609,0.6634784455532176,2.786213090738307,1.2755294093124045,1.1712687310105763,2.3492566829423467,0.9051248982328748,RF
889,918,903,test,30,False,0.5235013302776058,0.7235339178487805,0.6610374775173773,0.556450930265309,0.6524716331541843,2.786213090738307,1.2565831218838213,1.1538966998729523,2.352886389951962,0.9017844458406602,RF
890,919,904,test,30,False,0.5344638179646523,0.7310703235425797,0.6658482158171692,0.5652845312982422,0.6619321776931165,2.786213090738307,1.2671720380973424,1.166215859727181,2.3294266840681055,0.9054288710360484,RF
891,920,905,test,30,False,0.5287894225391712,0.7271790856035197,0.672849381457542,0.5590771772541364,0.6548883291037498,2.786213090738307,1.2582464825051565,1.1571523032847806,2.3510024928795827,0.9005874097165866,RF
892,921,906,test,30,False,0.5372458141024471,0.7329705410877351,0.6440710328691772,0.5652527133399817,0.6618073984663801,2.786213090738307,1.264645769728681,1.1673300606086146,2.3348063396078396,0.902911319579436,RF
893,922,907,test,30,False,0.5699749166980365,0.7549668315217805,0.6507533963759005,0.5843063734028161,0.6835369219300091,2.786213090738307,1.3087047517870134,1.2070801138729557,2.338239465947314,0.9053866916937389,RF
894,923,908,test,30,False,0.5055116931819361,0.7109934550907878,0.5776014429570064,0.551687096749504,0.6499733192447036,2.786213090738307,1.2662387441914111,1.1630987564217894,2.3877861556947395,0.914176234100084,RF
895,924,909,test,30,False,0.5103444292498805,0.714383950862476,0.5769481341060996,0.5563103909326975,0.6573667330402685,2.786213090738307,1.2901328853531049,1.1850042954422013,2.4281643659655203,0.9201868718447964,RF
896,925,910,test,30,False,0.5075394976921114,0.712418063844616,0.5766181252845592,0.5523029959053944,0.6538487488333368,2.786213090738307,1.2871068285188285,1.1830148018069455,2.4468129481344425,0.9177879983907122,RF
897,926,911,test,30,False,0.4815705073686271,0.6939528135029263,0.5338452278585515,0.5323871319319323,0.6330058592372845,2.786213090738307,1.2614371868224488,1.156308806289156,2.4798213175710875,0.9121742097160837,RF
898,927,912,test,30,False,0.49774062849073225,0.7055073553767758,0.5824163335945818,0.5399109943896246,0.6418445522474118,2.786213090738307,1.288299749186456,1.1794266278026024,2.492536947219385,0.9097630908534399,RF
899,928,913,test,30,False,0.5126275235538971,0.7159801139374592,0.5400874340008184,0.5459215703602386,0.6490554261841488,2.786213090738307,1.3051276104983212,1.198638161411684,2.496664696038627,0.9065271696091322,RF
900,929,914,test,30,False,0.5032443822429363,0.7093971963878462,0.5566507332497377,0.5419735729251232,0.6450143544649073,2.786213090738307,1.3050923521796327,1.1980065007112275,2.506994310385529,0.9092428864241815,RF
901,930,915,test,30,False,0.5142152354436036,0.7170880248920656,0.5311989100370428,0.5530891808993584,0.6560963462279675,2.786213090738307,1.3226088168808028,1.2151988931941509,2.481668576192763,0.914945339279263,RF
902,931,916,test,30,False,0.5150010275246087,0.717635720630327,0.5384857838961982,0.5543800294870078,0.6569443719877133,2.786213090738307,1.3241515404944506,1.2157713126152905,2.4783011578588128,0.9154287518055731,RF
903,932,917,test,30,False,0.46408176916520644,0.6812354726269078,0.5163552346586681,0.531287021774946,0.6286521156800206,2.3409446663390487,1.2636599698557862,1.1585924527555425,2.473983884967798,0.9228117749885794,RF
904,933,918,test,30,False,0.4574827858502732,0.6763747377380923,0.5116399989996944,0.5264250682017984,0.623161127482496,2.3409446663390487,1.2531660825781443,1.1503859204138316,2.475836534555674,0.9213252546457437,RF
905,934,919,test,30,False,0.49391009206147996,0.7027873732939999,0.5536738553846223,0.5471608847511322,0.6462639490681256,2.3409446663390487,1.290877747361923,1.1868818810217268,2.467686586436505,0.9195725103014498,RF
906,935,920,test,30,False,0.4907290081611489,0.7005205265808768,0.5791014054261205,0.5441827001156322,0.6427833584688877,2.3409446663390487,1.2816410383194377,1.1779357142083382,2.463895109094663,0.9175796198381301,RF
907,936,921,test,30,False,0.4951828968979702,0.7036923311348292,0.5649593998330505,0.5465338050721597,0.6467791853208812,2.3409446663390487,1.2959658475754017,1.1889003557344244,2.482846301778979,0.9191221173006597,RF
908,937,922,test,30,False,0.5002654485993053,0.7072944567853655,0.5844524945560667,0.547757783915478,0.649596231649668,2.3409446663390487,1.3056941810859621,1.1988878592092496,2.492055319965817,0.9184240388395882,RF
909,938,923,test,30,False,0.49840312848144913,0.7059767195038723,0.5703765111897512,0.5454009965784418,0.6479496274590522,2.3409446663390487,1.308412939309317,1.1995399269491582,2.5081268049654764,0.9178059411284852,RF
910,939,924,test,30,False,0.4844046630513588,0.6959918555926922,0.5606459231279771,0.5364169584413023,0.6360310795277908,2.3409446663390487,1.2858840350875504,1.178175015721684,2.5090317630351904,0.9138484515543074,RF
911,940,925,test,30,False,0.4729541525300741,0.6877166222580883,0.5347954187924413,0.5239385548636531,0.622971857022696,2.3409446663390487,1.264539958986621,1.1598177091408204,2.531721603030859,0.9058554597345552,RF
912,941,926,test,30,False,0.5089680044006304,0.7134199355222913,0.5802444786874511,0.5431387355296856,0.6457597981598937,2.3409446663390487,1.2978101494467589,1.191918285332271,2.511019031742687,0.9051608540867814,RF
913,942,927,test,30,False,0.5069477803185773,0.7120026547131529,0.5754123278701987,0.5418422318682925,0.6436653752929495,2.3409446663390487,1.2889905357252507,1.1862772432776298,2.497137400888503,0.9040210328320549,RF
914,943,928,test,30,False,0.538742897119772,0.7339910742779996,0.5898632649296752,0.560458341741354,0.6629785228525495,2.3409446663390487,1.3163463821985892,1.2158119527852276,2.4699844162748543,0.9032514782345241,RF
915,944,929,test,30,False,0.5303839353905535,0.7282746290998702,0.6186084738703479,0.5583360133120456,0.657584288202092,2.3409446663390487,1.2942488750341898,1.1991585401658695,2.4430752143691565,0.9029345001553196,RF
916,945,930,test,30,False,0.5541165279096034,0.7443900374868027,0.6510475819880115,0.5750393631022789,0.6760554927279722,2.3409446663390487,1.3226901049960333,1.2277607687136736,2.422581773233344,0.908200618872412,RF
917,946,931,test,30,False,0.5166978156801811,0.7188169556153925,0.6222234692769713,0.553480341956336,0.6538553275270984,2.3409446663390487,1.3031929265188782,1.206600635700538,2.4591140909488454,0.9096270231512844,RF
918,947,932,test,30,False,0.5471616843248841,0.7397037814726136,0.6325966589524967,0.5740413558260007,0.6782527824128762,2.3409446663390487,1.356602743754716,1.2587432923097879,2.4578281921871885,0.9169248547879534,RF
919,948,933,test,30,False,0.5496507197102594,0.7413843265879441,0.6425072782216025,0.5758785656538268,0.6807410366138008,2.3409446663390487,1.3634188651109407,1.263711628866082,2.4625600693904586,0.9182026274371884,RF
920,949,934,test,30,False,0.5522162384618458,0.7431125341843224,0.6449594207462238,0.5790157856087971,0.6824581497441862,2.3409446663390487,1.3568536543027172,1.2587934458641572,2.4439988514997264,0.9183779284429463,RF
921,950,935,test,30,False,0.5565478963381366,0.7460213779364078,0.6401652923942286,0.5843300288457179,0.6881256897064455,2.3409446663390487,1.362843948731861,1.2648575524280816,2.4202394537083642,0.922394062767867,RF
922,951,936,test,30,False,0.5613255636637166,0.7492166333335883,0.6551996850674466,0.5878306748831501,0.691261016155437,2.3409446663390487,1.3685626647028335,1.268850601250509,2.4177655958533912,0.9226450473739727,RF
923,952,937,test,30,False,0.5255091572841281,0.7249201040694954,0.6348947801186418,0.5634668390411647,0.6652842878568276,2.3409446663390487,1.3229148135569722,1.226622947936615,2.460606074438614,0.9177346360269368,RF
924,953,938,test,30,False,0.527429129881808,0.7262431616764512,0.6383795840323182,0.5662357336326486,0.6672576944558399,2.3409446663390487,1.3220585775158125,1.2260372985259793,2.437056751659491,0.9187800032644027,RF
925,954,939,test,30,False,0.5255171851373956,0.7249256411090697,0.6468375188690781,0.5640492757532495,0.6648800282388236,2.3409446663390487,1.3146451751344195,1.2189479792262938,2.4383424904317903,0.9171699696283584,RF
926,955,940,test,30,False,0.5427758361237672,0.7367332190988589,0.6589825784617356,0.5736162827535194,0.6799628640335917,2.3409446663390487,1.3512998369047364,1.254243738533175,2.4589027561550907,0.9229431311177928,RF
927,956,941,test,30,False,0.5470206822846972,0.7396084655307139,0.6950496636234148,0.5780242104134842,0.6853824549686519,2.3409446663390487,1.3619006288391948,1.2657688232585131,2.45550100067567,0.9266828151795808,RF
928,957,942,test,30,False,0.5196074629980026,0.7208380282684888,0.6804450556696675,0.5628992168228044,0.667935325890157,2.3409446663390487,1.317222774082021,1.225915995991752,2.437322125705145,0.9266094458065589,RF
929,958,943,test,30,False,0.4868813263259292,0.6977688201158957,0.762599504223436,0.5447419334013003,0.6487412148764494,2.3409446663390487,1.2875871130769108,1.1941905124430152,2.461879512875917,0.9297366064145671,RF
930,959,944,test,30,False,0.4562485625087348,0.6754617402257028,0.7167179540128835,0.529691368526763,0.6300688594838026,2.1712726459763054,1.2533314080151476,1.1589322908521391,2.474439195893194,0.9327972584698397,RF
931,960,945,test,30,False,0.44549945762424836,0.667457457538867,0.7471174720463015,0.5195592048818107,0.6193190858665446,2.1712726459763054,1.2336094987436503,1.1410989580567554,2.4821270953276606,0.927877992629187,RF
932,961,946,test,30,False,0.4483556735988101,0.669593663051563,0.7443678671774264,0.5221894867719483,0.6220791022400027,2.1712726459763054,1.2347231652164499,1.1438067574895103,2.4727582165599666,0.9290397095530737,RF
933,962,947,test,30,False,0.46705668843029424,0.6834154581440884,0.7735039099228201,0.5341953128429197,0.6358026273310455,2.1712726459763054,1.2599147832063666,1.1678127552243505,2.4677752696493815,0.9303310596129297,RF
934,963,948,test,30,False,0.4617970874642969,0.6795565373567507,0.8124635417149746,0.5289373729763915,0.629628066399761,2.1712726459763054,1.2491357319153227,1.1573023888607659,2.4740415283677466,0.9265278630808337,RF
935,964,949,test,30,False,0.45380249902969766,0.6736486465730468,0.8063249857784853,0.5256098828080978,0.6259246914024454,2.1712726459763054,1.2463483018549515,1.1551225534987957,2.4781988898759533,0.9291560141724023,RF
936,965,950,test,30,False,0.4649527024732806,0.6818744037381669,0.8386532373966601,0.533341847315865,0.6359635983701426,2.1712726459763054,1.2705877155087641,1.1775258332337475,2.4859646738957784,0.932669704103377,RF
937,966,951,test,30,False,0.4553692817982173,0.6748105525243491,0.8289750770602402,0.5253842746817521,0.6255810802274945,2.1712726459763054,1.2488817018826057,1.1558304265508705,2.4814031650189228,0.9270469732390881,RF
938,967,952,test,30,False,0.4498048190350531,0.6706748981697862,0.8253474764283529,0.5236836042205771,0.6224824209577772,2.1712726459763054,1.2378175005766203,1.1432704672687743,2.4716403970207788,0.928143311545546,RF
939,968,953,test,30,False,0.47204971048505884,0.6870587387444096,0.7397027854472875,0.538231912161624,0.6371123460702166,2.1712726459763054,1.2558854697709985,1.1633183092234491,2.4527720016177317,0.9273040427875653,RF
940,969,954,test,30,False,0.4954750513351246,0.7038998872958602,0.7315152255208189,0.5521041969544833,0.6545808008366072,2.1712726459763054,1.2800808455761887,1.1878023383552547,2.437667856252451,0.9299345157608707,RF
941,970,955,test,30,False,0.5068994070949512,0.7119686840690054,0.7194040727254659,0.563414411771846,0.6676193961021595,2.1712726459763054,1.3108739682657011,1.2138003189789437,2.4372454752283796,0.9377089344528706,RF
942,971,956,test,30,False,0.47260798278530053,0.6874648956748995,0.6580627141113181,0.5463642239895768,0.6466424719590057,2.1712726459763054,1.2816399604680968,1.1827293799666958,2.45354981741186,0.9406188970917306,RF
943,972,957,test,30,False,0.47130870070624425,0.6865192646286368,0.6229653980496928,0.5445162893797127,0.6451250026759165,2.1712726459763054,1.2792992278135131,1.1818578291587138,2.4590389349298984,0.9397041509459871,RF
944,973,958,test,30,False,0.43886250612817507,0.6624669849344759,0.5706516254891318,0.523242267515647,0.6251907556239651,2.1712726459763054,1.2573534936091593,1.1561294225744945,2.5231573893422574,0.9437311893902188,RF
945,974,959,test,30,False,0.42868835589212595,0.6547429693338646,0.5395665360554117,0.5155851064729471,0.6160555214381331,2.1712726459763054,1.2386798947138795,1.1373452615229724,2.5181395612207265,0.9409120071421431,RF
946,975,960,test,30,False,0.4104442530065398,0.640659233139225,0.562599652200692,0.5030618166131272,0.6036065367872193,2.1712726459763054,1.22332513888618,1.1226542024247488,2.5430073225075813,0.942164735267378,RF
947,976,961,test,30,False,0.42102316048414057,0.6488629751219749,0.5760214468000951,0.5091497552039917,0.6119396442691415,2.1712726459763054,1.229523709210099,1.1302330643923186,2.5260024559997647,0.9430953340404536,RF
948,977,962,test,30,False,0.39621781354618724,0.6294583493339232,0.5892225292799003,0.4954245218232043,0.595140755816756,1.8969308661075959,1.1866280521717918,1.0900310136277254,2.509189426203222,0.9454807557108723,RF
949,978,963,test,30,False,0.41603939918173577,0.6450111620598017,0.5728793184927875,0.5064419260621486,0.608556877878789,1.9802220146477922,1.2128961495826618,1.1178342243206054,2.504296157340002,0.9434827080129927,RF
950,979,964,test,30,False,0.40621711377114433,0.6373516405965739,0.54690412381522,0.4972968388268849,0.6011317768954523,1.9802220146477922,1.212916685991142,1.1152741264238613,2.5372410235871117,0.943171302317165,RF
951,980,965,test,30,False,0.41121546329766245,0.6412608387369858,0.5616820134825407,0.5000131913746649,0.605785973966903,1.9802220146477922,1.2221060122369918,1.1254154757305304,2.543674252956917,0.9446795085133324,RF
952,981,966,test,30,False,0.3931043777330029,0.6269803647108918,0.5354391776243618,0.4863010362720066,0.5899293811805525,1.9802220146477922,1.194671130836617,1.1005676095003851,2.5464268721960366,0.9409056716673672,RF
953,982,967,test,30,False,0.4113617414292158,0.6413748836906663,0.5714011210110831,0.5016388723886829,0.6065538704680647,1.9802220146477922,1.2232819267647486,1.1296624111265812,2.5083971381438124,0.9457087982269732,RF
954,983,968,test,30,False,0.4163653270800499,0.6452637655099269,0.5682753939523695,0.5054685318134725,0.6108621994063131,1.9802220146477922,1.2252893494216772,1.133304839893624,2.493669586644212,0.9466860407442411,RF
955,984,969,test,30,False,0.4286361770220343,0.6547031212863081,0.5805947118450575,0.5172905277136602,0.622275019291174,1.9802220146477922,1.2387792616334492,1.1475343653557941,2.4466684713635827,0.9504689974114955,RF
956,985,970,test,30,False,0.4125066361912203,0.6422667951803365,0.585918684458977,0.507937971718773,0.6087227846246971,1.9802220146477922,1.2112761847268254,1.1211131078680328,2.4561743969224383,0.9477724665086869,RF
957,986,971,test,30,False,0.4153516387877392,0.6444778031769125,0.5940376607149325,0.5097491359861418,0.6114881707232398,1.9802220146477922,1.2232781273239142,1.1308769206276936,2.4725922760834527,0.9488118407010259,RF
958,987,972,test,30,False,0.4138907866366167,0.6433434437659381,0.5950221133669276,0.5057044930980561,0.61003336864508,1.9802220146477922,1.2334862861786078,1.1391629560290644,2.522741009116625,0.9482234948632242,RF
959,988,973,test,30,False,0.4136878196157829,0.6431856805120765,0.6009448048440685,0.5057921871238927,0.6098527556473683,1.9802220146477922,1.2295801918381755,1.13771849645821,2.5135308361726105,0.9481752690169193,RF
960,989,974,test,30,False,0.4174217969427569,0.6460818809893657,0.6072231854423195,0.5099861545226407,0.6130288437589627,1.9802220146477922,1.2209729562976055,1.13260640831354,2.4756550002342688,0.948840792161223,RF
961,990,975,test,30,False,0.4238780580820087,0.6510591817047116,0.6206041374082122,0.515686682552728,0.6202499775287187,1.9802220146477922,1.2392112001891464,1.1485393382812183,2.4856331786637016,0.9526783354850736,RF
962,991,976,test,30,False,0.4301538757492686,0.6558611710943625,0.6492135532712504,0.5202192012113606,0.625205878840363,1.9802220146477922,1.2508654505847967,1.156758084622639,2.490662136847955,0.9532594798944289,RF
963,992,977,test,30,False,0.43532462810130595,0.6597913519449206,0.636388236124252,0.5221156666997022,0.6279889999526185,1.9802220146477922,1.2554342093329824,1.1629500659170577,2.4909950448863842,0.951799380366906,RF
964,993,978,test,30,False,0.4550438770003202,0.6745694011740528,0.6273430265914784,0.5376536461954877,0.6448209230664304,1.9802220146477922,1.2877519053396005,1.1942766744610547,2.480794393109947,0.955900048155391,RF
965,994,979,test,30,False,0.42435631646479405,0.651426370716441,0.573880778396505,0.5172058752204532,0.622599395386746,1.9802220146477922,1.253031343824678,1.157302198801581,2.5084977637758614,0.9557479146906641,RF
966,995,980,test,30,False,0.44965160154238254,0.6705606620898534,0.576714597403032,0.5332197509831856,0.6364432704685785,1.9802220146477922,1.2570972754724887,1.1638111783642193,2.4687400665498873,0.9491210958976546,RF
967,996,981,test,30,False,0.4547856320545339,0.6743779593481195,0.5657186001252011,0.5367866204036933,0.6428344834120538,1.9802220146477922,1.2790806857785355,1.18447701421431,2.5041470728166404,0.9532258201816726,RF
968,997,982,test,30,False,0.44207819141253674,0.6648896084407823,0.5498279169702407,0.5284079859856934,0.6339953247250028,1.9802220146477922,1.2657011418375304,1.1736678351703769,2.509531140171981,0.9535347171566886,RF
969,998,983,test,30,False,0.4202597577143951,0.6482744462913799,0.5245634972508694,0.5133552485943002,0.619755460669055,1.9802220146477922,1.2515510343891552,1.1578952133302984,2.5402090812681264,0.9560078516352525,RF
970,999,984,test,30,False,0.43028632128095395,0.6559621340298188,0.5075292254076458,0.5176387349345513,0.6247329390034818,2.3389943421223913,1.2760667657514184,1.1798730500096803,2.5576431690345474,0.9523917717102289,RF
971,1000,985,test,30,False,0.444615274100111,0.6667947765993004,0.5169008161580211,0.5251357652118677,0.6340043659300695,2.3389943421223913,1.2872259025414052,1.1937460941084637,2.545356277248274,0.9508238339291374,RF
5,34,19,train,30,False,0.5145386264886618,0.7173134785354739,0.568722468715015,0.5666326591745344,0.6716054641349031,2.417320724378134,1.303708667434491,1.200514897619105,2.3772741036857825,0.9362788853572191,PSBPM-FD
6,35,20,train,30,False,0.5133141001239184,0.7164594197328404,0.5570462542888556,0.5664275430509629,0.6706121404846491,2.417320724378134,1.2986330717878214,1.1994503383090003,2.3680366855462065,0.936008547050317,PSBPM-FD
7,36,21,train,30,False,0.5758193783490823,0.758827634149602,0.5779423575983351,0.5957089456654734,0.7027213684790532,2.502646494012203,1.3508975747982046,1.250349616631117,2.3590815536403715,0.9260619103132353,PSBPM-FD
8,37,22,train,30,False,0.5999947774242891,0.7745932980760221,0.5742245933642695,0.6106943958879969,0.7193916797908237,2.502646494012203,1.3735955550021288,1.2728825715169678,2.3269240398912854,0.9287347070749113,PSBPM-FD
9,38,23,train,30,False,0.5744406670181788,0.7579186414241167,0.5478267987789128,0.5939145664167028,0.7006354713879541,2.502646494012203,1.344025583695532,1.246383784557696,2.337895881603684,0.9244204233735056,PSBPM-FD
10,39,24,train,30,False,0.5646496936257546,0.7514317624546852,0.5334003962291742,0.5902453890842608,0.6929246609796522,2.502646494012203,1.3182191289498433,1.224686638199744,2.3056804891948706,0.9221391689860046,PSBPM-FD
11,40,25,train,30,False,0.5595479800110947,0.7480293978254429,0.5363375423882356,0.588944986789535,0.6904386943346071,2.502646494012203,1.309453098315547,1.2159743323028807,2.299139037025742,0.9230101067441271,PSBPM-FD
12,41,26,train,30,False,0.5578196136504658,0.7468732246174486,0.5354196016581375,0.5881269815065059,0.6889086302870981,2.502646494012203,1.3017741358314878,1.2118469231344011,2.28670533596447,0.92239031683049,PSBPM-FD
13,42,27,train,30,False,0.5500579653241396,0.7416589278935025,0.5339901008617759,0.5807361100394328,0.681914441690862,2.502646494012203,1.2901762470328495,1.202224829391473,2.300889022526412,0.9194447960434726,PSBPM-FD
14,43,28,train,30,False,0.5422072462137095,0.7363472320948247,0.5297734608346151,0.5749710673218169,0.6740659176425842,2.502646494012203,1.273814980729107,1.1868357815218258,2.2977684881631673,0.9154185529087178,PSBPM-FD
15,44,29,train,30,False,0.5397517897340849,0.734678017728913,0.5223003625803381,0.5705046994765749,0.6719257938433923,2.502646494012203,1.27841019863763,1.190277768315035,2.3325766257616367,0.914585406979367,PSBPM-FD
16,45,30,train,30,False,0.545001391992813,0.7382420957875627,0.5108878016671767,0.5725030265479869,0.6748320219141107,2.502646494012203,1.2877795307587308,1.197388866447362,2.3388516864811564,0.9141066673991198,PSBPM-FD
17,46,31,train,30,False,0.5560801357850264,0.7457078085852571,0.5167389365679789,0.5833260224090461,0.6879004162733067,2.502646494012203,1.3197297579316363,1.2238523042015188,2.3359149756096262,0.9224798350688839,PSBPM-FD
18,47,32,train,30,False,0.543362307317849,0.7371311330542545,0.5018578733995526,0.5743367566854033,0.6775430007778029,2.502646494012203,1.2991553822744033,1.200256174808433,2.351102340658603,0.9191621007383695,PSBPM-FD
19,48,33,train,30,False,0.5474276463690532,0.7398835356791319,0.5035188224801005,0.5768667020894528,0.6811092630657775,2.502646494012203,1.3095656384177319,1.2080182334192258,2.3603559119439543,0.9205628051185027,PSBPM-FD
20,49,34,train,30,False,0.5268770260801509,0.7258629526846999,0.48720617634218616,0.5628231266958815,0.6640837771493427,2.502646494012203,1.285539515652831,1.1825070510221132,2.376718003915171,0.9148886503893624,PSBPM-FD
21,50,35,train,30,False,0.5284138005484821,0.7269207663483567,0.4894541603513689,0.5635725790065096,0.6651338383955044,2.502646494012203,1.2900833472108366,1.1871599410859595,2.3812673903725132,0.9150018395220223,PSBPM-FD
22,51,36,train,30,False,0.5332813056521838,0.7302611215532316,0.4932560174464351,0.5656214323007454,0.669975462033952,2.502646494012203,1.3072317644130678,1.2025706537097574,2.411641250818337,0.9174464342411454,PSBPM-FD
23,52,37,train,30,False,0.5301216378063812,0.7280945253237255,0.4902559558176731,0.5620887245969471,0.6666827373108017,2.502646494012203,1.3024497764680092,1.19993779175098,2.4231509504689432,0.9156541000145292,PSBPM-FD
24,53,38,train,30,False,0.5317695205237082,0.7292252879074533,0.49863346212743986,0.5645102010237116,0.6686519753522656,2.502646494012203,1.306689782089639,1.2043007580339198,2.4196030269370907,0.9169347065170961,PSBPM-FD
25,54,39,train,30,False,0.541927665613142,0.7361573647075346,0.4952426317994629,0.5715025328513531,0.6754853785772553,2.502646494012203,1.3164367541888153,1.215432391504392,2.407380775693269,0.9175828579064975,PSBPM-FD
26,55,40,train,30,False,0.5377614390915263,0.7333221932353652,0.4939825164424638,0.5688681835152125,0.6719073508175109,2.502646494012203,1.3083244652944732,1.208774641363687,2.403075660043314,0.9162512153806551,PSBPM-FD
27,56,41,train,30,False,0.5351273035585433,0.7315239596612974,0.5161770884776604,0.5667794582852422,0.669384996033653,2.502646494012203,1.2974166957921534,1.2004772523714042,2.389250683895759,0.9150554635880753,PSBPM-FD
28,57,42,train,30,False,0.5483949871155366,0.7405369586425357,0.5196774712970726,0.5768269583872712,0.6783624984993158,2.502646494012203,1.299100465314934,1.2046652775011484,2.359083424640183,0.9160413813009541,PSBPM-FD
29,58,43,train,30,False,0.5865426165335873,0.7658607030874396,0.5246536686667826,0.5948515208806836,0.695801147512215,2.502646494012203,1.317890395910702,1.224347311962817,2.3408538368008798,0.9085218039092603,PSBPM-FD
30,59,44,train,30,False,0.5915883731695023,0.7691478227034789,0.5323242344507703,0.600475987424995,0.7026168769129227,2.502646494012203,1.3286043246294548,1.2331506208005187,2.334518006065636,0.9135004431830718,PSBPM-FD
31,60,45,train,30,False,0.5975203398188479,0.7729943983101352,0.5323450628145142,0.6039828330437619,0.7079041596204488,2.502646494012203,1.3400934017208153,1.2460850621895214,2.338951390931198,0.9157946825591726,PSBPM-FD
32,61,46,train,30,False,0.5616721380060956,0.7494478887862022,0.5309930227228635,0.5843579153728004,0.6888651694145764,2.502646494012203,1.3153596929449518,1.224326965924322,2.3533031526733414,0.9191635332114355,PSBPM-FD
33,62,47,train,30,False,0.6508642790031538,0.8067615998565832,0.5436136981161386,0.6190524563083992,0.7258294388792471,2.903295194513058,1.37294878984166,1.2780357754997342,2.3442812567683275,0.8996826807427085,PSBPM-FD
34,63,48,train,30,False,0.6406496209609209,0.8004059101236828,0.5372692171087172,0.6087749536553372,0.716459196240283,2.903295194513058,1.371486923337213,1.2749664317044525,2.4067366090662143,0.8951198225529996,PSBPM-FD
35,64,49,train,30,False,0.577063284452726,0.759646815600991,0.5528604429524916,0.577728330263137,0.6800046666712062,2.903295194513058,1.3113709987141158,1.21684333015268,2.411157837879871,0.8951589774429893,PSBPM-FD
36,65,50,train,30,False,0.574225077910009,0.7577764036376489,0.5563901699780889,0.5745323160435467,0.677487265008245,2.903295194513058,1.3191420696768241,1.2208152977763804,2.4515258574967334,0.8940463991172304,PSBPM-FD
37,66,51,train,30,False,0.5080600018183538,0.7127832782959724,0.5677497197517225,0.5407565084440459,0.6410973036881071,2.903295194513058,1.260624850767866,1.1629025619564353,2.472645341321124,0.899428091552256,PSBPM-FD
38,67,52,train,30,False,0.49888618231743886,0.7063187540462442,0.5746621647665712,0.5357166960281365,0.6359927378153695,2.903295194513058,1.2504535709411362,1.1526411529646614,2.4747428377129848,0.9004330327801683,PSBPM-FD
39,68,53,train,30,False,0.5033534447177067,0.7094740620471666,0.5664909395884425,0.5381848150406187,0.6407349757874784,2.903295194513058,1.266604892900794,1.1670854987365098,2.500051203483388,0.9031126154755488,PSBPM-FD
40,69,54,train,30,False,0.5197381678086109,0.7209286842737018,0.5827280641619551,0.5446944285583283,0.6525085312380746,2.903295194513058,1.3044106043618362,1.200666600549071,2.5373685830478627,0.9050944226133032,PSBPM-FD
41,70,55,train,30,False,0.5011764344481189,0.707938157220049,0.5925878275797595,0.5343314660213884,0.6411736796694284,2.903295194513058,1.2832899525076438,1.1837435309271316,2.5407693063525443,0.9056916527669687,PSBPM-FD
42,71,56,train,30,False,0.5064164288947395,0.7116294182330712,0.5941688223952982,0.5368985702782806,0.6454925848280249,2.903295194513058,1.3016813504543323,1.1988524753594925,2.5651787312325554,0.9070628170919918,PSBPM-FD
43,72,57,train,30,False,0.5054253249969494,0.7109327148169152,0.6026045806214289,0.5372104395649415,0.6443475292021714,2.903295194513058,1.2923806069963855,1.1912967345153824,2.537138976128786,0.9063410865374351,PSBPM-FD
44,73,58,train,30,False,0.5155788892969004,0.7180382227269663,0.6147035546078339,0.5453268811819253,0.6539821484814201,2.903295194513058,1.3135204720529794,1.2096133385249774,2.537586546099001,0.9107901609996832,PSBPM-FD
45,74,59,train,30,False,0.5546637179710024,0.7447574893688566,0.6178470672661386,0.565992405781892,0.6762871533451792,2.903295194513058,1.342171949799194,1.2387987394232054,2.5023098121155485,0.9080635817684728,PSBPM-FD
46,75,60,train,30,False,0.5430011156077568,0.7368860940523689,0.6261764339257093,0.5588653786274709,0.6693698123176142,2.903295194513058,1.33141901579748,1.2289403490936976,2.5122695795879,0.9083762303567686,PSBPM-FD
47,76,61,train,30,False,0.5385842799499784,0.7338830151665716,0.6165873683901001,0.556218309012742,0.6654320837499715,2.903295194513058,1.3135817686004008,1.2167426801820482,2.488704305198678,0.9067277345271936,PSBPM-FD
48,77,62,train,30,False,0.5530989814975935,0.7437062467786549,0.6308913134853211,0.5657205227219598,0.6769319011609386,2.903295194513058,1.3297071961654443,1.2355525331970152,2.4642302245877903,0.9102140853234086,PSBPM-FD
49,78,63,train,30,False,0.5589565952556892,0.7476339981940958,0.6280978713521508,0.5693586939120949,0.6811927372637423,2.903295194513058,1.3301105652309282,1.2395664673210256,2.4505037819683912,0.9111313007556614,PSBPM-FD
50,79,64,train,30,False,0.5586330722813647,0.747417602335779,0.6242169820687626,0.5681183565673122,0.6807184022190016,2.903295194513058,1.3299934673296403,1.2389817728426498,2.462078793856557,0.9107604638848034,PSBPM-FD
51,80,65,train,30,False,0.5464030450968199,0.739190804256127,0.6260199176944102,0.5596196626488951,0.6704023025745157,2.903295194513058,1.3065731979040687,1.2176481202857963,2.451883807649734,0.9069408043423436,PSBPM-FD
52,81,66,train,30,False,0.5571621673848595,0.7464329624185011,0.6386627020641339,0.5659482093509148,0.6781771372483398,2.903295194513058,1.3165928596208485,1.2293090498985602,2.441183579163664,0.9085573271724133,PSBPM-FD
53,82,67,train,30,False,0.5721996235845132,0.7564387771555032,0.6577895206263067,0.5774652786344431,0.6904212913671085,2.903295194513058,1.3292197755331787,1.2416248934578822,2.4123517545861684,0.9127259366096414,PSBPM-FD
54,83,68,train,30,False,0.5807959441452503,0.7620996943610792,0.6627959824805264,0.5847115139189375,0.6980617615951805,2.903295194513058,1.3377030287261993,1.2513755472786927,2.3998939858034305,0.915971711785574,PSBPM-FD
55,84,69,train,30,False,0.6440354407890162,0.8025181872013968,0.6665428092742411,0.6080665892197243,0.7237469453484453,3.063618873284227,1.3838167243781072,1.2964480966134417,2.394534223977206,0.9018449137861304,PSBPM-FD
56,85,70,train,30,False,0.6801706355110402,0.8247245816095456,0.709735338215766,0.6284379978195604,0.7450509309708594,3.063618873284227,1.413536528206392,1.325287183734424,2.379375545621847,0.9033936268963949,PSBPM-FD
57,86,71,train,30,False,0.6880983373049433,0.8295169300894004,0.7025431432073779,0.6344285676918334,0.7518172833834907,3.063618873284227,1.4297235455233772,1.3380401143443714,2.385324893877251,0.906331451610595,PSBPM-FD
58,87,72,train,30,False,0.6802107290521178,0.8247488884818929,0.7000664018609696,0.6272049845892202,0.7468851973641443,3.063618873284227,1.4372241381391186,1.3425838905874694,2.4189820916970266,0.9055910323673529,PSBPM-FD
59,88,73,train,30,False,0.6522052214790525,0.8075922371339712,0.6841900755704495,0.6154595941922032,0.7349869197280336,3.063618873284227,1.4224835347533558,1.329121194950219,2.425490776023807,0.9100965635038749,PSBPM-FD
60,89,74,train,30,False,0.6615319926332341,0.8133461702333356,0.6870124198162788,0.6225468666610059,0.7428803566034127,3.063618873284227,1.4466461129233992,1.350291250948137,2.4399475321838153,0.9133630719504002,PSBPM-FD
61,90,75,train,30,False,0.6640229553646011,0.8148760368084222,0.6968945627343793,0.6245639899720424,0.7447442011304233,3.063618873284227,1.4443620477306627,1.3496451407761083,2.4259393414929207,0.9139355773024321,PSBPM-FD
62,91,76,train,30,False,0.6623017536001163,0.813819238897752,0.6834782313980671,0.6231495929517565,0.743390086803925,3.063618873284227,1.4440555078144632,1.3491331375483246,2.431130816829868,0.9134584822678594,PSBPM-FD
63,92,77,train,30,False,0.5706476542130368,0.7554122412385417,0.670503251017919,0.5862973339963331,0.7044478004705615,3.063618873284227,1.3836387127073948,1.2931320918926825,2.4434561523547274,0.9325342667410036,PSBPM-FD
64,93,78,train,30,False,0.5716868562270163,0.7560997660540679,0.6823307156544137,0.5887336089063483,0.7056763656840334,3.063618873284227,1.3787885260013961,1.288997460499692,2.4047878470028947,0.933311181098251,PSBPM-FD
65,94,79,train,30,False,0.5773698828272403,0.7598485920413621,0.68481411086515,0.593470794941092,0.7123546122045536,3.063618873284227,1.395266255164196,1.3025055374752614,2.4197548974234335,0.9374954690523094,PSBPM-FD
66,95,80,train,30,False,0.5744758301147528,0.7579418382136935,0.693492421008238,0.5920733837740967,0.7093450736007382,3.063618873284227,1.3754081055247174,1.2861548795634687,2.377852529042331,0.9358832536181305,PSBPM-FD
67,96,81,train,30,False,0.6016799167193788,0.775680292852267,0.7013644728457348,0.6084268038387262,0.7296928340329292,3.063618873284227,1.4138960917402883,1.3244670904186904,2.373765783471109,0.940713385085192,PSBPM-FD
68,97,82,train,30,False,0.5991196775410985,0.77402821495156,0.7046099687459867,0.6086898503262377,0.7280885885443019,3.063618873284227,1.4042976787502572,1.318265282582243,2.358495239761531,0.9406486410703606,PSBPM-FD
69,98,83,train,30,False,0.6005083722089697,0.7749247526108388,0.7248447279414758,0.6095041932895265,0.729326910708958,3.063618873284227,1.4054467012627738,1.3177252455890123,2.35540034965529,0.9411583618302878,PSBPM-FD
70,99,84,train,30,False,0.5845712084636737,0.7645725658586461,0.7347600341348328,0.6012745355756481,0.7179791073514834,3.063618873284227,1.376645225666633,1.2930351971155254,2.3495356855503995,0.9390594685347671,PSBPM-FD
71,100,85,train,30,False,0.6126469374379472,0.7827176613811312,0.7262595902539719,0.6153873177765595,0.733817152296334,3.063618873284227,1.3968505658083359,1.3113911232588846,2.336640954300215,0.937524714852466,PSBPM-FD
72,101,86,train,30,False,0.604384854955296,0.777421928527422,0.7728029964972566,0.6099198543457522,0.7264528296288765,3.063618873284227,1.3768690332983913,1.2915338064518125,2.3246430867469683,0.9344383055992642,PSBPM-FD
73,102,87,train,30,False,0.6111200980063817,0.7817417079869678,0.7732243516066086,0.6156949181185785,0.7330059442898789,3.063618873284227,1.3989602377596275,1.3089788123500234,2.346204512130164,0.9376574600035266,PSBPM-FD
74,103,88,train,30,False,0.718001222358018,0.8473495278561368,0.7700601047013009,0.6538233589330937,0.7743709764577594,3.063618873284227,1.4504601790878533,1.3643630189685503,2.318513945668689,0.9138743234058098,PSBPM-FD
75,104,89,train,30,False,0.680872950642591,0.8251502594331477,0.7563210512379446,0.6362847125414842,0.7537900214950576,3.063618873284227,1.419860873110229,1.3337673744965235,2.330009991340316,0.913518492998945,PSBPM-FD
76,105,90,train,30,False,0.7165090842152744,0.8464685961187659,0.7401290597252085,0.6536658756305892,0.7715169489277851,3.063618873284227,1.4359200312855347,1.350451697250649,2.3033070386008636,0.9114537177933716,PSBPM-FD
77,106,91,train,30,False,0.7139941264055365,0.8449817314034289,0.7513470850821771,0.6504443578491242,0.7687882788667506,3.063618873284227,1.4417156881371136,1.3523788142155821,2.344070478939027,0.9098282842042884,PSBPM-FD
78,107,92,train,30,False,0.7110336134829895,0.8432280910186695,0.7287301295985107,0.6492161861786502,0.7668780942815302,3.063618873284227,1.4350237113243973,1.3461237210029655,2.3382697207823977,0.9094551076389024,PSBPM-FD
79,108,93,train,30,False,0.7005320293756372,0.8369779145088819,0.7281408887056634,0.6419441910507254,0.7584814030497001,3.063618873284227,1.424786068132626,1.3344019801766887,2.3500657209980402,0.9062143575135533,PSBPM-FD
80,109,94,train,30,False,0.7115392367958528,0.8435278518198749,0.7443008923299904,0.6510512214154214,0.7695048305078244,3.063618873284227,1.4540692588941415,1.3618133609773142,2.3554353291337295,0.9122459072900212,PSBPM-FD
81,110,95,train,30,False,0.8623539814519025,0.9286301639791281,0.7584668591106725,0.7053311537289191,0.8272942706128472,3.1773525235422664,1.5342521045615845,1.4410722676679546,2.341829434519077,0.8908759403936846,PSBPM-FD
82,111,96,train,30,False,0.8779244048536216,0.9369762029281329,0.7173256380100668,0.7144795143136502,0.835632982009095,3.1773525235422664,1.5465085416655346,1.4518506543257572,2.3317999247662873,0.8918401336102972,PSBPM-FD
83,112,97,train,30,False,0.8607652840436711,0.9277743713013801,0.6915547177804241,0.7011436399448743,0.8206656503331842,3.1773525235422664,1.5222567823900992,1.4289735989801737,2.3385459450224477,0.884553050524606,PSBPM-FD
84,113,98,train,30,False,0.8985537702073585,0.9479207615657326,0.6662790924893429,0.7171810265661528,0.8401544738989687,3.1773525235422664,1.5595476822614784,1.4659476321942466,2.3455460855531993,0.8863129788519871,PSBPM-FD
85,114,99,train,30,False,0.8214775200609487,0.9063539706212737,0.6724284942395118,0.6842968345213986,0.804541241655247,3.1773525235422664,1.49162668428141,1.4003788807410205,2.3512110553268952,0.8876678072075553,PSBPM-FD
86,115,100,train,30,False,0.7805633667742786,0.8834949726932682,0.6446832153519443,0.6595029471576993,0.7779111300778749,3.1773525235422664,1.458745333011508,1.366168160734819,2.3885870138738627,0.8804929899108211,PSBPM-FD
87,116,101,train,30,False,0.774157050878531,0.8798619498981253,0.6651378923336752,0.6554466299018782,0.7726456446189706,3.1773525235422664,1.446425630397313,1.3560446464996523,2.3821330649202155,0.878144173308587,PSBPM-FD
88,117,102,train,30,False,0.7660979178050857,0.8752701970278011,0.6645327597783791,0.6513812514608596,0.766245894855954,3.1773525235422664,1.4304720903454855,1.34018315946589,2.370656705429496,0.8754392614508453,PSBPM-FD
89,118,103,train,30,False,0.7582475290818752,0.8707740976176744,0.6272230533071981,0.6464783359347611,0.762049881243054,3.1773525235422664,1.4282138849415134,1.3373951374648152,2.380524456961712,0.8751407320542999,PSBPM-FD
90,119,104,train,30,False,0.7602850411917105,0.8719432557177734,0.6163329016537785,0.647907980608918,0.7634452002292327,3.1773525235422664,1.4153226495675135,1.3282503966468175,2.355124135101654,0.8755675271560803,PSBPM-FD
91,120,105,train,30,False,0.7547916908147898,0.8687874831135574,0.6091043047943988,0.6453416688310588,0.7590915127910901,3.1773525235422664,1.4059109159174206,1.316956726371486,2.3481839140217944,0.8737367049426872,PSBPM-FD
92,121,106,train,30,False,0.7474698686608877,0.8645633977105945,0.6053007821471841,0.6396316682328823,0.7518693773289279,3.1773525235422664,1.3936363264714087,1.301986953527916,2.3499011057208476,0.8696521033852627,PSBPM-FD
93,122,107,train,30,False,0.7464809996941523,0.8639913192238405,0.6066643003883979,0.6394157289227341,0.7510167126062495,3.1773525235422664,1.3941179253062106,1.301207030103024,2.3518251008804056,0.8692410396911385,PSBPM-FD
94,123,108,train,30,False,0.7437581572821934,0.8624141448759949,0.6062187881706348,0.636378835653235,0.7475155074065521,3.1773525235422664,1.3848492776020265,1.2932606297289946,2.347034073908369,0.8667709265297778,PSBPM-FD
95,124,109,train,30,False,0.7457924110756249,0.8635927344967794,0.60308135379313,0.6385447556784523,0.7493540018228948,3.1773525235422664,1.382195434498409,1.2929087634327094,2.3305724951750166,0.8677168900217158,PSBPM-FD
96,125,110,train,30,False,0.7517884963407704,0.8670573777673369,0.6047576221440774,0.6444790123117929,0.7550990701038667,3.1773525235422664,1.3872555661190982,1.2979551649173013,2.3124011996395533,0.8708755492609247,PSBPM-FD
97,126,111,train,30,False,0.7272284973399401,0.852776932931432,0.6011826362176479,0.6308466099358422,0.7379643786317619,3.1773525235422664,1.353686335552617,1.2650567140794238,2.3111020487635248,0.8653662524559612,PSBPM-FD
98,127,112,train,30,False,0.7185960978782538,0.8477004765117534,0.5959421116841838,0.6255383057032265,0.7316026986110237,3.1773525235422664,1.3460001127793988,1.2561081568027288,2.3157892610214557,0.8630438685389603,PSBPM-FD
99,128,113,train,30,False,0.7556040202823691,0.8692548649748065,0.5884369651251637,0.6455820833045764,0.752373690259496,3.1773525235422664,1.3684838353561555,1.2824951747654212,2.2799348336801084,0.8655386591150133,PSBPM-FD
100,129,114,train,30,False,0.7858427725359427,0.8864777338071965,0.5651417125913121,0.6616504541189713,0.7710056398569447,3.1773525235422664,1.4095165442185977,1.3205055349748567,2.2711167439119913,0.8697405591290731,PSBPM-FD
101,130,115,train,30,False,0.7873599488067001,0.8873330540483095,0.5630158924006483,0.6615053905071029,0.7716746220886523,3.1773525235422664,1.4171704103964198,1.3282321025798445,2.279311541545133,0.869656121304188,PSBPM-FD
102,131,116,train,30,False,0.793929886391729,0.8910274330186074,0.5569822574107448,0.6651828745369268,0.7777411918167585,3.1773525235422664,1.4362245526044668,1.347410282285446,2.300058639449481,0.8728588626973474,PSBPM-FD
103,132,117,train,30,False,0.7879898089679805,0.8876879006542674,0.5558542669907736,0.6595047873084673,0.7721137962236716,3.1773525235422664,1.4210683336387828,1.3349505034278804,2.2970463502138196,0.8698032221173542,PSBPM-FD
104,133,118,train,30,False,0.6704155948411181,0.8187891027860094,0.5368964889168696,0.6117699291857838,0.7203880400119793,3.1773525235422664,1.3558139681084127,1.265961486136603,2.365763003646414,0.8798212354815045,PSBPM-FD
105,134,119,train,30,False,0.6631983991589223,0.8143699399897582,0.5440718333324581,0.6060049721376425,0.7128808056808721,3.1773525235422664,1.3432326430472388,1.2519800604621667,2.3699118472881797,0.8753771114020215,PSBPM-FD
106,135,120,train,30,False,0.6310363666047981,0.7943779746473325,0.5245487159495056,0.5908542773485768,0.6974011869001632,3.1773525235422664,1.322299021219492,1.2337254911755726,2.380343760180119,0.8779211019915014,PSBPM-FD
107,136,121,train,30,False,0.656490799817654,0.8102411985437756,0.5293080666983846,0.606513717084433,0.7157213310751541,3.1773525235422664,1.348519576725393,1.2621520607781547,2.3439957339083097,0.8833435430850721,PSBPM-FD
108,137,122,train,30,False,0.6952386753376726,0.8338097356937448,0.5230838090838795,0.6255570528430405,0.7345536437320822,3.1773525235422664,1.3770400042217463,1.2878561428258701,2.3288062320039917,0.8809607423459984,PSBPM-FD
109,138,123,train,30,False,0.7037374751026575,0.8388906216561594,0.524880429820849,0.6319314208122423,0.7415799448900344,3.1773525235422664,1.390263963291537,1.3026846651020338,2.325052535773478,0.8840007573645159,PSBPM-FD
110,139,124,train,30,False,0.6942134716333123,0.8331947381214744,0.5034961075804308,0.6246869186707885,0.7325914437247415,3.1773525235422664,1.3661989013301148,1.2815387926411137,2.3191142578034856,0.8792559652698316,PSBPM-FD
111,140,125,train,30,False,0.5435407454842633,0.7372521586840308,0.4696776152789855,0.5700096093175261,0.6749632267124238,2.4487378100502,1.2886437397221238,1.2041651160071392,2.341772366184048,0.9155120385367327,PSBPM-FD
112,141,126,train,30,False,0.5457363506235242,0.7387397042419774,0.45293266417071315,0.5732469724002239,0.675985355490598,2.4487378100502,1.2890230925694663,1.2030747905242631,2.3356052388189577,0.9150521511284251,PSBPM-FD
113,142,127,train,30,False,0.5464764792372734,0.7392404745664792,0.4596401861250265,0.5738000042181172,0.6770021255187081,2.4487378100502,1.2950318821205458,1.208240528666584,2.351131749141538,0.9158077091432659,PSBPM-FD
114,143,128,train,30,False,0.5675169676630585,0.7533372204153055,0.4531436126943389,0.581059949794707,0.6846450551048906,2.7994273164020047,1.3133786715711955,1.2237566591397628,2.3537289354587996,0.9088161802591599,PSBPM-FD
115,144,129,train,30,False,0.6000776404521696,0.7746467843166779,0.4629363702592736,0.5994211273521465,0.7040495479667318,2.7994273164020047,1.35420240825912,1.2641268174498363,2.352095390018017,0.9088652560376657,PSBPM-FD
116,145,130,train,30,False,0.6030902732190994,0.7765888701359938,0.461910655165632,0.6018888939592557,0.7076168889358778,2.7994273164020047,1.3566141310938706,1.268256529207792,2.33948744610815,0.9111859777387258,PSBPM-FD
117,146,131,train,30,False,0.6030455981822349,0.7765601059687749,0.46566355933538545,0.600687018523084,0.7075746402392264,2.7994273164020047,1.3585661224897838,1.270004695299183,2.3499616066594893,0.9111653235862694,PSBPM-FD
118,147,132,train,30,False,0.6127666497444342,0.7827941298607407,0.47332646397364164,0.6073921436621209,0.7150936336185921,2.7994273164020047,1.382062264877305,1.2898991702853855,2.3622863822079867,0.9135143025993405,PSBPM-FD
119,148,133,train,30,False,0.5956331719726412,0.7717727463266899,0.47656837702413923,0.5967092276803263,0.702585557855252,2.7994273164020047,1.358250577042418,1.2660502133419564,2.3624376676620478,0.9103529001241111,PSBPM-FD
120,149,134,train,30,False,0.6478403266684833,0.8048852878941715,0.5004924089693273,0.6162016114869958,0.7262022130988479,2.7994273164020047,1.3955029425539793,1.304797716315696,2.3636350387130283,0.9022431196361127,PSBPM-FD
121,150,135,train,30,False,0.6503842279101248,0.8064640276603321,0.4943319281153868,0.6178765947017971,0.7283309625524201,2.7994273164020047,1.3984771545507473,1.3093449116344926,2.362477277983713,0.903116490719881,PSBPM-FD
122,151,136,train,30,False,0.6478961524775442,0.804919966504462,0.48726767394087356,0.6145551908259335,0.724718607393184,2.7994273164020047,1.3954391537951567,1.3077467931351385,2.3816065777834643,0.9003610763197122,PSBPM-FD
123,152,137,train,30,False,0.6440717046042549,0.8025407806487187,0.48026994888960395,0.6111467988504685,0.7209760580527355,2.7994273164020047,1.3888018888948899,1.2994760347199452,2.384101181982123,0.8983668810822898,PSBPM-FD
124,153,138,train,30,False,0.6742457088441817,0.821124660964571,0.4877568611305967,0.6305075494050574,0.7434027358780732,2.7994273164020047,1.4301556407817346,1.3386827709573115,2.3763367004434692,0.905346984713383,PSBPM-FD
125,154,139,train,30,False,0.667156533355101,0.8167965066986397,0.4830558903783365,0.623075117031668,0.7358118514421114,2.7994273164020047,1.4215593788238416,1.3304662642841345,2.400903690392526,0.9008508795123829,PSBPM-FD
126,155,140,train,30,False,0.6658684117426984,0.816007605199056,0.4781900849507572,0.6220003732642966,0.7347233497236675,2.7994273164020047,1.4232399564807912,1.3325903218748683,2.4084679914048626,0.9003878702140773,PSBPM-FD
127,156,141,train,30,False,0.6674416668657712,0.8169710318400348,0.48073656095220446,0.6242163476605835,0.7363485069575497,2.7994273164020047,1.4285901676102084,1.3365978272374355,2.4086016345146457,0.9013153199558352,PSBPM-FD
128,157,142,train,30,False,0.6655895240541525,0.8158367018307968,0.4760564151866135,0.6230973068988575,0.7346893443258992,2.7994273164020047,1.427475170811242,1.3354086751205103,2.411050630661953,0.9005348039346636,PSBPM-FD
129,158,143,train,30,False,0.6316742426051819,0.7947793672492901,0.48635783904557656,0.6076261365432342,0.7164249891188603,2.7994273164020047,1.396986043204818,1.3043937919253175,2.4092414425691806,0.9014136735813714,PSBPM-FD
130,159,144,train,30,False,0.6084646387480629,0.7800414339944147,0.49286066309186033,0.5986041119244124,0.7034857038461709,2.7994273164020047,1.3582010047318154,1.2677104318740433,2.3867630550191676,0.9018568414292824,PSBPM-FD
131,160,145,train,30,False,0.5680351926912851,0.753681094821467,0.47911138570356004,0.5743220018762832,0.6756704504738954,2.7994273164020047,1.3115132537712053,1.2228544990174897,2.4127526466089484,0.8964938289104216,PSBPM-FD
132,161,146,train,30,False,0.5620891428716068,0.7497260452135879,0.4813745380689051,0.5723639725997878,0.6702810681868814,2.7994273164020047,1.289297542155602,1.2023587550411,2.374212750314071,0.8940346576807618,PSBPM-FD
133,162,147,train,30,False,0.5611981088696928,0.7491315697991193,0.47655784584918365,0.5709751134645564,0.6692395275286783,2.7994273164020047,1.2963481081569923,1.2068012981556093,2.406334505540796,0.8933537905873274,PSBPM-FD
134,163,148,train,30,False,0.5844015686104537,0.7644616201029674,0.4943785778574742,0.5873143963585341,0.6875162917680167,2.7994273164020047,1.3250907627754835,1.2343252928735058,2.362112795736645,0.8993470354671478,PSBPM-FD
135,164,149,train,30,False,0.6386831463887304,0.7991765426917449,0.5046152117903244,0.6159604592513329,0.7195181095729528,2.7994273164020047,1.3679126836463509,1.2798874610281925,2.336796925433859,0.9003243603090618,PSBPM-FD
136,165,150,train,30,False,0.6412075967914141,0.8007543923022927,0.507351793667051,0.6169658786755946,0.7210398121835956,2.7994273164020047,1.376929940840113,1.2850728764398482,2.3467129867199104,0.9004506489318087,PSBPM-FD
137,166,151,train,30,False,0.6166313067394941,0.785258751456801,0.4837931239172232,0.6023306499430675,0.7037289162337282,2.7994273164020047,1.3479530226112677,1.2564074721754912,2.3651077844313244,0.8961745602047481,PSBPM-FD
138,167,152,train,30,False,0.5894511026271945,0.7677571898896125,0.4773589993557869,0.5886544389628406,0.691712974363957,2.7994273164020047,1.3336805423814406,1.243889125091262,2.381855826230763,0.9009527796977205,PSBPM-FD
139,168,153,train,30,False,0.6142059758138741,0.7837129422268553,0.47271101170319646,0.6018557266613703,0.7052633951096432,2.7994273164020047,1.3597152056676847,1.2676115617927854,2.3772982727857337,0.899900151075336,PSBPM-FD
140,169,154,train,30,False,0.6152971647845392,0.7844087995328324,0.47773696420898665,0.6020828160317802,0.7065790461612852,2.7994273164020047,1.368199499811545,1.2748283864466374,2.40131470301668,0.9007790919506513,PSBPM-FD
141,170,155,train,30,False,0.6126862144371589,0.782742751123994,0.47713283182480287,0.5993471939913839,0.7032575361794839,2.7994273164020047,1.3615102389143467,1.268447456323322,2.3995476623716425,0.8984529529907855,PSBPM-FD
142,171,156,train,30,False,0.5765348010923952,0.7592988878514146,0.48762408879302216,0.5748925911266224,0.6776004366728865,2.7994273164020047,1.3212852660546888,1.2302300013082943,2.418051496089444,0.8924027777655384,PSBPM-FD
143,172,157,train,30,False,0.5863445429676997,0.7657313778131987,0.49333414183646374,0.5836856199446334,0.6870229232860884,2.7994273164020047,1.3297498806208525,1.2392406913891512,2.392411935767759,0.8972114023172348,PSBPM-FD
144,173,158,train,30,False,0.5284322459073273,0.7269334535618287,0.5194856698550733,0.55763440969046,0.6605581708143806,2.3171356622191697,1.296731224826967,1.2026843404949923,2.435203588473162,0.9086913906324954,PSBPM-FD
145,174,159,train,30,False,0.49771715023156415,0.7054907159074201,0.5220182211328208,0.5398695830879724,0.6427665932316662,2.3171356622191697,1.2697882176215536,1.1720587727175087,2.463916374263687,0.9110914980715563,PSBPM-FD
146,175,160,train,30,False,0.5064266162905656,0.711636575992666,0.5468743412929907,0.5473495119658871,0.6501847790996517,2.3171356622191697,1.2823803040568857,1.1825942069667212,2.453437547689572,0.9136472197100116,PSBPM-FD
147,176,161,train,30,False,0.5056579284602692,0.711096286349654,0.55145372342716,0.5469899661576301,0.6494412644757525,2.3171356622191697,1.2851189099704436,1.1836482025405937,2.4620879617826166,0.9132958179399279,PSBPM-FD
148,177,162,train,30,False,0.4930390444478701,0.7021673906184124,0.5319172957778637,0.537357763690025,0.6389606036478088,2.3171356622191697,1.2546008644953341,1.1574680084690077,2.4489927206108186,0.909983306238508,PSBPM-FD
149,178,163,train,30,False,0.5169001293138054,0.7189576686521991,0.5885440076192215,0.5518600914625437,0.6550975693349721,2.3171356622191697,1.2808446559902575,1.1837159221754774,2.4416526707091446,0.9111768298724138,PSBPM-FD
150,179,164,train,30,False,0.45205713346043896,0.6723519416648092,0.5523265755360726,0.5229014846868114,0.62078325375588,2.178234289807475,1.2295302242834947,1.1320874155409242,2.4494053081396414,0.9233010500702354,PSBPM-FD
151,180,165,train,30,False,0.44762272190119845,0.6690461283806958,0.5507557649008129,0.5192580340953646,0.6169017197697396,2.178234289807475,1.2220992361964693,1.1245112467343437,2.450018252248673,0.9220615643690188,PSBPM-FD
152,181,166,train,30,False,0.4631302111149665,0.6805367081318733,0.5710042509299429,0.5301735188900334,0.6319365005930496,2.178234289807475,1.2511035760537494,1.1510299380485178,2.445787849511285,0.9285854723807112,PSBPM-FD
153,182,167,train,30,False,0.47647567554218606,0.6902721749731667,0.5651019919336457,0.5401880315913066,0.6427509502044123,2.178234289807475,1.2684372556664127,1.1700055389923463,2.4374257952919973,0.9311558157901966,PSBPM-FD
154,183,168,train,30,False,0.45143806537247944,0.6718914089140294,0.5687643708384733,0.5241635032109632,0.6263441010598194,2.178234289807475,1.241207401686325,1.1455343094168613,2.460902955161549,0.9322103136757954,PSBPM-FD
155,184,169,train,30,False,0.48080691582456647,0.6934024198288945,0.5639242354745702,0.5417604974138716,0.6480032668236038,2.178234289807475,1.2779590578033428,1.1825038797723466,2.445253823268071,0.9345269763891313,PSBPM-FD
156,185,170,train,30,False,0.47886630563577515,0.6920016659197976,0.5615101904564282,0.5400379114956848,0.6462353757315966,2.178234289807475,1.280041446579415,1.1823895723661157,2.4582931670325845,0.933863901718547,PSBPM-FD
157,186,171,train,30,False,0.47881885531632984,0.6919673802400875,0.5661126379955805,0.5399462531008192,0.6461886458076207,2.178234289807475,1.2750362993651538,1.1784751503536544,2.4473770381852398,0.9338426409398326,PSBPM-FD
158,187,172,train,30,False,0.5281430306277307,0.7267344980305604,0.5769108059278572,0.5657541427329372,0.6726861790307033,2.178234289807475,1.3035433222124717,1.206050852209707,2.426581111686287,0.9256285216315899,PSBPM-FD
159,188,173,train,30,False,0.523191416724189,0.723319719573709,0.55724206707027,0.5613991104331514,0.6685021639330571,2.178234289807475,1.3018438131327028,1.2031806800770946,2.440905452041084,0.9242139345060869,PSBPM-FD
160,189,174,train,30,False,0.5109986859076024,0.7148417208778475,0.5480686863914636,0.5504622737051771,0.6570072334231418,2.178234289807475,1.2894985339558416,1.1892459697593707,2.4782638758273565,0.9190946949994985,PSBPM-FD
161,190,175,train,30,False,0.5126000994999103,0.7159609622737194,0.5471988508355172,0.5530324694257186,0.6593321982652092,2.178234289807475,1.2933063466116492,1.1911674962075824,2.46627922457838,0.9209052350722154,PSBPM-FD
162,191,176,train,30,False,0.5132592206497553,0.7164211196285012,0.5659310555406214,0.5536633778138432,0.6600172417979315,2.178234289807475,1.2938956149475156,1.1924868092922971,2.4648043115827507,0.9212699398646738,PSBPM-FD
163,192,177,train,30,False,0.5464226794410618,0.7392040851084779,0.5836986849868228,0.5724720206293321,0.6822542827879988,2.178234289807475,1.3272484682077368,1.2241035518235037,2.431382103647977,0.9229579442703949,PSBPM-FD
164,193,178,train,30,False,0.532628638076776,0.729814112001663,0.5674213244518104,0.5634180889646417,0.6733610145409351,2.178234289807475,1.3152068895388302,1.2154398652791916,2.4528800765057257,0.922647292601819,PSBPM-FD
165,194,179,train,30,False,0.4967347288967741,0.7047941039032422,0.5772577735177109,0.5469095762854571,0.6567207294501558,2.178234289807475,1.3056733969872265,1.202727553715375,2.481841091386975,0.9317908958278032,PSBPM-FD
166,195,180,train,30,False,0.48911657397924996,0.6993686967396024,0.5413253448219368,0.5447100184866736,0.6518307660088787,2.178234289807475,1.289138541235601,1.1894910859649408,2.464009434868637,0.9320273684648147,PSBPM-FD
167,196,181,train,30,False,0.48856463690130425,0.6989739887158207,0.5379553203236205,0.5442547304856435,0.6512046971833162,2.178234289807475,1.2878724002489974,1.1878752506646142,2.4642713805241185,0.9316579839826831,PSBPM-FD
168,197,182,train,30,False,0.4644180936476372,0.6814822768404452,0.5461999456938321,0.5303732506381754,0.6336373603060191,2.178234289807475,1.2536363159534263,1.1554511323621515,2.46481891192922,0.9297928674590786,PSBPM-FD
169,198,183,train,30,False,0.48571699299193766,0.696933994716815,0.5224907345564207,0.5343327039569555,0.6421911443267391,2.6577144610960746,1.269618988329713,1.1712398918114646,2.47139399550861,0.921451886685023,PSBPM-FD
170,199,184,train,30,False,0.5079357027313215,0.7126960801992119,0.5408315185652095,0.5505884230918305,0.6585374504051004,2.6577144610960746,1.2845127057219987,1.1876539569542959,2.417727393195539,0.924008800807529,PSBPM-FD
171,200,185,train,30,False,0.5357684715018427,0.731962069715257,0.5712342263909038,0.5693465595882999,0.6796337818103695,2.6577144610960746,1.3282227158721622,1.228414806427197,2.420540603842711,0.928509563446035,PSBPM-FD
172,201,186,train,30,False,0.5520232033789985,0.7429826400253229,0.572472257208894,0.5825761789407001,0.6945785672371992,2.6577144610960746,1.3544339418001663,1.2523046820544361,2.412137631466954,0.9348516773063851,PSBPM-FD
173,202,187,train,30,False,0.5421439210946876,0.7363042313437345,0.5649346531215013,0.5741269158905307,0.6850640550173683,2.6577144610960746,1.342254599393486,1.2410151403908443,2.423340267724943,0.930408961207714,PSBPM-FD
174,203,188,train,30,False,0.5388093595562079,0.7340363475715681,0.5596384236477273,0.5728524497871581,0.6825349289873209,2.6577144610960746,1.3254570125777427,1.228874657271512,2.397989699205413,0.9298380539946958,PSBPM-FD
175,204,189,train,30,False,0.5505026822472094,0.741958679609053,0.5579021084088709,0.581285999761659,0.6906734249998364,2.6577144610960746,1.3309971180264706,1.2367996331232733,2.368874542973003,0.9308785569619061,PSBPM-FD
176,205,190,train,30,False,0.551286078481133,0.7424864163613587,0.5551888068620104,0.5806209390050161,0.6912277494923463,2.6577144610960746,1.3354201286307925,1.2409687756072914,2.379007679020882,0.930963495439807,PSBPM-FD
177,206,191,train,30,False,0.5494711898937985,0.7412632392705026,0.5589748016322516,0.5790793497760135,0.6893263672910278,2.6577144610960746,1.328523184538748,1.2344749894179983,2.371547571365284,0.9299346450383978,PSBPM-FD
178,207,192,train,30,False,0.5521173337473235,0.7430459836021749,0.569829367026687,0.5825700807730975,0.6920506316810318,2.6577144610960746,1.335010233318877,1.2420612541526588,2.368411998876001,0.9313698572544253,PSBPM-FD
179,208,193,train,30,False,0.5277276261695224,0.7264486397327222,0.5450065980404286,0.5667165220644789,0.6753733404872437,2.6577144610960746,1.3171847835240793,1.221134102176143,2.406397813973676,0.9296917958793751,PSBPM-FD
180,209,194,train,30,False,0.5305456351929501,0.7283856363170199,0.5517778816833263,0.5692642694748281,0.6783418428673731,2.6577144610960746,1.3314843556651192,1.2319021312454723,2.4264368489261963,0.9312949199510765,PSBPM-FD
181,210,195,train,30,False,0.5819423806500448,0.7628514800733134,0.5536117324349227,0.5932193340137986,0.7060262412208398,2.6577144610960746,1.3763893616009495,1.2747708197538816,2.421099802980228,0.9255094335701984,PSBPM-FD
182,211,196,train,30,False,0.5984532767484294,0.7735976194045774,0.5554653537653244,0.603879865111874,0.715389447385063,2.6577144610960746,1.3811678619591878,1.2818616192950991,2.3934733072730685,0.9247565264428863,PSBPM-FD
183,212,197,train,30,False,0.5894617965015154,0.7677641542176318,0.554209475108476,0.5947351369934067,0.7087788166175711,2.6577144610960746,1.3850267795156834,1.2820492889773027,2.4476790076489605,0.9231725820018676,PSBPM-FD
184,213,198,train,30,False,0.5853875302917336,0.7651062215743207,0.5482450618464433,0.5913561557901468,0.7042401597757558,2.6577144610960746,1.3819288472939193,1.2756482004229948,2.472994558661342,0.920447566517857,PSBPM-FD
185,214,199,train,30,False,0.5576365454496781,0.7467506581514864,0.549213497872306,0.576311982331622,0.6846841034576496,2.6577144610960746,1.3484284020974107,1.24035077031711,2.4775416963687613,0.9168844995095459,PSBPM-FD
186,215,200,train,30,False,0.5619872611873239,0.7496580961927403,0.5538141552632072,0.578381936928716,0.6884430501586513,2.6577144610960746,1.3585155147831165,1.2508383986340257,2.4870821429100256,0.9183427133716296,PSBPM-FD
187,216,201,train,30,False,0.5564485550737145,0.7459547942561362,0.547694331095316,0.5719525724990945,0.6815924141791868,2.6577144610960746,1.350702671151736,1.2429263009937985,2.509315508230676,0.9137181226361962,PSBPM-FD
188,217,202,train,30,False,0.5062494568619668,0.7115120918592788,0.5466229222316709,0.5443184117989571,0.6542546842365428,2.6577144610960746,1.321870179103476,1.2135086418561982,2.538490597792025,0.919527147496377,PSBPM-FD
189,218,203,train,30,False,0.5015047992457866,0.708170035546398,0.562620702008252,0.5389239762374813,0.6489813079756183,2.6577144610960746,1.3165582030674436,1.2086359838214493,2.5632706334911766,0.9164201750994563,PSBPM-FD
190,219,204,train,30,False,0.5495010428806875,0.7412833755593656,0.5839735150421974,0.5637562704553482,0.6787902935771614,2.6577144610960746,1.3688643622165022,1.261504284137595,2.536398198698751,0.915696096738919,PSBPM-FD
191,220,205,train,30,False,0.5554876745241344,0.7453104551286895,0.5889157236720481,0.567211315284099,0.6851053626606267,2.6577144610960746,1.3867166292395263,1.27856615449263,2.557493791095565,0.9192214572413754,PSBPM-FD
192,221,206,train,30,False,0.5563038380382753,0.7458577867383804,0.5839352163760597,0.5658808641022126,0.6859158326901028,2.6577144610960746,1.3986590797288274,1.2887042652629417,2.5939530902946997,0.9196335345503297,PSBPM-FD
193,222,207,train,30,False,0.5192049574649145,0.7205587814085083,0.591456284500434,0.5421909210832478,0.6575266830343912,2.6577144610960746,1.3461990148628111,1.241742227429559,2.611720323967625,0.9125233082984494,PSBPM-FD
194,223,208,train,30,False,0.5219614520637237,0.7224689973028072,0.6054839928741658,0.5449632279304729,0.6595750282558331,2.6577144610960746,1.3432819578440651,1.2382568740595976,2.591429662220707,0.9129457882874198,PSBPM-FD
195,224,209,train,30,False,0.5076919558363449,0.7125250562866858,0.611400124998241,0.5353911308358754,0.6489091486781117,2.6577144610960746,1.3221050292662602,1.2190545748684136,2.6018979783298932,0.9107176554041375,PSBPM-FD
196,225,210,train,30,False,0.49326453943349186,0.7023279429394019,0.6455566081574323,0.521458773731137,0.6338912277202947,2.6577144610960746,1.3020567724320327,1.1978156746338087,2.63370266748664,0.9025573225341369,PSBPM-FD
197,226,211,train,30,False,0.5345251385187401,0.7311122612285613,0.6194543301318558,0.5466871516212674,0.6592872198437665,2.6577144610960746,1.3340352792930483,1.2308114617904486,2.5942227846110346,0.901759216479149,PSBPM-FD
198,227,212,train,30,False,0.5390875570173527,0.7342258215408612,0.6105856298119112,0.5521190913680276,0.6639131463977801,2.6577144610960746,1.3350081712370931,1.2321861722077136,2.5695002756293492,0.9042356274047656,PSBPM-FD
199,228,213,train,30,False,0.4931043106584845,0.7022138639036433,0.6685544886005419,0.534096535490155,0.6418585434458961,2.4840130550260557,1.2960439204334413,1.1940918826641953,2.5762324675601826,0.9140499446675278,PSBPM-FD
200,229,214,train,30,False,0.46705515699512384,0.6834143377155061,0.6487661185633097,0.514545710872562,0.620087614652127,2.4840130550260557,1.2625242565231587,1.1611409521629892,2.6001620904980416,0.9073377311996915,PSBPM-FD
201,230,215,train,30,False,0.4482106743813095,0.6694853802595764,0.6117961618896571,0.5025291521319115,0.6082991613977661,2.4840130550260557,1.2467534877214226,1.1454531240854267,2.6236752459652957,0.9086070873749523,PSBPM-FD
202,231,216,train,30,False,0.4734402530165334,0.6880699477644213,0.6015935624738592,0.5139925545445044,0.6213818152750694,2.4840130550260557,1.2788757832534274,1.1763096009575418,2.6309761768921147,0.903079428616196,PSBPM-FD
203,232,217,train,30,False,0.4979346666688137,0.7056448587418559,0.6131539381449896,0.5287197920031169,0.6400414826850173,2.4840130550260557,1.3201992067591461,1.2132034370045706,2.642652234480693,0.9070306043555569,PSBPM-FD
204,233,218,train,30,False,0.4955021018180829,0.7039191017567877,0.615771844538233,0.527432737492843,0.637981360192494,2.4840130550260557,1.3216892882423947,1.2150516894387382,2.653520069759678,0.9063276711773677,PSBPM-FD
205,234,219,train,30,False,0.48388247927157174,0.695616618024305,0.6040176552195716,0.5197203891056911,0.6299045643908835,2.4840130550260557,1.3074575965806958,1.1998720491297425,2.659990199112836,0.905534094599325,PSBPM-FD
206,235,220,train,30,False,0.4894041280261395,0.699574247686505,0.6102719571303684,0.5223311663319056,0.6334956316676177,2.4840130550260557,1.307875576757545,1.2026495828229957,2.650671107751077,0.9055445276360448,PSBPM-FD
207,236,221,train,30,False,0.5245173975708624,0.7242357334258386,0.5940697729871826,0.5432272828836561,0.6558765193482193,2.4840130550260557,1.3381366088246014,1.2341058288820619,2.6295807933905544,0.9056119286544162,PSBPM-FD
208,237,222,train,30,False,0.5207509633694893,0.7216307666455812,0.6036130234724799,0.5387089738463612,0.6518343583205303,2.4840130550260557,1.331579240732917,1.2278661444976633,2.6395259731611085,0.9032796111930044,PSBPM-FD
209,238,223,train,30,False,0.5225430288211899,0.7228713777852805,0.5990442777810265,0.5414317669042469,0.6535997765573769,2.4840130550260557,1.3277012453326442,1.2260599696107752,2.6121077933741828,0.9041716087305369,PSBPM-FD
210,239,224,train,30,False,0.5269113072354064,0.7258865663692959,0.562299311633644,0.5451826388768117,0.6573913386392752,2.4840130550260557,1.329380292026219,1.2304085187189207,2.5969538897343725,0.9056392129246628,PSBPM-FD
211,240,225,train,30,False,0.47464481130389197,0.6889447084519134,0.5805969371215548,0.5213976722320938,0.6288370999359452,2.4840130550260557,1.2802134665756002,1.183356586265449,2.591577799403068,0.9127540892925465,PSBPM-FD
212,241,226,train,30,False,0.4525768724495072,0.6727383387688761,0.5348017538400204,0.5106295208108093,0.6153875112344059,2.4840130550260557,1.2633870634839819,1.1668312226194089,2.598419485726828,0.9147501722000514,PSBPM-FD
213,242,227,train,30,False,0.4835698634439774,0.6953918776085736,0.5550976119015884,0.5252824251282104,0.6335477270973034,2.764557910505667,1.3041423513537767,1.2063110865897564,2.582994310195104,0.9110657565861283,PSBPM-FD
214,243,228,train,30,False,0.48657054581065207,0.6975460886641485,0.5589467537890349,0.5296130797187538,0.6370146087079299,2.764557910505667,1.3029440325770723,1.2074335174945008,2.5399755217395534,0.9132222501997814,PSBPM-FD
215,244,229,train,30,False,0.49698162668823553,0.7049692381148525,0.5675006168052317,0.5361230529892899,0.6463687564249713,2.764557910505667,1.3238491620100674,1.2286234944231504,2.54880544801138,0.9168751223151469,PSBPM-FD
216,245,230,train,30,False,0.49672382677797494,0.704786369602857,0.5708434976672211,0.5388383160369259,0.6461648136431279,2.764557910505667,1.3093185009597825,1.2167034964350416,2.510992580655291,0.916823652544867,PSBPM-FD
217,246,231,train,30,False,0.4990424075658126,0.7064293365693505,0.5703414133396629,0.5414056201740494,0.6494673848613338,2.764557910505667,1.3125670210300129,1.22142472825006,2.499324953367188,0.9193663842095768,PSBPM-FD
218,247,232,train,30,False,0.5249357056552691,0.7245244686380641,0.5727438026029301,0.557610395844211,0.6664424121825422,2.764557910505667,1.3337571251508737,1.2444274935269382,2.480471987671002,0.919834237531408,PSBPM-FD
219,248,233,train,30,False,0.5275496825601065,0.7263261543962922,0.5686549107125342,0.561042576806104,0.6695714002839495,2.764557910505667,1.3397272086607261,1.2477473586868295,2.469026449945865,0.9218605116051257,PSBPM-FD
220,249,234,train,30,False,0.4829513671514941,0.6949470247087142,0.5550646010057686,0.5399773993332765,0.643819329586344,2.764557910505667,1.2912962035907223,1.1985049415547135,2.475111912753613,0.9264293632398811,PSBPM-FD
221,250,235,train,30,False,0.47648544697506195,0.6902792528933939,0.5571897339241199,0.5360512560618687,0.63685577120398,2.764557910505667,1.2686288929561589,1.1796214290577107,2.442156026846723,0.9226059866851241,PSBPM-FD
222,251,236,train,30,False,0.47587795813966144,0.6898390813368445,0.5538300662214495,0.5365685813440687,0.636256288180895,2.764557910505667,1.262136220192408,1.1735130139144963,2.422662956412432,0.9223256631791418,PSBPM-FD
223,252,237,train,30,False,0.5006890934592962,0.7075938760753206,0.5588548796864773,0.5576139823470013,0.658412720466823,2.764557910505667,1.288103811637001,1.1993302544152884,2.3797747826015523,0.9304952215227164,PSBPM-FD
224,253,238,train,30,False,0.4896530391221734,0.6997521269150766,0.5425987955520399,0.5504235277968278,0.648456786683487,2.764557910505667,1.2621945858976744,1.1766545770365018,2.358080968916367,0.9266949848973952,PSBPM-FD
225,254,239,train,30,False,0.48980851105489653,0.6998632088164776,0.5278351270319094,0.5516871427727744,0.6486088450051092,2.764557910505667,1.2570585783533903,1.172113226554339,2.3376682555902977,0.9267651690134654,PSBPM-FD
226,255,240,train,30,False,0.5410825576274159,0.7355831412066319,0.5700774105335843,0.5836574196694609,0.682313405498684,2.764557910505667,1.2960615659762524,1.2131648567582076,2.2925402298431874,0.9275816250756296,PSBPM-FD
227,256,241,train,30,False,0.5075186835984035,0.7124034556333956,0.5791410149716213,0.5659054133119417,0.6640627381777189,2.764557910505667,1.2722459828731816,1.1886649680931283,2.306960175761285,0.9321441844878516,PSBPM-FD
228,257,242,train,30,False,0.5008392197447861,0.7076999503637018,0.5780543247961901,0.5581843594370874,0.6566672880470993,2.764557910505667,1.2645404756641923,1.1811705278655447,2.3280141089451267,0.9278894080883067,PSBPM-FD
229,258,243,train,30,False,0.4953120089146449,0.7037840641238227,0.559100437161938,0.5542613111932345,0.6524002362507212,2.764557910505667,1.262634054899967,1.177895277554324,2.3458897458071086,0.9269892137482938,PSBPM-FD
230,259,244,train,30,False,0.49744155373250526,0.7052953663058515,0.5623890609036067,0.5570374463469446,0.655713287102074,2.764557910505667,1.2672578456534498,1.181154794988499,2.3365461931314155,0.9297002623688353,PSBPM-FD
231,260,245,train,30,False,0.500787346137365,0.7076632999791391,0.5562076131922961,0.5609803645017782,0.658246270108067,2.764557910505667,1.258454392576117,1.1726736954051222,2.303096914906233,0.930168725900398,PSBPM-FD
232,261,246,train,30,False,0.5019949445776202,0.7085160157523753,0.558058972711773,0.5617467906821967,0.6587631195659537,2.764557910505667,1.2518227814427658,1.166984170213353,2.2949565206587645,0.9297787275371766,PSBPM-FD
233,262,247,train,30,False,0.49265689255984685,0.7018952148005049,0.5111977306172578,0.5575722166073487,0.653297524327512,2.764557910505667,1.2400988765718945,1.1584403341291971,2.293276331225284,0.9307621857960586,PSBPM-FD
234,263,248,train,30,False,0.511251802922856,0.7150187430570306,0.49087237476106793,0.569707373382262,0.665754757769717,2.764557910505667,1.2521839534611208,1.1697123022630829,2.263691802256811,0.9311011273960628,PSBPM-FD
235,264,249,train,30,False,0.5070636706667419,0.7120840334305649,0.49385763210712486,0.5665602928716547,0.6618768644667219,2.764557910505667,1.2472613142545865,1.164755183338563,2.270818487389589,0.9294926348482174,PSBPM-FD
236,265,250,train,30,False,0.4892601541869908,0.6994713390747264,0.4751782575542207,0.555064564486519,0.6470455253058999,2.764557910505667,1.2289085414506398,1.1434964272492072,2.2941605217600074,0.9250493753780157,PSBPM-FD
237,266,251,train,30,False,0.46678413450191036,0.683216023305887,0.4876169284307423,0.5414370050857353,0.6351032391228313,2.764557910505667,1.2277400619816183,1.1410179648848888,2.334346523015522,0.9295789581306193,PSBPM-FD
238,267,252,train,30,False,0.47370312240277757,0.6882609406342755,0.5025205596452419,0.5455103414026394,0.6419198387572574,2.764557910505667,1.2419194169395478,1.1540168449593655,2.343252893587576,0.9326692840736948,PSBPM-FD
239,268,253,train,30,False,0.48851282169038973,0.6989369225405034,0.49417456951917005,0.5557137326415,0.6525887083299122,2.764557910505667,1.25655524759102,1.1680792347443658,2.3311655853079705,0.9336875578956051,PSBPM-FD
240,269,254,train,30,False,0.5056771138496196,0.7111097762298164,0.511762254623917,0.56386048375249,0.6633855155605928,2.764557910505667,1.2796728626601868,1.1901762818349866,2.337125945323015,0.9328876324521235,PSBPM-FD
241,270,255,train,30,False,0.5983778750984374,0.7735488834575598,0.5158629979004004,0.6008662849830863,0.7050643770503263,2.764557910505667,1.3446865247653845,1.2536226383796338,2.3358911706386603,0.9114671252563564,PSBPM-FD
242,271,256,train,30,False,0.6105305803973894,0.7813645630545254,0.5101595631957944,0.6075812127724737,0.7132583816989618,2.764557910505667,1.3595342047431787,1.2692702956871618,2.3366271279678443,0.9128368695281988,PSBPM-FD
243,272,257,train,30,False,0.5744383559227011,0.757917116789627,0.4880558060559945,0.5905444221921912,0.6900516142685137,2.7309185934545805,1.2978176785442084,1.211619773249701,2.316953603154731,0.9104578838269587,PSBPM-FD
244,273,258,train,30,False,0.5813376067318469,0.7624549866922289,0.48886793496877257,0.596101688829261,0.6960531526485598,2.7309185934545805,1.3046282834035732,1.2192218784741577,2.305280875024018,0.9129104862547477,PSBPM-FD
245,274,259,train,30,False,0.5722215378777881,0.7564532621899307,0.485056606181744,0.5908413178239422,0.6881761796824001,2.7309185934545805,1.2884592999655795,1.2025370142825385,2.300692612576237,0.9097405141596341,PSBPM-FD
246,275,260,train,30,False,0.5652577979455646,0.7518362840044132,0.4815706578042681,0.5824138351344376,0.6816132619838392,2.7309185934545805,1.2933133123290523,1.2046098037964756,2.357865335647577,0.9065979874680247,PSBPM-FD
247,276,261,train,30,False,0.572599458845298,0.7567030189217551,0.4890239985054712,0.5891482868354208,0.6888281149546082,2.7309185934545805,1.3144047636466978,1.2211675658293588,2.3675010487523465,0.9103017930814343,PSBPM-FD
248,277,262,train,30,False,0.5433927322994104,0.7371517701934999,0.4874182966110893,0.5700478584917511,0.6681977589154272,2.7309185934545805,1.2848694208661329,1.1931285980274262,2.381869285048425,0.9064588676766353,PSBPM-FD
249,278,263,train,30,False,0.5428243585877796,0.7367661491869585,0.49081642655050717,0.5696666747224278,0.6675735495739004,2.7309185934545805,1.279848135280509,1.1902560886332436,2.3711535085562088,0.9060860767159102,PSBPM-FD
250,279,264,train,30,False,0.539050541463551,0.7342006139084541,0.489776209767026,0.5657757237298856,0.6629794522797009,2.7309185934545805,1.2722518771759974,1.1846014087165055,2.3800915565455747,0.902994957672926,PSBPM-FD
251,280,265,train,30,False,0.5532259316216221,0.7437915915238772,0.49571469035356563,0.5755607707565329,0.6758123187880362,2.7309185934545805,1.3012372845404323,1.211229496329275,2.391882934798039,0.9086044081292108,PSBPM-FD
252,281,266,train,30,False,0.5554494025993899,0.7452847795302074,0.5006691446961768,0.577147805889702,0.6779131159219778,2.7309185934545805,1.3068586353842258,1.2161006200241105,2.3957471664824213,0.9096027914984423,PSBPM-FD
253,282,267,train,30,False,0.5539834537406138,0.744300647413808,0.5006698284276846,0.575260189280392,0.6770799606867538,2.7309185934545805,1.318097969244899,1.2257517420767123,2.4147184600414664,0.9096861100945925,PSBPM-FD
254,283,268,train,30,False,0.5619256398906036,0.74961699546542,0.5083280883771228,0.5802897463125872,0.6847232198092931,2.7309185934545805,1.338702598182902,1.243372943898687,2.4367219808544847,0.9134307572417887,PSBPM-FD
255,284,269,train,30,False,0.5860747311539707,0.7655551783862289,0.5385556641616966,0.5942340072624341,0.7007417920538033,2.7309185934545805,1.3709993224494854,1.2708086151182838,2.436198451626526,0.9153380603223786,PSBPM-FD
256,285,270,train,30,False,0.5661962898229091,0.7524601582960451,0.525676461371571,0.5841291660725656,0.6919834836924103,2.7309185934545805,1.3721332787974656,1.2697607814572778,2.4552169053384065,0.9196280707531612,PSBPM-FD
257,286,271,train,30,False,0.5905603186368952,0.7684792245967975,0.5386222977516835,0.5946919744913194,0.7061718725926498,2.7309185934545805,1.4042079902899312,1.3008000730687086,2.464846196741499,0.9189212277835631,PSBPM-FD
258,287,272,train,30,False,0.6047472257473766,0.7776549528855176,0.547478428117427,0.6058674424876889,0.7193489584344437,2.7309185934545805,1.43377224785164,1.3266899873843114,2.469571920408643,0.9250233098436172,PSBPM-FD
259,288,273,train,30,False,0.6210944283735607,0.7880954436954706,0.5731005391271545,0.6176350073522335,0.7302814487172695,2.7309185934545805,1.4390563748476959,1.3343931259296378,2.4309483969356918,0.9266408714316319,PSBPM-FD
260,289,274,train,30,False,0.637447004435785,0.7984027833341921,0.5730022690784975,0.6309316860895353,0.7443333837738202,2.7309185934545805,1.4631113551385229,1.3579993280023719,2.4193074968340444,0.9322780422500859,PSBPM-FD
261,290,275,train,30,False,0.6377766587120841,0.7986092027469281,0.5803631305805856,0.6287133521753672,0.7445681929846019,2.7309185934545805,1.4698571574313404,1.366058506424413,2.4396180153675715,0.9323310956392129,PSBPM-FD
262,291,276,train,30,False,0.6019926859866372,0.7758818763102004,0.5991090400531242,0.610875891101818,0.7239105125739961,2.7309185934545805,1.4287387606100712,1.327618426155966,2.433420977325123,0.9330163967956561,PSBPM-FD
263,292,277,train,30,False,0.6009518313443045,0.7752108302547794,0.6181811327413167,0.6097534108110931,0.7232275634245678,2.7309185934545805,1.4326345194365517,1.3278766704971083,2.4445394354714187,0.9329430590989978,PSBPM-FD
264,293,278,train,30,False,0.5815143976241177,0.762570913177337,0.624151881469692,0.5971267076816121,0.7100015477334202,2.7309185934545805,1.4131844385429446,1.3091578129740369,2.4606383928181446,0.9310629811136112,PSBPM-FD
265,294,279,train,30,False,0.5814510055399437,0.7625293473302805,0.6231550753804761,0.5962201252864212,0.7099356301903507,2.7309185934545805,1.4212026224414125,1.3167334129616632,2.48946951075631,0.9310272879016819,PSBPM-FD
266,295,280,train,30,False,0.6128651219535589,0.7828570252310181,0.6050521019827322,0.6175250041960613,0.7320674147883063,2.7309185934545805,1.444274063220332,1.3422891710160938,2.4480844229685803,0.9351227506354383,PSBPM-FD
267,296,281,train,30,False,0.6116160049137872,0.7820588244587405,0.6049013537167232,0.6177522987043866,0.7312339934241333,2.7309185934545805,1.4403223671038146,1.3387180416142386,2.4402963620574334,0.9350114985662583,PSBPM-FD
268,297,282,train,30,False,0.6443380481683385,0.8027067012105595,0.590719228336732,0.6373506049546985,0.7496882284482125,2.7309185934545805,1.4729125044391265,1.3688492284877278,2.4198608191989233,0.9339503797808215,PSBPM-FD
269,298,283,train,30,False,0.629099025794994,0.7931576298536086,0.5940608978530099,0.6267114880490217,0.7386127483335014,2.7309185934545805,1.4592911909411406,1.3548755846772635,2.436545934857149,0.931230716988533,PSBPM-FD
270,299,284,train,30,False,0.6528294110655618,0.8079785956729063,0.6034340544676442,0.6368504860027725,0.7492420691597862,2.7309185934545805,1.4703909472328507,1.365166715869665,2.424329093722247,0.9273043533236139,PSBPM-FD
271,300,285,train,30,False,0.55848965674814,0.7473216554791785,0.5915603492010905,0.5981601579592197,0.7057824251125521,2.2835824168810372,1.4037374793787782,1.3003613716691445,2.429254109549302,0.9444158615476067,PSBPM-FD
272,301,286,train,30,False,0.5393071590000313,0.7343753529361068,0.6118840078238514,0.5845609136037269,0.6907843893685256,2.2835824168810372,1.3732244371147504,1.2701953401000234,2.4256710855986685,0.9406421206903253,PSBPM-FD
273,302,287,train,30,False,0.5400014353940391,0.7348478994962421,0.6268154605368818,0.5840228597497606,0.6915709797286024,2.2835824168810372,1.3789499163667223,1.2759834482476446,2.447259127249658,0.9411076498996497,PSBPM-FD
274,303,288,train,30,False,0.5390294632803929,0.7341862592560507,0.6373406922941036,0.5826236068023836,0.6908274964206861,2.2835824168810372,1.3810303482423596,1.27783756830826,2.456716711222188,0.9409431022595002,PSBPM-FD
275,304,289,train,30,False,0.5606199821880893,0.7487456057888349,0.6388714752114376,0.5934086250853965,0.7063855546927605,2.2835824168810372,1.4150178954350114,1.310701505049878,2.4651107827895187,0.9434253092524714,PSBPM-FD
276,305,290,train,30,False,0.5719543609682315,0.7562766431460326,0.6501390811791519,0.6022888537315727,0.7161746400480342,2.2835824168810372,1.4316612660889483,1.3264549178587497,2.4424366730951803,0.9469744260100666,PSBPM-FD
277,306,291,train,30,False,0.5657470071643573,0.7521615565584014,0.6462507279926655,0.5963444535367591,0.710307639961551,2.2835824168810372,1.4158010698834504,1.313739414904269,2.442475383796639,0.9443551505233029,PSBPM-FD
278,307,292,train,30,False,0.5992430380731547,0.7741078982113248,0.6789533276814669,0.617788533167912,0.7329844013744611,2.2835824168810372,1.4487232995796473,1.346590475982712,2.427261366462964,0.946876272762641,PSBPM-FD
279,308,293,train,30,False,0.596890360017294,0.7725867977239153,0.6733005090748255,0.615638297862644,0.730058336285459,2.2835824168810372,1.4442564251364527,1.3423931823188395,2.4292124451094597,0.9449531605202839,PSBPM-FD
280,309,294,train,30,False,0.6116394171963695,0.7820737926796739,0.6807739661784389,0.6273443027358954,0.743593530143093,2.2835824168810372,1.4720122980191035,1.3664192289909707,2.4200664835858245,0.9507971461302478,PSBPM-FD
281,310,295,train,30,False,0.6079406676119187,0.7797055005653857,0.6637416935644314,0.6273849613342691,0.7409720858943037,2.2835824168810372,1.4612796443293514,1.35727745430362,2.40192707872501,0.9503230198542972,PSBPM-FD
282,311,296,train,30,False,0.6091474674933741,0.7804789987522881,0.6587057804226815,0.6295687517992358,0.7420189078104568,2.2835824168810372,1.4562068778825377,1.355027069701049,2.3817497164210275,0.9507224524896691,PSBPM-FD
283,312,297,train,30,False,0.586470318091478,0.7658135008547956,0.6461328015429033,0.6117711181237245,0.7220436636127608,2.2835824168810372,1.4208518047112,1.3198690603669638,2.396151484770093,0.9428453047730562,PSBPM-FD
284,313,298,train,30,False,0.5979746320382465,0.7732881946843922,0.6333482240978934,0.620747738485901,0.7297198876973104,2.2835824168810372,1.4257587012610091,1.3279676534209692,2.3731511977470303,0.943658383398878,PSBPM-FD
285,314,299,train,30,False,0.6855895965516424,0.8280033795532735,0.6487134553721662,0.6435862475442793,0.7599757497104535,3.780337091579711,1.4854345632699988,1.3868704737450679,2.3773153837382224,0.9178413620974318,PSBPM-FD
286,315,300,train,30,False,0.654568322701963,0.8090539677314258,0.6169974378709511,0.622554024229601,0.7357340817164204,3.780337091579711,1.444014449826321,1.3463747627142229,2.387626825373402,0.9093757784532059,PSBPM-FD
287,316,301,train,30,False,0.6300002417950819,0.793725545635947,0.6129991632446706,0.6115786415451087,0.7213871160660793,3.780337091579711,1.411175627921952,1.3161517918495877,2.3782820001374265,0.9088621627871271,PSBPM-FD
288,317,302,train,30,False,0.621832542571522,0.7885635945004829,0.6022210084646318,0.6054074488064697,0.7150091285645536,3.780337091579711,1.3979155595366266,1.3044229633206232,2.383757080052239,0.9067234824827001,PSBPM-FD
289,318,303,train,30,False,0.5985653796570455,0.7736700715789938,0.5714455177084278,0.5877689074902215,0.6967803591903323,3.780337091579711,1.368771105623211,1.274512515506727,2.402730462372833,0.9006169228806585,PSBPM-FD
290,319,304,train,30,False,0.5873871823809509,0.7664118882043459,0.5642898698096376,0.5792025987278646,0.6884001148467002,3.780337091579711,1.3616485692585931,1.2675176243271242,2.4263907475462774,0.8982116867466365,PSBPM-FD
291,320,305,train,30,False,0.6158468492100825,0.7847591026614998,0.5712951310763736,0.5946455239747237,0.703635290775402,3.780337091579711,1.3923303698977378,1.2949448701796245,2.4170817785261036,0.8966258414703728,PSBPM-FD
292,321,306,train,30,False,0.6259269585801087,0.7911554579095746,0.5485335730216825,0.5996876790099249,0.7111665162759706,3.780337091579711,1.403679642566666,1.3075131131826851,2.4194427418378757,0.8988960502845367,PSBPM-FD
293,322,307,train,30,False,0.6393991722850897,0.7996243945035004,0.5535058199414693,0.6091643057847757,0.7189254905450237,3.780337091579711,1.4016017156454255,1.3095825151475324,2.386817149653245,0.8990789869428834,PSBPM-FD
294,323,308,train,30,False,0.6325411645324596,0.795324565528099,0.5509975391045844,0.6025088782937016,0.7105906292363181,3.780337091579711,1.3828311626125773,1.2920597172730646,2.380112916939497,0.8934599282300337,PSBPM-FD
295,324,309,train,30,False,0.628165999200153,0.7925692393729099,0.5531506014126105,0.599247264282481,0.7050838622033804,3.780337091579711,1.3620417329392789,1.2733193877025626,2.344879548108539,0.8896180007708235,PSBPM-FD
296,325,310,train,30,False,0.5986763222097434,0.7737417671353559,0.5722186685803695,0.579157840405129,0.6852835906691819,3.780337091579711,1.3431046823158985,1.2548253941097038,2.3878719775456787,0.8856748075088734,PSBPM-FD
297,326,311,train,30,False,0.5971784997599597,0.7727732524874031,0.5626844377279002,0.5783294153925839,0.684245333728539,3.780337091579711,1.3318666601306293,1.243602048466481,2.3722429517448016,0.8854412746896836,PSBPM-FD
298,327,312,train,30,False,0.5676461151917908,0.7534229324833368,0.5930593868422644,0.5642859422696161,0.6682570194210715,3.780337091579711,1.2965765126963755,1.2089503118057139,2.363792141540363,0.8869613474844039,PSBPM-FD
299,328,313,train,30,False,0.5673445437045053,0.7532227716316768,0.6053275518876869,0.5631904183394211,0.6679656229211542,3.780337091579711,1.295638028145402,1.2088882350217312,2.368122648496509,0.8868101816334716,PSBPM-FD
300,329,314,train,30,False,0.5288742559958524,0.72723741377617,0.616178046891531,0.545369531923008,0.6483748832647961,3.780337091579711,1.2638609663311418,1.1779537673153746,2.3768141383519654,0.8915587550675075,PSBPM-FD
301,330,315,train,30,False,0.5834999618708953,0.7638716920209148,0.6085474204452452,0.5706422956136655,0.6789771391871839,3.780337091579711,1.3387505698791051,1.2493182753035124,2.3999789750123623,0.8888628107043316,PSBPM-FD
302,331,316,train,30,False,0.6137603490628775,0.7834285858091199,0.5954400636600244,0.5893958214009971,0.6997948267868145,3.780337091579711,1.3803738166152602,1.2873057591155914,2.4035975333221544,0.8932464802315976,PSBPM-FD
303,332,317,train,30,False,0.6163825796872241,0.7851003628118026,0.5849830033025966,0.594362293007522,0.7024542351031309,3.780337091579711,1.3709377863897174,1.2815380333514172,2.349986236021566,0.8947317672702655,PSBPM-FD
304,333,318,train,30,False,0.6101802261184645,0.7811403370191968,0.5674763021351541,0.589967602108009,0.6969099259669832,3.780337091579711,1.3634138063358494,1.2723636284851283,2.35712208381312,0.8921699378966476,PSBPM-FD
305,334,319,train,30,False,0.6147924299967277,0.7840870040988612,0.5712201879042036,0.5965869674256893,0.6993042466197354,3.780337091579711,1.349653296168386,1.2610267207515657,2.3213271474185144,0.8918707273097004,PSBPM-FD
306,335,320,train,30,False,0.6326499252183362,0.7953929376216111,0.5745644801455152,0.6057814982332971,0.7094706349604224,3.780337091579711,1.3569711938851117,1.2692157292749082,2.301061801261538,0.8919750244223765,PSBPM-FD
307,336,321,train,30,False,0.635777894599956,0.7973568176167781,0.5800891063516247,0.6061273538824327,0.7126691120467946,3.780337091579711,1.374240091011675,1.2822027107884422,2.3468919237410457,0.8937894507215642,PSBPM-FD
308,337,322,train,30,False,0.6156653577423837,0.7846434589942006,0.5715017150743652,0.5924987979720024,0.7016617548906542,3.780337091579711,1.3739076024494163,1.277299891952879,2.3887569604310546,0.8942427886802027,PSBPM-FD
309,338,323,train,30,False,0.6422007499578674,0.8013742883059497,0.5804201419779219,0.6104921686714869,0.7217712596388827,3.780337091579711,1.4017356858158407,1.3063073229956828,2.370319448963705,0.9006668546412409,PSBPM-FD
310,339,324,train,30,False,0.6335368160878425,0.7959502598076356,0.5900593262628644,0.6049671317927133,0.7150811400682605,3.780337091579711,1.3852618852908676,1.2923087487555345,2.365675806161979,0.8983992796749393,PSBPM-FD
311,340,325,train,30,False,0.6404671170438091,0.800291894900735,0.5838230260141961,0.6074096086715433,0.7197846823139104,3.780337091579711,1.4000965302856625,1.3062392838623482,2.380315149602973,0.8994026890690796,PSBPM-FD
312,341,326,train,30,False,0.6805137863763208,0.8249325950502385,0.6117623321520168,0.6259342556005953,0.7415739743736045,3.780337091579711,1.44221115009128,1.345607629683387,2.3861709132255498,0.898950991660649,PSBPM-FD
313,342,327,train,30,False,0.7429974990423208,0.8619730268647162,0.6229304764971745,0.658329249224903,0.7791442769487785,3.780337091579711,1.5042018572508946,1.4054704435974907,2.3676261714285345,0.9039079561257113,PSBPM-FD
314,343,328,train,30,False,0.7440120139439441,0.8625613102521722,0.6499438153170047,0.6547461096931404,0.7797251919337088,3.780337091579711,1.522364189105953,1.418181345336327,2.404652479746889,0.9039649502778578,PSBPM-FD
315,344,329,train,30,False,0.6415084391823042,0.8009422196277982,0.6159042815689882,0.62469033445632,0.7408628544288511,2.9780026642712936,1.4390363510948097,1.3411975294109526,2.3897796973212326,0.9249891393827805,PSBPM-FD
316,345,330,train,30,False,0.6595330302332516,0.8121163895854162,0.6348449509274228,0.6391450717978321,0.757839628169361,2.9780026642712936,1.4650288787218813,1.3676128543796728,2.3768788869062094,0.9331662775039382,PSBPM-FD
317,346,331,train,30,False,0.6510895880892498,0.8069012257328959,0.6284237034745124,0.6320424961746774,0.7497051309634732,2.9780026642712936,1.4485483678013764,1.3504060637942303,2.3752263022648155,0.929116361525573,PSBPM-FD
318,347,332,train,30,False,0.68288214452323,0.8263668341137791,0.6289895598521286,0.6492271614922516,0.7688244695949287,2.9780026642712936,1.4849625614992275,1.3837327544359534,2.364779617056743,0.9303670450659354,PSBPM-FD
319,348,333,train,30,False,0.6949995158730479,0.8336663096665523,0.6374563824665805,0.6586458499045719,0.7801549484503342,2.9780026642712936,1.5070714763029782,1.4069099268171503,2.36180121748592,0.9358120142367017,PSBPM-FD
320,349,334,train,30,False,0.7034259668005236,0.8387049342888854,0.6626051704966768,0.6628614419722612,0.7867382804324844,2.9780026642712936,1.5176289241155785,1.417112357860152,2.3597159899299442,0.9380394084595887,PSBPM-FD
321,350,335,train,30,False,0.6977695821817066,0.8353260334634056,0.6399813197916673,0.6596534445677524,0.7842239389671835,2.9780026642712936,1.5050951811901592,1.408455791540727,2.3541522493260554,0.9388237736535707,PSBPM-FD
322,351,336,train,30,False,0.7074827487823715,0.8411199372160736,0.6532637566651927,0.6622836812144409,0.7898301712614241,2.9780026642712936,1.5364342790600574,1.4333190012212802,2.389662029661773,0.939022054185985,PSBPM-FD
323,352,337,train,30,False,0.6879888646910524,0.8294509417024327,0.6301883018391724,0.6496734709831158,0.7776818744864451,2.9780026642712936,1.522499083744553,1.4170661981459616,2.408281501005156,0.9375863422256987,PSBPM-FD
324,353,338,train,30,False,0.7187909210599975,0.8478153814716961,0.6358828780096684,0.6720008892492279,0.801570257471387,2.9780026642712936,1.5498236217408925,1.4457136205874455,2.3798394642723375,0.9454537803737015,PSBPM-FD
325,354,339,train,30,False,0.7353021707548848,0.8574976214281208,0.6441152323907944,0.6828922058148607,0.8167797463968806,2.9780026642712936,1.589575617228476,1.4831966452453564,2.40166001464771,0.9525154659164808,PSBPM-FD
326,355,340,train,30,False,0.7423159083471523,0.8615775695473695,0.6304007501317981,0.6880792686093511,0.8232224625737753,2.9780026642712936,1.5965378151305516,1.490639498561954,2.384861208106838,0.9554827001894396,PSBPM-FD
327,356,341,train,30,False,0.7314644092089628,0.8552569258468258,0.6310954319413266,0.6809302012508075,0.8135431783466983,2.9780026642712936,1.5744703183091469,1.471182859241084,2.3695949054316983,0.9512266475260345,PSBPM-FD
328,357,342,train,30,False,0.7308292287845981,0.8548855062431449,0.6244077940535613,0.6787812076143511,0.8130738542232694,2.9780026642712936,1.582579064315258,1.4812869761635534,2.391382075416758,0.9510909335641683,PSBPM-FD
329,358,343,train,30,False,0.7265004036833784,0.8523499303005653,0.6182820508476667,0.6752896298737239,0.8081453275812616,2.9780026642712936,1.5732553231454045,1.4715579401914007,2.3906214057187425,0.9481379640592968,PSBPM-FD
330,359,344,train,30,False,0.7813631536514795,0.8839474835370479,0.6480989521258472,0.6989590414357739,0.8337374217973333,2.9780026642712936,1.610293564331099,1.5079609811190253,2.3766279112043667,0.9431979131398136,PSBPM-FD
331,360,345,train,30,False,0.74308819628232,0.8620256355134226,0.6498677123001905,0.6826172677290984,0.8161414433208621,2.4414177980240566,1.573821607492509,1.4674243108332723,2.3862494764192577,0.9467716616510693,PSBPM-FD
332,361,346,train,30,False,0.7323149770877951,0.8557540400651318,0.6519127839062069,0.6761120402272414,0.8104974736845312,2.4414177980240566,1.5717959841654066,1.4659661311059422,2.4027189196023904,0.9471149836731636,PSBPM-FD
333,362,347,train,30,False,0.7637855887599819,0.8739482757920986,0.6739082659888332,0.6907795430562458,0.8296740207145279,2.4414177980240566,1.6102842104113662,1.5032583411864122,2.417916234379573,0.9493399594644856,PSBPM-FD
334,363,348,train,30,False,0.7765717283261087,0.8812330726465665,0.6840791123142108,0.699226486464426,0.8398426009709515,2.4414177980240566,1.6292614659123752,1.5215949346616464,2.4137487723861017,0.9530311866855963,PSBPM-FD
335,364,349,train,30,False,0.7613312705255357,0.8725429906460401,0.6689815000390955,0.6897080941380835,0.8310561816844346,2.4414177980240566,1.6207453489949586,1.5140030180393884,2.4271370045425167,0.9524529915358231,PSBPM-FD
336,365,350,train,30,False,0.7339191029281155,0.8566907860646777,0.6448161668347214,0.6742277263602773,0.8130307895519969,2.4414177980240566,1.5937029618900096,1.4871158248684762,2.441158074368973,0.9490364584014742,PSBPM-FD
337,366,351,train,30,False,0.7415750626675355,0.8611475266570389,0.6475362868928417,0.6834146772540318,0.819123015405215,2.4414177980240566,1.5924430824717521,1.4888415366602972,2.3803687890355776,0.9511994055014448,PSBPM-FD
338,367,352,train,30,False,0.7953277719721294,0.8918115114597531,0.6589252843583326,0.7068137046866111,0.8433083789442656,2.870811700074291,1.6306798607702047,1.5302366172643962,2.3546976850890493,0.9456127983411028,PSBPM-FD
339,368,353,train,30,False,0.7869076967488572,0.8870781796148844,0.6410075982807054,0.7007676021646569,0.8385806505326371,2.870811700074291,1.6405842906303956,1.5372685777743578,2.386424597234092,0.9453289121559701,PSBPM-FD
340,369,354,train,30,False,0.7812603868229959,0.8838893521380354,0.6388149414942101,0.6947694086025499,0.8323589512675597,2.870811700074291,1.6300082904407909,1.5270538395381716,2.4008526209565013,0.9417003941207922,PSBPM-FD
341,370,355,train,30,False,0.7735992713166594,0.8795449228530965,0.6435147982532357,0.6886522094262855,0.8270999315277441,2.870811700074291,1.6216064028254558,1.517856037569593,2.4149000623639796,0.9403725836365132,PSBPM-FD
342,371,356,train,30,False,0.7414905908318012,0.8610984791716922,0.6116327721355226,0.6742202770326411,0.8111499449052443,2.870811700074291,1.589681384019349,1.4885820981641946,2.412565708666774,0.9419943996248902,PSBPM-FD
343,372,357,train,30,False,0.6874715860901849,0.8291390631795036,0.6140125853992753,0.6496731196218376,0.783671544128058,2.870811700074291,1.5550571228447538,1.4536193603450382,2.4465994955040142,0.9451629755844682,PSBPM-FD
344,373,358,train,30,False,0.6627864515801801,0.8141169765949977,0.6063887752669932,0.6327870761521426,0.7607055663578575,2.870811700074291,1.502624054235043,1.4056896589599919,2.4312877374217505,0.9343934449561159,PSBPM-FD
345,374,359,train,30,False,0.6644414675542496,0.8151327913623949,0.5928942353204739,0.6323624830577218,0.7618054397912243,2.870811700074291,1.516027138204054,1.4160052492325015,2.454137442196439,0.9345783262110698,PSBPM-FD
346,375,360,train,30,False,0.6632178449550925,0.8143818790684703,0.6008696093555487,0.631891425569616,0.7610146280573648,2.870811700074291,1.5205611484705999,1.4187409561719364,2.462541491708281,0.9344690097081365,PSBPM-FD
347,376,361,train,30,False,0.7107295268877891,0.843047760739443,0.649893518158869,0.6579316863243242,0.7897204980256488,2.870811700074291,1.5561035293401166,1.455564530402993,2.4433229184833505,0.9367446718949582,PSBPM-FD
348,377,362,train,30,False,0.6791248656788899,0.8240903261650933,0.6898987963585241,0.6416358057115812,0.7707728443776395,2.870811700074291,1.519235635802557,1.419876637723066,2.447503723950491,0.9353014104223661,PSBPM-FD
349,378,363,train,30,False,0.6860413525563698,0.8282761330355776,0.7012939242311549,0.6477896280653426,0.7752530983335506,2.870811700074291,1.5271453961436632,1.4260595202083601,2.438061138188732,0.9359838674721906,PSBPM-FD
350,379,364,train,30,False,0.6847020427532364,0.8274672457283349,0.6989672137095562,0.6480038843407688,0.774329278949769,2.870811700074291,1.5301610889716584,1.4288171349992438,2.4422151660592686,0.9357823925322942,PSBPM-FD
351,380,365,train,30,False,0.6586877268794348,0.8115957903288032,0.6926115764621233,0.6346289995622217,0.7592104097923037,2.870811700074291,1.5066601478522157,1.4053361358657237,2.4524431415196797,0.9354538538016854,PSBPM-FD
352,381,366,train,30,False,0.6482191806470979,0.8051206000638028,0.6904603295954864,0.6322678475544862,0.7531167591742698,2.870811700074291,1.4751201083209733,1.3780397315215407,2.415811402945026,0.9354086320913763,PSBPM-FD
353,382,367,train,30,False,0.6410813004104817,0.8006755275456355,0.6957167630608556,0.62636209811943,0.7462061952306017,2.870811700074291,1.4645701858079856,1.3671550511680166,2.427003539039053,0.9319707791219718,PSBPM-FD
354,383,368,train,30,False,0.6195201733394986,0.7870960381932427,0.6934693994054311,0.6128954451537629,0.7327506916933556,2.870811700074291,1.4575030234179596,1.358475834139486,2.453797873234513,0.930954618162435,PSBPM-FD
355,384,369,train,30,False,0.6019295931798343,0.775841216473986,0.6811491471122515,0.6003763608219761,0.71565680509317,2.870811700074291,1.4154204879957122,1.3200832810878171,2.439811383301219,0.9224268959899554,PSBPM-FD
356,385,370,train,30,False,0.6171946743648934,0.7856173842048643,0.6939172452942179,0.6093215279179749,0.7253610080851516,2.870811700074291,1.4342616211945995,1.338340215539602,2.4354913250940973,0.9233006074824847,PSBPM-FD
357,386,371,train,30,False,0.6437796200459773,0.8023587851117338,0.6755706785069437,0.6261192317121507,0.74434635666646,2.870811700074291,1.4674289594951044,1.370111798185299,2.4375788067355115,0.9276976465868757,PSBPM-FD
358,387,372,train,30,False,0.6412758739235132,0.8007970241724885,0.6732608295732606,0.6237587931063667,0.742391317730417,2.870811700074291,1.4608752520946522,1.3643350337057711,2.436425427348911,0.9270655301167914,PSBPM-FD
359,388,373,train,30,False,0.6666283205396294,0.816473098478835,0.6737331394313292,0.6374411649254073,0.7617335360924891,2.870811700074291,1.5103305912772718,1.4105593158178027,2.4562018645365984,0.9329560735211843,PSBPM-FD
360,389,374,train,30,False,0.6000220726276596,0.7746109169303383,0.6502432521033402,0.6039685620786669,0.7248045967954204,2.870811700074291,1.4562533758620833,1.3560434744014824,2.490787635671396,0.9357014998803624,PSBPM-FD
361,390,375,train,30,False,0.6098274605216518,0.7809145026964551,0.6243597512905185,0.6089358110658528,0.7302223463172446,2.870811700074291,1.4578521542677234,1.363353270720902,2.474724322761332,0.9350861634606948,PSBPM-FD
362,391,376,train,30,False,0.6250942326821083,0.7906290107769309,0.6418542564595919,0.6155104989994856,0.7379650452098311,2.870811700074291,1.4680711059133678,1.3707009128068013,2.466964556661943,0.9333897885743551,PSBPM-FD
363,392,377,train,30,False,0.5976478161760875,0.773076850110057,0.6285320104302127,0.6033144043839018,0.7222307196799228,2.870811700074291,1.4401923735617987,1.340197197292713,2.4634647947595747,0.9342288798029644,PSBPM-FD
364,393,378,train,30,False,0.6071171245168062,0.7791772099572768,0.6267170267434758,0.6104484820166252,0.7277139130703377,2.870811700074291,1.437898185380257,1.3366579868618582,2.440588998938331,0.9339517426468865,PSBPM-FD
365,394,379,train,30,False,0.6017726384613178,0.7757400585642834,0.647624953048495,0.6078269818240308,0.7237620564939832,2.870811700074291,1.4303618760513344,1.3256806674891632,2.437241643430941,0.9329955936960384,PSBPM-FD
366,395,380,train,30,False,0.6168828458096842,0.7854188983018452,0.6519377681448224,0.6187730158430419,0.735185789402292,2.870811700074291,1.4449147315912658,1.3402645953936059,2.4193390186289117,0.9360429077933287,PSBPM-FD
367,396,381,train,30,False,0.6026757221271457,0.7763219191335162,0.654000299074051,0.6061276916348939,0.721293786904189,2.870811700074291,1.4169906351450645,1.3147551223499667,2.420062910322453,0.9291168639283734,PSBPM-FD
368,397,382,train,30,False,0.5417128759550927,0.7360114645541146,0.6209950947296875,0.5774772951006727,0.6917073143569005,2.2694693868640585,1.3650638074502275,1.2608673063762195,2.4511143419036063,0.9398050814003908,PSBPM-FD
369,398,383,train,30,False,0.5427790681887787,0.7367354126067097,0.6534126342198635,0.5796197918638856,0.6923501980574182,2.2694693868640585,1.355850589741442,1.25097893123617,2.430274401417208,0.9397541996898884,PSBPM-FD
370,399,384,train,30,False,0.5728557896340869,0.75687237341185,0.6643585837698451,0.5995609254255558,0.7141999862284701,2.2694693868640585,1.3950799021454217,1.2896392351325403,2.4096043426353906,0.9436201020377847,PSBPM-FD
371,400,385,train,30,False,0.5658738815693772,0.752245891693253,0.6531096812109526,0.5952050829850035,0.7079119343300042,2.2694693868640585,1.3870389049379144,1.2779297684322906,2.4226482713150705,0.9410645403945561,PSBPM-FD
372,401,386,train,30,False,0.5907681968015479,0.7686144656468208,0.6860903663813258,0.6049347120330462,0.7208577629122724,2.388860808725064,1.42261435812024,1.3083214508531344,2.439397308778359,0.9378665054210772,PSBPM-FD
373,402,387,train,30,False,0.5858841015981897,0.7654306641350278,0.6947179996733511,0.6019532208804707,0.7159448371707128,2.388860808725064,1.4034452116164393,1.291196595275513,2.4117132371481285,0.9353490403729301,PSBPM-FD
374,403,388,train,30,False,0.6011010938544985,0.7753070964814514,0.7032710998977331,0.6180370291292492,0.7329356435551145,2.388860808725064,1.4269318422157127,1.31394872953603,2.385836910488733,0.9453488132397734,PSBPM-FD
375,404,389,train,30,False,0.5901974063795531,0.7682430646478712,0.7025657192354873,0.6118724740553164,0.7244351684249595,2.388860808725064,1.4028488211649945,1.292640403545744,2.3688461771788023,0.9429765158465944,PSBPM-FD
376,405,390,train,30,False,0.5951464382600484,0.7714573470128134,0.7074364271348561,0.6156556641522092,0.7274986733751845,2.388860808725064,1.4036538770055054,1.2918372439043824,2.3587386938365147,0.9430186596733535,PSBPM-FD
377,406,391,train,30,False,0.6227004174566914,0.7891136910843021,0.7032369552153139,0.6262056242939572,0.7373028834224215,2.4309374016525487,1.4243559954754472,1.3079330797531834,2.3612863684562004,0.9343430379585879,PSBPM-FD
378,407,392,train,30,False,0.6190665842712517,0.7868078445664175,0.6719052379850341,0.6228275883219394,0.7336300610032979,2.4309374016525487,1.4191353807920086,1.3053230830289273,2.370463721774719,0.9324132519390118,PSBPM-FD
379,408,393,train,30,False,0.5997181565763506,0.7744147187239862,0.6497696943689195,0.6067158226004047,0.7173802068693704,2.4309374016525487,1.3930475729964626,1.2791433553735918,2.4026977762439197,0.926351461980743,PSBPM-FD
380,409,394,train,30,False,0.5944161809263325,0.7709839044534799,0.6331460307209918,0.604045102039781,0.7133006728422256,2.4309374016525487,1.373415150466301,1.2617935635126356,2.3789150261295355,0.9251823140819735,PSBPM-FD
381,410,395,train,30,False,0.5839260165527613,0.7641505195658519,0.6289294351589049,0.5952126333414026,0.7019959340866581,2.4309374016525487,1.3530822807135003,1.2411452205905982,2.384415647272937,0.918661855370449,PSBPM-FD
382,411,396,train,30,False,0.5747337184457765,0.7581119432153648,0.6037267791589493,0.5893082732535212,0.6950707863212467,2.4309374016525487,1.3437456831817756,1.2315270516369934,2.3892862482821817,0.9168445274364854,PSBPM-FD
383,412,397,train,30,False,0.596240914953983,0.7721663777671125,0.6195343424661128,0.6058622471818672,0.7114148827247504,2.4309374016525487,1.3589660454363641,1.2486776571822713,2.3526877629972813,0.921323309598071,PSBPM-FD
384,413,398,train,30,False,0.5998195977763657,0.7744802113523404,0.6196226282394283,0.6078196857919594,0.7142053831233702,2.4309374016525487,1.3722255900627507,1.2586459237792136,2.36815901793447,0.9221738304666007,PSBPM-FD
385,414,399,train,30,False,0.6101439239873879,0.7811171000479941,0.6250624529934925,0.6155893900568754,0.7260506605001914,2.4309374016525487,1.4014997248215293,1.2848099302296403,2.3866432890923166,0.9295029649915241,PSBPM-FD
386,415,400,train,30,False,0.5999159642581952,0.7745424225038905,0.6308458807215287,0.6106006528538148,0.7199687707194966,2.4309374016525487,1.3886507367203555,1.2708077067054602,2.3848549668076995,0.929540784082592,PSBPM-FD
387,416,401,train,30,False,0.583907940790691,0.7641386921172694,0.6344211294758343,0.6023296190740435,0.7104673646798998,2.4309374016525487,1.376448265484305,1.2590639202334188,2.3910001789361672,0.929762321956689,PSBPM-FD
388,417,402,train,30,False,0.5758164776537732,0.7588257228466713,0.6298915081566409,0.5961366996173901,0.7021459862377101,2.4309374016525487,1.360840828568759,1.242810944419719,2.3906627891865613,0.9253059893695592,PSBPM-FD
389,418,403,train,30,False,0.5744277274218814,0.7579101051060616,0.6234981460173542,0.6005096724980111,0.7014028235071306,2.4309374016525487,1.3384730637799984,1.221520576431827,2.3478191691687376,0.9254432930525139,PSBPM-FD
390,419,404,train,30,False,0.5842233827408523,0.7643450678462262,0.6098521840701099,0.6103710006790853,0.711277443515107,2.4309374016525487,1.3480413974430268,1.233871522499822,2.3139848125214377,0.9305711169424389,PSBPM-FD
391,420,405,train,30,False,0.566030954875607,0.7523502873499863,0.6227571806214607,0.603343773695757,0.7001811703798128,2.4309374016525487,1.3191709738978252,1.2067577724936716,2.2937885998259437,0.930658474054779,PSBPM-FD
392,421,406,train,30,False,0.5337718972302292,0.7305969458122784,0.59869049784425,0.5867696279338189,0.680002771661951,2.4309374016525487,1.279010107021058,1.1711611210426924,2.2933387945436783,0.9307495405772922,PSBPM-FD
393,422,407,train,30,False,0.5273581443975754,0.7261942883261858,0.582291353157564,0.5814572742942481,0.674155741966777,2.4309374016525487,1.272458543944442,1.1667400810702253,2.3039568776610877,0.9283407385654971,PSBPM-FD
394,423,408,train,30,False,0.505517183558203,0.7109973161399437,0.5566477534950002,0.5658246589153981,0.6589333811873603,2.4309374016525487,1.2546614707776733,1.1518229585066966,2.3284998288969643,0.9267733734421921,PSBPM-FD
395,424,409,train,30,False,0.5059288485607742,0.7112867555077729,0.5516057325506658,0.5642850610576016,0.6592643621306882,2.4309374016525487,1.2614665253718707,1.160778781873525,2.3484698106719653,0.9268615744996588,PSBPM-FD
396,425,410,train,30,False,0.5176714336367141,0.7194938732447372,0.5795293848789398,0.5666991052785326,0.665593599533724,2.4309374016525487,1.2737494212194198,1.1749133060361108,2.357626120671946,0.9250858475445572,PSBPM-FD
397,426,411,train,30,False,0.5221239485255532,0.7225814476760064,0.5779177223937736,0.5712573512090278,0.6713189510362857,2.4309374016525487,1.2893648321104838,1.187770034947387,2.3714457745697333,0.9290564450490763,PSBPM-FD
398,427,412,train,30,False,0.520183592032906,0.7212375420296048,0.5863957069325546,0.5730856733418759,0.6695879958871063,2.4309374016525487,1.2803311740886265,1.1793935453359525,2.339574535175757,0.9283876072269427,PSBPM-FD
399,428,413,train,30,False,0.503643426732119,0.7096783966925575,0.5769784876425602,0.5601965141898693,0.6568096318120527,2.4309374016525487,1.2672508539854717,1.16601708716671,2.3834887567581466,0.925503206625848,PSBPM-FD
400,429,414,train,30,False,0.4769805788709034,0.6906378058511592,0.5926421612875455,0.5445991129272574,0.6390115368496712,2.4309374016525487,1.2350911427635078,1.1344604179706876,2.3910485273065083,0.9252484173844747,PSBPM-FD
401,430,415,train,30,False,0.47858276320375687,0.6917967643779181,0.60627994663394,0.5470661935440385,0.640661241333859,2.4309374016525487,1.2304418315516952,1.133540127467652,2.3613142372941365,0.9260830265807307,PSBPM-FD
402,431,416,train,30,False,0.5283036354968903,0.7268449872544285,0.6012006028480736,0.5668994935943448,0.6581865249632592,2.7982806091027483,1.2440891582309515,1.1490514750613945,2.3374012869884577,0.9055390578525988,PSBPM-FD
403,432,417,train,30,False,0.5331027158516418,0.7301388332718934,0.6038190990026298,0.5716259666798277,0.6630248292007731,2.7982806091027483,1.2506002825881415,1.1543612565267363,2.329435806222072,0.9080804896099424,PSBPM-FD
404,433,418,train,30,False,0.589452419120104,0.7677580472519347,0.573268195880138,0.5936961023241775,0.6888664932408101,2.8405510294534446,1.3082526269908046,1.2099581426526351,2.34446562237843,0.8972442499385006,PSBPM-FD
405,434,419,train,30,False,0.6259020184193347,0.791139695894053,0.5626856110963899,0.6108829924218829,0.7105758460132238,2.8405510294534446,1.3397144103322047,1.2419035055462315,2.33804901739714,0.8981673523665307,PSBPM-FD
406,435,420,train,30,False,0.6212147717310964,0.7881717907481188,0.5562440802660817,0.604990506337571,0.7076835865981279,2.8405510294534446,1.3473827526277482,1.249475927481641,2.370641570721554,0.8978798720091302,PSBPM-FD
407,436,421,train,30,False,0.5449745606759481,0.7382239231262748,0.49066799681935763,0.5663218835959126,0.667600642651477,2.8405510294534446,1.293535992985429,1.1959944462159113,2.4124229585762103,0.9043335250153935,PSBPM-FD
408,437,422,train,30,False,0.5485544765235526,0.7406446357893592,0.5011173396160115,0.5698295300772114,0.6712243643219941,2.8405510294534446,1.3019910071336946,1.20291814957458,2.4095961908181196,0.9062704728923353,PSBPM-FD
409,438,423,train,30,False,0.5472317939322903,0.7397511702811225,0.5038456559579907,0.5691649214293201,0.6691619066343076,2.8405510294534446,1.2930246481765306,1.1959615855619203,2.3817166417467464,0.9045770165933102,PSBPM-FD
410,439,424,train,30,False,0.5564739250882909,0.7459717991239956,0.49964962418240316,0.5755440016922952,0.6758668118105378,2.8405510294534446,1.299119886217713,1.2033466354387508,2.3708748493809533,0.9060219335425508,PSBPM-FD
411,440,425,train,30,False,0.5628898067499576,0.750259826160216,0.49827151584119067,0.581753117201778,0.6836649451531177,2.8405510294534446,1.3085032792431186,1.2138054350226528,2.3550571815648556,0.9112375757236971,PSBPM-FD
412,441,426,train,30,False,0.5743005943066286,0.7578262296243305,0.5164095974743727,0.5897991797358931,0.6919965784223225,2.8405510294534446,1.319544035085019,1.22465450786684,2.3466913710920285,0.9131335804586217,PSBPM-FD
413,442,427,train,30,False,0.5503711280627327,0.7418700210028255,0.49822461608683233,0.5713758408841304,0.6723132654714524,2.8405510294534446,1.2947017493521655,1.1990200168771854,2.3670419283564788,0.9062413178020734,PSBPM-FD
414,443,428,train,30,False,0.5467397670397778,0.7394185330648521,0.5057886636368559,0.5699366051768,0.6694787718841381,2.8405510294534446,1.2779799259687767,1.1858524401024197,2.342573241489696,0.9054124855502104,PSBPM-FD
415,444,429,train,30,False,0.5412797427136493,0.7357171621714755,0.5148057590278686,0.5681019984302691,0.6643973885640118,2.8405510294534446,1.2648735324623044,1.1741991242478227,2.3244278960111218,0.9030608809002595,PSBPM-FD
416,445,430,train,30,False,0.5390309573576881,0.7341872767609693,0.5313576662003925,0.5657716454343149,0.6628495064491605,2.8405510294534446,1.2661615160264408,1.1768511976185276,2.3363748735894836,0.9028343686007047,PSBPM-FD
417,446,431,train,30,False,0.5344512503350228,0.731061728129043,0.5351649109080697,0.5620618019746632,0.6593090920714592,2.8405510294534446,1.2568290822708705,1.1669930680437592,2.3334051907595685,0.9018514671241025,PSBPM-FD
418,447,432,train,30,False,0.5546195373896156,0.7447278277260865,0.549071864296064,0.5774978159448462,0.6758532888405779,2.8405510294534446,1.2787409539302144,1.1873716553455067,2.3117192648731595,0.9075171675861684,PSBPM-FD
419,448,433,train,30,False,0.5443429624848924,0.7377960168535016,0.6033300689424067,0.5695218953237761,0.6696654627973242,2.8405510294534446,1.278857500053887,1.1897466402032928,2.336742603280185,0.907656652381053,PSBPM-FD
420,449,434,train,30,False,0.5839726906586998,0.7641810588196359,0.6021301085838717,0.5866442695634636,0.6904082913002091,2.8405510294534446,1.3112282786063085,1.219975596530134,2.3361865234146757,0.9034616643948526,PSBPM-FD
421,450,435,train,30,False,0.5981742716957779,0.7734172688114598,0.6225273470536618,0.5939767871893086,0.6994147907933687,2.8405510294534446,1.3367687586357977,1.2430954894836101,2.351341884185625,0.9043175256070847,PSBPM-FD
422,451,436,train,30,False,0.611771958782676,0.7821585253531895,0.6201729254669083,0.6009450475282744,0.709828478907504,2.8405510294534446,1.3643170097681885,1.2690899317383606,2.3683992567350876,0.9075250807845835,PSBPM-FD
423,452,437,train,30,False,0.626698994193646,0.7916432240559165,0.6226605086721893,0.6105223439454304,0.7215522568374934,2.8405510294534446,1.384998211474009,1.2874069549426759,2.365856144353932,0.911461419628759,PSBPM-FD
424,453,438,train,30,False,0.6571405631686064,0.8106420684670925,0.5851901199532734,0.6295342641929367,0.7410339364433263,2.8405510294534446,1.4171073030837078,1.3188425848406837,2.350017593315475,0.9141321000581751,PSBPM-FD
425,454,439,train,30,False,0.6642936564499863,0.8150421194330918,0.5715730170313374,0.6356781654790203,0.7461204132501612,2.8405510294534446,1.4125427897712706,1.3156465358058291,2.319366828452242,0.9154378595417013,PSBPM-FD
426,455,440,train,30,False,0.6828899929445441,0.8263715828515306,0.5820676946784844,0.6469167696556125,0.7542449657476517,2.8405510294534446,1.4119848562018158,1.3155942953975281,2.296619583479258,0.9127189044243339,PSBPM-FD
427,456,441,train,30,False,0.6794212879083059,0.8242701546873488,0.5762358942601649,0.6438740598786664,0.7500302779068496,2.8405510294534446,1.3972807367847115,1.3033742245910687,2.274453374797254,0.9099325914467219,PSBPM-FD
428,457,442,train,30,False,0.6780717192411567,0.8234511031270507,0.5645180802487434,0.6417462303991545,0.7487196704138687,2.8405510294534446,1.4000198449274126,1.304507519033335,2.29306331974079,0.9092460591413506,PSBPM-FD
429,458,443,train,30,False,0.6842221141174286,0.8271771963233927,0.5687421557627114,0.6488908411386685,0.7544059246143691,2.8405510294534446,1.3974863015462848,1.3059637640897914,2.2437198913201635,0.9120245673690296,PSBPM-FD
430,459,444,train,30,False,0.6852667234697274,0.8278083857208306,0.5686645277348328,0.6492882183612195,0.75545514334723,2.8405510294534446,1.3973092358050678,1.3066304305836038,2.240994692402457,0.9125966303052153,PSBPM-FD
431,460,445,train,30,False,0.6929103473196601,0.8324123661501311,0.5486210965113976,0.6552893307919301,0.7617712977629344,2.8405510294534446,1.4023247153585,1.313366203552214,2.2254926512565114,0.9151369306129984,PSBPM-FD
432,461,446,train,30,False,0.6374019368676385,0.7983745592562669,0.5506899107157077,0.6344805757814558,0.7416548902707719,2.8405510294534446,1.3715862185427354,1.2852579126919796,2.233370613059426,0.9289560666382798,PSBPM-FD
433,462,447,train,30,False,0.6384823543595917,0.7990509084905615,0.5476548291515759,0.6338111071414223,0.7425823929400931,2.8405510294534446,1.374974728878446,1.2907280310410998,2.2431090732493884,0.9293305158026294,PSBPM-FD
434,463,448,train,30,False,0.5721364217258678,0.756397000077253,0.572005998582423,0.6028199881380844,0.7079946993138556,2.077274702031906,1.3125108012701905,1.2289951291625236,2.2560227312503276,0.9360093961789194,PSBPM-FD
435,464,449,train,30,False,0.5338024782131112,0.7306178742770473,0.5671133386256384,0.5832784508894723,0.6843414915095923,2.077274702031906,1.2824541088091086,1.1953478447483432,2.280232852743687,0.9366613049081973,PSBPM-FD
436,465,450,train,30,False,0.5301638521349943,0.7281235143401114,0.5966511098459129,0.5844797426673349,0.6818476319784182,2.077274702031906,1.26145321224885,1.1775842583331664,2.2409752920105155,0.936445010427067,PSBPM-FD
437,466,451,train,30,False,0.5413692949579042,0.7357780201649844,0.6325953040638691,0.5952395675368304,0.6927593008822163,2.077274702031906,1.271964307164595,1.1906123808412217,2.2056605983122566,0.9415330193294956,PSBPM-FD
438,467,452,train,30,False,0.5356453548138417,0.7318779644270222,0.6303718826936701,0.5889879052522407,0.686451066887584,2.077274702031906,1.2647399982373921,1.1821618421601585,2.241217567894689,0.9379310489625106,PSBPM-FD
439,468,453,train,30,False,0.584094841308504,0.7642609772247331,0.6539519840224594,0.6137350197950585,0.7181246770438594,2.36164622871557,1.324637547251131,1.238747235621851,2.2446205811809916,0.939632793566919,PSBPM-FD
440,469,454,train,30,False,0.661247177372473,0.8131710627982731,0.6624970827682051,0.6401517674341064,0.7489371250345812,2.861743357991978,1.3779129581443539,1.288520663516105,2.2482167922088014,0.9210080871020535,PSBPM-FD
441,470,455,train,30,False,0.6773244970626142,0.8229972643105287,0.6833252520120272,0.6496100008418234,0.760413004684043,2.861743357991978,1.409911096760321,1.3168082400903716,2.264435722095433,0.9239556893558862,PSBPM-FD
442,471,456,train,30,False,0.6707529366793792,0.8189950773230442,0.6610610920075274,0.6448051648947425,0.7559934764073137,2.861743357991978,1.4046615380532261,1.313524310591695,2.270904062373018,0.9230745059889046,PSBPM-FD
443,472,457,train,30,False,0.6726753013941134,0.8201678495247868,0.6746957060672617,0.6473407063107338,0.7587132266831664,2.861743357991978,1.4047293809744263,1.3155233179165113,2.254781590836288,0.9250706756217916,PSBPM-FD
444,473,458,train,30,False,0.7140636499684099,0.8450228694943173,0.6788978482002754,0.6653946698861527,0.780932915282495,2.861743357991978,1.4428401858791964,1.3536344414534833,2.2556408482368164,0.9241559530215139,PSBPM-FD
445,474,459,train,30,False,0.7198842548735926,0.8484599312127784,0.6828838662935692,0.6691637764583671,0.7863060987280123,2.861743357991978,1.4526693637250938,1.3626569860598978,2.2548665262778664,0.9267451175968627,PSBPM-FD
446,475,460,train,30,False,0.7231804171964055,0.850400151220827,0.6672304557473665,0.6714717542465306,0.7885430791965622,2.861743357991978,1.4679560400427423,1.374259559559842,2.26951229925731,0.9272612170453364,PSBPM-FD
447,476,461,train,30,False,0.7194439079347617,0.8482003937365047,0.6685253705365406,0.668797988169683,0.785095868048069,2.861743357991978,1.463111725104467,1.3701358015429201,2.27087026139146,0.9256018670181857,PSBPM-FD
448,477,462,train,30,False,0.7751416945471059,0.8804213164997233,0.676146077519242,0.6875654163332371,0.8082165598446844,2.861743357991978,1.5099549661063618,1.4147865101997692,2.280100027413234,0.9179884047536444,PSBPM-FD
449,478,463,train,30,False,0.7721294807806753,0.8787089852622855,0.6568094170514904,0.6857162109846872,0.8060819011444017,2.861743357991978,1.5011545575282146,1.406618372454708,2.2729924421819883,0.9173479669196676,PSBPM-FD
450,479,464,train,30,False,0.7402490055568872,0.8603772460710983,0.6605544871763505,0.6730939412687775,0.7906881305381878,2.861743357991978,1.4858204947769695,1.3897800945330594,2.285347876157424,0.9190016753102839,PSBPM-FD
451,480,465,train,30,False,0.7171727746794782,0.8468605402777237,0.6415254728086478,0.6573029312658949,0.7732618760913269,2.861743357991978,1.451422922521498,1.3567142347880898,2.289665117265275,0.9130923443873528,PSBPM-FD
452,481,466,train,30,False,0.7001612650460418,0.8367563952824274,0.6497139037896162,0.6468351032336891,0.7589533310319327,2.861743357991978,1.4177159874267744,1.3237621013441143,2.279557720220861,0.9070182616002187,PSBPM-FD
453,482,467,train,30,False,0.6845887879330855,0.8273988082739094,0.64846517533438,0.6355591342672979,0.7465123951237211,2.861743357991978,1.4026198567366204,1.3100587459772486,2.3099250702625076,0.9022401140280457,PSBPM-FD
454,483,468,train,30,False,0.6556078328049981,0.8096961360936571,0.6640693820451687,0.6186120837841721,0.72846123233844,2.861743357991978,1.3704919633729393,1.2780375568718718,2.314405734670538,0.8996723583897395,PSBPM-FD
455,484,469,train,30,False,0.7072741604447846,0.8409959336672114,0.6754519196573414,0.6391528873471419,0.7514414401896338,2.861743357991978,1.4114082365289478,1.3174944417439027,2.318137762067279,0.8935137616099164,PSBPM-FD
456,485,470,train,30,False,0.6578777233849734,0.8110966177866687,0.6444661254085756,0.6103115874085067,0.7208581139406451,2.861743357991978,1.3724895814965348,1.2785837641533317,2.3431049537185604,0.8887450620959712,PSBPM-FD
457,486,471,train,30,False,0.6723050425020564,0.8199420970422584,0.6627861848816908,0.6198132912935143,0.7340617967065559,2.861743357991978,1.4124904572928114,1.3146224103505848,2.3791928899235235,0.8952605304136783,PSBPM-FD
458,487,472,train,30,False,0.738370749422214,0.859285022226161,0.6879625416764366,0.6481086017983395,0.7673009833587003,2.861743357991978,1.4648290578962968,1.3708236777538214,2.357883390372143,0.8929528195089955,PSBPM-FD
459,488,473,train,30,False,0.7342569303494189,0.8568879333666795,0.6816164429608266,0.6444426748026179,0.7637061422363145,2.861743357991978,1.463219290688739,1.3664592724557958,2.3708409165844633,0.8912555685499535,PSBPM-FD
460,489,474,train,30,False,0.7379720318069372,0.8590529854478925,0.6683820016346274,0.647316615176621,0.7670053473480977,2.861743357991978,1.468954565538249,1.3726797412783136,2.368533140754062,0.8928498711266301,PSBPM-FD
461,490,475,train,30,False,0.7387579719885532,0.8595103094137692,0.6804161213554083,0.6468753633833514,0.7675602711586261,2.861743357991978,1.4745838596839804,1.3769974337125581,2.379395203153654,0.8930204358830114,PSBPM-FD
462,491,476,train,30,False,0.7121843321218806,0.8439101445781302,0.6621615840945186,0.634050221024569,0.7517601645221706,2.861743357991978,1.4453783264360662,1.3461724329529927,2.3740704365480068,0.8908059339634729,PSBPM-FD
463,492,477,train,30,False,0.703018291320029,0.8384618603848532,0.6605058158596899,0.6259703172760612,0.7413481284476178,2.861743357991978,1.4288054749100358,1.3287669849150208,2.38175241421028,0.8841763274805842,PSBPM-FD
464,493,478,train,30,False,0.7036274105350483,0.8388250178285387,0.6546840661540152,0.6264234646165939,0.7420242898851868,2.861743357991978,1.4299132283516307,1.3298496865665959,2.381618377471291,0.8845996174578348,PSBPM-FD
465,494,479,train,30,False,0.709111443455779,0.8420875509445435,0.6486785926206798,0.6318938942974347,0.7471712980069404,2.861743357991978,1.4323927057752976,1.3349456965806574,2.3583232001060304,0.8872845788645867,PSBPM-FD
466,495,480,train,30,False,0.7064850196891964,0.8405266323497409,0.6357636918669431,0.6278855466957413,0.7451887030378287,2.861743357991978,1.4511441893761998,1.3496303005040458,2.40943912364564,0.8865735770377798,PSBPM-FD
467,496,481,train,30,False,0.7008414751470815,0.8371627530815507,0.6247250549874956,0.6235594519325538,0.7405434917104249,2.861743357991978,1.4479224326663231,1.3432244945445397,2.419943131978837,0.8845872430235631,PSBPM-FD
468,497,482,train,30,False,0.7225379160771693,0.8500223032821959,0.6330741577996257,0.638986512259571,0.758010491326665,2.861743357991978,1.4734385757248099,1.3712349104071646,2.375612680614806,0.8917536497569003,PSBPM-FD
469,498,483,train,30,False,0.7027686373764712,0.838312971017669,0.6141053652151698,0.6323795478611484,0.7490719999791222,2.861743357991978,1.4651741242920013,1.3630156985905577,2.385092246997727,0.8935469518857463,PSBPM-FD
470,499,484,train,30,False,0.626612746767903,0.7915887485101737,0.5903765265997795,0.604813843538302,0.7188830067681522,2.8144535531814254,1.4219257704794572,1.3208704670276412,2.399789972968861,0.9081521283888144,PSBPM-FD
471,500,485,train,30,False,0.614328323871303,0.7837909950179978,0.5473098411222341,0.5998599859260365,0.7106904792199245,2.8144535531814254,1.3922372777736798,1.2952612960154393,2.3706798178197395,0.9067346827627246,PSBPM-FD
472,501,486,train,30,False,0.6143974864703416,0.7838351143386865,0.550188687296443,0.59958121478762,0.7107414885444604,2.8144535531814254,1.3955964317898195,1.2976479905157732,2.377535564477372,0.9067487224581737,PSBPM-FD
473,502,487,train,30,False,0.6273420807758993,0.7920492918852331,0.5468596374269172,0.6087383698487531,0.7221808008556342,2.8144535531814254,1.4206812871253,1.321022941676554,2.39156167390848,0.9117876983851622,PSBPM-FD
474,503,488,train,30,False,0.5886768218944697,0.7672527757489508,0.528961204498408,0.5936328725356452,0.7021207737993633,2.8144535531814254,1.3796741663923626,1.2815558575782142,2.3759339837888205,0.9151101123277018,PSBPM-FD
475,504,489,train,30,False,0.6368784704613988,0.7980466593260063,0.5447890597377661,0.6167080598435974,0.7265118772177472,2.8144535531814254,1.4094320307904338,1.310875936027496,2.3489969218543965,0.9103626570297606,PSBPM-FD
476,505,490,train,30,False,0.6304071824400066,0.7939818527145357,0.5277081192233959,0.6126155077862184,0.7218965757895107,2.8144535531814254,1.3865751185277586,1.2902179963090818,2.328717751540502,0.9092104225322362,PSBPM-FD
477,506,491,train,30,False,0.6287473085746144,0.79293587923275,0.5137525348592531,0.6111496005491363,0.7201055551786577,2.8144535531814254,1.384095762724162,1.2870406439707287,2.330176300960954,0.9081510548815581,PSBPM-FD
478,507,492,train,30,False,0.5564058704061589,0.745926182947186,0.5002502810186211,0.5798455260633445,0.6845995498105475,2.6943283909590625,1.328823476090848,1.2320046839740755,2.3587285778524296,0.9177845817204936,PSBPM-FD
479,508,493,train,30,False,0.5456517797458476,0.7386824620537891,0.4973853858696604,0.5712778218036203,0.6742140911652714,2.6943283909590625,1.3085952803409326,1.2125805845497326,2.360640691402856,0.9127251908631029,PSBPM-FD
480,509,494,train,30,False,0.5428461116279768,0.7367809115523941,0.4784499895952486,0.5661355699396106,0.6724098711425112,2.6943283909590625,1.3162328834823849,1.2197842350780972,2.39551995319478,0.9126320465139989,PSBPM-FD
481,510,495,train,30,False,0.5494940271715801,0.741278643407174,0.4766865301960375,0.5716636924572247,0.6790529570224516,2.6943283909590625,1.3312823075977556,1.2340700749362468,2.3990999475337307,0.9160562806737403,PSBPM-FD
482,511,496,train,30,False,0.549403868698117,0.7412178281032621,0.473272640845649,0.5715527752860873,0.6789337111219941,2.6943283909590625,1.3300117721942804,1.2339733001322548,2.3960139773833133,0.9159705627417923,PSBPM-FD
483,512,497,train,30,False,0.5726030405452588,0.7567053855664427,0.48053328948493346,0.5868803134479804,0.6957196239260671,2.6943283909590625,1.350473899447814,1.25500318377893,2.360907681487511,0.9194062011403238,PSBPM-FD
484,513,498,train,30,False,0.5741167744629767,0.7577049389194825,0.47993774759684804,0.5865912364388901,0.6970894571761835,2.6943283909590625,1.3603094844236883,1.2622109885765702,2.3843612291447385,0.9200012054431913,PSBPM-FD
485,514,499,train,30,False,0.5401993520548157,0.7349825522111499,0.49635876741076024,0.5727170925109555,0.6837180336415092,2.6943283909590625,1.3532483881812039,1.2542502768763228,2.405655893640991,0.9302506999446251,PSBPM-FD
486,515,500,train,30,False,0.5637107226998883,0.7508067146076202,0.5060719711103202,0.5899798833440068,0.7024041528048836,2.6943283909590625,1.3848635136549599,1.2844115995690382,2.394609739146688,0.9355325933279215,PSBPM-FD
487,516,501,train,30,False,0.5575942929096642,0.7467223666863503,0.4904117478480598,0.5885557171301972,0.6978841228071917,2.6943283909590625,1.359503429247074,1.2618098456506661,2.3558099795927374,0.9345965166466316,PSBPM-FD
488,517,502,train,30,False,0.5039193313272582,0.7098727571383889,0.49313172766455127,0.5696292327117987,0.6743201692586698,2.253573989375795,1.3137305419095815,1.2147429678057542,2.348459404234495,0.9499169569162826,PSBPM-FD
489,518,503,train,30,False,0.5017991987281635,0.7083778643691258,0.4912714613920047,0.5673709679760364,0.67213676139928,2.253573989375795,1.304811299050951,1.2092035472440315,2.339375932193037,0.9488393062618894,PSBPM-FD
490,519,504,train,30,False,0.4971086100353939,0.7050592954038646,0.4880460487285245,0.5628780319595758,0.6678598720791905,2.253573989375795,1.3002251524168302,1.2038303677256574,2.354985795599014,0.947239298074404,PSBPM-FD
491,520,505,train,30,False,0.48867467890942423,0.6990527010958646,0.47262163183590894,0.5571720694409917,0.6609845147267166,2.253573989375795,1.2894678751374926,1.1913443678661997,2.36018901416243,0.9455431810656468,PSBPM-FD
492,521,506,train,30,False,0.4925295579475992,0.7018045012306484,0.47013171598594666,0.559013100559688,0.6639566095662326,2.253573989375795,1.2999174092729353,1.2021653206322718,2.372140068296272,0.946070605705652,PSBPM-FD
493,522,507,train,30,False,0.5652525250525396,0.7518327773198902,0.4829531449166063,0.595363700032039,0.7046273253156211,2.4649662707181896,1.3617937653030698,1.2629235930578224,2.350055629594172,0.9372128305278927,PSBPM-FD
494,523,508,train,30,False,0.5916433686842644,0.7691835728122802,0.49618056496910734,0.6108736137005274,0.722672488210393,2.4649662707181896,1.3924524415879884,1.292816771936248,2.3395603753569487,0.9395318799752392,PSBPM-FD
495,524,509,train,30,False,0.6243110486223441,0.7901335637867462,0.5229454097805094,0.6277598133977027,0.741100407213748,2.4649662707181896,1.4207567408560149,1.3179387692336522,2.3339416763593213,0.937943205022193,PSBPM-FD
496,525,510,train,30,False,0.6174008374352709,0.7857485841128006,0.5171844409701235,0.6226478755149487,0.7346534329182927,2.4649662707181896,1.3966196933397859,1.2982877976288563,2.3130663939811154,0.9349726461776572,PSBPM-FD
497,526,511,train,30,False,0.6159624499672715,0.784832752863482,0.5103487223089243,0.6199725758906391,0.7332621007719131,2.4649662707181896,1.397027088088931,1.3003859774695636,2.3292222591768956,0.9342909022292812,PSBPM-FD
498,527,512,train,30,False,0.6116787027464602,0.7820989085444757,0.5132926903824135,0.617312096029018,0.7307275057389437,2.4649662707181896,1.3966545426124521,1.2972669816543185,2.338549896534965,0.9343159768613708,PSBPM-FD
499,528,513,train,30,False,0.5910660579341828,0.7688082062089235,0.5094043751950647,0.6063042092969888,0.7173661552291001,2.4649662707181896,1.369455088270878,1.2699284668041364,2.3433205434176347,0.9330885771452808,PSBPM-FD
500,529,514,train,30,False,0.5825634699670311,0.7632584555489911,0.5095535518976567,0.6025892240051535,0.711460788069804,2.4649662707181896,1.3577923598794255,1.2567763846874878,2.3380810561479834,0.9321361367140958,PSBPM-FD
501,530,515,train,30,False,0.5776683604406276,0.7600449726434796,0.5441876618261026,0.5969016180542481,0.7071014886235812,2.4649662707181896,1.361193520435309,1.257074655632155,2.3715603781330388,0.9303416430270463,PSBPM-FD
502,531,516,train,30,False,0.6023149515541352,0.7760895254763687,0.5749112376950108,0.609648659524108,0.7209933959075426,2.4649662707181896,1.3819898816205936,1.2779267558007208,2.362964862776715,0.9290080232238572,PSBPM-FD
503,532,517,train,30,False,0.5989061736619393,0.7738902852872229,0.5843314302914878,0.6084264942477425,0.7185617111075769,2.4649662707181896,1.372524708464494,1.2700156087845156,2.351476942351492,0.9285059197259321,PSBPM-FD
504,533,518,train,30,False,0.601502540356455,0.775565948425055,0.6328691929457724,0.606790084419348,0.7204403636468908,2.4649662707181896,1.3899713648569236,1.2837718935044604,2.387461693911352,0.9289221182413849,PSBPM-FD
505,534,519,train,30,False,0.5461212037106973,0.7390001378286051,0.5964578749615289,0.5777970816909945,0.6891237321355206,2.4649662707181896,1.343437046519682,1.2397422659533714,2.411763720269652,0.9325082592817429,PSBPM-FD
506,535,520,train,30,False,0.5691054839490565,0.7543908031975578,0.6533179045675074,0.5928196928500248,0.702843472121,2.4649662707181896,1.364487198783856,1.2613173945520448,2.3946502905016813,0.9316702551806444,PSBPM-FD
507,536,521,train,30,False,0.5783587024378201,0.7604989825356903,0.677524031318686,0.5997653205976995,0.7110998481675792,2.4649662707181896,1.379069667622925,1.2760887377676526,2.3945261011331813,0.93504378637904,PSBPM-FD
508,537,522,train,30,False,0.5939960420515588,0.7707113870000616,0.6834149214151052,0.6100511675701032,0.7228923757567003,2.4649662707181896,1.3994008686483175,1.2987784466871457,2.379770770540068,0.937954710349495,PSBPM-FD
509,538,523,train,30,False,0.6710516735746058,0.8191774371737821,0.6839915769152277,0.6460943453790539,0.7629238590178783,2.5822027647285406,1.4611051375702837,1.359020615743211,2.3595411199923277,0.9313291899860151,PSBPM-FD
510,539,524,train,30,False,0.6579540409661029,0.8111436623472459,0.6958981735689193,0.6396645049676585,0.7516629324462347,2.5822027647285406,1.4239456899042287,1.3253043199200076,2.3159954293731193,0.9266705361059114,PSBPM-FD
511,540,525,train,30,False,0.6595915244976436,0.8121524022605878,0.7004304567272261,0.6391840487516742,0.7529838592902749,2.5822027647285406,1.4293037103760398,1.329767700062565,2.3295286898833414,0.9271460100276498,PSBPM-FD
512,541,526,train,30,False,0.6596861523350259,0.8122106576098506,0.7085054235225609,0.6393059949035264,0.7531089872815038,2.5822027647285406,1.426768921631481,1.328135711539724,2.3206960052221737,0.9272335695492233,PSBPM-FD
513,542,527,train,30,False,0.6327404901290662,0.7954498665089248,0.6978618056411366,0.6203849364417325,0.7311414675258353,2.5822027647285406,1.3913217696422593,1.291790728195277,2.340641983647507,0.9191546800236117,PSBPM-FD
514,543,528,train,30,False,0.6434408336190369,0.8021476382929996,0.6844867189057983,0.6288970483807602,0.7389013013052217,2.5822027647285406,1.4015695931222338,1.302983339495826,2.3206120891543174,0.9211537453100672,PSBPM-FD
515,544,529,train,30,False,0.6276163430273498,0.7922224075519133,0.6387517661535606,0.6218969114285027,0.7304989826068083,2.5822027647285406,1.3799135867149492,1.2831633643970275,2.3145221047302704,0.9220882616337,PSBPM-FD
516,545,530,train,30,False,0.606579546373005,0.7788321682962287,0.630223758682314,0.6074586933649992,0.7149395252784027,2.5822027647285406,1.35709874486248,1.2572661030697247,2.331452860145548,0.9179635284485007,PSBPM-FD
517,546,531,train,30,False,0.6092909072527986,0.7805708854760076,0.6480277692202974,0.6063936246559762,0.7170559957100806,2.5822027647285406,1.3714710487515591,1.2713251013839975,2.3637085368412327,0.9186302090588552,PSBPM-FD
518,547,532,train,30,False,0.5991990339654304,0.774079475225529,0.6438468991003763,0.5982799328147423,0.7095582719875064,2.5822027647285406,1.3665024468347993,1.265747821003096,2.3880359647373597,0.9166478310005258,PSBPM-FD
519,548,533,train,30,False,0.5964465155988781,0.7722994986395356,0.6437923729153368,0.595023266537424,0.7061289299582714,2.5822027647285406,1.3628540329571208,1.2608341456549808,2.399774619854702,0.9143200678003434,PSBPM-FD
520,549,534,train,30,False,0.5993223404121519,0.7741591182774714,0.6445124041215717,0.5981776959287168,0.7088663870777452,2.5822027647285406,1.3665438736139301,1.2651827396573092,2.3888781817511426,0.9156598047375524,PSBPM-FD
521,550,535,train,30,False,0.6503582843734578,0.8064479427548054,0.6641156930678856,0.6228518408826855,0.7364735975217814,2.5822027647285406,1.414547237822099,1.3151488268020217,2.3786286625092687,0.9132314170286141,PSBPM-FD
522,551,536,train,30,False,0.6465352410060327,0.804074151435073,0.6716593096330891,0.6191847743693375,0.7335278425068548,2.5822027647285406,1.4180926985044306,1.3180592198829355,2.403686595279715,0.9122639264024213,PSBPM-FD
523,552,537,train,30,False,0.5847972591974722,0.7647203797450883,0.6712644577615696,0.5944677131243806,0.70473983403819,2.5822027647285406,1.3704803139815014,1.272893559692853,2.4004733260509235,0.9215653887413171,PSBPM-FD
524,553,538,train,30,False,0.5573703931137567,0.74657242991806,0.6648686667488501,0.5778275193061949,0.6855254195985724,2.5822027647285406,1.3337509011990853,1.239397692701112,2.4020628476199675,0.9182302910299167,PSBPM-FD
525,554,539,train,30,False,0.5170615446895244,0.719069916412531,0.6233351166698998,0.5540636257763849,0.6593622013757525,2.5822027647285406,1.2930342339179512,1.2025186455694203,2.4122615025547973,0.9169653552819137,PSBPM-FD
526,555,540,train,30,False,0.6021592009131905,0.7759891757706356,0.7062056103555803,0.5941934894971441,0.6999567774857038,2.5822027647285406,1.338939954698667,1.247032720761515,2.373089207971146,0.9020187385868831,PSBPM-FD
527,556,541,train,30,False,0.5962413519396176,0.7721666607278623,0.6974918911708256,0.5880506996652735,0.692147571622558,2.5822027647285406,1.3234085614949862,1.233081912490925,2.377788619590534,0.8963707018509754,PSBPM-FD
528,557,542,train,30,False,0.5863610220203613,0.765742138072838,0.6851474683195935,0.5830227130517774,0.6851041289491574,2.5822027647285406,1.3051835330278854,1.2148992523488833,2.368656794206436,0.894692997662863,PSBPM-FD
529,558,543,train,30,False,0.5857634485206162,0.7653518462253921,0.6870589691170814,0.5837385473727681,0.6845733979626034,2.5822027647285406,1.296207717917614,1.2087353050069358,2.3458869784934717,0.8944558000857035,PSBPM-FD
530,559,544,train,30,False,0.5799545199997453,0.7615474509180274,0.7076023098265606,0.5784366669725102,0.6793161013648137,2.5822027647285406,1.2834769766572445,1.2001030029048665,2.343239412789616,0.8920207145935741,PSBPM-FD
531,560,545,train,30,False,0.5905621220599835,0.7684803979673024,0.708977684301634,0.5849766086013163,0.687820742120999,2.5822027647285406,1.3053572755797496,1.223017237895322,2.349589460681909,0.8950400608009583,PSBPM-FD
532,561,546,train,30,False,0.5648471563498512,0.7515631419580467,0.7035468757422195,0.5719742919517886,0.6731275783744551,2.5822027647285406,1.2856743479914514,1.2046443213658875,2.361176150291273,0.8956367612982676,PSBPM-FD
533,562,547,train,30,False,0.5552954365636775,0.7451814789456844,0.7054753642859576,0.5619809745889696,0.6640997638847682,2.5822027647285406,1.2801553657388827,1.1973399649291794,2.406098406616308,0.8911919883252679,PSBPM-FD
534,563,548,train,30,False,0.5446087142535029,0.7379760932804685,0.6848735083982413,0.5537632598194967,0.6549080232650398,2.5822027647285406,1.263858269488844,1.1825614514984693,2.424907319894212,0.8874379932198446,PSBPM-FD
535,564,549,train,30,False,0.5600883711257346,0.7483905204675796,0.711515073171869,0.5652679219039156,0.6676792729110744,2.5822027647285406,1.283471948137433,1.2013302862562842,2.409459558836265,0.8921535677575415,PSBPM-FD
536,565,550,train,30,False,0.5579716786252181,0.7469750187424062,0.6877210491552469,0.5641276554782405,0.6666497417442621,2.5822027647285406,1.273973055026621,1.19234844809094,2.4015713916654744,0.8924659125369703,PSBPM-FD
537,566,551,train,30,False,0.5476478642692029,0.740032340015761,0.6925230780967121,0.555137918899422,0.6571105389659334,2.5822027647285406,1.2589488201774308,1.1778061261539439,2.4139679330460306,0.8879484090545806,PSBPM-FD
538,567,552,train,30,False,0.5641849614905179,0.7511224677045135,0.6857395457920203,0.5616668399729836,0.6656521533689934,2.5822027647285406,1.2809413941097285,1.197693380793775,2.4200705135490326,0.8862098818629087,PSBPM-FD
539,568,553,train,30,False,0.5112955675378266,0.7150493462257179,0.7276834793679221,0.5433355959232574,0.6443953509844987,2.475802807700562,1.2412517320242864,1.1608480919847943,2.413676459263067,0.9011900428772422,PSBPM-FD
540,569,554,train,30,False,0.5390704614367063,0.7342141795393946,0.7261260850019283,0.5571818267406441,0.6640326431155522,2.475802807700562,1.284033659874986,1.2008448116458825,2.432728033363661,0.904412719912505,PSBPM-FD
541,570,555,train,30,False,0.5335207843084254,0.7304250709747204,0.6735381479867515,0.5550811318078931,0.6591310915890829,2.475802807700562,1.267008552480825,1.187023831996265,2.4068742628448847,0.9023938495286055,PSBPM-FD
542,571,556,train,30,False,0.5315695171715625,0.7290881408797996,0.6660664503869005,0.5528560871004635,0.6562318410872445,2.475802807700562,1.2603492902907703,1.180388122507499,2.400381692728991,0.9000720273619615,PSBPM-FD
543,572,557,train,30,False,0.5586471152170519,0.7474269965803028,0.6369835267598333,0.5710955130926136,0.6782692518833067,2.475802807700562,1.2984399803862299,1.2188237809530449,2.38565923749563,0.9074722414183418,PSBPM-FD
544,573,558,train,30,False,0.5624637207499118,0.7499758134432816,0.6571103874668476,0.5717875360777872,0.6805411858445236,2.475802807700562,1.296031894883271,1.2188173100656088,2.380164345510238,0.9074175108661567,PSBPM-FD
545,574,559,train,30,False,0.5622639223516209,0.7498425983842348,0.6621436698556641,0.5728862715442646,0.6804184290770295,2.475802807700562,1.294028630952327,1.2146533611138808,2.373729662288181,0.9074150102210772,PSBPM-FD
546,575,560,train,30,False,0.567241633111668,0.7531544550168099,0.6744492262155962,0.5765425848673651,0.6852502346698178,2.475802807700562,1.2975581914613263,1.2227878118135842,2.361861413759158,0.9098402460548727,PSBPM-FD
547,576,561,train,30,False,0.5606959236244152,0.7487963165136533,0.6606585395870507,0.5745388102264051,0.6796929012340875,2.475802807700562,1.2819282950438293,1.207317457667987,2.339886597555195,0.9077140021183507,PSBPM-FD
548,577,562,train,30,False,0.5689501598912504,0.7542878494919897,0.6575621158957629,0.5801261528630905,0.6859934741564099,2.475802807700562,1.3014275994785338,1.2246652442253365,2.347494075953789,0.9094584708190967,PSBPM-FD
549,578,563,train,30,False,0.5710029040318445,0.7556473410472934,0.6536004778349366,0.583278644825705,0.688629158610619,2.475802807700562,1.3004013757623578,1.2248274973061548,2.3239881697999474,0.9113102385250373,PSBPM-FD
550,579,564,train,30,False,0.5794580703960562,0.7612214332216719,0.6381160024751491,0.5890751233765018,0.6950141738230712,2.475802807700562,1.3151635001153552,1.238363133782851,2.3245780546933594,0.913024966837316,PSBPM-FD
551,580,565,train,30,False,0.5744458467397571,0.757922058486067,0.6782698181022176,0.5880510718712297,0.6931007155315746,2.425998202912729,1.3078690474811576,1.2308249533188074,2.3200691141666767,0.9144749222842629,PSBPM-FD
552,581,566,train,30,False,0.5756817436928029,0.75873693971811,0.6631723155198506,0.5882578557545899,0.6940979229174219,2.425998202912729,1.3063357128657354,1.2298957452782742,2.3155599694576448,0.914807078162422,PSBPM-FD
553,582,567,train,30,False,0.5660838827500788,0.7523854615488519,0.6514804508309683,0.5780983665697875,0.684404338631333,2.425998202912729,1.2965284711707985,1.218267598174156,2.343489076132999,0.9096458844678181,PSBPM-FD
554,583,568,train,30,False,0.5658031312742454,0.7521988641803744,0.6452598733307267,0.5779763090164419,0.6840704934887666,2.425998202912729,1.2965208874261305,1.2177786272651616,2.344257840448753,0.9094277139518907,PSBPM-FD
555,584,569,train,30,False,0.574223365199559,0.7577752735472166,0.6552401513954492,0.5835942766181436,0.6924347015873515,2.425998202912729,1.3186243489732947,1.2378351512759287,2.3644167815302413,0.9137731538085166,PSBPM-FD
556,585,570,train,30,False,0.4918708149486034,0.7013350233295094,0.5770090012830412,0.5458281143915029,0.6546880910850226,2.425998202912729,1.2791512857114273,1.1984087757023298,2.403923149379603,0.9334883747527171,PSBPM-FD
557,586,571,train,30,False,0.5238948300061554,0.7238057957809922,0.5947287603360765,0.5678426976446196,0.6797797934304569,2.425998202912729,1.333067093592614,1.2488927067936941,2.3943272004160203,0.9391742887288835,PSBPM-FD
558,587,572,train,30,False,0.5558147532444037,0.7455298473196118,0.5925160074687877,0.5819224304134188,0.6981100865772156,2.425998202912729,1.3680466014529946,1.2844601863104854,2.3950396343899794,0.9363945509185401,PSBPM-FD
559,588,573,train,30,False,0.57116468310324,0.7557543801416171,0.5949940625520298,0.5904247957771481,0.7088317626667909,2.425998202912729,1.394940716542929,1.3076126978853753,2.406937263938699,0.9379128739339445,PSBPM-FD
560,589,574,train,30,False,0.5799524709169062,0.7615461055753001,0.5996529569348864,0.5948922935168244,0.7163290626056542,2.425998202912729,1.4293571939585417,1.3354227786812,2.45434890662486,0.9406246809764889,PSBPM-FD
561,590,575,train,30,False,0.5703481946422588,0.7552140058567894,0.5975962972993984,0.589175191338185,0.708806537422059,2.425998202912729,1.4108988883074411,1.3159465518047602,2.450692124015577,0.9385505723214426,PSBPM-FD
562,591,576,train,30,False,0.6165605514611844,0.7852136979581956,0.5887367070457517,0.6109222286557604,0.7318910956404264,2.425998202912729,1.431078219985674,1.336036459687875,2.4250307812397858,0.9320916045448203,PSBPM-FD
563,592,577,train,30,False,0.6193417526178914,0.7869826888934034,0.5921624955303864,0.6146049821447974,0.7350450418218876,2.425998202912729,1.4312592297782112,1.336286090494523,2.3960239467448052,0.9340040793723853,PSBPM-FD
564,593,578,train,30,False,0.625830680261264,0.7910946089193529,0.6014728644183753,0.6229089003090993,0.7411151596218138,2.425998202912729,1.4342288961646263,1.338132358678,2.3530428736770106,0.9368224119668673,PSBPM-FD
565,594,579,train,30,False,0.7322761371798648,0.8557313463814825,0.6258928284806293,0.6582717961856003,0.7797590245787972,2.819486393793977,1.4800132826672183,1.3852370789444206,2.3356861243064992,0.9112194240354295,PSBPM-FD
566,595,580,train,30,False,0.7007723912557308,0.8371214913354756,0.5848508192592146,0.634952417593918,0.7554436164941947,2.819486393793977,1.4515772231022601,1.3566301919102826,2.390712227850757,0.9024300825069266,PSBPM-FD
567,596,581,train,30,False,0.7030644939107196,0.838489411925231,0.577576891771456,0.6371010790268509,0.758064092379577,2.819486393793977,1.4588143420605442,1.36343315730481,2.3957461399055737,0.9040830827416272,PSBPM-FD
568,597,582,train,30,False,0.671769237026821,0.8196152981898404,0.5665075073707946,0.6197684084159738,0.7386102988952771,2.819486393793977,1.4157437743715298,1.3219189140081633,2.4065300403223815,0.9011670481584877,PSBPM-FD
569,598,583,train,30,False,0.6467522721820121,0.8042090973012007,0.5588711112346808,0.6012199332137649,0.7185968795981428,2.819486393793977,1.3927040582463435,1.2976475723960479,2.4370647015242795,0.8935448280921479,PSBPM-FD
570,599,584,train,30,False,0.6215347927807376,0.7883747793915896,0.564280560996867,0.5889252365258213,0.701771101068893,2.819486393793977,1.3622851861760927,1.2698560536619674,2.440592360252935,0.8901491009269334,PSBPM-FD
571,600,585,train,30,False,0.6412531330716568,0.8007828251602658,0.5917968495743523,0.6002029752319019,0.7157961790003309,2.819486393793977,1.3847552062142818,1.2915428994556122,2.4384509241437575,0.893870543311258,PSBPM-FD
572,601,586,train,30,False,0.6552751127886237,0.8094906502169272,0.6070894090356516,0.6118957855249579,0.7297521842160298,2.819486393793977,1.4191763899362217,1.3234823757153218,2.455623556631112,0.9014955071074272,PSBPM-FD
573,602,587,train,30,False,0.6332307950878986,0.7957580003291821,0.6280412505307623,0.5985915045052576,0.7142944181993377,2.819486393793977,1.3991787914106937,1.301855674707423,2.482505636762505,0.8976276932231341,PSBPM-FD
574,603,588,train,30,False,0.6238589779359313,0.7898474396590339,0.6185641055661459,0.5942486392521816,0.7083206903868228,2.819486393793977,1.3951883034165207,1.296946062703229,2.491088362881335,0.89678165025463,PSBPM-FD
575,604,589,train,30,False,0.6108940390105293,0.7815971078570655,0.6158715402122527,0.5841422525986754,0.6985864099742359,2.819486393793977,1.390085504387053,1.289303257541179,2.531665965868255,0.8937934940542153,PSBPM-FD
576,605,590,train,30,False,0.6364031635410625,0.7977488098023479,0.6103340996471827,0.5998871233058699,0.71412761047942,2.819486393793977,1.4180997893353304,1.314101472128702,2.525273962981355,0.8951785345268694,PSBPM-FD
577,606,591,train,30,False,0.6348078521311955,0.7967482991078145,0.5946410178280025,0.5965824369026907,0.7124681564407084,2.819486393793977,1.4168713851447874,1.3123132409916722,2.542762123933658,0.8942198649667886,PSBPM-FD
578,607,592,train,30,False,0.6271012948609219,0.791897275447341,0.5818661324369803,0.5923235784868262,0.7066498951748108,2.819486393793977,1.3953996810756075,1.2917137664707503,2.5236800476482046,0.8923504564094198,PSBPM-FD
579,608,593,train,30,False,0.6273499765007514,0.7920542762341173,0.5860969370913064,0.5925349248801411,0.706936888053663,2.819486393793977,1.4008623862784055,1.2952346500977547,2.536899106325639,0.8925359148552906,PSBPM-FD
580,609,594,train,30,False,0.61737711287931,0.7857334871820788,0.6205621551473773,0.584508496457104,0.6991606822005088,2.819486393793977,1.3893310200487268,1.2838414977896022,2.5578249272992415,0.88981912264927,PSBPM-FD
581,610,595,train,30,False,0.6037026271410337,0.7769830288629436,0.5864868186105462,0.5776902726227291,0.6934401921513476,2.819486393793977,1.389960907670644,1.2814927838233467,2.573052641522109,0.8924779131484317,PSBPM-FD
582,611,596,train,30,False,0.5970096803783949,0.7726640151957349,0.5838109809546493,0.57344471972499,0.6872661966150401,2.819486393793977,1.3770127875236498,1.268785908720974,2.570921980274645,0.8894761281731731,PSBPM-FD
583,612,597,train,30,False,0.614753867725611,0.784062413157021,0.5691062723866445,0.5880192708071194,0.7025797519351309,2.819486393793977,1.3931054388791606,1.2866650515745506,2.540983521215824,0.8960763073773671,PSBPM-FD
584,613,598,train,30,False,0.6185802183535904,0.7864987084246169,0.5756371210259357,0.5903929472468031,0.7066008043066642,2.819486393793977,1.4026986733129232,1.295060608381568,2.5506471173339267,0.8984131782263306,PSBPM-FD
585,614,599,train,30,False,0.6537259307104424,0.8085331970367342,0.5719243427646736,0.6078622673684869,0.7257759468803499,2.819486393793977,1.4299482202332088,1.3222234000694855,2.5299976096693944,0.8976452043531561,PSBPM-FD
586,615,600,train,30,False,0.6689031357073897,0.8178649862339075,0.5730758886450003,0.6187139906670467,0.7367786741686734,2.819486393793977,1.4417334934362633,1.3345660352348987,2.506977247441124,0.9008561150922731,PSBPM-FD
587,616,601,train,30,False,0.6484539408354736,0.8052663788060902,0.5731579021911005,0.6094201632896542,0.7244547854866911,2.819486393793977,1.4086180391765812,1.3036819731894167,2.4907557691098736,0.8996461351842199,PSBPM-FD
588,617,602,train,30,False,0.6141830956005045,0.7836983447733602,0.569527238081039,0.592876695853111,0.7040421828774543,2.819486393793977,1.3691635685507149,1.2641694456473336,2.4936120043307706,0.8983586447168754,PSBPM-FD
589,618,603,train,30,False,0.5963206062871698,0.7722179784796322,0.5676789581495068,0.5826304810690227,0.6908984363747673,2.819486393793977,1.335304774426924,1.235205850258212,2.4741648998317443,0.8946935394265627,PSBPM-FD
590,619,604,train,30,False,0.6230789088773216,0.7893534752424427,0.5485375856220646,0.5964883939581668,0.7054837531257335,2.819486393793977,1.3550796520628572,1.2566682199143238,2.4429302327573947,0.8937488403519737,PSBPM-FD
591,620,605,train,30,False,0.6420822371239387,0.8013003413976177,0.551816562471624,0.6102837379583004,0.7186306092048106,2.819486393793977,1.366972077493545,1.2680000180142212,2.410312493122927,0.896830529176344,PSBPM-FD
592,621,606,train,30,False,0.5893089005923352,0.7676645755747331,0.5511977909797224,0.5825829542662564,0.6897709670183271,2.819486393793977,1.3402566180082203,1.2402297665349096,2.455441955047216,0.8985317141955014,PSBPM-FD
593,622,607,train,30,False,0.5867548728609506,0.7659992642691967,0.5379589147054192,0.5797130583753172,0.6869024998414359,2.819486393793977,1.339031402301032,1.2379985381738983,2.47284475619601,0.8967404172336598,PSBPM-FD
594,623,608,train,30,False,0.5932836602686117,0.7702490897551335,0.5315918423563851,0.5830726963479896,0.6915933159380129,2.819486393793977,1.3476794340839475,1.2461829555636568,2.47590258625461,0.8978826786512325,PSBPM-FD
595,624,609,train,30,False,0.4870975488156341,0.6979237414041982,0.4667877751767996,0.5463407723696723,0.6531115347397172,2.4582293056073854,1.319120574868887,1.2137136938080508,2.525129001238047,0.9357921159490571,PSBPM-FD
596,625,610,train,30,False,0.4910240492089005,0.7007310819486321,0.5046147492194489,0.5515839087986645,0.6585052428231385,2.4582293056073854,1.3216512642087168,1.2165565168696313,2.4846856763613068,0.9397403080678686,PSBPM-FD
597,626,611,train,30,False,0.5244857962234247,0.7242139160658436,0.547961605335146,0.569530992476492,0.6796010692198926,2.4582293056073854,1.3618486800277743,1.2534665257836324,2.47707558717136,0.9383982469043098,PSBPM-FD
598,627,612,train,30,False,0.5543228209381491,0.7445285897386004,0.5717687252565885,0.5882709700619738,0.6983835379288649,2.4582293056073854,1.3890563060580332,1.283348840064448,2.445239443525009,0.9380211150441694,PSBPM-FD
599,628,613,train,30,False,0.5841494133278405,0.7642966788674673,0.5982279274017883,0.6086069311306953,0.7208950062074974,2.4582293056073854,1.4313124305888747,1.3234544226458949,2.4331331481688845,0.9432135794122742,PSBPM-FD
600,629,614,train,30,False,0.5799214703437416,0.7615257515959271,0.5927888548668162,0.6048617304680074,0.7158833193917136,2.4582293056073854,1.4174468017380029,1.3102111814064554,2.4204340605600843,0.940064492752135,PSBPM-FD
601,630,615,train,30,False,0.5662430503770219,0.7524912294352818,0.5806875110388446,0.5974364010341785,0.707139629106823,2.4582293056073854,1.4101102652571391,1.3002029734490947,2.435417231946007,0.9397313901419243,PSBPM-FD
602,631,616,train,30,False,0.6041611871739543,0.7772780629697164,0.5768096851213376,0.6145518444182446,0.7261565542942173,2.4582293056073854,1.4398052539485307,1.329298054683309,2.4226569482249025,0.9342300894480658,PSBPM-FD
603,632,617,train,30,False,0.6164211557399849,0.7851249300206846,0.5744204815207274,0.6223474573836152,0.7359227164686332,2.4582293056073854,1.454521658707017,1.3444036719840946,2.4075461322755896,0.937331994348014,PSBPM-FD
604,633,618,train,30,False,0.6050252592171305,0.7778336963754723,0.5671819036981605,0.6133124418694952,0.7252739923540316,2.4582293056073854,1.4349664089717755,1.3248183068265478,2.4126556137421677,0.9324280957917394,PSBPM-FD
605,634,619,train,30,False,0.6186623770859442,0.7865509373752879,0.593282641994489,0.6240030125578081,0.7354190804988149,2.4582293056073854,1.444569852810654,1.3382165522748495,2.3765652692485584,0.9349923133432407,PSBPM-FD
606,635,620,train,30,False,0.6026275200183624,0.7762908733318732,0.6087463748608672,0.6142113642353091,0.7267384747127676,2.4582293056073854,1.4356352501524698,1.3315080440483624,2.392358629553307,0.9361677428894344,PSBPM-FD
607,636,621,train,30,False,0.6040284499983986,0.7771926723782195,0.6259390307191607,0.6157079082675643,0.728204577929097,2.4582293056073854,1.441278765662667,1.3332774268647518,2.39624924071524,0.936967889443401,PSBPM-FD
608,637,622,train,30,False,0.6019136951568294,0.7758309707383622,0.6473077667035018,0.6124564424008541,0.7262678036900634,2.4582293056073854,1.4451460108654681,1.3380881691848456,2.426058361027063,0.9361160240855952,PSBPM-FD
609,638,623,train,30,False,0.6070233522547807,0.7791170337342014,0.6594433857339579,0.616874625146082,0.7312542411332974,2.4582293056073854,1.4585965903228888,1.3505357199677626,2.4333872106250967,0.9385679037570207,PSBPM-FD
610,639,624,train,30,False,0.6115089763435232,0.7819903940225373,0.672480123453188,0.62099261821705,0.7351054404977316,2.4582293056073854,1.4613950465861631,1.3529488114979287,2.4144060606872464,0.9400440799743961,PSBPM-FD
611,640,625,train,30,False,0.578623314759204,0.7606729354717466,0.6874603613895666,0.6030304943390586,0.7145981050031984,2.4582293056073854,1.418810393373622,1.3141119749362729,2.4177621428353016,0.9394288552675087,PSBPM-FD
612,641,626,train,30,False,0.6049724004655558,0.7777997174501645,0.6801361323845962,0.62205239922093,0.7328247655038064,2.4582293056073854,1.4440574667086041,1.336937718112274,2.387151583914628,0.9421766928717871,PSBPM-FD
613,642,627,train,30,False,0.6047017552499958,0.7776257166850874,0.6677889001526641,0.6184516739699881,0.7326569856770029,2.4582293056073854,1.4646291271366185,1.354732074342379,2.430459544375783,0.9421717542987389,PSBPM-FD
614,643,628,train,30,False,0.6021507635910965,0.7759837392568845,0.6591681881152858,0.6161889196858973,0.7300940031045668,2.4582293056073854,1.4662183668420496,1.3547877744564638,2.451409353911457,0.9408625028711767,PSBPM-FD
615,644,629,train,30,False,0.5645741689435011,0.7513815069214181,0.6415445573337331,0.5979717258506682,0.708887512119165,2.4582293056073854,1.4301171525052898,1.3197685506824834,2.457692776460551,0.9434455141485173,PSBPM-FD
616,645,630,train,30,False,0.7681415436927729,0.8764368452391609,0.7486735507582676,0.6508292888230913,0.7675588086101024,4.098010934417148,1.5173501968424554,1.4044157334550544,2.4501974368086294,0.8757719541111396,PSBPM-FD
617,646,631,train,30,False,0.7807779938554202,0.88361642914526,0.7273463816594457,0.6557735203758803,0.7757838071526095,4.098010934417148,1.5413576409218583,1.4273872672630825,2.469048968527587,0.8779644442589652,PSBPM-FD
618,647,632,train,30,False,0.7763112975019155,0.8810852952478072,0.7058520347574642,0.6516815351977681,0.7709341811812909,4.098010934417148,1.53196956072661,1.4219066224753925,2.4723956332604424,0.8749824623556609,PSBPM-FD
619,648,633,train,30,False,0.8042763513953815,0.8968145579747139,0.6781345920429104,0.6663237552115624,0.7893621145107094,4.098010934417148,1.57611124178652,1.4624830195692753,2.4910916095253652,0.8801843229366554,PSBPM-FD
620,649,634,train,30,False,0.7671288011701811,0.8758588934127353,0.6542241005046531,0.6454679069153794,0.7654870202884168,4.098010934417148,1.5273995676042327,1.4151497880234123,2.509323076421404,0.8739844123814732,PSBPM-FD
621,650,635,train,30,False,0.7434457354596439,0.8622329937201684,0.6273987426985936,0.6274303062840384,0.7471057130318906,4.098010934417148,1.4991492852398645,1.3889926752849842,2.527586861326847,0.8664777600407604,PSBPM-FD
622,651,636,train,30,False,0.7406803584423634,0.8606278861635633,0.6144544558383134,0.6241680951673949,0.7439167136975929,4.098010934417148,1.4918750892434522,1.3797079306294482,2.5356899914887583,0.8643883444374131,PSBPM-FD
623,652,637,train,30,False,0.7485421653564505,0.8651833131518721,0.6128283077669803,0.6295896045618103,0.7515295035714352,4.098010934417148,1.5139718556105213,1.4013182869948737,2.549558203810958,0.8686361516076924,PSBPM-FD
624,653,638,train,30,False,0.7504746871377856,0.8662994211805671,0.6234604604129086,0.628137102638269,0.7527608114367789,4.098010934417148,1.5285788792328099,1.4146187459969488,2.5780355100651975,0.868938375153176,PSBPM-FD
625,654,639,train,30,False,0.7401354188674782,0.8603112337215401,0.6334496595301315,0.6215248331768064,0.745269667465159,4.098010934417148,1.5103835286060812,1.396455111744012,2.5833706132141354,0.8662791304505771,PSBPM-FD
626,655,640,train,30,False,0.743894503618655,0.8624931904766872,0.6289701354270343,0.6248133731024931,0.7490201163254857,4.098010934417148,1.5203197214772577,1.4044427137728375,2.589231427114129,0.8684359767658147,PSBPM-FD
627,656,641,train,30,False,0.7300573764415125,0.8544339508946918,0.603073253246452,0.6194256559150265,0.7421456121258863,4.098010934417148,1.5054620787744224,1.3908974706154111,2.5866907999355613,0.868581604638689,PSBPM-FD
628,657,642,train,30,False,0.6989803126087267,0.8360504246806688,0.5810349094687705,0.602216397526797,0.7221072899271859,4.098010934417148,1.4647899543463538,1.351274761007822,2.5752689508989284,0.8637126046589788,PSBPM-FD
629,658,643,train,30,False,0.717192069524787,0.8468719321861996,0.5601919641549347,0.6093089056238747,0.7302238039966938,4.098010934417148,1.4748754018690944,1.3625013236152415,2.569968199583704,0.8622600138743781,PSBPM-FD
630,659,644,train,30,False,0.7201493161708565,0.8486161182601097,0.5524862985410618,0.6119941386015508,0.7339035361808541,4.098010934417148,1.482469852423905,1.369866823912598,2.5736151245482817,0.8648239414607783,PSBPM-FD
631,660,645,train,30,False,0.712041717511523,0.8438256440234102,0.5514380453421982,0.605915459548649,0.726368744651295,4.098010934417148,1.4640238506175725,1.3551032029358032,2.5648414364627987,0.860804302163568,PSBPM-FD
632,661,646,train,30,False,0.6642073926480606,0.814989197872009,0.5356504117241985,0.5813923599628752,0.6988685339116015,4.098010934417148,1.4157229211118865,1.3071295032083508,2.578715553071137,0.8575187692504315,PSBPM-FD
633,662,647,train,30,False,0.647580852617969,0.8047240847756261,0.542616743604327,0.5698608673360285,0.6836322901775317,4.098010934417148,1.382638259016261,1.27565295087257,2.5686504671777266,0.8495238344558094,PSBPM-FD
634,663,648,train,30,False,0.6548654209039814,0.8092375552975661,0.54786431424758,0.5761685182383738,0.6911046126032071,4.098010934417148,1.3916452047252104,1.285548367544153,2.5554006123849358,0.8540194508756824,PSBPM-FD
635,664,649,train,30,False,0.6343143086394131,0.7964385152913017,0.5353050012867172,0.5593400828769014,0.671988905087068,4.098010934417148,1.3533751960314993,1.2483313563912715,2.5547192196075015,0.8437423507089991,PSBPM-FD
636,665,650,train,30,False,0.6288550352793982,0.7930038053372747,0.5480027843419704,0.5548835319394839,0.6682897384072511,4.098010934417148,1.3536764903097984,1.2466941822381714,2.5760959619251835,0.8427320700220586,PSBPM-FD
637,666,651,train,30,False,0.6810930885159231,0.8252836412506449,0.5658363636903481,0.5837836807967947,0.696561801257514,4.098010934417148,1.3841976861626828,1.2805327130938364,2.5347086188920978,0.8440271519279549,PSBPM-FD
638,667,652,train,30,False,0.68672312632966,0.8286875927209603,0.5704499849492486,0.5910808201059237,0.7013441177694605,4.098010934417148,1.381049275570011,1.2785199680611115,2.490503423820679,0.8463311432799748,PSBPM-FD
639,668,653,train,30,False,0.6902321902604983,0.8308021366489727,0.5735521840054222,0.5919241194442199,0.7041335457576768,4.098010934417148,1.3885813202374102,1.2857183166234567,2.500647302760846,0.8475345869929853,PSBPM-FD
640,669,654,train,30,False,0.6836786837064902,0.8268486461901539,0.5586629192050575,0.5864366755990823,0.6981857407989699,4.098010934417148,1.3763533272436133,1.2750621737578325,2.5055694468744956,0.8443936432816087,PSBPM-FD
641,670,655,train,30,False,0.6842324372177657,0.8271834362568956,0.556470286580162,0.5880547975748308,0.6987367853373385,4.098010934417148,1.3778508554753026,1.276204958503519,2.49962578622081,0.844718057338293,PSBPM-FD
642,671,656,train,30,False,0.6973074659339374,0.8350493793386936,0.5565106634022401,0.5915182486315017,0.7047539654717563,4.098010934417148,1.3922138752863094,1.293988735113363,2.507245114033732,0.8439668155072182,PSBPM-FD
643,672,657,train,30,False,0.6936605381899302,0.8328628567717078,0.5756022952156669,0.5900086711800898,0.7023810162715992,4.098010934417148,1.390593927306822,1.291125752172424,2.5123229151653845,0.8433333418110704,PSBPM-FD
644,673,658,train,30,False,0.6943319886082613,0.8332658570997982,0.5609040503506986,0.5907382526046019,0.7030954282973431,4.098010934417148,1.3813327914425777,1.2848681554865247,2.481651359282434,0.84378283630207,PSBPM-FD
645,674,659,train,30,False,0.7344474377962139,0.8569990885620672,0.549025553954574,0.6093928258044521,0.7253427078246572,4.098010934417148,1.420627848495628,1.3226447815397444,2.4775540516628576,0.8463751216371627,PSBPM-FD
646,675,660,train,30,False,0.5125226197682907,0.7159068513209598,0.49323184838783724,0.5434480960848216,0.6523166984696903,2.280675383032745,1.310635275394854,1.2149970052382804,2.493977665875693,0.9111753816380781,PSBPM-FD
647,676,661,train,30,False,0.499233847877104,0.7065648221338959,0.47896431345225393,0.5362782126146868,0.6435797694602372,2.280675383032745,1.2918138083550756,1.1971530009750504,2.4938735458809798,0.9108573612772886,PSBPM-FD
648,677,662,train,30,False,0.5524252258186322,0.7432531371064856,0.5087002864440835,0.5641073505846015,0.6747007578772923,2.4267022158845295,1.3457129942146735,1.2470390429907625,2.476599491989034,0.9077671175448107,PSBPM-FD
649,678,663,train,30,False,0.5248174316309424,0.7244428422111315,0.5099011439897079,0.5493199283900311,0.6566389882560032,2.4267022158845295,1.3103697468756166,1.2111162865134262,2.479206737940973,0.9064055160677982,PSBPM-FD
650,679,664,train,30,False,0.5258816188847799,0.7251769569455305,0.5140424997009101,0.550619196337518,0.6578536752571957,2.4267022158845295,1.3095815980821262,1.212614510685178,2.4654111940882464,0.907162960649077,PSBPM-FD
651,680,665,train,30,False,0.6062950442164033,0.7786495002351208,0.5358083332342847,0.5846569092669412,0.6987806561821187,3.184185844090215,1.3916996247043172,1.2930718264251317,2.4653196398420496,0.8974264492189555,PSBPM-FD
652,681,666,train,30,False,0.6807584096046682,0.8250808503441758,0.555547302520294,0.622255002016157,0.7373757969624234,3.184185844090215,1.440306605763076,1.3421520413993284,2.414925592696933,0.8937012617064535,PSBPM-FD
653,682,667,train,30,False,0.8347136910409538,0.9136266694011038,0.6273778619995385,0.6717652704350987,0.7910141692303746,3.9668887442097334,1.5205142157396445,1.4221704038216352,2.3732578467168226,0.8657958395072863,PSBPM-FD
654,683,668,train,30,False,0.856135276749724,0.9252757841582822,0.6148780898199894,0.6832156827235227,0.802067473868662,3.9668887442097334,1.525531225027124,1.4318764603507794,2.3437336069611954,0.8668415272515728,PSBPM-FD
655,684,669,train,30,False,0.8595779603079138,0.9271342730737084,0.599694472050823,0.6861787159702705,0.8048464454358603,3.9668887442097334,1.5243588089573294,1.4324953843206496,2.3230182189611726,0.868101275953881,PSBPM-FD
656,685,670,train,30,False,0.8518718758516068,0.9229690546554672,0.58809208840869,0.6775273790435823,0.7956660115560933,3.9668887442097334,1.5096089025488306,1.4195017167148896,2.3488971715323754,0.862072252089866,PSBPM-FD
657,686,671,train,30,False,0.8279442219538596,0.9099144036412764,0.5743887654160696,0.6608359400460935,0.7759969186158568,3.9668887442097334,1.4756409456395478,1.3863178864014243,2.3677831314522817,0.8528240848924785,PSBPM-FD
658,687,672,train,30,False,0.8245839508155102,0.9080660498088837,0.5682217888831372,0.6560507456949384,0.7719385219441034,3.9668887442097334,1.4744314829409626,1.3848241774066272,2.393682245926849,0.8500907198397843,PSBPM-FD
659,688,673,train,30,False,0.781183476389796,0.8838458442453616,0.5648126260637639,0.6339343971881136,0.7469705714782012,3.9668887442097334,1.4275776863131797,1.3380453917442512,2.391650686474087,0.8451367128574031,PSBPM-FD
660,689,674,train,30,False,0.779252135023885,0.8827525899275998,0.5682885653507067,0.6327796010167902,0.7446863775892644,3.9668887442097334,1.4224193881544913,1.3308308238835913,2.384764601085668,0.8435958003253674,PSBPM-FD
661,690,675,train,30,False,0.7839526499102012,0.8854110062057062,0.5660405245297137,0.6369651626304065,0.7494242544721623,3.9668887442097334,1.4315948402956342,1.3376099153037835,2.3841842451277984,0.8464139808739284,PSBPM-FD
662,691,676,train,30,False,0.8408308504923793,0.9169682930681842,0.5998755771687695,0.6638839438067705,0.7803165313348125,3.9668887442097334,1.4793484941690342,1.3863429187031302,2.3654525752629567,0.8509743872646527,PSBPM-FD
663,692,677,train,30,False,0.8442289099348453,0.918819302112687,0.5983851518964648,0.6677553771705613,0.7847465034635464,3.9668887442097334,1.4853419906951046,1.3933250765512935,2.3576507769843724,0.8540814300038534,PSBPM-FD
664,693,678,train,30,False,0.8538068347681683,0.9240166853299611,0.5964868689859008,0.6733805376576689,0.7915696614772293,3.9668887442097334,1.5059121889237639,1.411742530035017,2.3705425129787,0.8566616534576584,PSBPM-FD
665,694,679,train,30,False,0.8603689950612478,0.9275607770174673,0.5914273692072545,0.680257212129187,0.8001985632063537,3.9668887442097334,1.5232533525377085,1.4263980689716045,2.3750027314491304,0.8626912467982514,PSBPM-FD
666,695,680,train,30,False,0.8476138708779052,0.9206594760702271,0.5799472214326093,0.6709249899664139,0.78705690055869,3.9668887442097334,1.4880277345851483,1.394179257863629,2.3488260454760175,0.8548838316618315,PSBPM-FD
667,696,681,train,30,False,0.7911743990231273,0.8894798474519404,0.5761422048792773,0.6379308550390538,0.7538507386970489,3.9668887442097334,1.446526301127531,1.3538602897001293,2.39293380833598,0.8475186265957311,PSBPM-FD
668,697,682,train,30,False,0.80660833152599,0.8981137631313697,0.5659035496797001,0.6429377748374285,0.7634455258972098,3.9668887442097334,1.4684575662512804,1.3748752883699398,2.409546423343833,0.8500543664261143,PSBPM-FD
669,698,683,train,30,False,0.8774641643329303,0.9367305719004426,0.5689372165090895,0.6750627933960853,0.7945809302885407,3.9668887442097334,1.4891175439409463,1.3987328299706345,2.3654491591845304,0.8482491701711964,PSBPM-FD
670,699,684,train,30,False,0.8994510032905538,0.9483939072403164,0.581872751364383,0.6883360274671374,0.8103316701308055,3.9668887442097334,1.518482170202555,1.4263321612858948,2.3569028414029543,0.8544252171428945,PSBPM-FD
671,700,685,train,30,False,0.9013159207651853,0.9493765958591908,0.5893604416479814,0.689485597065275,0.812068801840732,3.9668887442097334,1.5233041223478525,1.4319326760031656,2.3613239994484774,0.8553705719970962,PSBPM-FD
672,701,686,train,30,True,0.8596599740665026,0.9271785017279589,0.5940087639480173,0.6647213125570531,0.7850927827259974,3.9668887442097334,1.4821317714545892,1.388858228360136,2.4014641776709755,0.8467547308990017,PSBPM-FD
673,702,687,train,30,True,0.8655678169459738,0.9303589720887169,0.5978650408966454,0.6695331599446421,0.7888366550453602,3.9668887442097334,1.474702009277488,1.382563770713891,2.369903955657798,0.8478841809569163,PSBPM-FD
674,703,688,train,30,True,0.8610729658929113,0.9279401736604097,0.6179682730783816,0.6653076455806101,0.7831525324549067,3.9668887442097334,1.4679437282018661,1.3738554738757667,2.3818247867339712,0.8439687758809226,PSBPM-FD
675,704,689,train,30,True,0.816146185939361,0.9034080949047119,0.6516152327933165,0.6419917948738553,0.7560450103484205,3.9668887442097334,1.4235629759456672,1.330673632747619,2.4033385372159644,0.8368809341122466,PSBPM-FD
676,705,690,train,30,True,0.8219087324959631,0.9065918224294565,0.6586265784684513,0.6466614233596292,0.7617055574386223,3.9668887442097334,1.4382280985475056,1.3450073903971267,2.4117482504677,0.8401857799659251,PSBPM-FD
677,706,691,train,30,True,0.8122803188464719,0.9012659534490759,0.7058487575409546,0.6374562748371416,0.7516452847798529,3.9668887442097334,1.4170748111169387,1.3257734797231444,2.4236814892330774,0.8339883270896497,PSBPM-FD
678,707,692,train,30,True,0.7599377350455258,0.8717440765761049,0.7054901414997162,0.6110381512823599,0.721575955127856,3.9668887442097334,1.366911771481329,1.2767182033854991,2.4409669285392566,0.8277382944337806,PSBPM-FD
679,708,693,train,30,True,0.7687179339810728,0.876765609488119,0.7124945280162696,0.6168811447742784,0.7288610860768173,3.9668887442097334,1.380504032766552,1.2915237642907624,2.4388566085070242,0.8313066550390216,PSBPM-FD
680,709,694,train,30,True,0.7740146374033486,0.8797810167327712,0.7277754058956752,0.6217698668569926,0.7338478867333238,3.9668887442097334,1.3884278812397701,1.2951537654089882,2.4278965615234163,0.834125620780729,PSBPM-FD
681,710,695,train,30,True,0.7084268014403412,0.8416809380283845,0.8137014047133638,0.5996522301014965,0.7060357951667796,3.9668887442097334,1.3281515757564002,1.2366946487164683,2.417378556591863,0.8388401866634283,PSBPM-FD
682,711,696,train,30,True,0.6406715931342,0.8004196356500757,0.741121526831003,0.5695388507049584,0.6743039828237737,3.9668887442097334,1.2870946324953023,1.1967647404162969,2.4359965427178376,0.8424380822143689,PSBPM-FD
683,712,697,train,30,True,0.5047993248139762,0.7104923115797779,0.6232053788737603,0.53250800205872,0.6319666163529817,2.4307552104614505,1.2080522687328394,1.1214078915634502,2.4310817570740975,0.8894770654840803,PSBPM-FD
684,713,698,train,30,True,0.4687256492162293,0.684635413352413,0.5900813035557184,0.5126541573204384,0.6092535023888587,2.4307552104614505,1.17410159476975,1.0860144912140646,2.448549139865069,0.8898948119051624,PSBPM-FD
685,714,699,train,30,True,0.46088916368938515,0.6788881820221834,0.5961918973431088,0.5062313777623587,0.6021967942421398,2.4307552104614505,1.1599717650643606,1.0738499517557558,2.4571151430952116,0.8870338447318301,PSBPM-FD
686,715,700,train,30,True,0.4710502972356122,0.6863310405595919,0.6174465639428613,0.5164386902948803,0.6134624223140157,2.4307552104614505,1.1774991503808538,1.0903160953399165,2.429551244559708,0.8938287590982864,PSBPM-FD
687,716,701,test,30,True,0.4907630703024501,0.7005448381812902,0.6350569052250079,0.531151448033449,0.6307002923353449,2.4307552104614505,1.2056247894659997,1.117580511724751,2.408883359612793,0.9002996781372749,PSBPM-FD
688,717,702,test,30,True,0.4927919202199178,0.7019913961153069,0.630696818927924,0.534197698462634,0.6332885237451484,2.4307552104614505,1.208747482483696,1.118980871821038,2.3964666546324134,0.9021314609404791,PSBPM-FD
689,718,703,test,30,True,0.4937766977930938,0.7026924631679877,0.6308803939053913,0.5337836305930586,0.6342556764636146,2.4307552104614505,1.218364706329484,1.1285687502333546,2.4215844218440536,0.9026077689863987,PSBPM-FD
690,719,704,test,30,True,0.4944391503039897,0.7031636724859937,0.6324584360215844,0.5344920398919143,0.6350818984789088,2.4307552104614505,1.2194055772830934,1.1290731560266296,2.4201233873735917,0.9031779133777125,PSBPM-FD
691,720,705,test,30,True,0.49551425969915136,0.7039277375548938,0.6433679479809447,0.5342994982110937,0.6360071161164961,2.4307552104614505,1.2233192261991157,1.1336831065011426,2.4292735511853456,0.9035119404808208,PSBPM-FD
692,721,706,test,30,True,0.4470734623387887,0.6686355227915943,0.5806879574100198,0.5140758728307865,0.612535417702624,2.0902608145341417,1.1873693264137055,1.0957200386162964,2.43838356128174,0.9160976299094177,PSBPM-FD
693,722,707,test,30,True,0.5351217659385392,0.7315201746626946,0.5965591386773892,0.5477138718193615,0.6537492771735318,3.0908048493834124,1.2632949936922229,1.1686243960588107,2.4422672573252795,0.8936859157370156,PSBPM-FD
694,723,708,test,30,True,0.5452110735401873,0.7383840962129312,0.5376699756769173,0.5492302051154927,0.6594218573860312,3.0908048493834124,1.2726725943257664,1.178397980909699,2.450006967924996,0.8930607535673015,PSBPM-FD
695,724,709,test,30,True,0.5801811298235967,0.7616962188586712,0.5412930501554408,0.5674515818534831,0.6805679508701723,3.0908048493834124,1.308838431845454,1.2163972476633504,2.442638477785621,0.8934899951189703,PSBPM-FD
696,725,710,test,30,True,0.5903012185640726,0.7683106263511345,0.5347293123101062,0.5777766130473587,0.6916892296660673,3.0908048493834124,1.3238296039737623,1.2299129762834329,2.4267681876492184,0.9002728921647771,PSBPM-FD
697,726,711,test,30,True,0.6164112458704063,0.7851186189808559,0.5093299654008095,0.5930761312025915,0.7117104214518721,3.0908048493834124,1.3744707608870865,1.276558331331096,2.43443083771817,0.9065005010016535,PSBPM-FD
698,727,712,test,30,True,0.6127183372406869,0.7827632702424705,0.5197424878604867,0.5913850697589671,0.7096991202220292,3.0908048493834124,1.3851320957739213,1.2830533055084927,2.455392970172509,0.9066586887785258,PSBPM-FD
699,728,713,test,30,True,0.5355052414403424,0.7317822363520055,0.5045024536623135,0.5564531219444777,0.6731764398659611,3.0908048493834124,1.3434565462615708,1.2401131167467667,2.470234355874387,0.9199136114888508,PSBPM-FD
700,729,714,test,30,True,0.5099172607638278,0.714084911452292,0.4877280414174716,0.5398325888956615,0.6528437687371232,3.0908048493834124,1.3026158406227875,1.2022607164872732,2.469662536678351,0.9142382905267978,PSBPM-FD
701,730,715,test,30,False,0.509708377327723,0.7139386369483885,0.5030622850682086,0.540037170262864,0.6526572790928131,3.0908048493834124,1.2992555592471502,1.1978530829530287,2.461621447224433,0.9141643907696152,PSBPM-FD
702,731,716,test,30,False,0.5094402234527496,0.7137508132764191,0.5135119942242101,0.5406538107918919,0.6522867929405007,3.0908048493834124,1.291557458379301,1.1919974338099535,2.429215269162059,0.9138858839911195,PSBPM-FD
703,732,717,test,30,False,0.4906338817824976,0.700452626365622,0.5359619254519317,0.5273975105333929,0.6370292522480171,3.0908048493834124,1.2671076391132665,1.1697862031545154,2.443976095685386,0.9094537278749538,PSBPM-FD
704,733,718,test,30,False,0.49492264655577056,0.7035073891266321,0.540571822301146,0.5320033834988211,0.642497537371705,3.0908048493834124,1.2750164942440778,1.1784406517343295,2.432751813216679,0.9132775963722746,PSBPM-FD
705,734,719,test,30,False,0.510381240595725,0.7144097147965759,0.558605848570584,0.5428065448391753,0.6551348631201422,3.0908048493834124,1.3073688018118206,1.2063628320993582,2.4350409343144017,0.9170296113717997,PSBPM-FD
706,735,720,test,30,False,0.5098377973164118,0.7140292692294986,0.5479262846359895,0.5433666943518533,0.6546719438194998,3.0908048493834124,1.2997403510026146,1.1998572621922365,2.417398608876294,0.9168698988011365,PSBPM-FD
707,736,721,test,30,False,0.5222567857336258,0.7226733603320561,0.5294180812582618,0.5556476358539907,0.6668427742791022,3.0908048493834124,1.3142785395314935,1.2141163679352058,2.3815366168430736,0.9227443695623418,PSBPM-FD
708,737,722,test,30,False,0.5332115074550374,0.7302133300995247,0.5131561710339064,0.5633920344223624,0.6765407439810401,3.0908048493834124,1.3296359367254154,1.229620847185313,2.372704849002132,0.9264973893161206,PSBPM-FD
709,738,723,test,30,False,0.5307666850671643,0.7285373601039031,0.5063923282536453,0.5623801305498047,0.6747565267041635,3.0908048493834124,1.3186856764984896,1.2214272130499821,2.3579206352150934,0.9261797179597357,PSBPM-FD
710,739,724,test,30,False,0.522147388379247,0.7225976670175783,0.4978537341271046,0.5552200183393605,0.6655407376551676,3.0908048493834124,1.3004399697042996,1.2079218950349122,2.3546105551874588,0.9210391453408572,PSBPM-FD
711,740,725,test,30,False,0.5342643077331123,0.7309338600264133,0.48684048040683275,0.5608262357185649,0.6725303011428457,3.0908048493834124,1.3101127261748715,1.2171383204435755,2.352076635465143,0.9200973411172154,PSBPM-FD
712,741,726,test,30,False,0.5436465410450844,0.7373239051089313,0.5078594198705436,0.5648513844769834,0.6792980145394696,3.0908048493834124,1.3312943894861022,1.2365409579393005,2.371223727258148,0.9213020354183565,PSBPM-FD
713,742,727,test,30,False,0.5185560750283654,0.720108377279674,0.48842928409727526,0.5469919578234083,0.6614073713142854,3.0908048493834124,1.3117375437572976,1.21473326553761,2.4153010748964765,0.9184830952985977,PSBPM-FD
714,743,728,test,30,False,0.5166682023955579,0.7187963566932973,0.4820343012340207,0.5459325004849396,0.6591581969927989,3.0908048493834124,1.3068071254552147,1.2104645897298956,2.4086534317767625,0.9170305203342239,PSBPM-FD
715,744,729,test,30,False,0.5261532498213112,0.7253642187351891,0.4936369273113084,0.5538604049139818,0.6674283272242489,3.0908048493834124,1.3254625763387027,1.2247712232416328,2.401056732413594,0.920128550575651,PSBPM-FD
716,745,730,test,30,False,0.5208890703350861,0.7217264511815306,0.4874887624502705,0.549238090317813,0.6626244122574855,3.0908048493834124,1.3141336791946967,1.2157503242068401,2.3992332089751405,0.9181101942054503,PSBPM-FD
717,746,731,test,30,False,0.516580942222811,0.7187356553162025,0.5093768478583252,0.5472027730989768,0.6598957632502451,3.0908048493834124,1.3140203604708414,1.2142466502610996,2.406320284997123,0.9181341684794095,PSBPM-FD
718,747,732,test,30,False,0.5222824522250823,0.7226911181307559,0.5132851049262755,0.550844196378743,0.6654424044495395,3.0908048493834124,1.330731906930764,1.230539036628717,2.4250052719864503,0.9207839805347401,PSBPM-FD
719,748,733,test,30,False,0.5549440743934233,0.7449456855324577,0.5380829945284608,0.5700493496711446,0.6853161978753728,3.0908048493834124,1.357014716865352,1.256962734139768,2.3978476999271776,0.9199545835150866,PSBPM-FD
720,749,734,test,30,False,0.559797622249177,0.7481962458133407,0.5321398947817859,0.5719651277430611,0.6902901619473492,3.0908048493834124,1.381572846464699,1.2800963835216084,2.446278687134365,0.9226057545864272,PSBPM-FD
721,750,735,test,30,False,0.5632861960127405,0.7505239476610593,0.527575930226965,0.5742167483583757,0.6930326678743347,3.0908048493834124,1.3913523465969133,1.287939492888774,2.453864284365681,0.9233984738716319,PSBPM-FD
722,751,736,test,30,False,0.5601722470482113,0.7484465559064397,0.5144845281039075,0.5714397815749479,0.6906132443079117,3.0908048493834124,1.3829611837198148,1.2815516202286732,2.4499426899275423,0.9227288693599687,PSBPM-FD
723,752,737,test,30,False,0.49366874890467344,0.7026156480641984,0.48052282222086723,0.5499594822491197,0.6651106364310878,2.3187157269292387,1.3500489119934975,1.245576824029927,2.4693534747758106,0.9466208705478707,PSBPM-FD
724,753,738,test,30,False,0.4789375930006719,0.6920531720906075,0.5037709380302411,0.5466946007036458,0.6563773875535073,2.3187157269292387,1.3294251446129302,1.2264770350864131,2.4506021245268954,0.9484493591304147,PSBPM-FD
725,754,739,test,30,False,0.5026059520286691,0.7089470727978705,0.5395673238534582,0.5544512946753876,0.6656050071871843,2.607376017604157,1.3463125687748567,1.2424226274982941,2.450728421192825,0.9388641729774887,PSBPM-FD
726,755,740,test,30,False,0.5032570397242002,0.7094061176252995,0.5561877534482261,0.553234475534603,0.6661221019387285,2.607376017604157,1.3602234359386645,1.2538233667284924,2.481896588771974,0.9389855618507181,PSBPM-FD
727,756,741,test,30,False,0.4775779259494034,0.6910701309920748,0.5741267808298343,0.5396057031211765,0.6466982367321933,2.607376017604157,1.306967782212778,1.204236401851339,2.45081492671658,0.9357924872310964,PSBPM-FD
728,757,742,test,30,False,0.45918682490165474,0.6776332525058483,0.5520031176606222,0.529525893877213,0.6333157411919097,2.607376017604157,1.2724334981778067,1.1729276599636564,2.4403771731412505,0.9345995623000274,PSBPM-FD
729,758,743,test,30,False,0.45589447119438037,0.6751995787871764,0.5538237656132372,0.525374450858357,0.6296972918272823,2.607376017604157,1.2735832918704568,1.1726312590594574,2.4666247309758975,0.9326091301158284,PSBPM-FD
730,759,744,test,30,False,0.4769541906337638,0.6906187013350883,0.5833640869802998,0.5398966792370031,0.6475039711595484,2.607376017604157,1.3035623907009037,1.2027111294510617,2.459035113902595,0.9375708620513874,PSBPM-FD
731,760,745,test,30,False,0.4816294923516663,0.6939953114767177,0.5987737046180078,0.5430093349879423,0.6513092258585466,2.607376017604157,1.3116840724982128,1.2095391925231722,2.4609376778219434,0.9384922564860827,PSBPM-FD
732,761,746,test,30,False,0.5184387837815378,0.720026932677895,0.6039751606131935,0.5656133863851598,0.6764186260594953,2.607376017604157,1.353677821176168,1.2488767059938903,2.449522066972196,0.9394351729924694,PSBPM-FD
733,762,747,test,30,False,0.552938240327759,0.7435981712778474,0.6417288221712053,0.588369699608321,0.6997914311341239,2.607376017604157,1.382458409968513,1.2777195775653558,2.41821257912755,0.9410881550872519,PSBPM-FD
734,763,748,test,30,False,0.581439888220988,0.762522057530789,0.6613466098194373,0.6047655354488561,0.7186249034599771,2.607376017604157,1.4197706883338597,1.3116399970030423,2.4171794918476306,0.9424316272070077,PSBPM-FD
735,764,749,test,30,False,0.566435606861814,0.7526191645592172,0.6625927523685959,0.5946505489372227,0.7065158620333647,2.607376017604157,1.3828802071842605,1.2812285170041604,2.3964706800936026,0.93874285336216,PSBPM-FD
736,765,750,test,30,False,0.5694691598227046,0.7546318041420628,0.6995116712933205,0.595012777232845,0.7089745281873873,2.607376017604157,1.3895515511753755,1.2867192475381715,2.4078677123040837,0.939497281052734,PSBPM-FD
737,766,751,test,30,False,0.5668781863188259,0.7529131333154084,0.7345522023045636,0.5919867639107124,0.7070219302905997,2.607376017604157,1.4031625663268543,1.294762155588848,2.4449562774029325,0.9390484758544062,PSBPM-FD
738,767,752,test,30,False,0.5550143282503784,0.7449928377175035,0.7355833374717998,0.5829113850747891,0.6961942605949449,2.607376017604157,1.3833120249777144,1.277911641489779,2.450636983882546,0.9344979244739228,PSBPM-FD
739,768,753,test,30,False,0.5533822322960056,0.743896654311609,0.7247537381516754,0.5809408968268565,0.6949176130673462,2.607376017604157,1.385632738720106,1.2774530692004842,2.463012279395405,0.934158809613699,PSBPM-FD
740,769,754,test,30,False,0.5825208971718482,0.7632305661933674,0.6920543332121859,0.6009761473371745,0.716980740722763,2.607376017604157,1.4187908986481939,1.3098130193864206,2.448078673492719,0.9394025507897612,PSBPM-FD
741,770,755,test,30,False,0.5896332065711964,0.7678757754814228,0.6804286482342767,0.603465764386541,0.720454445052146,2.607376017604157,1.434393309903526,1.3247589347913005,2.4598382968008,0.9382434868458431,PSBPM-FD
742,771,756,test,30,False,0.5854288345731973,0.7651332136126344,0.6663180857762829,0.60144175663033,0.7176619148564568,2.607376017604157,1.4238986036469705,1.3166318756954734,2.451488246264355,0.9379568186145805,PSBPM-FD
743,772,757,test,30,False,0.6287007753565296,0.7929065363310669,0.661394137705148,0.6257877961393812,0.7438606787394897,2.607376017604157,1.4717302723375838,1.3630828797388321,2.4228202567107973,0.9381442132908603,PSBPM-FD
744,773,758,test,30,False,0.6364955014246755,0.7978066817372962,0.6537472669705137,0.6318226783209657,0.7516193475094357,2.607376017604157,1.48475640302751,1.3743550139480891,2.4204989261152323,0.9421071102998492,PSBPM-FD
745,774,759,test,30,False,0.632558614954118,0.7953355360815446,0.6444524345312347,0.6290187427914139,0.7486013461882456,2.607376017604157,1.4718966166935281,1.3661750795703178,2.4094019707035765,0.9412396557513967,PSBPM-FD
746,775,760,test,30,False,0.6855279248556544,0.8279661375054262,0.6641454726887862,0.6522609266744025,0.777653408590732,2.8593578990485913,1.538526170660222,1.4258187298743275,2.4227755567403695,0.9392333494866333,PSBPM-FD
747,776,761,test,30,False,0.6922519391636262,0.8320167901933386,0.639357632179561,0.6566696244246936,0.7818004460276141,2.8593578990485913,1.5368108207478355,1.4265386896608314,2.406295112192446,0.9396450351031309,PSBPM-FD
748,777,762,test,30,False,0.6929248505544984,0.832421077673132,0.6165104344695501,0.6580669765257137,0.7823561162616254,2.8593578990485913,1.541609118058087,1.428239976723417,2.4082543908382266,0.939856206486922,PSBPM-FD
749,778,763,test,30,False,0.668472399430069,0.8176016141312766,0.5785365316373331,0.6457050796394772,0.7690758088675963,2.8593578990485913,1.5222291872465554,1.40679903481784,2.415998117676058,0.94064859410137,PSBPM-FD
750,779,764,test,30,False,0.669522973081141,0.8182438347345741,0.5732514238087257,0.6484785508228346,0.7699874804512646,2.8593578990485913,1.505449697716976,1.394797082261339,2.36276423430366,0.9410244816583762,PSBPM-FD
751,780,765,test,30,False,0.6644903680325258,0.8151627862166708,0.5716469603640615,0.6459296796640585,0.7659017146006915,2.8593578990485913,1.4883225132369338,1.380379334454708,2.3410147148038036,0.9395690376831237,PSBPM-FD
752,781,766,test,30,False,0.6602471558864241,0.8125559401582294,0.5735181463365461,0.6431571552665355,0.7620393654666647,2.8593578990485913,1.482555966763376,1.3759305610756185,2.341788410469748,0.9378300345921691,PSBPM-FD
753,782,767,test,30,False,0.6396655135604263,0.7997909186533855,0.5833674873917614,0.6318677052734204,0.747362664281608,2.8593578990485913,1.4420973865138758,1.340450615146323,2.320269645344347,0.9344475497920738,PSBPM-FD
754,783,768,test,30,False,0.6870188749842815,0.8288660175108409,0.6078689223130159,0.6523841338297456,0.7699015812395299,2.8593578990485913,1.464579862101945,1.363942743301395,2.302720629508912,0.9288613177213049,PSBPM-FD
755,784,769,test,30,False,0.627406614759191,0.7920900294532125,0.5754331090089488,0.6256507489121932,0.7385440253210434,2.8593578990485913,1.4056064701036775,1.3074434283905483,2.2997659905406205,0.9323990933592075,PSBPM-FD
756,785,770,test,30,False,0.6291758073337432,0.793206030822852,0.5884586488132378,0.6260227865083535,0.739889417789552,2.8593578990485913,1.4084318183628128,1.3128430233344874,2.303165076628413,0.9327833993168323,PSBPM-FD
757,786,771,test,30,False,0.6446695301632323,0.8029131523167573,0.6016312257107929,0.6362626161164625,0.7534186767419592,2.8593578990485913,1.4401113574524478,1.3451652707623125,2.3170418044699264,0.9383563771100463,PSBPM-FD
758,787,772,test,30,False,0.6460582269706178,0.8037774735401694,0.6000647215074832,0.638949013823101,0.7547883608395094,2.8593578990485913,1.4290678449338607,1.3375539892888624,2.278855398255296,0.9390513987846766,PSBPM-FD
759,788,773,test,30,False,0.6528319781472565,0.8079801842540796,0.5949094285293439,0.644706547662933,0.7615366398711514,2.8593578990485913,1.4417341376239103,1.3512463681394835,2.274075317648849,0.9425189561724158,PSBPM-FD
760,789,774,test,30,False,0.6393419628355546,0.7995886210017965,0.5766274671956041,0.6376666094117552,0.7521348368835471,2.8593578990485913,1.4298946428585841,1.3359750822014766,2.2815640918330926,0.9406522518307039,PSBPM-FD
761,790,775,test,30,False,0.6379771110154289,0.798734693759717,0.5630782932138422,0.6359210604890367,0.7510942225666474,2.8593578990485913,1.4300419213206415,1.3369883503443951,2.2895799155904695,0.9403550746383363,PSBPM-FD
762,791,776,test,30,False,0.609407523393525,0.7806455811656946,0.5620532705987711,0.6208686357698151,0.7344966533110102,2.8593578990485913,1.404958757526136,1.3134737171642612,2.2993795228771345,0.9408836366103901,PSBPM-FD
763,792,777,test,30,False,0.5903897550528012,0.7683682418299193,0.533099978876673,0.6106559499975236,0.7243405918450152,2.8593578990485913,1.3949366520367645,1.3027854142789002,2.3099792105146006,0.9426998051350362,PSBPM-FD
764,793,778,test,30,False,0.5660427692893286,0.75235813897992,0.52891936615413,0.5976269710127039,0.7094069594920547,2.8593578990485913,1.369252898464204,1.2785165263782046,2.3187063850470087,0.942911258265777,PSBPM-FD
765,794,779,test,30,False,0.5844938755454379,0.7645219915381362,0.5326328306227094,0.6071075723102765,0.7235867972112764,2.8593578990485913,1.403660994521045,1.3079419520512672,2.3384312134205922,0.9464564855165218,PSBPM-FD
766,795,780,test,30,False,0.606123743031357,0.7785394935591623,0.5387117239988566,0.6222987554950065,0.7363760206886043,2.8593578990485913,1.4120195951526637,1.3180770617886,2.311046561819409,0.9458428593290702,PSBPM-FD
767,796,781,test,30,False,0.610241742633756,0.781179712123757,0.5470454311108747,0.6244123219689752,0.7394056386753807,2.8593578990485913,1.4138231563301968,1.3237734059113369,2.303259297165205,0.9465243748652827,PSBPM-FD
768,797,782,test,30,False,0.6385393392874064,0.799086565578102,0.5460410676981212,0.6418181408746404,0.7598492658041668,2.8593578990485913,1.4462915870104673,1.3546983754881963,2.288896748172544,0.9508973101737122,PSBPM-FD
769,798,783,test,30,False,0.6592388567646352,0.8119352540471655,0.5512655839799526,0.653106534088585,0.7726047827084542,2.8593578990485913,1.4764870889865607,1.3825320356397557,2.292441763309802,0.9515595964793191,PSBPM-FD
770,799,784,test,30,False,0.665814344036874,0.8159744751135749,0.5769725676564342,0.6544072710157464,0.7757698179298644,2.8593578990485913,1.4823136492416287,1.3892014729878943,2.2961071665118,0.950728045533392,PSBPM-FD
771,800,785,test,30,False,0.6341223940259623,0.7963180231703677,0.5581879602602763,0.6373919282887032,0.7550623114628933,2.8593578990485913,1.439924393406685,1.3458716147591754,2.290995603620402,0.9481919151556766,PSBPM-FD
772,801,786,test,30,False,0.624730473944194,0.790398933415395,0.5557202759825731,0.6314037711819735,0.7471285303015662,2.8593578990485913,1.4260943289683337,1.3314517219600488,2.294853169120407,0.945254982914953,PSBPM-FD
773,802,787,test,30,False,0.5870135505928834,0.7661680955200911,0.5707618259402186,0.6125910472024704,0.7263342645420836,2.8593578990485913,1.385303998254108,1.2908500409981736,2.3014192463764918,0.9480090188942579,PSBPM-FD
774,803,788,test,30,False,0.5895713152846622,0.7678354740988867,0.581854051109531,0.6128711080777837,0.7283069532693884,2.8593578990485913,1.397759091683467,1.3015677753837191,2.3239769910247023,0.9485195433619578,PSBPM-FD
775,804,789,test,30,False,0.5809177963054055,0.762179635194621,0.5722320999267729,0.6060730854095605,0.7190697554673026,2.8593578990485913,1.3791867921840484,1.2836327984853175,2.314395840110362,0.9434386885497008,PSBPM-FD
776,805,790,test,30,False,0.5614964216833518,0.7493306491018179,0.5723216837519028,0.6027089457559949,0.7111676734968275,2.1382137460892676,1.348488010859969,1.2554110035296635,2.292145922186764,0.9490705796556776,PSBPM-FD
777,806,791,test,30,False,0.5461160014326355,0.7389966180116357,0.5493537071027254,0.5929672669608971,0.7003450328783214,2.1382137460892676,1.3355119581321082,1.2399031131553329,2.3055917098419068,0.9476972097148274,PSBPM-FD
778,807,792,test,30,False,0.5455903316064572,0.7386408678149735,0.5624005998782001,0.5937092400527836,0.6999122680137944,2.1382137460892676,1.3218552848883502,1.23009163019907,2.276505900136722,0.9475677538453227,PSBPM-FD
779,808,793,test,30,False,0.6710509413598269,0.8191769902529166,0.6001858208863617,0.6355329957676804,0.7448597445934174,2.989075130814969,1.3761391969072163,1.287956288246638,2.2566347675230976,0.9092781577805865,PSBPM-FD
780,809,794,test,30,False,0.7091758725748633,0.8421258056697131,0.6165390958418765,0.6554619273211457,0.7659093198891649,2.989075130814969,1.4074669346095487,1.317467472622744,2.2483308932925206,0.9094951309324432,PSBPM-FD
781,810,795,test,30,False,0.7088578555069944,0.8419369664689836,0.6097169811559056,0.6560099401390491,0.7656203444739703,2.989075130814969,1.4106427644321875,1.3182897429700555,2.2525388875896146,0.9093558959466062,PSBPM-FD
782,811,796,test,30,False,0.7047400302134107,0.8394879571580588,0.6053617952766969,0.6517121166263714,0.7606873298909727,2.989075130814969,1.4025064153103664,1.3106673443059023,2.2573967744719585,0.9061325101865046,PSBPM-FD
783,812,797,test,30,False,0.7061894026575253,0.8403507616808146,0.6065688523197416,0.6537825892784797,0.7621290814268024,2.989075130814969,1.3973814582854267,1.3076691863305152,2.237285776743159,0.9069178207233866,PSBPM-FD
784,813,798,test,30,False,0.6469699310316323,0.8043444107045391,0.613462335396423,0.6233214528400732,0.728819030564395,2.989075130814969,1.3547883082705188,1.2648876276388135,2.2589500253776515,0.9061031827473133,PSBPM-FD
785,814,799,test,30,False,0.7395109789571183,0.8599482420222267,0.6335828981342647,0.6573610808633125,0.7706139447830473,3.758675518287119,1.4521383502915517,1.3571978044187587,2.277747796439968,0.8961166581036276,PSBPM-FD
786,815,800,test,30,False,0.7322587355655037,0.8557211786356019,0.6240041607370839,0.6523235386535942,0.7644117139396848,3.758675518287119,1.4438007040395529,1.3474508020549707,2.2938797410284484,0.893295308126527,PSBPM-FD
787,816,801,test,30,False,0.7360706006601022,0.857945569753759,0.5865262103048121,0.6574460779765455,0.7667623963169217,3.758675518287119,1.4279278562327669,1.3334286348019886,2.256198068709611,0.8937191627867395,PSBPM-FD
788,817,802,test,30,False,0.7409969950666024,0.8608118232613923,0.5716750485612752,0.6613748609276351,0.7709366066780997,3.758675518287119,1.4379835070295892,1.3424057804878002,2.26281055972167,0.8955924928600787,PSBPM-FD
789,818,803,test,30,False,0.7349436442495008,0.8572885420029249,0.5560837035478421,0.6555764222582187,0.7650589597495171,3.758675518287119,1.42264372405915,1.3290431247784886,2.2598722893748375,0.8924171061030077,PSBPM-FD
790,819,804,test,30,False,0.749540436386497,0.8657600339508038,0.5665983822519025,0.6631666230679322,0.7750983021900022,3.758675518287119,1.439168714055444,1.3458849324000954,2.2572210975942677,0.8952807611745758,PSBPM-FD
791,820,805,test,30,False,0.765993670887016,0.8752106437235644,0.5637365289015603,0.6731815674005813,0.7854418790237694,3.758675518287119,1.4578413590476544,1.3620200505890216,2.2488123627684744,0.8974318178788643,PSBPM-FD
792,821,806,test,30,False,0.8077104902412884,0.8987271500523885,0.5649677820343205,0.6935518535602614,0.8075527518530589,3.758675518287119,1.48983779679404,1.393201189388286,2.2356976777718045,0.898551636952311,PSBPM-FD
793,822,807,test,30,False,0.7915589867804881,0.8896960080726946,0.5699541208708355,0.6793107256064969,0.7934405367576034,3.758675518287119,1.47499048822634,1.3769718709381975,2.2879367616241364,0.8918108315180544,PSBPM-FD
794,823,808,test,30,False,0.7851092958187359,0.8860639343855137,0.561254362058533,0.6729285834774948,0.7869000864999316,3.758675518287119,1.4614275637872454,1.364638696422715,2.297241014015619,0.8880849969879969,PSBPM-FD
795,824,809,test,30,False,0.7738670063249279,0.8796971105584739,0.5612180500266638,0.6696678762422308,0.7794156167582086,3.758675518287119,1.4484732506692388,1.352865453412142,2.2907269572653766,0.8860045206507479,PSBPM-FD
796,825,810,test,30,False,0.7889557115772161,0.8882317893304743,0.5788962859647342,0.6754350196814802,0.7860509489099579,3.758675518287119,1.4591906754408845,1.3621269012254764,2.2925597014320576,0.8849615138211416,PSBPM-FD
797,826,811,test,30,False,0.8074627410332111,0.8985893060977362,0.5848624165476395,0.6861553804040216,0.7965380169356162,3.758675518287119,1.4685998551006243,1.3723647425495773,2.2701211505100054,0.8864316674262531,PSBPM-FD
798,827,812,test,30,False,0.7860201627207656,0.8865777815402129,0.6008785325714197,0.675710756112078,0.7830851016845554,3.758675518287119,1.4458717450965124,1.3482449658270101,2.268988754778443,0.8832672304556693,PSBPM-FD
799,828,813,test,30,False,0.7769400212879614,0.8814420124364174,0.5972605736644393,0.6712145194332959,0.778200457322627,3.758675518287119,1.4327137858383991,1.336114359768296,2.266398411574073,0.8828719828903802,PSBPM-FD
800,829,814,test,30,False,0.769699020216898,0.8773249228289927,0.5846641215237798,0.6690504465791992,0.7746980203419382,3.758675518287119,1.4328201264000227,1.3312608296797932,2.2714910547059337,0.8830229259233543,PSBPM-FD
801,830,815,test,30,False,0.7686347369871701,0.876718162802146,0.5881343350202124,0.6675509367160456,0.7734784122817653,3.758675518287119,1.439194117160882,1.3371928371603021,2.299760246100698,0.88224294317069,PSBPM-FD
802,831,816,test,30,False,0.7683707605722728,0.8765676018267347,0.5938541209012587,0.6676503152244744,0.773196785290705,3.758675518287119,1.435552460845043,1.3348297462184027,2.289940176305676,0.8820731951299494,PSBPM-FD
803,832,817,test,30,False,0.8043859196878321,0.8968756433797453,0.6157101145946366,0.6853379158969423,0.7932868285382393,3.758675518287119,1.4581346491426854,1.3589535772775543,2.2679834679897097,0.8845003589894062,PSBPM-FD
804,833,818,test,30,False,0.7940336768925804,0.8910856731496587,0.6092487379105965,0.6785951339689865,0.7835557922816404,3.758675518287119,1.4322617845586396,1.337085723187813,2.249665299896084,0.8793271128600465,PSBPM-FD
805,834,819,test,30,False,0.8038168760130154,0.8965583505901975,0.6198453266353516,0.6869035150831581,0.7937031182632548,3.758675518287119,1.458224271698546,1.3578378975963026,2.266536591205201,0.8852777041681292,PSBPM-FD
806,835,820,test,30,False,0.7770806474564347,0.8815217793432188,0.6332155071471821,0.6742418998372586,0.7785695605357886,3.758675518287119,1.428095251825662,1.3331512427905268,2.258074544744749,0.8832108052008254,PSBPM-FD
807,836,821,test,30,False,0.802613057326091,0.895886743582073,0.6535805553224548,0.6889826104175434,0.7947195574296925,3.758675518287119,1.446670667832963,1.3540575171196516,2.2398975041649236,0.8870759201683482,PSBPM-FD
808,837,822,test,30,False,0.8109687228470006,0.9005380185461359,0.6539977990245962,0.6931206326197974,0.800761463423364,3.758675518287119,1.4628553693072601,1.3691787017817354,2.2524643065894314,0.8892033950061818,PSBPM-FD
809,838,823,test,30,False,0.6775775412095248,0.8231509832403318,0.644104104363578,0.6433001742989611,0.7494845360310501,3.758675518287119,1.4045753110790815,1.3099906604251974,2.307746517063742,0.9105067615672475,PSBPM-FD
810,839,824,test,30,False,0.6361458391616264,0.7975875119142891,0.6317300983810252,0.6209551094096672,0.7253972660757975,3.758675518287119,1.367863391264198,1.2737189337819763,2.3149466040937976,0.9094892475620286,PSBPM-FD
811,840,825,test,30,False,0.6351383749527684,0.7969556919633415,0.6367770446003312,0.6202493572126144,0.7244498738001275,3.758675518287119,1.3604098216698657,1.2685399612155912,2.3021790581204544,0.9090215191454469,PSBPM-FD
812,841,826,test,30,False,0.6378119216382387,0.7986312801526364,0.6496953866464501,0.6235495758498142,0.7278406317349758,3.758675518287119,1.366265969138331,1.2726905478694908,2.2971515284880883,0.9113600353793669,PSBPM-FD
813,842,827,test,30,False,0.6362978830614661,0.7976828210896021,0.6485327477749235,0.620986320753894,0.7263315205235931,3.758675518287119,1.3792418792357106,1.2813862699690988,2.3395826163594764,0.910551789909997,PSBPM-FD
814,843,828,test,30,False,0.7313381430689654,0.8551831049950446,0.6605377955575306,0.6638162480232107,0.771117431903995,3.758675518287119,1.440850818830268,1.3422633615147967,2.317197113722275,0.9016986273465531,PSBPM-FD
815,844,829,test,30,False,0.6547424394171963,0.8091615657068719,0.6594464178076567,0.6384841588303386,0.7413828414846075,2.5962003816177983,1.3757921123893886,1.2787455964156476,2.319798315869592,0.9162358580847153,PSBPM-FD
816,845,830,test,30,False,0.6666032298396298,0.8164577330392736,0.6973651314173291,0.647018387697665,0.7507619166423422,2.5962003816177983,1.3789406181406931,1.283949220586796,2.27967209886187,0.9195355573982035,PSBPM-FD
817,846,831,test,30,False,0.6656559556965702,0.8158774146258555,0.6960172692048051,0.6426094315903843,0.750196432278393,2.5962003816177983,1.3940869248453578,1.2961552822650815,2.3133199241505413,0.9194965062520055,PSBPM-FD
818,847,832,test,30,False,0.7063116504368908,0.8404234946959127,0.7087536058268166,0.6586940747585318,0.7712010261213519,2.5962003816177983,1.4313030736573298,1.3308508985993062,2.321674746864501,0.9176338250757645,PSBPM-FD
819,848,833,test,30,False,0.7223335022771519,0.8499020545199029,0.7217127409928222,0.6723937236904036,0.7841124359070378,2.5962003816177983,1.4464428434460859,1.3437363212096225,2.2980200260153802,0.9225915289144365,PSBPM-FD
820,849,834,test,30,False,0.7061040803273746,0.8402999942445404,0.7128772474773841,0.6629605779463983,0.7726003953795403,2.5962003816177983,1.4337295156758763,1.3299833803381176,2.319722018419233,0.9194340124613896,PSBPM-FD
821,850,835,test,30,False,0.6911970687110959,0.8313826247349025,0.6974998037247692,0.6560803487421893,0.7634320968997316,2.5962003816177983,1.412244105956623,1.3125853724352536,2.310575440701711,0.9182680443233489,PSBPM-FD
822,851,836,test,30,False,0.6464482736311933,0.804020070415654,0.6967868955934918,0.63405748109859,0.7386705834254196,2.5962003816177983,1.3693861477997287,1.2713724620716234,2.3089250146505447,0.918721572514414,PSBPM-FD
823,852,837,test,30,False,0.7257034370095968,0.8518822905833862,0.6960176845158674,0.6724213307668134,0.779436968262026,2.5962003816177983,1.4235486808648465,1.326105773614129,2.2500601073279993,0.9149585299258326,PSBPM-FD
824,853,838,test,30,False,0.7408854365867814,0.8607470224094774,0.7145021526761536,0.6827781724208248,0.7923368801061141,2.5962003816177983,1.453786572062786,1.353836060697409,2.2513895557587777,0.9205223596221528,PSBPM-FD
825,854,839,test,30,False,0.7420350740388597,0.8614145773312986,0.7147447513631036,0.6826679663011024,0.7932185059612795,2.5962003816177983,1.450601898834308,1.3507188375362635,2.2460065640720988,0.9208324619008729,PSBPM-FD
826,855,840,test,30,False,0.6992437319837831,0.8362079478118963,0.694328323248691,0.659036338997663,0.7685088063082013,2.5962003816177983,1.4218621825393103,1.3202026598253072,2.2636988992844156,0.9190403036937842,PSBPM-FD
827,856,841,test,30,False,0.669443505519342,0.818195273464313,0.6789171243901665,0.6403876255498386,0.7482645132441409,2.5962003816177983,1.3917016382806118,1.289215134188887,2.289749362635653,0.9145304764178372,PSBPM-FD
828,857,842,test,30,False,0.6764511939607422,0.8224665306021529,0.6799928826332022,0.6432721292218636,0.7534690872653755,2.5962003816177983,1.4028221779693482,1.3023728291181655,2.298200194102088,0.9161091171864923,PSBPM-FD
829,858,843,test,30,False,0.6576455743833516,0.8109534970535311,0.6766878129158224,0.6308963051494146,0.7386282061093913,2.5962003816177983,1.3719290087216305,1.273941422456638,2.296051597847706,0.9108145026725674,PSBPM-FD
830,859,844,test,30,False,0.6385913458321405,0.7991191061613659,0.6739059509333047,0.6210800096772675,0.7267677209679653,2.5962003816177983,1.3476513872504094,1.2537449187697762,2.2901328416349642,0.9094610745312467,PSBPM-FD
831,860,845,test,30,False,0.6431728233862886,0.8019805629728745,0.6748028843297653,0.6262012266542235,0.7314581636539065,2.5962003816177983,1.342916189592157,1.2522981711651426,2.248972808614884,0.9120647025938542,PSBPM-FD
832,861,846,test,30,False,0.6460291759687526,0.8037594017918251,0.677168907511493,0.6261860865065453,0.7342766571097025,2.5962003816177983,1.3543057251579345,1.2615060366249433,2.2777163774423497,0.9135528063158895,PSBPM-FD
833,862,847,test,30,False,0.6203264049506875,0.7876080274798419,0.6480424348603981,0.6140213141233527,0.7215030663634898,2.5962003816177983,1.3473336616649165,1.2530970233682637,2.302174212275902,0.916068705739488,PSBPM-FD
834,863,848,test,30,False,0.6384320188030121,0.7990194107798709,0.6541210981256992,0.6267229002973979,0.7363693741615557,2.5962003816177983,1.3746552261122464,1.277779522071012,2.2974152433104402,0.9215913458758572,PSBPM-FD
835,864,849,test,30,False,0.654353589144281,0.8089212502736475,0.6438645400346704,0.6344002599808619,0.7464955345867381,2.5962003816177983,1.3979191082268767,1.3032574202388019,2.302209702827217,0.9228284389045391,PSBPM-FD
836,865,850,test,30,False,0.6566974731869342,0.8103687266836833,0.6358939959556615,0.6352354890633951,0.7482136455923704,2.5962003816177983,1.4082277932328846,1.310750402716289,2.3164023618881697,0.9233002471039651,PSBPM-FD
837,866,851,test,30,False,0.6295661146918783,0.7934520241904222,0.6338967795020225,0.6181545723470128,0.7305420075602258,2.5962003816177983,1.3844093012224643,1.2874090281018697,2.335457275549722,0.9207135217855359,PSBPM-FD
838,867,852,test,30,False,0.6952465555730579,0.8338144611201331,0.6677476430004214,0.6434310957429286,0.7580349106370091,2.7862402043850016,1.4270013317052062,1.3258079447588296,2.325046216124251,0.9091170110178672,PSBPM-FD
839,868,853,test,30,False,0.7104471439666699,0.842880266684818,0.6812509489332722,0.6552378711203056,0.7689632673472384,2.7862402043850016,1.4362826522870256,1.3354626517356682,2.285481200189325,0.9123042711293896,PSBPM-FD
840,869,854,test,30,False,0.7119643623398899,0.8437798067860417,0.6917027024787518,0.6562990159998598,0.7704204985527989,2.7862402043850016,1.4404318134270493,1.3396298914525502,2.2898577998278826,0.9130587060234726,PSBPM-FD
841,870,855,test,30,False,0.7486563660631388,0.8652493086175446,0.7218458255684183,0.6755568742449684,0.7921658766455156,2.7862402043850016,1.4829886804416443,1.380594551149828,2.296820539788199,0.9155348276570157,PSBPM-FD
842,871,856,test,30,False,0.7634438323322669,0.8737527295134859,0.7398460260618683,0.6832310589320657,0.8040320360288489,2.7862402043850016,1.5157270938018936,1.4110287907261398,2.322288199550417,0.9202054641666663,PSBPM-FD
843,872,857,test,30,False,0.8032818309775231,0.8962599126244145,0.7599840245950695,0.7034784194516234,0.8278507220639629,2.7862402043850016,1.552793504863224,1.4484146793827322,2.3024144961657855,0.9236725980969774,PSBPM-FD
844,873,858,test,30,False,0.7089459577584775,0.8419892860116912,0.7216399794901324,0.6597892841759074,0.7839400624171863,2.7862402043850016,1.4978651047938414,1.3925116569355762,2.3534052775818153,0.9310570519614677,PSBPM-FD
845,874,859,test,30,False,0.7003979036820733,0.8368977856835764,0.7074639549230219,0.6573922543688582,0.7782964139083031,2.7862402043850016,1.474588485146231,1.3722481884065865,2.325159976830356,0.9299778625565273,PSBPM-FD
846,875,860,test,30,False,0.6883599487044675,0.8296746041096277,0.6964041151861086,0.6492072377216809,0.7687361506191261,2.7862402043850016,1.4667692811349518,1.3637887222561493,2.350241401965052,0.9265513814829873,PSBPM-FD
847,876,861,test,30,False,0.6727973478477589,0.8202422494895998,0.706274161127878,0.6413512944020624,0.7567528639396311,2.7862402043850016,1.438566905340416,1.337410992878471,2.3302865070508645,0.9225967869986271,PSBPM-FD
848,877,862,test,30,False,0.6327971164865716,0.7954854596324006,0.6955129863898932,0.6240609233175497,0.7362447138348985,2.7862402043850016,1.4027411165083297,1.3051397457833063,2.3281793537090056,0.9255288137826208,PSBPM-FD
849,878,863,test,30,False,0.631629160071599,0.7947510050774387,0.69470129878136,0.6192982740652351,0.7355176662278274,2.7862402043850016,1.4255535861939945,1.3261963698891512,2.3794778069718845,0.9254693124372461,PSBPM-FD
850,879,864,test,30,False,0.6626758062050577,0.8140490195344858,0.6850433952530265,0.6388102413544716,0.7545143665419475,2.7862402043850016,1.4392604505539095,1.3440033649359606,2.3355517957323424,0.9268660098299937,PSBPM-FD
851,880,865,test,30,False,0.6610447470372018,0.8130465835591475,0.700763955620689,0.6369709273043724,0.753272725512685,2.7862402043850016,1.4323743843266605,1.336276960149608,2.32993222817769,0.9264816318582881,PSBPM-FD
852,881,866,test,30,False,0.6567193564211709,0.8103822285941189,0.7160181136745087,0.6313664829583258,0.7485910366834846,2.7862402043850016,1.4316913504894886,1.333692609556112,2.3614050102644684,0.9237505590197456,PSBPM-FD
853,882,867,test,30,False,0.582620155159723,0.7632955883271716,0.7201587520397217,0.5983360088383708,0.7135910955318762,2.7862402043850016,1.3827960369404297,1.2865261766961715,2.3877515788160335,0.9348817239934176,PSBPM-FD
854,883,868,test,30,False,0.6489995603775723,0.8056050895926442,0.6846567842352276,0.6231711996556454,0.7413036635829489,3.05844166995149,1.4261181488174222,1.33060850524102,2.3669244198588375,0.9201824481493662,PSBPM-FD
855,884,869,test,30,False,0.6789839976001493,0.8240048528984215,0.6649450590682362,0.6365564593902483,0.7577452609846146,3.05844166995149,1.4543897850201215,1.359699929676235,2.360849223769182,0.9195883474706004,PSBPM-FD
856,885,870,test,30,False,0.6844283240879111,0.827301833726912,0.6358410566371918,0.6377781654533661,0.7625443701666093,3.05844166995149,1.4746839734716526,1.3784230489333114,2.397906294635244,0.9217245013605532,PSBPM-FD
857,886,871,test,30,False,0.6802040827204937,0.8247448591658475,0.6066811560808002,0.6328604945243275,0.7563112451904916,3.05844166995149,1.458873802428305,1.3649912871608438,2.3897562655498237,0.9170245037421997,PSBPM-FD
858,887,872,test,30,False,0.6766112914909248,0.8225638525311727,0.5938198427500917,0.6290689815832403,0.7537936215922757,3.05844166995149,1.4726214285653947,1.3731688205289783,2.435900482040966,0.9163952673980519,PSBPM-FD
859,888,873,test,30,False,0.7100099995753678,0.8426209109530619,0.5899163310204706,0.6484541398711972,0.7761635178176192,3.05844166995149,1.514740821545696,1.4156695153210492,2.4317285660236414,0.921130140171486,PSBPM-FD
860,889,874,test,30,False,0.7029069199729477,0.838395443673776,0.5734793418936234,0.6407524929468383,0.7693808170977083,3.05844166995149,1.5131427314043864,1.4110533069456654,2.4717449232066335,0.9176824885001145,PSBPM-FD
861,890,875,test,30,False,0.7007444881603389,0.837104825072905,0.5609170535313263,0.6380526702409542,0.7673331610925643,3.05844166995149,1.51902997901311,1.4124054562174932,2.4978066636660494,0.9166512222955302,PSBPM-FD
862,891,876,test,30,False,0.7004130505913757,0.8369068350726834,0.558604412684559,0.6394703133363911,0.7670287703120676,3.05844166995149,1.5138881476480557,1.4085875344689989,2.4756593018282844,0.9165043684288383,PSBPM-FD
863,892,877,test,30,False,0.6864115716113589,0.8284995905921493,0.5523078891054509,0.6313012931125097,0.756322518104419,3.05844166995149,1.493710560975566,1.3899547187870331,2.478468675231291,0.912882186898676,PSBPM-FD
864,893,878,test,30,False,0.7051842352581877,0.8397524845204019,0.5825159456186075,0.6414596206858214,0.7659379475408424,3.05844166995149,1.504438060206901,1.4020362325698188,2.4662107500061956,0.9120996503848199,PSBPM-FD
865,894,879,test,30,False,0.6793736985695596,0.8242412866203438,0.6003537045461221,0.6246008459676528,0.7455029476599546,3.05844166995149,1.4602440370368652,1.3581537351883284,2.4713895818451315,0.9044717363246364,PSBPM-FD
866,895,880,test,30,False,0.6713353209564904,0.8193505482737473,0.6087566403879189,0.6171638430266632,0.7389018400475418,3.05844166995149,1.4516834467741637,1.3510301175474666,2.4898940163423338,0.9018140545634596,PSBPM-FD
867,896,881,test,30,False,0.6881246075718351,0.8295327646162237,0.6329765925874183,0.630282109012542,0.7511370383939548,3.05844166995149,1.462763631496483,1.3632662893791578,2.4640639929832497,0.9054941172112255,PSBPM-FD
868,897,882,test,30,False,0.6332578607193453,0.7957750063424619,0.5798934785801356,0.6114814590067107,0.729824708831211,3.05844166995149,1.429396774600673,1.3334880870287547,2.468090433705356,0.9171244422284994,PSBPM-FD
869,898,883,test,30,False,0.6401635317821538,0.8001022008357144,0.5840332247468217,0.6141799114537326,0.7335944402655777,3.05844166995149,1.446034499861232,1.3462573376927716,2.4816402240330193,0.916875918475579,PSBPM-FD
870,899,884,test,30,False,0.6755447201027738,0.8219152755015409,0.5870492413976326,0.6310732729058233,0.7543242664747999,3.05844166995149,1.491925378032939,1.390296424578555,2.491861546554472,0.917764018942833,PSBPM-FD
871,900,885,test,30,False,0.6378341183740287,0.7986451767675234,0.5891221029675386,0.6088354789731265,0.7315649210414475,3.05844166995149,1.4575593331838204,1.3556302174178663,2.521626930802086,0.9160074364969186,PSBPM-FD
872,901,886,test,30,False,0.6292627220589495,0.7932608159104731,0.5954208373962016,0.6056105249853337,0.7255340172482736,3.05844166995149,1.4345059534208036,1.333711339654572,2.495836458037154,0.9146222814693482,PSBPM-FD
873,902,887,test,30,False,0.63294769752922,0.7955801012652466,0.5730689620403558,0.6053092692289576,0.7270488730484069,3.05844166995149,1.4470511644569493,1.3442889204038795,2.5090833350498323,0.9138600524223125,PSBPM-FD
874,903,888,test,30,False,0.6442231654363312,0.802635138426129,0.5684841553200484,0.613351434427676,0.7370244538025849,3.05844166995149,1.4734787434531904,1.368373341042472,2.5112532130494105,0.9182559029845132,PSBPM-FD
875,904,889,test,30,False,0.6358672191491127,0.797412828558152,0.5647599803774811,0.6054192742633371,0.7295762751107016,3.05844166995149,1.4718313716058222,1.3654590252758223,2.5482569961676322,0.9149291922352071,PSBPM-FD
876,905,890,test,30,False,0.6451205343802042,0.8031939581322834,0.5395957666074309,0.6133688788363724,0.7372675313938123,3.05844166995149,1.478760392160229,1.3720893643081842,2.522560778598333,0.9179196680067492,PSBPM-FD
877,906,891,test,30,False,0.6409025318223431,0.800563883660975,0.5383994468429631,0.6077277603675427,0.7318330824657854,3.05844166995149,1.473482646561446,1.3668859601465924,2.5456107266295622,0.914147012377221,PSBPM-FD
878,907,892,test,30,False,0.6485180943453783,0.8053062115402925,0.5388115536286644,0.6115343009725608,0.736948729323002,3.05844166995149,1.4859806910160838,1.3780185086758034,2.5531830294619784,0.9151161617311451,PSBPM-FD
879,908,893,test,30,False,0.6493342614402581,0.8058127955302385,0.5662721595917191,0.6167052494573659,0.737458856169462,3.05844166995149,1.4648966084528674,1.3596815658722996,2.5032643776720542,0.9151739216106659,PSBPM-FD
880,909,894,test,30,False,0.6315628560285428,0.7947092902618811,0.5864724423545798,0.6041183902889837,0.7282396074139779,3.05844166995149,1.466483999813874,1.3577813141459771,2.5386682542579146,0.9163597510908683,PSBPM-FD
881,910,895,test,30,False,0.6346131002697041,0.7966260730541677,0.6082630342869302,0.605742595379817,0.7305083817962068,3.05844166995149,1.4725337685663384,1.3656546101713398,2.5436323404026924,0.9170028530393518,PSBPM-FD
882,911,896,test,30,False,0.6414556688053491,0.8009092762637657,0.6161144008249324,0.6124001924102568,0.7374154790628019,3.05844166995149,1.4827368843924604,1.3776673155698573,2.5270021496657944,0.9207228595264101,PSBPM-FD
883,912,897,test,30,False,0.6402094239061599,0.800130879235491,0.618835484323017,0.6116142681446125,0.7362065386176504,3.05844166995149,1.4800306277447144,1.3716140128299783,2.525376637648918,0.9201076445407043,PSBPM-FD
884,913,898,test,30,False,0.5607436616223725,0.7488281923260987,0.6923620048355694,0.5791762481328492,0.6980230054803379,2.6135565452063587,1.411637967029749,1.3048036178819922,2.537924182739363,0.932153747192739,PSBPM-FD
885,914,899,test,30,False,0.5658406023109168,0.7522237714343497,0.6607828023762217,0.5816982928829348,0.7001635361456446,2.6135565452063587,1.414600606976688,1.3054793693776665,2.5349858199455175,0.9307915579569681,PSBPM-FD
886,915,900,test,30,False,0.561677135185986,0.7494512226862974,0.6395035390487597,0.5806395509095393,0.6966105732558645,2.6135565452063587,1.397585650030663,1.2912889970903056,2.504501740746505,0.9294942114564396,PSBPM-FD
887,916,901,test,30,False,0.6031271080068911,0.7766125855321243,0.696561778950915,0.6077817241051903,0.7264918808830315,2.6135565452063587,1.4410266729644714,1.334842023915406,2.4766926849740165,0.9354624099804528,PSBPM-FD
888,917,902,test,30,False,0.5903453223562316,0.7683393276126321,0.6955555350713263,0.5986160845630631,0.7129851199308511,2.6135565452063587,1.4007705296809045,1.2988998132600178,2.4482305657165395,0.9279560401342771,PSBPM-FD
889,918,903,test,30,False,0.5608119227614462,0.7488737695776546,0.7081504426881016,0.5825951266111979,0.6947069090835654,2.6135565452063587,1.3687740128271764,1.2642942250711,2.457215634565674,0.9276689040335356,PSBPM-FD
890,919,904,test,30,False,0.5734462067024003,0.7572623103670222,0.7144134378525318,0.5925817397293521,0.7055220169993179,2.6135565452063587,1.3787729961786284,1.2770273122736735,2.4233923801269293,0.931674543075269,PSBPM-FD
891,920,905,test,30,False,0.5696387086750689,0.7547441345748034,0.7248273820339151,0.5891748224509783,0.7011056383747605,2.6135565452063587,1.3669501444052403,1.2673092405875215,2.4141198914587685,0.9289315494578028,PSBPM-FD
892,921,906,test,30,False,0.5905613839455653,0.768479917724312,0.7079877972915015,0.600433619414216,0.7150673509498371,2.6135565452063587,1.3870497092254521,1.2874426007871125,2.402571655114276,0.9304958196791339,PSBPM-FD
893,922,907,test,30,False,0.6189939583445692,0.7867616909487708,0.7067195571735915,0.6178044358412798,0.7335258385040736,2.6135565452063587,1.41066189439661,1.3074170508892715,2.3774887876189275,0.9323354796539483,PSBPM-FD
894,923,908,test,30,False,0.5886776193402005,0.7672532954247903,0.6726274524475142,0.6002310815252616,0.7157810918136086,2.6135565452063587,1.3870543075023398,1.2837094157786515,2.3980019073118655,0.9329136754209912,PSBPM-FD
895,924,909,test,30,False,0.5941942243708045,0.7708399473112459,0.6717409447404818,0.6054832595097701,0.7223042204840987,2.6135565452063587,1.401638139804873,1.297006829661514,2.3970051178319483,0.9370352730207563,PSBPM-FD
896,925,910,test,30,False,0.5924953952685894,0.7697372248167483,0.6731369393180886,0.6045607958077343,0.7205474059197498,2.6135565452063587,1.4030280743049068,1.2932946780750698,2.4073938751476427,0.9360953097874288,PSBPM-FD
897,926,911,test,30,False,0.5741080052246056,0.7576991521868066,0.6364277175926463,0.5897651131521369,0.7066387155733216,2.6135565452063587,1.3915527966400518,1.2803513893279124,2.4435197677175062,0.9326112000176866,PSBPM-FD
898,927,912,test,30,False,0.5599784132729035,0.7483170539770583,0.6552420189998386,0.5807332508190854,0.6982442867829945,2.6135565452063587,1.3859593038730131,1.2722506116109629,2.4659643055547535,0.9330861605679793,PSBPM-FD
899,928,913,test,30,False,0.5744757451396473,0.7579417821572098,0.6052486782941124,0.5883038432920473,0.7049951124131796,2.6135565452063587,1.3924979651572897,1.2813490357607584,2.4543055410909593,0.9301441469642477,PSBPM-FD
900,929,914,test,30,False,0.5580759383825235,0.7470448034639713,0.6173012382673796,0.581357240489141,0.6971621133913217,2.6135565452063587,1.3811625312549967,1.270193178194806,2.461637162012593,0.9332266420416171,PSBPM-FD
901,930,915,test,30,False,0.5851195476923354,0.7649310738179849,0.6044450738753434,0.6005290060779795,0.7150592143859478,2.6135565452063587,1.3985094401285778,1.287201992127708,2.4205146846122907,0.9348021525872747,PSBPM-FD
902,931,916,test,30,False,0.5838030174695417,0.7640700344009976,0.6104252393710616,0.6005541447791249,0.7139690220977166,2.6135565452063587,1.3961225833529303,1.2871784603990593,2.4158374342369537,0.9344287695530971,PSBPM-FD
903,932,917,test,30,False,0.5434508878962299,0.7371912152869362,0.6046643703541495,0.5835978531733554,0.69165907675555,2.298209183690953,1.3434143918638146,1.2394377934630545,2.3988923149461505,0.938235646888896,PSBPM-FD
904,933,918,test,30,False,0.5384234686355361,0.7337734450329585,0.6021625107534812,0.5822282537743568,0.6878355631336891,2.298209183690953,1.3271164472388395,1.2240009957050275,2.375180950167814,0.9373950063057869,PSBPM-FD
905,934,919,test,30,False,0.5750354956950022,0.7583109492121304,0.6446155383373465,0.6044113044795424,0.7108698173303125,2.298209183690953,1.3584824314218007,1.2545857325792373,2.3412210258480033,0.937438418987477,PSBPM-FD
906,935,920,test,30,False,0.5652353456274484,0.7518213522024021,0.6670251352695336,0.5974478507080807,0.7026060688072904,2.298209183690953,1.3432197476045729,1.2379097773230134,2.3401298499621324,0.9345385931765048,PSBPM-FD
907,936,921,test,30,False,0.5752448235651278,0.7584489591034639,0.656302898008584,0.6073960347718143,0.7133174770618675,2.298209183690953,1.3635456176737746,1.2561796013228173,2.329400899596221,0.9404950306808454,PSBPM-FD
908,937,922,test,30,False,0.5949728245197129,0.7713448155784239,0.6950976775574543,0.616582574585296,0.7234539289988555,2.298209183690953,1.3882259507132928,1.279715400336228,2.334415894270188,0.9379124801096179,PSBPM-FD
909,938,923,test,30,False,0.5825079819838576,0.763222105277263,0.6666267756312882,0.6069566787823568,0.7141180717708336,2.298209183690953,1.3737598279287087,1.2655600039709538,2.3389053858372937,0.9356621969320571,PSBPM-FD
910,939,924,test,30,False,0.5658109416763217,0.7522040558760115,0.6548648720964074,0.5969055704056997,0.700765704710079,2.298209183690953,1.346151274408418,1.2397405094594787,2.3388159324285036,0.9316164932053873,PSBPM-FD
911,940,925,test,30,False,0.5558316749560109,0.7455411960153583,0.62850961725577,0.5888307620716641,0.6921092810052258,2.298209183690953,1.3401921788316462,1.2309460257129774,2.3667203513575075,0.9283313714980389,PSBPM-FD
912,941,926,test,30,False,0.5845827747619742,0.7645801297195567,0.6664484298789553,0.6025665740725269,0.7089815961702025,2.298209183690953,1.3633431931663331,1.254624461377237,2.3574695665980845,0.9272822672363361,PSBPM-FD
913,942,927,test,30,False,0.5872199397949592,0.7663027729265758,0.66652544038535,0.605603628279112,0.7114494113587255,2.298209183690953,1.366919535430064,1.2592138967951887,2.3489543325710787,0.9284181611944837,PSBPM-FD
914,943,928,test,30,False,0.6097630942253558,0.7808732894813062,0.6676224438712686,0.6201217903250764,0.7273928139837965,2.298209183690953,1.3948892573141556,1.2884886359330756,2.3364188865224547,0.9315119671553449,PSBPM-FD
915,944,929,test,30,False,0.5792910545975951,0.7611117228092044,0.6756508470556992,0.6069188383139933,0.7120400373875346,2.2144045977692555,1.367885628842739,1.2645616693314539,2.341169079560309,0.9355263045475769,PSBPM-FD
916,945,930,test,30,False,0.5982501821677774,0.7734663419747347,0.7029014925679292,0.6189509688057007,0.7250622476826134,2.2144045977692555,1.3883850257266006,1.2839835238620552,2.3326597679325682,0.937419262267391,PSBPM-FD
917,946,931,test,30,False,0.5667398368837915,0.7528212516154094,0.6824856168959872,0.6010329190802433,0.7069575632343261,2.2144045977692555,1.3763107655808804,1.2688301811508604,2.375202841542702,0.9390775854392147,PSBPM-FD
918,947,932,test,30,False,0.5880060159416189,0.7668155031959245,0.6798185102957145,0.6175109239815023,0.7260495279629962,2.2144045977692555,1.4131092072561249,1.3066249351798953,2.3604139670513726,0.9468373095444413,PSBPM-FD
919,948,933,test,30,False,0.588987309824215,0.7674550865192145,0.6884892892375423,0.6166663057366957,0.7269462388601508,2.2144045977692555,1.4181810162774182,1.3114537442695962,2.3775549029762746,0.947216653624916,PSBPM-FD
920,949,934,test,30,False,0.5913457797111399,0.768990103779717,0.6906606596820902,0.6201435263833139,0.728479061652644,2.2144045977692555,1.409448201207366,1.3046216280759282,2.355700215648531,0.9473191632402623,PSBPM-FD
921,950,935,test,30,False,0.5948411110178421,0.7712594317205087,0.6842117924950122,0.6235407203093498,0.7325785571036268,2.2144045977692555,1.4185499548659535,1.3136251559550045,2.3584872792078975,0.9498471292200688,PSBPM-FD
922,951,936,test,30,False,0.581906331065591,0.7628278515271916,0.6792223079320503,0.6186889955818224,0.7249133701382856,2.2144045977692555,1.406828906726767,1.3009359136870284,2.357111551944779,0.9502974605436854,PSBPM-FD
923,952,937,test,30,False,0.5509241152771173,0.7422426256131598,0.6655999047449653,0.5990535420482017,0.7036275306252491,2.2144045977692555,1.3782113918070564,1.2756130054821537,2.38546229066456,0.9479751045609768,PSBPM-FD
924,953,938,test,30,False,0.5487787947910545,0.7407960547890725,0.6642203831687792,0.5974276856364084,0.7017096507539226,2.2144045977692555,1.3719764669519756,1.2713697600360956,2.380502305686163,0.9472372945529807,PSBPM-FD
925,954,939,test,30,False,0.5494545730173842,0.7412520307003443,0.6763010664416478,0.5979233994146783,0.7023468709653229,2.2144045977692555,1.3767649565245854,1.2761788004550694,2.388445338378375,0.9475142621892538,PSBPM-FD
926,955,940,test,30,False,0.5712477036084237,0.7558093037323791,0.6935501907243814,0.6081946570475163,0.7180706107460068,2.217721574813181,1.4130668510036948,1.3128367005517194,2.396227864935736,0.9500684990248082,PSBPM-FD
927,956,941,test,30,False,0.5743966300963707,0.7578895896477076,0.7298338023846852,0.6106522239740636,0.7212217990625744,2.217721574813181,1.4215581777499364,1.3217504107704638,2.4003890991169445,0.9516185588428816,PSBPM-FD
928,957,942,test,30,False,0.568603788934078,0.7540582132263252,0.7446075439003459,0.6082422224580536,0.7167569485357823,2.217721574813181,1.4037453549528132,1.307979552198978,2.3786941508994395,0.9505326458405047,PSBPM-FD
929,958,943,test,30,False,0.5329054201641011,0.7300037124317253,0.8346867855496201,0.5894135707959428,0.6961400106429877,2.217721574813181,1.367680986028926,1.2703164340926445,2.386793427474809,0.9536116033219423,PSBPM-FD
930,959,944,test,30,False,0.515720746751992,0.7181369972031743,0.8101424285517781,0.5793242095323975,0.6848297116109462,2.217721574813181,1.3434376659872185,1.2456414114470944,2.392353233134464,0.953619872361478,PSBPM-FD
931,960,945,test,30,False,0.4934818779615133,0.7024826531392169,0.8275855937724484,0.5656062809299428,0.6712822238890995,2.217721574813181,1.3289858157871066,1.232170102698792,2.408977109845115,0.9555854808503946,PSBPM-FD
932,961,946,test,30,False,0.5002633360589634,0.7072929633885547,0.8305458688641049,0.5692346257241432,0.67638838957734,2.217721574813181,1.3412171856748274,1.2439734734771264,2.4164891994711084,0.9563058373108159,PSBPM-FD
933,962,947,test,30,False,0.5129029253150741,0.7161724131206634,0.8494309748039767,0.5770508536847906,0.6853615347746065,2.217721574813181,1.3660643262829686,1.2662468315674302,2.428022301165243,0.9569784066216668,PSBPM-FD
934,963,948,test,30,False,0.5070055600378336,0.7120432290513221,0.8920011497676882,0.5720706324255109,0.6796252097664051,2.217721574813181,1.3535693728151121,1.2569382749429567,2.427801681000394,0.9544718382785431,PSBPM-FD
935,964,949,test,30,False,0.49093967294405777,0.7006708734805934,0.8723110288090459,0.5637678545960843,0.6717681717274662,2.217721574813181,1.346975710368657,1.2508124236571048,2.4403223955774953,0.9587499597213844,PSBPM-FD
936,965,950,test,30,False,0.5072661298108282,0.7122261788300316,0.9149756087544691,0.5721061859563986,0.6842170914601735,2.217721574813181,1.3814518791635695,1.2848871626923186,2.4658029631028824,0.9606738867477908,PSBPM-FD
937,966,951,test,30,False,0.49969728309588146,0.7068926956022968,0.9096717989527389,0.5653319198355405,0.6769169382404546,2.217721574813181,1.3677999839628343,1.2710608803188064,2.4716216150095693,0.957595038754359,PSBPM-FD
938,967,952,test,30,False,0.4890108087446307,0.6992930778612289,0.8972866004624025,0.5613179394060308,0.6718220517998467,2.217721574813181,1.3520940435380713,1.2555552040915348,2.4639113131727135,0.9607160045893752,PSBPM-FD
939,968,953,test,30,False,0.5271097970108072,0.7260232758051268,0.8259820447401578,0.5829677536187325,0.6939763489324915,2.217721574813181,1.3816351527958821,1.2834720916366555,2.4543937266444247,0.9558596426029224,PSBPM-FD
940,969,954,test,30,False,0.5494716159485332,0.7412635266546799,0.8112353023119526,0.5982972875142993,0.7105689346538298,2.217721574813181,1.4079844594038915,1.3095761356809632,2.4348315627758645,0.9585915252847058,PSBPM-FD
941,970,955,test,30,False,0.558772288162095,0.7475107277906419,0.7930233379709601,0.6039095789184975,0.7187399359451099,2.217721574813181,1.4242362656029572,1.3238931604361985,2.4353498368686477,0.9615111987348094,PSBPM-FD
942,971,956,test,30,False,0.5281195062107815,0.7267183128357104,0.735357353855948,0.5868775951963318,0.7002113671483232,2.217721574813181,1.4056810943948037,1.3010503039263872,2.474313729156365,0.9635251441731871,PSBPM-FD
943,972,957,test,30,False,0.5228621698020217,0.7230920894339957,0.6911076312568636,0.5824781934402107,0.6948579687991686,2.217721574813181,1.390601920540587,1.2891375361499893,2.460679607277594,0.9609536308758024,PSBPM-FD
944,973,958,test,30,False,0.5041023505340216,0.7100016553037194,0.6554828032201845,0.57023742357109,0.6825373088955392,2.217721574813181,1.3757956125298911,1.2698970001491316,2.489118931357478,0.9613179121442588,PSBPM-FD
945,974,959,test,30,False,0.491193494650594,0.7008519777032765,0.6182383281440592,0.5626691131165912,0.6717981017906021,2.217721574813181,1.352106207655598,1.246457326579416,2.475159534627276,0.9585449184178872,PSBPM-FD
946,975,960,test,30,False,0.47190261678674633,0.6869516844631406,0.6468411876450118,0.5495818541322344,0.6584616787785016,2.217721574813181,1.3343160164567527,1.230219238244033,2.4959609623140135,0.9585269148777118,PSBPM-FD
947,976,961,test,30,False,0.47364142376297097,0.6882161170467973,0.6480109499597958,0.5526890305269418,0.6598646209272351,2.217721574813181,1.3241405235240506,1.2210254834515928,2.4612926941979913,0.9588043705787925,PSBPM-FD
948,977,962,test,30,False,0.45679798822243023,0.6758683216592047,0.6793123801815509,0.5419381517697783,0.6468788263570387,2.217721574813181,1.2997985186675511,1.1948233910216777,2.465796590031293,0.957107776214457,PSBPM-FD
949,978,963,test,30,False,0.4856289758957967,0.6968708459218227,0.6687030057699105,0.5566329442632231,0.6643889633074243,2.217721574813181,1.3307740888618853,1.2271494978986097,2.4500435575235664,0.9533889488927733,PSBPM-FD
950,979,964,test,30,False,0.4849393282928304,0.6963758527496702,0.6528905588969092,0.5525958339721625,0.6639501064959962,2.217721574813181,1.350415600784936,1.2432757745439553,2.491460410062048,0.9534364292994372,PSBPM-FD
951,980,965,test,30,False,0.48765618431747176,0.6983238391444702,0.6660929170758825,0.5547753963757696,0.6665301871811422,2.217721574813181,1.351360428472551,1.246269669120328,2.482451387911896,0.954471478444329,PSBPM-FD
952,981,966,test,30,False,0.47706126524137166,0.690696217769702,0.6497950824418725,0.5467302989699628,0.6576309094263757,2.217721574813181,1.3349664095413203,1.231596825355886,2.485693771799802,0.9521275670944078,PSBPM-FD
953,982,967,test,30,False,0.482392469878177,0.6945447932841892,0.67006619793573,0.550718569310387,0.6630701684220546,2.217721574813181,1.3429414512275166,1.2403216560719976,2.4787441243845696,0.9546830885977776,PSBPM-FD
954,983,968,test,30,False,0.4907571509321136,0.7005406133352395,0.6698089277430902,0.5574725047296523,0.669707838501473,2.217721574813181,1.3520568733213705,1.2494596419034143,2.4678691637461445,0.9559871701271205,PSBPM-FD
955,984,969,test,30,False,0.4908179627076467,0.7005840154525699,0.6648209574992907,0.5591034595405261,0.6697640773038344,2.217721574813181,1.3378458275511487,1.2392372331064863,2.4274742185623497,0.9560082196154216,PSBPM-FD
956,985,970,test,30,False,0.4700897826600592,0.685630937647988,0.6677089842164594,0.5510035554366677,0.6551637139388651,2.201787551180339,1.298310696538769,1.2044405931082345,2.3974117064862237,0.9555632308343046,PSBPM-FD
957,986,971,test,30,False,0.4696132883120495,0.6852833635161805,0.671642900082791,0.5506204522876587,0.6547227560116979,2.201787551180339,1.3008691768912084,1.2035991891395221,2.4061474799891323,0.9554044222704073,PSBPM-FD
958,987,972,test,30,False,0.47046791309593006,0.6859066358447993,0.6763591289299365,0.5486294946467006,0.6554438849553199,2.201787551180339,1.313686095884816,1.2147396872402574,2.4434699501894195,0.9555876130984506,PSBPM-FD
959,988,973,test,30,False,0.4727704408077164,0.6875830428448017,0.686771344999006,0.5488337937962235,0.6574085994140751,2.201787551180339,1.314494577525187,1.219168861618049,2.444140817598731,0.9561152012913481,PSBPM-FD
960,989,974,test,30,False,0.4719907324366509,0.6870158167296084,0.6866045763507171,0.5497202041087292,0.6567363833120349,2.201787551180339,1.3098329105574247,1.216056146046335,2.4293973695617526,0.9559261480154674,PSBPM-FD
961,990,975,test,30,False,0.4721499034792632,0.687131649306931,0.6912794328208135,0.548917430217755,0.6568648528631429,2.201787551180339,1.3178281991169627,1.2226791441240223,2.4484880748730165,0.955951968630296,PSBPM-FD
962,991,976,test,30,False,0.4649876493266298,0.6819000288360676,0.7017867350858126,0.5445088404495042,0.6514318522347998,2.201787551180339,1.307344308631433,1.2112641355946079,2.447709519317985,0.9553187046299532,PSBPM-FD
963,992,977,test,30,False,0.47941566723729256,0.692398488760116,0.7008436259950639,0.5507211311712666,0.6590055825111857,2.201787551180339,1.3088075149132727,1.2139023248605403,2.4325361976569058,0.951772127191197,PSBPM-FD
964,993,978,test,30,False,0.4964470098938828,0.7045899586950433,0.6844231632829969,0.5635569409550297,0.6725104191049159,2.201787551180339,1.335313171395406,1.2381819831742649,2.425201012145842,0.9544706262213257,PSBPM-FD
965,994,979,test,30,False,0.4743722709345315,0.6887468845189294,0.6415201507109227,0.549259192684557,0.6555222922317075,2.201787551180339,1.2979120433190467,1.203136023968889,2.413467040122975,0.9517608093277572,PSBPM-FD
966,995,980,test,30,False,0.4796896229409226,0.6925962914576735,0.6152407927022827,0.5548412468658789,0.6585182821216783,2.201787551180339,1.2892681744022452,1.1966148309742182,2.3840220178614997,0.9507967198838548,PSBPM-FD
967,996,981,test,30,False,0.4816296932464382,0.6939954562145477,0.5991105625109836,0.5551023972082917,0.6607137605289785,2.201787551180339,1.3034573326966152,1.2099328305648887,2.4228858609664123,0.9520433521753775,PSBPM-FD
968,997,982,test,30,False,0.4639913859642552,0.6811691316877587,0.5770821139620385,0.5462409810022449,0.6498091173610201,2.201787551180339,1.2847227700924735,1.1918905484479922,2.422455346856034,0.9539614864093493,PSBPM-FD
969,998,983,test,30,False,0.432656588722364,0.6577663633254318,0.5400370821207001,0.5272304086103712,0.6331935865364818,2.201787551180339,1.2762173607794955,1.1811592103381352,2.4615245568537447,0.9626420897159915,PSBPM-FD
970,999,984,test,30,False,0.4361766775646002,0.6604367324464927,0.5144769897546839,0.5272300028922884,0.6350452636508847,2.220669240905398,1.2927175032201186,1.1959384683525178,2.48212389512764,0.9615535182279321,PSBPM-FD
971,1000,985,test,30,False,0.46414271702961085,0.6812802044897612,0.5396030303547041,0.5432157342320831,0.6502484904614074,2.220669240905398,1.3089094602957383,1.2156054484287637,2.453026957414442,0.9544508796470981,PSBPM-FD
5,34,19,train,30,False,0.012756662739658963,0.11294539716012761,0.014100011840459096,0.08991269460248658,0.1050986079105937,0.4198908456331436,0.19359802574455762,0.17964586570024182,2.145435461207873,0.9305258164844984,(truncamiento FPCA)
6,35,20,train,30,False,0.01188611833555577,0.10902347607536539,0.012898764509404735,0.08609895938328942,0.10062113637193684,0.4198908456331436,0.1851440120301733,0.17194272685079087,2.148771326599753,0.9229309135436096,(truncamiento FPCA)
7,36,21,train,30,False,0.012285169345205684,0.11083848314193805,0.012330463339423463,0.08789719593608565,0.10261428446956782,0.4198908456331436,0.18841003736597842,0.17514659289826792,2.146024766521358,0.9258001513622444,(truncamiento FPCA)
8,37,22,train,30,False,0.012562895926223703,0.11208432506922501,0.012023310995609023,0.08929598593203533,0.10414953676883029,0.4198908456331436,0.19091459237018915,0.17761351956730562,2.1391975079679395,0.9292069761271786,(truncamiento FPCA)
9,38,23,train,30,False,0.012865482789471434,0.11342611158578714,0.012269424252093021,0.09061149624554708,0.10583282941675469,0.4198908456331436,0.19449962730028006,0.1809850175681803,2.148066041203784,0.9330552545364349,(truncamiento FPCA)
10,39,24,train,30,False,0.012847323357815502,0.11334603371011931,0.01213631645762492,0.09046252044948276,0.10576923324531545,0.4198908456331436,0.194498806130095,0.1808446142366533,2.150983440245923,0.9331533692287689,(truncamiento FPCA)
11,40,25,train,30,False,0.011602314541585853,0.10771404059632084,0.011121042501352717,0.08708089999379999,0.10161029118847895,0.33467076008537067,0.18632045892768773,0.1733911053913493,2.151800385180495,0.9433337624876884,(truncamiento FPCA)
12,41,26,train,30,False,0.011261638619225418,0.10612086797244649,0.0108094120679339,0.08566662523894615,0.09983610016412678,0.33467076008537067,0.18212023744052327,0.16969632782843708,2.1342578823467764,0.9407772672010984,(truncamiento FPCA)
13,42,27,train,30,False,0.011685079310100481,0.10809754534724866,0.01134374388288596,0.08741280053918107,0.10185380092142997,0.33467076008537067,0.18588574654521542,0.1732868717321707,2.135961048800837,0.9422397205620024,(truncamiento FPCA)
14,43,28,train,30,False,0.011268382882529604,0.10615263954574848,0.011009978637087978,0.08583224681632742,0.0999734511524503,0.33467076008537067,0.1822346965311906,0.16989844161624834,2.1357325918757057,0.9417895926117302,(truncamiento FPCA)
15,44,29,train,30,False,0.011764863164177493,0.10846595394029176,0.011384477853024393,0.0870527394970145,0.10173837974873903,0.33467076008537067,0.18710376174602006,0.17417162651585108,2.1550707956705737,0.9379752452529379,(truncamiento FPCA)
16,45,30,train,30,False,0.011332606507717308,0.10645471576082155,0.010623258052088032,0.08587676946159907,0.10028784971282581,0.32901177306282386,0.18428418023975843,0.1716151659618531,2.154781916107468,0.9420705226262479,(truncamiento FPCA)
17,46,31,train,30,False,0.012419195872539745,0.11144144593704688,0.011540570603454425,0.090048870577173,0.10545245233459342,0.3622083928460996,0.19452867426043827,0.18097492337337806,2.1557046670365656,0.9462588307958903,(truncamiento FPCA)
18,47,32,train,30,False,0.012260322068183501,0.11072633863802912,0.011323824044226369,0.08956993969211395,0.10465384992974838,0.3622083928460996,0.19150176288365867,0.17841494827851417,2.131455543750772,0.9451576853079909,(truncamiento FPCA)
19,48,33,train,30,False,0.012594516340696037,0.11222529278507602,0.011584318182751085,0.09127907108096071,0.10660255148217097,0.3622083928460996,0.19498802196169698,0.18168627741032245,2.1298183222616633,0.9498977354982425,(truncamiento FPCA)
20,49,34,train,30,False,0.012789313661314606,0.11308984773760467,0.011826350929224388,0.09167437236296859,0.10733211330586125,0.3622083928460996,0.19688007521439388,0.18349491911634427,2.1387107910914502,0.9490870794600172,(truncamiento FPCA)
21,50,35,train,30,False,0.012595732828410566,0.11223071250068123,0.011667056820129784,0.09119797150680943,0.10643386170714712,0.3622083928460996,0.19405897784660098,0.18116921336355934,2.119015486009253,0.9483488016393112,(truncamiento FPCA)
22,51,36,train,30,False,0.01302686107954469,0.114135275351421,0.012049133445744797,0.09361127860937105,0.10943799113406262,0.3622083928460996,0.20012589472173364,0.18673841121840692,2.1324609183251293,0.9588445885560313,(truncamiento FPCA)
23,52,37,train,30,False,0.012974578523145399,0.11390600740586687,0.011998877128496515,0.09325885712617223,0.10908634529208269,0.3622083928460996,0.19984978918945284,0.18646540716298113,2.1388471649097602,0.9576873755515731,(truncamiento FPCA)
24,53,38,train,30,False,0.013301563657838052,0.11533240506396306,0.012472705716349185,0.0949545535204335,0.1108652610765659,0.3622083928460996,0.2021514120574495,0.18868375474426116,2.1241202597116886,0.9612672259377606,(truncamiento FPCA)
25,54,39,train,30,False,0.013330901158578571,0.11545952173198437,0.012182494072457736,0.09512298216133916,0.11099576853256078,0.3622083928460996,0.20229112882611505,0.1887702237280352,2.1213856645791265,0.9613392370549977,(truncamiento FPCA)
26,55,40,train,30,False,0.012927902281480075,0.11370093351191131,0.011875447432817661,0.09371897022924912,0.10952506120783734,0.3622083928460996,0.20004662606910703,0.18678205142245527,2.1273098714694303,0.963273192443609,(truncamiento FPCA)
27,56,41,train,30,False,0.012694295785539898,0.1126689654942296,0.012244758574792795,0.09250404403738358,0.1079950192565724,0.3622083928460996,0.19693360328613682,0.18397736130183776,2.122399997435551,0.9585161165086177,(truncamiento FPCA)
28,57,42,train,30,False,0.012581081830253103,0.1121654217227979,0.011922254844298975,0.09195057600519342,0.10721587527089309,0.3622083928460996,0.19491352900214426,0.18222186271792953,2.10851943099068,0.9558727959483184,(truncamiento FPCA)
29,58,43,train,30,False,0.012804556133548665,0.11315721865417454,0.011453485495765966,0.09262905562390103,0.10827738159418221,0.3622083928460996,0.19757570901208765,0.18456692364421748,2.121561550466392,0.9568756008849436,(truncamiento FPCA)
30,59,44,train,30,False,0.012748044582244438,0.1129072388389887,0.011470971000715058,0.09238958978179214,0.10785826869329583,0.3622083928460996,0.19596959848210152,0.18309335503671068,2.1022755264418804,0.9552821395898897,(truncamiento FPCA)
31,60,45,train,30,False,0.012304459751352656,0.11092546935376318,0.010962335443205736,0.09041118555385823,0.1058107722627353,0.3622083928460996,0.19302545578342556,0.18028514199467416,2.1179020319563078,0.9538906878571223,(truncamiento FPCA)
32,61,46,train,30,False,0.014778778871681933,0.12156800101869707,0.013971546626979055,0.09568018080935821,0.112042085127216,0.534390543756802,0.20569121331101622,0.1918013811252071,2.1339958178557192,0.9216412558267205,(truncamiento FPCA)
33,62,47,train,30,False,0.01603369817740088,0.1266242400861734,0.013391636692743817,0.09885488134133655,0.11600173633554732,0.534390543756802,0.21429018836918015,0.1997069892559145,2.1505695096107447,0.9161100296167861,(truncamiento FPCA)
34,63,48,train,30,False,0.016232760179261417,0.12740784975526986,0.01361331072036541,0.09960520461615725,0.11682667311498822,0.534390543756802,0.2156359536052417,0.2010813840797856,2.1489478180724104,0.9169503554089768,(truncamiento FPCA)
35,64,49,train,30,False,0.016195597110132263,0.12726192325331354,0.015516331108605359,0.09934770765460338,0.11668205329105222,0.534390543756802,0.21606925330034762,0.2013612029746924,2.157670566955283,0.9168653931058216,(truncamiento FPCA)
36,65,50,train,30,False,0.016688777302883203,0.12918505061686977,0.016170439079522144,0.10201958548195439,0.11985678482012624,0.534390543756802,0.22215003798102412,0.20699442117022068,2.1560745430146278,0.9277914452779152,(truncamiento FPCA)
37,66,51,train,30,False,0.016384955922367096,0.12800373401728207,0.01830995177690484,0.10077724049033607,0.11846465370080904,0.534390543756802,0.21982019359091606,0.20473985579241097,2.156631694758564,0.9254781089809057,(truncamiento FPCA)
38,67,52,train,30,False,0.01702262402380983,0.13047077842877244,0.019608195853589694,0.10242288849184039,0.12064557435510204,0.534390543756802,0.2245494780348654,0.20905499008255174,2.1655554954855076,0.9246942174179312,(truncamiento FPCA)
39,68,53,train,30,False,0.016919769417547303,0.1300760139977671,0.01904207903124934,0.10198878462895528,0.12016933030380798,0.534390543756802,0.2236540672744293,0.20815093469743992,2.167037215348811,0.9238392737485855,(truncamiento FPCA)
40,69,54,train,30,False,0.016455520651247533,0.12827907331769875,0.01844985473033347,0.10043697106391097,0.11806351708409644,0.534390543756802,0.21875658353661553,0.20368482006246033,2.149821157812514,0.9203645928412483,(truncamiento FPCA)
41,70,55,train,30,False,0.01628127737468948,0.12759810882097541,0.0192508787854619,0.0995068396479588,0.11678431893379017,0.534390543756802,0.21583061624424985,0.20099762085597736,2.1350053070752546,0.9152511742759654,(truncamiento FPCA)
42,71,56,train,30,False,0.01656842825152378,0.12871840680929741,0.019439423647124764,0.10087744511157215,0.11833409658164509,0.534390543756802,0.2187255382826832,0.20375838905356722,2.1408662173301822,0.9193253670157899,(truncamiento FPCA)
43,72,57,train,30,False,0.016241857638385006,0.12744354686834874,0.01936471586727678,0.09968744374314627,0.1168972947398843,0.534390543756802,0.21567290522177196,0.20084628736315813,2.1340021874963493,0.9172476568047899,(truncamiento FPCA)
44,73,58,train,30,False,0.017109530149231174,0.13080340266686938,0.02039899076307183,0.10230900880702401,0.12018579682048962,0.534390543756802,0.22229213718993848,0.20687667071830648,2.138103318860047,0.9188277550132185,(truncamiento FPCA)
45,74,59,train,30,False,0.016390617453345,0.12802584681752743,0.018257720121437296,0.10004159427592983,0.11727401261431268,0.534390543756802,0.2158289038259884,0.2010001245062277,2.1227077338916494,0.9160182535754744,(truncamiento FPCA)
46,75,60,train,30,False,0.016158807392144838,0.1271172977692054,0.018633966116221926,0.09926904077338287,0.11623611764372788,0.534390543756802,0.2134866900456828,0.19881932224786503,2.116456916172894,0.9144004764384353,(truncamiento FPCA)
47,76,61,train,30,False,0.015398882491064808,0.12409223380641034,0.01762910056007553,0.09740078983333092,0.11357409608300036,0.534390543756802,0.2070754955354381,0.19310375343433156,2.096480690996643,0.915239355431229,(truncamiento FPCA)
48,77,62,train,30,False,0.01572199055660851,0.12538736202906778,0.01793325897293433,0.0986706341294759,0.11504811398440223,0.534390543756802,0.2104160389203548,0.19614512224469757,2.107627354099855,0.9175415458356269,(truncamiento FPCA)
49,78,63,train,30,False,0.015290214125969126,0.12365360539009417,0.017181568348158864,0.09579681803672256,0.11175991804609477,0.534390543756802,0.204494501317111,0.19065329444411333,2.1130215386100604,0.9038144718346224,(truncamiento FPCA)
50,79,64,train,30,False,0.015240475386467578,0.12345232029600568,0.017029717757638396,0.0960374044434469,0.1115845543183607,0.534390543756802,0.20244017907345505,0.18882731716332526,2.0919024501275936,0.9038676150501728,(truncamiento FPCA)
51,80,65,train,30,False,0.015213806883062593,0.12334426165437366,0.017430624185240155,0.09587509992153495,0.11143978827404454,0.534390543756802,0.2025156514765723,0.18877680519973009,2.0966372325794285,0.9034857947937053,(truncamiento FPCA)
52,81,66,train,30,False,0.015212129144687335,0.12333746042742787,0.01743732807504795,0.09612051922949817,0.11143260064042647,0.534390543756802,0.20145675569278676,0.18789041152205732,2.08072350251679,0.9034773397656728,(truncamiento FPCA)
53,82,67,train,30,False,0.015094434826525652,0.1228594108179168,0.017352267704172725,0.09506815686986421,0.1103038201670452,0.534390543756802,0.1996192469735379,0.18608322875903843,2.0925146304121376,0.8978052184420813,(truncamiento FPCA)
54,83,68,train,30,False,0.014685773477537677,0.12118487313826622,0.01675919358365348,0.09273481087805875,0.1077664737701085,0.534390543756802,0.19584955188094183,0.1824251003257125,2.1067956242824764,0.8892733142291782,(truncamiento FPCA)
55,84,69,train,30,False,0.014979358869492183,0.1223901910673081,0.015502848616166746,0.09359180734460852,0.10888578864843064,0.534390543756802,0.19817868548985332,0.1846631838507629,2.109675347423774,0.8896610725000768,(truncamiento FPCA)
56,85,70,train,30,False,0.014743355573101425,0.1214222202609614,0.015384199063884158,0.09265769554131613,0.10766462442695131,0.534390543756802,0.19522736768064186,0.1819631482035937,2.0967520421477217,0.8866962257448251,(truncamiento FPCA)
57,86,71,train,30,False,0.014699274942330542,0.12124056640551685,0.015007847368591743,0.09224924175947197,0.1071879680743055,0.534390543756802,0.19435847102624682,0.18115214792743503,2.0980419073922025,0.8840932639310739,(truncamiento FPCA)
58,87,72,train,30,False,0.014847985769278064,0.12185231130051684,0.015281405494538946,0.0930061237160366,0.10817021482040204,0.534390543756802,0.1966240310933556,0.18343080519949348,2.1090795691222506,0.88771574101396,(truncamiento FPCA)
59,88,73,train,30,False,0.014551764697047755,0.12063069550097004,0.015265399079722448,0.09199582442120123,0.1066691328848569,0.534390543756802,0.19226255028824027,0.17966822243166897,2.081046477218686,0.884261940477655,(truncamiento FPCA)
60,89,74,train,30,False,0.015779426525943063,0.1256161873563398,0.016387207454245663,0.09620098590590817,0.1113451628669453,0.534390543756802,0.19951214043774637,0.18659176890158577,2.0815592616175027,0.8863918354016637,(truncamiento FPCA)
61,90,75,train,30,False,0.016587990363817237,0.12879437240740466,0.01740915761697894,0.09921246370827068,0.11455854437436516,0.534390543756802,0.20441960684483906,0.19126518817384583,2.0653543740796083,0.889468555442714,(truncamiento FPCA)
62,91,76,train,30,False,0.014150916385082916,0.11895762432514746,0.014603378672885189,0.09397126957145573,0.10850020085218046,0.4131969274123084,0.1934058771325665,0.18111815420907404,2.0660926286231676,0.9120911876620562,(truncamiento FPCA)
63,92,77,train,30,False,0.012902607361700808,0.11358964460592703,0.015160388584368745,0.09061468716420823,0.10457374494855472,0.3580674190355353,0.1860565395979156,0.17427015816763977,2.068322715923409,0.9206274507799467,(truncamiento FPCA)
64,93,78,train,30,False,0.012627769535643424,0.11237334886726222,0.015071738890832659,0.08952863971139301,0.10338006082913441,0.3580674190355353,0.18410605778876,0.17244624182399065,2.070918982595383,0.919969564591771,(truncamiento FPCA)
65,94,79,train,30,False,0.012343838696087224,0.1111028293793062,0.01464093499288595,0.08843779523829139,0.10204428625687803,0.3580674190355353,0.18142145138810475,0.16990464881647277,2.067479015248334,0.9184670347907864,(truncamiento FPCA)
66,95,80,train,30,False,0.012480827772437841,0.1117176251646885,0.015066533724083477,0.08911656840338392,0.10255921450217638,0.3580674190355353,0.1812402613002493,0.1699777321658448,2.053643632843241,0.9180217924520752,(truncamiento FPCA)
67,96,81,train,30,False,0.012474978155386137,0.11169144172847863,0.014541795786405133,0.08888436919461243,0.10252587915972428,0.3580674190355353,0.1818759526057227,0.17042881263766657,2.068805542517961,0.9179385418711329,(truncamiento FPCA)
68,97,82,train,30,False,0.011677174919276969,0.10806097778234736,0.013733239223057815,0.08648461454941654,0.09955739716166533,0.3580674190355353,0.17606625673348414,0.16507469152215484,2.06616205508167,0.921307572861226,(truncamiento FPCA)
69,98,83,train,30,False,0.013145354814804807,0.11465319365288001,0.01586712454879082,0.09039405874912669,0.10395734231966948,0.438990819725679,0.18410376122563693,0.17270425134127365,2.059639647916529,0.9067112655789343,(truncamiento FPCA)
70,99,84,train,30,False,0.013515317893030537,0.11625539941452413,0.016987691649277204,0.09187969265558685,0.10571814649800257,0.438990819725679,0.18767421055609926,0.17615033365540325,2.0666576877182665,0.9093611740221236,(truncamiento FPCA)
71,100,85,train,30,False,0.013997014123154803,0.11830897735655906,0.016592698209466017,0.09433714095786831,0.10841366628803467,0.438990819725679,0.19115687682372937,0.17963196501031145,2.054062819572947,0.9163604378161266,(truncamiento FPCA)
72,101,86,train,30,False,0.013776738142110346,0.11737435044382714,0.017615769870620628,0.09316084511542265,0.10730387936834297,0.438990819725679,0.1902054967601892,0.17858353393592452,2.071928310531304,0.9142021145386131,(truncamiento FPCA)
73,102,87,train,30,False,0.014386735018222482,0.11994471650815838,0.018202925893765983,0.09534197782021704,0.1096890833956073,0.438990819725679,0.19287790368797003,0.18144817297773885,2.062133101232743,0.9144969998586514,(truncamiento FPCA)
74,103,88,train,30,False,0.014062888810692658,0.11858705161480598,0.015082522553930873,0.09453938146265232,0.10871762763548358,0.438990819725679,0.19099345122371372,0.17973336099816442,2.0625738555908986,0.9167748599452475,(truncamiento FPCA)
75,104,89,train,30,False,0.014130490125426347,0.11887173812738816,0.015696301543604498,0.09465728092123632,0.10911208532371622,0.438990819725679,0.19254165089306205,0.18111508217987382,2.080368912637442,0.9178976184127713,(truncamiento FPCA)
76,105,90,train,30,False,0.014259156260448859,0.11941170905924117,0.014729214392416567,0.09531790922746254,0.10972320108823233,0.438990819725679,0.1925779414189427,0.1813416213897871,2.0666983872176634,0.9188646737632548,(truncamiento FPCA)
77,106,91,train,30,False,0.014038800674073326,0.11848544498829097,0.014773247530223525,0.09401234763115711,0.10839349244212965,0.438990819725679,0.19099995387361374,0.1797957537685867,2.082646669148466,0.9148253817406972,(truncamiento FPCA)
78,107,92,train,30,False,0.013526883568180893,0.11630513130632239,0.013863546573301702,0.09145549869615371,0.1054902349666899,0.438990819725679,0.1855605186121098,0.17472144374015938,2.070669309392575,0.9070127326441995,(truncamiento FPCA)
79,108,93,train,30,False,0.013812021634674387,0.11752455758127485,0.014356370995423638,0.09360132486684232,0.10807646962385876,0.438990819725679,0.19059282158805643,0.17941857479198373,2.0733242401361207,0.9196075428670966,(truncamiento FPCA)
80,109,94,train,30,False,0.015279135507502487,0.12360880028340412,0.015982638207663245,0.09688051625034551,0.11182914681193949,0.438990819725679,0.19729477208404575,0.18586149195308999,2.077257483345791,0.9047021454422596,(truncamiento FPCA)
81,110,95,train,30,False,0.015270479249620692,0.12357378059127548,0.013430856333583817,0.09682567721525288,0.11178063048339872,0.438990819725679,0.19719041840928317,0.18582395037162236,2.077320042346305,0.9045659196356305,(truncamiento FPCA)
82,111,96,train,30,False,0.015491370115252494,0.12446433270319852,0.012657532801387799,0.09748959021279084,0.11263411978185478,0.438990819725679,0.19938659611498608,0.18783845319028578,2.0848774975763145,0.9049509794138821,(truncamiento FPCA)
83,112,97,train,30,False,0.015894027971561864,0.126071519272046,0.012769555454922333,0.09970312296252698,0.11530764733584302,0.438990819725679,0.20457731218242955,0.19279327194189508,2.083084339704647,0.9146209072568093,(truncamiento FPCA)
84,113,98,train,30,False,0.016040713417146576,0.12665193807102432,0.011894215274386619,0.10069842478022807,0.11651756650321546,0.438990819725679,0.2068841458928236,0.1951685144706162,2.083899922694987,0.9199824991061276,(truncamiento FPCA)
85,114,99,train,30,False,0.015534849696360799,0.12463887714658216,0.012716203833290524,0.0988912666355499,0.11431664876715276,0.438990819725679,0.202422738744739,0.19093020068235553,2.0819226701652815,0.917182915830589,(truncamiento FPCA)
86,115,100,train,30,False,0.015465353616054696,0.12435977491156333,0.012773151188167575,0.09841599652977573,0.11382702323778875,0.438990819725679,0.20193783826827275,0.19034414854996864,2.0885852654289407,0.9153041915582044,(truncamiento FPCA)
87,116,101,train,30,False,0.015794502597189425,0.1256761815030574,0.013570272538409908,0.10050674338614965,0.11608344805332178,0.438990819725679,0.20499471637018848,0.19334977746210708,2.070945381286199,0.923671030301774,(truncamiento FPCA)
88,117,102,train,30,False,0.015776861664069095,0.125605977819804,0.013685249859839713,0.10055851629918826,0.11598428098150228,0.438990819725679,0.20370817267320485,0.19204486727800416,2.0531480305803473,0.9233977792672802,(truncamiento FPCA)
89,118,103,train,30,False,0.01653629509203342,0.1285935266334718,0.013678838506170823,0.10323776462537862,0.11908128017830376,0.438990819725679,0.21000830423712352,0.19763972687018805,2.0671478010150066,0.9260285746553896,(truncamiento FPCA)
90,119,104,train,30,False,0.016407963247877147,0.12809357223482037,0.013301284453711464,0.10291013704220348,0.11875476006855393,0.438990819725679,0.21013126730811202,0.19781514868995564,2.071150329039542,0.9270938267757372,(truncamiento FPCA)
91,120,105,train,30,False,0.015712327746459736,0.12534882427234703,0.01267958641460123,0.10043779115608387,0.11618807494190067,0.438990819725679,0.2064645295653455,0.1943733023607393,2.0863088557923035,0.9269179477061334,(truncamiento FPCA)
92,121,106,train,30,False,0.016452496274905238,0.12826728450741146,0.013323224495075723,0.10265103038865299,0.11869178712707705,0.438990819725679,0.21069483166252603,0.19827120009366814,2.0832237346062104,0.9253473134859955,(truncamiento FPCA)
93,122,107,train,30,False,0.0173182590783294,0.1315988566756163,0.014074530406004157,0.10541775790239287,0.12167961131707772,0.438990819725679,0.21558108642258028,0.20287306518253437,2.0741477386072282,0.9246251403005046,(truncamiento FPCA)
94,123,108,train,30,False,0.01707816591210272,0.1306834569182447,0.013919988563545696,0.1039786524446168,0.12001958305078915,0.438990819725679,0.21253711782565327,0.19994476842287887,2.0727941746892737,0.9183992058449538,(truncamiento FPCA)
95,124,109,train,30,False,0.019232393486854363,0.1386809052712534,0.015552180108679294,0.10929285474008202,0.1260931082599817,0.48536958499741334,0.2234189608672166,0.21015871881127737,2.071117261301717,0.9092319379755234,(truncamiento FPCA)
96,125,110,train,30,False,0.019014671931135468,0.1378936979384318,0.015295881539680855,0.10855799917071908,0.1252425185691441,0.48536958499741334,0.22162317631558784,0.2083908571503779,2.0670817612414054,0.9082541148839425,(truncamiento FPCA)
97,126,111,train,30,False,0.018992133943937055,0.1378119513828066,0.015700348918639216,0.10848505996012935,0.1251103406808215,0.48536958499741334,0.22138080725994128,0.20821033490170407,2.0660908979942363,0.9078337504509804,(truncamiento FPCA)
98,127,112,train,30,False,0.020722751584716745,0.14395399120801322,0.017185676871564578,0.1130947294739546,0.13027969445360912,0.48536958499741334,0.23015198388192626,0.21622130155180475,2.058475442185023,0.9050092558069838,(truncamiento FPCA)
99,128,113,train,30,False,0.020648914734002533,0.14369730245903203,0.016080624762509942,0.11295600590778729,0.1301194837667681,0.48536958499741334,0.2296928502746937,0.2155565730502783,2.057685497060112,0.9055109702136896,(truncamiento FPCA)
100,129,114,train,30,False,0.020750114363971634,0.14404899987147302,0.014922520862892022,0.11330773085121078,0.1304888064797956,0.48536958499741334,0.2301821941065428,0.2159698929973521,2.055773693730471,0.9058640226327401,(truncamiento FPCA)
101,130,115,train,30,False,0.020549749854532166,0.14335183938314905,0.014694468229549177,0.11222889529759025,0.12963205586147442,0.48536958499741334,0.23068580199831162,0.21610094382848472,2.082674827949806,0.9042929370093078,(truncamiento FPCA)
102,131,116,train,30,False,0.021046439621079514,0.14507391089055094,0.014765149481756468,0.11402003671339159,0.13179174548398967,0.48536958499741334,0.2348526918446215,0.2198747481648427,2.0818696039997695,0.9084455273520418,(truncamiento FPCA)
103,132,117,train,30,False,0.020279194152329174,0.14240503555818934,0.01430510454883885,0.11082012371041751,0.12838173051176113,0.48536958499741334,0.23096422646704926,0.21581470488424484,2.105422379573951,0.9015252164963083,(truncamiento FPCA)
104,133,118,train,30,False,0.02039303728676349,0.1428041921190113,0.01633158626062229,0.111099822224856,0.12874307042236505,0.48536958499741334,0.2316870865880684,0.21638263005663394,2.1057497420395554,0.9015356518040599,(truncamiento FPCA)
105,134,119,train,30,False,0.02055751786595223,0.14337893103922986,0.016864887563477343,0.11199283733966688,0.12953749272975792,0.48536958499741334,0.23254291448818204,0.21729546432614158,2.092655357689562,0.9034625365864614,(truncamiento FPCA)
106,135,120,train,30,False,0.021173509717106093,0.14551120134582798,0.017600471101229132,0.11386913457494144,0.13164608468458583,0.48536958499741334,0.23638846159725327,0.2207770576643897,2.096013847301707,0.9047144375621659,(truncamiento FPCA)
107,136,121,train,30,False,0.021072762540261167,0.14516460498434586,0.016990311521925202,0.11303279203989151,0.1305685860049861,0.48536958499741334,0.23386887045942953,0.2184982891514976,2.07524762434946,0.8994519429792562,(truncamiento FPCA)
108,137,122,train,30,False,0.021374045082355488,0.14619864938622207,0.016081408175082926,0.11456154005137449,0.13258207550360562,0.48536958499741334,0.23860297070627393,0.22267979465771112,2.102205223147417,0.9068625193202388,(truncamiento FPCA)
109,138,123,train,30,False,0.021244850425012982,0.14575613340444024,0.015845406301453268,0.11388179510253178,0.13179545775358387,0.48536958499741334,0.23710481049843649,0.2212115182114767,2.1036624117526914,0.9042189489747325,(truncamiento FPCA)
110,139,124,train,30,False,0.01915377261579393,0.13839715537464609,0.013891764351451293,0.10721252444651966,0.12425550208225321,0.48536958499741334,0.22425256125552503,0.20899196590571983,2.0941302938067894,0.8978183239813644,(truncamiento FPCA)
111,140,125,train,30,False,0.01959390754098172,0.13997823952665542,0.016931241759338658,0.10896801204644709,0.1261403678431925,0.48536958499741334,0.22641888149082912,0.21123559400296085,2.083903907998175,0.9011426938197216,(truncamiento FPCA)
112,141,126,train,30,False,0.02032533715337779,0.14256695673744946,0.01686896813182624,0.11084931579556768,0.12824489959098087,0.48536958499741334,0.2299458495800097,0.2145890881682356,2.0812079574284263,0.8995415384166191,(truncamiento FPCA)
113,142,127,train,30,False,0.019938112430359294,0.14120238110725786,0.016769903292567872,0.10885221168946359,0.12577322093326998,0.48536958499741334,0.22500683627019058,0.20991267423092647,2.0752717292628144,0.8907301700368082,(truncamiento FPCA)
114,143,128,train,30,False,0.019954836482657515,0.14126158884373882,0.015933279901236018,0.1089418565754911,0.12587731928413284,0.48536958499741334,0.22527640194171636,0.2100176200798153,2.0762128316103445,0.8910937524805572,(truncamiento FPCA)
115,144,129,train,30,False,0.0203780799304911,0.14275181235448853,0.01572088963149234,0.11068041551694643,0.12779060271514775,0.48536958499741334,0.22867162834712101,0.21314259550832776,2.0706609300038803,0.8951942578340908,(truncamiento FPCA)
116,145,130,train,30,False,0.02034788375177218,0.14264600853782128,0.015584572878031869,0.1103949179200192,0.12753829329918134,0.48536958499741334,0.22849811874553497,0.21301738782590032,2.0790901721542583,0.8940894638868618,(truncamiento FPCA)
117,146,131,train,30,False,0.021171101416073843,0.1455029257990156,0.016348034825519418,0.11235966323134786,0.13031212764922842,0.48536958499741334,0.23553999129355735,0.2193504145707597,2.1024867662393913,0.8955979883815507,(truncamiento FPCA)
118,147,132,train,30,False,0.021323117016710278,0.1460243713107859,0.01647086306447169,0.11275522713792703,0.13108006146870638,0.48536958499741334,0.23836784571999933,0.2218393442368479,2.1264391831770277,0.8976587968985442,(truncamiento FPCA)
119,148,133,train,30,False,0.020462774815215638,0.14304815558131337,0.01637234432528495,0.10935307216967419,0.12719962633876775,0.48536958499741334,0.23141652161714185,0.21545566941623903,2.122803916143641,0.8892084334947137,(truncamiento FPCA)
120,149,134,train,30,False,0.019668030999790493,0.1402427573880038,0.015194639496108164,0.10685864627363234,0.12459461844720984,0.48536958499741334,0.2281638154443262,0.21201742901667314,2.13659693806003,0.8884210548035583,(truncamiento FPCA)
121,150,135,train,30,False,0.019442077223821255,0.1394348493878817,0.014777171875004182,0.10567845350126717,0.12307122273213046,0.48536958499741334,0.2249513493974125,0.20915286683845982,2.1285699701549374,0.8826432077232667,(truncamiento FPCA)
122,151,136,train,30,False,0.01842637655745268,0.13574379012482551,0.013858050568713328,0.10199159206004225,0.11897148356221961,0.48536958499741334,0.21805236330771696,0.20265352432498393,2.141029989124576,0.8764414449664132,(truncamiento FPCA)
123,152,137,train,30,False,0.017358617940240236,0.13175210791573785,0.012943935421097003,0.09818729848037475,0.11474394596911716,0.48536958499741334,0.21084497626649776,0.19588718217557569,2.1515902673210023,0.8709078570682279,(truncamiento FPCA)
124,153,138,train,30,False,0.017501086242431692,0.13229167110000423,0.012660480860334384,0.09921777943308634,0.11585544929587119,0.48536958499741334,0.21235305733005852,0.19733862485174683,2.1434456958652586,0.8757576976126616,(truncamiento FPCA)
125,154,139,train,30,False,0.015446428517707536,0.12428366150748672,0.011184014407028356,0.09442011207907477,0.11031057973611927,0.43563196354868106,0.20193923608333558,0.18762859887384054,2.1381769153815102,0.8875710483431024,(truncamiento FPCA)
126,155,140,train,30,False,0.015164529594813823,0.12314434455066876,0.010890331433809467,0.09303704075962575,0.10878388876416878,0.43563196354868106,0.19964541059688065,0.18544200713947284,2.140323276819454,0.8833851782727119,(truncamiento FPCA)
127,156,141,train,30,False,0.015130951363616146,0.1230079321166572,0.010898332968389227,0.09290373020376864,0.10857436733216747,0.43563196354868106,0.19908827342885113,0.18496456164242672,2.1365910881310493,0.8826615118543627,(truncamiento FPCA)
128,157,142,train,30,False,0.013257408768198874,0.11514082146744861,0.009482232314009268,0.08755685655390967,0.10246085990681654,0.42521681150870183,0.18816347347260468,0.17495450343139335,2.1351928132307645,0.8898743173878014,(truncamiento FPCA)
129,158,143,train,30,False,0.012233869375700939,0.11060682336863734,0.009419472682932781,0.08508031818089129,0.09972379565761706,0.37809017261255806,0.18337685060311681,0.1706168064623194,2.1400303294215073,0.901606181431062,(truncamiento FPCA)
130,159,144,train,30,False,0.011833748081702466,0.10878303214059841,0.009585419685867447,0.08360868193119282,0.09801196528143136,0.37809017261255806,0.18012663036052212,0.16759275867219864,2.1365120348278,0.9009857819991098,(truncamiento FPCA)
131,160,145,train,30,False,0.011511897677854266,0.10729351181620567,0.009709752704550998,0.08179407939056753,0.09568638320777,0.37809017261255806,0.17532242716117427,0.16325834259486754,2.1242372011311343,0.8918189141919528,(truncamiento FPCA)
132,161,146,train,30,False,0.01096493167658338,0.10471356968694831,0.009390394722457914,0.0798856069312563,0.09320335540547414,0.37809017261255806,0.1698281828510983,0.15824659209796843,2.1088508762286113,0.8900790574145728,(truncamiento FPCA)
133,162,147,train,30,False,0.011224630080607804,0.10594635473015485,0.009531724086601396,0.08135663226074728,0.09474147977898019,0.37809017261255806,0.17196855844023598,0.16032002826109362,2.0958367506248865,0.8942401087822847,(truncamiento FPCA)
134,163,148,train,30,False,0.01180365063651318,0.10864460702912584,0.009985380479181473,0.08322259169802702,0.09629578236029893,0.37809017261255806,0.1718242816868653,0.1606941908612151,2.0709251486377043,0.88633743536376,(truncamiento FPCA)
135,164,149,train,30,False,0.012107685538287167,0.11003492871941693,0.00956612419904812,0.08430957218077628,0.09744195076216774,0.37809017261255806,0.1728099481293098,0.16183703899937757,2.0616454363732433,0.8855547224521716,(truncamiento FPCA)
136,165,150,train,30,False,0.011792285984262633,0.10859229247171566,0.009330577921235544,0.08333078888060298,0.09647566299233269,0.37809017261255806,0.17188378683843028,0.16113682103828933,2.068603363770554,0.8884209071970839,(truncamiento FPCA)
137,166,151,train,30,False,0.011803408827293844,0.10864349417840832,0.009260652138508872,0.08343277671865107,0.09664364267972278,0.37809017261255806,0.17253806945447706,0.16166248589634336,2.0843139695768587,0.8895483656022692,(truncamiento FPCA)
138,167,152,train,30,False,0.011691272452939746,0.10812618763712954,0.009468018796566615,0.0831068683725021,0.09606131876253912,0.37809017261255806,0.17102522612767096,0.1604163899118439,2.074681403229451,0.888418623293369,(truncamiento FPCA)
139,168,153,train,30,False,0.011859231266929948,0.10890009764426269,0.009127213721397342,0.08410288209069514,0.09704791803893213,0.37809017261255806,0.17239794263169503,0.16183198088737152,2.0634012882038073,0.891164655847717,(truncamiento FPCA)
140,169,154,train,30,False,0.012110258806667983,0.11004662105974895,0.00940280340818512,0.0860465592810653,0.09921128902025753,0.37809017261255806,0.17573091698118865,0.16502292377701425,2.0659478813173147,0.9015387120917736,(truncamiento FPCA)
141,170,155,train,30,False,0.011791187470981063,0.10858723438314959,0.009182453490935149,0.08477777622119194,0.09794555427974395,0.37809017261255806,0.17502657542891895,0.1640073202762342,2.0815025352385894,0.9019987923639671,(truncamiento FPCA)
142,171,156,train,30,False,0.010658133638612104,0.10323823728934985,0.009014482202835124,0.08144767403430737,0.09411447961880375,0.37809017261255806,0.1679928439125447,0.15747897477556155,2.078960781078357,0.9116242401061674,(truncamiento FPCA)
143,172,157,train,30,False,0.010986288263898573,0.10481549629658095,0.009243560220082044,0.08349799469699219,0.09632110772285654,0.37809017261255806,0.17068118137638358,0.16021690320270035,2.0603354832937537,0.9189586571274815,(truncamiento FPCA)
144,173,158,train,30,False,0.013130151857279053,0.11458687471643099,0.012907852966402147,0.08860997721985404,0.10247476029468197,0.5236678655999902,0.1828501281858196,0.17118169544844022,2.061809223897273,0.8942975410427856,(truncamiento FPCA)
145,174,159,train,30,False,0.014049312222232177,0.1185297946603814,0.014735270767698237,0.0910384629578794,0.1050562605820316,0.5236678655999902,0.18614592042747266,0.1744536085454961,2.051576400737825,0.8863278712584042,(truncamiento FPCA)
146,175,160,train,30,False,0.014575210129041257,0.12072783493892889,0.015739315790529184,0.09326972897680523,0.10777265247329558,0.5236678655999902,0.1915358891729931,0.17973781789827356,2.0547105710600526,0.8926910064096918,(truncamiento FPCA)
147,176,161,train,30,False,0.013591650801960835,0.11658323550991727,0.01482260243616839,0.09037045090440961,0.10414582250328557,0.5236678655999902,0.18413516465013355,0.17292304918370807,2.050029108512954,0.893317311427905,(truncamiento FPCA)
148,177,162,train,30,False,0.013436612734348931,0.11591640407789111,0.014496147496945291,0.08970004583658668,0.10336055763620469,0.5236678655999902,0.1826171653653524,0.17151610414311552,2.051170328680459,0.8916818845307743,(truncamiento FPCA)
149,178,163,train,30,False,0.01406454948749687,0.1185940533395198,0.016013937415181062,0.09210419419674937,0.10650568773695378,0.5236678655999902,0.1892193351499925,0.17754442267794915,2.0685849243106356,0.8980693781672293,(truncamiento FPCA)
150,179,164,train,30,False,0.013952647863311343,0.11812132687754291,0.017047442996888068,0.0917446449879992,0.1059754098609009,0.5236678655999902,0.18771789290768745,0.17619854598300097,2.060506836395878,0.8971742246915854,(truncamiento FPCA)
151,180,165,train,30,False,0.014242202644829177,0.1193406998673511,0.017523630565958258,0.09339067712333414,0.10781148754535298,0.5236678655999902,0.19090302221372732,0.1790886047314785,2.0561294384775644,0.9033924525764219,(truncamiento FPCA)
152,181,166,train,30,False,0.014399446544359764,0.11999769391267386,0.017753420076123804,0.09425744822040495,0.10882492706823073,0.5236678655999902,0.19277562945885993,0.1808515807046021,2.053236968243899,0.9068918203330315,(truncamiento FPCA)
153,182,167,train,30,False,0.014576874517238386,0.12073472788406153,0.017288229491431592,0.0952012233660196,0.1099395341666214,0.5236678655999902,0.1949550123732747,0.18286832816359536,2.052684778983638,0.9105875011553719,(truncamiento FPCA)
154,183,168,train,30,False,0.01460855094662019,0.12086583862539568,0.01840523412920584,0.09526189458227359,0.11012898113017623,0.5236678655999902,0.19603467271669658,0.1839188974579606,2.0657701285484524,0.9111671451807271,(truncamiento FPCA)
155,184,169,train,30,False,0.01496385976863614,0.12232685628526607,0.017550669306212286,0.0963792270287541,0.11156569565607065,0.5236678655999902,0.19940472094101408,0.18698678368020616,2.075714598131502,0.9120294516185358,(truncamiento FPCA)
156,185,170,train,30,False,0.014927505226361777,0.12217817000741898,0.01750372954631939,0.09599011800775117,0.11128709150245795,0.5236678655999902,0.19963390387632166,0.18722913154084994,2.0943531244456524,0.9108590470433491,(truncamiento FPCA)
157,186,171,train,30,False,0.015022905175820368,0.12256796145739052,0.017761740969499958,0.09662654173808978,0.11184584075508194,0.5236678655999902,0.19932837155701416,0.18712503838083833,2.0738262812651755,0.9125210163013439,(truncamiento FPCA)
158,187,172,train,30,False,0.01500870821048501,0.12251003310131384,0.016394585268607195,0.09644228755769203,0.11172702766774115,0.5236678655999902,0.19947497893459218,0.18717875783889423,2.084340098052643,0.9119826747197487,(truncamiento FPCA)
159,188,173,train,30,False,0.014948982138612414,0.12226603019077872,0.015921900553480146,0.09616209552917901,0.11151787994369508,0.5236678655999902,0.19925703496878072,0.18702929632558543,2.0881454691922783,0.9120920976144177,(truncamiento FPCA)
160,189,174,train,30,False,0.015367463044166006,0.12396557201161137,0.016482283645849426,0.09778524782080972,0.11329367823523705,0.5236678655999902,0.20143273608303072,0.1890945076330764,2.0810330875646033,0.9139124387263365,(truncamiento FPCA)
161,190,175,train,30,False,0.01577350272250555,0.12559260616177031,0.016838160140480916,0.09998320460484153,0.11600252913262188,0.5236678655999902,0.2069074067634446,0.19423493902907654,2.0905262716732986,0.9236413884365463,(truncamiento FPCA)
162,191,176,train,30,False,0.015701202017863847,0.12530443734307195,0.01731249527281232,0.09948595931184916,0.11544194320133778,0.5236678655999902,0.20600953036569486,0.19344755582156012,2.091422574862491,0.9212917407327598,(truncamiento FPCA)
163,192,177,train,30,False,0.01642039346257277,0.12814208310532793,0.017540564167054774,0.10157109444279522,0.11792611290862837,0.5236678655999902,0.2110575935925775,0.19810302495998194,2.098175492179197,0.9202762281591566,(truncamiento FPCA)
164,193,178,train,30,False,0.01555563303878736,0.1247222235160493,0.016571767401441808,0.09917440703068069,0.11540985193060761,0.5236678655999902,0.2085944768030721,0.19550086947040946,2.1118266697348633,0.9253351061028562,(truncamiento FPCA)
165,194,179,train,30,False,0.016036935333526816,0.1266370219703812,0.018636598260885796,0.1003710392291186,0.11681765759363551,0.5236678655999902,0.2117292316924371,0.19826444792096565,2.117816839247083,0.9224605551839151,(truncamiento FPCA)
166,195,180,train,30,False,0.015890306914559536,0.1260567606856512,0.017586453470323962,0.09964585218198001,0.11629733914691574,0.5236678655999902,0.2114058807824915,0.19768397057440668,2.128790917905913,0.9225791501728924,(truncamiento FPCA)
167,196,181,train,30,False,0.016109820135442838,0.12692446626022438,0.01773841738993641,0.10120628474576651,0.11806398559006313,0.5236678655999902,0.21447798082959652,0.20070377172180368,2.1245720040408522,0.9301909164463593,(truncamiento FPCA)
168,197,182,train,30,False,0.016093585530759326,0.12686049633656382,0.018927590598115596,0.10106847995370931,0.11796974634921709,0.5236678655999902,0.21450369674202044,0.20060921060157416,2.1289418861461877,0.9299171117558979,(truncamiento FPCA)
169,198,183,train,30,False,0.015946244817015776,0.126278441616199,0.017153538558609557,0.10037195090426505,0.11712542857005843,0.5236678655999902,0.2126031526851836,0.19878116111616825,2.1216954145078546,0.9275172156941917,(truncamiento FPCA)
170,199,184,train,30,False,0.016132507486928682,0.1270138082529954,0.017177309008804653,0.10098202615077082,0.11802168034076331,0.5236678655999902,0.215489329770085,0.20129267282950375,2.140347834809323,0.9292035406550372,(truncamiento FPCA)
171,200,185,train,30,False,0.01643191325244451,0.1281870245088968,0.017519640953434296,0.1019670086119532,0.119219133626707,0.5236678655999902,0.21790630613647283,0.2037370215896251,2.142777552385814,0.9300405722299343,(truncamiento FPCA)
172,201,186,train,30,False,0.017116133857950556,0.1308286431097967,0.017750181014806438,0.10414298078859119,0.12185253943646696,0.5236678655999902,0.2233592263528472,0.20886211240168565,2.1507437683459503,0.9313903785901332,(truncamiento FPCA)
173,202,187,train,30,False,0.016864175654828048,0.1298621409604356,0.017573114542174115,0.10281114297013087,0.1203757052898365,0.5236678655999902,0.22115958333605903,0.20671260723591256,2.1502716579167593,0.9269499516915458,(truncamiento FPCA)
174,203,188,train,30,False,0.015358181615178174,0.12392813084678625,0.015951891697451478,0.09987737404145344,0.11685088092055063,0.35867864900557256,0.21406537950592847,0.20037758934698216,2.1490135684401763,0.9428923047747302,(truncamiento FPCA)
175,204,189,train,30,False,0.015355224189093407,0.12391619825145302,0.01556161709370042,0.0995294870190508,0.11684405551733668,0.41755998147789064,0.21602809058833905,0.2022661213702543,2.1633404068416495,0.942928020437123,(truncamiento FPCA)
176,205,190,train,30,False,0.015184509956673623,0.12322544362538779,0.01529200590164814,0.09916404262180295,0.11617461462000951,0.41755998147789064,0.21394248272075586,0.20012566452089542,2.1514515382416373,0.9427810621091113,(truncamiento FPCA)
177,206,191,train,30,False,0.015044628968887728,0.12265654882185349,0.015304839722607185,0.09832519768649362,0.11509975805181762,0.41755998147789064,0.21171690716868,0.19805947486266834,2.144553093659006,0.9383906457289015,(truncamiento FPCA)
178,207,192,train,30,False,0.014827975568352136,0.1217701752004658,0.015303659957664272,0.09685810511466184,0.11328637407370672,0.41755998147789064,0.20819703683429083,0.19477983213599476,2.145620861691122,0.9303294003413192,(truncamiento FPCA)
179,208,193,train,30,False,0.014444112894580656,0.12018366317674235,0.014917045157417092,0.09561571196457773,0.11173524983519381,0.41755998147789064,0.2053380681795411,0.19221189723601262,2.1472213538777183,0.9297041451538693,(truncamiento FPCA)
180,209,194,train,30,False,0.015011192176028547,0.12252017048644907,0.015611934715885524,0.09731895091185254,0.11391265358515837,0.41755998147789064,0.21003397621450196,0.19651667422170777,2.156539757803709,0.9297461237026052,(truncamiento FPCA)
181,210,195,train,30,False,0.01640274661131393,0.12807320801523608,0.015604213183506457,0.10106732656513397,0.11804492084270965,0.41755998147789064,0.21587820609708222,0.20224878238894622,2.147564199039918,0.921698789872325,(truncamiento FPCA)
182,211,196,train,30,False,0.01676431798661785,0.129477094447697,0.01556010833738912,0.10267486193396325,0.11960164891919764,0.41755998147789064,0.21713172549394952,0.20353261696896452,2.127684521251849,0.9237282426623451,(truncamiento FPCA)
183,212,197,train,30,False,0.017139270042716807,0.13091703495999596,0.016114268830468792,0.10424151108709583,0.12116672235870106,0.41755998147789064,0.2185242733819707,0.2051100883429747,2.1098631662184735,0.9255229649504797,(truncamiento FPCA)
184,213,198,train,30,False,0.017338036273309765,0.13167397720624135,0.016237948840863475,0.10518139937371009,0.12214898270768493,0.41755998147789064,0.2196754660851714,0.20613164577623305,2.1010611744938346,0.927662286044285,(truncamiento FPCA)
185,214,199,train,30,False,0.016704856284583916,0.12924726799659603,0.01645253100137503,0.10242011726806917,0.11883229366508785,0.41755998147789064,0.2128766588537456,0.1999418571133399,2.0842166267615463,0.9194182245168813,(truncamiento FPCA)
186,215,200,train,30,False,0.016861675582785274,0.12985251473416012,0.016616452478786375,0.10340115837683521,0.11985793219755057,0.41755998147789064,0.21450218880718747,0.20132729682026226,2.0753390967882424,0.9230312746959818,(truncamiento FPCA)
187,216,201,train,30,False,0.016840421550038644,0.1297706498020205,0.01657548273261255,0.10312563025513279,0.11974244388435293,0.41755998147789064,0.215667425618047,0.20222293096175376,2.096538281711976,0.9227236209962214,(truncamiento FPCA)
188,217,202,train,30,False,0.016862833103146305,0.12985697171560065,0.018207646414246027,0.10330091262861861,0.11992696032034988,0.41755998147789064,0.2159567414187289,0.2025140473703642,2.0944232178574858,0.9235311646031724,(truncamiento FPCA)
189,218,203,train,30,False,0.016461858835945472,0.12830377561064005,0.01846798393269454,0.10198847502365703,0.11815343307248902,0.41755998147789064,0.21226221245932272,0.19897433209751844,2.087574142175428,0.9208882007575989,(truncamiento FPCA)
190,219,204,train,30,False,0.01598229158922369,0.12642108838806795,0.0169849268144425,0.09994083752193773,0.11602188483986126,0.41755998147789064,0.2100555955058643,0.19678360846302292,2.106088719499827,0.9177415439085224,(truncamiento FPCA)
191,220,205,train,30,False,0.016067936326956977,0.12675936386301792,0.017034870050019683,0.10052433785744562,0.1163761023155378,0.41755998147789064,0.20887440271059357,0.19573154398949025,2.083523662510785,0.91808682821491,(truncamiento FPCA)
192,221,206,train,30,False,0.01635337069549978,0.12788029830861272,0.017165635759819362,0.10193317523015973,0.118113585420596,0.41755998147789064,0.21253038570341284,0.1990791736984361,2.093816646957568,0.9236261330541568,(truncamiento FPCA)
193,222,207,train,30,False,0.015576309212245123,0.1248050848813666,0.017743871356480517,0.09934715736047658,0.11534928288748744,0.41755998147789064,0.20788662815140466,0.19475403126610596,2.103977729723464,0.9242354427877087,(truncamiento FPCA)
194,223,208,train,30,False,0.015117964038190797,0.12295513018248079,0.017537090514596627,0.09737664102375573,0.1130475237655411,0.41755998147789064,0.20344532498934448,0.19074925925731104,2.0987480522461817,0.9194209594814339,(truncamiento FPCA)
195,224,209,train,30,False,0.014260881480595308,0.1194189326723167,0.017174006047540543,0.09467207692939378,0.11016912157610238,0.41755998147789064,0.19924867157667,0.1866740697577121,2.1109186496021493,0.922543177290023,(truncamiento FPCA)
196,225,210,train,30,False,0.014125012378655174,0.11884869531742943,0.018486013796610752,0.09446269673907344,0.10962539226753786,0.41755998147789064,0.19779333823239312,0.18539290683606988,2.101527037929212,0.9223945788781499,(truncamiento FPCA)
197,226,211,train,30,False,0.013923636698532589,0.11799846057696087,0.016135924061476934,0.09308380662070805,0.10809064847039891,0.41755998147789064,0.19522022677757964,0.1828670644210546,2.108622570807278,0.9160343952106063,(truncamiento FPCA)
198,227,212,train,30,False,0.014298295062220863,0.11957547851554207,0.01619464849848435,0.09443583946469039,0.10979029984822647,0.41755998147789064,0.19877147219116956,0.18609357917992825,2.1133718997948088,0.918167346777176,(truncamiento FPCA)
199,228,213,train,30,False,0.014164135064815822,0.11901317181226548,0.019203839573175736,0.09332582476832432,0.10861156617245778,0.41755998147789064,0.19719442377252092,0.18459625012015304,2.1264547491359793,0.9126012231972485,(truncamiento FPCA)
200,229,214,train,30,False,0.01387543439110513,0.11779403376701696,0.019273765803620318,0.09199067985816266,0.10708283287150462,0.41755998147789064,0.1943633156205235,0.18190698162634922,2.1292275542271915,0.909068392065613,(truncamiento FPCA)
201,230,215,train,30,False,0.01342338724015265,0.11585934248109925,0.018322581907314003,0.09024654280944439,0.10508205508052915,0.41755998147789064,0.19066111288689605,0.17832531339208543,2.13182418445263,0.9069795566781482,(truncamiento FPCA)
202,231,216,train,30,False,0.013341029624499302,0.11550337494852392,0.01695225002042982,0.09019124680117077,0.10483351799244665,0.41755998147789064,0.1891227719260778,0.17677025406215943,2.1219476766937833,0.9076229853817478,(truncamiento FPCA)
203,232,217,train,30,False,0.01350653700373894,0.11621762776678476,0.01663187343421463,0.09087585867372777,0.1058825423280764,0.41755998147789064,0.1921791972819933,0.17982430005468933,2.1471480177195774,0.9110712751816971,(truncamiento FPCA)
204,233,218,train,30,False,0.013028692043304905,0.11414329609444833,0.016191054895609482,0.08939950081942524,0.10409969499847986,0.41755998147789064,0.1887486694040394,0.1765559477437551,2.1471373334208086,0.9120088394183233,(truncamiento FPCA)
205,234,219,train,30,False,0.01159445572579528,0.10767755441964347,0.014473051331770848,0.08510382032358589,0.09895382663724642,0.36659520758638564,0.17870320536210801,0.1670577360398,2.1433670135457468,0.9189828573892128,(truncamiento FPCA)
206,235,220,train,30,False,0.011449376077187384,0.1070017573556032,0.014277021272230812,0.08455934102035575,0.09827793817825094,0.36659520758638564,0.17711657558745542,0.1655620939945292,2.1375924207554875,0.9184703186849534,(truncamiento FPCA)
207,236,221,train,30,False,0.012702898778707259,0.11270713721281035,0.01438733629941466,0.08861792455973655,0.10331316842574569,0.39027772669236416,0.18714912746505108,0.17473666379872838,2.146880583315955,0.9166515180904006,(truncamiento FPCA)
208,237,222,train,30,False,0.012819770782359663,0.11322442661528326,0.014859656815793137,0.08965636813508479,0.10448072353134512,0.39027772669236416,0.18924078964422453,0.17663953186724776,2.1390131318042194,0.9227754704058011,(truncamiento FPCA)
209,238,223,train,30,False,0.01285844685755457,0.11339509185831004,0.014740946843260477,0.08981135767952912,0.10466796486834992,0.39027772669236416,0.18950210714742666,0.17688127692087685,2.1376345316696486,0.9230378771519946,(truncamiento FPCA)
210,239,224,train,30,False,0.012955989665128013,0.11382438080274372,0.013826129692410129,0.0902034069915409,0.10495956533777191,0.39027772669236416,0.18962380555645264,0.17703634714030553,2.1324136632628514,0.9221184828553171,(truncamiento FPCA)
211,240,225,train,30,False,0.011609057701124404,0.10774533725931904,0.014200478302131518,0.08670799238349275,0.10103114611009699,0.39027772669236416,0.18330419726040084,0.17095220629859234,2.1315260744735602,0.9376846245043302,(truncamiento FPCA)
212,241,226,train,30,False,0.011573023248619845,0.10757798682174641,0.013675628401192208,0.08651277398718579,0.10090012840303575,0.39027772669236416,0.18397321431594055,0.17159371752410607,2.1399507788543817,0.9379254193539086,(truncamiento FPCA)
213,242,227,train,30,False,0.01285779831853855,0.11339223217901018,0.014759673173388072,0.0894845958845695,0.10422596009840969,0.3920671803721223,0.189367428427981,0.17655024196938288,2.1400876541254372,0.9191631392692767,(truncamiento FPCA)
214,243,228,train,30,False,0.012556375730420549,0.11205523517632074,0.01442410666716592,0.08805997079412589,0.10257152590999989,0.3920671803721223,0.18601524490023208,0.17353466626772887,2.1297412820622204,0.9153657635772388,(truncamiento FPCA)
215,244,229,train,30,False,0.012609503430409856,0.1122920452677297,0.014398723393559756,0.08839928466589793,0.10307090319512671,0.3920671803721223,0.18756348690259453,0.17495260987880862,2.1486508863711955,0.9178824995963187,(truncamiento FPCA)
216,245,230,train,30,False,0.012623383804620573,0.112353833065991,0.0145070080695893,0.08828601200647132,0.10314556570498491,0.3920671803721223,0.18817663101289092,0.17540668233252968,2.159821420916171,0.9180422500085278,(truncamiento FPCA)
217,246,231,train,30,False,0.012910389303992931,0.11362389407159451,0.014754917760037331,0.0894610854066384,0.10445160411911633,0.3920671803721223,0.19052027727030615,0.17768767888971826,2.1570127913129253,0.9192749902877055,(truncamiento FPCA)
218,247,232,train,30,False,0.012941351973801429,0.11376006317597327,0.014119975190191305,0.08973893917855125,0.10468278619139117,0.3920671803721223,0.19053071613058442,0.1777217713293786,2.1472041309736407,0.920206821874381,(truncamiento FPCA)
219,248,233,train,30,False,0.013013973398491113,0.11407880345835993,0.014027986605964994,0.09010481846759694,0.10507601537058663,0.3920671803721223,0.19114964332743264,0.17839995649982268,2.1449069226756077,0.9210827268971187,(truncamiento FPCA)
220,249,234,train,30,False,0.015318319262760631,0.12376719784644327,0.017605616937814907,0.0953085190383208,0.11155801828938221,0.5442440352144198,0.20416113293514665,0.19031696859424502,2.150684280203173,0.901353672301696,(truncamiento FPCA)
221,250,235,train,30,False,0.015533682099473803,0.12463419313925775,0.018164685303223255,0.09563416149600341,0.11233878445381736,0.5442440352144198,0.20755267978869074,0.1931999834041607,2.1737650283374963,0.9013480299767951,(truncamiento FPCA)
222,251,236,train,30,False,0.015700769535269422,0.12530271160381734,0.018272664414715326,0.09638327122893206,0.11304228154057538,0.5442440352144198,0.20799773679502528,0.19364979969332252,2.163058881908001,0.9021535136286032,(truncamiento FPCA)
223,252,237,train,30,False,0.01637815910575741,0.12797718197302757,0.018280833866971654,0.09879007378735731,0.11552631293485316,0.5442440352144198,0.21170926833091,0.19731926810278902,2.149270054998972,0.9027102421992809,(truncamiento FPCA)
224,253,238,train,30,False,0.016296234834149097,0.12765670696892154,0.01805833250600176,0.09803104011063034,0.11476162994255051,0.5442440352144198,0.21075309848488558,0.1963136439123244,2.164245867657327,0.898986294315814,(truncamiento FPCA)
225,254,239,train,30,False,0.016313871087083914,0.12772576516538828,0.01758040953410062,0.09829327562353499,0.11484408667181535,0.5442440352144198,0.20998527551610688,0.19579286756024242,2.1499816735899766,0.8991458107383986,(truncamiento FPCA)
226,255,240,train,30,False,0.015953271645693903,0.12630626130835282,0.016808155541355455,0.09650842126500024,0.11272164882078302,0.5442440352144198,0.20535649466980707,0.19162284213017147,2.132399634859794,0.8924470382793966,(truncamiento FPCA)
227,256,241,train,30,False,0.016296740060083456,0.12765868579960965,0.018596577592390147,0.0983844781627708,0.11497148197713813,0.5442440352144198,0.20975078222911572,0.1958312885004686,2.1339859612519834,0.900616211556595,(truncamiento FPCA)
228,257,242,train,30,False,0.01588800848905485,0.12604764372670696,0.018337485678890562,0.09686858786765946,0.11306302138717116,0.5442440352144198,0.2057479805455641,0.19216995554104577,2.1279563547242026,0.8969863937505352,(truncamiento FPCA)
229,258,243,train,30,False,0.016203872629133028,0.12729443282851385,0.018290677608476563,0.09890000225731112,0.1152538055967283,0.5442440352144198,0.2085316478503444,0.19497093760389755,2.109934721670955,0.9054112032691468,(truncamiento FPCA)
230,259,244,train,30,False,0.01649366261365777,0.12842765517464597,0.01864712619714904,0.10014603751883018,0.11678717720868391,0.5442440352144198,0.21153521694060845,0.19786895256713227,2.1110030119337577,0.9093615938862044,(truncamiento FPCA)
231,260,245,train,30,False,0.016353925998251365,0.12788246947197793,0.01816375396856726,0.09934915903105693,0.11575069258813062,0.5442440352144198,0.209188951326857,0.19571994616364785,2.0998176082393383,0.9051333858820605,(truncamiento FPCA)
232,261,246,train,30,False,0.016191293722410946,0.12724501452870735,0.017999577165475022,0.09866651682657715,0.11522279689883823,0.5442440352144198,0.20945730829548784,0.19598067705647756,2.1126549797825276,0.9055191460789466,(truncamiento FPCA)
233,262,247,train,30,False,0.01604906790043014,0.12668491583622,0.016653064664523157,0.09814034697120264,0.11435067208322126,0.5442440352144198,0.2068150556328236,0.19327113088569467,2.090019904872262,0.9026384185395473,(truncamiento FPCA)
234,263,248,train,30,False,0.016691227847393412,0.1291945348975467,0.016025885100623055,0.10034873629356393,0.11662230136734959,0.5442440352144198,0.2097822527217707,0.19623074420827774,2.0761395196484105,0.9026875746704991,(truncamiento FPCA)
235,264,249,train,30,False,0.01718024633186224,0.13107343869702298,0.016732801546034928,0.10227388486497434,0.11908815911011947,0.5442440352144198,0.214829705448842,0.20082420415979974,2.0838212130779215,0.9085605771386867,(truncamiento FPCA)
236,265,250,train,30,False,0.017735700965627585,0.13317545181311602,0.017225231626217134,0.10388736987878758,0.1212346831609392,0.5442440352144198,0.21999441884031415,0.20538050480304243,2.100298977570706,0.9103380653896095,(truncamiento FPCA)
237,266,251,train,30,False,0.016530123507184316,0.12856952791071574,0.017267870639508714,0.1001338136160261,0.11663190939000606,0.5442440352144198,0.21100765082010725,0.19715139632557996,2.0988645266248187,0.9071504833633699,(truncamiento FPCA)
238,267,252,train,30,False,0.016710773007637576,0.12927015513117315,0.01772736257533564,0.10106227012318278,0.11771051337299641,0.5442440352144198,0.21304847195129428,0.19908635285546178,2.0986865168251665,0.9105776445735141,(truncamiento FPCA)
239,268,253,train,30,False,0.01667706962001764,0.1291397290535242,0.016870352904548084,0.10092852303079375,0.11754792838461631,0.5442440352144198,0.2127038405132834,0.1986657237611148,2.0984209200181865,0.9102383073445705,(truncamiento FPCA)
240,269,254,train,30,False,0.016846194114966084,0.1297928893081824,0.017048915297897045,0.10145053610021416,0.11802106921768,0.5442440352144198,0.2129384145263571,0.1989875901251916,2.093072119534622,0.9093030430769502,(truncamiento FPCA)
241,270,255,train,30,False,0.016716885647861994,0.12929379585990194,0.01441166711661192,0.10065864508507892,0.11739397725813375,0.5442440352144198,0.21319284584805046,0.19910810070064325,2.1144165883513355,0.9079629573667835,(truncamiento FPCA)
242,271,256,train,30,False,0.0161838086919833,0.12721559924782536,0.013523196115373167,0.09799486611862178,0.11450246078190156,0.5442440352144198,0.20846809107577113,0.19461228643048006,2.128780534603991,0.9000661983192983,(truncamiento FPCA)
243,272,257,train,30,False,0.014511251145941628,0.12046265456954544,0.012329086840897755,0.0935764894004489,0.10954424078752457,0.5442440352144198,0.20062068744321004,0.1871620877366851,2.130521761950711,0.9093626666203222,(truncamiento FPCA)
244,273,258,train,30,False,0.014441196002405744,0.12017152741979169,0.01214412690048431,0.09301530278874631,0.10893050626196871,0.5442440352144198,0.1999978675167519,0.18645720521162573,2.137067318764951,0.9064585314077348,(truncamiento FPCA)
245,274,259,train,30,False,0.015178824138845994,0.12320237067055972,0.012866675640913454,0.09600014701552341,0.11226300169537971,0.5442440352144198,0.20572257597911656,0.19176180707133242,2.129528619636574,0.9112081292296589,(truncamiento FPCA)
246,275,260,train,30,False,0.01506292196382465,0.122731096156698,0.012832837096520612,0.09561055240863081,0.11157052688360138,0.5442440352144198,0.2038109570543508,0.19014286554709078,2.1146981265371174,0.9090648611265781,(truncamiento FPCA)
247,276,261,train,30,False,0.015091871565247978,0.12284897869029265,0.012889092477753388,0.0956122150307219,0.11168091805933038,0.5442440352144198,0.20421635915192402,0.19031709676079778,2.118305343961365,0.9090911397878414,(truncamiento FPCA)
248,277,262,train,30,False,0.015187434148166774,0.12323730826404306,0.013622989124399392,0.09617532201918941,0.11228228670518972,0.5442440352144198,0.20484065855801667,0.19096245754343827,2.112364841973568,0.9111062898632809,(truncamiento FPCA)
249,278,263,train,30,False,0.01579423457083602,0.12567511516141938,0.01428099098634064,0.09835137384926812,0.11457092733629563,0.5442440352144198,0.20716596761305936,0.19329565391898054,2.096611346226684,0.9116437028057517,(truncamiento FPCA)
250,279,264,train,30,False,0.013724393648579533,0.11715115726521669,0.012469853910732864,0.09423102257831142,0.10928058290467754,0.32365830482602465,0.1961287254342966,0.18318637401851273,2.0862277652543217,0.9328169303294113,(truncamiento FPCA)
251,280,265,train,30,False,0.013025972902540883,0.11413138438896149,0.011671842831028675,0.09126180557630793,0.10555620922055708,0.32365830482602465,0.18815529561020494,0.1760227176825025,2.0593650459127977,0.9248657570017721,(truncamiento FPCA)
252,281,266,train,30,False,0.012552623631804188,0.1120384917419196,0.011314642356292495,0.0889445897794976,0.10291925498176205,0.32365830482602465,0.1834791140483428,0.1716987021414593,2.0538047636726406,0.9186062163246209,(truncamiento FPCA)
253,282,267,train,30,False,0.011975792844693365,0.10943396568110544,0.010823280205125999,0.08691519049473287,0.10090870609148507,0.32365830482602465,0.18070151887560637,0.1687954895591817,2.067832181671434,0.9220967682514285,(truncamiento FPCA)
254,283,268,train,30,False,0.012250063122160752,0.11068000326238138,0.0110816284706271,0.08875580211808871,0.10283884597056255,0.32365830482602465,0.18287674549156538,0.17103560671777152,2.0430255696138855,0.9291547067158071,(truncamiento FPCA)
255,284,269,train,30,False,0.012847845842309228,0.11334833850705191,0.011806139700014023,0.09058259454400314,0.10497126238205069,0.32365830482602465,0.18696872801239978,0.17472740364693454,2.0472874571174704,0.926094407422831,(truncamiento FPCA)
256,285,270,train,30,False,0.012946025410023761,0.11378060208147855,0.012019543308021822,0.09111663999827915,0.10573205352993963,0.32365830482602465,0.18934132071574464,0.17680519936203246,2.0711107292798694,0.9292625596604301,(truncamiento FPCA)
257,286,271,train,30,False,0.012898852555275954,0.11357311545993601,0.01176443689565711,0.09097134462869373,0.10551113589681232,0.32365830482602465,0.1887100410141585,0.17611441670241332,2.0677517125252707,0.9290150707720296,(truncamiento FPCA)
258,287,272,train,30,False,0.012789836281251611,0.11309215835437757,0.01157865495701159,0.09032141677600142,0.10468631595778316,0.32365830482602465,0.18679425098849886,0.17441686815590046,2.057458303100885,0.9256726326660558,(truncamiento FPCA)
259,288,273,train,30,False,0.012961817374130508,0.11384997748849364,0.011960217618816,0.09065688618137396,0.10542720276192345,0.32365830482602465,0.18987680633658405,0.17704106640881986,2.0815943230558265,0.9260186526833398,(truncamiento FPCA)
260,289,274,train,30,False,0.012957682869174841,0.11383181835135044,0.011647684645735465,0.09093138127714312,0.10540956866863435,0.32365830482602465,0.18807865798170334,0.17562955290638557,2.058344563402234,0.9260114631858012,(truncamiento FPCA)
261,290,275,train,30,False,0.013040038808514917,0.11419298931420842,0.011866156659111136,0.09156688946424048,0.10607535667995792,0.32365830482602465,0.1884918215387505,0.17617291052841447,2.045390992690755,0.9289130385061173,(truncamiento FPCA)
262,291,276,train,30,False,0.012804141783895346,0.1131553877811187,0.012742807797209543,0.09076413556454482,0.10518717036403277,0.32365830482602465,0.18690553104884555,0.17455700552989475,2.0480462742472434,0.9295816348356368,(truncamiento FPCA)
263,292,277,train,30,False,0.013096054506045323,0.11443799415423762,0.013471518658790503,0.09216669045385703,0.1067701623922555,0.32365830482602465,0.18965986409855962,0.17731839973162447,2.051694148865768,0.932995751816066,(truncamiento FPCA)
264,293,278,train,30,False,0.012223263561473524,0.11055886921216915,0.013119491074965631,0.08881154326867838,0.10318065459333987,0.32365830482602465,0.18422239184440153,0.1720858956693042,2.0690810483586146,0.9332643805837952,(truncamiento FPCA)
265,294,279,train,30,False,0.011838092010799552,0.10880299633190049,0.012687168908583192,0.08740963856821231,0.10142744627051319,0.32365830482602465,0.18076814043558356,0.16895732476810418,2.0679653773280653,0.9322118846903038,(truncamiento FPCA)
266,295,280,train,30,False,0.011127556022338551,0.10548723156068962,0.010985698027300594,0.08497821637430242,0.09834903884212175,0.32365830482602465,0.17362736480401625,0.16271134859071099,2.043660928285914,0.9323312157030011,(truncamiento FPCA)
267,296,281,train,30,False,0.01135310943545627,0.10655097106763631,0.0112284688615525,0.08632448841087728,0.09971702104789487,0.32365830482602465,0.1750581066049627,0.1641756898105832,2.0251264079825173,0.9358621516888534,(truncamiento FPCA)
268,297,282,train,30,False,0.011238984862957024,0.10601407860731056,0.01030372874053787,0.0858049550411925,0.09908621439883811,0.32365830482602465,0.17376347576854353,0.16300201774002582,2.023023051934875,0.9346514698851072,(truncamiento FPCA)
269,298,283,train,30,False,0.011333626239151013,0.10645950516112224,0.010702391679993694,0.08630559661925762,0.09952520385422971,0.32365830482602465,0.17436691797296083,0.16354542934602687,2.016855950268571,0.9348644228958444,(truncamiento FPCA)
270,299,284,train,30,False,0.010448919511241748,0.10221995652142368,0.009658317714551416,0.0833784525737736,0.09631045432517928,0.30467342336390013,0.16922075239199488,0.15862062462096127,2.02502609999371,0.9421883710642562,(truncamiento FPCA)
271,300,285,train,30,False,0.010228356828716345,0.1011353391684447,0.010834023986369826,0.08214404449115517,0.09473716248374281,0.30467342336390013,0.16595729081583083,0.15551197980710663,2.0173881448184026,0.9367364885774944,(truncamiento FPCA)
272,301,286,train,30,False,0.010476280538022619,0.10235370309872828,0.011886117986228925,0.08377277740352795,0.09641343631923725,0.30467342336390013,0.16822950097441997,0.15770352364387705,1.9985632181403927,0.9419633428039124,(truncamiento FPCA)
273,302,287,train,30,False,0.011177364843873692,0.10572305729533975,0.0129743082758457,0.08599548605245153,0.09903651015556984,0.3140952036162687,0.17347783871511924,0.16255246898449754,2.0059277340018373,0.9367541261969857,(truncamiento FPCA)
274,303,288,train,30,False,0.011252385475474035,0.10607726182115579,0.013304658905385671,0.08650144750100902,0.09968739145619702,0.3140952036162687,0.1751012006900566,0.16405401143228535,2.018163615061295,0.9397621106045143,(truncamiento FPCA)
275,304,289,train,30,False,0.010961991774848533,0.10469953091990686,0.01249206963533366,0.08549632471286311,0.09869093068213403,0.3140952036162687,0.17379405133526468,0.16270570299131912,2.024948282777845,0.9426110109092151,(truncamiento FPCA)
276,305,290,train,30,False,0.011223109452828839,0.10593917808265665,0.01275728024047792,0.08661241885255587,0.10007823941383541,0.3140952036162687,0.1767253851837701,0.16554521818572365,2.0320518401205674,0.9446763815342386,(truncamiento FPCA)
277,306,291,train,30,False,0.011824499236775948,0.10874051331852333,0.01350708204046263,0.08824563795645453,0.10194794965715781,0.3552660287772518,0.18008563140363257,0.168751733823175,2.0297392384133235,0.9375341953603925,(truncamiento FPCA)
278,307,292,train,30,False,0.011651090138991812,0.10794021557784574,0.013200898330702855,0.08699378576652346,0.10070678243096066,0.3552660287772518,0.17878416196607444,0.1674276788866845,2.051562046270776,0.9329866712961272,(truncamiento FPCA)
279,308,293,train,30,False,0.011174785103276123,0.10571085612781747,0.012605310795469362,0.0852028890217998,0.0990259174741788,0.3552660287772518,0.17788627930789488,0.16628731022300386,2.0735133317532886,0.936762042248946,(truncamiento FPCA)
280,309,294,train,30,False,0.011489122738346198,0.10718732545570021,0.012787756044806548,0.08605392074160453,0.10019988180199083,0.3552660287772518,0.18060379627046017,0.1686010930367385,2.0807863376883677,0.9348109151524893,(truncamiento FPCA)
281,310,295,train,30,False,0.011840161198760035,0.10881250479039638,0.012926933605233915,0.0881362515101937,0.10258313934383348,0.3552660287772518,0.18512649003283616,0.17277761370656028,2.0937448585046465,0.9427513826782828,(truncamiento FPCA)
282,311,296,train,30,False,0.0127915642828979,0.11309979789061472,0.01383224552909236,0.09165606584936883,0.10678465408113828,0.3552660287772518,0.19365514348145732,0.1807471540597618,2.1096326119578532,0.9441630849280193,(truncamiento FPCA)
283,312,297,train,30,False,0.012529303025676347,0.11193436927805663,0.01380392735254758,0.09068126933783445,0.1053575592631227,0.3552660287772518,0.1901568890069959,0.17769247441755137,2.0914694952413244,0.9412440516942883,(truncamiento FPCA)
284,313,298,train,30,False,0.012344590836040665,0.11110621420983016,0.013074843420316559,0.08968215000357765,0.10425001642468118,0.3552660287772518,0.18865268500728924,0.17620321653290444,2.093869317075304,0.9382915003097786,(truncamiento FPCA)
285,314,299,train,30,False,0.012031036391914688,0.109686081122058,0.011383917184220814,0.08878675840686387,0.10325265085603648,0.3552660287772518,0.18706843696143857,0.17472002569072365,2.095639219918692,0.941346885582844,(truncamiento FPCA)
286,315,300,train,30,False,0.012404487695733827,0.1113754357824643,0.01169249543695732,0.09032032942814719,0.10506371841771411,0.3552660287772518,0.1904324758072592,0.17820459172671602,2.0940202305949103,0.9433293587548508,(truncamiento FPCA)
287,316,301,train,30,False,0.012148868486862164,0.11022190565791432,0.011821021204049627,0.08903903238983911,0.10345129666504667,0.3552660287772518,0.18669618595764775,0.17483879855655687,2.0757718734247073,0.9385729274734101,(truncamiento FPCA)
288,317,302,train,30,False,0.012834460297180985,0.11328927706178103,0.012429683385987498,0.09171609448907332,0.10676564556999156,0.3552660287772518,0.19373315563110144,0.18136514759420666,2.091352923530686,0.9424161609908422,(truncamiento FPCA)
289,318,303,train,30,False,0.012547342725170971,0.1120149218861977,0.011978846427032917,0.09079344630004123,0.10542478625340071,0.3552660287772518,0.19042026969271134,0.17843174020614963,2.0769616561153907,0.9411673416199648,(truncamiento FPCA)
290,319,304,train,30,False,0.012341310912904314,0.11109145292462563,0.011856024334910448,0.08986476584517224,0.1044126875455525,0.3552660287772518,0.18933770010239684,0.17717606444141257,2.082920426375721,0.9398804750208405,(truncamiento FPCA)
291,320,305,train,30,False,0.012435203017535324,0.11151324144484064,0.011535613029402267,0.09028981939545716,0.10499532640866836,0.3552660287772518,0.19136036838419032,0.17883794189241178,2.100369908161984,0.9415503042354271,(truncamiento FPCA)
292,321,306,train,30,False,0.01296326591265806,0.11385633892172214,0.011360409504059473,0.09183422056111952,0.10679750389523006,0.3552660287772518,0.1946844634552783,0.18196768172451103,2.097920596311158,0.938002265896279,(truncamiento FPCA)
293,322,307,train,30,False,0.012772567443339083,0.11301578404514602,0.011056771297055954,0.09093264511416446,0.10586191803259318,0.3552660287772518,0.19373484513777656,0.18074202549145604,2.106753426795426,0.9367002930343329,(truncamiento FPCA)
294,323,308,train,30,False,0.013322298687370778,0.11542226252924857,0.011604863372620622,0.09339319339253944,0.10844377329458835,0.3552660287772518,0.1972226406425064,0.1842874126263465,2.0874714742339875,0.9395394867355694,(truncamiento FPCA)
295,324,309,train,30,False,0.013262027687585639,0.11516087741757458,0.01167828026457899,0.09320547643219895,0.1080561007291221,0.3552660287772518,0.19591785833055855,0.1830458299426477,2.0739252719949537,0.9383056394864856,(truncamiento FPCA)
296,325,310,train,30,False,0.013165321561689524,0.11474023514743868,0.012583498788888304,0.09231579302035706,0.10719819466893447,0.3552660287772518,0.19548614703020917,0.18241905140781325,2.1013620327895266,0.9342685635181691,(truncamiento FPCA)
297,326,311,train,30,False,0.013756553586626037,0.11728833525387782,0.01296195128102534,0.09389309194707623,0.10937746636247962,0.3552660287772518,0.2009245550630038,0.18735442841324781,2.1202778280550816,0.932551955194226,(truncamiento FPCA)
298,327,312,train,30,False,0.014739452890639281,0.12140614848778987,0.01539933183680738,0.09681286270609299,0.11300628958856691,0.3679467051069592,0.20819279375158797,0.1941167625079312,2.1266442881667245,0.9308119151801628,(truncamiento FPCA)
299,328,313,train,30,False,0.014420133075368912,0.12008385851299463,0.015385542963737522,0.09518783213613319,0.11116653029668337,0.3679467051069592,0.20487231677666265,0.19108505891589736,2.1325507046842413,0.9257408253970597,(truncamiento FPCA)
300,329,314,train,30,False,0.014557622961969774,0.1206549748745147,0.01696071907905494,0.09577635389602256,0.11185590596218836,0.3679467051069592,0.20623132584464957,0.19243294683719422,2.1331317059013073,0.9270724732115052,(truncamiento FPCA)
301,330,315,train,30,False,0.015630586761261826,0.12502234504784265,0.016301549057712007,0.09964863119068242,0.11648401460155285,0.3679467051069592,0.21508128976184349,0.20068268212749593,2.136070185296309,0.9317055647690625,(truncamiento FPCA)
302,331,316,train,30,False,0.01591643263645084,0.12616034494424483,0.015441339077637072,0.10036007537750424,0.11770181136087038,0.3679467051069592,0.21858106031670008,0.20365258323387794,2.1559120047768854,0.9329541022806128,(truncamiento FPCA)
303,332,317,train,30,False,0.015251404948921516,0.1234965786931829,0.014474472455291418,0.09818222389993987,0.11526444804616198,0.3679467051069592,0.21437459056729122,0.1996529327889473,2.159756930508473,0.933341225043384,(truncamiento FPCA)
304,333,318,train,30,False,0.015242188489295221,0.1234592584186995,0.014175452415714593,0.09812184346121934,0.11519499624805336,0.3679467051069592,0.21422211242559677,0.19943753484038712,2.159378161456002,0.9330608147457137,(truncamiento FPCA)
305,334,319,train,30,False,0.015258431275421138,0.12352502287156696,0.014177019031148172,0.09835088097604389,0.11525666645688427,0.3679467051069592,0.21334335904376392,0.19889615718661446,2.1475139566812445,0.9330633079640911,(truncamiento FPCA)
306,335,320,train,30,False,0.015196338386308352,0.12327342936054124,0.013801117991172307,0.09819930456141743,0.114976242972495,0.3679467051069592,0.21229065843268302,0.1978916631305214,2.1398504648001366,0.9326928241464002,(truncamiento FPCA)
307,336,321,train,30,False,0.016177488646892765,0.12719075692397136,0.014760476908519159,0.10008661561289083,0.11718589407075597,0.4827858181458047,0.2165413180783015,0.20162708127821988,2.140172933930564,0.9213397019156366,(truncamiento FPCA)
308,337,322,train,30,False,0.016526063114701395,0.1285537362922657,0.01534059581996335,0.10193536836882262,0.11929056334013176,0.4827858181458047,0.22044694662085554,0.20537417228832272,2.1342998341873978,0.9279431837665596,(truncamiento FPCA)
309,338,323,train,30,False,0.01621423325421103,0.12733512184079862,0.014654401397210665,0.10054528926857431,0.11757118141078472,0.4827858181458047,0.21709148234170306,0.20235086079877618,2.1324520956449766,0.9233209165793134,(truncamiento FPCA)
310,339,324,train,30,False,0.01665858861327577,0.12906815491543902,0.015515365996152016,0.10204291277142413,0.11887062001625813,0.4827858181458047,0.21661147143017798,0.20249527331110467,2.1092719660812125,0.9209910848585235,(truncamiento FPCA)
311,340,325,train,30,False,0.016450040232901527,0.1282577102278905,0.01499516838765497,0.10089303017076741,0.11774312725750749,0.4827858181458047,0.2152414844534647,0.20107328801808805,2.1235043951139043,0.9180198761407755,(truncamiento FPCA)
312,341,326,train,30,False,0.015511401369193177,0.12454477656326329,0.013944303945836702,0.0974106231606387,0.11366425495115241,0.4827858181458047,0.20745738119088278,0.19367803452820928,2.1223370845639544,0.9126376720698194,(truncamiento FPCA)
313,342,327,train,30,False,0.016392610474770496,0.12803363024912828,0.013743594920902578,0.10050599637970088,0.1172219517827355,0.4827858181458047,0.21410471114114207,0.19980037911075751,2.1276882163785893,0.9155559485007543,(truncamiento FPCA)
314,343,328,train,30,False,0.016962872946706058,0.1302415945337973,0.014818194001031796,0.10256628954183991,0.11989132612997642,0.4827858181458047,0.2201929184579088,0.2054032688241102,2.1485604795258837,0.9205302388928064,(truncamiento FPCA)
315,344,329,train,30,False,0.01653007355868558,0.12856933366353573,0.015870318233727157,0.10094135558355273,0.11798767390410957,0.4827858181458047,0.2164387281905223,0.20191248348176208,2.1433544024206617,0.9176968608461623,(truncamiento FPCA)
316,345,330,train,30,False,0.01691255727428854,0.1300482882405168,0.016279475175118557,0.10202357136377047,0.11926721214629027,0.4827858181458047,0.2189860730067871,0.2040362114021214,2.1440603254515467,0.9170994386770585,(truncamiento FPCA)
317,346,331,train,30,False,0.01775153253081668,0.13323487730626946,0.017133561985074985,0.10538068511331661,0.12302915068408757,0.4827858181458047,0.2254958017857798,0.21008530883157234,2.150216639900578,0.9234004877062197,(truncamiento FPCA)
318,347,332,train,30,False,0.018341174661978873,0.13542959300676818,0.01689370189326522,0.10661087072314879,0.12468555061331808,0.4827858181458047,0.2287334564566856,0.2129476990085071,2.152311215846704,0.920666952067757,(truncamiento FPCA)
319,348,333,train,30,False,0.01840249882976487,0.13565581015852168,0.016878846768161208,0.10692137020933486,0.12501900213934797,0.4827858181458047,0.22906501718562922,0.21336375326851004,2.149096092665702,0.9215897350305602,(truncamiento FPCA)
320,349,334,train,30,False,0.018218594125491337,0.13497627245368476,0.017161343533617698,0.10562346427214045,0.12361657429145628,0.4827858181458047,0.22705219431258408,0.21152236149765682,2.1588936970417603,0.915839295635265,(truncamiento FPCA)
321,350,335,train,30,False,0.018319989087249508,0.13535135421283936,0.0168027542243504,0.10587101642731903,0.12413846069008042,0.4827858181458047,0.22851251359170427,0.21286331813322115,2.1699666587669912,0.917157138264559,(truncamiento FPCA)
322,351,336,train,30,False,0.018610645440895267,0.13642083946705236,0.017184390963040988,0.1064666615011952,0.1249227312387501,0.4827858181458047,0.23033060297503974,0.21442568450431182,2.172682711471988,0.9157158959494658,(truncamiento FPCA)
323,352,337,train,30,False,0.018479723185076017,0.135940145597524,0.016927171310673242,0.10560744219951566,0.12404691368019859,0.4827858181458047,0.2290595215627004,0.2133399307977052,2.182647073462914,0.912511261003519,(truncamiento FPCA)
324,353,338,train,30,False,0.01786415380359646,0.13365685094149293,0.015803635244983988,0.10278234937995448,0.12091107984754826,0.4827858181458047,0.22427517845499034,0.20868438814830922,2.192615493638638,0.9046381011959946,(truncamiento FPCA)
325,354,339,train,30,False,0.018436883832742345,0.13578248720929495,0.01615047280806633,0.10515706232090254,0.12349755272023076,0.4827858181458047,0.22722850550311532,0.21183680515201347,2.1798194168717493,0.9095248971973227,(truncamiento FPCA)
326,355,340,train,30,False,0.01848061411656728,0.13594342248364677,0.015694386811567516,0.10558439217094247,0.12393444863445005,0.4827858181458047,0.22792747367459495,0.21252714184390306,2.1730126214277106,0.9116619720925349,(truncamiento FPCA)
327,356,341,train,30,False,0.018045155867094577,0.1343322592197964,0.015569062955104435,0.10453724435823133,0.12244277484875242,0.4827858181458047,0.22451559347538438,0.20940467722367995,2.1641411329551605,0.9114919644760069,(truncamiento FPCA)
328,357,342,train,30,False,0.01699845673630251,0.13037812982361155,0.014523186067258225,0.10133448853905178,0.11838623184102058,0.4827858181458047,0.2155162823222969,0.20119353578555813,2.139460268079735,0.9080221659965917,(truncamiento FPCA)
329,358,343,train,30,False,0.017149473318109607,0.1309559976408473,0.01459491485526994,0.10238902453914288,0.11940101388246344,0.4827858181458047,0.21635086635555173,0.20211929422754482,2.118367090696702,0.9117643791308135,(truncamiento FPCA)
330,359,344,train,30,False,0.0170751363965959,0.1306718653597472,0.014162912538586103,0.10220730150969962,0.11904614361017787,0.4827858181458047,0.2148577689199083,0.2007490844867167,2.10609359700185,0.9110311793777257,(truncamiento FPCA)
331,360,345,train,30,False,0.017457687590772295,0.13212754289235948,0.015267619043643457,0.10317668145051137,0.12000392689260585,0.4827858181458047,0.21623524376140857,0.20195086235438117,2.101729491854749,0.9082430829003577,(truncamiento FPCA)
332,361,346,train,30,False,0.016890189655457428,0.12996226242820424,0.015035785015322718,0.10058358984168553,0.11671685993444907,0.4827858181458047,0.20953129898115297,0.19595476586722832,2.0907411729553114,0.8980827030379499,(truncamiento FPCA)
333,362,347,train,30,False,0.016715569265155834,0.12928870509505397,0.014748589740722816,0.09972925305596488,0.11568156601668932,0.4827858181458047,0.20746191325842192,0.19407169509820985,2.0875381437337173,0.8947538451378209,(truncamiento FPCA)
334,363,348,train,30,False,0.018457617485807917,0.13585881453114448,0.016259245765156746,0.10455073318106117,0.12142969791528373,0.4827858181458047,0.21874921543735987,0.20446329413418812,2.0918503135345756,0.8937932980965839,(truncamiento FPCA)
335,364,349,train,30,False,0.018263247038953576,0.135141581457942,0.016047908279493085,0.10371196766868483,0.12062331550099258,0.4827858181458047,0.2181501757349963,0.2037036845650451,2.102573970534174,0.8925699566312407,(truncamiento FPCA)
336,365,350,train,30,False,0.01800363471760378,0.13417762375897024,0.015817866957517853,0.10225336898408223,0.1190606299048739,0.4827858181458047,0.2157786095165586,0.2013806416137854,2.113099840219559,0.88733595490369,(truncamiento FPCA)
337,366,351,train,30,False,0.01600007117072213,0.12649138773340313,0.013971109868018187,0.09714138154719464,0.11291221071162896,0.4600772415750658,0.20322803933573425,0.1900788009543602,2.094600680353233,0.8926474184124374,(truncamiento FPCA)
338,367,352,train,30,False,0.0158409823853151,0.12586096450176718,0.013124178723039571,0.09663651341909049,0.1121382047880462,0.4600772415750658,0.2004901225313079,0.18759426714743205,2.075037789914377,0.8909688975605435,(truncamiento FPCA)
339,368,353,train,30,False,0.015764226756571822,0.12555567194106296,0.012841390640518239,0.09603170582939115,0.11143124442658378,0.4600772415750658,0.19916614166269386,0.1863562940054817,2.076638255334854,0.8875046638983437,(truncamiento FPCA)
340,369,354,train,30,False,0.015661082190813545,0.12514424553615539,0.012805632375838379,0.09546488219135996,0.11115444939798634,0.4600772415750658,0.201396408269594,0.18788141519761972,2.0970990872033606,0.888210631833429,(truncamiento FPCA)
341,370,355,train,30,False,0.01550045680756187,0.12450083054968698,0.01289397974531981,0.09425252361008463,0.10963107400265877,0.4600772415750658,0.19831468932407986,0.18505739640707214,2.0897777444146803,0.88056500120219,(truncamiento FPCA)
342,371,356,train,30,False,0.015500715115146713,0.12450186791830359,0.012786062929436121,0.09428056412435379,0.10963346955808798,0.4600772415750658,0.1982379684955736,0.18504934745981663,2.086841362673617,0.8805769053202314,(truncamiento FPCA)
343,372,357,train,30,False,0.014617380068315032,0.12090235757963957,0.013055456413194281,0.09108624862514512,0.10606064212572387,0.4600772415750658,0.19212438913764263,0.1793448910510808,2.093574706129106,0.8772421336437602,(truncamiento FPCA)
344,373,358,train,30,False,0.014213614675636366,0.11922086510186196,0.013004152958659901,0.08967083540597617,0.10440645700239344,0.4600772415750658,0.18893912642378713,0.17624263139293,2.0953110517097704,0.8757398037096012,(truncamiento FPCA)
345,374,359,train,30,False,0.014742438941250127,0.12141844563842072,0.013154969233038754,0.09153363486312821,0.10663644499743805,0.4600772415750658,0.1934935712168301,0.18040905647053493,2.102862173584666,0.8782557249579451,(truncamiento FPCA)
346,375,360,train,30,False,0.01452362872654642,0.12051401879676248,0.01315828152955667,0.09099840471054012,0.1059452629457418,0.4600772415750658,0.19186972690533094,0.17874999030119768,2.099675336381132,0.8791115258085472,(truncamiento FPCA)
347,376,361,train,30,False,0.01365030215016599,0.11683450753166202,0.01248188312528565,0.08724083203320133,0.10183924790652749,0.4600772415750658,0.1854937410883443,0.17280158629278342,2.114860645365437,0.8716538466080251,(truncamiento FPCA)
348,377,362,train,30,False,0.012615077378199386,0.11231686150440363,0.012815208423401324,0.08459016023602392,0.09842560205349639,0.4600772415750658,0.17856928099005123,0.16640912531143134,2.108700381630342,0.8763208011259948,(truncamiento FPCA)
349,378,363,train,30,False,0.012984897335859221,0.11395129369980501,0.013273587043217124,0.08573266330848577,0.09996577411726841,0.4600772415750658,0.1823145101447016,0.16969447866930237,2.1221171822062193,0.8772675664448333,(truncamiento FPCA)
350,379,364,train,30,False,0.013159536914259003,0.11471502479736036,0.013433704409120062,0.08683521698658883,0.10131420499148472,0.4600772415750658,0.1850412036925836,0.1721683921332694,2.1273380199493364,0.8831816509690193,(truncamiento FPCA)
351,380,365,train,30,False,0.013943116819642715,0.11808097568890051,0.014661217641020236,0.08940004392133029,0.10400892301474496,0.4600772415750658,0.18947126289060437,0.17630667530329305,2.116109949429284,0.880827096896369,(truncamiento FPCA)
352,381,366,train,30,False,0.01527814671460811,0.12360480053221279,0.01627374587349576,0.09238740171967295,0.10680225117890471,0.4600772415750658,0.19089560181507442,0.17820417466890542,2.093479261685092,0.8640623237854815,(truncamiento FPCA)
353,382,367,train,30,False,0.015677353772562175,0.12520923996479724,0.017013439345404623,0.0943139813542025,0.10893488021584884,0.4600772415750658,0.19462681307611687,0.18161208610941673,2.085836166652724,0.8700226935845632,(truncamiento FPCA)
354,383,368,train,30,False,0.01610628660465229,0.12691054567943633,0.018028818719772674,0.0964362074004515,0.11137846565919467,0.4600772415750658,0.19909027802021714,0.18566244137007343,2.084945462496695,0.8776139529060557,(truncamiento FPCA)
355,384,369,train,30,False,0.015446836281704575,0.12428530195362834,0.01747978414432631,0.09332249970714439,0.10808477745916391,0.4600772415750658,0.195328987465901,0.1817125996636646,2.1134393720034352,0.8696505198940663,(truncamiento FPCA)
356,385,370,train,30,False,0.01544375075683236,0.12427288826140785,0.01736354091716573,0.09330989343811713,0.10805732038203088,0.4600772415750658,0.19519412455594357,0.18170247920974605,2.1112126197915617,0.8695164479860841,(truncamiento FPCA)
357,386,371,train,30,False,0.015459078563041843,0.1243345429196643,0.0162224771781071,0.09325737661900793,0.10811887233167536,0.4600772415750658,0.19571468749051224,0.18211864608251155,2.1171257943099726,0.8695803257308284,(truncamiento FPCA)
358,387,372,train,30,False,0.01568691830140816,0.12524742832253347,0.016469335676760094,0.09422107646489222,0.1094184492805113,0.4600772415750658,0.1993092345798863,0.18517438705992145,2.1399006087999157,0.8736183308989,(truncamiento FPCA)
359,388,373,train,30,False,0.015650827118870787,0.1251032658201647,0.01581763115158105,0.09391525163909369,0.10920983178124569,0.4600772415750658,0.19985621293563602,0.18552040625615854,2.1551809717494623,0.8729574808881029,(truncamiento FPCA)
360,389,374,train,30,False,0.01570200004671284,0.1253076216625024,0.017016239969620567,0.09411565272348314,0.10945791560101706,0.4600772415750658,0.20051770072661862,0.18612865388391978,2.158221682441236,0.8735136310848339,(truncamiento FPCA)
361,390,375,train,30,False,0.014933748412099386,0.12220371685059087,0.015289622144003959,0.09229093294273576,0.10735313496074608,0.4600772415750658,0.19666200224898464,0.18254916962740428,2.158377320620685,0.8784768395547129,(truncamiento FPCA)
362,391,376,train,30,False,0.016105570394679615,0.1269077239362507,0.016537392876238233,0.09650000354966262,0.11248973705571277,0.4600772415750658,0.20680782797431807,0.19188089319447496,2.166107768490664,0.8863899971306674,(truncamiento FPCA)
363,392,377,train,30,False,0.01752791571942355,0.13239303501099878,0.018433692565413252,0.10067431994961112,0.11745377648225248,0.4600772415750658,0.2163221744254192,0.20065175330412183,2.170112669622452,0.8871597850483208,(truncamiento FPCA)
364,393,378,train,30,False,0.016325930541423367,0.12777296482990197,0.01685298970257941,0.09795072818205781,0.1142974474929057,0.4323885018694777,0.21031065440342783,0.19510544831232052,2.1720235988280505,0.8945354570512188,(truncamiento FPCA)
365,394,379,train,30,False,0.016537828011640065,0.12859948682494834,0.01779793464346908,0.09873606871817768,0.11516942520957617,0.4323885018694777,0.2118223322182981,0.19641184447206458,2.1700463929925986,0.8955667557705467,(truncamiento FPCA)
366,395,380,train,30,False,0.01864633888645548,0.13655159789052446,0.019705933858076757,0.10430545364579097,0.12179781181634644,0.5028651070845158,0.2247652514944543,0.20847379416016437,2.170634694323324,0.8919544970392338,(truncamiento FPCA)
367,396,381,train,30,False,0.018968166145903888,0.13772496558686767,0.0205835175980265,0.10571615088410483,0.12347607722309376,0.5028651070845158,0.22837366815284657,0.21185334268804956,2.1824575895681657,0.8965409916563988,(truncamiento FPCA)
368,397,382,train,30,False,0.01904759925047547,0.1380130401464857,0.021835304689901268,0.10594094767770759,0.12388433303541814,0.5028651070845158,0.23024534995789017,0.21365189973301885,2.1993451388980407,0.8976277379581562,(truncamiento FPCA)
369,398,383,train,30,False,0.019847943682597464,0.14088273024965645,0.023893510132529504,0.10944477695519655,0.12779468701192445,0.5028651070845158,0.2369667239581686,0.22003344706738234,2.1890674833210055,0.9070997331288311,(truncamiento FPCA)
370,399,384,train,30,False,0.019066241964504675,0.1380805633118024,0.022111710728179045,0.1071971077226284,0.12501112837621456,0.5028651070845158,0.2311600653522771,0.21491150345885474,2.1804331321145276,0.905349206129211,(truncamiento FPCA)
371,400,385,train,30,False,0.020797294267513613,0.14421267027384804,0.02400343021917843,0.11294521421633757,0.13167661544134998,0.5028651070845158,0.24360411645434074,0.22658602968208008,2.1803703924826374,0.9130724449613676,(truncamiento FPCA)
372,401,386,train,30,False,0.021000426077910875,0.144915237562897,0.024388906004020813,0.11421622437493287,0.1330413622745645,0.5028651070845158,0.2452440130309904,0.22829695890726096,2.168328599745028,0.9180633072959017,(truncamiento FPCA)
373,402,387,train,30,False,0.021175446066949266,0.1455178548046571,0.02510899936300197,0.11494585208364524,0.13406610319085682,0.5028651070845158,0.24733837605497203,0.23013279991713856,2.173964093163479,0.9213034604641948,(truncamiento FPCA)
374,403,388,train,30,False,0.021071626137911924,0.14516069074619314,0.024653200338760683,0.1145750019909439,0.1334790528229436,0.5028651070845158,0.24598726434810578,0.22907184747986697,2.1671993750782517,0.919526161916146,(truncamiento FPCA)
375,404,389,train,30,False,0.020636097340095475,0.14365269694682198,0.024565025893444833,0.1131439180124645,0.1317524299792884,0.5028651070845158,0.24233587281591407,0.22584852939948283,2.1605247916154,0.9171594601392073,(truncamiento FPCA)
376,405,390,train,30,False,0.02106412008812569,0.14513483416508144,0.025038418946854196,0.11422328379193407,0.1330329600022107,0.5028651070845158,0.2448947064653065,0.2285807643728061,2.161777519813136,0.916616336577712,(truncamiento FPCA)
377,406,391,train,30,False,0.021722430425722625,0.1473853127883597,0.024531886287877936,0.11706643591677969,0.13645730293879357,0.5028651070845158,0.2515318292793116,0.23471348550161586,2.162484924697432,0.9258541462319357,(truncamiento FPCA)
378,407,392,train,30,False,0.022355777890276332,0.14951848678433155,0.024263891228096166,0.11925894528704263,0.13879462765001752,0.5028651070845158,0.25491951761281517,0.23794789503774127,2.1525641081798454,0.9282773698092439,(truncamiento FPCA)
379,408,393,train,30,False,0.022004919295699792,0.14834055175743344,0.023841415385860987,0.11798213313872481,0.13735080335284744,0.5028651070845158,0.25231493823684625,0.2355084699546979,2.156080885824913,0.9259154137261372,(truncamiento FPCA)
380,409,394,train,30,False,0.021984767881517472,0.14827261339005754,0.023417209973680415,0.11784947184448322,0.137229651266879,0.5028651070845158,0.25210182527339386,0.2352354145958196,2.157426839218161,0.9255225771590869,(truncamiento FPCA)
381,410,395,train,30,False,0.02121936832113859,0.14566869368927077,0.022854753777590258,0.11550448450717425,0.13462048433467072,0.5028651070845158,0.2475840350884796,0.23096421266048905,2.161840867634805,0.9241552246073735,(truncamiento FPCA)
382,411,396,train,30,False,0.019605185343951607,0.1400185178608587,0.020594190009464063,0.11228772590220927,0.13107593429510528,0.5028651070845158,0.2425279218895702,0.22605267144250343,2.1647213552624462,0.9361328508373444,(truncamiento FPCA)
383,412,397,train,30,False,0.019253892733738166,0.13875839698460835,0.020006087263619205,0.11064719874310171,0.1293010281365456,0.5028651070845158,0.23953475316508496,0.2232207125110986,2.1733878285864683,0.9318429078629975,(truncamiento FPCA)
384,413,398,train,30,False,0.02009712272990894,0.14176432107518783,0.020760628782588258,0.11266823843378833,0.13188480822382792,0.5028651070845158,0.2449773755369805,0.22811367348447456,2.18024029652431,0.9303103010938832,(truncamiento FPCA)
385,414,399,train,30,False,0.0208078309564761,0.14424919742056141,0.021316599818172945,0.11565044170853976,0.13534706138658334,0.5028651070845158,0.25142350616520553,0.23408701123348927,2.1738838289249136,0.9382864085681968,(truncamiento FPCA)
386,415,400,train,30,False,0.02105773570809732,0.14511283784730186,0.022143411111257772,0.11690717247074042,0.13692104532214894,0.5028651070845158,0.2546465861297781,0.2369362245583529,2.180152810078065,0.943548809004942,(truncamiento FPCA)
387,416,401,train,30,False,0.02082683002051947,0.1443150374026195,0.022628534571951523,0.11595976245488702,0.13586801824840916,0.5028651070845158,0.2527357068753967,0.2351356037404724,2.183030935623529,0.9414681982817612,(truncamiento FPCA)
388,417,402,train,30,False,0.020509678047410832,0.14321200385236857,0.022435745655855675,0.1142318492004231,0.133774684415704,0.5028651070845158,0.24859319520237805,0.23137360007832622,2.1777449714570447,0.934102455221609,(truncamiento FPCA)
389,418,403,train,30,False,0.02118610411783167,0.14555447130827576,0.022995924479629316,0.11678049911405776,0.1364975103207145,0.5028651070845158,0.2524780690842103,0.23510358031128237,2.165678329137194,0.9377761403950337,(truncamiento FPCA)
390,419,404,train,30,False,0.021006859284055768,0.1449374323080679,0.021928391422356964,0.11593232966403813,0.13552642954320582,0.5028651070845158,0.2505496244054497,0.23336957536839456,2.1617917440281214,0.9350685146342403,(truncamiento FPCA)
391,420,405,train,30,False,0.021008380665512336,0.14494268062069343,0.023113788742440886,0.11581017437666159,0.13553146704850405,0.5028651070845158,0.25093591828522893,0.23382230450939015,2.166886253768853,0.9350694113570455,(truncamiento FPCA)
392,421,406,train,30,False,0.020056762176612803,0.14162189864781788,0.022496113030620605,0.11318757426056487,0.13213798432253596,0.5028651070845158,0.24346847385641623,0.2270657265108468,2.1505714665582363,0.9330335603756711,(truncamiento FPCA)
393,422,407,train,30,False,0.018515670925642488,0.1360723003613979,0.02044438905978921,0.10799792618169723,0.1260214498766932,0.5028651070845158,0.2318859445831319,0.21640469145670121,2.1488012612873115,0.9261359552384254,(truncamiento FPCA)
394,423,408,train,30,False,0.01807680716703651,0.13445001735602904,0.01990518705826476,0.10639547988686632,0.12410091865679745,0.5028651070845158,0.2280691517363319,0.2129178074661405,2.14804040196678,0.9230264234787954,(truncamiento FPCA)
395,424,409,train,30,False,0.017562724057245693,0.13252442815287185,0.019148343283331246,0.1039638156273597,0.1213437207240812,0.5028651070845158,0.2231114033544356,0.2084449535935902,2.1547501872442383,0.91563285663913,(truncamiento FPCA)
396,425,410,train,30,False,0.01556327833584007,0.12475286904853158,0.017422976302375315,0.09900197898628657,0.11548203470421232,0.42902255529572475,0.21173229624195708,0.197797376265133,2.1565997463236366,0.9256864037274147,(truncamiento FPCA)
397,426,411,train,30,False,0.015554608094420325,0.12471811454003114,0.01721676185901901,0.09893417677942849,0.1154460631742163,0.42902255529572475,0.21192573355380726,0.19792896955259373,2.159781859271691,0.9256559369903017,(truncamiento FPCA)
398,427,412,train,30,False,0.015227658241969767,0.12340039806244454,0.01716592671604748,0.09684689886760217,0.11299054885975666,0.42902255529572475,0.20727207387589364,0.19339277402273755,2.1546117605559116,0.9156416886319916,(truncamiento FPCA)
399,428,413,train,30,False,0.014825704308735189,0.12176084883383159,0.016984461617603183,0.09535006650674867,0.11154840331279692,0.42902255529572475,0.20547942084251514,0.19158290677838316,2.1674203898242985,0.9161270176838886,(truncamiento FPCA)
400,429,414,train,30,False,0.014703200987073738,0.12125675645948039,0.018268535862511415,0.09455136094439902,0.1108543305194076,0.42902255529572475,0.20481187947214616,0.19085966696662487,2.182078062470994,0.9142115767911959,(truncamiento FPCA)
401,430,415,train,30,False,0.013915729754207646,0.1179649513805166,0.017628775086413546,0.09293737471168527,0.1088891562516974,0.3921038507915955,0.20073519349897298,0.18703607726603216,2.178190181111005,0.9230636301494023,(truncamiento FPCA)
402,431,416,train,30,False,0.013677873852906542,0.11695244269747658,0.01556518913278559,0.09129603954353908,0.10716709297375258,0.3921038507915955,0.19861176849532244,0.18486172107428508,2.198395782567391,0.9163305229200217,(truncamiento FPCA)
403,432,417,train,30,False,0.013668293981365104,0.11691147925402837,0.015481401072111094,0.09145961654548648,0.10711921763677018,0.3921038507915955,0.19809892577958857,0.18452213729933697,2.1878901093511565,0.9162420860659773,(truncamiento FPCA)
404,433,418,train,30,False,0.013629641889698809,0.11674605727688969,0.013255421410032352,0.09113688695568857,0.10686423850713768,0.3921038507915955,0.1978530181508527,0.18424121119123485,2.1958074941829073,0.9153562955336895,(truncamiento FPCA)
405,434,419,train,30,False,0.01351527853066741,0.11625523012177735,0.012150228846316802,0.09052971778935626,0.1062342978901211,0.3921038507915955,0.19716354867863353,0.18347344577850158,2.202738714309289,0.913802310475328,(truncamiento FPCA)
406,435,420,train,30,False,0.012392817672561837,0.11132303298312456,0.011096695992868864,0.08613005571898551,0.10110168333633875,0.3921038507915955,0.1875267534913044,0.17414435233400433,2.208319194135183,0.9081829755003596,(truncamiento FPCA)
407,436,421,train,30,False,0.012349948152644168,0.11113032058193735,0.011119279243722467,0.08597711894111468,0.10095413629776001,0.3921038507915955,0.18729060660297875,0.1737506513811942,2.2093298227333538,0.9084301725137709,(truncamiento FPCA)
408,437,422,train,30,False,0.01179584288627683,0.10860866855954376,0.010775778265744771,0.08423807987144777,0.09899048691766522,0.3921038507915955,0.18390470916850787,0.17063479726931777,2.209057151165486,0.9114418603096541,(truncamiento FPCA)
409,438,423,train,30,False,0.01196438015702657,0.10938180907731673,0.01101580908709719,0.08485634500612199,0.09974821786420554,0.3921038507915955,0.1854896986742212,0.17217276868093812,2.210235781341683,0.9119269347035422,(truncamiento FPCA)
410,439,424,train,30,False,0.012178770420068872,0.11035746653520491,0.0109351360217385,0.08570729148230787,0.1008443836922256,0.3921038507915955,0.18785806711820083,0.17444930569415792,2.2143667841886217,0.9137975604039028,(truncamiento FPCA)
411,440,425,train,30,False,0.012402364906514517,0.11136590549407173,0.010978605559879489,0.08662483100717558,0.10176561685297901,0.3921038507915955,0.18888064907894667,0.17549763932573872,2.205755387075579,0.91379508298791,(truncamiento FPCA)
412,441,426,train,30,False,0.011914242248761999,0.10915238086620924,0.010713255575372706,0.08507663569578323,0.10014015743721244,0.3921038507915955,0.18715685990887115,0.17375173526886367,2.2154194715494873,0.9174344768526552,(truncamiento FPCA)
413,442,427,train,30,False,0.012003670186325314,0.10956126225233677,0.010866347570349311,0.08574916460098941,0.10069455492887847,0.3921038507915955,0.18730097700386278,0.17407088897161987,2.1969610828604815,0.9190707815775535,(truncamiento FPCA)
414,443,428,train,30,False,0.011804214090415505,0.10864720010389363,0.010920072089141135,0.08519419023920377,0.10018110840531809,0.36747534729926146,0.18648002688745163,0.1736187124631264,2.2000609427955937,0.9220772215898811,(truncamiento FPCA)
415,444,429,train,30,False,0.011350960112323982,0.10654088469842918,0.010795784832116634,0.08367620576278648,0.09841080512177389,0.36747534729926146,0.18319608000849388,0.17050592194626663,2.2015949453902293,0.9236905193750924,(truncamiento FPCA)
416,445,430,train,30,False,0.0110397939206631,0.10507042362464854,0.01088263865543484,0.08186685924771252,0.09616698650870878,0.36747534729926146,0.17858673645885156,0.1662429948019378,2.188804837412833,0.9152621945472855,(truncamiento FPCA)
417,446,431,train,30,False,0.011496228987006779,0.10722046906727642,0.011511580069751186,0.08365100027468071,0.09803883017920903,0.36747534729926146,0.18138612222011566,0.16904057587090496,2.178345406995448,0.9143667345616042,(truncamiento FPCA)
418,447,432,train,30,False,0.011618301136119833,0.1077882235502554,0.011502087169138083,0.08440156995394818,0.09906136626926763,0.36747534729926146,0.18365583062953153,0.1710895763567568,2.1894618555517185,0.9190370061445633,(truncamiento FPCA)
419,448,433,train,30,False,0.010863588689693403,0.10422854066758012,0.012040809131056927,0.08136113572825639,0.09582081212346871,0.36747534729926146,0.17890837297396417,0.16673862696275607,2.2056208024753805,0.9193337209725838,(truncamiento FPCA)
420,449,434,train,30,False,0.011052045008232977,0.10512870687035476,0.011395685393052924,0.08199519071954037,0.09683473690277887,0.36747534729926146,0.18185136746328148,0.16929539633032795,2.2257666638843463,0.9211065158653187,(truncamiento FPCA)
421,450,435,train,30,False,0.010432054107447146,0.10213742755448242,0.010856767459119667,0.07953459972244685,0.09396556069161045,0.36747534729926146,0.17644280818673813,0.16429871600848342,2.2296440872213212,0.9199914560359089,(truncamiento FPCA)
422,451,436,train,30,False,0.010370321103217261,0.1018347735462561,0.010512728287531943,0.07912334827957489,0.09359715658219685,0.36747534729926146,0.1763648720959954,0.1641218502149656,2.239853528526008,0.9191080150994051,(truncamiento FPCA)
423,452,437,train,30,False,0.010806499744677735,0.10395431566162963,0.010736862018814365,0.08168920116340199,0.09643626584096217,0.36747534729926146,0.1807693876135947,0.16829628566173216,2.228948576363922,0.9276792909191125,(truncamiento FPCA)
424,453,438,train,30,False,0.010644888675695857,0.10317406978352582,0.009479377822886603,0.08069190801358547,0.09523893101639179,0.36747534729926146,0.17846456096447422,0.1663047377095319,2.2292929915330264,0.9230897958781397,(truncamiento FPCA)
425,454,439,train,30,False,0.010682364147075851,0.10335552306033699,0.009191343384491927,0.0809900298571971,0.09556873515544005,0.36747534729926146,0.17906047306097822,0.1668497718322146,2.2272267383684254,0.9246601664397639,(truncamiento FPCA)
426,455,440,train,30,False,0.010611352815138158,0.10301142079953153,0.00904468616371875,0.08074181396874185,0.09509896037923508,0.36747534729926146,0.1775244191053377,0.16555004814277063,2.2115971185663517,0.9231885128961114,(truncamiento FPCA)
427,456,441,train,30,False,0.010342017787282125,0.10169571174480331,0.00877134993290544,0.07956177418029126,0.09374848540444318,0.36747534729926146,0.17510385350763166,0.16315625004912626,2.2127809540923016,0.9218528863802732,(truncamiento FPCA)
428,457,442,train,30,False,0.011247842637082516,0.10605584678405296,0.009364216722578783,0.08347977416845512,0.09834072806726782,0.36747534729926146,0.18379718560974198,0.1710977029702483,2.218483857178551,0.9272541877630341,(truncamiento FPCA)
429,458,443,train,30,False,0.0112127446523465,0.10589024814564607,0.009320307593124492,0.0835828119901553,0.0981887194936502,0.36747534729926146,0.18264680013023937,0.16998875146060383,2.2044733315223604,0.927268763773196,(truncamiento FPCA)
430,459,444,train,30,False,0.011243116365858582,0.10603356245009682,0.009330033459214343,0.08399016614732348,0.09837698366067324,0.36747534729926146,0.18164795878383838,0.16927079208944898,2.178007494275315,0.9277909879428314,(truncamiento FPCA)
431,460,445,train,30,False,0.010604466686931763,0.10297799127450372,0.00839622927296127,0.08183822163542451,0.09602103345754516,0.36747534729926146,0.17774713527885788,0.16566178365411272,2.1839664908486545,0.9324422846973806,(truncamiento FPCA)
432,461,446,train,30,False,0.01099268631088871,0.10484601237476183,0.00949724356474015,0.08379707987216325,0.09845522069519105,0.36747534729926146,0.18259541685031025,0.17014527837285492,2.1867285541883796,0.9390459252114661,(truncamiento FPCA)
433,462,447,train,30,False,0.010968559040137054,0.1047308886629778,0.009408222930750117,0.08365081922423066,0.098331460174951,0.36747534729926146,0.1825485828790615,0.17020151600687677,2.1898962979837733,0.9388964557665499,(truncamiento FPCA)
434,463,448,train,30,False,0.011575223203390586,0.10758821126587516,0.011572584537263184,0.0861187963834834,0.10102925839551741,0.36747534729926146,0.1870530962796181,0.17434274455256063,2.178552072110796,0.9390365097329384,(truncamiento FPCA)
435,464,449,train,30,False,0.011519313678320497,0.10732806566001503,0.01223815307238089,0.08576404142170334,0.10066042044392097,0.36747534729926146,0.18650630674362415,0.17392653416330678,2.1821480336688666,0.9378760329361076,(truncamiento FPCA)
436,465,450,train,30,False,0.0116864839727361,0.10810404235150552,0.013152072900575672,0.08721205486119922,0.10217717263681698,0.36747534729926146,0.18810125214910886,0.17564525936514125,2.155494677087446,0.945174393244084,(truncamiento FPCA)
437,466,451,train,30,False,0.012116843737811607,0.11007653581854585,0.014158650148807093,0.08827827480864024,0.10349828679229085,0.36747534729926146,0.19081339259295085,0.17812535828505005,2.156831425484334,0.940239316423449,(truncamiento FPCA)
438,467,452,train,30,False,0.01276992120434704,0.11300407605191522,0.015028225670381649,0.09009276474947203,0.10574505017128491,0.36747534729926146,0.19570878662223504,0.18273693705734037,2.165993007539578,0.9357631500186291,(truncamiento FPCA)
439,468,453,train,30,False,0.012545743246335393,0.11200778207935104,0.014046201244643576,0.08947073100508782,0.10469593051382371,0.36747534729926146,0.19202591241855185,0.17946735073078893,2.1393483490543663,0.9347201468524099,(truncamiento FPCA)
440,469,454,train,30,False,0.013518586612373654,0.11626945691957821,0.0135441397715064,0.092239393477693,0.10773849991201315,0.38388377503955007,0.19720784399786506,0.18427152161234045,2.130167159616436,0.9266277040111592,(truncamiento FPCA)
441,470,455,train,30,False,0.014144822591061703,0.11893200826969039,0.014270138616895677,0.09397860406267247,0.10964960671855563,0.38388377503955007,0.20024385301946998,0.18704497998187197,2.127858735291594,0.9219520322057795,(truncamiento FPCA)
442,471,456,train,30,False,0.014522532899315469,0.12050947223897161,0.014312693887951882,0.09499246359552872,0.11094965365934786,0.38388377503955007,0.2030961545375038,0.18964587154417747,2.1331084185840337,0.9206716418053302,(truncamiento FPCA)
443,472,457,train,30,False,0.014548989084472835,0.12061919036568283,0.014592687501041621,0.09513394653416626,0.11109478416942574,0.38388377503955007,0.20291823336167064,0.18955744222281012,2.1278721844016197,0.9210373890971923,(truncamiento FPCA)
444,473,458,train,30,False,0.013544815611932623,0.11638219628419384,0.012877768212423871,0.09206747735732622,0.1071546521271088,0.38388377503955007,0.19470769655304962,0.1818883056399882,2.1146906821134146,0.9207134385524717,(truncamiento FPCA)
445,474,459,train,30,False,0.01332989151149313,0.11545514935026992,0.012644765864813435,0.0909956457650591,0.10583999504483431,0.38388377503955007,0.19205264245926326,0.17957815414978823,2.1110167112792704,0.9167195715431887,(truncamiento FPCA)
446,475,460,train,30,False,0.01538607335075214,0.12404061169936297,0.014195706202587404,0.09744133443906698,0.11301447111191971,0.4028671791450985,0.2034426732907237,0.19059141632777082,2.1060298981861263,0.9111086245352668,(truncamiento FPCA)
447,476,461,train,30,False,0.014835937247705119,0.12180286223116893,0.013785925958078028,0.0953535164651888,0.11059554733152122,0.4028671791450985,0.19885947653565073,0.18622808629094406,2.10092515376853,0.907988082592202,(truncamiento FPCA)
448,477,462,train,30,False,0.01468729401354096,0.12119114659718737,0.012811536660313228,0.09434357057531331,0.10923477900827436,0.4028671791450985,0.19566487325556017,0.1833799812107795,2.077584951829953,0.9013428957095906,(truncamiento FPCA)
449,478,463,train,30,False,0.015731884214400072,0.12542680819665336,0.013382275845152867,0.09793872414852706,0.11329273137293042,0.4028671791450985,0.20286653997592616,0.19014832234543813,2.0700848074840024,0.9032577086335623,(truncamiento FPCA)
450,479,464,train,30,False,0.01602242791165968,0.12657972946589702,0.014297468247923314,0.09886755570204131,0.11445022644960628,0.4028671791450985,0.20518891016045776,0.19227663092230002,2.0705308954222845,0.9041749965221829,(truncamiento FPCA)
451,480,465,train,30,False,0.01602949689515187,0.12660764943379949,0.014338707404422767,0.09892127977054596,0.11450393289205768,0.4028671791450985,0.20533265991168637,0.19250042523310576,2.0708038259176424,0.9043998005186046,(truncamiento FPCA)
452,481,466,train,30,False,0.0162164988830388,0.12734401785336757,0.015048082950441782,0.09989630456776905,0.11550617402621034,0.4028671791450985,0.2064796621026646,0.19367202404654718,2.0607941073350147,0.907040440322936,(truncamiento FPCA)
453,482,467,train,30,False,0.015827492677408055,0.1258073633672054,0.014992325312757288,0.0977605864495514,0.11322144530988677,0.4028671791450985,0.20322482289312133,0.1905590169776608,2.0768239506858714,0.8999588122629757,(truncamiento FPCA)
454,483,468,train,30,False,0.01624329581773492,0.12744918916075895,0.016452938595790778,0.09994454053407913,0.1156430684067598,0.4028671791450985,0.2073663963018217,0.19434587097330178,2.0678295101455535,0.9073660583347657,(truncamiento FPCA)
455,484,469,train,30,False,0.016136800526857266,0.12703070702337,0.01541076078071178,0.09894858458953597,0.11441410824373928,0.4028671791450985,0.2048341281550559,0.19202178804226244,2.0567168562214335,0.9006807166923063,(truncamiento FPCA)
456,485,470,train,30,False,0.016312909856588113,0.12772200224154065,0.0159803523294901,0.09980628397705998,0.11545967598519576,0.4028671791450985,0.20712452401053466,0.19407118519626654,2.0643205849835358,0.9039920605601293,(truncamiento FPCA)
457,486,471,train,30,False,0.01696465227818135,0.13024842524261607,0.01672445757576764,0.10207114824313514,0.11817197101864804,0.4028671791450985,0.21249270480845886,0.19897598780825762,2.067883421545189,0.9072813801666085,(truncamiento FPCA)
458,487,472,train,30,False,0.016963472110490867,0.13024389471484207,0.015805384216428905,0.10186617953201603,0.1181684472112116,0.4028671791450985,0.21298687665789837,0.19962386489611544,2.07472662393398,0.9072858844549404,(truncamiento FPCA)
459,488,473,train,30,False,0.016899431307384003,0.12999781270230665,0.01568787406653183,0.10138975370594921,0.1178740085703587,0.4028671791450985,0.2132196665574591,0.19992341389420323,2.0885285694812623,0.906738399055134,(truncamiento FPCA)
460,489,474,train,30,False,0.01677146657763156,0.12950469712574736,0.015189933924810644,0.10049948489116224,0.11695631848063483,0.4028671791450985,0.21253585480482912,0.19907158837629446,2.104486306969082,0.9031048377115757,(truncamiento FPCA)
461,490,475,train,30,False,0.01669050200324167,0.12919172575378685,0.015372404856696876,0.10025408389839384,0.11652437528978347,0.4028671791450985,0.21107634715691773,0.1976879804030454,2.092753089397969,0.9019492123811027,(truncamiento FPCA)
462,491,476,train,30,False,0.016683548706010097,0.12916481218199521,0.015511721532227032,0.10050471640556866,0.11649435388473196,0.4028671791450985,0.20984414667333687,0.19668869460528807,2.0747446285924127,0.9019047209280934,(truncamiento FPCA)
463,492,477,train,30,False,0.016766740926262732,0.12948645074393975,0.015752833221472834,0.10071523880131636,0.11690315581452577,0.4028671791450985,0.21101566062043103,0.1975507201560328,2.082792090636264,0.9028215318504829,(truncamiento FPCA)
464,493,478,train,30,False,0.016637606638712398,0.12898684676629785,0.015480317853195275,0.1000824878901445,0.11646177098407144,0.4028671791450985,0.2110534010384054,0.1974693001487661,2.094793819446838,0.9028964883146599,(truncamiento FPCA)
465,494,479,train,30,False,0.017461484811103482,0.13214191163708613,0.01597335862630222,0.10280062306646903,0.11985979046910167,0.4028671791450985,0.21784550032042294,0.20360430814905334,2.099503195440816,0.9070535531397789,(truncamiento FPCA)
466,495,480,train,30,False,0.017690676584762074,0.13300630280089012,0.01591978533685024,0.10355879525370268,0.12105596604402884,0.4028671791450985,0.2215543136560361,0.20685948151377198,2.126453089472699,0.9101521017785834,(truncamiento FPCA)
467,496,481,train,30,False,0.01700147561330111,0.13038970669995814,0.015154993196084866,0.10181103771358041,0.11872280609870982,0.4028671791450985,0.21645689305904642,0.20221265320633772,2.1171365466480547,0.9105228403642688,(truncamiento FPCA)
468,497,482,train,30,False,0.016020004801041193,0.12657015762430412,0.014036427461727742,0.09810851960288029,0.11445803879957221,0.4028671791450985,0.2085178305180109,0.19471345197329565,2.121849668885682,0.9043050980414823,(truncamiento FPCA)
469,498,483,train,30,False,0.016209506104165893,0.12731655864091634,0.0141644691248847,0.09864004377658643,0.11536317395747579,0.4028671791450985,0.21186425426057884,0.19748943298373967,2.147283885875783,0.9061128826364693,(truncamiento FPCA)
470,499,484,train,30,False,0.016495732047696013,0.12843571173040624,0.015541804791351692,0.09951181032026353,0.11602735372868161,0.4028671791450985,0.21097766993034592,0.19686220618832678,2.133502358596897,0.9033885682218161,(truncamiento FPCA)
471,500,485,train,30,False,0.01570370913542833,0.1253144410490201,0.013990555567712355,0.09693808272604826,0.11345440684714665,0.4028671791450985,0.2077511970919016,0.19379536659355903,2.151308057642649,0.9053578015223794,(truncamiento FPCA)
472,501,486,train,30,False,0.01551666006395174,0.12456588643746626,0.013895061454198923,0.09646216475788513,0.11285397524270227,0.4028671791450985,0.2065448759481841,0.19270332178574937,2.1502137193634336,0.9059781812684043,(truncamiento FPCA)
473,502,487,train,30,False,0.015339470296433273,0.12385261521838477,0.013371551856131649,0.09541615450398223,0.111685000255405,0.4028671791450985,0.2046287733234028,0.19086591680345436,2.147334008299649,0.9017573028916259,(truncamiento FPCA)
474,503,488,train,30,False,0.015457580635908023,0.12432851899668082,0.013889557338928056,0.09595776818905585,0.11242808329947568,0.4028671791450985,0.20639678721462126,0.19250713488313473,2.1561573820698947,0.9042823336653528,(truncamiento FPCA)
475,504,489,train,30,False,0.016306272783692007,0.1276960171019128,0.013948468082488783,0.09924682245934377,0.11606716784837658,0.4028671791450985,0.212137504644482,0.19802319479712915,2.146619992431843,0.9089333440662024,(truncamiento FPCA)
476,505,490,train,30,False,0.014305769542557472,0.119606728667569,0.01197522958118387,0.09332062909150614,0.10951178738227685,0.35728624513255935,0.20202046017300812,0.18817584290674944,2.1572253425344905,0.9155988847972785,(truncamiento FPCA)
477,506,491,train,30,False,0.014676676392502428,0.12114733341061382,0.011992384853385463,0.09476678969604785,0.11129255082924222,0.35728624513255935,0.20588551994793455,0.19165596778961907,2.1675136312918566,0.9186545646203368,(truncamiento FPCA)
478,507,492,train,30,False,0.016520744384736618,0.12853304783104078,0.014853378550928064,0.10032701171803267,0.1180750428675758,0.46192079792129337,0.21949016031581917,0.2041210578987696,2.187006292846512,0.9186356727710041,(truncamiento FPCA)
479,508,493,train,30,False,0.015468181898584,0.12437114576373412,0.014099922162652578,0.0967072751945395,0.11395754838932119,0.46192079792129337,0.21208291430091036,0.19698281617832153,2.191847137371694,0.9162699892288886,(truncamiento FPCA)
480,509,494,train,30,False,0.014825831163562697,0.12176136975068365,0.013067089574749953,0.09376279084934858,0.11032108959990237,0.46192079792129337,0.20479751756761255,0.19033394670656237,2.1901161810123475,0.9060434341843707,(truncamiento FPCA)
481,510,495,train,30,False,0.014807719154657088,0.1216869720005272,0.012845708806488667,0.09378272017842118,0.11018071087886266,0.46192079792129337,0.20403549136705737,0.1895044642760991,2.1754591849444775,0.905443771568129,(truncamiento FPCA)
482,511,496,train,30,False,0.014594200195488426,0.12080645759018194,0.012571873008313542,0.09254077675253933,0.10900315936807563,0.46192079792129337,0.20285093804271687,0.18827371488025021,2.1945857198688805,0.9022958005924877,(truncamiento FPCA)
483,512,497,train,30,False,0.014880402883683986,0.12198525682919222,0.01248775930310935,0.09413873209367583,0.11083119614477215,0.46192079792129337,0.20622936800765368,0.19139536135327098,2.1908985747791885,0.9085622232198244,(truncamiento FPCA)
484,513,498,train,30,False,0.014903000746808922,0.12207784707640007,0.012458288851685284,0.09407572539923434,0.11092264969615193,0.46192079792129337,0.20691863350487275,0.192020031867183,2.1987200044805157,0.9086222631918887,(truncamiento FPCA)
485,514,499,train,30,False,0.015055939147142188,0.12270264523286444,0.013834054722317744,0.09541220804070474,0.1124983891972547,0.46192079792129337,0.20995482448124878,0.19488133155826784,2.2053553933116086,0.9168375219927482,(truncamiento FPCA)
486,515,500,train,30,False,0.015296369766554544,0.12367849354901823,0.01373233413321783,0.09611776903568019,0.1135391113845968,0.46192079792129337,0.21241497793292305,0.1971351178994266,2.214240667957435,0.9180182271511673,(truncamiento FPCA)
487,516,501,train,30,False,0.014903996736575142,0.12208192633053896,0.013108267395214786,0.09499472259315553,0.11213554152542778,0.46192079792129337,0.2094279390708463,0.19446324881877466,2.2098988132250312,0.9185269670616011,(truncamiento FPCA)
488,517,502,train,30,False,0.014202957580010897,0.1191761619620757,0.013898909158594229,0.09268965894655991,0.10934284736911858,0.46192079792129337,0.20400064540069482,0.1893086932426688,2.2109625228213434,0.9174892492670952,(truncamiento FPCA)
489,518,503,train,30,False,0.014131525773466455,0.11887609420512794,0.013835046640220955,0.09257270158419449,0.10898178203350126,0.46192079792129337,0.2026158488454075,0.188070077366303,2.1975075549925673,0.9167678561632968,(truncamiento FPCA)
490,519,504,train,30,False,0.014357267002481525,0.11982181355029445,0.014095526188135504,0.09391247307340927,0.11043376498816745,0.46192079792129337,0.2045891836519657,0.19002011370384903,2.187800043620745,0.921649920962126,(truncamiento FPCA)
491,520,505,train,30,False,0.015329525905421278,0.12381246264177641,0.014825948348418347,0.0968442908699998,0.11391830664763829,0.46192079792129337,0.2115933001944234,0.19657350586083414,2.1968856385025015,0.9200875599836452,(truncamiento FPCA)
492,521,506,train,30,False,0.015069561736150119,0.12275814325799377,0.014384271570816395,0.09560034753281428,0.11254697613947068,0.46192079792129337,0.20962710410389693,0.1945950761518877,2.2027093157643813,0.91681882075177,(truncamiento FPCA)
493,522,507,train,30,False,0.014909165825577766,0.12210309506960815,0.012738427878542782,0.09499090869174735,0.1117050404218943,0.46192079792129337,0.20780008781864073,0.19299891482672546,2.1977802477317647,0.9148420059148693,(truncamiento FPCA)
494,523,508,train,30,False,0.01607105571805765,0.12677166764722175,0.013477959743839061,0.09816948550754848,0.11482153485126535,0.46192079792129337,0.21090431817573302,0.19619918475090398,2.1752996296682428,0.9057349878112273,(truncamiento FPCA)
495,524,509,train,30,False,0.01620994036435871,0.12731826406434668,0.013578029613704638,0.09898171252918739,0.11521155134047141,0.46192079792129337,0.20866038269235954,0.1946011625283101,2.149998848684171,0.9049098508148326,(truncamiento FPCA)
496,525,510,train,30,False,0.01636448217248933,0.12792373576662516,0.01370820227472038,0.09984807391673049,0.11583897491655144,0.46192079792129337,0.20834984285652108,0.19439352011637476,2.129883275495918,0.9055315201854307,(truncamiento FPCA)
497,526,511,train,30,False,0.016300578296322314,0.12767371811113795,0.013505659812325726,0.09961659513908785,0.11554386936774057,0.46192079792129337,0.20765312588099472,0.1937414428234446,2.127604597525511,0.9049933774714815,(truncamiento FPCA)
498,527,512,train,30,False,0.017093763903146313,0.13074312181964415,0.014344302038327804,0.10267655924369105,0.11925735227745381,0.46192079792129337,0.21488208717292726,0.20044617594225517,2.1281269583047115,0.9121501048595536,(truncamiento FPCA)
499,528,513,train,30,False,0.01678641451741446,0.1295623962321416,0.014467203596321325,0.10145082678360028,0.11761626353228936,0.46192079792129337,0.21113506725478767,0.1971170281421248,2.1143828926063275,0.9077962970177865,(truncamiento FPCA)
500,529,514,train,30,False,0.015546223996711576,0.12468449782034484,0.013597889439530556,0.0980056781290226,0.11399126918319907,0.46192079792129337,0.2066082946972047,0.1927998387713503,2.1301558117628403,0.9142377053757444,(truncamiento FPCA)
501,530,515,train,30,False,0.016376236733967087,0.12796967114893704,0.015427097255197902,0.10027099481554545,0.11666213977844715,0.46192079792129337,0.21183469240004596,0.19762050081284868,2.1283288064497077,0.9116389745400717,(truncamiento FPCA)
502,531,516,train,30,False,0.016009736710332137,0.12652958828010205,0.015281336655447515,0.09890592025099447,0.11519279604652054,0.46192079792129337,0.20928722889430418,0.19531140984722947,2.13390156346402,0.9104020459745357,(truncamiento FPCA)
503,532,517,train,30,False,0.016483802306657788,0.1283892608696607,0.01608265902419698,0.10077269824969051,0.11767511078190697,0.46192079792129337,0.21521666611566442,0.20073472910636012,2.161018563247841,0.916549483849505,(truncamiento FPCA)
504,533,518,train,30,False,0.016578138339624727,0.128756119620097,0.017442641265195905,0.10108770189097642,0.11815715451157986,0.46192079792129337,0.21639976804316488,0.20169512256462271,2.1664185050661473,0.917681853570999,(truncamiento FPCA)
505,534,519,train,30,False,0.015839091109267945,0.1258534509231588,0.01729899985601118,0.09856646523268951,0.11526651633625784,0.46192079792129337,0.21097818848193212,0.1966360461934798,2.1580870005225443,0.9158788693576235,(truncamiento FPCA)
506,535,520,train,30,False,0.016370277289615917,0.12794638443354278,0.018792641360311137,0.10090566508675011,0.11803808621776826,0.46192079792129337,0.2162968943770785,0.2016004446599058,2.1613604754043183,0.9225589823452883,(truncamiento FPCA)
507,536,521,train,30,False,0.017249312850058186,0.1313366394044639,0.02020687841366941,0.10339482267244465,0.12062801024646437,0.46192079792129337,0.21880907251474602,0.2043738471759883,2.145748496233964,0.9184642670426393,(truncamiento FPCA)
508,537,522,train,30,False,0.015858560736591303,0.12593077755890855,0.01824587416798559,0.10026472988768381,0.11675631945357372,0.385799362490323,0.2110602876869573,0.1972536636780379,2.1416299985762586,0.9271468160272167,(truncamiento FPCA)
509,538,523,train,30,False,0.01579033560467243,0.12565960211886884,0.016094820973663503,0.09985522110656242,0.1161588047732799,0.385799362490323,0.20918711735026302,0.19567127180998303,2.1198182077797165,0.9243925877100775,(truncamiento FPCA)
510,539,524,train,30,False,0.015834940742431674,0.1258369609551648,0.01674813992334456,0.10029185222907484,0.11669260182876794,0.385799362490323,0.21024578263847712,0.19667032598599554,2.1200170696371132,0.9273316912854009,(truncamiento FPCA)
511,540,525,train,30,False,0.015941057151617498,0.12625789936323786,0.01692805551121382,0.10091204101144632,0.117416767581381,0.385799362490323,0.21159959894947722,0.1979203458758517,2.1218342376636206,0.9299756147817623,(truncamiento FPCA)
512,541,526,train,30,False,0.015957885970390166,0.12632452640081485,0.017138829908671577,0.10122544891609533,0.11752942705108546,0.385799362490323,0.21037484952106061,0.1970391618727038,2.092895255975685,0.9303769457894233,(truncamiento FPCA)
513,542,527,train,30,False,0.01620472190677762,0.12729776866378145,0.01787250328720006,0.10227298817630891,0.11854939726934274,0.385799362490323,0.21103600296367372,0.19780516029907208,2.079286536377973,0.9312763178312663,(truncamiento FPCA)
514,543,528,train,30,False,0.016137804786648082,0.12703465978483228,0.017167255280685408,0.10227929675868526,0.118272340462917,0.385799362490323,0.20862383774810284,0.19578861639394304,2.056165583814404,0.9310241839765884,(truncamiento FPCA)
515,544,529,train,30,False,0.01600148127260682,0.12649696151531395,0.016285386028428085,0.10113368904609543,0.11698143842171042,0.385799362490323,0.20632828849227441,0.19358527813538207,2.0627107060939167,0.9247766667308325,(truncamiento FPCA)
516,545,530,train,30,False,0.015813862848464554,0.12575318225979235,0.01643028048545072,0.10077709820382826,0.11619530775178322,0.385799362490323,0.20299255914335562,0.19072696351385965,2.0370847270393777,0.9239949690635773,(truncamiento FPCA)
517,546,531,train,30,False,0.015852358435589742,0.12590614931602723,0.016860203150272104,0.10077724100128142,0.11635423957077003,0.385799362490323,0.20370483536585807,0.19129741610763037,2.0440115979420534,0.9241346844681773,(truncamiento FPCA)
518,547,532,train,30,False,0.0158231274255681,0.12579001321872935,0.01700214945207989,0.10067369254168683,0.11617360759100913,0.385799362490323,0.20329784343390303,0.19088251522486796,2.0416122583195775,0.9235519149600633,(truncamiento FPCA)
519,548,533,train,30,False,0.016071252808157587,0.12677244498769277,0.017346987048280953,0.10160768535239452,0.11729773059337113,0.385799362490323,0.20559597892007084,0.19293999976732054,2.04552271034508,0.9252620362789291,(truncamiento FPCA)
520,549,534,train,30,False,0.016694515745378776,0.12920725887262982,0.017953314524033953,0.10350738644621975,0.11961784951763735,0.385799362490323,0.21073828115402674,0.19757227050630163,2.0570421279097064,0.9257827351291034,(truncamiento FPCA)
521,550,535,train,30,False,0.015714191251684148,0.12535625732959702,0.016046602718634388,0.1003331325986073,0.11608670921611298,0.385799362490323,0.20450647938453698,0.1916318756813289,2.065351887155526,0.926054364489267,(truncamiento FPCA)
522,551,536,train,30,False,0.015854312518872878,0.12591390915571193,0.016470403971427194,0.10085927761396381,0.11689777122012751,0.385799362490323,0.20655083002759456,0.19351301444134042,2.0772710119523174,0.9283944244441289,(truncamiento FPCA)
523,552,537,train,30,False,0.01566448078014518,0.1251578234875678,0.017980606153029204,0.0994815001301644,0.11526509138664469,0.385799362490323,0.20332591535929873,0.1905228344914641,2.074542222844333,0.9209579407402705,(truncamiento FPCA)
524,553,538,train,30,False,0.01394687243107562,0.11809687731297394,0.016636761825045483,0.0939788559026951,0.10926770099937619,0.385799362490323,0.19443838003452293,0.18204711331838871,2.095200733852464,0.9252378512075374,(truncamiento FPCA)
525,554,539,train,30,False,0.013004310967119766,0.11403644578431829,0.015677135105393744,0.09052564507309221,0.10561926791925282,0.385799362490323,0.19021867078521718,0.1776906643509007,2.118285067642287,0.9261887039080013,(truncamiento FPCA)
526,555,540,train,30,False,0.013241383017688844,0.11507120846540565,0.015529346660779595,0.0910864866930066,0.1064376445039886,0.385799362490323,0.19280495485438814,0.1801973405471429,2.129921413304413,0.9249719884186964,(truncamiento FPCA)
527,556,541,train,30,False,0.013466115518674193,0.11604359318236485,0.015752859725831396,0.0918488815036787,0.10738896459280407,0.385799362490323,0.19489708597652491,0.18232485848584165,2.1345928132642684,0.9254191605739075,(truncamiento FPCA)
528,557,542,train,30,False,0.013525396354939377,0.11629873754662763,0.015804070739006214,0.09191078307398076,0.10756839495133033,0.385799362490323,0.1953546894871364,0.18265316074541085,2.1368854919038593,0.9249317509418618,(truncamiento FPCA)
529,558,543,train,30,False,0.015290495708592143,0.12365474397932391,0.017934666707809663,0.0967305325464481,0.11327569854198145,0.4545263043557993,0.2065103032587526,0.1928949910541063,2.145227309328816,0.9160643166340798,(truncamiento FPCA)
530,559,544,train,30,False,0.015494032169320668,0.1244750262876882,0.018904263305928117,0.09753005953791183,0.11406729886235209,0.4545263043557993,0.2075637497243593,0.19375146590430237,2.139225931382819,0.9163870236807049,(truncamiento FPCA)
531,560,545,train,30,False,0.015168111926587497,0.12315888894670778,0.01820952016263537,0.09713297589017754,0.11317199171649306,0.4545263043557993,0.20389012099308246,0.19057922132176167,2.12104200272734,0.9189104634214738,(truncamiento FPCA)
532,561,546,train,30,False,0.015119248195051801,0.12296035212641432,0.018831819743838015,0.09695676846718501,0.11292513679819012,0.4545263043557993,0.20328970847228986,0.18993407227276166,2.118766397765927,0.9183865762037905,(truncamiento FPCA)
533,562,547,train,30,False,0.014571604618241455,0.12071290162298914,0.018512502353521507,0.09430373233774775,0.10964905617557448,0.4545263043557993,0.1967598002630448,0.18381453505746695,2.1144699232085835,0.9083457915544993,(truncamiento FPCA)
534,563,548,train,30,False,0.014415818205655427,0.1200658911000765,0.018128633884368604,0.09381823880791075,0.10880643360252379,0.4545263043557993,0.19426277041790438,0.1816326704761106,2.0960562015846573,0.906222679943567,(truncamiento FPCA)
535,564,549,train,30,False,0.014750905461936125,0.12145330568550254,0.018738992130841195,0.09494353996198021,0.1103607819919478,0.4545263043557993,0.19852954121660596,0.18523668846356559,2.1180147592426013,0.9086684085628902,(truncamiento FPCA)
536,565,550,train,30,False,0.014426678544422339,0.1201111091632341,0.017781423116028396,0.09385765368055858,0.10896966099083832,0.4545263043557993,0.1953205813516389,0.18235708983124954,2.1084332406546005,0.907240485497022,(truncamiento FPCA)
537,566,551,train,30,False,0.013275726207637568,0.11522033764764608,0.016787697674217648,0.09029715072749482,0.10517410788528,0.4545263043557993,0.1906697229738789,0.1777710471691791,2.1265286750423287,0.9128085373860965,(truncamiento FPCA)
538,567,552,train,30,False,0.013994843404776079,0.11829980306313312,0.017010055593236314,0.09217901782902028,0.10747772737704704,0.4545263043557993,0.1952126251470276,0.1819015446830881,2.128860539109024,0.9085199179891225,(truncamiento FPCA)
539,568,553,train,30,False,0.014054372028731313,0.11855113676692988,0.020002391938282904,0.09258498145495726,0.10800839810268363,0.4545263043557993,0.19681835217220703,0.18322883406053816,2.1459995443250577,0.9110701174888509,(truncamiento FPCA)
540,569,554,train,30,False,0.01478020891586129,0.1215738825400476,0.01990889132931106,0.09557186063817319,0.1115400260945638,0.4545263043557993,0.20348256924211328,0.1893305927054418,2.1418573248993553,0.9174670065984069,(truncamiento FPCA)
541,570,555,train,30,False,0.01466093939456657,0.12108236615860532,0.018508560974550267,0.09486954799172768,0.11070766230523486,0.4545263043557993,0.2017490208912438,0.18781379305366602,2.1359067626615826,0.9143169713104162,(truncamiento FPCA)
542,571,556,train,30,False,0.014585949467316846,0.12077230422293368,0.018276464833635063,0.09427975804664131,0.11015725911479121,0.4545263043557993,0.20193528759815096,0.18775870985316048,2.157726411626519,0.9121069588227103,(truncamiento FPCA)
543,572,557,train,30,False,0.014230197648626644,0.11929039210525987,0.016225630165815647,0.09288226879201308,0.10857763950890918,0.4545263043557993,0.1992092294757299,0.1851706709583711,2.1551488092767657,0.9101960148903029,(truncamiento FPCA)
544,573,558,train,30,False,0.01397052844362779,0.118196989993941,0.01632137153036161,0.09166202320307124,0.10723091229865327,0.4545263043557993,0.19747529554863902,0.1834350369627443,2.158466521095779,0.9072220223556464,(truncamiento FPCA)
545,574,559,train,30,False,0.014101691112006088,0.11875054152300143,0.01660669506416499,0.09286945384834566,0.1084857873812046,0.4545263043557993,0.19875977541857137,0.1847793493839215,2.1340298786815666,0.9135603593032154,(truncamiento FPCA)
546,575,560,train,30,False,0.014172494769460775,0.1190482875536678,0.016851069408238727,0.0929381555650913,0.10880111966754141,0.4545263043557993,0.20090648631795877,0.1865127277044112,2.154616157501181,0.9139242731105485,(truncamiento FPCA)
547,576,561,train,30,False,0.013827255984802405,0.11758935319493174,0.016292422256907736,0.09142237395624214,0.1070163920406903,0.4545263043557993,0.1974739171601989,0.18338731531925698,2.156610377540959,0.9100857274321911,(truncamiento FPCA)
548,577,562,train,30,False,0.01443079806195477,0.12012825671737175,0.016678343335903473,0.09372936328245977,0.10959741719111755,0.4545263043557993,0.20187516163247782,0.18758446059574307,2.149093160348483,0.9123366990080417,(truncamiento FPCA)
549,578,563,train,30,False,0.01403883343767613,0.1184855832482422,0.01606959995880945,0.09197807675586174,0.10757453144010137,0.4545263043557993,0.19819027467088013,0.18414971766474364,2.14948925115467,0.9079124100247639,(truncamiento FPCA)
550,579,564,train,30,False,0.01325245352385624,0.11511930126549692,0.014593985480003426,0.08910981346208577,0.10429656300849374,0.4545263043557993,0.19219483737175538,0.17857089057780634,2.1533013950148123,0.9059867620978436,(truncamiento FPCA)
551,580,565,train,30,False,0.013230753221055071,0.1150250112847422,0.015622047981601791,0.08910983761687244,0.10416724749367881,0.4545263043557993,0.1916284667657741,0.17805873547780476,2.145270866758407,0.9056051925595103,(truncamiento FPCA)
552,581,566,train,30,False,0.013020701143143413,0.11410828691704829,0.01499955248085512,0.08802230067528552,0.10282884624051508,0.4545263043557993,0.18894118147443742,0.17556330301179687,2.144036397608771,0.9011514327199315,(truncamiento FPCA)
553,582,567,train,30,False,0.013346160270529714,0.11552558275347376,0.015359494899708562,0.08998182519071737,0.1051867755403956,0.4545263043557993,0.1936046111872537,0.17980218653441363,2.1480215362155666,0.9105063400966286,(truncamiento FPCA)
554,583,568,train,30,False,0.013822334815154231,0.11756842609797169,0.015763429926368266,0.09212066374594201,0.10777361211320352,0.4545263043557993,0.19867505618475426,0.1845998727566897,2.147451786411297,0.9166883974732639,(truncamiento FPCA)
555,584,569,train,30,False,0.013718250241611968,0.11712493432916822,0.015653748889285682,0.0914923276774304,0.10693176658717572,0.4545263043557993,0.19679506779261494,0.18293079246453278,2.1377945577081987,0.9129718381455345,(truncamiento FPCA)
556,585,570,train,30,False,0.013676576679907633,0.11694689683744341,0.01604386276073126,0.09130755580112346,0.10679742537478486,0.4545263043557993,0.19674124275930455,0.18258995505032008,2.140428651179891,0.9132129903646237,(truncamiento FPCA)
557,586,571,train,30,False,0.014149205392134915,0.11895043250083169,0.016062268418464934,0.09283208002678532,0.10831985055033308,0.4545263043557993,0.1981802573702867,0.18384324399564017,2.128532393562811,0.9106301530225686,(truncamiento FPCA)
558,587,572,train,30,False,0.013460657202863052,0.11602007241362614,0.014349483919221067,0.09082382143913219,0.1056159416128008,0.4545263043557993,0.19235595498500405,0.17857819053888685,2.1159087628121025,0.910324734467211,(truncamiento FPCA)
559,588,573,train,30,False,0.012480589843767665,0.11171656029330507,0.013001288549289862,0.08854771844198014,0.10321685437728241,0.365744318282093,0.18830132412153044,0.17462459176395917,2.1229805342350203,0.9239172250406995,(truncamiento FPCA)
560,589,574,train,30,False,0.012525073808010543,0.11191547617738372,0.012950539779452598,0.08840698369296622,0.10337264225688353,0.365744318282093,0.18942608036492783,0.17548416063920783,2.1349037250327916,0.9236670904481523,(truncamiento FPCA)
561,590,575,train,30,False,0.013084419940223524,0.11438714936662914,0.01370952162563161,0.0894420292726044,0.10483999814982381,0.3984648688649166,0.19352189264202443,0.17920267517435223,2.1470226545468734,0.9165365054582733,(truncamiento FPCA)
562,591,576,train,30,False,0.012843725581877284,0.11333016183645589,0.012264120186336235,0.08801441235479548,0.10310018805867857,0.3984648688649166,0.19013476339703056,0.17611453357981674,2.1446502928637496,0.909732999476874,(truncamiento FPCA)
563,592,577,train,30,False,0.012898732591393172,0.11357258732367231,0.012332683285460543,0.08861343532503922,0.103727415534095,0.3984648688649166,0.1911187615413626,0.17703724785389538,2.1364237074992487,0.9133138372420855,(truncamiento FPCA)
564,593,578,train,30,False,0.013278577384369375,0.11523270969811208,0.01276176484579426,0.09002433445878719,0.10551003285816456,0.3984648688649166,0.19511669398259815,0.18072637876839026,2.1480605906376966,0.915625720635928,(truncamiento FPCA)
565,594,579,train,30,False,0.01303820646893923,0.11418496603729945,0.011144047321528915,0.0893451080804425,0.10446943478925504,0.3984648688649166,0.19197275363469832,0.17809177359060932,2.130432001539126,0.914914094339961,(truncamiento FPCA)
566,595,580,train,30,False,0.013024410883230413,0.11412454110852062,0.01086991649567736,0.08909742482041351,0.1043964990419215,0.3984648688649166,0.19266472280582464,0.17871434492554902,2.145543711480403,0.914759420085214,(truncamiento FPCA)
567,596,581,train,30,False,0.01280230405153694,0.11314726709707548,0.010517264128173722,0.08775366109106365,0.10283966061372764,0.3984648688649166,0.18978288330616794,0.17593998045533452,2.149319315946661,0.9089009682001037,(truncamiento FPCA)
568,597,582,train,30,False,0.011985582853845394,0.10947868675612342,0.010107522483419399,0.08568654500372726,0.1001123171826869,0.3984648688649166,0.18272499889093713,0.16986951051876215,2.125512648921258,0.9144457259128327,(truncamiento FPCA)
569,598,583,train,30,False,0.011910848704645078,0.1091368347747225,0.010292394070538051,0.08509860719651854,0.09941502408404543,0.3984648688649166,0.1813572154483494,0.16867611862468593,2.122398378523665,0.910920903004521,(truncamiento FPCA)
570,599,584,train,30,False,0.011258112359054807,0.1061042523137259,0.010221043184583712,0.08265003080606537,0.09650216374370288,0.3984648688649166,0.17582367176655891,0.16364761761936542,2.123595377384609,0.909503263435363,(truncamiento FPCA)
571,600,585,train,30,False,0.011181550049097324,0.10574284869009971,0.010319179355454785,0.08187766698780946,0.09568631506424058,0.3984648688649166,0.17478371727164105,0.162631122681788,2.1365260149105163,0.9048963239553741,(truncamiento FPCA)
572,601,586,train,30,False,0.011923216929770868,0.10919348391626155,0.011046442293366066,0.08451297223441417,0.0990484147436592,0.3984648688649166,0.18161616223266114,0.16885160542273858,2.143905690321593,0.90709089215999,(truncamiento FPCA)
573,602,587,train,30,False,0.012079438725841763,0.10990649992535366,0.011980443563289297,0.08490752803189629,0.0998251469249554,0.3984648688649166,0.1844198560354983,0.17142228035820484,2.1670812808729716,0.9082733686611317,(truncamiento FPCA)
574,603,588,train,30,False,0.012224145200099576,0.1105628563311367,0.012120395328809114,0.08543419667084162,0.10064294230257044,0.3984648688649166,0.1870672553970986,0.17370594703323244,2.187862722038648,0.9102780593976694,(truncamiento FPCA)
575,604,589,train,30,False,0.013195302642344335,0.11487080848650946,0.013302816598227346,0.08838609403035817,0.10443676965132136,0.3984648688649166,0.195680344699526,0.18162246388439948,2.2128684556647813,0.9091671855307479,(truncamiento FPCA)
576,605,590,train,30,False,0.01314387660334652,0.1146467470247042,0.012605462310935787,0.08816693735629248,0.10421042903156844,0.3984648688649166,0.1953554779285533,0.18133786957407586,2.2146889936881036,0.9089697853277343,(truncamiento FPCA)
577,606,591,train,30,False,0.013442201734682082,0.11594050946361277,0.012591659814108168,0.08967919215219188,0.10580061212912657,0.3984648688649166,0.19780986155417654,0.18378166214887165,2.203248438968331,0.9125422392794597,(truncamiento FPCA)
578,607,592,train,30,False,0.012809293024178657,0.11317814729080282,0.011885310797968951,0.08722328305327356,0.10302453206412074,0.3984648688649166,0.19298608176414475,0.17926287651955505,2.209562324029791,0.9102864336470087,(truncamiento FPCA)
579,608,593,train,30,False,0.012844503943542451,0.11333359582904996,0.011999879974106318,0.08738926052198437,0.10327497970422181,0.3984648688649166,0.19364683078938996,0.1798650793953352,2.2144813063305193,0.9112477103435388,(truncamiento FPCA)
580,609,594,train,30,False,0.012817107279912303,0.11321266395555006,0.01288323060646467,0.08734365444564413,0.10307278066189443,0.3984648688649166,0.19233935474709013,0.17883487319043034,2.193808463960474,0.9104350790858806,(truncamiento FPCA)
581,610,595,train,30,False,0.013484367085226434,0.11612220754544082,0.013099832926424712,0.08989151597012796,0.10579100604330373,0.3984648688649166,0.19563974190933212,0.18215153676041754,2.178883949769802,0.9110316474297623,(truncamiento FPCA)
582,611,596,train,30,False,0.013796414115376741,0.11745813771457787,0.01349140277465784,0.09167068092237682,0.10761152078738702,0.3984648688649166,0.1975834915587247,0.184207900378438,2.1562988122956557,0.9161691380539504,(truncamiento FPCA)
583,612,597,train,30,False,0.013710948689419071,0.1170937602497207,0.012692863451820718,0.09129223435591927,0.10717471789499826,0.3984648688649166,0.19670650029403813,0.1834516684451851,2.1563199399905093,0.9152897444443792,(truncamiento FPCA)
584,613,598,train,30,False,0.013303183819482785,0.11533942872878634,0.012379649731942374,0.08960698774548238,0.10514343623759344,0.3984648688649166,0.19268695775612707,0.17967688922975295,2.156237516861571,0.9116001127839105,(truncamiento FPCA)
585,614,599,train,30,False,0.013426399413854827,0.11587234102172454,0.011746336346364333,0.09051544982013769,0.1061106048339518,0.3984648688649166,0.1936373570306921,0.18067806754131246,2.1434225865388874,0.9157543888239683,(truncamiento FPCA)
586,615,600,train,30,False,0.012673523046463046,0.11257674291994349,0.010857910651643047,0.08700512491035936,0.1019793358003087,0.3984648688649166,0.18583765485275777,0.17353846617955437,2.1438717415045745,0.9058650406401356,(truncamiento FPCA)
587,616,601,train,30,False,0.012002302860643622,0.10955502206947713,0.010608640484481449,0.08464401715893052,0.09962924588109084,0.3984648688649166,0.1831885311977414,0.1709811932779011,2.1627697605120675,0.9093991676429803,(truncamiento FPCA)
588,617,602,train,30,False,0.012323427022736252,0.11101093199652119,0.011427418641488336,0.08598545359358313,0.10110384837139064,0.3984648688649166,0.18555572306760537,0.17322005343350494,2.1595247711406023,0.9107557837146975,(truncamiento FPCA)
589,618,603,train,30,False,0.012197295746438982,0.11044136791274808,0.01161145207557264,0.08597661629732976,0.10071562980856695,0.3984648688649166,0.1837292312683725,0.1720109596679832,2.1463725615605056,0.9119375439838382,(truncamiento FPCA)
590,619,604,train,30,False,0.01198588757816159,0.1094800784533953,0.010551969806695467,0.08531982844733015,0.09992208272609447,0.3984648688649166,0.18215311264542128,0.1706584074608903,2.146490547421466,0.9126964844899195,(truncamiento FPCA)
591,620,605,train,30,False,0.011019830483326557,0.10497538036762027,0.009470632614861604,0.08293830431801845,0.09708044356711461,0.3624059464232299,0.17680838600049356,0.1657926668969473,2.1455498143956913,0.924792491602718,(truncamiento FPCA)
592,621,606,train,30,False,0.01159032058042065,0.10765835118754444,0.010840764655435053,0.08558807762763353,0.10023567335354468,0.3624059464232299,0.18285824804683162,0.17124272032463964,2.146525903258953,0.93105339481682,(truncamiento FPCA)
593,622,607,train,30,False,0.011620342266822363,0.10779769137983597,0.010653966423635815,0.08571318411050687,0.10049812578529366,0.3624059464232299,0.18363402016190858,0.1719048931627812,2.15682156386652,0.9322845832679149,(truncamiento FPCA)
594,623,608,train,30,False,0.011115994395254018,0.10543241624497665,0.009960112398040647,0.083358347369734,0.09776595506127418,0.3624059464232299,0.17846090390485883,0.16709899803227543,2.1596625752395218,0.927285540284981,(truncamiento FPCA)
595,624,609,train,30,False,0.010990380375431921,0.10483501502566746,0.010532131020302858,0.08258016011264381,0.09706296525685869,0.3624059464232299,0.1782531553375157,0.16682906765958744,2.177471069854751,0.9258639895562958,(truncamiento FPCA)
596,625,610,train,30,False,0.011283067655244849,0.10622178521962831,0.011595363535555011,0.08381961305759388,0.09835896483812377,0.3624059464232299,0.18030181700239425,0.16863370077514314,2.1696644400707323,0.9259773278593739,(truncamiento FPCA)
597,626,611,train,30,False,0.013017429269980316,0.11409394931362625,0.013600085057549467,0.08938550833546935,0.10452943776427752,0.4002280273824505,0.19049257935618444,0.17833235043971324,2.1551617734730257,0.9161698617070622,(truncamiento FPCA)
598,627,612,train,30,False,0.013482697570577875,0.11611501871238654,0.013907031267272281,0.09046250994424332,0.10625623360758134,0.4002280273824505,0.19593099950200565,0.1830210345026169,2.183907924567323,0.9150946603279192,(truncamiento FPCA)
599,628,613,train,30,False,0.01387616288567939,0.11779712596527722,0.014210590602323847,0.09246661590604152,0.1087150396777777,0.4002280273824505,0.20088139201625121,0.18750502466027924,2.192860473967074,0.9229006122765964,(truncamiento FPCA)
600,629,614,train,30,False,0.013874514456544524,0.11779012885868036,0.014182364263308007,0.09241590111346182,0.10870294903341297,0.4002280273824505,0.2009663407838463,0.1875470677006921,2.196519401766926,0.9228527898448112,(truncamiento FPCA)
601,630,615,train,30,False,0.01423926309646809,0.11932838344865018,0.014602496650528188,0.09456535236514842,0.1112203571664214,0.4002280273824505,0.20568476249497286,0.19179860554483857,2.195715057562236,0.932052827266215,(truncamiento FPCA)
602,631,616,train,30,False,0.013824925020319737,0.1175794413165828,0.013199044918952562,0.09369996531904216,0.1097218729792163,0.4002280273824505,0.20086431148954623,0.1876067918643381,2.1697905797606722,0.9331722599683904,(truncamiento FPCA)
603,632,617,train,30,False,0.013897183965425584,0.11788631797382419,0.012950280876747138,0.09403725285943436,0.11003106218288795,0.4002280273824505,0.2013650354867815,0.18798686516944774,2.166683319369205,0.9333658398536084,(truncamiento FPCA)
604,633,618,train,30,False,0.01601577655547498,0.1265534533526248,0.015014015526711534,0.09922220215182039,0.11572268898936917,0.4743887195152592,0.2106430851445086,0.19689020061711127,2.154994689348922,0.9144174728043406,(truncamiento FPCA)
605,634,619,train,30,False,0.015372515137219345,0.12398594733766946,0.014741879791799249,0.09748117074748461,0.11362685090141193,0.4743887195152592,0.20652576622776125,0.19287075118067148,2.155184503629326,0.916449431095243,(truncamiento FPCA)
606,635,620,train,30,False,0.015401601779414218,0.12410319004527731,0.015557983893572278,0.0978277484631933,0.11375652460770198,0.4743887195152592,0.20505834557420513,0.19176382685720494,2.1331138912970222,0.9166285295825152,(truncamiento FPCA)
607,636,621,train,30,False,0.016032819543616218,0.12662077058530413,0.0166143954392429,0.09979566984626918,0.1158697046033878,0.4743887195152592,0.2078049122141928,0.19463240986957187,2.1250714566613866,0.915092398093776,(truncamiento FPCA)
608,637,622,train,30,False,0.01591150090645209,0.12614079794599403,0.01711148657943837,0.09884791250693195,0.11478932612799943,0.4743887195152592,0.20573567492643488,0.1927167472322715,2.128777664107942,0.9100095131564442,(truncamiento FPCA)
609,638,623,train,30,False,0.016051122402357124,0.12669302428451665,0.017437231141970783,0.09943876405939282,0.11559918961430692,0.4743887195152592,0.20747175650877275,0.1942910459825694,2.1336517100900942,0.9124353157337525,(truncamiento FPCA)
610,639,624,train,30,False,0.016675387799048848,0.12913321725663326,0.018338024917944323,0.10163676092866589,0.11848805593354395,0.4743887195152592,0.21418843083218336,0.20047760952415908,2.15829998408045,0.9175645000624926,(truncamiento FPCA)
611,640,625,train,30,False,0.016097866721477474,0.12687736883099945,0.019125819841105784,0.09963868495315288,0.116271243012437,0.4743887195152592,0.21082188105507604,0.19727471953085285,2.158842431154384,0.9164064803969114,(truncamiento FPCA)
612,641,626,train,30,False,0.015935306584660167,0.12623512421137062,0.01791516072553566,0.09866086586785576,0.11546594095772329,0.4743887195152592,0.21094294694694818,0.1971034201796185,2.183621263541211,0.9146894866153481,(truncamiento FPCA)
613,642,627,train,30,False,0.016576649017042238,0.12875033598807514,0.01830605272632447,0.10095804272200769,0.11795826591210866,0.4743887195152592,0.21504439044710105,0.20096094697591374,2.175117379333896,0.9161783152397672,(truncamiento FPCA)
614,643,628,train,30,False,0.01662928448986403,0.12895458305102625,0.01820390505106282,0.10122627826097745,0.1183084462588854,0.4743887195152592,0.21569055830522418,0.20147457883571251,2.1752365991652014,0.9174427419308683,(truncamiento FPCA)
615,644,629,train,30,False,0.016566295225751947,0.12871012091421538,0.01882483670330399,0.10076868671939695,0.11786863542264808,0.4743887195152592,0.21572040340707258,0.20130596590846758,2.1891249322073394,0.9157681974458474,(truncamiento FPCA)
616,645,630,train,30,False,0.01660298404152544,0.1288525670738672,0.016182193396017272,0.1011961789308033,0.11836907238506804,0.4743887195152592,0.2166644915959086,0.2021802218339172,2.1887823834987774,0.918639613265995,(truncamiento FPCA)
617,646,631,train,30,False,0.016612894089954474,0.12889101632757216,0.015476010466885026,0.10148534203160813,0.11841484939006787,0.4743887195152592,0.21555907683250192,0.2012795378445812,2.1702856023778367,0.9187207360450982,(truncamiento FPCA)
618,647,632,train,30,False,0.016092065825804476,0.1268545065254068,0.014631524033137125,0.0987803292500495,0.11535495649648005,0.4743887195152592,0.21019781143582167,0.19628022126131847,2.1676427245949146,0.9093485100064332,(truncamiento FPCA)
619,648,633,train,30,False,0.015371060440793786,0.12398008082266193,0.012960281355034345,0.09572573229212407,0.11192959136628315,0.4743887195152592,0.20435814216938847,0.19070063388277383,2.1753084630299013,0.9028030198365856,(truncamiento FPCA)
620,649,634,train,30,False,0.015099051230564682,0.12287819672571974,0.012876798778408095,0.09460887419160469,0.11058471898102991,0.4743887195152592,0.20168951373197153,0.1883153992400846,2.175848563295303,0.8999539538154967,(truncamiento FPCA)
621,650,635,train,30,False,0.01509076123560899,0.12284445952345181,0.012735192595774462,0.09438096724248987,0.11055204717069685,0.4743887195152592,0.20208019654136428,0.1884240436316293,2.184469358142664,0.8999351505111367,(truncamiento FPCA)
622,651,636,train,30,False,0.01454179387982554,0.12058936055815844,0.012063597938700332,0.09200549549392603,0.107628027910612,0.4743887195152592,0.19573649262794443,0.18277204267500496,2.1632954314720445,0.8925167810198696,(truncamiento FPCA)
623,652,637,train,30,False,0.014717755315089322,0.12131675611839167,0.012049364085695383,0.0931299492786932,0.10875538379642642,0.4743887195152592,0.19722057192118003,0.1841942309675337,2.1495854306099895,0.8964580596788564,(truncamiento FPCA)
624,653,638,train,30,False,0.014971836554005163,0.1223594563325825,0.012437925317357315,0.09453872914469837,0.11042055179142549,0.4743887195152592,0.20046196039314376,0.18722855977949676,2.1490438523249065,0.9024276104275412,(truncamiento FPCA)
625,654,639,train,30,False,0.014936886712369915,0.12221655662131017,0.012783830581799254,0.09437835485634297,0.11018853539274612,0.4743887195152592,0.19993622228014643,0.1867529614285271,2.1465179706391746,0.901584355171836,(truncamiento FPCA)
626,655,640,train,30,False,0.014841491257924168,0.12182565927555725,0.012548627152138586,0.09392526775025341,0.10981211256429806,0.4743887195152592,0.19962059006581112,0.18656643463195957,2.1530000575810484,0.9013873860178685,(truncamiento FPCA)
627,656,641,train,30,False,0.013694838085898362,0.11702494642553084,0.011312796533065092,0.09109216031768468,0.10674848656178954,0.4743887195152592,0.19499751111427358,0.1819257598073164,2.160045109842909,0.9121857332335481,(truncamiento FPCA)
628,657,642,train,30,False,0.013103674774080585,0.11447128362205337,0.010892570718695043,0.08936500825869813,0.10438784533450919,0.4743887195152592,0.18984302518882992,0.1771818630979281,2.1479326762364255,0.9119129447273747,(truncamiento FPCA)
629,658,643,train,30,False,0.012954746318359876,0.1138189189825658,0.010118830217991015,0.08879916894369316,0.10368796271432285,0.4743887195152592,0.18844253214816442,0.1758683019541788,2.146716516244651,0.9109905773240143,(truncamiento FPCA)
630,659,644,train,30,False,0.013145149772068144,0.11465229946262806,0.01008473517680154,0.0900013623768829,0.10481031336369559,0.4743887195152592,0.18886496917401172,0.17648608719569855,2.119358233567137,0.9141579702713197,(truncamiento FPCA)
631,660,645,train,30,False,0.013026395116085143,0.11413323405601518,0.01008824298353404,0.08964158588965754,0.10422488204332662,0.4743887195152592,0.1864902709068419,0.17455345670946798,2.1003834856646093,0.9131860925992367,(truncamiento FPCA)
632,661,646,train,30,False,0.01263439424110748,0.11240282132183106,0.010189014082113626,0.0872858332493569,0.10171719411493244,0.4743887195152592,0.18333909176841154,0.17143165705175614,2.123889754065986,0.9049345284999244,(truncamiento FPCA)
633,662,647,train,30,False,0.012363664850717332,0.11119201792717556,0.010359681780568697,0.08629123765520003,0.10038331466904055,0.4743887195152592,0.18020290075692114,0.16863875450305427,2.1124734675522023,0.9027924534545806,(truncamiento FPCA)
634,663,648,train,30,False,0.010058403999816693,0.10029159486126787,0.008414920736199137,0.08013988109800917,0.09358178085756172,0.29974535084478404,0.1688282142205998,0.1577641149576778,2.126970067484345,0.9330969458309267,(truncamiento FPCA)
635,664,649,train,30,False,0.009819607068329867,0.09909393053224737,0.00828687718809685,0.07927289559783034,0.0924442273452888,0.29974535084478404,0.16641244281907117,0.15563709600525477,2.122245377386817,0.9328949497588593,(truncamiento FPCA)
636,665,650,train,30,False,0.009417128454386607,0.09704189020411035,0.0082063628721952,0.07676012470145509,0.08966513846152406,0.29974535084478404,0.16254676350466885,0.15186800545807377,2.131720142380503,0.92398384113221,(truncamiento FPCA)
637,666,651,train,30,False,0.008360874060958392,0.09143781526785508,0.006946020530371375,0.07232600658245115,0.08473142722569856,0.29974535084478404,0.15477906956711776,0.1441943414565732,2.141531822378433,0.9266562961668425,(truncamiento FPCA)
638,667,652,train,30,False,0.008992151264889135,0.09482695431621294,0.007469637117266578,0.07539588501116691,0.08817658477155141,0.29974535084478404,0.16094808149287615,0.14992972838433985,2.131381460164314,0.9298683629289095,(truncamiento FPCA)
639,668,653,train,30,False,0.009180676504727632,0.09581584683510151,0.00762873296005874,0.07607185019885244,0.08902520236440316,0.29974535084478404,0.16266378722529673,0.1515994827234235,2.132157511288955,0.9291281693477592,(truncamiento FPCA)
640,669,654,train,30,False,0.009357727468630787,0.09673534756556565,0.007646596960444329,0.07682581906408834,0.08957954371002515,0.3012337201329401,0.162760367962861,0.1516016061887646,2.1204705078750017,0.9260270001026211,(truncamiento FPCA)
641,670,655,train,30,False,0.009270438473340602,0.09628311624236412,0.007539431446658782,0.07639875535807687,0.0890930344203701,0.3012337201329401,0.16165985861286894,0.15068576509338108,2.115567100033289,0.9253235447438664,(truncamiento FPCA)
642,671,656,train,30,False,0.009774192071263418,0.09886451371075174,0.007800636562114552,0.07842169334933605,0.09118735716643364,0.3012337201329401,0.16485446051127503,0.15377272429032776,2.1023676166730154,0.9223466918900832,(truncamiento FPCA)
643,672,657,train,30,False,0.008954239972437866,0.09462684593939431,0.00743026422332803,0.07517971898330794,0.08747007055398755,0.3012337201329401,0.15815366273629408,0.14749661768651404,2.1023827146976823,0.9243684462442036,(truncamiento FPCA)
644,673,658,train,30,False,0.01050562889818051,0.10249697019024763,0.008486790032938262,0.0798570113370147,0.09246423910912308,0.3814117309983013,0.16566529831046237,0.15456998031676641,2.0847130207253866,0.9021168034284086,(truncamiento FPCA)
645,674,659,train,30,False,0.010493959442125611,0.10244002851486138,0.00784460752314377,0.07966362158175139,0.09237255146901807,0.3814117309983013,0.1658713101227987,0.1547571673038827,2.0966380308840322,0.9017232112114965,(truncamiento FPCA)
646,675,660,train,30,False,0.010503756035449372,0.10248783359720982,0.010108406545494142,0.07982715921343621,0.09247957436830452,0.3814117309983013,0.16547048161383454,0.1544992218278131,2.078643741189621,0.9023468554497988,(truncamiento FPCA)
647,676,661,train,30,False,0.010846009381153881,0.10414417593487349,0.010405647491713917,0.080711347657683,0.09380767384394374,0.3814117309983013,0.16911789957773307,0.1577463294100038,2.0949467997370337,0.9007481503584639,(truncamiento FPCA)
648,677,662,train,30,False,0.011268272072323577,0.10615211760640282,0.010376378490729551,0.08295451485851661,0.09647360249097829,0.3814117309983013,0.1744896652010372,0.1627213297143192,2.106500084774159,0.9088240975906754,(truncamiento FPCA)
649,678,663,train,30,False,0.012337584432789246,0.11107467953043684,0.011986927333565997,0.08652211222849623,0.10091249858848549,0.3814117309983013,0.18336736924492456,0.17081965703209495,2.111928052591627,0.9085103735170651,(truncamiento FPCA)
650,679,664,train,30,False,0.01227538176038883,0.11079432187792311,0.011999027344357061,0.08639486254807098,0.10049620907171032,0.3814117309983013,0.18137672498468965,0.16913391389426286,2.084655795077588,0.9070519803572641,(truncamiento FPCA)
651,680,665,train,30,False,0.012320632248085533,0.11099834344748363,0.01088825892972833,0.08674399153791597,0.10067158727847714,0.3814117309983013,0.18120192849145855,0.16898459208434605,2.0756155392714937,0.9069647721914663,(truncamiento FPCA)
652,681,666,train,30,False,0.013075786838964229,0.11434940681509559,0.010670772485844774,0.0899339862152317,0.10429139009884922,0.3814117309983013,0.1878599437541542,0.17509094183648213,2.085882287227298,0.9120413739223823,(truncamiento FPCA)
653,682,667,train,30,False,0.013467977195037614,0.11605161435774004,0.010122645439712427,0.09107946388992506,0.1059315975919226,0.3814117309983013,0.19189480801994493,0.17882035674958946,2.101190861027049,0.9127972771268692,(truncamiento FPCA)
654,683,668,train,30,False,0.013600259868321309,0.11662015206781935,0.009767734184061074,0.09166023996173261,0.1065314218526978,0.3814117309983013,0.19273646175399922,0.1797005434798993,2.096264568911679,0.9134906786156947,(truncamiento FPCA)
655,684,669,train,30,False,0.013594668204081846,0.11659617576954162,0.009484476973365595,0.09157265694340141,0.10649218141981241,0.3814117309983013,0.19276192137186127,0.17970144575433736,2.100040923745564,0.9133419746999226,(truncamiento FPCA)
656,685,670,train,30,False,0.01340082675493195,0.1157619400102294,0.009251297543814919,0.09101139222656446,0.1055910055877229,0.3814117309983013,0.19012427118904113,0.17728004745838047,2.0842388998903902,0.912139219318476,(truncamiento FPCA)
657,686,671,train,30,False,0.013084321495855268,0.11438671905363519,0.009077286936764297,0.08992365143179691,0.10429040369199553,0.3814117309983013,0.1875533655600276,0.17498741466523013,2.0815893906223013,0.9117352482423631,(truncamiento FPCA)
658,687,672,train,30,False,0.013333342104525884,0.11547009181829676,0.009188022026055231,0.09091125696866416,0.1054516476782943,0.3814117309983013,0.1897867914219712,0.177152942212166,2.083333305273398,0.9132377572214333,(truncamiento FPCA)
659,688,673,train,30,False,0.013773097572775526,0.11735884105075138,0.009958248790749016,0.09268693461205038,0.10724272030318878,0.3814117309983013,0.19133371142403632,0.1789073494859976,2.0649112478082046,0.9138018008955293,(truncamiento FPCA)
660,689,674,train,30,False,0.013550284662737598,0.11640568999296211,0.009881874537109618,0.09143628494132955,0.10586796834618466,0.3814117309983013,0.18973341636422544,0.17728525276993226,2.0726301260098827,0.9094741704858709,(truncamiento FPCA)
661,690,675,train,30,False,0.013398292174662275,0.11575099211092005,0.009674023464576473,0.0904451700220997,0.10489409986607066,0.3814117309983013,0.18925376509701483,0.1766567967160912,2.0939576217725873,0.9062047586214587,(truncamiento FPCA)
662,691,676,train,30,False,0.01376536837316847,0.1173259066581992,0.00982065333706497,0.09253979496868539,0.10729260057100247,0.3814117309983013,0.19361304707247748,0.18074009336316257,2.0875235938138585,0.9144834557603178,(truncamiento FPCA)
663,692,677,train,30,False,0.013572097457573594,0.11649934530963509,0.009619833558330258,0.09093905976648349,0.1055428121079369,0.3814117309983013,0.19072538414689755,0.17795614040801055,2.099731485993804,0.905951976188556,(truncamiento FPCA)
664,693,678,train,30,False,0.013542189071662764,0.1163709116216882,0.009460849491518217,0.09077181809126027,0.10530891447876517,0.3814117309983013,0.1902282477646127,0.17751078674294243,2.0978684217896335,0.9049419052513344,(truncamiento FPCA)
665,694,679,train,30,False,0.013880335733645117,0.11781483664481786,0.009541499628399305,0.09195792338526375,0.10683500194103021,0.3814117309983013,0.19335032817470693,0.1803172750296575,2.1021046266581602,0.906804312457784,(truncamiento FPCA)
666,695,680,train,30,False,0.013920333897137835,0.11798446464318019,0.009524453577780277,0.09241730809060147,0.10735426242173828,0.3814117309983013,0.19427024610531804,0.18113471665520997,2.102966209787352,0.9099016785507247,(truncamiento FPCA)
667,696,681,train,30,False,0.01413456487461363,0.11888887616010857,0.010292951063537932,0.09391901100914378,0.10914327403381523,0.3814117309983013,0.19770135302228606,0.1842883248508535,2.10653334227305,0.9180276368903608,(truncamiento FPCA)
668,697,682,train,30,False,0.01388552792613145,0.11783686997765788,0.009741865085509845,0.09319851791090923,0.10817646522831326,0.3814117309983013,0.1943398268215267,0.18150851391602926,2.088677635471031,0.9180188276286,(truncamiento FPCA)
669,698,683,train,30,False,0.013541189460859398,0.11636661660828418,0.008779944473220053,0.09179447114662566,0.10640612384632168,0.3814117309983013,0.19075109555730332,0.17831348463827762,2.0860335559547902,0.914404207561592,(truncamiento FPCA)
670,699,684,train,30,False,0.014745235830515218,0.12142996265549627,0.009538986460440897,0.0937690141680815,0.10926147557670765,0.5063579215594302,0.19758856893818633,0.18449509165964487,2.0995517623169717,0.8997900780607887,(truncamiento FPCA)
671,700,685,train,30,False,0.014930418100834906,0.12219009002711678,0.009762834099753502,0.09438321742276355,0.11021834296509922,0.5063579215594302,0.2008285011373739,0.18717538040901688,2.124064443194835,0.9020235842418909,(truncamiento FPCA)
672,701,686,train,30,True,0.015412090690913217,0.12414544168399103,0.010649462831051717,0.09566667179947423,0.11161360386897992,0.5063579215594302,0.20288875608297022,0.1891721926828284,2.120736283436086,0.8990551916766258,(truncamiento FPCA)
673,702,687,train,30,True,0.01558734396288201,0.12484928499147285,0.01076649091312068,0.09673809245654898,0.11282012420274819,0.5063579215594302,0.20492665731110507,0.1912174534537389,2.1185166311522625,0.9036505432165971,(truncamiento FPCA)
674,703,688,train,30,True,0.014705642880404006,0.12126682514358166,0.010553833525463229,0.09470172415501658,0.11057770950579167,0.5063579215594302,0.201412449448234,0.18792868547440078,2.120312519557063,0.9118545766731017,(truncamiento FPCA)
675,704,689,train,30,True,0.014942895367919809,0.122241136152769,0.011930483057476042,0.09611698456021044,0.11199741028522829,0.5063579215594302,0.2030186046727547,0.18952400323999008,2.1006852534964904,0.9162006654229818,(truncamiento FPCA)
676,705,690,train,30,True,0.015011211528537854,0.12252024946325343,0.012029052006398554,0.09663801576506323,0.11260250829363425,0.5063579215594302,0.20425324522714267,0.1906017206724883,2.1067875005414836,0.919052228402508,(truncamiento FPCA)
677,706,691,train,30,True,0.014308345549466599,0.11961749683665261,0.012433549963268955,0.09338896568334576,0.10872212157605816,0.5063579215594302,0.1967716494330687,0.1837226332938037,2.110412114555884,0.9089148699084301,(truncamiento FPCA)
678,707,692,train,30,True,0.014596333820319525,0.12081528802398944,0.013550543863514576,0.09409859997214517,0.1097874433066939,0.5063579215594302,0.1992192830293887,0.1860588272498854,2.117506060855294,0.908721446617701,(truncamiento FPCA)
679,708,693,train,30,True,0.014531166068301482,0.12054528637944116,0.013468368372443116,0.09398775808784975,0.10961072260163143,0.5063579215594302,0.19885744934495359,0.18575992121554835,2.1168784914318683,0.9092908225097169,(truncamiento FPCA)
680,709,694,train,30,True,0.015004947518229355,0.12249468363251262,0.01410855976465469,0.09569687470153161,0.11191121578199519,0.5063579215594302,0.20462895442524762,0.19090778374703207,2.1434903759193693,0.9136005944366685,(truncamiento FPCA)
681,710,695,train,30,True,0.014520301239970937,0.12050021261379971,0.016678066797873037,0.0934404877359291,0.10928375198412967,0.5063579215594302,0.1997391138652978,0.18645823124179425,2.1431454238893366,0.9069175034104003,(truncamiento FPCA)
682,711,696,train,30,True,0.013864342169883146,0.1177469412336607,0.016038111487329428,0.09075500322038647,0.10646379178767514,0.5063579215594302,0.1955400266856286,0.18251770975876,2.160068478180842,0.9041745855325878,(truncamiento FPCA)
683,712,697,train,30,True,0.01424431544044768,0.11934955148825521,0.017585471224892915,0.09214052160483374,0.10763818618593025,0.5063579215594302,0.1960117917745644,0.18317912307162373,2.1422977837754584,0.9018734033242057,(truncamiento FPCA)
684,713,698,train,30,True,0.01446641314855253,0.12027640312443888,0.01821184725595319,0.0930655909636749,0.10848013828319081,0.5063579215594302,0.19597841914140404,0.1831062526117904,2.126614258405883,0.9019236979589125,(truncamiento FPCA)
685,714,699,train,30,True,0.014783235374711814,0.12158632889725643,0.0191231338058951,0.09453020548094,0.11013832201065574,0.5063579215594302,0.1989387425848575,0.18601691137684878,2.1219081956354624,0.9058446209337025,(truncamiento FPCA)
686,715,700,train,30,True,0.014990996551631424,0.12243772519787936,0.01965000205966185,0.09506636501146674,0.1110965818977438,0.5063579215594302,0.20181781163088838,0.18861424232798815,2.14070726367238,0.9073721495412755,(truncamiento FPCA)
687,716,701,test,30,True,0.015930499180173054,0.1262160813057237,0.020614374064078227,0.09794420340693774,0.11424193493121775,0.5063579215594302,0.20618698699375487,0.19288654105538425,2.1317164747229285,0.9051297881329251,(truncamiento FPCA)
688,717,702,test,30,True,0.01574162147008705,0.12546561867733746,0.02014682095745557,0.09710722680467394,0.11339866367525192,0.5063579215594302,0.20491094476564997,0.19151828504217353,2.1377484154753152,0.9038226158744064,(truncamiento FPCA)
689,718,703,test,30,True,0.015953392903167656,0.12630674132114902,0.020383065551415037,0.09732982782587081,0.1140621827052232,0.5063579215594302,0.20829252164357198,0.1943384030179652,2.1590328208846716,0.903056966810721,(truncamiento FPCA)
690,719,704,test,30,True,0.015895018795547458,0.126075448821519,0.02033200389124711,0.09681964808711298,0.11350085293600552,0.5063579215594302,0.20745664039797126,0.19351724475906584,2.161748740070535,0.9002613434807999,(truncamiento FPCA)
691,720,705,test,30,True,0.015877147921895613,0.1260045551632782,0.020614639999465983,0.09680353626561154,0.11335494140102755,0.5063579215594302,0.2064465325882478,0.19267149935936317,2.143417239610668,0.8996098692951289,(truncamiento FPCA)
692,721,706,test,30,True,0.017478197610776562,0.1322051345855242,0.022701814634033035,0.10068529109659331,0.1178165773542305,0.5063579215594302,0.21452160533452613,0.20016943939225162,2.1415235654835527,0.8911649137047272,(truncamiento FPCA)
693,722,707,test,30,True,0.018411902561933237,0.13569046599497414,0.02052577456739152,0.10469216388795331,0.12251243392377935,0.5063579215594302,0.22352381675358374,0.20844373296194219,2.138592820220977,0.902881665454057,(truncamiento FPCA)
694,723,708,test,30,True,0.018651000647597806,0.13656866641948953,0.018393028959278676,0.10599833204766737,0.12396621712089015,0.5063579215594302,0.22605426456887343,0.2108281681337834,2.1324392741516656,0.9077207852356906,(truncamiento FPCA)
695,724,709,test,30,True,0.019419460682783267,0.13935372504093052,0.018117823150424518,0.10808081711552807,0.12625345523009493,0.5063579215594302,0.23009321770215424,0.214630298701842,2.127275721521883,0.9059926829585083,(truncamiento FPCA)
696,725,710,test,30,True,0.01944260985850923,0.13943675935171912,0.017612251291712133,0.10825547828733328,0.12648592127997518,0.5063579215594302,0.23063159614687406,0.2152505060299779,2.131542918483196,0.9071203452234831,(truncamiento FPCA)
697,726,711,test,30,True,0.019707004299281412,0.14038163804173753,0.016283557260110163,0.10952655665431625,0.12773892405411227,0.5063579215594302,0.23116527308544946,0.21609295090112304,2.1111286184467897,0.9099404012947447,(truncamiento FPCA)
698,727,712,test,30,True,0.019851229473087404,0.1408943912052123,0.016838940123606837,0.10982809631253433,0.12832482574502327,0.5063579215594302,0.2341222666682801,0.2185392925931635,2.1332935861870923,0.9107873255090652,(truncamiento FPCA)
699,728,713,test,30,True,0.019912957896126984,0.1411132803676783,0.018760107914629228,0.11035363838750323,0.12872706749976778,0.5063579215594302,0.2338738119081764,0.2182352670939816,2.1131654132333244,0.9122250376744302,(truncamiento FPCA)
700,729,714,test,30,True,0.01790782257311282,0.13382011273763306,0.01712855771258387,0.10541993906140673,0.12243026441273194,0.4526583050609976,0.22050264701670194,0.20606188965596012,2.0917129340643714,0.9148868724447126,(truncamiento FPCA)
701,730,715,test,30,False,0.0176206530705439,0.13274280798048496,0.017390897211725764,0.10409182833213972,0.12076269808788903,0.4526583050609976,0.2171182386023719,0.20296138524796786,2.0857963293560924,0.9097494615726588,(truncamiento FPCA)
702,731,716,test,30,False,0.01688024480715481,0.12992399627149256,0.017015162476111206,0.10195994340452114,0.11842710184618074,0.4526583050609976,0.21351922113364152,0.19942936992982377,2.090987928658632,0.9115106157811863,(truncamiento FPCA)
703,732,717,test,30,False,0.016701914999206268,0.1292358889751847,0.01824494975599221,0.10082244643844773,0.11719214944747748,0.4526583050609976,0.21158171619692165,0.19749608096460838,2.0983864522402005,0.9068080885022596,(truncamiento FPCA)
704,733,718,test,30,False,0.01695204133348266,0.13020000512090105,0.018515612367179166,0.10141066214841113,0.11791191036056933,0.4526583050609976,0.21319674921036308,0.19923184988804857,2.101424154198346,0.9056213957217495,(truncamiento FPCA)
705,734,719,test,30,False,0.018663306174526984,0.1366137115172814,0.020426753872429832,0.10576345431415536,0.12273894789952652,0.4526583050609976,0.22044926476278748,0.20614790838776134,2.09803851303339,0.8984379864681463,(truncamiento FPCA)
706,735,720,test,30,False,0.018626526733525803,0.1364790340437893,0.020018059944739205,0.10551824691317192,0.12243750322334128,0.4526583050609976,0.21965667476684841,0.20546956190394397,2.091470320697431,0.8971158396685106,(truncamiento FPCA)
707,736,721,test,30,False,0.018908310310399763,0.13750749183371705,0.019167585061256442,0.107434671565373,0.12460786849225712,0.4526583050609976,0.22364402064352032,0.2091786167330782,2.083233210336546,0.9061896688723041,(truncamiento FPCA)
708,737,722,test,30,False,0.019068695673491967,0.13808944808888174,0.018351477268605434,0.10812389007020431,0.12511310424695343,0.4526583050609976,0.22377082682255972,0.2094749423291888,2.0725006870757303,0.9060294322157328,(truncamiento FPCA)
709,738,723,test,30,False,0.01834667961763922,0.13544991553204905,0.017504146489760126,0.1063384270663424,0.12260904060451401,0.4526583050609976,0.21740529140461862,0.20372665115285013,2.050776352030347,0.9051983541141689,(truncamiento FPCA)
710,739,724,test,30,False,0.01807674303758314,0.13444977886773612,0.017235696706348974,0.10566486639958492,0.12149091482307353,0.4526583050609976,0.2140094890012517,0.20064536948240264,2.031706555238658,0.9036155793353088,(truncamiento FPCA)
711,740,725,test,30,False,0.0181338014968821,0.13466180414981116,0.016524159492897136,0.10607695358399535,0.12196677505796541,0.4526583050609976,0.21485316775927638,0.20147740188667945,2.0309773066284653,0.9057265779855248,(truncamiento FPCA)
712,741,726,test,30,False,0.019018741006933283,0.13790845154280168,0.017766776839748626,0.10911994860563473,0.125465071646072,0.4526583050609976,0.22123176615372925,0.20745117225699847,2.023863300654058,0.9097707228416838,(truncamiento FPCA)
713,742,727,test,30,False,0.018126766770918293,0.13463568164093162,0.017073647659867065,0.10595516218592091,0.12193977870019022,0.4526583050609976,0.2154740165415129,0.2018934437494492,2.025960682617289,0.9057017962400123,(truncamiento FPCA)
714,743,728,test,30,False,0.017583676767484645,0.1326034568459082,0.016404987387341138,0.10346101720294526,0.11938172530709418,0.4526583050609976,0.2125591356193769,0.1990766687090244,2.0498914045757894,0.9002912001443647,(truncamiento FPCA)
715,744,729,test,30,False,0.01749945212249509,0.13228549475469745,0.016417984262785682,0.10314697857403463,0.11901523919501758,0.4526583050609976,0.211941964348763,0.1983393085455202,2.0507152125232326,0.8996847267019906,(truncamiento FPCA)
716,745,730,test,30,False,0.01860326454656398,0.13639378485313758,0.017410391056017906,0.10631320384954775,0.12223993607811191,0.4526583050609976,0.21640023307889072,0.20246328174609865,2.0342287139014847,0.8962280518114086,(truncamiento FPCA)
717,746,731,test,30,False,0.01797452995083828,0.13406912377888608,0.017723862147713508,0.10429417593886799,0.12037482284462378,0.4526583050609976,0.21517838317329058,0.20116096433107594,2.0551543519058475,0.8978564150471539,(truncamiento FPCA)
718,747,732,test,30,False,0.018168235531531,0.13478959726748574,0.01785525177305455,0.10518768691166355,0.1212374164067373,0.4526583050609976,0.21614373159388858,0.20232585117524687,2.0452004294884714,0.8994567745917769,(truncamiento FPCA)
719,748,733,test,30,False,0.017525974307372842,0.13238570280575182,0.01699347586988453,0.10313510463888051,0.11883077563583765,0.4526583050609976,0.21156645766455626,0.1980744349470251,2.0483105625726816,0.897610339465409,(truncamiento FPCA)
720,749,734,test,30,False,0.017797272775596507,0.13340641954417526,0.016917969076319334,0.10478879138504646,0.12071786724571178,0.4526583050609976,0.21494558879613063,0.20131291230684048,2.050515070000288,0.9048879930829574,(truncamiento FPCA)
721,750,735,test,30,False,0.017952887854830114,0.13398838701480853,0.01681474102741575,0.10551892736585153,0.12175976672550129,0.4526583050609976,0.21773674250032565,0.2038199317348933,2.070917412436826,0.9087337301257629,(truncamiento FPCA)
722,751,736,test,30,False,0.016530443680688758,0.1285707730422772,0.01518221861440312,0.10239189717208523,0.11802205971775324,0.38932589523274463,0.21022765770014035,0.19686991280474234,2.06371377427691,0.9179540336040813,(truncamiento FPCA)
723,752,737,test,30,False,0.01626267507640868,0.127525193888928,0.01582961559125518,0.10158992041714844,0.11716967359143966,0.38932589523274463,0.20881666312380995,0.19551196028824824,2.067087212881555,0.9187962787454549,(truncamiento FPCA)
724,753,738,test,30,False,0.016270973549750684,0.12755772634282364,0.017114638165001268,0.10155482629322203,0.11720932811864154,0.38932589523274463,0.20912914284858253,0.19573320414412607,2.0714913370803516,0.9188728231454223,(truncamiento FPCA)
725,754,739,test,30,False,0.015638556701406587,0.1250542150485404,0.016788607763696364,0.100141342792145,0.11540478484908531,0.38932589523274463,0.20517689157321545,0.19201776349014812,2.0651374352220766,0.9228380251260655,(truncamiento FPCA)
726,755,740,test,30,False,0.016189008026059618,0.1272360327346763,0.017891708001747834,0.10260736289298578,0.11826592219564215,0.38932589523274463,0.2104601642638963,0.19679748928497223,2.0664304877808757,0.9295002339648596,(truncamiento FPCA)
727,756,741,test,30,False,0.01601954736475181,0.12656835056502794,0.019258116129618617,0.10185169952524471,0.1175164791217326,0.38932589523274463,0.21059837992131367,0.19670130858021267,2.0815692970133566,0.9284823464721957,(truncamiento FPCA)
728,757,742,test,30,False,0.015671824355805438,0.12518715731178434,0.0188395995588224,0.10043514102172874,0.11590126640708175,0.38932589523274463,0.20763151537916108,0.1939323572229307,2.0846600392990493,0.9258239335080065,(truncamiento FPCA)
729,758,743,test,30,False,0.016099159856424124,0.12688246473183015,0.01955737105461124,0.10213988384013709,0.11781745066516248,0.38932589523274463,0.21085407329244596,0.19695682778737436,2.086394308570739,0.9285558167093708,(truncamiento FPCA)
730,759,744,test,30,False,0.016305102080676825,0.12769143307472441,0.01994281877631809,0.1031530774040712,0.11905349300277542,0.38932589523274463,0.213526520765458,0.19931255900152914,2.0958307968669776,0.9323530180220146,(truncamiento FPCA)
731,760,745,test,30,False,0.01661604769695065,0.12890324936536957,0.02065748172320834,0.10481739910104383,0.12082654329841093,0.38932589523274463,0.21549951659271496,0.20145937259081162,2.0804378932778187,0.9373428823034117,(truncamiento FPCA)
732,761,746,test,30,False,0.01647707550694649,0.12836306130248876,0.019195601558114207,0.10415952624057595,0.12021891830253363,0.38932589523274463,0.21481740332382102,0.2008384532513617,2.08846611386958,0.9365538425360285,(truncamiento FPCA)
733,762,747,test,30,False,0.01656692878713884,0.12871258208558647,0.019227238997366038,0.10479418606142965,0.12091895687234659,0.38932589523274463,0.215922417593924,0.20206941695965636,2.0837475169459547,0.9394493911398843,(truncamiento FPCA)
734,763,748,test,30,False,0.01626115193119727,0.12751922181066377,0.018495906316920482,0.1039038206896395,0.12002567559621907,0.38932589523274463,0.21483228397420276,0.2011172868825341,2.0888280185267885,0.9412359477415031,(truncamiento FPCA)
735,764,749,test,30,False,0.01433182319092585,0.11971559293143834,0.016764769127326926,0.09827402408570586,0.11392770177458458,0.3763888123565091,0.206158856508532,0.1927795666914563,2.1091034903184456,0.9516529884275935,(truncamiento FPCA)
736,765,750,test,30,False,0.014724472548434222,0.1213444376493386,0.018086915197435043,0.10002196444093041,0.1161232964468686,0.3763888123565091,0.21112862851347095,0.19725309051907494,2.128890964428543,0.9569725542957472,(truncamiento FPCA)
737,766,751,test,30,False,0.014940186550746528,0.12223005584039683,0.019359268355264685,0.10066232247124958,0.11708693958031911,0.3763888123565091,0.21339787908794935,0.1994143683807064,2.137283812097599,0.957922654745463,(truncamiento FPCA)
738,767,752,test,30,False,0.014331801160078168,0.11971550091812742,0.018994526073850642,0.09862119472352969,0.1147761459411444,0.3763888123565091,0.20938775695159972,0.19540456130304845,2.140766850445581,0.9587408903683992,(truncamiento FPCA)
739,768,753,test,30,False,0.01407553691113992,0.11864036796613503,0.018434451627611786,0.09724672094062137,0.11324391250177564,0.3763888123565091,0.20678810832916023,0.19299113646641006,2.1371638389691383,0.9545141712144742,(truncamiento FPCA)
740,769,754,test,30,False,0.014223516036531169,0.11926238315802334,0.01689801336636086,0.09783219689735775,0.11389466326119213,0.3763888123565091,0.20789233038706018,0.19417200182696664,2.137379840974875,0.9549923475055925,(truncamiento FPCA)
741,770,755,test,30,False,0.01435249472206271,0.1198018978232929,0.016562582421896763,0.09852226608350605,0.11470799047802684,0.3763888123565091,0.20947497077282673,0.19553043599629252,2.138832997142012,0.9574805788738044,(truncamiento FPCA)
742,771,756,test,30,False,0.015224364750743546,0.12338705260578821,0.017327929508752272,0.10027185260760775,0.1167830612560637,0.46574399273889644,0.21371206312427338,0.1995560034307672,2.140421246101484,0.9464774365684565,(truncamiento FPCA)
743,772,757,test,30,False,0.015850569859201937,0.12589904629981094,0.016674822737759477,0.10265213729712587,0.11951496221976524,0.46574399273889644,0.21864958142273358,0.20409400996466448,2.1430126762770016,0.9492920378058869,(truncamiento FPCA)
744,773,758,test,30,False,0.016223215817353802,0.12737038830652045,0.016662934739253586,0.10443985021032774,0.12144201617680764,0.46574399273889644,0.2218314470170723,0.2070592129073063,2.13255502555612,0.953455648455385,(truncamiento FPCA)
745,774,759,test,30,False,0.016885538997164936,0.1299443688551564,0.017203032980405073,0.10628239777073391,0.1237429471290805,0.46574399273889644,0.22651234706734527,0.2112760501282033,2.13635482199002,0.9522763334747629,(truncamiento FPCA)
746,775,760,test,30,False,0.015466955857585927,0.12436621670528507,0.014984522638163786,0.10199777018113437,0.118927081827681,0.46574399273889644,0.21827727603195354,0.2036795060880996,2.1368250368698667,0.9562651737610273,(truncamiento FPCA)
747,776,761,test,30,False,0.015146645621021682,0.12307170926342773,0.013989304950766375,0.10105423934339902,0.11759981852789195,0.46574399273889644,0.2152340223261611,0.20072339488577828,2.1281105541446252,0.9555390043066395,(truncamiento FPCA)
748,777,762,test,30,False,0.015916916379048653,0.12616226210340656,0.014161629539495058,0.10299690022677213,0.11999072504886886,0.46574399273889644,0.22028585658423364,0.20511732697899507,2.1349900243426854,0.9510825428171278,(truncamiento FPCA)
749,778,763,test,30,False,0.016068755481701967,0.12676259496279638,0.013906874946576999,0.10383482117147388,0.12069439623152549,0.46574399273889644,0.22063817277981013,0.20553146211082055,2.1187728320471577,0.9521294216716544,(truncamiento FPCA)
750,779,764,test,30,False,0.01618479853093797,0.12721948958763343,0.013857566020805009,0.10409171177577778,0.12123048862443284,0.46574399273889644,0.22246711223388244,0.2071295658786443,2.1324967554451875,0.9529238720999965,(truncamiento FPCA)
751,780,765,test,30,False,0.016623646128918573,0.12893271938851897,0.014300969941672577,0.10576023177167801,0.12308746733635685,0.46574399273889644,0.22578253681439275,0.21039951227527254,2.127801495401391,0.954664323533359,(truncamiento FPCA)
752,781,766,test,30,False,0.01641715759650589,0.12812945639666895,0.01426062605331793,0.10474835674180656,0.12223749507719857,0.46574399273889644,0.22543163100520297,0.20993185847257265,2.145663168597473,0.9540155598473018,(truncamiento FPCA)
753,782,767,test,30,False,0.01637845550751261,0.127978339993581,0.01493696038667684,0.10492887903423329,0.12210145349427577,0.46574399273889644,0.22330466258499168,0.20829441385970526,2.1252980051970196,0.9540790535367157,(truncamiento FPCA)
754,783,768,test,30,False,0.01658206450890636,0.1287713652521645,0.014671680866096196,0.10565474736547388,0.1229630801378501,0.46574399273889644,0.22501263719443088,0.20991433034765727,2.125610434762968,0.9548945908669957,(truncamiento FPCA)
755,784,769,test,30,False,0.016236910187659343,0.12742413502809954,0.01489186675784409,0.10426769743213163,0.12161403274020191,0.46574399273889644,0.22334084697072426,0.2082923585945654,2.1384231399684466,0.9544034394534725,(truncamiento FPCA)
756,785,770,test,30,False,0.016081639968406176,0.1268134061067921,0.0150409154582917,0.10366688781771019,0.12101759666933228,0.46574399273889644,0.22262947000002228,0.20771536506837182,2.1439118204421206,0.9542965557397058,(truncamiento FPCA)
757,786,771,test,30,False,0.015813123210381006,0.12575024139293334,0.014757435017858566,0.10207889003778274,0.11922616004582279,0.46574399273889644,0.21946521145741882,0.2047630882616763,2.1464249589303437,0.9481187369913298,(truncamiento FPCA)
758,787,772,test,30,False,0.01572353870910863,0.12539353535612843,0.014604164892125902,0.1015414194591226,0.11862393971153881,0.46574399273889644,0.2183647805834734,0.20375156977710032,2.1493619127968246,0.9460132005580401,(truncamiento FPCA)
759,788,773,test,30,False,0.015179314093901693,0.12320435907021185,0.013832528698576622,0.09910055142786514,0.11587630614785044,0.46574399273889644,0.21356272455047162,0.19932061076787946,2.142214429778564,0.9405211554391083,(truncamiento FPCA)
760,789,774,test,30,False,0.015370754182633258,0.12397884570616577,0.013863002224832473,0.09996414015784637,0.11671303005235276,0.46574399273889644,0.2135945078547963,0.19971613967150306,2.126644076965307,0.9413947144577128,(truncamiento FPCA)
761,790,775,test,30,False,0.015107853968551301,0.12291401046484204,0.013334184690726477,0.09869429592181786,0.11530117551146467,0.46574399273889644,0.21157301626193467,0.19766608464677168,2.128252532963431,0.9380637331367938,(truncamiento FPCA)
762,791,776,test,30,False,0.014768232118031839,0.12152461527621405,0.013620660796374088,0.09666962516594788,0.11278602729213574,0.46574399273889644,0.20620052410690023,0.19277293807542878,2.1050275577578774,0.9280920333364865,(truncamiento FPCA)
763,792,777,test,30,False,0.014648356298669297,0.12103039411102195,0.013226920634319246,0.09573089959520363,0.11178019751206122,0.46574399273889644,0.20458602358385106,0.19106164064869724,2.1142880424037718,0.9235712924269629,(truncamiento FPCA)
764,793,778,test,30,False,0.014951892207093401,0.12227793017177467,0.013971285878114319,0.09667145765413403,0.11266740450338458,0.46574399273889644,0.20524402851915605,0.19152401015066534,2.1059581984863933,0.9214042496884816,(truncamiento FPCA)
765,794,779,test,30,False,0.015451296201076704,0.12430324292260722,0.01408033167959109,0.09867965426302289,0.11509014815853601,0.46574399273889644,0.2100821213527167,0.1959401315175935,2.107040926573114,0.9258821045416538,(truncamiento FPCA)
766,795,780,test,30,False,0.015093871794468807,0.12285711942931433,0.013415157861247726,0.09700982634275941,0.11318410432553572,0.46574399273889644,0.20658360350209487,0.19276900514536885,2.112476101596783,0.9212661411181469,(truncamiento FPCA)
767,796,781,test,30,False,0.014614960020904929,0.12089234889315754,0.013101442505060588,0.09468083937203989,0.11030673330695026,0.46574399273889644,0.20081251823834972,0.18732107429478687,2.110193143842812,0.912437671340453,(truncamiento FPCA)
768,797,782,test,30,False,0.014366523253171308,0.11986043239189198,0.012285400778949728,0.09321368804350587,0.10854670902942679,0.46574399273889644,0.19728787563145142,0.1840910225525402,2.1029519494229425,0.9056091894823624,(truncamiento FPCA)
769,798,783,test,30,False,0.01589370347435433,0.12607023230863948,0.013290557189535127,0.09746982694719754,0.11394099889745783,0.46574399273889644,0.20878330044049923,0.19516230222694134,2.127725658105988,0.9037898702249758,(truncamiento FPCA)
770,799,784,test,30,False,0.01544063040108986,0.12426033317631922,0.013380336798898143,0.09490672184900759,0.11117974789146916,0.46574399273889644,0.2045979184380609,0.19122847099891052,2.144545083083827,0.8947324141945655,(truncamiento FPCA)
771,800,785,test,30,False,0.01595942000384235,0.1263305980506795,0.014048322820337245,0.09693007932893322,0.11328695605352476,0.46574399273889644,0.20630441717313197,0.19328585485910968,2.1252548496612955,0.8967499386655157,(truncamiento FPCA)
772,801,786,test,30,False,0.014083640919327158,0.11867451672253465,0.012527906265105741,0.09134554812126634,0.10670269235094601,0.4342858803251963,0.19362633103378055,0.18138944221492323,2.1274233716850395,0.8991205129608474,(truncamiento FPCA)
773,802,787,test,30,False,0.014535874410480855,0.12056481414774733,0.014133442425280076,0.09207453325697319,0.10799498931540336,0.4342858803251963,0.1974140323677015,0.1847238584353582,2.142100343242389,0.8957421788338664,(truncamiento FPCA)
774,803,788,test,30,False,0.014099051040742069,0.11873942496383444,0.013914499827548242,0.0899817830008011,0.10553064101049793,0.4342858803251963,0.19263170998579626,0.18035928827510112,2.133838930600773,0.8887582287234452,(truncamiento FPCA)
775,804,789,test,30,False,0.013234925759677796,0.11504314738252686,0.013037041398975805,0.08729580622822844,0.10214668164381879,0.4342858803251963,0.18543069196860956,0.17376347268337922,2.120671410013337,0.8878988794019484,(truncamiento FPCA)
776,805,790,test,30,False,0.013269988638789715,0.1151954367099223,0.013525824827791477,0.08752944091264962,0.10237030099466958,0.4342858803251963,0.18537457628813792,0.17366922942624471,2.1137360863404013,0.8886662867770695,(truncamiento FPCA)
777,806,791,test,30,False,0.013455320150806138,0.11599706957852918,0.01353509141960408,0.08832043617229672,0.10318997585685721,0.4342858803251963,0.18646514199843475,0.17494451817759507,2.1081155269529126,0.8895912304663727,(truncamiento FPCA)
778,807,792,test,30,False,0.012560515605488131,0.1120737061289941,0.012947519598645348,0.08567691710641817,0.1002680273594447,0.4342858803251963,0.18132027192182618,0.17023903435173576,2.1160155492022263,0.89466147611857,(truncamiento FPCA)
779,808,793,test,30,False,0.012320613423527966,0.11099825865088139,0.011019517335657146,0.08466741091194548,0.09907509912983431,0.4342858803251963,0.17877035929687554,0.16801403218452302,2.1082819118468565,0.8925824633109917,(truncamiento FPCA)
780,809,794,test,30,False,0.011963003035454263,0.10937551387515518,0.010400324320472411,0.08302710155751494,0.0969603145283811,0.4342858803251963,0.17411927975620642,0.16371584912734286,2.0931345371505024,0.8864901392742692,(truncamiento FPCA)
781,810,795,test,30,False,0.012460238116801298,0.11162543669254467,0.010717548955743877,0.0841580881328904,0.09843851436176615,0.4342858803251963,0.17728831008399545,0.166213446105286,2.0974303638235035,0.8818645398261697,(truncamiento FPCA)
782,811,796,test,30,False,0.012302787803266109,0.11091793273977887,0.010567922059483571,0.08349410893776359,0.09762252710147458,0.4342858803251963,0.17557287765350257,0.16464906829290346,2.0961105569649905,0.8801329477579045,(truncamiento FPCA)
783,812,797,test,30,False,0.0116878497286649,0.10811035902569605,0.01003907106128014,0.08026753070913853,0.09410798881259223,0.4342858803251963,0.17052156310349367,0.1597204963651261,2.1174077696750375,0.8704807722470362,(truncamiento FPCA)
784,813,798,test,30,False,0.011712877796226253,0.10822604952702586,0.011106249336237776,0.08049632873784048,0.09420243792810747,0.4342858803251963,0.17008396894211034,0.15939707512049706,2.1091342691189823,0.8704229558391442,(truncamiento FPCA)
785,814,799,test,30,False,0.011965578615762933,0.10938728726759309,0.010251620588405178,0.08146853156312316,0.09522894958025874,0.4342858803251963,0.17178146901707805,0.16107330933604086,2.1036764365909493,0.8705668817556564,(truncamiento FPCA)
786,815,800,test,30,False,0.01159510814621018,0.10768058388683718,0.00988092784150114,0.07975836512632797,0.09318271595827528,0.4342858803251963,0.1677614959180791,0.15725657025109444,2.1013999458097854,0.8653622834753767,(truncamiento FPCA)
787,816,801,test,30,False,0.01164331599886809,0.10790419824486946,0.009277792105911033,0.08018252238242793,0.09362349615398488,0.4342858803251963,0.16823719638897427,0.15778065355010393,2.0934914065157306,0.8676538788743229,(truncamiento FPCA)
788,817,802,test,30,False,0.011916940408554157,0.10916473976772059,0.009193853054896244,0.08166618889261452,0.09516893025182066,0.4342858803251963,0.17057813409537362,0.1599626915309525,2.080612382905978,0.8717918483048643,(truncamiento FPCA)
789,818,803,test,30,False,0.011956244114639802,0.10934461173116763,0.009046506572052049,0.08182958765542406,0.09548318647208844,0.4342858803251963,0.17208870224830855,0.16116713815616826,2.102542069530167,0.8732317483264872,(truncamiento FPCA)
790,819,804,test,30,False,0.011510281073887359,0.10728597799287361,0.008700940361763726,0.07953383787769612,0.09299550332332741,0.4342858803251963,0.1690552544850492,0.15802131549206028,2.1181639231220846,0.8668001640391867,(truncamiento FPCA)
791,820,805,test,30,False,0.012361021661433911,0.1111801315947859,0.009097150159249272,0.08242996868816202,0.0964380053992329,0.4342858803251963,0.17612036026186886,0.16442375460986292,2.1318775268810177,0.8674032312780212,(truncamiento FPCA)
792,821,806,test,30,False,0.012378864023410676,0.11126034344460148,0.008658621419317645,0.08255659018248505,0.09670231551151094,0.4342858803251963,0.17714305811427658,0.16526645381879435,2.158471139540124,0.869153487375857,(truncamiento FPCA)
793,822,807,test,30,False,0.012575255626604297,0.1121394472369304,0.0090546868712071,0.08389039458185692,0.09817640732531056,0.4342858803251963,0.17969709076145926,0.1677126004155074,2.1507398749363147,0.8754850299723839,(truncamiento FPCA)
794,823,808,test,30,False,0.011730230825717813,0.10830619015420039,0.008385639112860032,0.08121500420773144,0.09512942958620459,0.4342858803251963,0.17388346231119017,0.16235288238788126,2.142030587844994,0.8783378812491193,(truncamiento FPCA)
795,824,809,test,30,False,0.011578299006127337,0.1076025046461621,0.008396727522604978,0.08088077167032441,0.09454815175468753,0.4342858803251963,0.1723175682902677,0.1609771438849572,2.134708043323418,0.8786798417527338,(truncamiento FPCA)
796,825,810,test,30,False,0.01181461075678139,0.10869503556640198,0.008668971130897709,0.08208998208723185,0.0959249136536979,0.4342858803251963,0.17478635027546077,0.1631748337628735,2.1294406114310425,0.8825142119310243,(truncamiento FPCA)
797,826,811,test,30,False,0.012508156247526511,0.11183986877463023,0.009059923285281244,0.08547494387587458,0.09957970508925637,0.4342858803251963,0.1795802478939677,0.16795892029596765,2.1052951291013935,0.8903775208277518,(truncamiento FPCA)
798,827,812,test,30,False,0.012808943381081081,0.11317660262210154,0.009791885078333075,0.08724615930359444,0.10159922252790175,0.4342858803251963,0.18315687405503395,0.17125330647532946,2.105795124668725,0.8977051808768562,(truncamiento FPCA)
799,828,813,test,30,False,0.011292613707145962,0.10626671024900489,0.008681021386593121,0.08293129095384878,0.0962925014158631,0.3874810384130004,0.17277525762222057,0.16105937122396816,2.1039619201001254,0.906139854995321,(truncamiento FPCA)
800,829,814,test,30,False,0.013172347583507497,0.11477084814319138,0.010005727987216446,0.08877040013586514,0.1029690678569916,0.4441180976966186,0.18495907114448248,0.17210806779659216,2.096406508178063,0.897170923826619,(truncamiento FPCA)
801,830,815,test,30,False,0.012969399616104047,0.11388327188882504,0.009923763332278427,0.0880126845400123,0.10226510866508418,0.4441180976966186,0.18552889490908536,0.1721513754512211,2.1116475020595886,0.8979818279625587,(truncamiento FPCA)
802,831,816,test,30,False,0.013039493988156108,0.11419060376474112,0.010077891607388065,0.08860971904996902,0.10292012941211127,0.4441180976966186,0.1866540564323383,0.17312993269425314,2.1065333312801013,0.9013012105982939,(truncamiento FPCA)
803,832,817,test,30,False,0.012464781542089208,0.1116457860471644,0.009541057201318577,0.08738902187140146,0.10121804335443217,0.4441180976966186,0.18284723766064925,0.16985183820558417,2.0997767885858423,0.906599764649182,(truncamiento FPCA)
804,833,818,test,30,False,0.012732609052142222,0.11283886321716566,0.009769517617545739,0.088720773004501,0.10294459112549971,0.4441180976966186,0.18674667320721922,0.17345316319154933,2.1163759151715813,0.9123150321656133,(truncamiento FPCA)
805,834,819,test,30,False,0.012779805468920569,0.11304780169875295,0.009854859896087897,0.08902880553891508,0.10323493964692253,0.4441180976966186,0.1864086518793757,0.1733962025963956,2.1041863375204723,0.9131972324594202,(truncamiento FPCA)
806,835,820,test,30,False,0.012738410647614145,0.11286456772439322,0.010380079834545444,0.08857847120758937,0.10296877037593617,0.4441180976966186,0.18700761467121377,0.1738964504996397,2.1271746112535905,0.9123214880632703,(truncamiento FPCA)
807,836,821,test,30,False,0.012786360883983699,0.11307679197776925,0.010412136671372488,0.08859063624449717,0.10315585208184788,0.4441180976966186,0.18796163558293452,0.17451972109506675,2.1355672956745306,0.9122636951190496,(truncamiento FPCA)
808,837,822,test,30,False,0.012808224928722722,0.11317342854540867,0.01032906778869321,0.08893125195924187,0.10325454421276131,0.4441180976966186,0.18721800024600468,0.17399819495952096,2.119633225872755,0.9123567743759959,(truncamiento FPCA)
809,838,823,test,30,False,0.013207570577438507,0.11492419491751293,0.012555095026340564,0.09015389441618364,0.1050712606980069,0.4441180976966186,0.19194038834678087,0.17815879558131711,2.143191124216621,0.9142657973233748,(truncamiento FPCA)
810,839,824,test,30,False,0.013455502295378641,0.11599785470162213,0.013362102312935182,0.09162911434962409,0.1066815651325899,0.4441180976966186,0.19373563194918722,0.1800396643149605,2.1313249220311294,0.9196856735583926,(truncamiento FPCA)
811,840,825,test,30,False,0.012416846879204616,0.11143090630163885,0.012448882591266417,0.08834334666108283,0.10271153010108436,0.4441180976966186,0.18593700091143925,0.1730795153821293,2.1287976134257325,0.9217508275760452,(truncamiento FPCA)
812,841,826,test,30,False,0.012732027113532923,0.11283628456100867,0.012969245317762543,0.0899062442040405,0.10419200412799494,0.4441180976966186,0.18700325225011175,0.17441943222453266,2.1054713240391303,0.9233909511763487,(truncamiento FPCA)
813,842,827,test,30,False,0.013082829574834198,0.11438019747681064,0.01333438887461872,0.09217867229623772,0.10664371249450401,0.4441180976966186,0.1907283354642472,0.17799468869650123,2.0877667812936336,0.9323616748967835,(truncamiento FPCA)
814,843,828,test,30,False,0.012573567320990433,0.11213191927810044,0.011356328832582212,0.08980720931664916,0.10389737694815053,0.4441180976966186,0.18561381824890716,0.173225072955918,2.083109444240001,0.9265637975077617,(truncamiento FPCA)
815,844,829,test,30,False,0.012209649859372973,0.11049728439818317,0.012297369740712423,0.0885705860398362,0.102310797012799,0.4441180976966186,0.18194791124007123,0.16989440466563208,2.0719982864945834,0.9259123205608955,(truncamiento FPCA)
816,845,830,test,30,False,0.012844675799304888,0.11333435401194507,0.013437422181332969,0.09124853148899556,0.10533090302196277,0.4441180976966186,0.18721023510879242,0.1749885064037558,2.0669098538857953,0.9293819507795601,(truncamiento FPCA)
817,846,831,test,30,False,0.013492554746271274,0.11615745669680994,0.01410796527655022,0.09374342216853887,0.10836417350963759,0.4441180976966186,0.1935411863305809,0.18059839257548058,2.079294495495818,0.9329075944946513,(truncamiento FPCA)
818,847,832,test,30,False,0.014007263608459572,0.11835228602971543,0.014055691399287643,0.09523206316669282,0.11021032494820018,0.4441180976966186,0.197455367586277,0.1843680752586012,2.08545030832478,0.9312057134285434,(truncamiento FPCA)
819,848,833,test,30,False,0.014511127547831192,0.12046214155422937,0.014498656928449333,0.09737615820995899,0.11263993259941135,0.4441180976966186,0.20171719039106553,0.18838234123302525,2.080664815783158,0.935065001718431,(truncamiento FPCA)
820,849,834,test,30,False,0.015351042985691192,0.12389932600983426,0.01549829490359664,0.1004895639025696,0.11646719648069835,0.4441180976966186,0.2093637711960819,0.1955728997181815,2.0886698611721775,0.9400147703100015,(truncamiento FPCA)
821,850,835,test,30,False,0.01475279493856513,0.12146108404985166,0.014887319463361257,0.09848102481505337,0.11439073859967766,0.4441180976966186,0.20595405275612647,0.1923447299072794,2.098262146327544,0.9417892117011561,(truncamiento FPCA)
822,851,836,test,30,False,0.014957951287254263,0.12230270351572063,0.01612271989426139,0.10006967878283904,0.11603508097926266,0.4441180976966186,0.20777663027511126,0.19427378937912146,2.0718767875541717,0.9487531971388323,(truncamiento FPCA)
823,852,837,test,30,False,0.014975251904029487,0.12237341175283742,0.014362671614502222,0.1002169975490009,0.11613101973664681,0.4441180976966186,0.20765834583744305,0.1941287361733269,2.0665526238234757,0.9489889843980274,(truncamiento FPCA)
824,853,838,test,30,False,0.01499301438956927,0.12244596518288901,0.014459105993234094,0.1002008356902372,0.11622512760197745,0.4441180976966186,0.20890932200028928,0.1950518635192973,2.081923229398049,0.949195242394309,(truncamiento FPCA)
825,854,839,test,30,False,0.014547373039239307,0.12061249122391639,0.014012354522978922,0.09779127975270821,0.11345355426204627,0.4441180976966186,0.20378083285982826,0.19031668003563237,2.0842224237715774,0.9406451447173942,(truncamiento FPCA)
826,855,840,test,30,False,0.014674855208871762,0.12113981677744012,0.014571696741830153,0.09846366577955637,0.11400878323462389,0.4441180976966186,0.20394841122747312,0.190666136512664,2.071805026280044,0.9411338589365916,(truncamiento FPCA)
827,856,841,test,30,False,0.01409448366765222,0.11872019064865176,0.014293941523838024,0.09604280105111343,0.11137568906684929,0.4441180976966186,0.20073744946289865,0.18740264624595382,2.0845309712296034,0.9381360361563243,(truncamiento FPCA)
828,857,842,test,30,False,0.014177767886651729,0.11907043246184894,0.014251998282537226,0.09620204176196838,0.11175281479738208,0.4441180976966186,0.20212771630024395,0.18875582505233032,2.095592333390095,0.9385437886369358,(truncamiento FPCA)
829,858,843,test,30,False,0.01461484015065863,0.12089185311946636,0.01503801531233097,0.09804559131061594,0.11400469319055188,0.4441180976966186,0.2065973052807191,0.19283248447240925,2.097227527386454,0.9430304048519422,(truncamiento FPCA)
830,859,844,test,30,False,0.012921409213947585,0.11367237665302676,0.013635973334991986,0.09359853052904316,0.10881017445555162,0.3247438893880064,0.19680134078088163,0.18386559060003207,2.092903213752797,0.9572261763091616,(truncamiento FPCA)
831,860,845,test,30,False,0.012928946514984602,0.11370552543735332,0.013564768414378358,0.0934190639922755,0.10883829661834098,0.3247438893880064,0.19757589916735316,0.18464375755622295,2.103178061116964,0.9571944388780476,(truncamiento FPCA)
832,861,846,test,30,False,0.013406073454858284,0.11578459938548945,0.014052269546235332,0.09555590922827482,0.11123954982025079,0.3247438893880064,0.20170947511978274,0.1885062877833505,2.098456706466832,0.9607456467495602,(truncamiento FPCA)
833,862,847,test,30,False,0.01305073944077526,0.11423983298646431,0.01363384324193156,0.0942865081810775,0.10977521643319225,0.3247438893880064,0.19897725904932068,0.18588638767548066,2.099796194293392,0.9609189156132516,(truncamiento FPCA)
834,863,848,test,30,False,0.013243394813916261,0.11507994966073049,0.01356884320249607,0.09503565600963247,0.11060617117474496,0.3247438893880064,0.20039283193049753,0.18704078446084735,2.0965957877019528,0.9611246051186608,(truncamiento FPCA)
835,864,849,test,30,False,0.013584219361335184,0.11655135932856031,0.013366469284984108,0.09635079433404228,0.11216862013486033,0.3247438893880064,0.2041569342834964,0.1903553442002837,2.1109777295809224,0.962396498685657,(truncamiento FPCA)
836,865,850,test,30,False,0.013597766224984237,0.1166094602722448,0.013167003458858741,0.09663693081310672,0.11225878791941969,0.3247438893880064,0.20330076358735696,0.18965361294266483,2.088393532423441,0.9626902281970287,(truncamiento FPCA)
837,866,851,test,30,False,0.013649140958802349,0.11682953804069564,0.013743030787145338,0.09685862670284452,0.11245071622687464,0.3247438893880064,0.20357334131576416,0.1899488722152415,2.086473649911009,0.9625195657942625,(truncamiento FPCA)
838,867,852,test,30,False,0.013821304726753353,0.11756404521261317,0.0132746341287128,0.09753124523066227,0.11315189702260928,0.3247438893880064,0.20400392038620715,0.1904692389887147,2.0789658921000482,0.9624702588106374,(truncamiento FPCA)
839,868,853,test,30,False,0.013865453411698862,0.11775165991058836,0.013295645389424033,0.09795719729853829,0.11331009927768225,0.3247438893880064,0.2036288425151374,0.19020524029742827,2.0675604798403824,0.9622802715793671,(truncamiento FPCA)
840,869,854,test,30,False,0.01370077775567118,0.11705032146761143,0.013310869898758066,0.0970624093346403,0.11236292314186415,0.3247438893880064,0.20295701786083312,0.18930705760939073,2.079303176023744,0.9599539901558978,(truncamiento FPCA)
841,870,855,test,30,False,0.013553553700123507,0.11641973071659076,0.013068180013614462,0.0957956984839828,0.11084483892167209,0.3247438893880064,0.19997757984439246,0.18651376395749975,2.0735992398075767,0.9521138576716859,(truncamiento FPCA)
842,871,856,test,30,False,0.0134794412744201,0.11610099600959545,0.013062796027768159,0.09552539835012927,0.11054642348328748,0.3247438893880064,0.19949585276636583,0.18594511343947512,2.07341169387619,0.9521574084872718,(truncamiento FPCA)
843,872,857,test,30,False,0.014046860896684103,0.11851945366345604,0.013289719081779908,0.09726410565953698,0.11258829277373526,0.3247438893880064,0.20336492850701351,0.18964796656908153,2.077650299745102,0.9499562248526499,(truncamiento FPCA)
844,873,858,test,30,False,0.014147832020713211,0.11894465948798714,0.014401155825103843,0.09797490055218837,0.11338389603253915,0.3247438893880064,0.20447727662892434,0.1908099144024578,2.0738134686221255,0.9532491540235178,(truncamiento FPCA)
845,874,859,test,30,False,0.01394263998736645,0.11807895658146057,0.01408330204255951,0.09654367369486341,0.11188357231238008,0.3247438893880064,0.20239681719063135,0.18885083029471725,2.0911927783642885,0.9475318511575226,(truncamiento FPCA)
846,875,860,test,30,False,0.013763199277392656,0.11731666240305619,0.013924035866615659,0.0959053287822016,0.11124672444197597,0.3247438893880064,0.20164426085117831,0.18816163687748436,2.096219077295669,0.9482602229150863,(truncamiento FPCA)
847,876,861,test,30,False,0.013015940302747353,0.11408742394649532,0.013663582872347447,0.0924028202328598,0.10709870832029346,0.3247438893880064,0.19360064232780397,0.18080368762864468,2.0920759654205328,0.9387424539493553,(truncamiento FPCA)
848,877,862,test,30,False,0.01223888909320179,0.1106295127585844,0.013451872774910325,0.08951769756798786,0.10379180335460902,0.3247438893880064,0.18743413430263797,0.17489470612886607,2.0965993994220793,0.9381927188010254,(truncamiento FPCA)
849,878,863,test,30,False,0.01193133443055831,0.10923064785378832,0.013122753110644925,0.08851796831271908,0.1025218288926683,0.3247438893880064,0.18439790839256676,0.1721497537717919,2.0864997997255452,0.9385811666145185,(truncamiento FPCA)
850,879,864,test,30,False,0.011218000143610697,0.10591506098572902,0.011596646255031724,0.08620998534783783,0.09964518432826432,0.2962998032908946,0.17859563694084635,0.1667396827431736,2.0807030367245694,0.9408027848059352,(truncamiento FPCA)
851,880,865,test,30,False,0.010958171167672875,0.10468128375059639,0.011616598434893653,0.08521840858129798,0.09822758651244665,0.2962998032908946,0.17545494057833574,0.1640490804338851,2.0686752648865108,0.9383490820238152,(truncamiento FPCA)
852,881,866,test,30,False,0.011124262772271843,0.10547162069614671,0.012128732872483476,0.08590909387940253,0.09906171804952354,0.2962998032908946,0.17766399935140986,0.16607137758769813,2.079440727628563,0.9392262809245203,(truncamiento FPCA)
853,882,867,test,30,False,0.011154351721603074,0.10561416439854587,0.013787549133859954,0.08605649488770037,0.09922175785860897,0.2962998032908946,0.17779986811513707,0.16615289710541065,2.0776378314697497,0.9394739656717398,(truncamiento FPCA)
854,883,868,test,30,False,0.011230317518306766,0.10597319245123629,0.011847331720149743,0.08620611019909837,0.09959633074554537,0.2962998032908946,0.1789021744046139,0.16719158103269754,2.08663335839927,0.9398257091421942,(truncamiento FPCA)
855,884,869,test,30,False,0.012265824289293637,0.11075118188666719,0.012012211311890234,0.09024704400441474,0.10431821667716507,0.3367370723646781,0.18767893143583866,0.17526026281140794,2.0851433791442724,0.9419151552162662,(truncamiento FPCA)
856,885,870,test,30,False,0.013211766611876726,0.11494244912945228,0.012273869077137522,0.09283337748243926,0.10716924005377892,0.3367370723646781,0.1912509967916839,0.17895020519709884,2.0779653800505358,0.9323730342049794,(truncamiento FPCA)
857,886,871,test,30,False,0.013455381386216702,0.11599733353063207,0.01200099579268827,0.09375406568023896,0.10851033100361838,0.3367370723646781,0.19431201264620984,0.1816955719206714,2.0912122817872194,0.9354553910927913,(truncamiento FPCA)
858,887,872,test,30,False,0.013981334598503072,0.11824269363687158,0.012270551817757934,0.09524034521723808,0.11034221958328443,0.3367370723646781,0.19778979855422332,0.18536150663797715,2.0912096555282393,0.93318425172341,(truncamiento FPCA)
859,888,873,test,30,False,0.0141209811134736,0.11883173445453701,0.011732507110958586,0.09564764955059372,0.1108467509651853,0.3367370723646781,0.19886757760105658,0.1863889826773955,2.0921187949727478,0.9328042839229396,(truncamiento FPCA)
860,889,874,test,30,False,0.014237114721236217,0.11931938116348163,0.011615607911660325,0.09596791728703133,0.11146239618877657,0.3367370723646781,0.20073335948013468,0.1880288733512612,2.106579853422352,0.9341516449541415,(truncamiento FPCA)
861,890,875,test,30,False,0.015196535096254812,0.12327422721824223,0.012164199410907454,0.0982228852854963,0.11419663766048989,0.42059967478265115,0.2060126672028383,0.19280025674213974,2.106364295022032,0.9263626326232688,(truncamiento FPCA)
862,891,876,test,30,False,0.015165820903761873,0.12314958750950761,0.01209528359254907,0.09788677959783526,0.11408172779808902,0.42059967478265115,0.20653919958054326,0.19330136063091158,2.117603295020945,0.9263671125920863,(truncamiento FPCA)
863,892,877,test,30,False,0.014860126768878245,0.12190211962422247,0.011956915627590116,0.09588310517365255,0.11165306618033845,0.42059967478265115,0.20158400460736028,0.1887806510694466,2.10141104389598,0.9159239111224815,(truncamiento FPCA)
864,893,878,test,30,False,0.01457202781496542,0.12071465451619956,0.012037192747378106,0.09482659792249709,0.11032502773681618,0.42059967478265115,0.19880749755538707,0.1863043644811691,2.096313932199105,0.9139323488020328,(truncamiento FPCA)
865,894,879,test,30,False,0.014056869134182397,0.11856166806427108,0.012421872493437987,0.09219488511588775,0.107436689559723,0.42059967478265115,0.1939573118468296,0.18170001621803847,2.1086425766095362,0.9061671559941503,(truncamiento FPCA)
866,895,880,test,30,False,0.01399553804339629,0.11830273895137124,0.012690940657763203,0.09168122417522305,0.1069979298205315,0.42059967478265115,0.19406287474099806,0.1817209872183682,2.1274905204393533,0.9044416956780128,(truncamiento FPCA)
867,896,881,test,30,False,0.013726049521217427,0.11715822430037691,0.012626009824418874,0.09079578724800634,0.10587369008983685,0.42059967478265115,0.1915019230052966,0.17940493899504087,2.1206363166144686,0.9036812457859712,(truncamiento FPCA)
868,897,882,test,30,False,0.013292280932614423,0.11529215468805509,0.01217214582938175,0.08869087460823805,0.10372863355353959,0.42059967478265115,0.1891251310548016,0.17687819484853226,2.143778513762266,0.8997024457925796,(truncamiento FPCA)
869,898,883,test,30,False,0.012796454643540147,0.11312141549476892,0.011674446137204246,0.08674091563434803,0.10141652451184026,0.42059967478265115,0.18423432618954025,0.17244421551319142,2.1312638911228245,0.8965280717914113,(truncamiento FPCA)
870,899,884,test,30,False,0.013120046972495598,0.11454277354986477,0.011401337902741789,0.0879012647674537,0.10307442957237001,0.42059967478265115,0.1880952384361382,0.1760005495158957,2.1474616860364746,0.8998771932783507,(truncamiento FPCA)
871,900,885,test,30,False,0.013334167245127723,0.11547366472545904,0.012315823852125833,0.08963713327974851,0.10502289672390863,0.42059967478265115,0.19129173210418565,0.17913175266683756,2.1419013870353756,0.9094965243685881,(truncamiento FPCA)
872,901,886,test,30,False,0.01356851509589575,0.11648396926571376,0.012838797432949488,0.090155550661756,0.10590441329514959,0.42059967478265115,0.19454007589685968,0.18187135444502417,2.161131974008438,0.9091758631058412,(truncamiento FPCA)
873,902,887,test,30,False,0.012834722908242141,0.11329043608461457,0.011620519932079144,0.08763379686956792,0.10298885554038827,0.42059967478265115,0.18913428929456255,0.17669823141303737,2.155821622767852,0.9090692833371015,(truncamiento FPCA)
874,903,888,test,30,False,0.01385689523414549,0.11771531435690724,0.01222778969335298,0.09110017213909259,0.10683098292598019,0.42059967478265115,0.19510500162457117,0.18236018903441784,2.154007833883743,0.9075368273840201,(truncamiento FPCA)
875,904,889,test,30,False,0.014067404193009855,0.11860608834714116,0.012494286034492501,0.09241120911726375,0.10836041684698668,0.42059967478265115,0.19805774404294021,0.18510322109633248,2.1509728031668627,0.9136159733202984,(truncamiento FPCA)
876,905,890,test,30,False,0.014520021320818862,0.12049905111999373,0.012144927371271588,0.09368132305498524,0.109835209564667,0.42059967478265115,0.20073794775446505,0.18729361536225828,2.1501067101795757,0.9115026927082802,(truncamiento FPCA)
877,906,891,test,30,False,0.014763287202360566,0.12150426824750053,0.012402113065045663,0.09541626979599668,0.11190189070890334,0.42059967478265115,0.20474854905014103,0.19098615233369998,2.153933605629073,0.9209708623647901,(truncamiento FPCA)
878,907,892,test,30,False,0.014668932556893211,0.12111536878899065,0.012187463094660305,0.09477082890810772,0.11104450938652245,0.42059967478265115,0.20294775701399329,0.18929030136717762,2.1463484050407255,0.9168490382090664,(truncamiento FPCA)
879,908,893,test,30,False,0.014392693514591428,0.11996955244807504,0.012551596493263545,0.0929749870840224,0.10917965531638418,0.42059967478265115,0.2005014296208443,0.1869029394630007,2.1679306273608083,0.9100613704768056,(truncamiento FPCA)
880,909,894,test,30,False,0.015223751237660973,0.12338456644840542,0.014136851914144368,0.09576503717010236,0.1123979979763646,0.42059967478265115,0.20642400565855243,0.19233301641090542,2.1671556714154874,0.9109567040004556,(truncamiento FPCA)
881,910,895,test,30,False,0.015552174769045381,0.1247083588579586,0.014906425680087374,0.09736704876037083,0.11410799981907478,0.42059967478265115,0.20798932370595138,0.19402414016285363,2.151317561238309,0.9149988089334292,(truncamiento FPCA)
882,911,896,test,30,False,0.01545850902298835,0.12433225254530036,0.014847807085535972,0.09679614140213619,0.11366369465002003,0.42059967478265115,0.2079553440585965,0.19374290769907496,2.1647014216025013,0.9141931584373633,(truncamiento FPCA)
883,912,897,test,30,False,0.015846746391127656,0.12588386072538313,0.01531768919936255,0.09813773257857936,0.11527386639348022,0.42059967478265115,0.2113153082091629,0.19683700814133104,2.1710070627151645,0.9157160078284482,(truncamiento FPCA)
884,913,898,test,30,False,0.01617122733299645,0.12716614067037046,0.01996695485514957,0.09943208387696925,0.11655851645544393,0.42059967478265115,0.2132686819381596,0.19867158225380196,2.162188145077187,0.9165845235295554,(truncamiento FPCA)
885,914,899,test,30,False,0.015408398670257676,0.12413057105426396,0.01799376858408678,0.09711169374268493,0.11382341078328191,0.42059967478265115,0.20821055040096362,0.19411014981520153,2.1623047241712654,0.9169651747877946,(truncamiento FPCA)
886,915,900,test,30,False,0.014892771330323974,0.12203594278049387,0.01695632486238281,0.09546145156500417,0.11245280092341847,0.42059967478265115,0.20870325692723446,0.19389426958961137,2.1860841372854827,0.9214727920419922,(truncamiento FPCA)
887,916,901,test,30,False,0.01506134842562401,0.12272468547779623,0.01739460805769711,0.09629048377869005,0.1131473264628886,0.42059967478265115,0.20944835451076796,0.19470680241387905,2.1749892416235515,0.9219606147074592,(truncamiento FPCA)
888,917,902,test,30,False,0.014743482471809512,0.12142274281126049,0.017371037681071136,0.09579014204196903,0.11212672065457611,0.42059967478265115,0.20506826898671437,0.19058131957968158,2.1495901958903496,0.9234408485473424,(truncamiento FPCA)
889,918,903,test,30,False,0.01486103022911304,0.12190582524683978,0.01876537339600073,0.09626016335292052,0.11251397906977094,0.42059967478265115,0.20533077182124357,0.19076547736603303,2.1431317902595026,0.9229581838435378,(truncamiento FPCA)
890,919,904,test,30,False,0.01473674515864822,0.12139499643168256,0.0183594008443939,0.0957617354519775,0.11185001984918524,0.42059967478265115,0.20382114920168667,0.18941251321003863,2.138882030610082,0.9213725700147045,(truncamiento FPCA)
891,920,905,test,30,False,0.013701381909727823,0.11705290218413135,0.01743409748781616,0.09335905171650859,0.1088238077614842,0.3302385259980136,0.1978016811579604,0.183993537646351,2.1354276220411146,0.9296976472253351,(truncamiento FPCA)
892,921,906,test,30,False,0.013385626482176886,0.11569626822926005,0.016047206041763015,0.09230556570355654,0.10739488503603724,0.3302385259980136,0.19469136422450684,0.181092320589249,2.1277212835933956,0.9282484792268921,(truncamiento FPCA)
893,922,907,test,30,False,0.014245895539530633,0.1193561709319239,0.016264864707506498,0.09616327660021799,0.11193874887898321,0.3302385259980136,0.20353549535819873,0.18923485928619002,2.141474546528796,0.9378547251053213,(truncamiento FPCA)
894,923,908,test,30,False,0.014517238133747631,0.12048750198152351,0.016587504912146996,0.09725095590748371,0.1132010255627321,0.3302385259980136,0.20593839881370316,0.19146328217935546,2.142516299742138,0.9395250436853709,(truncamiento FPCA)
895,924,909,test,30,False,0.014826444091957094,0.1217638866493555,0.016761404189041713,0.09893645832218197,0.11522826904703219,0.3302385259980136,0.20990908259971952,0.1950889418830249,2.14188225112011,0.9463254846558572,(truncamiento FPCA)
896,925,910,test,30,False,0.016129779699561666,0.1270030696462163,0.018325122229711246,0.10282847743959245,0.12003877499125853,0.41241519937616933,0.2195527938930378,0.20399426495825873,2.1456578886573907,0.945164359614632,(truncamiento FPCA)
897,926,911,test,30,False,0.015972588554069293,0.12638270670494953,0.01770642106538087,0.10204152907719446,0.11916424888080963,0.41241519937616933,0.2180697785320224,0.20254711920752608,2.1468131236762504,0.942884133341186,(truncamiento FPCA)
898,927,912,test,30,False,0.016070869696856106,0.1267709339590748,0.018804848289963295,0.1027681642214812,0.11979150662751169,0.41241519937616933,0.21835928870983276,0.2029473721339459,2.1277593856775807,0.9449445774863798,(truncamiento FPCA)
899,928,913,test,30,False,0.015945446758752195,0.12627528166174168,0.016799596253098358,0.10165546243615815,0.11866429046854775,0.41241519937616933,0.21715302408691184,0.20170673470100545,2.1497901266781647,0.9397269909594677,(truncamiento FPCA)
900,929,914,test,30,False,0.015804069867421302,0.1257142389207416,0.017481262365653828,0.10124565766800164,0.11803918676638424,0.41241519937616933,0.21578230381279467,0.20072170919754803,2.1454726858945565,0.9389484260474567,(truncamiento FPCA)
901,930,915,test,30,False,0.016045310137382012,0.12667008382953732,0.016575260063678963,0.10211745757273642,0.11922261577109079,0.41241519937616933,0.21874860830434192,0.2035093965511642,2.158372753248805,0.9412057856654714,(truncamiento FPCA)
902,931,916,test,30,False,0.015703759872765358,0.12531464348896085,0.016419872958019763,0.10108602303129319,0.11786488600662627,0.41241519937616933,0.21572715564890677,0.2007991860440321,2.151087435179634,0.9405515806060539,(truncamiento FPCA)
903,932,917,test,30,False,0.015624406436972377,0.12499762572534079,0.017384315843041176,0.10061766243994323,0.11732924070469843,0.41241519937616933,0.21464580330274333,0.19984057938263786,2.1473021391726634,0.938651754574185,(truncamiento FPCA)
904,933,918,test,30,False,0.015865090579118744,0.12595670120767194,0.0177432139068223,0.10110887217994757,0.11793187581137007,0.41241519937616933,0.2164164183046123,0.20140638037656272,2.152184741156908,0.9362890158335373,(truncamiento FPCA)
905,934,919,test,30,False,0.016590319214310298,0.12880341305380963,0.0185977694100354,0.10368196554172145,0.12066368350517845,0.41241519937616933,0.22019146009748694,0.20496782313737646,2.1376172214311553,0.9368050166090655,(truncamiento FPCA)
906,935,920,test,30,False,0.015814345606352052,0.12575510171103219,0.018662254756143266,0.10115241079092883,0.11770696891667631,0.41241519937616933,0.21469829737578844,0.20006568626712784,2.1381302572488132,0.9360015404158364,(truncamiento FPCA)
907,936,921,test,30,False,0.016509225594275815,0.1284882313454264,0.01883554993898,0.10360206074220031,0.12038046937782533,0.41241519937616933,0.2188811820053686,0.2039571456902552,2.129107205515643,0.9368987970127456,(truncamiento FPCA)
908,937,922,test,30,False,0.017156391874604545,0.13098241055425933,0.02004355099231609,0.10638816062081566,0.12382757977583173,0.41241519937616933,0.22573504320154353,0.21072386493723733,2.136689447397022,0.9453756367122003,(truncamiento FPCA)
909,938,923,test,30,False,0.017556944798799934,0.13250262185632378,0.020092307510191088,0.1084345445357409,0.12625505871421458,0.41241519937616933,0.2304325597307589,0.21510633964153364,2.133297214107842,0.9528495130542881,(truncamiento FPCA)
910,939,924,test,30,False,0.016641440771495493,0.12900170840533662,0.019260664967061726,0.10508061648558904,0.12245066403152963,0.41241519937616933,0.22359773404381775,0.20870054544715372,2.1399338248503303,0.9492173828177303,(truncamiento FPCA)
911,940,925,test,30,False,0.016576769982235364,0.12875080575373252,0.018744270660171047,0.10458368130476448,0.12217559601027686,0.41241519937616933,0.22515683169974388,0.20967748232810995,2.1647248067700455,0.9489307293654351,(truncamiento FPCA)
912,941,926,test,30,False,0.016554477745189252,0.12866420537658968,0.01887278615973537,0.10447278760541577,0.12206071023097066,0.41241519937616933,0.22487367900638774,0.20954618536709357,2.164480002890235,0.9486765170912056,(truncamiento FPCA)
913,942,927,test,30,False,0.01595241901267305,0.1263028860029455,0.01810683252913069,0.10175759847351565,0.11902567485181798,0.41241519937616933,0.21953543250353952,0.20464060312053697,2.172850172686372,0.9423828593199539,(truncamiento FPCA)
914,943,928,test,30,False,0.015606792914477974,0.12492715042967231,0.01708769409830135,0.10048562616076206,0.11764082870588136,0.41241519937616933,0.21721933199552826,0.20287079226917246,2.1769588686205026,0.9416754348535887,(truncamiento FPCA)
915,944,929,test,30,False,0.015739862000083392,0.12545860671983963,0.01835804473156162,0.10090161260399928,0.1182586503876293,0.41241519937616933,0.21868103780532505,0.20406711355160942,2.1826438374769097,0.9426109015518681,(truncamiento FPCA)
916,945,930,test,30,False,0.01530160954946493,0.12369967481551812,0.017978304915909286,0.09981280827613231,0.1167458772078865,0.41241519937616933,0.2152792330281789,0.20110242931207642,2.1751197049698323,0.9437848351824505,(truncamiento FPCA)
917,946,931,test,30,False,0.015013701869957834,0.12253041202068095,0.01807996353132955,0.09856929692546786,0.11546745704318954,0.41241519937616933,0.21334971591210647,0.19941392295173718,2.1839297659552077,0.9423575350721967,(truncamiento FPCA)
918,947,932,test,30,False,0.014577534758152723,0.1207374621157523,0.016853701653377844,0.09668013767666846,0.11350139720581418,0.41241519937616933,0.21181985177802004,0.19749311491555133,2.2047608950339606,0.9400677736376399,(truncamiento FPCA)
919,948,933,test,30,False,0.014686178650711236,0.12118654484187276,0.017167223354712834,0.09683117445891164,0.11383550190247146,0.41241519937616933,0.2126913635777455,0.1983261951892472,2.2086306416179435,0.9393410964146794,(truncamiento FPCA)
920,949,934,test,30,False,0.014507793940920511,0.12044830401844814,0.01694433760677642,0.0957020451814525,0.1123988944093652,0.41241519937616933,0.20966917528905465,0.19562247039351835,2.196986941977696,0.9331712499011188,(truncamiento FPCA)
921,950,935,test,30,False,0.01442739344011444,0.1201140851029322,0.0165950075471421,0.09560735664201474,0.11206576839213858,0.41241519937616933,0.20765120455084468,0.19391682865235246,2.1796167490470997,0.9329943969194239,(truncamiento FPCA)
922,951,936,test,30,False,0.014537302853360887,0.1205707379647354,0.016968470470299767,0.0962305546483948,0.11262936407106383,0.41241519937616933,0.20747640279818166,0.1938987678951566,2.1636681813812912,0.934135147319126,(truncamiento FPCA)
923,952,937,test,30,False,0.014279355160349871,0.11949625584238976,0.017251627167868083,0.09557055700805056,0.11176905709740952,0.41241519937616933,0.2054616263813072,0.19211060177497477,2.1590096621039137,0.9353352229280549,(truncamiento FPCA)
924,953,938,test,30,False,0.014317112264968061,0.1196541360127934,0.017328872552607108,0.09570466198952761,0.11191583792757238,0.41241519937616933,0.20570611885089252,0.19237719879133228,2.158640478978112,0.9353277843701647,(truncamiento FPCA)
925,954,939,test,30,False,0.014282012361573736,0.11950737367030428,0.017579142417583474,0.09568837929104718,0.1117473210064943,0.41241519937616933,0.20504109614071714,0.191992976194035,2.151495150116118,0.9350663274952529,(truncamiento FPCA)
926,955,940,test,30,False,0.013508883010832877,0.11622772049228565,0.01640109593343552,0.09393213623498585,0.1095304208112953,0.35380801875406304,0.20039304043371645,0.18774185480064418,2.1481951162090267,0.9423777765525835,(truncamiento FPCA)
927,956,941,test,30,False,0.013444727414594747,0.11595140108939929,0.01708299808335053,0.09357960323526196,0.10907129708973894,0.35380801875406304,0.19891757392792667,0.18656498083423476,2.134715587954608,0.9406638994007864,(truncamiento FPCA)
928,957,942,test,30,False,0.013577728013376507,0.11652350841515419,0.01778053348314802,0.09392984850941481,0.10975031471606049,0.35380801875406304,0.20115852523587346,0.18858007431654122,2.1526750248700717,0.9418727277335153,(truncamiento FPCA)
929,958,943,test,30,False,0.013643183523638898,0.11680403898683854,0.021369242212817,0.09463177230794928,0.11042113122920538,0.35380801875406304,0.20164119937403865,0.18914701535344908,2.1302769820418335,0.945353706832412,(truncamiento FPCA)
930,959,944,test,30,False,0.01343176911642379,0.11589550947480144,0.021099880352417312,0.0937051814872496,0.1091784904662769,0.35380801875406304,0.19869735534855207,0.18616686749718528,2.1165094332963,0.9420424567011805,(truncamiento FPCA)
931,960,945,test,30,False,0.013160681430942518,0.1147200132101741,0.022070902383422547,0.09248812100487998,0.10781177657655576,0.35380801875406304,0.19610997744323413,0.1835237975797478,2.11981743203417,0.9397817657067209,(truncamiento FPCA)
932,961,946,test,30,False,0.012810208569004318,0.11318219192525085,0.021267730491886523,0.0901224661559536,0.1051130568023728,0.35380801875406304,0.1912813875039873,0.17909931905742013,2.1219711364082703,0.9287066720866551,(truncamiento FPCA)
933,962,947,test,30,False,0.01296132895918082,0.1138478324746713,0.02146557125949073,0.0907264886464406,0.10605550086654787,0.35380801875406304,0.19403609706888003,0.18151064020589686,2.1441774421614688,0.931554853186537,(truncamiento FPCA)
934,963,948,test,30,False,0.01155051561062116,0.1074733251119605,0.020321420546778372,0.08556524498160746,0.10027385513555,0.3232788671876874,0.18432121334558976,0.1724064083131623,2.1478047385240036,0.9330115638563294,(truncamiento FPCA)
935,964,949,test,30,False,0.011463361233917736,0.10706708753822407,0.020368320147367603,0.08538421075198371,0.10001731791138448,0.3232788671876874,0.18369503085797384,0.17194988137389833,2.145907475282951,0.9341555861008851,(truncamiento FPCA)
936,965,950,test,30,False,0.011448488741349107,0.10699761091421203,0.020650083535719208,0.0852907528262457,0.09993041337184667,0.3232788671876874,0.18359391566323674,0.17166005103991727,2.1473706132909314,0.9339499500784961,(truncamiento FPCA)
937,966,951,test,30,False,0.011708125400813311,0.10820409142363015,0.02131400721199936,0.0857753794057108,0.10064832345494142,0.3594589865514838,0.185662937691475,0.17391975233170065,2.1541066060540213,0.9301711435373814,(truncamiento FPCA)
938,967,952,test,30,False,0.011214252628421042,0.10589736837344468,0.02057704745527869,0.08413277972877461,0.09845753243377649,0.3594589865514838,0.18070923802528702,0.1689874440051237,2.1389143941173625,0.9297448458451604,(truncamiento FPCA)
939,968,953,test,30,False,0.01094421695251417,0.10461461156317586,0.017149608578290593,0.08306441100341774,0.0970842365135071,0.3594589865514838,0.1777918920249699,0.16625092361209018,2.1329427568753885,0.9280179418806976,(truncamiento FPCA)
940,969,954,test,30,False,0.01166451807444216,0.10800239846615518,0.017221397014490464,0.08570772633155228,0.10031011538796318,0.3594589865514838,0.184148781163012,0.17216258281192745,2.1342190029887944,0.928776738411022,(truncamiento FPCA)
941,970,955,test,30,False,0.012122912896217258,0.11010410026977768,0.01720513535578297,0.08695925876155039,0.10196749677914634,0.3594589865514838,0.18753450683153128,0.17540379558049135,2.1377810233874612,0.9261008130424299,(truncamiento FPCA)
942,971,956,test,30,False,0.011922334515781525,0.10918944324329859,0.016600743313221623,0.08588873977769128,0.10063606621339853,0.3594589865514838,0.18488712662712992,0.17292165749194724,2.1354671943114245,0.9216647985754336,(truncamiento FPCA)
943,972,957,test,30,False,0.0126208857101034,0.11234271542963255,0.016682007097158766,0.08873870921576292,0.10399371207243116,0.3594589865514838,0.1912911467085607,0.178780810078115,2.1331250838860982,0.9256827349661946,(truncamiento FPCA)
944,973,958,test,30,False,0.013326522791323875,0.11544055955912495,0.017328438376018065,0.09090526533223109,0.10648828385011228,0.3594589865514838,0.19590005352964765,0.18253216986222692,2.131683661219493,0.9224512100149028,(truncamiento FPCA)
945,974,959,test,30,False,0.013433987536207037,0.11590507985505656,0.01690862376058287,0.09123868871942901,0.1069234117421612,0.3594589865514838,0.19674427633880676,0.18342227429163757,2.132225089320433,0.9225084170242818,(truncamiento FPCA)
946,975,960,test,30,False,0.013316427608827298,0.11539682668439066,0.01825294783981921,0.09086946159146864,0.10640985077764897,0.3594589865514838,0.19543105763804752,0.1823027615529172,2.126786122336959,0.9221211174955357,(truncamiento FPCA)
947,976,961,test,30,False,0.013481447009698912,0.11610963357835091,0.018444597210651798,0.09171247492290437,0.10719422182340084,0.3594589865514838,0.19635071171609825,0.1831649834914991,2.1163255121455453,0.9232155723845779,(truncamiento FPCA)
948,977,962,test,30,False,0.01364236260678866,0.11680052485664891,0.0202877990986352,0.09241854866253577,0.10804797935423141,0.3594589865514838,0.1980340336223941,0.18492595729745806,2.117732054993466,0.9250641594876424,(truncamiento FPCA)
949,978,963,test,30,False,0.012862269655395409,0.11341194670490146,0.017711130938429794,0.08982542997739076,0.1047434174471539,0.3594589865514838,0.19100707751037735,0.17854640711760206,2.1014994238652336,0.9235659953858025,(truncamiento FPCA)
950,979,964,test,30,False,0.013606786763889824,0.11664813227776012,0.01831928675766765,0.09322287083255411,0.1085538939785265,0.3594589865514838,0.19745725108995996,0.18451527480824775,2.1000571226730083,0.9306097908197981,(truncamiento FPCA)
951,980,965,test,30,False,0.013531231103714434,0.11632382001857759,0.018482401100102568,0.09262300019378841,0.10821217758662521,0.3594589865514838,0.19840104515342064,0.18521610634044766,2.1230989340796436,0.9302667120916688,(truncamiento FPCA)
952,981,966,test,30,False,0.013464262883397408,0.11603561041075885,0.018339388350696748,0.09231693989571695,0.10788061159296669,0.3594589865514838,0.1980422317897064,0.18498246359509168,2.1249080302720955,0.9297198610932974,(truncamiento FPCA)
953,982,967,test,30,False,0.013187442351113288,0.11483658977483303,0.01831798775577624,0.0911656954422834,0.10672392704224745,0.3594589865514838,0.19648767917591994,0.18348101019817672,2.13461250165044,0.9293547226672912,(truncamiento FPCA)
954,983,968,test,30,False,0.013031250303713457,0.11415450189858242,0.017785676228056706,0.09063171736899371,0.10607930252324058,0.3594589865514838,0.19510350349432884,0.18240259900653533,2.1320506975016595,0.9292607891845033,(truncamiento FPCA)
955,984,969,test,30,False,0.013047454806348974,0.11422545603476036,0.017672990917922873,0.09064447324212192,0.10615811968393546,0.3594589865514838,0.19541590631537678,0.18244698732631978,2.1352863214664604,0.9293735684594693,(truncamiento FPCA)
956,985,970,test,30,False,0.012818652853071667,0.11321948972271367,0.01820743609255884,0.09010098931876327,0.10526210826795543,0.3594589865514838,0.19290998773473333,0.18018169499192113,2.122997072382544,0.9297172114602644,(truncamiento FPCA)
957,986,971,test,30,False,0.012966928919456956,0.11387242387627022,0.01854535627800296,0.09094907362804518,0.10622050265270958,0.3594589865514838,0.19466955126338004,0.18179056959808068,2.127759899642807,0.9328026842400846,(truncamiento FPCA)
958,987,972,test,30,False,0.013025104697120767,0.11412758079062557,0.018725290762538167,0.09135224616852652,0.10648017784054307,0.3594589865514838,0.19472250769240831,0.18184642219048755,2.1186266700537137,0.9329925080589226,(truncamiento FPCA)
959,988,973,test,30,False,0.012921458667038017,0.11367259417747981,0.018770394217010707,0.09011022099783915,0.10514563560575316,0.3594589865514838,0.1929344212130372,0.1800878344803975,2.139578676545403,0.9249866809724311,(truncamiento FPCA)
960,989,974,test,30,False,0.012863333627304886,0.11341663734789921,0.018712282103587725,0.0895771483973299,0.104653414756944,0.3594589865514838,0.19258384735283093,0.1797221079409509,2.1548728170145064,0.9227342407968372,(truncamiento FPCA)
961,990,975,test,30,False,0.01338589821897212,0.11569744257749226,0.01959842850844635,0.09172003267235104,0.10696005623565602,0.3594589865514838,0.19642754119680503,0.18332739656092048,2.1447644949512523,0.9244807305400542,(truncamiento FPCA)
962,991,976,test,30,False,0.013576688913459138,0.11651904957327423,0.020490738194122123,0.0933947296147996,0.1087952683760121,0.3594589865514838,0.19909847562600777,0.185887558251191,2.132324563855509,0.9337122880288776,(truncamiento FPCA)
963,992,977,test,30,False,0.013387986177794742,0.11570646558336635,0.019571502182412596,0.09243341981671577,0.1075470342143366,0.3594589865514838,0.1965454801580679,0.18361294046448462,2.1269139560400516,0.9294816298476347,(truncamiento FPCA)
964,993,978,test,30,False,0.013660817261386753,0.11687949889260628,0.018833389217245634,0.09426335602744898,0.10960783798605762,0.3594589865514838,0.19993290494256832,0.1867695119717584,2.1234673169917055,0.937784975334039,(truncamiento FPCA)
965,994,979,test,30,False,0.013612354478718967,0.11667199526329773,0.01840874821691146,0.09397937349148276,0.10945990507556537,0.3594589865514838,0.20070874376895306,0.1873307165903827,2.1327485571946903,0.9381849074282429,(truncamiento FPCA)
966,995,980,test,30,False,0.01360310820677644,0.1166323634621902,0.017447088025464318,0.0940725945541482,0.10940449388086632,0.3594589865514838,0.19938351233577797,0.18636108037958093,2.112106921124948,0.9380286108695121,(truncamiento FPCA)
967,996,981,test,30,False,0.012991812184015513,0.11398163090610483,0.016160822338708965,0.0923010242784423,0.10753585495138178,0.3350476463067138,0.19636053172985204,0.1830958136858734,2.119825553165884,0.9434489934607716,(truncamiento FPCA)
968,997,982,test,30,False,0.013416960167781851,0.11583160262977393,0.016687136810691772,0.09406508406780241,0.10948456571531304,0.3350476463067138,0.19933759332688536,0.1858962923027282,2.116729432163397,0.9452046179940411,(truncamiento FPCA)
969,998,983,test,30,False,0.013509429003550106,0.11623006927447865,0.01686231715952335,0.09459747071890184,0.11002342759419079,0.3350476463067138,0.20001777147105712,0.18662696685086527,2.1109322863955513,0.9466003787227313,(truncamiento FPCA)
970,999,984,test,30,False,0.013036195983266623,0.11417616206225634,0.015376390376419876,0.09326526278879763,0.1082501272536647,0.3350476463067138,0.1961622747971536,0.18326629034974287,2.1034807833931115,0.948097442569839,(truncamiento FPCA)
971,1000,985,test,30,False,0.012347352572079731,0.11111864187470855,0.014354784897609664,0.09116164402595803,0.10538355314358615,0.3350476463067138,0.18960922391888738,0.17730066730727692,2.0828017851158487,0.9483876995401997,(truncamiento FPCA)
