{
  "mse": 4.516126135198067,
  "rmse": 2.125117910892962,
  "mae": 1.4885769565354763,
  "r2": 0.739908433279864,
  "mape": 147.87373919082043
}