{
  "mse": 2.951751927580312,
  "rmse": 1.7180663338708178,
  "mae": 1.2145187957548143,
  "r2": 0.8300034674784666,
  "mape": 145.57101756466727
}