{
  "mse": 3.3833614009143473,
  "rmse": 1.839391584441537,
  "mae": 1.2432446100026346,
  "r2": 0.8051463264753006,
  "mape": 141.90159384666669
}