{
  "mse": 0.3767132882848914,
  "rmse": 0.6137697355563334,
  "mae": 0.46131674945097656,
  "r2": 0.865135756917703,
  "mape": 4.650671471604307
}