t_ini,t_fin,t_centro,bloque,n_ventana,cruza_T0,mise,rmse_f,mise_rel,mae_f,l2_medio,linf_max,linf_medio,q95_abs,razon_linf_l1,razon_agregacion,modelo
3,42,22,train,40,False,0.5784040315702894,0.7605287841826168,0.7371016241778301,0.6063191245224451,0.7346830131013371,2.38474494926861,1.4920997187818172,1.3838929671216533,2.486221348133372,0.9660160514383981,FAR
4,43,23,train,40,False,0.5575195304336236,0.7466723045845638,0.7174457325423071,0.5947527931939651,0.7224198596997444,2.38474494926861,1.47617030257553,1.3665508118378544,2.50165586111749,0.9675192922840321,FAR
5,44,24,train,40,False,0.5561538434971058,0.7457572282566933,0.7197759580878682,0.5936169271508664,0.7211898844323231,2.38474494926861,1.4707343292672141,1.362996697253212,2.4970696436108732,0.9670571830972398,FAR
6,45,25,train,40,False,0.5490262963414472,0.7409630870302832,0.7190433860150461,0.5887844251655671,0.715932566140361,2.38474494926861,1.4686706090287518,1.358713935535375,2.5207891271502287,0.9662189367755925,FAR
7,46,26,train,40,False,0.553975727136781,0.7442954568830721,0.7211229858328086,0.5926009063349954,0.7201747485962751,2.38474494926861,1.4798192247442998,1.3680143463240073,2.523390143241656,0.9675925627870837,FAR
8,47,27,train,40,False,0.5567928658100536,0.7461855438227503,0.724776087315415,0.5952795493831707,0.7231368287490435,2.38474494926861,1.4869949448841422,1.3735218524904915,2.5276065875731497,0.9691112816852134,FAR
9,48,28,train,40,False,0.5366602534623007,0.7325709886845784,0.7100994452132626,0.5862002918787759,0.7096979650660226,2.38474494926861,1.4500518657074584,1.3394391185329861,2.5008057765762226,0.9687770550951967,FAR
10,49,29,train,40,False,0.5413635016950669,0.7357740833265785,0.7063305090681562,0.5881333680089547,0.7128676731694856,2.38474494926861,1.4466936233034455,1.3388785484690509,2.4871518804887858,0.9688676039613566,FAR
11,50,30,train,40,False,0.5463701089345285,0.7391685253949389,0.6915323605929956,0.5909912424897736,0.7157856911980147,2.38474494926861,1.4530319619078935,1.344406116678205,2.484924933088338,0.9683660310286741,FAR
12,51,31,train,40,False,0.5448922136190569,0.7381681472530882,0.6762662138901991,0.5914415693598476,0.714714638890914,2.38474494926861,1.44678754408424,1.3380278682202627,2.472007157602036,0.9682274174936284,FAR
13,52,32,train,40,False,0.5411295614795949,0.7356150905735926,0.6738176106853165,0.5873863502255151,0.7100207471600986,2.38474494926861,1.4394675236476246,1.3316609934738515,2.480207331349611,0.9652068809606162,FAR
14,53,33,train,40,False,0.562148297025666,0.7497654946886166,0.6908208179982349,0.597815463774215,0.7217861461034318,2.38474494926861,1.464533030094996,1.354927815578429,2.4801332588861547,0.9626825336943456,FAR
15,54,34,train,40,False,0.539332668490282,0.734392720885959,0.683846872922279,0.5839369701898274,0.7052272817606668,2.38474494926861,1.4321705686969912,1.3237830656470175,2.4888535420121096,0.9602863178026773,FAR
16,55,35,train,40,False,0.5577875253496035,0.7468517425497536,0.6987299742150025,0.5948079666471076,0.7151800797393747,2.38474494926861,1.4406081735510914,1.3338295004028906,2.470027835141091,0.957593105825459,FAR
17,56,36,train,40,False,0.5699021117063847,0.7549186126374052,0.6864214489963719,0.6013308467575058,0.7218293145924808,2.38474494926861,1.4488068525338536,1.3433271906534467,2.4607214795236625,0.9561683902198109,FAR
18,57,37,train,40,False,0.5615376011691977,0.749358126111406,0.6825591900561867,0.596302941670299,0.7139613015266371,2.38474494926861,1.4252511828908183,1.3234486157383156,2.436243581522555,0.9527638076490192,FAR
19,58,38,train,40,False,0.5653436136501471,0.751893352577443,0.6801461857429876,0.5984646129867912,0.7164878484165448,2.38474494926861,1.4367808165117828,1.3330599611716194,2.4454415452021188,0.9529115345420591,FAR
20,59,39,train,40,False,0.549625829005683,0.7413675397572267,0.690556045865029,0.588695396698845,0.7042813074660292,2.38474494926861,1.4164139642685813,1.3125331055092606,2.4536415114845664,0.9499759157201003,FAR
21,60,40,train,40,False,0.54634597827031,0.7391522023712774,0.6831877346603239,0.586197459450772,0.702211726449048,2.38474494926861,1.4126610441874945,1.310812619552994,2.456016755446914,0.9500231808770635,FAR
22,61,41,train,40,False,0.568413477771805,0.753932011372249,0.6817147103563475,0.5953131566113213,0.7154141872300743,2.38474494926861,1.4422118681261182,1.339784534295133,2.4666929669649127,0.9489107458481999,FAR
23,62,42,train,40,False,0.5663237471034093,0.7525448472372988,0.6601385828647997,0.5922069282390465,0.7137797195803416,2.38474494926861,1.4486033660802973,1.3451580713311961,2.493087601955975,0.948487950187594,FAR
24,63,43,train,40,False,0.5882559629204035,0.7669784631398743,0.6363913285503541,0.6027304514116152,0.725633252742654,2.38474494926861,1.464640900671783,1.362265557775745,2.4822970870798344,0.9460933880360078,FAR
25,64,44,train,40,False,0.5915404584723445,0.7691166741609133,0.6041225990496442,0.6034537600814334,0.727679538869532,2.38474494926861,1.465733240080514,1.3648474433678444,2.481633048795145,0.9461237329998231,FAR
26,65,45,train,40,False,0.5935352027049114,0.7704123588734227,0.6011849625159336,0.6026753632668725,0.7290802024073302,2.38474494926861,1.4768552355440239,1.37436781848746,2.504633687523043,0.9463506056334133,FAR
27,66,46,train,40,False,0.5853104182556018,0.7650558268882094,0.5711255217712393,0.597168458800056,0.7229725127015272,2.38474494926861,1.4641631421995074,1.363600792848584,2.5077879551499995,0.9449931459801411,FAR
28,67,47,train,40,False,0.581546622290816,0.7625920418485994,0.5528235438891783,0.5942578613717706,0.719282845147067,2.38474494926861,1.4531298072244303,1.3528576820348333,2.4983454703511754,0.9432079089147762,FAR
29,68,48,train,40,False,0.5661585533769986,0.752435082500144,0.5321068834044508,0.5812087269377629,0.7056933086124104,2.38474494926861,1.4351761542953034,1.334639368742717,2.519548679872151,0.9378793267687321,FAR
30,69,49,train,40,False,0.5618049055820077,0.7495364604754112,0.5145269137061853,0.5792088505021011,0.7036899463256494,2.38474494926861,1.422407578091944,1.3234553505616629,2.5104237355059977,0.9388335103529419,FAR
31,70,50,train,40,False,0.6034771059849964,0.7768378891280963,0.5504427459707311,0.6033477809925134,0.7308910232126958,2.38474494926861,1.464988320996099,1.3645935652604655,2.4977788540499697,0.9408539843918143,FAR
32,71,51,train,40,False,0.5868580600435502,0.7660666159307232,0.556776513964218,0.5963435183651844,0.7205412007302291,2.38474494926861,1.4413707672040459,1.342045331478384,2.4853287147196155,0.9405725112493205,FAR
33,72,52,train,40,False,0.6091693723015699,0.7804930315522169,0.5790258128096851,0.6038909710482135,0.7319739754365916,2.4946187182422204,1.467260901899433,1.3653629229378335,2.4941563202864643,0.9378353756482203,FAR
34,73,53,train,40,False,0.6225703437317897,0.7890312691723882,0.5718295510594569,0.6105775758732268,0.738657534769567,2.4946187182422204,1.474826366171489,1.3751389729729964,2.488131646887786,0.9361574929018237,FAR
35,74,54,train,40,False,0.640056278352773,0.800035173197262,0.5814472576257395,0.6177620548205963,0.7473154377965544,2.4946187182422204,1.490762350686588,1.391672057463418,2.4868881378997694,0.9341032279993161,FAR
36,75,55,train,40,False,0.6350640569920072,0.79690906444337,0.568986143473637,0.6142385846511514,0.742383823886964,2.4946187182422204,1.48144124137997,1.3827862851511417,2.487603931008699,0.9315790935387451,FAR
37,76,56,train,40,False,0.6395601055704327,0.799725018722331,0.5666730463755589,0.6164320897163327,0.7452508470555758,2.4946187182422204,1.4872789317804809,1.3872179430314489,2.488489206321456,0.9318838720917033,FAR
38,77,57,train,40,False,0.6498495779744784,0.8061324816520411,0.5745688113420869,0.6223224878802484,0.7519038707776179,2.4946187182422204,1.4949061244180373,1.3947548625795005,2.4762106318518606,0.9327299022075252,FAR
39,78,58,train,40,False,0.6424418616284756,0.8015247105538765,0.5761601299538592,0.6187304591579375,0.7461129148230976,2.4946187182422204,1.4817747070835146,1.3820946061732151,2.4673804297271174,0.9308670150761943,FAR
40,79,59,train,40,False,0.6242557992760452,0.7900986009834755,0.5739516642876924,0.6124852445862263,0.7355916481689538,2.4946187182422204,1.4538347281409407,1.3570450483751724,2.4502630435807324,0.9310124676253392,FAR
41,80,60,train,40,False,0.6309021459653724,0.794293488557833,0.5773918369631277,0.6161293369711179,0.7409827614467187,2.4946187182422204,1.4690725782879883,1.3693580149928952,2.4624001184967805,0.9328828350237285,FAR
42,81,61,train,40,False,0.6189929418990847,0.7867610449806757,0.5842757624732369,0.6128143441796581,0.7333149121229388,2.4946187182422204,1.4387932275651483,1.3424470912118314,2.4274493434224054,0.9320681505538322,FAR
43,82,62,train,40,False,0.6340649564602763,0.7962819578894629,0.5995089156926977,0.623544563095308,0.7456034408534079,2.4946187182422204,1.4572391737998107,1.3593722784418718,2.4018816348307697,0.9363560651676978,FAR
44,83,63,train,40,False,0.6390251087033478,0.799390460728265,0.5991728125888627,0.6274515714466633,0.7492545163940483,2.4946187182422204,1.4568781149168855,1.36026046464806,2.385512683885003,0.9372822834431354,FAR
45,84,64,train,40,False,0.6431834429898148,0.8019871838064588,0.5915961502962677,0.6321527080138226,0.752720444735491,2.4946187182422204,1.4573608028603793,1.3621233266561052,2.363365122958508,0.9385691691017631,FAR
46,85,65,train,40,False,0.6621256467358553,0.8137110339278036,0.5897383350032853,0.6434271682857972,0.7644516024665826,2.4946187182422204,1.4635237919724349,1.3702344286940822,2.3257135642985443,0.9394632376761016,FAR
47,86,66,train,40,False,0.6621558683964069,0.8137296039818184,0.594678906259314,0.6428389179446998,0.7644742013229189,2.4946187182422204,1.4649308633807283,1.3731466099100023,2.3312378754348395,0.9394695702136456,FAR
48,87,67,train,40,False,0.6728590743858283,0.8202798756435685,0.6027460107656529,0.6487935770982396,0.7722311172293854,2.4946187182422204,1.4801967316322007,1.389248923982697,2.3351246008441815,0.9414239458495975,FAR
49,88,68,train,40,False,0.7289312323947821,0.8537746965065093,0.631933792160223,0.6694083748611542,0.7995431904587227,3.500287558932003,1.549121470048749,1.4545165553097967,2.3617006629777455,0.9364803076623235,FAR
50,89,69,train,40,False,0.720235781642177,0.8486670617162994,0.6275382447947069,0.6655877425241606,0.7931194906731824,3.500287558932003,1.5387006497430875,1.441979774959123,2.357781981370534,0.9345472759001858,FAR
51,90,70,train,40,False,0.7109068327931332,0.843152911868976,0.641145640106077,0.6615623623182348,0.7872857093781347,3.500287558932003,1.5199291361439962,1.4259820097075733,2.3443360037861427,0.9337401298099023,FAR
52,91,71,train,40,False,0.7053381803492813,0.839844140510179,0.6549332946220833,0.6564592782638183,0.782409287297898,3.500287558932003,1.5188599720986335,1.4234215142366395,2.3705223979623744,0.9316124856483596,FAR
53,92,72,train,40,False,0.7113151437528884,0.8433950105098372,0.6611112139991048,0.6625260725675449,0.7891687941899255,3.500287558932003,1.5290657763521898,1.4324430997142996,2.3587396714406723,0.9357048409770272,FAR
54,93,73,train,40,False,0.6860708220993944,0.8282939225295538,0.6757763518547222,0.6490535620286049,0.7737967298913514,3.500287558932003,1.499452419467863,1.4043456357137865,2.3655433068373726,0.9342054901576826,FAR
55,94,74,train,40,False,0.7130806714061946,0.8444410408111359,0.700373109897022,0.663462936560341,0.7923345935985282,3.500287558932003,1.5323613857159342,1.4359977828675994,2.355910684911069,0.9382947480115884,FAR
56,95,75,train,40,False,0.6884121915703837,0.8297060874613272,0.6774186641662341,0.6474381425595269,0.7774450906151873,3.500287558932003,1.521708117246799,1.4240044299546977,2.403037022207652,0.9370126390104666,FAR
57,96,76,train,40,False,0.6958209648820388,0.8341588367223828,0.6930318280852005,0.6514500592149173,0.7807803737275811,3.500287558932003,1.5214827898452659,1.4236591672098686,2.3945909697775347,0.936009233919359,FAR
58,97,77,train,40,False,0.6970684361751738,0.8349062439430991,0.69012094447131,0.6519419341659486,0.7823204859814025,3.500287558932003,1.5288567594661964,1.4296858384286615,2.412652027139242,0.9370159723403859,FAR
59,98,78,train,40,False,0.6933200618586133,0.8326584304855222,0.6905015335700699,0.6499861747344691,0.7798349048029556,3.500287558932003,1.516459945025649,1.4195173556947478,2.401046005922654,0.9365603904931756,FAR
60,99,79,train,40,False,0.6984789436016495,0.8357505271321398,0.6908720027333212,0.6535041249796708,0.7849693098131928,3.500287558932003,1.5297551721484546,1.4314694795772316,2.4092363248890387,0.9392387851752823,FAR
61,100,80,train,40,False,0.7025283052976963,0.8381696160668771,0.6846569806881276,0.6562307715494906,0.7874953487026335,3.500287558932003,1.5409456314415355,1.439572918741243,2.416216108355075,0.9395417509858764,FAR
62,101,81,train,40,False,0.6958817164950715,0.8341952508226546,0.6951513467899028,0.6545592458973909,0.7842863048342197,3.500287558932003,1.5269886189177941,1.4272667723995522,2.4044592854370785,0.9401711458567806,FAR
63,102,82,train,40,False,0.6925469399626005,0.8321940518668711,0.7031048958858,0.6524674681785985,0.7812293508694907,3.500287558932003,1.516127896969822,1.4178676467451399,2.392807439415931,0.9387586334184309,FAR
64,103,83,train,40,False,0.6806029432583734,0.8249866321694997,0.7190469637952022,0.6469574399023713,0.7755323145737294,3.500287558932003,1.5110797740699582,1.4112531733026028,2.401331130758033,0.9400544012868204,FAR
65,104,84,train,40,False,0.6842159365632147,0.8271734621971468,0.7624808746970739,0.6477897968195704,0.7775750961625645,3.500287558932003,1.525615747434136,1.424228246224217,2.418381055844246,0.9400387363699524,FAR
66,105,85,train,40,False,0.6896540671195306,0.8304541330618631,0.7788279397186896,0.6530467861733097,0.7809426302484124,3.500287558932003,1.5261258797385286,1.4237019396208395,2.3985634615799905,0.9403802078377248,FAR
67,106,86,train,40,False,0.6926243819077886,0.8322405793445719,0.8197738961315558,0.6558358554132909,0.7834153594079514,3.500287558932003,1.5269858244175363,1.4248995966675975,2.3865386024577675,0.9413328055031003,FAR
68,107,87,train,40,False,0.6968616518819077,0.8347823979229004,0.8522022062889829,0.6580620110536785,0.787505029466755,3.500287558932003,1.5403987421435614,1.4370527315081858,2.4048647392179303,0.9433656380707348,FAR
69,108,88,train,40,False,0.7105075910277636,0.8429161233644564,0.8877778381615149,0.6690820490184326,0.8000279093866001,3.500287558932003,1.5590962792768575,1.4548535270482226,2.390042284350239,0.9491192388079253,FAR
70,109,89,train,40,False,0.7164063449451408,0.8464079069486182,0.961545651189488,0.6718864031651463,0.8027088287695776,3.500287558932003,1.5627711872607724,1.459023824294685,2.3889007871026506,0.9483711366348407,FAR
71,110,90,train,40,False,0.6873650116487913,0.8290747925542009,0.9340695313367784,0.6585767146670671,0.7885745840619327,3.500287558932003,1.5480273924462005,1.4447010928924633,2.40516241131323,0.9511501147351304,FAR
72,111,91,train,40,False,0.680908828453698,0.8251719993151113,0.9260899300490283,0.6519179630216133,0.7814565552267908,3.500287558932003,1.5368196502589395,1.4337120422898244,2.4118132302222297,0.9470226278586718,FAR
73,112,92,train,40,False,0.7066582066094539,0.8406296488998315,0.9390108898141797,0.6641913423947565,0.7907208983368564,3.500287558932003,1.5426336723376448,1.4407263318643895,2.3924394279639203,0.9406293239498599,FAR
74,113,93,train,40,False,0.689823917541234,0.8305563903439874,0.9706105030122323,0.6564866427742712,0.7819624865986032,3.500287558932003,1.5288130343839448,1.4249755139653744,2.3926607946471266,0.9414923486107208,FAR
75,114,94,train,40,False,0.6737990765356988,0.8208526521463513,0.9476831901460218,0.6491853504405514,0.774160245013146,3.500287558932003,1.5177005118120046,1.4141928655591145,2.401270450498931,0.9431171879494878,FAR
76,115,95,train,40,False,0.6851388738257519,0.827731160356883,0.9541910501938692,0.657634099096789,0.7836520272951454,3.500287558932003,1.533236217152546,1.4286944768795606,2.389849160763487,0.9467470415844529,FAR
77,116,96,train,40,False,0.6986385443297927,0.835846005152739,0.9939747703107898,0.6661317669153021,0.7905446135454299,3.500287558932003,1.5396849252087936,1.4353466946715592,2.3760666669748938,0.9458017489728495,FAR
78,117,97,train,40,False,0.7066608170567216,0.8406312015722005,0.9870669682160695,0.6714133274513083,0.7946061756418814,3.500287558932003,1.5408942083509154,1.4364639735652243,2.3643032166903537,0.9452494436986872,FAR
79,118,98,train,40,False,0.7111636926006485,0.8433052191233306,0.988190990944839,0.6743941297164733,0.7983651281791129,3.500287558932003,1.5478010149686576,1.442361858458875,2.3649390463771893,0.9467095780683823,FAR
80,119,99,train,40,False,0.7094120964195321,0.8422660484784674,0.9742692046568804,0.6730340570285198,0.7969657302897801,3.500287558932003,1.5473473034169076,1.4429226290961474,2.36998733816484,0.9462161412412133,FAR
81,120,100,train,40,False,0.7064569496910185,0.8405099343202426,0.9606003003733271,0.67096096928543,0.7947954912521558,3.500287558932003,1.5398447435543905,1.438142520385973,2.3662608121822606,0.9456110615693578,FAR
82,121,101,train,40,False,0.7190190681345132,0.8479499207703916,0.9516959564140881,0.6772970341516578,0.8028117870564397,3.500287558932003,1.5572076337066356,1.4557581074624202,2.3726094233844472,0.9467679250763509,FAR
83,122,102,train,40,False,0.7425151592558389,0.8616931932282156,0.9930582516937841,0.6893319978043524,0.8137183205017934,3.500287558932003,1.5707477726465189,1.4701141586569482,2.3599311517879515,0.944324879082901,FAR
84,123,103,train,40,False,0.7414172659463109,0.8610559017545324,1.0024534164220211,0.6882336931042184,0.8129738908353866,3.500287558932003,1.5702114880598526,1.4693843409603555,2.362651883011658,0.9441592458501575,FAR
85,124,104,train,40,False,0.7522338035004392,0.8673141319616782,0.9952478079456446,0.6907665776874418,0.8197024562738792,3.500287558932003,1.5952967895825245,1.4920134294500365,2.390977443732148,0.945104462232027,FAR
86,125,105,train,40,False,0.753948133376313,0.8683018676568149,0.9784358373905736,0.6914141774787644,0.8205125009690246,3.500287558932003,1.6083005816937508,1.5021608324748168,2.403876410093237,0.9449622666173069,FAR
87,126,106,train,40,False,0.7498686385844987,0.8659495589146626,0.9573529014324921,0.6879482079033548,0.8171200303966379,3.500287558932003,1.5990290226895936,1.4926377713474346,2.4055299806558317,0.9436115787399614,FAR
88,127,107,train,40,False,0.743402028344365,0.8622076480433034,0.9115222327383024,0.6848781159941891,0.81286546153603,3.500287558932003,1.5885590343759306,1.482599205840614,2.399527215140732,0.9427722699755091,FAR
89,128,108,train,40,False,0.7264606990358963,0.8523266386989768,0.8659663792154687,0.6835254692550087,0.807049411393737,2.727179601390435,1.5564504043385619,1.4533783421222828,2.3759403867979905,0.9468780802459105,FAR
90,129,109,train,40,False,0.7216260766472459,0.8494857718921759,0.8560142009168253,0.6778245262694295,0.8015299683780788,2.727179601390435,1.55185178612599,1.4501531792610867,2.4039073602540046,0.9435472551738229,FAR
91,130,110,train,40,False,0.7250107681779714,0.8514756415646729,0.8287658471469224,0.6795415980716053,0.803850483468324,2.727179601390435,1.556989265617179,1.4538723181181061,2.4060617839552783,0.9440675037880909,FAR
92,131,111,train,40,False,0.7322267561954028,0.8557024928065845,0.8297291072725839,0.6853391465067455,0.8099166597403101,2.727179601390435,1.5653299392216498,1.4623337527375768,2.38950310358709,0.946493280724118,FAR
93,132,112,train,40,False,0.7309276670383034,0.8549430782445714,0.8320251573966352,0.6843060478699281,0.8087438787667203,2.727179601390435,1.5596366146943919,1.459017343839148,2.3819739121003005,0.9459622509925333,FAR
94,133,113,train,40,False,0.7290679415689972,0.8538547543751204,0.8312864593652884,0.6829220496075011,0.8067841006880208,2.727179601390435,1.555184359617175,1.4554345295834057,2.3799004562992296,0.9448727626731463,FAR
95,134,114,train,40,False,0.7131719025876686,0.8444950577639093,0.8351175351369173,0.6752608198500613,0.7982190697367983,2.727179601390435,1.5399430674701016,1.4424448801250533,2.386592876736733,0.9452027722345202,FAR
96,135,115,train,40,False,0.7269607731667895,0.852619946498315,0.8624114864607156,0.6834027131475948,0.8077725806169973,2.727179601390435,1.5593102350434447,1.4606602179428343,2.3716309086126754,0.9474005199321169,FAR
97,136,116,train,40,False,0.7111286737817545,0.8432844560299653,0.8249063085449451,0.6738704090767083,0.8000310335331434,2.727179601390435,1.559392898868423,1.4594383151005714,2.3976559194102776,0.9487083840007542,FAR
98,137,117,train,40,False,0.7305034472729064,0.8546949439846397,0.8189218895003468,0.6847355013353885,0.8136935819177478,2.727179601390435,1.5912106666403427,1.4902805062320306,2.3992421855028927,0.9520280746300649,FAR
99,138,118,train,40,False,0.7295999163470526,0.8541662111949012,0.8184693742895601,0.6853475335798354,0.8130400247712724,2.727179601390435,1.5856762190752018,1.4851603754768345,2.3875623475467096,0.9518522438787446,FAR
100,139,119,train,40,False,0.7301942949253138,0.8545140694718337,0.8174244588376808,0.6855726014427341,0.8135234633969205,2.727179601390435,1.5853925637438322,1.4853685551360225,2.3855476623865473,0.9520305077010036,FAR
101,140,120,train,40,False,0.7262062798046258,0.8521773757878262,0.8028802851940092,0.6830187902863353,0.811038223261928,2.727179601390435,1.579831818885302,1.479959939083646,2.3867521028298713,0.9517246600358693,FAR
102,141,121,train,40,False,0.7081481888351681,0.8415154121198066,0.7790980518260282,0.6723594183123366,0.7985142860469641,2.727179601390435,1.5608047072291207,1.4609059749245865,2.397381280997312,0.9489003701494649,FAR
103,142,122,train,40,False,0.7153645185442112,0.8457922431331534,0.7832048277736811,0.6786494216702575,0.8044899052958641,2.727179601390435,1.5652971992793812,1.4655815042717013,2.379328685001262,0.951167277576005,FAR
104,143,123,train,40,False,0.708427926032128,0.8416816060911204,0.7695016262491523,0.6756046424404044,0.8004239250812407,2.727179601390435,1.5562988147824173,1.457732942611622,2.376958581406792,0.9509818431206002,FAR
105,144,124,train,40,False,0.6938992969711498,0.8330061806320226,0.7675173250183129,0.6683358880139603,0.7904002158614969,2.727179601390435,1.5257823353792048,1.4300303244816792,2.355081744992664,0.9488527627271632,FAR
106,145,125,train,40,False,0.7021480328532435,0.8379427384095189,0.7664760270801697,0.6730106194150135,0.7946935173657128,2.727179601390435,1.525454006793232,1.4322043683735817,2.3440029348091818,0.9483864242013762,FAR
107,146,126,train,40,False,0.699678873556841,0.8364680947632378,0.7323168852489494,0.6711887924473497,0.7926681625328063,2.727179601390435,1.520859441750034,1.4272693301819062,2.3427807906294227,0.9476370557291499,FAR
108,147,127,train,40,False,0.7351098567791303,0.8573854773549237,0.6773209620192571,0.6893471279463231,0.8109986631705203,2.727179601390435,1.5393585938770247,1.448275263914694,2.3137602601058305,0.9458973642433168,FAR
109,148,128,train,40,False,0.7445358000610677,0.8628648793762947,0.6307467540213759,0.6937930379311232,0.8162351388703677,2.727179601390435,1.5505991357267839,1.458281496929186,2.316450789266176,0.9459593945466497,FAR
110,149,129,train,40,False,0.7382960551381588,0.8592415580837316,0.5877826383210801,0.6884548322812527,0.8133907921280688,2.727179601390435,1.560419179156742,1.464645733317754,2.338976055915844,0.9466380955107448,FAR
111,150,130,train,40,False,0.7373762296167978,0.8587061369390566,0.5631384211797897,0.688752083415395,0.8127625733694487,2.727179601390435,1.5552195901263572,1.4594817357548304,2.329493628941534,0.9464967564650483,FAR
112,151,131,train,40,False,0.7481499588956861,0.8649566225514931,0.5492807628887809,0.698713179957984,0.8231456761303424,2.727179601390435,1.573990564186984,1.4761183017811499,2.324597826113232,0.9516612216947774,FAR
113,152,132,train,40,False,0.7039656740102748,0.8390266229448711,0.5287437620388011,0.6805692108721914,0.8048840512141062,2.274009487838465,1.5476937388612586,1.4494824811772236,2.337273617111132,0.9593069268637401,FAR
114,153,133,train,40,False,0.7194161288758842,0.8481840182860582,0.5370756298415156,0.6862070242701102,0.8130268185521782,2.274009487838465,1.5650373480877426,1.4672567727712016,2.344766711690351,0.9585500328042931,FAR
115,154,134,train,40,False,0.7080577866239736,0.8414616964686946,0.537234449305914,0.6808728943166878,0.8050412899887125,2.274009487838465,1.5435537447065808,1.4468403013470936,2.329806044615533,0.9567176894292097,FAR
116,155,135,train,40,False,0.7102826681319968,0.8427826933035566,0.5424760640195604,0.6822552329420914,0.8064070863355187,2.274009487838465,1.5412500419344173,1.4456621881575331,2.322249052003107,0.956838687769617,FAR
117,156,136,train,40,False,0.6862162011452906,0.8283816760076785,0.5205250456910724,0.6674102081715821,0.791832990448466,2.274009487838465,1.521595179628241,1.4263972592638516,2.3410412168300923,0.9558794132973147,FAR
118,157,137,train,40,False,0.6855542667450362,0.827982044941215,0.5196222600457859,0.666956978690914,0.7915215172422891,2.274009487838465,1.5293701001414022,1.4333312358288552,2.350374727520914,0.955964591355946,FAR
119,158,138,train,40,False,0.6930850754537066,0.8325173124047971,0.5240790742695824,0.670372650592367,0.7964007689716759,2.274009487838465,1.544230669826915,1.4469709100738561,2.3606762503953034,0.9566176668100805,FAR
120,159,139,train,40,False,0.712407926636331,0.8440426094909729,0.535187907775344,0.6807334566560346,0.8080338517611783,2.274009487838465,1.559238814495658,1.4633422201522568,2.349621341067821,0.9573377489182556,FAR
121,160,140,train,40,False,0.7262027288554526,0.8521752923286691,0.5466944052609644,0.6882708279500276,0.8165688670063919,2.274009487838465,1.5735922017691437,1.4770980161878744,2.3434345125237668,0.958217017504722,FAR
122,161,141,train,40,False,0.7284029254353032,0.8534652455931074,0.5592094197080228,0.688919818514143,0.8177069500294152,2.274009487838465,1.5805046893735915,1.4820219198568323,2.350054304644287,0.9581022241405479,FAR
123,162,142,train,40,False,0.6911581951136568,0.8313592455212468,0.554715624736768,0.6680039937894755,0.7961639353150488,2.274009487838465,1.5474009213952757,1.4482166664402385,2.367085087403068,0.9576653409512139,FAR
124,163,143,train,40,False,0.6922610442883343,0.8320222618946769,0.5512736748633825,0.666449495315286,0.7969116585272873,2.274009487838465,1.5533109979217914,1.4536189714342094,2.3837625505251543,0.9578008846933543,FAR
125,164,144,train,40,False,0.683145427631583,0.8265261203565094,0.5523686360724737,0.6649696497473234,0.7914090266367855,2.274009487838465,1.5291331000008097,1.4301500628951707,2.3534938366463876,0.9575124211385158,FAR
126,165,145,train,40,False,0.6666172392034266,0.816466312350624,0.5616494932408055,0.6574610937724445,0.782105829235897,2.2612378073600983,1.5010969300460164,1.4072292829342161,2.3382985888529593,0.9579156144044665,FAR
127,166,146,train,40,False,0.7002385263241255,0.836802561136213,0.5938745861154906,0.6739849450090034,0.8006823813489163,2.3714911555984877,1.5312528910656433,1.4358697022881943,2.321036092362787,0.9568354813132353,FAR
128,167,147,train,40,False,0.6990222433532692,0.8360755009885585,0.6153281004592521,0.6718017141060311,0.799755813766003,2.3714911555984877,1.5408827042027806,1.4435172051389547,2.3488133832181686,0.9565593212818557,FAR
129,168,148,train,40,False,0.6668572020998657,0.8166132512394504,0.5974900756621999,0.6559526157137459,0.7840942165719789,2.3714911555984877,1.5251762993745943,1.4272706868373997,2.372650467140989,0.9601781692641965,FAR
130,169,149,train,40,False,0.6852454733038958,0.8277955504252822,0.6159919724970622,0.6667231250868204,0.7988563853514867,2.3714911555984877,1.5576764644739847,1.4577319978680312,2.3699386921566092,0.9650406853975867,FAR
131,170,150,train,40,False,0.6825979196924143,0.8261948436612361,0.6381884969291688,0.6639705275290525,0.7970673199720932,2.3714911555984877,1.566145446513716,1.4645583300298182,2.396964811299823,0.9647449703751891,FAR
132,171,151,train,40,False,0.6808302825350206,0.8251244042779371,0.6460859780282087,0.6621486776138295,0.7957873442785274,2.3714911555984877,1.5676914047223782,1.4654085543832747,2.408469452253417,0.9644452886773086,FAR
133,172,152,train,40,False,0.6799927820566575,0.8246167485909182,0.6500115888696,0.6613269078072064,0.794972819500359,2.3714911555984877,1.5708644375203318,1.4679566370744772,2.419584868574413,0.9640512648558087,FAR
134,173,153,train,40,False,0.7101250233077762,0.8426891617362693,0.6722561113997771,0.6761936210527698,0.8136158240056879,2.3714911555984877,1.6067514269181502,1.5031956527209656,2.416739135687222,0.9654993335019535,FAR
135,174,154,train,40,False,0.712583328254092,0.8441465087614187,0.6853350511301656,0.6799839840651302,0.8151759331594605,2.3714911555984877,1.6019938310542217,1.4977612621901897,2.3953240800542748,0.9656806309079385,FAR
136,175,155,train,40,False,0.7123406847517522,0.8440027753223044,0.7274427304787123,0.6813100106386767,0.8150426226762905,2.3714911555984877,1.5966814352244119,1.4922390161690327,2.3830400378582235,0.9656871357621368,FAR
137,176,156,train,40,False,0.7382276654182844,0.8592017606000842,0.7533384199348789,0.6958364402882978,0.8267826388641971,2.3714911555984877,1.6029934965399755,1.497859415678209,2.3548786549683434,0.9622683248306604,FAR
138,177,157,train,40,False,0.7650289794008567,0.8746593504907249,0.7928195512049633,0.7077158706427656,0.8379057340890652,2.5457919148289303,1.6101073492266962,1.5046064615934511,2.3334173503245497,0.9579795078151978,FAR
139,178,158,train,40,False,0.78535966576411,0.8862052052228705,0.7775529107550238,0.7178921811538599,0.8491598846216201,2.5457919148289303,1.6226694980064817,1.5185271263678584,2.3259024207499928,0.9581978074796639,FAR
140,179,159,train,40,False,0.8068200259812596,0.8982316104331107,0.783429293597242,0.7303998408698446,0.861481504871502,2.5457919148289303,1.6351533616594793,1.5331224668031127,2.3011298181538016,0.9590861586981018,FAR
141,180,160,train,40,False,0.8161761147341207,0.9034246591355145,0.7389186495324452,0.7356258760054809,0.8669130899096142,2.5457919148289303,1.634911203823259,1.53501300229881,2.285309613400891,0.9595853745448589,FAR
142,181,161,train,40,False,0.8228607246410176,0.9071167094927849,0.7411610053740653,0.7404682360322843,0.87262862912278,2.5457919148289303,1.644107709310567,1.5448028482647251,2.279495591189151,0.9619805478070304,FAR
143,182,162,train,40,False,0.8366319264588995,0.9146758586837741,0.7378364278121481,0.7463064724330819,0.8804545520231113,2.5457919148289303,1.665312088934132,1.5652381534627586,2.291501432264785,0.9625864109828944,FAR
144,183,163,train,40,False,0.8275923725678211,0.9097210410712842,0.7300352758958503,0.7404240385185906,0.8732536189419484,2.5457919148289303,1.6548506323521892,1.5540650512012557,2.2996958881893326,0.9599136213378204,FAR
145,184,164,train,40,False,0.825096792561058,0.9083483872177337,0.7359435020140135,0.7373200108463738,0.87060599393252,2.5457919148289303,1.6556675515511265,1.5519177032853204,2.320284897162879,0.9584494299584564,FAR
146,185,165,train,40,False,0.8076015533816623,0.8986665418171872,0.7112276617766796,0.7262388417851101,0.8601630598188166,2.5457919148289303,1.6465791772226097,1.5423346379918559,2.3403606953947396,0.957154873129567,FAR
147,186,166,train,40,False,0.8135336944638908,0.9019610271313783,0.714345263051468,0.7311927890848264,0.8646634907530851,2.5457919148289303,1.6517131093860056,1.5488207058076906,2.3321799192383255,0.9586483947128899,FAR
148,187,167,train,40,False,0.7949393944945257,0.8915937384787568,0.7340346869081289,0.7221406800670133,0.8567495400263049,2.5457919148289303,1.6482137442800664,1.5442421840950733,2.3471927715924523,0.9609191978939834,FAR
149,188,168,train,40,False,0.7759783195161131,0.8808963159850954,0.7610843568353798,0.7109747781061991,0.8441579239295507,2.5457919148289303,1.629143056199815,1.5249305851575707,2.3585031711046422,0.9582943061642156,FAR
150,189,169,train,40,False,0.756456122794579,0.8697448607462874,0.7837527373410739,0.7011961997805292,0.8318668022868565,2.5457919148289303,1.6013010688059688,1.5010989925291656,2.352936397464608,0.9564492299190713,FAR
151,190,170,train,40,False,0.749050219829412,0.8654768742314332,0.8084690930927304,0.6951335295325834,0.8256441056984638,2.5457919148289303,1.591820999582833,1.4917626414448926,2.3618731789577483,0.95397592966497,FAR
152,191,171,train,40,False,0.7460371765531812,0.8637344363594526,0.8199983952710894,0.6923510878140194,0.8234361446997479,2.5457919148289303,1.5874529823111925,1.4885061186528967,2.3641254332833563,0.9533441183269737,FAR
153,192,172,train,40,False,0.7331922678493926,0.8562664701186148,0.8070765064614529,0.6848175807403372,0.8134873136572198,2.5457919148289303,1.5660507651483044,1.4683157274056196,2.3562398841019423,0.9500399023501773,FAR
154,193,173,train,40,False,0.7092879358755031,0.8421923390030944,0.7858270601160463,0.6717808359261283,0.7989132030808015,2.5457919148289303,1.5453593938867844,1.4455467783772116,2.372819539800493,0.9486113398116129,FAR
155,194,174,train,40,False,0.7056336184850928,0.8400200107646798,0.7836057966879286,0.6685073382622317,0.7950620951599532,2.5457919148289303,1.5373369223640825,1.4379625552626103,2.369380934060589,0.9464799468719788,FAR
156,195,175,train,40,False,0.7380852843256722,0.8591188999932851,0.7990994998329353,0.6803892578786928,0.8094313920321075,2.5602041895474477,1.5655367168242915,1.465418065347365,2.373263884745572,0.942164573539744,FAR
157,196,176,train,40,False,0.7359100592243507,0.8578520031009723,0.7927795866748484,0.6792244025137376,0.8072107017657025,2.5602041895474477,1.5607191620598808,1.4599278643386402,2.368669399043783,0.9409673216916076,FAR
158,197,177,train,40,False,0.7176644306808282,0.8471507721066116,0.7993027164255269,0.6684757903146206,0.7963353077199737,2.5602041895474477,1.5393747281866363,1.4407754778726463,2.373950672009502,0.9400160324941038,FAR
159,198,178,train,40,False,0.7186902854298721,0.8477560294270233,0.8042202011662459,0.6703289968941619,0.7969175528172185,2.5602041895474477,1.5325418883289257,1.4360595086751595,2.3589395204241432,0.9400317133171378,FAR
160,199,179,train,40,False,0.7132112946664645,0.8445183803011421,0.7932538236447795,0.6682059874551237,0.7942021328356319,2.5602041895474477,1.5327721069849845,1.434847506322986,2.3642443209138078,0.9404201866541161,FAR
161,200,180,train,40,False,0.7169092134567229,0.8467049152194186,0.7933294101211866,0.6712364368846085,0.7960233123134952,2.5602041895474477,1.5334779730109616,1.4348202447976217,2.3574233041685972,0.9401425431753995,FAR
162,201,181,train,40,False,0.6987879088347531,0.835935349674096,0.7898203187847002,0.661324218066867,0.7838890610990921,2.5602041895474477,1.5101906897534119,1.4114945386922124,2.35981424926085,0.9377388591171613,FAR
163,202,182,train,40,False,0.7047358214511042,0.8394854504106097,0.7931697390250956,0.6667264751370576,0.7893650811816031,2.5602041895474477,1.5169264524103556,1.4189627632468393,2.347370687667668,0.9402963217474565,FAR
164,203,183,train,40,False,0.7074758253539211,0.841115821604802,0.7787569857995492,0.6704130485863953,0.7911053594038597,2.5602041895474477,1.5180992224120688,1.418161727632393,2.33436418840156,0.9405427160964288,FAR
165,204,184,train,40,False,0.7272703852812714,0.8528014923071321,0.7907524612839814,0.6777254115214495,0.8017374708068745,2.5602041895474477,1.544119453503815,1.443997182200485,2.3467699358972234,0.9401220307880663,FAR
166,205,185,train,40,False,0.7360734914026751,0.857947254440898,0.786015115602275,0.6802036007075052,0.8071660307215515,2.5602041895474477,1.5591754036635295,1.4563671035378802,2.3614181253181514,0.9408107859119622,FAR
167,206,186,train,40,False,0.7074286765867088,0.8410877936260334,0.775705304035407,0.667931256713181,0.792639312608453,2.5602041895474477,1.5330077812262695,1.4338742693730424,2.3637553858686244,0.9423978312552689,FAR
168,207,187,train,40,False,0.7105519588458318,0.8429424410040295,0.8003416359344669,0.6691843750457533,0.7949240774323546,2.5602041895474477,1.5376448470779895,1.4390526137573203,2.3650581729700093,0.943034825112756,FAR
169,208,188,train,40,False,0.736118732394651,0.8579736198710605,0.8265325138951114,0.6830342806545124,0.8080260550591319,2.5602041895474477,1.5447481402047156,1.4476450877743214,2.336837723433115,0.9417842650926321,FAR
170,209,189,train,40,False,0.725081662931931,0.8515172710708403,0.7829141449114937,0.6798393431711288,0.8009126386592615,2.5602041895474477,1.5192886579651832,1.4235867623757354,2.309011004947487,0.9405712201844831,FAR
171,210,190,train,40,False,0.7298559800949109,0.8543160890998781,0.7367099784724799,0.6842597252320992,0.8040272548756772,2.5602041895474477,1.5122522330433132,1.4182685335143135,2.2787443962139595,0.9411355646161527,FAR
172,211,191,train,40,False,0.7280650563571169,0.853267283069682,0.7197269195196073,0.6835855450914824,0.8026210025150865,2.5602041895474477,1.501995841163355,1.4093803436637824,2.262319395199209,0.9406442956861156,FAR
173,212,192,train,40,False,0.7389024234697061,0.8595943365737737,0.7263885287682366,0.6909599001490333,0.8108110885809964,2.5602041895474477,1.51363208767988,1.4211539730583183,2.2546853456731086,0.943248523265962,FAR
174,213,193,train,40,False,0.70792098704651,0.8413804056706514,0.7025065258624157,0.6754040028232815,0.7911444783878199,2.5602041895474477,1.472956674884726,1.381766861610546,2.2484777645857674,0.9402934428419577,FAR
175,214,194,train,40,False,0.7343764779091675,0.8569576873505292,0.7281891089014015,0.6842200121822729,0.8035415397041599,2.5602041895474477,1.5002401534713363,1.4069875030542616,2.2585268934221885,0.9376676953426756,FAR
176,215,195,train,40,False,0.7259668229290646,0.8520368671184743,0.7163362581494833,0.6805214271841438,0.7983027028086553,2.5602041895474477,1.4790607165252707,1.3889470400742288,2.23981551496533,0.9369344609564325,FAR
177,216,196,train,40,False,0.6961170891006642,0.8343363165418752,0.6982837728270348,0.6644707232432707,0.7841444427558049,2.5602041895474477,1.4722677320891722,1.3813668408957285,2.2743569337170575,0.9398421562253173,FAR
178,217,197,train,40,False,0.6616185029507495,0.8133993502276415,0.7155796129783757,0.650647547578435,0.7687280655334738,2.5602041895474477,1.4447503007219562,1.3560707713075142,2.2749038910594477,0.9450807470135476,FAR
179,218,198,train,40,False,0.6383748618300034,0.798983643030321,0.7356026933645889,0.6386752687306416,0.7551696718923228,2.5602041895474477,1.4254751389657314,1.3361589532841238,2.2764635736646404,0.945162868451444,FAR
180,219,199,train,40,False,0.6160284356066019,0.7848747897636934,0.7373382531312922,0.6263769485019683,0.742121625999179,2.5602041895474477,1.4072281515322,1.3169910060654935,2.2881153001027674,0.945528682635626,FAR
181,220,200,train,40,False,0.596484616833122,0.7723241656410358,0.7648623180537516,0.6132964805810444,0.7278413113442729,2.5602041895474477,1.3878327215149173,1.296175799902222,2.30460556580086,0.9424039072248351,FAR
182,221,201,train,40,False,0.6107459724969886,0.7815023816323201,0.7924558574812192,0.6212327540468638,0.7360932249865838,2.5602041895474477,1.3948892364472185,1.3028288995855184,2.2915688427792773,0.9418950502097122,FAR
183,222,202,train,40,False,0.62239215611571,0.7889183456579711,0.7907411122631571,0.6225667546076353,0.7412072797887803,2.840194342324857,1.4153018639672763,1.3198961291349478,2.3102351649823167,0.9395234422779217,FAR
184,223,203,train,40,False,0.6251094032200283,0.7906386046861286,0.7750015554245978,0.6236050056084365,0.7437492082405754,2.840194342324857,1.4205040560343924,1.3254924960868182,2.315540433874673,0.9406942740113639,FAR
185,224,204,train,40,False,0.6304785376407914,0.7940267864756148,0.755020779988875,0.6284658229660246,0.7488987228469535,2.840194342324857,1.4265153296613764,1.3317400355491242,2.301410949509637,0.943165565195895,FAR
186,225,205,train,40,False,0.6328009850565295,0.7954878912067295,0.7212537579316229,0.6307738456937655,0.750648111564528,2.840194342324857,1.4319368361411757,1.3359656931885475,2.3006680356625635,0.9436323542597476,FAR
187,226,206,train,40,False,0.6491385345941356,0.805691339530304,0.7229864869901647,0.636599060972499,0.7594736553489652,2.840194342324857,1.4563628027290143,1.3588649706601845,2.315842766223155,0.9426359923289203,FAR
188,227,207,train,40,False,0.6480791571676032,0.8050336372895255,0.7019673578330369,0.6370901570151768,0.7589471100832693,2.840194342324857,1.453340244830646,1.3554423811939516,2.310919180085909,0.9427520477760094,FAR
189,228,208,train,40,False,0.6614939824632388,0.8133228033586902,0.6838130332591494,0.6436499842103502,0.7686077289644933,2.840194342324857,1.4671560508880002,1.371837039010397,2.306349352766253,0.9450217377288058,FAR
190,229,209,train,40,False,0.6673391238175628,0.8169082713607219,0.6650509105558785,0.6480082298746173,0.7731763297000575,2.840194342324857,1.4779597556965947,1.3799510041598244,2.307109504702953,0.9464665211580974,FAR
191,230,210,train,40,False,0.6987452186755145,0.8359098149175631,0.6497299316353221,0.6652324880196627,0.7918013103404078,2.840194342324857,1.51119513771553,1.412407142631786,2.298150268880865,0.9472329385419344,FAR
192,231,211,train,40,False,0.7386501446512642,0.8594475810957084,0.6680677714988165,0.6826615939681976,0.8112331663388437,2.840194342324857,1.541017752268236,1.4420213193049105,2.292674440620566,0.9439006917729685,FAR
193,232,212,train,40,False,0.7812551816295175,0.8838864076506197,0.6855983301243895,0.703015564630248,0.834561872822498,2.840194342324857,1.5874626745028535,1.4866635272192723,2.2953974051383335,0.9441958441704893,FAR
194,233,213,train,40,False,0.7848556020028022,0.8859207650816197,0.692836816964751,0.7066408244530127,0.8376147758647587,2.840194342324857,1.590155239550987,1.4909653173232442,2.282316733744364,0.9454736911913217,FAR
195,234,214,train,40,False,0.7971943527993511,0.8928574089961684,0.695409391655512,0.7165776905689427,0.8478579488123913,2.840194342324857,1.6041470040314028,1.5045662809763185,2.2751336404006643,0.9496006196170007,FAR
196,235,215,train,40,False,0.7487853899451695,0.865323864194886,0.6705869684661901,0.6918796063670725,0.8190747063568196,2.840194342324857,1.5565632556138222,1.4565564674478522,2.2998954405267957,0.9465527766518983,FAR
197,236,216,train,40,False,0.7737379692834612,0.8796237657563949,0.6795976939644292,0.7047508243002214,0.8352864367446653,2.840194342324857,1.5913677197071352,1.491198610664086,2.30371797368126,0.9495951215306199,FAR
198,237,217,train,40,False,0.7718954421355226,0.8785758032950387,0.6705045331478512,0.7045375485841776,0.833725285760455,2.840194342324857,1.5848765378102088,1.4845888126237896,2.2913966385413085,0.9489508846403749,FAR
199,238,218,train,40,False,0.7722569410056838,0.8787815092534002,0.6697701630745606,0.7033339939811553,0.8339268746036913,2.840194342324857,1.5963911661226216,1.494237727896089,2.310466152119011,0.9489581492357336,FAR
200,239,219,train,40,False,0.7727636055042579,0.8790697387035104,0.6772511844678264,0.7043761274007301,0.8341908073325179,2.840194342324857,1.5852965645518995,1.485158909969951,2.295306631277861,0.9489472457131993,FAR
201,240,220,train,40,False,0.7819339873008351,0.8842703134793314,0.6682713826243032,0.7083751604561392,0.8382390337030369,2.840194342324857,1.5907749740699635,1.4924003364813463,2.2928222068930197,0.9479443343572447,FAR
202,241,221,train,40,False,0.7790302623483479,0.8826269100522304,0.6479860991328579,0.7056458947158459,0.834921784093482,2.840194342324857,1.580699189520968,1.4837800229514135,2.2831983536351457,0.9459509726981636,FAR
203,242,222,train,40,False,0.8103764947222516,0.9002091394349713,0.6266603113080895,0.7202769554943624,0.8510078479004506,2.840194342324857,1.6100227361449577,1.5138062232870308,2.2826133301412237,0.9453445989613007,FAR
204,243,223,train,40,False,0.7983500986647117,0.893504392079139,0.6001840705535557,0.7113095997726895,0.8414878194798057,2.840194342324857,1.598375025423852,1.5028514579801606,2.308048831870578,0.9417836408411004,FAR
205,244,224,train,40,False,0.7800361354957563,0.8831965440918326,0.5808139143899126,0.7017739379110413,0.8318584180345002,2.840194342324857,1.580570876219418,1.484855125846879,2.3183711728059166,0.9418723653293708,FAR
206,245,225,train,40,False,0.7687182678142312,0.8767657998657516,0.5708452069991512,0.6973485343722015,0.8245373307233402,2.840194342324857,1.5697942469299488,1.474761837751025,2.3187586457425504,0.9404305355541828,FAR
207,246,226,train,40,False,0.7676208866122727,0.8761397643140464,0.5700925425265254,0.6976771340779457,0.8237295362115595,2.840194342324857,1.5664589134591271,1.469468089834128,2.311695403421973,0.9401805165828534,FAR
208,247,227,train,40,False,0.7593142874976997,0.8713864168655028,0.5541926151283812,0.6930606674003171,0.8166649711203575,2.840194342324857,1.546676809578972,1.451438761054097,2.2978632594293176,0.9372018605224697,FAR
209,248,228,train,40,False,0.7350267947089831,0.8573370368233155,0.5347372480379785,0.6800266314720476,0.8044378454919165,2.840194342324857,1.5405354436812346,1.443755780321686,2.323882661228782,0.9382982548760451,FAR
210,249,229,train,40,False,0.7283827714263088,0.8534534383469955,0.53869147877265,0.6734324959299072,0.7978054431706102,2.840194342324857,1.5326556811299794,1.4363855687259823,2.341062690072383,0.9347966828932499,FAR
211,250,230,train,40,False,0.7210120690694193,0.8491242954181792,0.5563536157771569,0.6678592538587793,0.7927389749456981,2.840194342324857,1.5282132668623039,1.4319176489980248,2.355986793828779,0.933595916667639,FAR
212,251,231,train,40,False,0.7697627489127592,0.8773612419709222,0.5893540880567044,0.689048634030762,0.815605594518588,2.840194342324857,1.564173893857485,1.465716443721205,2.346507116722738,0.9296120634260011,FAR
213,252,232,train,40,False,0.7735484200181715,0.8795160146456524,0.5902574751142434,0.6908320585880745,0.8177838184169669,2.840194342324857,1.5716925150683396,1.4715195830060577,2.3514667635564317,0.9298111743268748,FAR
214,253,233,train,40,False,0.7769270655242639,0.8814346632191543,0.5970110555800254,0.6935444906474671,0.8214033487185446,2.840194342324857,1.5862147535269948,1.4839614413354405,2.370708852400674,0.9318936309114906,FAR
215,254,234,train,40,False,0.7391741931612412,0.8597524022422044,0.5708821709989363,0.6770806865143559,0.8002282849311566,2.840194342324857,1.548948387416249,1.447658461062984,2.3717183199931684,0.9307659773257848,FAR
216,255,235,train,40,False,0.7474911233635665,0.8645756897828937,0.5797119271630031,0.6805638054165735,0.8054159706585015,2.840194342324857,1.566174694042263,1.4638791533089943,2.3859501247102295,0.9315736958330993,FAR
217,256,236,train,40,False,0.7491750533824183,0.865548989591241,0.5905465505081233,0.6814082500405659,0.806478741416021,2.840194342324857,1.558035177501478,1.4598593742397248,2.369144900307665,0.931754009437275,FAR
218,257,237,train,40,False,0.752283528196514,0.8673427973970349,0.592818203846455,0.6824698578155507,0.8083131795440236,2.840194342324857,1.5676978959605532,1.4663159145250146,2.379131551476617,0.9319419979849214,FAR
219,258,238,train,40,False,0.7546194115669589,0.8686883282092369,0.5909600077291942,0.6817721952315062,0.8101864835869683,2.840194342324857,1.580119298096718,1.4775531349130806,2.4062784010801477,0.9326549664332804,FAR
220,259,239,train,40,False,0.8049253084779592,0.8971762973228613,0.6177928274675484,0.700817748283576,0.8337627234567222,3.1760497037071587,1.6302319894906325,1.525166899166475,2.4096502700984272,0.9293187146658213,FAR
221,260,240,train,40,False,0.8374658688510103,0.9151316128574132,0.6380601143000497,0.7178456787876252,0.8540091147844331,3.1760497037071587,1.6736235335049792,1.566069047991745,2.4095379315923444,0.9332090628121448,FAR
222,261,241,train,40,False,0.8174509341637786,0.9041299321246801,0.6277357880893611,0.7066012857748545,0.8409926931336302,3.1760497037071587,1.654779533703469,1.5465918711812885,2.4136817791512852,0.9301679584452214,FAR
223,262,242,train,40,False,0.7981307323026958,0.8933816274709794,0.6136919113383488,0.7028196350016399,0.8318654499018342,3.1760497037071587,1.6237791420661882,1.5185169052382552,2.388675356237062,0.9311423296858168,FAR
224,263,243,train,40,False,0.8034360822554794,0.8963459612535103,0.624516145739975,0.7066465304880024,0.8358538798581494,3.1760497037071587,1.6288345069004393,1.5243922409398174,2.378777265084604,0.9325125743738895,FAR
225,264,244,train,40,False,0.8033764825012295,0.8963127146823421,0.6362546436961055,0.706440396236989,0.8358060744992806,3.1760497037071587,1.6304397854231918,1.5268686241287839,2.3827433409990952,0.932493828111648,FAR
226,265,245,train,40,False,0.8095022513775694,0.8997234304927094,0.664436060803157,0.7084185059847615,0.8397451809819326,3.1760497037071587,1.6426397909593873,1.538780188715033,2.3933991635893492,0.9333370150447996,FAR
227,266,246,train,40,False,0.7965427877747967,0.8924924581052753,0.6592166602828659,0.7035806156027927,0.8330529703588574,3.1760497037071587,1.6265706863097436,1.5225607686908895,2.387386255132006,0.9334005713923841,FAR
228,267,247,train,40,False,0.7796146757712206,0.8829579127972186,0.6499867612339497,0.6924987939051542,0.8221708867659558,3.1760497037071587,1.6129696988124471,1.5087582171205527,2.413003043282754,0.9311552395077486,FAR
229,268,248,train,40,False,0.7659834649289172,0.8752048131317133,0.6495344510313223,0.6859119447652651,0.8122924605481586,3.1760497037071587,1.596346255207075,1.4920025422435115,2.410818179012374,0.9281169942856716,FAR
230,269,249,train,40,False,0.7620193632459791,0.8729372046407342,0.6484566569802358,0.6829327722164402,0.8093434152966335,3.1760497037071587,1.5960117824915527,1.4907916148778804,2.4244273984419267,0.9271496403108703,FAR
231,270,250,train,40,False,0.7298209670441091,0.8542955969944531,0.6453454636613374,0.6655158326966694,0.7898441864224004,3.1760497037071587,1.5610496390290174,1.4560010781794055,2.4300761777053834,0.924556077780568,FAR
232,271,251,train,40,False,0.7051487325946961,0.8397313454877674,0.6387102052317308,0.6548491059041293,0.7796644812928655,3.1760497037071587,1.5584223762290028,1.4515426859275902,2.451464094813408,0.9284689507928141,FAR
233,272,252,train,40,False,0.6664524063875777,0.8163653632948777,0.6221935182752012,0.6374484885013997,0.7600831936949592,3.1760497037071587,1.5226949342497522,1.4172349552830188,2.4575699596183993,0.9310576218315267,FAR
234,273,253,train,40,False,0.6724829550089805,0.8200505807625408,0.6081344512559735,0.6405290322614838,0.7641967921319475,3.1760497037071587,1.52737035720754,1.4233820527381202,2.4542407647116478,0.931889824919511,FAR
235,274,254,train,40,False,0.6830803486802954,0.826486750456591,0.6073049295328914,0.6433721870090942,0.769943230374098,3.1760497037071587,1.5449643839172909,1.4394480455689527,2.469218460969947,0.9315856908156656,FAR
236,275,255,train,40,False,0.694760464056668,0.8335229235340009,0.6156708278589638,0.6546787318277262,0.7816415133663887,3.1760497037071587,1.55829167906176,1.4540775522323313,2.4359460271994453,0.9377564687151692,FAR
237,276,256,train,40,False,0.6853940798795881,0.8278853059932808,0.6150356666493372,0.6509606858023982,0.7769591212594478,3.1760497037071587,1.5494148856149936,1.444798846002889,2.4369496377342257,0.9384864251543483,FAR
238,277,257,train,40,False,0.7118077984009328,0.843687026332,0.6205519234089425,0.6632294420812921,0.7922368762667183,3.1760497037071587,1.5893780772989725,1.4818004720505455,2.4534383625964713,0.9390174929097044,FAR
239,278,258,train,40,False,0.7173637299695422,0.8469732758296109,0.6282542338861903,0.665138951656633,0.7951347746375561,3.1760497037071587,1.5916703756231954,1.484832157585752,2.4496713190199784,0.9387955881591672,FAR
240,279,259,train,40,False,0.72990128415825,0.8543426035018095,0.6210599866565907,0.6711281565832141,0.800933362526026,3.1760497037071587,1.6009258532324693,1.4910337212705271,2.4493740857479747,0.9374849846456588,FAR
241,280,260,train,40,False,0.7051059316209175,0.839705860180169,0.6013415534592027,0.6568172424646568,0.7879322200218202,3.1760497037071587,1.581669943290733,1.4725541802948494,2.4660835993858057,0.9383431239276571,FAR
242,281,261,train,40,False,0.7277489803711461,0.8530820478542179,0.6355298193213914,0.669871205273416,0.8041883231115875,3.1760497037071587,1.6202196043847064,1.5083425776577997,2.4782502195769185,0.9426857887050675,FAR
243,282,262,train,40,False,0.7084859562074686,0.8417160781448033,0.67191377826932,0.6596778337616801,0.7956253921613848,3.1760497037071587,1.610166568763534,1.498453636146498,2.492538035990747,0.9452420035922263,FAR
244,283,263,train,40,False,0.7297464901111129,0.8542520062084215,0.7310327936096924,0.6736729680894854,0.8101521545451806,3.1760497037071587,1.6244792117215492,1.5152106214281917,2.457414865144372,0.9483760631022957,FAR
245,284,264,train,40,False,0.7267670816368537,0.8525063528425191,0.7662194068511332,0.6738392628421419,0.8080738423104055,3.1760497037071587,1.6169335671537763,1.50891197946811,2.443109358782485,0.9478801414394603,FAR
246,285,265,train,40,False,0.7368307742528477,0.8583884751398098,0.8043970339926526,0.6790005179923624,0.8147024247757505,3.1760497037071587,1.6331008608629056,1.5249560792518388,2.447561374761507,0.9491069001631879,FAR
247,286,266,train,40,False,0.7437266110752659,0.8623958552052914,0.8270384446147344,0.6794652009198655,0.8192723088587016,3.1760497037071587,1.6465237420741978,1.5399933106054955,2.4683658881720794,0.9499956474902996,FAR
248,287,267,train,40,False,0.772744864166324,0.8790590788828269,0.8888269664779606,0.6947597218513781,0.8372637903438379,3.1760497037071587,1.6755055991583476,1.5677399913465226,2.4570384039353366,0.9524545169454305,FAR
249,288,268,train,40,False,0.8191220330631616,0.905053607839426,0.9516106659076141,0.7107671485772074,0.8574029007473107,3.50162357300447,1.7223921071467259,1.6118909817140932,2.4598667350529184,0.9473504036894913,FAR
250,289,269,train,40,False,0.8183688610504515,0.9046374196607453,1.0044326706624958,0.7100120332446611,0.8563160438739743,3.50162357300447,1.7199791068286086,1.6101379374561524,2.458342796998995,0.946584814273002,FAR
251,290,270,train,40,False,0.8249730549400025,0.9082802733407802,1.037210925287146,0.7148279429374395,0.8609147723796984,3.50162357300447,1.7209620633900644,1.6117028017401442,2.4407409151996875,0.9478514481142861,FAR
252,291,271,train,40,False,0.7706247985531336,0.8778523785655158,1.0064444371084926,0.68847615448784,0.8324023750123253,3.50162357300447,1.6754682050803655,1.5694701663161883,2.458136475789619,0.9482259151277125,FAR
253,292,272,train,40,False,0.7662534962327955,0.8753590670306646,1.0258103092314952,0.6839153779148944,0.829866299416862,3.50162357300447,1.679633949988747,1.5722831202581296,2.481600681592333,0.9480295922813479,FAR
254,293,273,train,40,False,0.7706175028305686,0.8778482231175094,1.0436805827234314,0.6853621697142357,0.8334399139681853,3.50162357300447,1.6860522568152003,1.577943878638849,2.4857647667749285,0.9494123152728878,FAR
255,294,274,train,40,False,0.778468821593221,0.882308801720362,1.0514249578012076,0.6906780959207037,0.8399934320591151,3.50162357300447,1.7004557407427447,1.5934596918167994,2.4890611385509778,0.9520401818742615,FAR
256,295,275,train,40,False,0.7617254634926955,0.8727688488326651,1.023637707598745,0.6801768531105659,0.8270399257378191,3.50162357300447,1.6755417614105237,1.5683070650594053,2.490540021178842,0.9476047716918302,FAR
257,296,276,train,40,False,0.7948451315758249,0.8915408748766513,0.9373448776918054,0.6950366237615722,0.8419389433715473,3.50162357300447,1.7044846401416294,1.595117887306864,2.4846328895402077,0.9443638167325007,FAR
258,297,277,train,40,False,0.8069964219414365,0.8983297957551205,0.9223447502447019,0.6993950587780207,0.8479851540013741,3.50162357300447,1.7148597427928045,1.606739961985505,2.4843521810916585,0.9439575064840997,FAR
259,298,278,train,40,False,0.8080567191136823,0.8989197512090177,0.8969997441384865,0.7013329514532636,0.8487686983876973,3.50162357300447,1.7136638599964218,1.6060276412391683,2.472840386646515,0.944209644126888,FAR
260,299,279,train,40,False,0.7815416919178756,0.8840484669506958,0.7919896491059909,0.6940472442245428,0.8388796069671564,3.50162357300447,1.6924543499032207,1.5862539901883064,2.470052692812486,0.9489068058232846,FAR
261,300,280,train,40,False,0.753738177664633,0.8681809590544088,0.7356117463911407,0.6809087272596253,0.8234231056548115,3.50162357300447,1.662379481500977,1.5580024372999868,2.4771650155008844,0.948446400565677,FAR
262,301,281,train,40,False,0.7538006384006917,0.8682169304964582,0.7258448001655896,0.6802470777416738,0.8234843739962134,3.50162357300447,1.6682906920008165,1.5644373269106995,2.4943845249644694,0.9484776731148676,FAR
263,302,282,train,40,False,0.7427802180665595,0.8618469806564036,0.7055195845657463,0.6726195511023851,0.8158685294813832,3.50162357300447,1.6512297800615314,1.5492908853571457,2.491519034135192,0.9466512592061271,FAR
264,303,283,train,40,False,0.7507916268551742,0.8664823292226878,0.6801935069882828,0.6771040385753766,0.8206360271608546,3.50162357300447,1.6573816299206494,1.5545780956187982,2.485102910792804,0.9470891667196937,FAR
265,304,284,train,40,False,0.7554047331083729,0.8691402263779837,0.6517195083512635,0.6788595219195941,0.8239821334455655,3.50162357300447,1.6635126990940066,1.5614966614578023,2.4884636693860154,0.9480427995829763,FAR
266,305,285,train,40,False,0.757490205886494,0.8703391326870773,0.6250399069980164,0.6801832852028704,0.8251670102139632,3.50162357300447,1.6600121640890393,1.5587071999452196,2.4783607610688523,0.9480982518462083,FAR
267,306,286,train,40,False,0.7492312222944905,0.8655814359691931,0.5937754998091951,0.6747197890117791,0.8194287370362747,3.50162357300447,1.651164774302662,1.5496131463739058,2.4846548447447616,0.9466801192642942,FAR
268,307,287,train,40,False,0.7475846056790395,0.8646297506326275,0.5828625458261861,0.6741264222131346,0.8178724784336439,3.50162357300447,1.647784476916168,1.546212785246785,2.48076969879495,0.9459222029258506,FAR
269,308,288,train,40,False,0.7491863566022946,0.8655555190756365,0.5738855914478715,0.6761044269190445,0.8194037719316707,3.50162357300447,1.65044710548859,1.5472460615286532,2.4768676537822154,0.9466796223617715,FAR
270,309,289,train,40,False,0.7523118454290936,0.867359121373087,0.5699090251141432,0.6773359652715895,0.8217699803321608,3.50162357300447,1.6521844435084527,1.5500757765113473,2.473432945394648,0.9474391403542792,FAR
271,310,290,train,40,False,0.7802774062259876,0.8833331230209742,0.5968316770059865,0.691110056309032,0.8394752360525022,3.50162357300447,1.688460794611565,1.5859073859042168,2.477562418032252,0.9503495501012355,FAR
272,311,291,train,40,False,0.763781258174113,0.8739457981900897,0.582071736655103,0.6829503505700918,0.8292003748573805,3.50162357300447,1.6621880168574705,1.5602385536593755,2.469532237918706,0.9488006882974033,FAR
273,312,292,train,40,False,0.7743215444773937,0.8799554218694227,0.5898716569464098,0.6891349410649517,0.8363310358518046,3.50162357300447,1.671395351328752,1.569770299486065,2.461422708017762,0.950424322717462,FAR
274,313,293,train,40,False,0.7677885423544814,0.8762354377417529,0.596202724785537,0.6846683748696256,0.8318266750521838,3.50162357300447,1.6662289689476826,1.563887780395082,2.469930152995714,0.9493186867629777,FAR
275,314,294,train,40,False,0.7600648748582625,0.8718169961971736,0.5948363588644432,0.6807573028811443,0.8277881194310137,3.50162357300447,1.655736188147499,1.5551497599077027,2.4675727267685437,0.9494975700654933,FAR
276,315,295,train,40,False,0.7680873940163246,0.8764059527503933,0.5902315980625003,0.6850725722848534,0.8326217655323831,3.50162357300447,1.6607930850260053,1.5606759050579115,2.464342882038565,0.9500412028460055,FAR
277,316,296,train,40,False,0.7615797528651956,0.8726853687699798,0.5865827538397715,0.6828240810031191,0.8286916545532865,3.50162357300447,1.6421959302150284,1.5449595705544485,2.4451333318646946,0.9495881152691938,FAR
278,317,297,train,40,False,0.7324128002023695,0.8558111942492745,0.5994849155506238,0.6672927199615796,0.8106841412865895,3.50162357300447,1.6034681357070864,1.5068936690407848,2.4500681084083853,0.9472698496281402,FAR
279,318,298,train,40,False,0.7119270290729266,0.84375768386008,0.5913524898022386,0.6570099234422874,0.7968345420768437,3.50162357300447,1.5729532746446642,1.4765778310787578,2.441711014332913,0.9443878939643321,FAR
280,319,299,train,40,False,0.7091992333731503,0.8421396756911232,0.6139600624676559,0.6517239443335938,0.7956726110579184,3.50162357300447,1.5832488873143782,1.4882057471626384,2.462217067958356,0.94482261556544,FAR
281,320,300,train,40,False,0.7191640152688066,0.8480353856230332,0.6593937294252852,0.661041254945889,0.8017805775882945,3.50162357300447,1.5848776779547549,1.489387476658724,2.436580088406236,0.9454565118167135,FAR
282,321,301,train,40,False,0.7071183389532723,0.8409032875148439,0.6607602571971037,0.6564040462709579,0.7949792910817429,3.50162357300447,1.562650705990444,1.4692219170004326,2.421544269305494,0.9453873030169474,FAR
283,322,302,train,40,False,0.6992879406757125,0.8362343814240792,0.6651775103478673,0.6547312546562062,0.7904413743265136,3.50162357300447,1.549088073299394,1.4535292680022667,2.4078996995861295,0.9452390285369735,FAR
284,323,303,train,40,False,0.6837050070254346,0.8268645638951004,0.6593594692505551,0.6450747733694746,0.7811201143343067,3.50162357300447,1.5415098633537636,1.4435653252257463,2.4284221306985225,0.9446772161267791,FAR
285,324,304,train,40,False,0.6857649077338925,0.828109236594963,0.6901467118554937,0.6460071954431688,0.7825821563248546,3.50162357300447,1.5517585365772226,1.451997956241125,2.441956535720247,0.9450228565771013,FAR
286,325,305,train,40,False,0.6773923151427479,0.8230384651659653,0.7441975890503855,0.641104171298956,0.777249514127288,3.50162357300447,1.5366512593777646,1.4367509202797106,2.4382727645991578,0.9443659646825328,FAR
287,326,306,train,40,False,0.6665644602051051,0.816433990108879,0.8171212548543472,0.6372616190537231,0.7693878857758494,3.50162357300447,1.5188765293638287,1.4191206081997603,2.4232510148840887,0.9423761076792558,FAR
288,327,307,train,40,False,0.6454920385051077,0.8034251916047366,0.865189065446842,0.6270026398937881,0.7582118946130834,3.50162357300447,1.5039060320327384,1.403282790455417,2.4359895812742116,0.9437243224831604,FAR
289,328,308,train,40,False,0.5890779301380766,0.7675141237384995,0.8787531454244037,0.6045266851986033,0.7293249545283084,2.720102544733689,1.4366840719200742,1.3387517402803595,2.424939404759693,0.9502430404483311,FAR
290,329,309,train,40,False,0.6037930920716763,0.7770412421948247,0.9409224216970017,0.6160739024505658,0.742033848773027,2.720102544733689,1.455374403364173,1.3575829053417665,2.4094617741859934,0.9549478309247573,FAR
291,330,310,train,40,False,0.5945340214633381,0.7710603228433804,1.007982524977691,0.6099570025064436,0.7351477064741584,2.720102544733689,1.4488946278298376,1.3496344573790444,2.4226818564075487,0.9534243751036368,FAR
292,331,311,train,40,False,0.6252694406594115,0.7907398059155815,1.0271521420705199,0.6276359672812473,0.7549026943694582,2.720102544733689,1.4795226328936495,1.3802680010839803,2.4070842400930514,0.9546790091025856,FAR
293,332,312,train,40,False,0.6257513233514466,0.7910444509327188,1.0665411717489974,0.6283686120318934,0.7551976039232752,2.720102544733689,1.4749583326871405,1.3756978617834914,2.3962994120975822,0.9546841559065654,FAR
294,333,313,train,40,False,0.6219158876219912,0.7886164388484375,1.0496458980586554,0.6270389652999213,0.7521056053527054,2.720102544733689,1.4683653947393398,1.3701745198025193,2.3909506259010884,0.9537026725577186,FAR
295,334,314,train,40,False,0.6358349811472235,0.7973926141790024,1.0234314858893732,0.6342575911323862,0.7599516994336232,2.720102544733689,1.476671724691079,1.3787488048034005,2.380481775931714,0.9530458219958201,FAR
296,335,315,train,40,False,0.6568755477008477,0.8104785917597378,1.0306771018567475,0.6462327544441233,0.7751655529904365,2.720102544733689,1.5078853754292525,1.4106164843781066,2.382350192302089,0.9564293997048973,FAR
297,336,316,train,40,False,0.6482034774,0.8051108478961142,0.9085709735161657,0.6433355414246679,0.7719416734318734,2.3386159163419675,1.4957050454618286,1.4001001101568717,2.3771682401323417,0.9588017295370975,FAR
298,337,317,train,40,False,0.6371105551759755,0.7981920540671746,0.7840129437650722,0.6375723891573066,0.7664862286804605,2.3386159163419675,1.4916758042569653,1.3954703761528318,2.3915224423890726,0.9602779491161837,FAR
299,338,318,train,40,False,0.662887879353766,0.8141792673323032,0.7653595843461013,0.6499963991262853,0.7799033131273669,2.3386159163419675,1.509618411358551,1.41430515362107,2.3808768366009567,0.957901219571406,FAR
300,339,319,train,40,False,0.6404146022286816,0.8002590844399591,0.7288486015910044,0.6395984249401521,0.7672843960686467,2.3386159163419675,1.4830534093464212,1.3866378460320867,2.378545687350138,0.958794984008974,FAR
301,340,320,train,40,False,0.6490108208219088,0.8056120783738963,0.7038896128054007,0.6461264081361856,0.7733282140209885,2.3386159163419675,1.4869459221887333,1.3909113673727886,2.358901395651542,0.9599262905565272,FAR
302,341,321,train,40,False,0.6658166563558604,0.8159758920187902,0.7009377963551675,0.6563208434445998,0.7847062962664362,2.3386159163419675,1.504040691367377,1.4056655030259908,2.3463676166693546,0.9616782847897742,FAR
303,342,322,train,40,False,0.6844457996795333,0.8273123954586522,0.7170230666162135,0.6655464853329367,0.7963038079421283,2.3386159163419675,1.5319329968495388,1.4316179704417837,2.3581997499928,0.9625188892530336,FAR
304,343,323,train,40,False,0.6655273206676374,0.8157985784908168,0.7085078528620001,0.6530197590384954,0.7815220207743968,2.3386159163419675,1.506296607146933,1.407952920940773,2.366757936393187,0.9579840433409068,FAR
305,344,324,train,40,False,0.6721247617895312,0.8198321546447975,0.7136981123132893,0.6556526618266673,0.7854714698105072,2.3386159163419675,1.514603771258507,1.4156876465252795,2.369246859834777,0.958088146897364,FAR
306,345,325,train,40,False,0.6745456567607394,0.8213072852232223,0.7283337085937475,0.6577806467261211,0.7867733442106328,2.3386159163419675,1.5089530170837864,1.4115804868789583,2.355723199583098,0.95795247207237,FAR
307,346,326,train,40,False,0.6866189054845127,0.8286247072616847,0.7346313061287737,0.6652178858612638,0.7946841078754294,2.3386159163419675,1.5226601734664897,1.4256157526307511,2.350100984552947,0.959039841451968,FAR
308,347,327,train,40,False,0.7007004166521,0.8370785008899105,0.7301709214063025,0.6753419483156845,0.8047527207706363,2.3386159163419675,1.531527201338714,1.4351343970971087,2.322334097041798,0.9613826181356847,FAR
309,348,328,train,40,False,0.7184817923357558,0.8476330528806412,0.715538884360075,0.68506871297438,0.8161329892364411,2.3386159163419675,1.5496354572445559,1.4548924791022286,2.3191707303734264,0.9628376176021585,FAR
310,349,329,train,40,False,0.7359007270439534,0.8578465638119404,0.7464591740922062,0.6946819349581015,0.8257985911628676,2.3386159163419675,1.5536001763086371,1.4610987461878029,2.2945351893002788,0.9626413696796035,FAR
311,350,330,train,40,False,0.7128728039606084,0.8443179519355303,0.7115250643881921,0.6845497762453927,0.8127603868283378,2.2328893460367483,1.5288705563263467,1.4351584932790105,2.296086492836735,0.9626236004637243,FAR
312,351,331,train,40,False,0.7194286699577358,0.8481914111553688,0.7016896477557896,0.6887044483625498,0.8174973815638158,2.2328893460367483,1.5364600104408335,1.4432353447108952,2.292348358277033,0.9638123786826102,FAR
313,352,332,train,40,False,0.7111686207089521,0.8433081410190181,0.6969619938478103,0.684287852240766,0.8121692257080717,2.2328893460367483,1.5260543402842948,1.4336329221653399,2.2907662700619453,0.9630752819801793,FAR
314,353,333,train,40,False,0.7113983963906386,0.8434443647275371,0.6918095806288506,0.6847779532906884,0.8123491042579147,2.2328893460367483,1.5272470329026824,1.4337453437123089,2.2907325449567617,0.9631330034676712,FAR
315,354,334,train,40,False,0.7084917637460625,0.8417195279581331,0.7025863956319438,0.6841085150302435,0.8106208270962082,2.2328893460367483,1.527597243135713,1.4329615695008,2.2933928633552547,0.963053368932327,FAR
316,355,335,train,40,False,0.693673677285695,0.8328707446451069,0.7100933835077756,0.6732729702615665,0.8003450344094013,2.2328893460367483,1.5201244842367423,1.4237313784894818,2.319786385848505,0.9609474694064742,FAR
317,356,336,train,40,False,0.6979513998110184,0.8354348567129686,0.7276299037972072,0.6724407806832575,0.8030098974566606,2.3144538782563946,1.5472547569170274,1.4453008795028102,2.3655293081513458,0.9611879262688602,FAR
318,357,337,train,40,False,0.7194227880797099,0.8481879438424658,0.7356937891922901,0.6831382718221913,0.8175195820351995,2.4649769379606776,1.5840621250914566,1.480552736244715,2.3742477657871075,0.9638424926575444,FAR
319,358,338,train,40,False,0.7431245648231815,0.8620467300693051,0.7378377927013942,0.6961656651999497,0.8329045898092611,2.4649769379606776,1.6119551039119184,1.5076441790402129,2.371844834914333,0.9661942453424756,FAR
320,359,339,train,40,False,0.7462675738883746,0.8638677988490916,0.7553383452962058,0.6972347262382039,0.834239451860249,2.4649769379606776,1.6168782337297791,1.5119600380395026,2.3743040016819172,0.965702683873255,FAR
321,360,340,train,40,False,0.7466003367691469,0.8640603779650743,0.7430493535196427,0.6946514838827316,0.8344161875137427,2.4649769379606776,1.6254974973205294,1.5200803393118465,2.3905509878520843,0.9656919918939625,FAR
322,361,341,train,40,False,0.7489692697160685,0.8654301067770109,0.7618784637155556,0.6969012376552276,0.8359349420022874,2.4649769379606776,1.6227477420009229,1.5182999557169305,2.3807440492293135,0.9659184900736031,FAR
323,362,342,train,40,False,0.7948125632508836,0.8915226095006696,0.7562978636889832,0.7130503994876355,0.8556036009574409,2.8778052271298895,1.6600336136098695,1.5561922578633915,2.383876667650275,0.9597104906140894,FAR
324,363,343,train,40,False,0.8058688506010989,0.8977019831776573,0.7344842415353011,0.7199416724036105,0.8626056999883689,2.8778052271298895,1.6694584802690546,1.5668395342100119,2.3722658240683088,0.9609043047169668,FAR
325,364,344,train,40,False,0.7989198351925136,0.8938231565541999,0.719601530189792,0.7152190685069305,0.8570194613547235,2.8778052271298895,1.6521903221528966,1.5523655467885376,2.3629517086443794,0.9588244107018224,FAR
326,365,345,train,40,False,0.7900095013598121,0.8888247866479715,0.7205947449270904,0.7083995583337555,0.8481139073475706,2.8778052271298895,1.6356513747304995,1.535807254484025,2.3655652129945772,0.9541969576996903,FAR
327,366,346,train,40,False,0.7987071280030202,0.8937041613436855,0.7206046588744107,0.7131367075792336,0.8546764627871749,2.8778052271298895,1.65145314854407,1.54997899421141,2.3734194165603406,0.9563304052452521,FAR
328,367,347,train,40,False,0.7930774517505614,0.8905489608946615,0.7210256921495879,0.7093292892605115,0.8502074264866295,2.8778052271298895,1.6431698284378242,1.5434306578883419,2.3779867176589113,0.9547003745111283,FAR
329,368,348,train,40,False,0.7931519341837787,0.8905907781825381,0.7417224496492266,0.7087313493294245,0.8503003936931254,2.8778052271298895,1.6449682114396438,1.5460207720227495,2.3881373553536553,0.9547599352290231,FAR
330,369,349,train,40,False,0.7903867381219059,0.8890369723031241,0.7485553228506876,0.7050664557933252,0.8485688534542325,2.8778052271298895,1.652293487894429,1.551383447739926,2.413155663066345,0.954480949488461,FAR
331,370,350,train,40,False,0.7970173814345465,0.892758299560719,0.7633247559891237,0.7103315090826485,0.8537617607857875,2.8778052271298895,1.6604847640690092,1.5591292390940494,2.4051711145012447,0.9563190408936889,FAR
332,371,351,train,40,False,0.8058256411348502,0.8976779161452343,0.7244547066181655,0.7153509924922326,0.8573025398179597,2.8778052271298895,1.6626594405960589,1.5609031913467448,2.3986665172998216,0.9550224244118062,FAR
333,372,352,train,40,False,0.8007912448681378,0.894869401012314,0.7038533685731755,0.7146330321690713,0.853974392061452,2.8778052271298895,1.6519266314302292,1.5514055441985581,2.384247186235857,0.9543005840800904,FAR
334,373,353,train,40,False,0.8177819485546862,0.9043129704669098,0.712996401782887,0.7242485345137062,0.8649073704431233,2.8778052271298895,1.668529395990808,1.5671876666165268,2.369982460764887,0.9564248204872691,FAR
335,374,354,train,40,False,0.8090028584090877,0.8994458618555581,0.6874239936304588,0.7190131709511919,0.860294960648423,2.8778052271298895,1.6666409864775105,1.5642793584578687,2.3826689148622626,0.9564721981972693,FAR
336,375,355,train,40,False,0.7934296333473301,0.8907466718137823,0.6778500674892608,0.7119958205142976,0.8505794263920918,2.8778052271298895,1.6390691040171326,1.5382496797231466,2.3646551882656492,0.9549060954222821,FAR
337,376,356,train,40,False,0.7609998919363947,0.8723530775645804,0.653108983008291,0.696452518511836,0.8331975025959062,2.8778052271298895,1.6122490271883678,1.5119600456167401,2.3730802639535704,0.955114991881512,FAR
338,377,357,train,40,False,0.757044166006898,0.870082850082047,0.6571372580220509,0.6958827022594141,0.8309021108689872,2.8778052271298895,1.6066870404073534,1.5070343270810196,2.3673469771998326,0.9549689558765984,FAR
339,378,358,train,40,False,0.7261116502741715,0.8521218517760071,0.6556701957040607,0.6798209589493565,0.8132413794102191,2.8778052271298895,1.5834097660367845,1.483645280835892,2.3855337045375373,0.9543721683879453,FAR
340,379,359,train,40,False,0.7189448763061208,0.8479061718764175,0.6679839543702288,0.6736607141868,0.8059667921147753,2.8778052271298895,1.5707112619980337,1.472097548112942,2.39137777443876,0.950537711420557,FAR
341,380,360,train,40,False,0.7144016387182832,0.8452228337653233,0.6733006447488357,0.6696437010649763,0.8030291576463785,2.8778052271298895,1.5704462423343815,1.4693310854399158,2.4050367109587016,0.9500798198612558,FAR
342,381,361,train,40,False,0.694494931891952,0.8333636252512777,0.6892820922426309,0.6563608442213453,0.7881319465687524,2.8778052271298895,1.5427706459966657,1.445464585719933,2.4099659248013374,0.9457239585314431,FAR
343,382,362,train,40,False,0.7288407603257729,0.853721711288739,0.7121140603598749,0.6699846165528553,0.8013477816067427,2.8778052271298895,1.5512626515625063,1.4555575168863135,2.392321778463753,0.9386522223934834,FAR
344,383,363,train,40,False,0.7460855295113191,0.8637624265452388,0.7281607031040568,0.6822077404570488,0.8152172816720593,2.8778052271298895,1.571304923001815,1.4760795545934333,2.377430682995511,0.9437980359167232,FAR
345,384,364,train,40,False,0.7380424609150094,0.8590939767656443,0.7234504309382006,0.6779572606499815,0.8102865774168369,2.8778052271298895,1.5627579938032947,1.4682131710119775,2.3821840246573176,0.9431873570659176,FAR
346,385,365,train,40,False,0.7474926120830621,0.8645765507362908,0.7664291018992427,0.6791570565526459,0.8148032381755046,2.8778052271298895,1.5821739601567644,1.4834032819204954,2.401874013908473,0.9424304157701268,FAR
347,386,366,train,40,False,0.7390803360408322,0.8596978167012129,0.7857461733197965,0.6756509043195361,0.8096646058646465,2.8778052271298895,1.5668655790372366,1.4693125355329173,2.3903636155849357,0.9418013982767209,FAR
348,387,367,train,40,False,0.7373656249907355,0.8586999621466951,0.7757787468854543,0.6744537634544262,0.8086916548574253,2.8778052271298895,1.571354998297717,1.4725028544430698,2.399548518888025,0.9417627698919979,FAR
349,388,368,train,40,False,0.7181598396475533,0.847443118827189,0.7744667719346682,0.6630797976259916,0.7959588802860971,2.8778052271298895,1.5539859809048093,1.4522037674379338,2.412921617266597,0.9392475584528398,FAR
350,389,369,train,40,False,0.703501955965209,0.8387502345544883,0.7797430329416639,0.6569514264064932,0.7881467411279657,2.8778052271298895,1.5430800286917787,1.4415721706252356,2.4133047158835765,0.9396679829801762,FAR
351,390,370,train,40,False,0.7112853377729838,0.8433773400874509,0.7863518658528313,0.6607502745889734,0.7934845118069527,2.8778052271298895,1.557819200458703,1.456025546703323,2.4206111412599247,0.9408416305383249,FAR
352,391,371,train,40,False,0.711961522621196,0.843778124047546,0.7561520290820806,0.6605330514044465,0.7939096629925508,2.8778052271298895,1.5665776343676028,1.4635963031196568,2.4349069731896242,0.9408986087292953,FAR
353,392,372,train,40,False,0.7128050698418955,0.8442778392460005,0.7589796074372525,0.660030756476399,0.7945290469207243,2.8778052271298895,1.5749080686305683,1.4691413661898751,2.451806793681434,0.9410753308772082,FAR
354,393,373,train,40,False,0.7221710169995379,0.8498064585536744,0.7567079951953624,0.6656004082541619,0.8006524786261533,2.8778052271298895,1.5845700121463433,1.4786038403074144,2.446379914520212,0.942158618079723,FAR
355,394,374,train,40,False,0.7206849476952417,0.8489316507795205,0.746916904975218,0.6639914708671159,0.7997089037642093,2.8778052271298895,1.5838375725867855,1.4774848557581521,2.4511537955136666,0.9420180093767113,FAR
356,395,375,train,40,False,0.7264832145804585,0.8523398468806082,0.7346918058705576,0.6681686007753277,0.8044578304858288,2.8778052271298895,1.5949036302924229,1.489343238295572,2.450609423167351,0.9438228582530572,FAR
357,396,376,train,40,False,0.720766298552436,0.8489795630946814,0.7234183113673688,0.6673830467461989,0.8008066679993562,2.8778052271298895,1.5735185777151504,1.4710156943135018,2.419570619174138,0.9432578860676852,FAR
358,397,377,train,40,False,0.6990629147018981,0.8360998234074075,0.7055578131713276,0.6568248005103098,0.7860360124444992,2.8778052271298895,1.5345423619635494,1.4344936148018665,2.4037366562404854,0.9401222084237737,FAR
359,398,378,train,40,False,0.6828675791827727,0.8263580211886206,0.6753592739381207,0.6494489687664307,0.7770140299883493,2.8778052271298895,1.5149881835777514,1.417389501071484,2.3985678866958935,0.9402873936779901,FAR
360,399,379,train,40,False,0.6507829032661362,0.8067111647089906,0.635020467237726,0.6337908406638673,0.7571056470464546,2.8778052271298895,1.4812151488785634,1.383385093662882,2.415311190075604,0.9385089486390948,FAR
361,400,380,train,40,False,0.648306587088773,0.8051748798172811,0.6346330733877426,0.6331347598987929,0.7557568511696464,2.8778052271298895,1.482842999394298,1.3830644460353532,2.41940241964569,0.9386244778788315,FAR
362,401,381,train,40,False,0.6486174487649194,0.805367896532336,0.6097359464467531,0.6316419044258403,0.755947777753802,2.8778052271298895,1.496104412613991,1.3940975746865003,2.442178376011848,0.9386365920577147,FAR
363,402,382,train,40,False,0.5989298009097211,0.7739055503804848,0.5723634221745966,0.6121711009076665,0.7336038988709996,2.404487302869755,1.4563181414315447,1.3547188223853392,2.4470027075751766,0.9479243281177255,FAR
364,403,383,train,40,False,0.5916149435563425,0.7691650951234998,0.5688557481529762,0.6091285137592113,0.7292639824033966,2.404487302869755,1.446087512225757,1.3441205110610572,2.441862604992365,0.9481241244915092,FAR
365,404,384,train,40,False,0.6040783537179469,0.7772247768296807,0.5822799436494026,0.6178915395434046,0.7382863114642352,2.404487302869755,1.461234859142385,1.3585669163387775,2.433235574327117,0.9499006381084807,FAR
366,405,385,train,40,False,0.6199025491377468,0.7873389036099682,0.58195208263144,0.6277316331075886,0.7516909606119757,2.404487302869755,1.4896729028341937,1.3856507095872224,2.437069737033273,0.9547235087272511,FAR
367,406,386,train,40,False,0.655129042344545,0.8094004215124583,0.5945308217936507,0.6400588644533427,0.7675445570262577,2.680029668914144,1.5154393965642399,1.4102813318497807,2.431534834801986,0.9482878148148378,FAR
368,407,387,train,40,False,0.6514538119027968,0.8071268871142857,0.5885781267303742,0.6374131319767631,0.7635557886471263,2.680029668914144,1.5026607636169762,1.3982780044349732,2.414927812190286,0.9460170399936262,FAR
369,408,388,train,40,False,0.6653283650018051,0.815676630167743,0.571780268309236,0.6473630804995805,0.7746628174978019,2.680029668914144,1.517610733573552,1.4138005004239331,2.397063030802238,0.9497180486076857,FAR
370,409,389,train,40,False,0.65420748271428,0.8088309358044362,0.5528711701534107,0.6407750681812179,0.7648748265099872,2.680029668914144,1.4925018866347575,1.3902382746738227,2.3798288604311275,0.9456547625113625,FAR
371,410,390,train,40,False,0.6725071830047347,0.8200653528864237,0.5884459786851471,0.6501779059580233,0.7746347734004498,2.680029668914144,1.5007479785715994,1.3996173494989221,2.3674915527567153,0.9446012694889868,FAR
372,411,391,train,40,False,0.6553404482157106,0.8095310050984524,0.6125758654353015,0.6407339179575187,0.7672836301370181,2.680029668914144,1.5044700867485026,1.4002636789110874,2.3918014574989312,0.9478125301003185,FAR
373,412,392,train,40,False,0.6510148922070388,0.8068549387634922,0.6422253317765145,0.6371791672410835,0.7637953169615876,2.680029668914144,1.4988522048217594,1.3965545768596548,2.3961104658468906,0.9466327592071336,FAR
374,413,393,train,40,False,0.6515862799602937,0.8072089444253536,0.6485652049226008,0.6383225332591457,0.764080610130901,2.680029668914144,1.495168792889132,1.395462811694391,2.3887813611863384,0.9465710401348991,FAR
375,414,394,train,40,False,0.6436505867979593,0.8022783723857694,0.6602533609306999,0.6344052738581709,0.7588197173929878,2.680029668914144,1.4842255876412476,1.3855669290640225,2.386997875089427,0.9458309528355517,FAR
376,415,395,train,40,False,0.6400099377241868,0.800006211053506,0.680075023766857,0.6311393167976043,0.7554468183539882,2.680029668914144,1.479524726758293,1.3810806445697372,2.390174367834885,0.944301191560952,FAR
377,416,396,train,40,False,0.6419333867755018,0.8012074555166732,0.6859478769410153,0.6325031825431197,0.7570069877515809,2.680029668914144,1.4857503961205691,1.385998196845086,2.3956906814904713,0.9448326803991249,FAR
378,417,397,train,40,False,0.6360556327684861,0.797530960382408,0.7025708014438682,0.6293393057041907,0.7530133288987088,2.680029668914144,1.4750600717153595,1.3769053084351666,2.3921779047302416,0.944180685521784,FAR
379,418,398,train,40,False,0.6368351723091703,0.7980195312830196,0.7369522132117102,0.6300460045968853,0.7537390983196299,2.680029668914144,1.473365148733102,1.3735738700070703,2.384437297541036,0.944512093717559,FAR
380,419,399,train,40,False,0.6512579925149787,0.8070055715513857,0.7591760576974584,0.640256418186438,0.7659391159342073,2.680029668914144,1.4946672703797872,1.394344333064693,2.3773472194113285,0.9491125500679848,FAR
381,420,400,train,40,False,0.662056193852481,0.813668356182346,0.7793125121216835,0.6444327182467646,0.7723462402777143,2.680029668914144,1.5083076326109812,1.4093249653854243,2.381080180941253,0.9492150387923268,FAR
382,421,401,train,40,False,0.6875418599401941,0.8291814396983294,0.7615696140763785,0.66121485210146,0.7899762638594792,2.680029668914144,1.5332960544027723,1.4331637761990903,2.3654461602166457,0.9527182182790854,FAR
383,422,402,train,40,False,0.6438545861021718,0.8024054997955659,0.708608493561768,0.6429735309509415,0.7717661656117781,2.680029668914144,1.5140987847411544,1.4127172438176157,2.3837922890298997,0.9618156478344256,FAR
384,423,403,train,40,False,0.655330202670729,0.8095246769992431,0.7067335849724137,0.6475321383545773,0.7774335949609819,2.680029668914144,1.5270593287554326,1.4245858919977692,2.3878546030718186,0.9603581176089444,FAR
385,424,404,train,40,False,0.653372029258295,0.8083143134067928,0.690616695693788,0.6488988946439491,0.7760116563966284,2.680029668914144,1.5198631753387115,1.416957573918137,2.3688630490939255,0.9600370097691098,FAR
386,425,405,train,40,False,0.6333201381388378,0.7958141354228623,0.6596803389324633,0.6431750834642621,0.7650908744041245,2.680029668914144,1.4849206511406863,1.3858731679339171,2.338934243592545,0.9613939239689269,FAR
387,426,406,train,40,False,0.6472952952180023,0.8045466395542289,0.6642286066916769,0.6477202771017533,0.773073005971637,2.680029668914144,1.5100762417159126,1.4071350307175474,2.359466669900352,0.9608802870644885,FAR
388,427,407,train,40,False,0.6522802693856178,0.8076386997820361,0.6653102307387944,0.6489129790681083,0.7757936329462064,2.680029668914144,1.5162251378192213,1.4142815826670079,2.363802780740676,0.9605701573681104,FAR
389,428,408,train,40,False,0.6578270654868396,0.8110653891560405,0.6731394613538779,0.6528356440749491,0.7804700543648238,2.680029668914144,1.5242846477242453,1.4221369253081266,2.3603976089087175,0.9622775978357886,FAR
390,429,409,train,40,False,0.6555766227440575,0.8096768631645945,0.7054395716245911,0.6507990637416403,0.7789737058380095,2.680029668914144,1.5301482704700144,1.4262726209011798,2.376192067193846,0.9620797398031323,FAR
391,430,410,train,40,False,0.6661478941976675,0.81617883714151,0.7005330130692757,0.656470446465941,0.7845526820079999,2.680029668914144,1.5276780149203806,1.4257130904944162,2.355360148739696,0.9612509493087644,FAR
392,431,411,train,40,False,0.6545820438922788,0.8090624474614297,0.6791928812965108,0.6488839690924416,0.7751642555236055,2.680029668914144,1.5040175419729895,1.403424615545442,2.3491857041130224,0.9581018844167275,FAR
393,432,412,train,40,False,0.6431679826201429,0.8019775449600461,0.6673863949193238,0.6379107702606284,0.7617168341228696,2.680029668914144,1.4752408065047988,1.3771465048918567,2.3624549238484542,0.9497982068323592,FAR
394,433,413,train,40,False,0.6409118946449063,0.8005697312819828,0.6759627645763456,0.6361266480533787,0.7604067231572851,2.680029668914144,1.4799667100400375,1.3815621905159197,2.375276299042569,0.9498319677158126,FAR
395,434,414,train,40,False,0.6490390957186264,0.8056296268873349,0.6930585175470692,0.6408158386759817,0.7651165463451108,2.680029668914144,1.4919198319169695,1.3930519987819026,2.3757864878758967,0.9497125239810853,FAR
396,435,415,train,40,False,0.6518610955889594,0.8073791523125671,0.6845607818020369,0.6412180526731321,0.7670145311113454,2.680029668914144,1.4945828491903563,1.394234173916073,2.3784828950841828,0.9500053709764419,FAR
397,436,416,train,40,False,0.6496817843365823,0.8060284016935025,0.6836169248712738,0.64037636289068,0.7654066807057385,2.680029668914144,1.4852527981401522,1.387574934207834,2.3655478714243308,0.9496026183414678,FAR
398,437,417,train,40,False,0.6537852002652802,0.8085698487238318,0.6881751067424928,0.6430662978798466,0.7693643090414517,2.680029668914144,1.500470827760029,1.4008532956369941,2.3836160744283594,0.9515124886931435,FAR
399,438,418,train,40,False,0.6536819774501536,0.8085060157167376,0.696315818055412,0.6417931993519377,0.769292192491881,2.680029668914144,1.5098948198675743,1.408000088320516,2.404548183973305,0.9514984150240444,FAR
400,439,419,train,40,False,0.6610631914817042,0.813057926276907,0.6870076388362352,0.6489572590501034,0.7760831432796504,2.680029668914144,1.5123041468597098,1.4117553856352545,2.371436756636954,0.9545238022995869,FAR
401,440,420,train,40,False,0.6525156344762658,0.807784398510064,0.6598286255490026,0.644149895869271,0.7706154595501202,2.680029668914144,1.503362081676329,1.4038866906971967,2.376049640167005,0.9539865599923681,FAR
402,441,421,train,40,False,0.6674660223383122,0.8169859376625231,0.6724928850450124,0.6472546239097646,0.778307928445722,2.680029668914144,1.5180357358753915,1.4174499109916425,2.3842686296757267,0.9526576805869356,FAR
403,442,422,train,40,False,0.6849335413183246,0.8276071177305839,0.6638964541539215,0.6576401098386011,0.7883863899384156,2.680029668914144,1.534034087668852,1.4338532910324573,2.3752671264723637,0.9526094846794972,FAR
404,443,423,train,40,False,0.6920543165759552,0.8318980205385484,0.6777574483540227,0.6606466503531658,0.7926216740058014,2.680029668914144,1.540492801753905,1.441554344693598,2.375724641409382,0.9527870657664018,FAR
405,444,424,train,40,False,0.6890122704957228,0.8300676300734313,0.686194890403294,0.6588719830708997,0.7907994344802225,2.680029668914144,1.5357712639300303,1.4351294897410773,2.374361872093797,0.9526927756600567,FAR
406,445,425,train,40,False,0.6940420376800892,0.8330918542874425,0.7097866268021762,0.660775422386991,0.7935527281921477,2.680029668914144,1.542288350061818,1.4426904874890827,2.3760090453813043,0.9525392957669557,FAR
407,446,426,train,40,False,0.6575111939596144,0.8108706394731618,0.6742432417543794,0.6496408235628743,0.7768599302088088,2.361507340241123,1.5037211593604627,1.406513441060985,2.3582629635997505,0.9580565535256642,FAR
408,447,427,train,40,False,0.6701594300012349,0.8186326587677986,0.6702010583406547,0.6578389891746739,0.7875085029784907,2.361507340241123,1.5252065163371549,1.4272831681502551,2.3636763770113967,0.9619803150339058,FAR
409,448,428,train,40,False,0.6588168208464259,0.8116753173815413,0.6728834746517656,0.6500860037036881,0.779167079132786,2.361507340241123,1.5193066504213621,1.4201563644080326,2.3887630859558535,0.9599492093049884,FAR
410,449,429,train,40,False,0.6654330613316708,0.8157408052388153,0.6914539563147342,0.6552945651251816,0.7857349148259836,2.361507340241123,1.5340836843586474,1.434462837601696,2.3941890315682066,0.9632163915055748,FAR
411,450,430,train,40,False,0.6551621405942383,0.8094208674072088,0.6639460554780252,0.6499026703193719,0.7807648981183131,2.361507340241123,1.5320082620569062,1.4308368091826453,2.4031235163986033,0.9645969477156076,FAR
412,451,431,train,40,False,0.6351203132068461,0.7969443601700473,0.6554114157634269,0.6398796656174639,0.7674961195970562,2.361507340241123,1.49634727798845,1.3989780034307153,2.383075227749541,0.9630485614244041,FAR
413,452,432,train,40,False,0.65180432401275,0.8073439936066596,0.654180505472686,0.6498361217747053,0.7783638377709159,2.361507340241123,1.5164421906995262,1.417866679045921,2.379620966102336,0.9641043271948054,FAR
414,453,433,train,40,False,0.6374709076878643,0.7984177526131695,0.6247107045387151,0.641206191542329,0.7697868065025706,2.361507340241123,1.5084179494520569,1.4076586796549408,2.398572632347662,0.9641403939016991,FAR
415,454,434,train,40,False,0.6652569239655266,0.8156328364929447,0.6219877285787285,0.6539926762100797,0.7845118113943899,2.361507340241123,1.5254745448186147,1.4241551073349275,2.3846231927964827,0.961844320500424,FAR
416,455,435,train,40,False,0.6767172742097902,0.8226282721921185,0.5974858717344143,0.6607360445509942,0.7933429940206767,2.361507340241123,1.548944112169714,1.4459354200388996,2.399812273817279,0.9644003504846688,FAR
417,456,436,train,40,False,0.6802059323974838,0.8247459805282374,0.5845791012181104,0.6613789643576924,0.7958433454806786,2.361507340241123,1.5525148117325256,1.4490021444840835,2.403152138296494,0.9649557127528562,FAR
418,457,437,train,40,False,0.6827186932738968,0.8262679306822314,0.5680739321550411,0.6634140048432202,0.7976581162122879,2.361507340241123,1.5550433523534457,1.4503852733320257,2.3986350549097195,0.9653746522071588,FAR
419,458,438,train,40,False,0.687158397344585,0.8289501778421818,0.5799028867529212,0.6671337485049719,0.8012221942061697,2.361507340241123,1.5557154272659734,1.4529976758915317,2.3853826031856276,0.96655048231223,FAR
420,459,439,train,40,False,0.6903695044814339,0.8308847720842125,0.5914274223634763,0.6694264367250625,0.8030635807436199,2.361507340241123,1.559433409091391,1.457236119239595,2.383451797273314,0.9665161857873442,FAR
421,460,440,train,40,False,0.6733073514134486,0.8205530765364594,0.5906114568005936,0.6611345482558655,0.7915406233306091,2.361507340241123,1.5351863153771859,1.4362074273664234,2.3798986097401658,0.9646428073509744,FAR
422,461,441,train,40,False,0.6603175213858512,0.8125992378693517,0.6136437492108862,0.6531071885007318,0.7846069322465924,2.361507340241123,1.5402839529445038,1.439104873986676,2.409681013654062,0.9655521389656289,FAR
423,462,442,train,40,False,0.6481982773242955,0.8051076184736395,0.624331976709962,0.6468264054608841,0.7752618842876243,2.361507340241123,1.5212976379816245,1.420517025833124,2.4007369532168044,0.9629295096690327,FAR
424,463,443,train,40,False,0.6227255829451521,0.7891296363368646,0.6283306632627454,0.6332234870923596,0.7595787290458405,2.361507340241123,1.496006854834632,1.3951299291353785,2.4103465726667945,0.9625525313835641,FAR
425,464,444,train,40,False,0.6332076347381175,0.7957434478135007,0.6583244524581658,0.6369241808188908,0.7661928367300975,2.361507340241123,1.5197367059775424,1.4156214731418757,2.432645013901265,0.9628641477795379,FAR
426,465,445,train,40,False,0.6526604669496541,0.8078740415124465,0.7133557629544508,0.6428468642847198,0.7768488251321362,2.378737163398793,1.5540354766887936,1.4469786338384498,2.4612022269012215,0.961596468278363,FAR
427,466,446,train,40,False,0.6373109305323246,0.7983175624601557,0.6897752850553016,0.6351779823613468,0.767879371234543,2.378737163398793,1.5373281166863637,1.4327394834652378,2.467012873181262,0.9618720761549926,FAR
428,467,447,train,40,False,0.6356420631636244,0.7972716369993507,0.7098830795253093,0.6356220647170311,0.7670038272857554,2.378737163398793,1.5364607893693034,1.4306133423793137,2.464575573433443,0.9620357625821074,FAR
429,468,448,train,40,False,0.6284591618086109,0.7927541622776956,0.7153267597499552,0.6293932136116577,0.7605654733601476,2.378737163398793,1.5268050619406992,1.42200442717412,2.48113892509111,0.9593963797994257,FAR
430,469,449,train,40,False,0.6356490227495991,0.7972760016139951,0.6984970413039849,0.6347522421193664,0.7649996384636581,2.378737163398793,1.5229869689281343,1.4192560921274238,2.460407467267553,0.9595167005089869,FAR
431,470,450,train,40,False,0.6142551496247096,0.7837443139345316,0.6583241365306216,0.6221982057144482,0.7514117922112374,2.378737163398793,1.5032736319874243,1.3998054359728755,2.475236528327229,0.9587460844711213,FAR
432,471,451,train,40,False,0.6317895952862524,0.7948519329323245,0.654429696770951,0.6339034595547327,0.7642219274405198,2.378737163398793,1.5281140998028788,1.4221504497454442,2.4684609842789484,0.9614645140525655,FAR
433,472,452,train,40,False,0.7001152118532176,0.8367288759527889,0.7033905846541478,0.6652627535510149,0.8018477008945947,3.0777349349047607,1.5955041822644653,1.4869127781050562,2.4422695885300123,0.9583124521446988,FAR
434,473,453,train,40,False,0.7015351539241609,0.8375769540311868,0.7171428472461382,0.6652284506748368,0.802681486759959,3.0777349349047607,1.5966481579688794,1.4880233238177911,2.444089903415107,0.9583375985892653,FAR
435,474,454,train,40,False,0.7038149962510227,0.8389368249463262,0.7016016525414482,0.6659388158051645,0.8038443786554034,3.0777349349047607,1.5995492051886138,1.4911195373366009,2.445463793311105,0.9581703350628721,FAR
436,475,455,train,40,False,0.7030412441733768,0.8384755477492333,0.6729456296087327,0.6661453209463767,0.8033428206768789,3.0777349349047607,1.6053259553666717,1.4950032804299842,2.454228504126152,0.9580992824815667,FAR
437,476,456,train,40,False,0.700087761393808,0.8367124723546363,0.6515142825863357,0.6626227744699378,0.8008650553024109,3.0777349349047607,1.6093322052514345,1.4969553530551565,2.4799151833748647,0.9571568271818092,FAR
438,477,457,train,40,False,0.7054217718764642,0.8398939051311565,0.6399367288741941,0.6666899436048649,0.8048078399234253,3.0777349349047607,1.610752469609654,1.500732391491345,2.4612413752537967,0.9582255985031203,FAR
439,478,458,train,40,False,0.7529123506840374,0.8677052210768571,0.6100232762439555,0.6841879143790532,0.8257605716914561,3.0777349349047607,1.6420618657442811,1.532891860805298,2.446723256998223,0.9516602546964672,FAR
440,479,459,train,40,False,0.7503642199992727,0.8662356607755609,0.5628492346564652,0.6817102795118771,0.8237680651237518,3.0777349349047607,1.641457679930437,1.531925842366706,2.454455718246861,0.9509745470259364,FAR
441,480,460,train,40,False,0.7426491003304359,0.8617709094245616,0.5361043302827877,0.6758665859173977,0.8164268350554572,3.0777349349047607,1.6225828269816165,1.5146512352190602,2.4430829379874046,0.9473826815535207,FAR
442,481,461,train,40,False,0.715918767665756,0.8461198305593339,0.5154656732555358,0.6649112989687966,0.7994046081619296,3.0777349349047607,1.5876624513400794,1.4813482009965284,2.434644898336896,0.9447888813024004,FAR
443,482,462,train,40,False,0.6973730550476684,0.8350886510111777,0.503321428016042,0.6537100107192608,0.788494692594875,3.0777349349047607,1.5725895196928064,1.465098361479967,2.4492538245774624,0.9442047759122534,FAR
444,483,463,train,40,False,0.6861962305108401,0.8283696219145413,0.49724204935026395,0.6477321666347711,0.7813531742594915,3.0777349349047607,1.563149924608782,1.4547092631619658,2.4543419073148325,0.9432421875317147,FAR
445,484,464,train,40,False,0.6798530234884725,0.8245320027072767,0.5001523614376373,0.6419063875735319,0.7768782959124033,3.0777349349047607,1.566358214872116,1.4583707437623623,2.487925193524067,0.9422051459028798,FAR
446,485,465,train,40,False,0.6669036799572203,0.8166417084359703,0.49651036433291795,0.6368596957777551,0.7688676955922487,3.0777349349047607,1.5473759578063646,1.4391414675431418,2.4793523452813586,0.9414994209208121,FAR
447,486,466,train,40,False,0.6617472622285071,0.8134784952464983,0.49650220996769834,0.6325558355425818,0.7651043659376944,3.0777349349047607,1.5493091448026766,1.4398410933554615,2.497173644323758,0.9405342248240431,FAR
448,487,467,train,40,False,0.6857386980537207,0.8280934114299671,0.512577462262902,0.6443162894854876,0.7766609678606577,3.0777349349047607,1.5702714349241844,1.4613835624391964,2.490497492722739,0.9378905291849927,FAR
449,488,468,train,40,False,0.7113095830979873,0.8433917139135215,0.5183284483842845,0.6596542431410952,0.7921855706353522,3.0777349349047607,1.584272383419489,1.476055433870989,2.457933183907003,0.9392854560539117,FAR
450,489,469,train,40,False,0.7288954595595152,0.8537537464395194,0.5188088264765873,0.6693538195977738,0.8026096352834997,3.0777349349047607,1.5942033238861637,1.4864181453120686,2.442235126531423,0.9400950082277117,FAR
451,490,470,train,40,False,0.7268582865856963,0.8525598434043773,0.51015600180269,0.6658500372833528,0.8014921996646247,3.0777349349047607,1.6013020445946637,1.4944995655531972,2.4635908105207003,0.940100810359736,FAR
452,491,471,train,40,False,0.7532656705353025,0.8679087915992685,0.5151688850229263,0.6780976069025642,0.8177091833837575,3.0777349349047607,1.6386380417732085,1.5289785773409805,2.478893676014575,0.9421602722527909,FAR
453,492,472,train,40,False,0.7367476475737458,0.8583400535765214,0.5114019306121038,0.6686783386420292,0.8069914792986745,3.0777349349047607,1.6169854742152325,1.5076580986771677,2.476604767503704,0.9401768866967256,FAR
454,493,473,train,40,False,0.7443744654036626,0.8627713865234884,0.5180882367043542,0.6737800773444509,0.8119836808425639,3.0777349349047607,1.612845062811457,1.5066728395289215,2.4511369455561365,0.9411342257355427,FAR
455,494,474,train,40,False,0.7109765309678215,0.8431942427269185,0.5080745291031397,0.6569709323520913,0.792122050642441,3.0777349349047607,1.5848678292123608,1.4785964535485963,2.462551192436784,0.9394300986694261,FAR
456,495,475,train,40,False,0.69624488844456,0.8344129004543015,0.5151703142827615,0.6461469175315214,0.7790741985106815,3.0777349349047607,1.5594203796389603,1.452499774272629,2.472260236316231,0.9336794746180332,FAR
457,496,476,train,40,False,0.7092489879210936,0.8421692157287,0.5241508972460392,0.6548463915911069,0.7863534844726832,3.0777349349047607,1.5676468482911488,1.461154311203083,2.4559008055877967,0.9337238523878824,FAR
458,497,477,train,40,False,0.7515277360986217,0.8669069939149306,0.5609064770369009,0.6693188900679908,0.8054044421554852,3.0777349349047607,1.5964687528034118,1.491404183155381,2.450366406128616,0.9290551902439944,FAR
459,498,478,train,40,False,0.754691529039472,0.8687298366232576,0.5516797931990876,0.6709188981447164,0.8075507040392284,3.0777349349047607,1.6048623488315177,1.4974882701230918,2.4584618979427075,0.9295763423737904,FAR
460,499,479,train,40,False,0.7501558300977209,0.8661153676605219,0.5458109114370974,0.6681300622707332,0.8049005782522233,3.0777349349047607,1.599638567550348,1.492548075614642,2.4598516935953314,0.9293225917770668,FAR
461,500,480,train,40,False,0.7628589968914411,0.8734179966610724,0.5457358064656849,0.6768332692537105,0.8140638046231956,3.0777349349047607,1.6166526335986457,1.507612829371651,2.4524989598239615,0.9320437725524575,FAR
462,501,481,train,40,False,0.7787937424237379,0.8824929135260735,0.555775025467067,0.6838959613589705,0.8223335276142759,3.0777349349047607,1.6219270482113834,1.5149283001598817,2.4357070918593173,0.9318301767756686,FAR
463,502,482,train,40,False,0.77689635800849,0.8814172439931556,0.557174713304611,0.681781228667641,0.8200525259554852,3.0777349349047607,1.6161173180187425,1.5098981185060734,2.4313585907042707,0.9303794900135323,FAR
464,503,483,train,40,False,0.7836166278221585,0.8852212310050852,0.5683654199161116,0.6859031929964076,0.8255716016892997,3.0777349349047607,1.6287648505159524,1.5222287026483088,2.435147902808125,0.9326161334290876,FAR
465,504,484,train,40,False,0.7711042098266289,0.8781253952748599,0.579678084451281,0.6808693362731301,0.817340385478986,3.0777349349047607,1.6072599339895448,1.5026797521612476,2.4222160797601036,0.9307786676903386,FAR
466,505,485,train,40,False,0.7607070493541087,0.8721852150513151,0.5943076115044328,0.6772716034776891,0.8122655738221812,3.0777349349047607,1.590952787959165,1.4878266469684465,2.4132966013141077,0.9312994072874665,FAR
467,506,486,train,40,False,0.7605940903517803,0.8721204563314521,0.6227817693093606,0.6769417021270406,0.8121818499519495,3.0777349349047607,1.5966159241330566,1.4903319155897257,2.4260696561476514,0.9312725599493074,FAR
468,507,487,train,40,False,0.7612358889915549,0.8724883317222958,0.6470093770677088,0.6746387432076444,0.8125223823976396,3.0777349349047607,1.5964202248590371,1.4902016714364792,2.433445048992094,0.9312701991025105,FAR
469,508,488,train,40,False,0.7835095111224224,0.8851607261522748,0.6777275308811964,0.6886283023055926,0.8277169699243105,3.0777349349047607,1.6219779977313418,1.514999119026212,2.4136498906908566,0.9351035868054519,FAR
470,509,489,train,40,False,0.7745329411380715,0.8800755314960594,0.7214459544171788,0.6820503958534043,0.8219999767810003,3.0777349349047607,1.6200086979557178,1.512956822262495,2.4294178905365422,0.9340107154026482,FAR
471,510,490,train,40,False,0.7742756828312221,0.8799293624099732,0.7885937207368785,0.6832701443887077,0.8217479832157857,3.0777349349047607,1.6170516920860194,1.5095020666330452,2.415640926152311,0.933879488877563,FAR
472,511,491,train,40,False,0.77904286322238,0.8826340483022281,0.8683565203016458,0.6840164302735827,0.8241585444646148,3.0777349349047607,1.6203561831153277,1.5156980360106131,2.417508909465485,0.9337488691376764,FAR
473,512,492,train,40,False,0.7123446738505843,0.8440051385214336,0.820047350717963,0.6560912100026821,0.7901157291429148,2.880569286083097,1.558422962521141,1.4558883915578147,2.420599947299034,0.9361503776233819,FAR
474,513,493,train,40,False,0.7080593226555363,0.8414626091844701,0.8009603536409755,0.6554225329169927,0.787488738188251,2.880569286083097,1.5452230856561795,1.445252779528091,2.4033122929207957,0.9358570774184137,FAR
475,514,494,train,40,False,0.6916793944567254,0.8316726486164646,0.8080163199601791,0.6455796849318953,0.7772298212705027,2.880569286083097,1.527830698691227,1.4264216828195835,2.420774178338585,0.9345381533990198,FAR
476,515,495,train,40,False,0.6826294752607951,0.8262139403694391,0.8121950195855258,0.6397240438247207,0.7698589892328846,2.880569286083097,1.5082377845240296,1.4094305885431413,2.4177371972048234,0.9317913334754974,FAR
477,516,496,train,40,False,0.6853772280967355,0.8278751283235507,0.8182964111853767,0.642304580155705,0.772176616048281,2.880569286083097,1.504142548649172,1.406501823919189,2.395353556468841,0.9327211189590159,FAR
478,517,497,train,40,False,0.7021836841658609,0.8379640112593505,0.8326017416189557,0.6507149224805613,0.7811637782035623,2.880569286083097,1.5202014165070654,1.421949531285423,2.3902608914891332,0.9322163812614997,FAR
479,518,498,train,40,False,0.6584484068096285,0.8114483389653518,0.845681247995433,0.6347633001281903,0.7626705873805081,2.689363214234114,1.4862949161295305,1.389062399350075,2.393746866540483,0.9398880381626779,FAR
480,519,499,train,40,False,0.6565173955535404,0.8102576106113045,0.9183105756295283,0.6315620868027053,0.760963018091768,2.689363214234114,1.4972109171830168,1.396907026610225,2.4397711728970086,0.9391618272090702,FAR
481,520,500,train,40,False,0.6636378581796729,0.8146397106572162,0.9535877962674764,0.6377727557429486,0.7678560084819118,2.689363214234114,1.5065022653575177,1.4072720850955178,2.4329585524114075,0.9425712967790864,FAR
482,521,501,train,40,False,0.6736018316638939,0.8207324970195184,0.9540216914666438,0.645981600799741,0.776043739422885,2.689363214234114,1.5136720482014545,1.4144234074446598,2.4133297618903007,0.9455501545766493,FAR
483,522,502,train,40,False,0.6905478678302266,0.8309920985365785,0.9748811260750213,0.6530791146170575,0.7861940410640363,2.689363214234114,1.5343199607730627,1.4344731592880222,2.4161378824838793,0.9460908743278861,FAR
484,523,503,train,40,False,0.7151644469545585,0.8456739601965751,0.9613151209227465,0.6641636167179558,0.7997172754541564,2.689363214234114,1.5645136251427432,1.461861055287861,2.4214297077284677,0.9456567342670262,FAR
485,524,504,train,40,False,0.7213176466314781,0.8493042132425096,0.9450204260085455,0.6694271418066513,0.8040727826021902,2.689363214234114,1.5637374570565044,1.4614548571833534,2.3932486493707836,0.9467429574290785,FAR
486,525,505,train,40,False,0.7552223093378195,0.8690352750825593,0.9735596163921068,0.6873977262746234,0.8211896392036483,2.689363214234114,1.5808144791157777,1.4790927533497216,2.370921890396333,0.9449439657390598,FAR
487,526,506,train,40,False,0.7772666153182094,0.8816272541829735,0.9844568530918896,0.6976923000270592,0.8339357906702975,2.689363214234114,1.6039118973102824,1.5018483309562174,2.36941811417248,0.945905184661206,FAR
488,527,507,train,40,False,0.756919590201551,0.8700112586636745,0.9785472277408391,0.6897600395798726,0.8245235833063875,2.689363214234114,1.5867439812824193,1.4831843943141154,2.369241516795735,0.9477159922882431,FAR
489,528,508,train,40,False,0.7345345075000432,0.8570498862376934,0.9638210269890413,0.677762341404535,0.8117981978892977,2.689363214234114,1.5712330424015541,1.4674158897662681,2.3799390800121096,0.9472006366548358,FAR
490,529,509,train,40,False,0.7259875452218543,0.8520490274754465,0.9502353659091265,0.6737848770111838,0.8073617953557207,2.689363214234114,1.567544356509759,1.4641917335123087,2.3849349565465836,0.9475532150395963,FAR
491,530,510,train,40,False,0.72931224760516,0.8539978030446916,0.9423896585379102,0.6770857997798635,0.8091586824787502,2.689363214234114,1.5625160975600276,1.4587297002648925,2.366667138932308,0.9474950399098452,FAR
492,531,511,train,40,False,0.7190639089632005,0.8479763610875014,0.9598629136379149,0.6745441578619678,0.8042315290460316,2.689363214234114,1.5454847879261027,1.444202756687277,2.35360170959597,0.9484126751064517,FAR
493,532,512,train,40,False,0.7286538309326108,0.853612225154145,0.9619752732924864,0.6791270449634774,0.8111371722782061,2.689363214234114,1.5582913111515413,1.458400669754834,2.3584197444205706,0.9502408100255725,FAR
494,533,513,train,40,False,0.7146283968613314,0.8453569641644477,0.9467851861959493,0.6695353271442539,0.8002968598729838,2.689363214234114,1.5497959377858384,1.4475112346869101,2.384358212238138,0.946696950280641,FAR
495,534,514,train,40,False,0.723122378479942,0.8503660261792813,0.9516867521308303,0.6749264846192446,0.8075197511782033,2.689363214234114,1.5677806464083592,1.4651400466172533,2.393101075012691,0.9496143146809527,FAR
496,535,515,train,40,False,0.731829218927732,0.8554701741894524,0.9515065200875953,0.6818136087805255,0.8165217412931799,2.689363214234114,1.5869785679090511,1.483273521256427,2.390853730155116,0.9544713140546651,FAR
497,536,516,train,40,False,0.7089904784095908,0.8420157233743268,0.9435001726269383,0.666360371961318,0.8007243460957938,2.689363214234114,1.56242345868141,1.4596624200107542,2.4131131504711463,0.9509612752680433,FAR
498,537,517,train,40,False,0.7027925462897142,0.8383272310319606,0.9189035174012189,0.667593497430621,0.7985839300153994,2.443513342976538,1.55311314772784,1.449861960957168,2.403500357806658,0.9525921387909133,FAR
499,538,518,train,40,False,0.7058159257189421,0.8401285173822766,0.8759932272517478,0.6686599741173392,0.8004342702674982,2.443513342976538,1.5570705690278412,1.45436218267414,2.4058146196140386,0.9527521726813177,FAR
500,539,519,train,40,False,0.6950192676672264,0.8336781559254305,0.8268641453904698,0.660763347464331,0.7918910527218903,2.443513342976538,1.545275254549182,1.4416445169646364,2.4225019341079372,0.9498762167311987,FAR
501,540,520,train,40,False,0.6785400224291946,0.8237354080220145,0.8072784027649248,0.648528139032542,0.7782323450114679,2.443513342976538,1.5200214731186006,1.4164042212428578,2.433290875413485,0.944760098245855,FAR
502,541,521,train,40,False,0.6692383008443528,0.8180698630583777,0.8096997145981497,0.6463087564760789,0.7737575092109135,2.443513342976538,1.5121039566606422,1.4086254941642644,2.429905958235662,0.9458330445253157,FAR
503,542,522,train,40,False,0.6802608380619735,0.8247792662658133,0.8138561343242721,0.6538578742222914,0.7835070988102822,2.443513342976538,1.5407353745361183,1.4352236228868187,2.452688144216499,0.949959741783531,FAR
504,543,523,train,40,False,0.7364372940768982,0.8581592475041554,0.8270734080418045,0.6722495277340605,0.8070925606392911,3.4399075953902614,1.5878330031230148,1.4805822757180924,2.4509132428089915,0.9404927616717002,FAR
505,544,524,train,40,False,0.7682284179661115,0.8764864048951995,0.8575148336043916,0.686585321524651,0.824087208638977,3.4399075953902614,1.60932464522298,1.503251961818166,2.439131147099686,0.9402167609633514,FAR
506,545,525,train,40,False,0.7820596345301188,0.8843413563382179,0.861197465935148,0.6928616354547483,0.8306478506901047,3.4399075953902614,1.6239515997920186,1.5174521992469585,2.438882330175488,0.939284185610813,FAR
507,546,526,train,40,False,0.8016929794030855,0.8953730950855545,0.8686469074380727,0.7026095637909276,0.8416429742244962,3.4399075953902614,1.6359268490841798,1.5334251909868306,2.4163457131692234,0.9399913609689999,FAR
508,547,527,train,40,False,0.8154718376050468,0.903034793130944,0.901217286359506,0.7107143259693692,0.8480393461196378,3.4399075953902614,1.6463732451264677,1.5444666956898823,2.4056040037879067,0.9390993044458126,FAR
509,548,528,train,40,False,0.8026628455761149,0.8959145302851801,0.8900202043826001,0.7051655197898239,0.8408712821162858,3.4399075953902614,1.6297516302655832,1.5306194090528564,2.399697172567335,0.9385619427878088,FAR
510,549,529,train,40,False,0.7967214891869239,0.8925925661727885,0.8918433217200213,0.6999334533993231,0.8356200807626835,3.4399075953902614,1.6210401171359945,1.5215145722815175,2.4087543383236745,0.9361719024230858,FAR
511,550,530,train,40,False,0.805142367389811,0.8972972569833316,0.8693447335374571,0.7062761565846232,0.8422247038322259,3.4399075953902614,1.6279679784201526,1.529019922307319,2.3997905972954015,0.9386239590921555,FAR
512,551,531,train,40,False,0.7822621611803292,0.8844558559817043,0.8330507304103719,0.693798583620141,0.8263056219025134,3.4399075953902614,1.5972185338112919,1.4987344774211069,2.3972931490063525,0.9342530961993045,FAR
513,552,532,train,40,False,0.8099252424250316,0.8999584670555811,0.8202870852440897,0.7109671546738682,0.8461744569191975,3.4399075953902614,1.6293632357009415,1.5308073883820517,2.388213084885903,0.9402372308220508,FAR
514,553,533,train,40,False,0.8282560938327796,0.9100857618009303,0.8036100439861575,0.7179937943817591,0.8557713846951789,3.4399075953902614,1.6544224760801902,1.5500454130243289,2.398889970365529,0.9403194958261176,FAR
515,554,534,train,40,False,0.8641729318593985,0.9296090209649422,0.7622728345466006,0.7374360773509545,0.8743763690137711,3.4399075953902614,1.6703911600140504,1.5699399304547157,2.3601554745698423,0.9405850731807237,FAR
516,555,535,train,40,False,0.8746452693253387,0.935224715950845,0.7307084501647786,0.7457974093837442,0.8826595178708427,3.4399075953902614,1.68150429902134,1.5804944730663573,2.3395349559005787,0.9437940452348299,FAR
517,556,536,train,40,False,0.8824194329294743,0.9393718288992248,0.7203858685155102,0.7485053845120554,0.8878863170847998,3.4399075953902614,1.6995594445978235,1.5970322433205506,2.3592404346863822,0.9451915522368212,FAR
518,557,537,train,40,False,0.8730371791721755,0.9343645857866059,0.6922308866804766,0.7450997095673839,0.8833009353368532,3.4399075953902614,1.685345765912355,1.5825523460896096,2.351516747440334,0.945349330200947,FAR
519,558,538,train,40,False,0.8680233812655356,0.9316777239290073,0.6877988192625528,0.7429916464934234,0.8799374920419227,3.4399075953902614,1.683994737563145,1.5795395261706937,2.3582748101396063,0.944465526481744,FAR
520,559,539,train,40,False,0.8764653584362527,0.9361972860654173,0.7026826771835877,0.7499427174050506,0.8863395562995013,3.4399075953902614,1.6804730164272161,1.5804080435546202,2.3111772442805454,0.946744419677337,FAR
521,560,540,train,40,False,0.8976707781093239,0.9474548950263142,0.7120877557438208,0.7595093833818265,0.8982250661001672,3.4399075953902614,1.7095891510518324,1.6069997859709566,2.322960053144249,0.9480399233941582,FAR
522,561,541,train,40,False,0.8910376360789648,0.9439478990277825,0.7283426154078362,0.7537037235208521,0.8933027110638125,3.4399075953902614,1.7060584674014385,1.6055523411387433,2.3372771440241196,0.9463474753043766,FAR
523,562,542,train,40,False,0.8754299134323261,0.9356441168694035,0.7198926171825878,0.7476879130006475,0.8841783031372927,3.4399075953902614,1.6881605633317327,1.5881710154870354,2.3343657958969417,0.9449942421437847,FAR
524,563,543,train,40,False,0.859451588917743,0.9270661189568644,0.7367912829956392,0.7414272896385635,0.8763816417758171,3.4399075953902614,1.67510045694505,1.5770780335164933,2.337534936699419,0.9453280881000402,FAR
525,564,544,train,40,False,0.8483443665833562,0.9210561147852807,0.7579577690782595,0.7332852988348394,0.86730689535019,3.4399075953902614,1.6601607527625675,1.5632051468355947,2.3484853392226714,0.9416439253024004,FAR
526,565,545,train,40,False,0.8105978237246415,0.9003320630326577,0.7303390212937259,0.713229337832238,0.8468897057721758,3.4399075953902614,1.632119800945791,1.5360027503817684,2.3581332466972063,0.9406415038908335,FAR
527,566,546,train,40,False,0.7889944709931587,0.888253607362874,0.7242258714567953,0.7044636837224367,0.8345009095300451,3.4399075953902614,1.6038533913880357,1.508379971185247,2.344239371269597,0.939484965344059,FAR
528,567,547,train,40,False,0.7812250034733536,0.8838693361992787,0.723626933010572,0.6980853164414151,0.8296138321950736,3.4399075953902614,1.6068950615848614,1.510234137725965,2.375171184402108,0.9386159223064476,FAR
529,568,548,train,40,False,0.7833704187844468,0.8850821536922133,0.7411334565471144,0.6995269103967281,0.8312449330357957,3.4399075953902614,1.6082349733613455,1.511564884631193,2.3720980155641365,0.939172628855039,FAR
530,569,549,train,40,False,0.7884253083980386,0.8879331666280061,0.7546616104357768,0.700785232391617,0.8339656507156992,3.4399075953902614,1.6153803817073247,1.5169841587538564,2.377718287462863,0.93922119598567,FAR
531,570,550,train,40,False,0.7741875852257964,0.8798793015100403,0.7915369984507884,0.6929530691335899,0.8248163951846305,3.4399075953902614,1.5981772374154288,1.5019845954104778,2.378064616368717,0.937419932221486,FAR
532,571,551,train,40,False,0.7620609181043283,0.8729610060617418,0.7809746581436525,0.6866147317887122,0.8171163557613312,3.4399075953902614,1.5877708039557805,1.490015963602048,2.3820454940110185,0.936028471016882,FAR
533,572,552,train,40,False,0.753369344862087,0.867968516054636,0.7976254460236796,0.6819599352207495,0.8109960538460281,3.4399075953902614,1.5799798450272537,1.479912087516429,2.387874399026913,0.9343611419598754,FAR
534,573,553,train,40,False,0.7678620934251706,0.8762774066613669,0.8177153400528341,0.6923664808374628,0.8221052176976187,3.4399075953902614,1.601700100851695,1.501099470560025,2.3772465344961997,0.9381791787030717,FAR
535,574,554,train,40,False,0.7974092337058664,0.8929777341601897,0.8741321167608774,0.7037211060123657,0.8365656270998707,3.4399075953902614,1.6236236000784152,1.5223782057268305,2.3686129472252793,0.9368269723842865,FAR
536,575,555,train,40,False,0.8072621991868036,0.8984777121257954,0.8699696091495202,0.7103410204383339,0.842812829175028,3.4399075953902614,1.6321749643138603,1.5318981450673428,2.355285201830464,0.9380453380206121,FAR
537,576,556,train,40,False,0.8098233603072227,0.8999018614866972,0.8614452995491421,0.7141673071031469,0.8455827608506763,3.4399075953902614,1.631822967799856,1.5313243703758606,2.330244580005295,0.9396388617906822,FAR
538,577,557,train,40,False,0.7659745546559413,0.8751997227238714,0.8133879588246636,0.6920463455641057,0.8221869940910516,3.4399075953902614,1.5984412032927118,1.4990137961397292,2.35042870393107,0.9394278502878988,FAR
539,578,558,train,40,False,0.7653152044524872,0.8748229560616749,0.8114925001207665,0.6910542335110715,0.8217973966292842,3.4399075953902614,1.5975226262687745,1.49839359357494,2.3523581797686184,0.9393870964805221,FAR
540,579,559,train,40,False,0.7701348771439721,0.8775732887593902,0.8057894082842919,0.6944317622217164,0.8261882051287495,3.4399075953902614,1.6027065815309331,1.5061832889262772,2.3429269712493612,0.941446390530775,FAR
541,580,560,train,40,False,0.7892168253666312,0.8883787623343048,0.8109949630943192,0.7072341028647054,0.8412845872515667,3.4399075953902614,1.6308391248716014,1.5330909619534174,2.3341261743507102,0.9469886302110675,FAR
542,581,561,train,40,False,0.8010288215331212,0.8950021349321582,0.797595270449691,0.7134992700234118,0.846850230708189,3.4399075953902614,1.630075558372215,1.532369540862462,2.321085597149075,0.9461991180304624,FAR
543,582,562,train,40,False,0.8000142845197578,0.8944351762535716,0.8098331209390944,0.7132200741706967,0.8461708714900237,3.4399075953902614,1.6245550411762202,1.5277872005765798,2.3133439206262087,0.9460393485800641,FAR
544,583,563,train,40,False,0.7464867261062911,0.8639946331466944,0.8366254975092956,0.6958074764757456,0.8243412280785478,2.4900346950964805,1.5848205298028557,1.4896910974387318,2.3227740906063508,0.954104570159507,FAR
545,584,564,train,40,False,0.7203729217498036,0.8487478552254513,0.812215360927596,0.6844343561472699,0.8115269672997112,2.4900346950964805,1.5700018924897399,1.4741897613638255,2.333864286949585,0.9561461184301276,FAR
546,585,565,train,40,False,0.6963481286480695,0.8344747621396764,0.7919792906000855,0.6739126677315124,0.7985521102664557,2.4900346950964805,1.5452576368298574,1.4512636488884287,2.3340083104663316,0.9569517815240913,FAR
547,586,566,train,40,False,0.6717306977569175,0.8195917872678554,0.8223182500816125,0.660898904546802,0.7833201209845368,2.4900346950964805,1.5184690374741947,1.4242094823832907,2.346265444252557,0.9557442292043559,FAR
548,587,567,train,40,False,0.6719144537555141,0.8197038817496927,0.8019725883582925,0.6609776444601885,0.7833962713243279,2.4900346950964805,1.5116592850435828,1.4181507199521843,2.339551149807468,0.9557064310249884,FAR
549,588,568,train,40,False,0.7131450189716393,0.844479140637375,0.863923496483743,0.6776949403484546,0.8018244982641647,2.4900346950964805,1.534155248208184,1.4404463130170948,2.3306854093983698,0.9494899988399755,FAR
550,589,569,train,40,False,0.7295198304458814,0.8541193303314716,0.8730336809685911,0.6887741242340699,0.8135885141720257,2.4900346950964805,1.5504005302079364,1.456624218510021,2.3143850411647175,0.9525466586223772,FAR
551,590,570,train,40,False,0.727897290532727,0.8531689695088113,0.8568590653578283,0.6854863348089136,0.8125037786080036,2.4900346950964805,1.5575256732141436,1.4634582371954536,2.336832311005657,0.9523362987237809,FAR
552,591,571,train,40,False,0.7330678650994129,0.8561938244926863,0.8405766570158595,0.6897785399444587,0.8176430569112993,2.4900346950964805,1.5690149395650972,1.4742642438207745,2.340010978864065,0.9549742517656803,FAR
553,592,572,train,40,False,0.7139769777482959,0.8449715839886546,0.8309433799168755,0.6803185286762435,0.8067395824035188,2.4900346950964805,1.5512883321197877,1.457379062989793,2.3422417834085936,0.9547535061419898,FAR
554,593,573,train,40,False,0.6898054084265628,0.8305452476696034,0.830763495909064,0.670017430488772,0.7928277027145535,2.4900346950964805,1.51857849643033,1.4283549472374613,2.330370909827029,0.9545870076785339,FAR
555,594,574,train,40,False,0.6523341252168773,0.8076720406308969,0.8235825988968082,0.650519481611418,0.7728487282628465,2.4900346950964805,1.4918777459144656,1.4001472064756944,2.344682586508946,0.9568843409004861,FAR
556,595,575,train,40,False,0.6499411467890919,0.8061892747916533,0.8434137722762828,0.648855450903012,0.7712879430309837,2.4900346950964805,1.4921615208141308,1.400271786921901,2.3510145271385703,0.9567082658477574,FAR
557,596,576,train,40,False,0.6871241403692814,0.8289295147171932,0.8729858065117369,0.6660044592420127,0.7872206829782652,2.4900346950964805,1.5048543326654493,1.4135713064890922,2.3235353216357084,0.9496835002272083,FAR
558,597,577,train,40,False,0.6717112371510437,0.8195799150485837,0.8611550676372753,0.6558620276491289,0.7764594102457819,2.4900346950964805,1.489277249349298,1.3972333190384998,2.33419506674491,0.9473870649938442,FAR
559,598,578,train,40,False,0.6682213331062011,0.8174480614119781,0.8758162461521374,0.6533248819507345,0.7736538248954417,2.4900346950964805,1.48131435251261,1.389972364636621,2.3315661052725565,0.9464256647194311,FAR
560,599,579,train,40,False,0.6849465921000875,0.8276150023411172,0.8234601550341273,0.661489586370127,0.7823527803307999,2.4900346950964805,1.4977047014986753,1.405086928629888,2.3306444838971574,0.9453100513133743,FAR
561,600,580,train,40,False,0.6714896755133439,0.8194447360947191,0.8120468893357781,0.6538984527912978,0.7755868515210228,2.4900346950964805,1.4870124348554143,1.39424598847376,2.3412738154518444,0.9464785327895171,FAR
562,601,581,train,40,False,0.6678548083308963,0.8172238422432965,0.8092538715864649,0.6502678649982299,0.7719742205559763,2.4900346950964805,1.4808685451258732,1.3880078873203192,2.348529040755592,0.944630076426663,FAR
563,602,582,train,40,False,0.6716619743185903,0.8195498607885857,0.8131509723757719,0.6534805285253403,0.7745988474796904,2.4900346950964805,1.4777383214712816,1.3858347485807307,2.3317274359507216,0.9451515820335292,FAR
564,603,583,train,40,False,0.6643750292914962,0.8150920373132694,0.8099879039659981,0.6499590637321062,0.769895740534128,2.4900346950964805,1.4572482537269247,1.3673883314902102,2.3128108095930213,0.9445506829779385,FAR
565,604,584,train,40,False,0.6900517379194646,0.8306935282759007,0.8171295694768677,0.666105173687433,0.7866606308166844,2.4900346950964805,1.478248927221659,1.3891995366293377,2.2893993553579666,0.94699260803126,FAR
566,605,585,train,40,False,0.6911000800984605,0.8313242929798578,0.8054061592972824,0.6661453522480747,0.787639273094469,2.4900346950964805,1.4854179485553218,1.3953476206564372,2.3050224373661554,0.9474512891608147,FAR
567,606,586,train,40,False,0.7054694294468027,0.8399222758367602,0.8179500143659643,0.6740996898681683,0.7965860118912373,2.4900346950964805,1.5024730937967867,1.4120444928825355,2.3084331379829885,0.9484044355147627,FAR
568,607,587,train,40,False,0.7127478421158806,0.8442439470413043,0.832134363515576,0.6812693703222198,0.8011963155005283,2.4900346950964805,1.4913863378220753,1.4030402583732646,2.2657162928951307,0.9490104350861636,FAR
569,608,588,train,40,False,0.7340954614334774,0.856793709963768,0.8300844415411363,0.6917358326329851,0.8127749552193488,2.4900346950964805,1.5104986306448305,1.4214565860172366,2.2631155799017018,0.9486238586575517,FAR
570,609,589,train,40,False,0.7234245616500836,0.8505436859151231,0.799484768760505,0.686471033681796,0.8065650077625817,2.4900346950964805,1.5012342203943647,1.4126407955689992,2.2679049054633347,0.9482934517287921,FAR
571,610,590,train,40,False,0.7352389593282445,0.85746076255899,0.777855777156471,0.6937191181742215,0.8144185784703639,2.4900346950964805,1.5182077450374305,1.4283802698371137,2.268917024443386,0.9498027362089763,FAR
572,611,591,train,40,False,0.7501836234957169,0.8661314123709617,0.7664624895337611,0.7019528464101169,0.8235704755059169,2.4900346950964805,1.5301177394424699,1.4409739949042357,2.262378855260296,0.9508608783180628,FAR
573,612,592,train,40,False,0.7574234416539488,0.8703007765444938,0.7531920189825869,0.7072385110533336,0.8287997433012464,2.4900346950964805,1.5378784323266612,1.4478451530596743,2.254440492928827,0.9523141488991587,FAR
574,613,593,train,40,False,0.7445066844314501,0.8628480077229419,0.7351317821541606,0.6974711126367498,0.8193886070968339,2.4900346950964805,1.5231019695851278,1.4326895960045007,2.278673388682256,0.9496326117263718,FAR
575,614,594,train,40,False,0.7130089971021044,0.8443986008409207,0.7133192600495682,0.6848904519297963,0.8035443833597723,2.3122085906656156,1.4947946326146926,1.4051622157614811,2.2817023166884893,0.9516173789955805,FAR
576,615,595,train,40,False,0.6966937012990961,0.8346817964344833,0.7323916628650897,0.6740675434987901,0.7913694297361735,2.3122085906656156,1.4706369743984389,1.382475048489153,2.284839717960432,0.9481091274742932,FAR
577,616,596,train,40,False,0.7006873904027733,0.8370707200725476,0.7647534619971046,0.6764280972038922,0.7947777167280468,2.3122085906656156,1.4821988553899161,1.39313131975278,2.2975017990397006,0.949474993772527,FAR
578,617,597,train,40,False,0.7344566451066441,0.8570044603773332,0.7854359102962059,0.6955113542905119,0.8143818781431825,2.3122085906656156,1.5111013506536684,1.419288431136424,2.278314872656292,0.9502656238038898,FAR
579,618,598,train,40,False,0.7221965707762721,0.8498214934774667,0.7849961276479203,0.6882600464729206,0.8049466684032758,2.3122085906656156,1.4956503326262731,1.4044172101182109,2.28189189621673,0.9471949986925333,FAR
580,619,599,train,40,False,0.7264194891631034,0.8523024634266309,0.7819717393902634,0.6896325950274728,0.8079750629355074,2.3122085906656156,1.5097146917218125,1.4150138644619878,2.3008414569754416,0.9479909980397008,FAR
581,620,600,train,40,False,0.7535006316783434,0.8680441415494625,0.753034383510301,0.7009645223329413,0.819586337800293,2.3122085906656156,1.5162158652806892,1.4225590805133552,2.2842963831834826,0.9441758760531783,FAR
582,621,601,train,40,False,0.7362386940522203,0.8580435268983855,0.6826214885543151,0.6912539703456353,0.8109537651014426,2.3122085906656156,1.5124725396557586,1.4176202293382731,2.3014621778179256,0.9451196118602974,FAR
583,622,602,train,40,False,0.7284853179524023,0.8535135136319766,0.6320567849306512,0.6847717895823189,0.8045452711478639,2.3122085906656156,1.5038981255257255,1.4085897608811455,2.323445205934317,0.9426274549822452,FAR
584,623,603,train,40,False,0.7252973283101157,0.8516438975945966,0.595995689280946,0.6846880126061728,0.8024106789990245,2.3122085906656156,1.491760932092801,1.3976399682838767,2.304109893820732,0.9421903700189392,FAR
585,624,604,train,40,False,0.7203696649712493,0.8487459366449122,0.5780185875673274,0.6821486553945707,0.7988470195586841,2.3122085906656156,1.4861215198262154,1.391387536053206,2.3048319753339244,0.9412086527524617,FAR
586,625,605,train,40,False,0.7213768235398821,0.8493390509919357,0.5712608798318672,0.6826153949914933,0.7995863693985381,2.3122085906656156,1.487247216408634,1.3905808050662425,2.304869702352732,0.9414218838339155,FAR
587,626,606,train,40,False,0.7279441684206767,0.8531964418706144,0.5657132996079542,0.688331724858376,0.8049611624282337,2.3122085906656156,1.4948154161147456,1.3984062015828078,2.290087990721598,0.9434652126107957,FAR
588,627,607,train,40,False,0.7253936623211122,0.8517004533996164,0.5684028752176589,0.6865616176283096,0.8038864165679843,2.3122085906656156,1.499635808881783,1.4014338839246314,2.2986475157990194,0.9438605009064169,FAR
589,628,608,train,40,False,0.6737595507307674,0.8208285757274582,0.5367088191567359,0.6606531363005403,0.7762751482776561,2.3122085906656156,1.466655297840075,1.3675741977686455,2.335791131887252,0.945721398149039,FAR
590,629,609,train,40,False,0.7070714844049708,0.8408754273999037,0.552481207355067,0.6717031055971696,0.7900723895314787,2.7809095215294706,1.4968755283915498,1.3958742229685,2.342529438724054,0.9395831579648907,FAR
591,630,610,train,40,False,0.712644185680804,0.8441825547124295,0.5600917790847302,0.675861756355068,0.793571978881152,2.7809095215294706,1.4971993732602926,1.3977364883415455,2.328156652820542,0.9400478302367692,FAR
592,631,611,train,40,False,0.7186827331058305,0.8477515751125624,0.5716347358068663,0.6791467836063262,0.7979289811617793,2.7809095215294706,1.5036900427070201,1.4030608594048304,2.3258814012978744,0.9412297241156199,FAR
593,632,612,train,40,False,0.7172798530010411,0.8469237586707797,0.5790007936278407,0.6776560398394732,0.7968248692902835,2.7809095215294706,1.5069757058300361,1.4043150132930353,2.338646929964754,0.9408460456238412,FAR
594,633,613,train,40,False,0.7304852039942793,0.8546842715262047,0.5843718467449028,0.6841788963209245,0.805473153452466,2.7809095215294706,1.5268233686589159,1.4243484464147642,2.346509806916194,0.9424218747048395,FAR
595,634,614,train,40,False,0.7415423339945248,0.8611285235053621,0.5983476355686564,0.6913126296861309,0.8134066984808266,2.7809095215294706,1.5445121518198035,1.4420413409077137,2.3487032815048687,0.9445822270173143,FAR
596,635,615,train,40,False,0.7335217277927963,0.8564588301797095,0.6078488744926435,0.6853822391009758,0.8067471398384937,2.7809095215294706,1.5284508707695537,1.4277619820477017,2.345027055478229,0.9419567075620146,FAR
597,636,616,train,40,False,0.6825603926274915,0.8261721325652974,0.5680147099844673,0.6605521521457556,0.7798662944543375,2.7809095215294706,1.4963265149101004,1.39519089208872,2.3801350156262258,0.9439513434480312,FAR
598,637,617,train,40,False,0.6903841423972846,0.8308935806692002,0.5706573385188806,0.6659414574190471,0.7861162708802056,2.7809095215294706,1.5041633962040382,1.405267545258845,2.3721004122413496,0.9461094527256656,FAR
599,638,618,train,40,False,0.6927125374849957,0.8322935404561276,0.5657033806114236,0.6677428141372352,0.7880425679260454,2.7809095215294706,1.5120959501260895,1.4125672072129318,2.378451570605626,0.9468324931299706,FAR
600,639,619,train,40,False,0.6908641047061113,0.8311823534616885,0.5623614938569106,0.6656068664199528,0.7872164857005763,2.7809095215294706,1.5181817908609159,1.4150845767875933,2.3900687175547874,0.9471044259084614,FAR
601,640,620,train,40,False,0.6748504390683573,0.8214928113309071,0.5462189470477653,0.655477003899892,0.7735473762173986,2.7809095215294706,1.487685921348246,1.3867713398611656,2.3798523120057817,0.9416362085557002,FAR
602,641,621,train,40,False,0.6830383918447118,0.8264613674242202,0.5423514881511989,0.6629608679494344,0.7806849951701851,2.7809095215294706,1.4979244127696685,1.3967560658459308,2.3647038541151906,0.9446116006647673,FAR
603,642,622,train,40,False,0.6721776931031518,0.8198644358082328,0.5300116825400218,0.6544738492182054,0.7715636048238561,2.7809095215294706,1.487796924315182,1.386607286039217,2.3826973774051403,0.9410868079223841,FAR
604,643,623,train,40,False,0.6713463981711223,0.81935730799885,0.5230694520768501,0.6525752134152596,0.770941556591716,2.7809095215294706,1.4941398783712396,1.3890588713029164,2.4013911785962803,0.9409100877791867,FAR
605,644,624,train,40,False,0.646532443680763,0.8040724119634767,0.515614778657966,0.6369449890499684,0.7551359717514728,2.7809095215294706,1.47773335517138,1.3702385495568905,2.4336176964651814,0.9391392622307421,FAR
606,645,625,train,40,False,0.6420479519114031,0.8012789476277303,0.5219164499205041,0.6335727567408914,0.750230269669877,2.7809095215294706,1.4635747459787438,1.3576806192068982,2.416989908032517,0.9362910031406813,FAR
607,646,626,train,40,False,0.6242604463196632,0.7901015417778041,0.508384407119188,0.6210183470239583,0.7382502926924603,2.7809095215294706,1.4462358699199271,1.3421101346230124,2.4337510150191077,0.9343739426597327,FAR
608,647,627,train,40,False,0.6186370293642379,0.7865348239996993,0.5064997735480263,0.6170965294185818,0.7347890694439423,2.7809095215294706,1.4423721419993512,1.3381750860242125,2.437752087348882,0.9342104723442267,FAR
609,648,628,train,40,False,0.5949141655967534,0.7713067908405535,0.5026882605818731,0.605193209551415,0.7213943818550284,2.7809095215294706,1.4264005831214674,1.3218146374248483,2.451717896163753,0.9352885134965145,FAR
610,649,629,train,40,False,0.6161080065665571,0.784925478352281,0.5183881718500128,0.6142541482674203,0.7324727056746333,2.7809095215294706,1.440873652017102,1.3380202148229532,2.4432459246188167,0.9331748374536691,FAR
611,650,630,train,40,False,0.5967552251051369,0.7724993366373443,0.5220849512490029,0.5994007909985879,0.7154756141317156,2.7809095215294706,1.4073080955175818,1.3063235652620524,2.4442508371050384,0.9261828200994314,FAR
612,651,631,train,40,False,0.5973627515225453,0.7728924579283623,0.5522353700594835,0.5982860102198854,0.7157776981583753,2.7809095215294706,1.4145289505817327,1.312747016095076,2.4552886300629684,0.92610257845823,FAR
613,652,632,train,40,False,0.5896504419397164,0.7678869981577474,0.5729173992912335,0.5917361775202574,0.7101407596937659,2.7809095215294706,1.411807902508648,1.311065126360972,2.482136294838534,0.9247985203519247,FAR
614,653,633,train,40,False,0.5948910142729426,0.7712917828376902,0.5992953032513104,0.5969552905300108,0.7146026207938693,2.7809095215294706,1.408344587188557,1.3103776479406597,2.4457169127909997,0.9265010164697288,FAR
615,654,634,train,40,False,0.5913892135072443,0.7690183440642,0.6118734081863432,0.5956316468738061,0.7117816662652181,2.7809095215294706,1.3994431562256637,1.3025982114978578,2.434303088649421,0.9255717653021243,FAR
616,655,635,train,40,False,0.6034978946593603,0.7768512693298251,0.628184053883095,0.6035751885720172,0.721524761545365,2.7809095215294706,1.4155219593947344,1.3188486152636676,2.429126044614285,0.9287810807953122,FAR
617,656,636,train,40,False,0.6014554564538177,0.7755355932862255,0.6332345495230413,0.6006602660285243,0.7198807209263347,2.7809095215294706,1.4161685665076693,1.319132857831475,2.446738431150398,0.9282368561266661,FAR
618,657,637,train,40,False,0.6208447472820053,0.7879370198702466,0.6529148604224397,0.6026780378044317,0.7268423015890304,3.102456833826156,1.440285487194432,1.341257779770473,2.463469508206944,0.9224624345086909,FAR
619,658,638,train,40,False,0.6376769951149759,0.7985468020817414,0.6659167071193157,0.6108602882555192,0.738846762315153,3.102456833826156,1.4718595872685356,1.3708918575380298,2.4794023052186915,0.9252391473975531,FAR
620,659,639,train,40,False,0.6383873945954516,0.7989914859342693,0.6695226287793956,0.6140680390394198,0.7393098347959558,3.102456833826156,1.459916386958897,1.3619481036849233,2.4464403217030677,0.9253037708298892,FAR
621,660,640,train,40,False,0.5954734775896637,0.7716692799312823,0.651797247524305,0.5922410998136736,0.7165700618912266,3.102456833826156,1.4348612336313509,1.3373036319821998,2.480595565521617,0.9285973674564805,FAR
622,661,641,train,40,False,0.5883266377307524,0.7670245352860314,0.6833021575827591,0.5874614976323727,0.7116692341151711,3.102456833826156,1.4257328142584993,1.329502641528774,2.484376976731876,0.9278311206169986,FAR
623,662,642,train,40,False,0.5895179177305347,0.7678007018299311,0.7205484132895001,0.5893731694414062,0.7128591842714923,3.102456833826156,1.4224927257410795,1.3263699689260962,2.4616598779275134,0.9284429964344987,FAR
624,663,643,train,40,False,0.5905783818286593,0.7684909770639206,0.7556608835518451,0.5890537362633763,0.7135968412233732,3.102456833826156,1.4228044267729882,1.3269110837368907,2.4633559632074644,0.9285689260135823,FAR
625,664,644,train,40,False,0.5916721528641237,0.7692022834496292,0.7721843795781669,0.5878881168174297,0.7144550143349934,3.102456833826156,1.4326286629142306,1.337339369942112,2.4887854249579604,0.9288259144667231,FAR
626,665,645,train,40,False,0.5961144460083827,0.7720844811342751,0.7863428151146319,0.5910821755645226,0.7173978839108386,3.102456833826156,1.4331801404288143,1.3382523027581312,2.4788492798557953,0.9291701898436088,FAR
627,666,646,train,40,False,0.5935220197888846,0.7704038030727033,0.7980060580204936,0.589154555607567,0.7154926120829774,3.102456833826156,1.4279685013965142,1.3321142876109393,2.477473466628654,0.928724143402828,FAR
628,667,647,train,40,False,0.5892647791175073,0.7676358375672069,0.7709829732423384,0.5869800768535567,0.7136043699917453,3.102456833826156,1.4306196352300429,1.3355258158954502,2.4861627231201355,0.929613151274049,FAR
629,668,648,train,40,False,0.5978053320815855,0.7731787193667358,0.7695584794450392,0.5928511235599645,0.7215015192862758,3.102456833826156,1.450627862707242,1.354320138532191,2.4886430163976705,0.9331626714677486,FAR
630,669,649,train,40,False,0.5474273940029801,0.7398833651346542,0.7569519685042088,0.5711472760426947,0.6951639256700126,3.102456833826156,1.4020810632068605,1.3076254509150478,2.4894872713942418,0.9395587986269931,FAR
631,670,650,train,40,False,0.5337630386124692,0.730590883198298,0.7547319555753764,0.5618431837021458,0.6847926556267304,3.102456833826156,1.3879045173830318,1.292480109101951,2.502884492101911,0.9373134422769179,FAR
632,671,651,train,40,False,0.5424829733639006,0.73653443460839,0.764450982640585,0.5643633089251432,0.6897512120149365,3.102456833826156,1.3989237673185007,1.304851102930068,2.5097729147536754,0.9364819614736305,FAR
633,672,652,train,40,False,0.5664278580404501,0.7526140166383098,0.7883470727035424,0.5759796837574962,0.7032936963322249,3.102456833826156,1.419419004126448,1.3264986347698824,2.49965770402357,0.9344679753289963,FAR
634,673,653,train,40,False,0.5567502435098454,0.7461569831542457,0.7977598545792136,0.5714504727809506,0.697379331864289,3.102456833826156,1.409680151360733,1.3173142269718192,2.501629524922639,0.9346281648618259,FAR
635,674,654,train,40,False,0.5509371044206963,0.7422513754926267,0.7866682668900438,0.5685914129032155,0.6936582493427859,3.102456833826156,1.3996861817665864,1.3084454537476422,2.4961829950670698,0.9345327907037021,FAR
636,675,655,train,40,False,0.5656849592097336,0.7521203089996531,0.7977470117702926,0.5780486214392132,0.7044315595586885,3.102456833826156,1.4177044050917016,1.3259800064459581,2.4910744732580903,0.93659425377784,FAR
637,676,656,train,40,False,0.5769262275076187,0.7595565992785651,0.7985348144959857,0.5857801578300537,0.7138273153906709,3.102456833826156,1.4321742164531228,1.340499793972925,2.4753994559366514,0.9397947645622086,FAR
638,677,657,train,40,False,0.5686139394002339,0.7540649437550017,0.7894407865078228,0.5803436501902054,0.7070797970857875,3.102456833826156,1.4214030208970028,1.3292092680841747,2.4767588203395836,0.9376908487016474,FAR
639,678,658,train,40,False,0.5757000063456559,0.7587489745269221,0.7860534392007293,0.5849256266706403,0.7118754002368031,3.102456833826156,1.423588942875708,1.3317146213853246,2.4614850038218314,0.9382225533558782,FAR
640,679,659,train,40,False,0.5506191655635959,0.7420371726292396,0.7783261615333865,0.5718916238379006,0.6958232527044002,3.102456833826156,1.3864383452837437,1.299917684623227,2.4512382332594975,0.937720209135762,FAR
641,680,660,train,40,False,0.5725175859281724,0.756648918540278,0.7895993907128049,0.5872525724147593,0.7126805259982564,3.102456833826156,1.4137918851191602,1.3258968025106426,2.4412162338640697,0.9418906292407776,FAR
642,681,661,train,40,False,0.5713589228993942,0.7558828764427689,0.7833497489686484,0.5847702089553131,0.7118526398733727,3.102456833826156,1.4213582651713719,1.3312919869174071,2.4651051342798085,0.9417499219236117,FAR
643,682,662,train,40,False,0.5792305497789196,0.7610719741121201,0.7944210032264779,0.5911240764659386,0.7189467854394658,3.102456833826156,1.4309265492138903,1.3403930228043688,2.453037306836896,0.9446501906448489,FAR
644,683,663,train,40,False,0.5856700339546201,0.7652908165884523,0.8074398683937666,0.5966302962522784,0.7232832545388407,3.102456833826156,1.4281251732504885,1.341307182337315,2.4302300908042236,0.9451090211210493,FAR
645,684,664,train,40,False,0.6121158041656745,0.7823782999071961,0.8152219724238536,0.612905423410543,0.7398201285037497,3.102456833826156,1.4577837601779728,1.370177080128558,2.409950806154483,0.9456041004607432,FAR
646,685,665,train,40,False,0.6194126292669262,0.7870277182329262,0.8030442590060225,0.6184917334274267,0.7470620162504319,3.102456833826156,1.476212072094591,1.3849045620281437,2.423728642408431,0.9492194479856094,FAR
647,686,666,train,40,False,0.6228621526840359,0.7892161634710961,0.7979010893141872,0.6199208837747804,0.7501203635581748,3.102456833826156,1.4943040328841035,1.398468435434277,2.4561309718867683,0.9504624946592934,FAR
648,687,667,train,40,False,0.6249976762828128,0.7905679453929388,0.816785340577999,0.6204101338904318,0.7515055826208283,3.102456833826156,1.4980161753475973,1.4028766287954375,2.4602204414521465,0.9505894932880243,FAR
649,688,668,train,40,False,0.645951366667985,0.8037109969808707,0.8071015540521035,0.6324705438376502,0.7636737743980421,3.102456833826156,1.5037862385994831,1.4094709358057862,2.4359644553099313,0.9501845529882909,FAR
650,689,669,train,40,False,0.6516777094736342,0.8072655755534447,0.8164179059319523,0.6351450720292381,0.7660113189075796,3.102456833826156,1.5118374829128054,1.4142729859662477,2.438113664196161,0.9488963014215216,FAR
651,690,670,train,40,False,0.6547265067719321,0.8091517204900031,0.835891989549426,0.6393292273882084,0.7707224067933827,3.102456833826156,1.5214052142740826,1.422233578999355,2.4378070745665292,0.9525066650376168,FAR
652,691,671,train,40,False,0.6616801976550497,0.8134372733376862,0.8180829907095843,0.6433024322963959,0.7739530364718973,3.102456833826156,1.5184204634513112,1.4206853353415163,2.425603395900212,0.9514600103044483,FAR
653,692,672,train,40,False,0.662921000367078,0.8141996072015006,0.8134416496754505,0.6457609869693886,0.7750004863192481,3.102456833826156,1.5096211362529153,1.413014207847414,2.3940047594720175,0.9518556376894058,FAR
654,693,673,train,40,False,0.6682722102598235,0.8174791803219355,0.8109696448776521,0.6469941559506796,0.7785773214619762,3.102456833826156,1.5233426775480905,1.4248028905991703,2.4118503717080566,0.9524124163692596,FAR
655,694,674,train,40,False,0.6663980281904271,0.816332057554049,0.8045935784283399,0.6440163106569112,0.776805267831579,3.102456833826156,1.5306890399344548,1.4301150074906044,2.4481051283054347,0.9515800104176934,FAR
656,695,675,train,40,False,0.6826130468314469,0.8262039983148514,0.8157317336960823,0.6506469633929216,0.7850658346416044,3.102456833826156,1.5551512792713162,1.4529070131721364,2.4583302524254904,0.950208224897055,FAR
657,696,676,train,40,False,0.6827108994472724,0.8262632143858714,0.8319327581436271,0.6516579277379428,0.7851487687365418,3.102456833826156,1.5500720651818916,1.4501827819559179,2.4411120519694745,0.9502404985076237,FAR
658,697,677,train,40,False,0.6319723782623499,0.7949669038786142,0.796751221538194,0.6330368435346646,0.760927619191995,2.4803176180378177,1.5012237796126975,1.404527264490238,2.4384293409491824,0.9571815071538918,FAR
659,698,678,train,40,False,0.6332589681577341,0.7957757021659646,0.7926506611366616,0.6350216662653013,0.7616014738836184,2.4803176180378177,1.4941420364937748,1.3985065931076692,2.421774842154359,0.9570554514427497,FAR
660,699,679,train,40,False,0.6325420943256133,0.7953251500648104,0.7790240340279575,0.6343644826717932,0.7611341290488218,2.4803176180378177,1.495977730368529,1.4003035086160691,2.4265545968256443,0.9570100090344151,FAR
661,700,680,train,40,False,0.6351772822973388,0.7969801015692543,0.7719407897113877,0.6371111060417303,0.7635841362632654,2.4803176180378177,1.500125337132916,1.4051365843775852,2.4174900894401135,0.9580968643505251,FAR
662,701,681,train,40,True,0.6395751830604492,0.7997344453382318,0.7619618680735927,0.6397823869276538,0.7667505622721847,2.4803176180378177,1.5129842721873044,1.416234751721179,2.4276281164968982,0.958756455648103,FAR
663,702,682,train,40,True,0.6511708025777893,0.8069515490894043,0.7555388134875796,0.6458612536629775,0.775129635643573,2.4803176180378177,1.5387148411708271,1.4398677388196968,2.443433813195874,0.9605652737370163,FAR
664,703,683,train,40,True,0.6431573655515505,0.8019709256273263,0.736532169789659,0.640423343208795,0.7684517942529369,2.4803176180378177,1.5318926996479818,1.4320571428117619,2.458055935125813,0.9582040566518422,FAR
665,704,684,train,40,True,0.6439006052148845,0.802434175004333,0.7228967521266454,0.6407737431974574,0.7690101197463808,2.4803176180378177,1.5347696113761433,1.4332070840647244,2.46134276173962,0.9583466702950785,FAR
666,705,685,train,40,True,0.6326446673746855,0.7953896324284631,0.7016852997563956,0.6326515271177012,0.7601732839216433,2.4803176180378177,1.5266461698575653,1.4235027599720582,2.4820343974950783,0.9557244059124858,FAR
667,706,686,train,40,True,0.6248507755003994,0.7904750315477392,0.6924750437036022,0.6256920653721644,0.752050849905497,2.4803176180378177,1.5155481175535699,1.4113965667465518,2.5000905712194057,0.9513910242465113,FAR
668,707,687,train,40,True,0.6178447707026213,0.7860310240077177,0.6731619309169277,0.6242717658604698,0.7486196048565931,2.4803176180378177,1.506026996878283,1.4036460735771574,2.493128178801706,0.9524046532408148,FAR
669,708,688,train,40,True,0.6286494153890907,0.7928741485185973,0.673151467448438,0.6305120455885944,0.7551361906948284,2.4803176180378177,1.5135192516328373,1.4113729185862223,2.4764872075881286,0.952403596593131,FAR
670,709,689,train,40,True,0.6286315793318141,0.7928629007160154,0.6612673055371592,0.6291861851128052,0.7551154134519187,2.4803176180378177,1.5192357198576074,1.4156289272947487,2.504323785025355,0.9523909023489332,FAR
671,710,690,train,40,True,0.6469683420270643,0.8043434229401422,0.676954032965806,0.6410472519331997,0.7680339782000281,2.4803176180378177,1.538643356620406,1.4342993941251523,2.490919143482999,0.9548582810469302,FAR
672,711,691,train,40,True,0.655183918717752,0.8094343202000716,0.7106660238751498,0.646258119443658,0.7719230657491469,2.4803176180378177,1.5382714544456004,1.433626118250467,2.4763007260564422,0.9536574450640383,FAR
673,712,692,train,40,True,0.6294989709386953,0.7934097119009165,0.7019798161001565,0.633088326660318,0.7568892409420578,2.4803176180378177,1.5164189283413945,1.4117069049258777,2.4925327386154468,0.9539702244489043,FAR
674,713,693,train,40,True,0.6481327112853954,0.8050668986397314,0.7019313597107689,0.6429245607899479,0.7671771293263745,2.4803176180378177,1.5251163753135213,1.421977485195028,2.476660590524151,0.95293587479826,FAR
675,714,694,train,40,True,0.6475634316856493,0.8047132605379691,0.6752785856858634,0.6423797125940228,0.7667696496128307,2.4803176180378177,1.525224051555972,1.422192010172762,2.478841420653972,0.9528482842450339,FAR
676,715,695,train,40,True,0.6543320450631157,0.8089079336136565,0.6649138375902809,0.6455936527682804,0.7702596047195757,2.4803176180378177,1.5349018736684914,1.4288366119075384,2.4820533923761214,0.9522215974302216,FAR
677,716,696,train,40,True,0.6740664868280788,0.8210155216730551,0.6384607271967931,0.6561725676845882,0.7802646380993092,2.4803176180378177,1.5473882061005264,1.4418081671404512,2.4685438838043354,0.9503652702074326,FAR
678,717,697,train,40,True,0.6946947946441592,0.8334835299177538,0.6271329682352369,0.6686355306630869,0.7939360880876413,2.4803176180378177,1.5648227011642788,1.4593290849675602,2.4584985360457865,0.9525516217050924,FAR
679,718,698,train,40,True,0.6914445971357497,0.831531476936231,0.6040846405711956,0.666551801512006,0.7918887832780108,2.4803176180378177,1.5641100417508322,1.4585021159119584,2.464779301656246,0.9523256848865382,FAR
680,719,699,train,40,True,0.6972866041594015,0.8350368879034036,0.5856238289772387,0.6709544641954028,0.7970696616315054,2.4803176180378177,1.5755130121558234,1.4677120488804873,2.468327964134371,0.9545322765713672,FAR
681,720,700,train,40,True,0.679820436903408,0.8245122418153705,0.5539375803599477,0.6585739638905944,0.7855099437844043,2.4803176180378177,1.5633446248771636,1.4547594322376365,2.5003556389369024,0.9526965203753762,FAR
682,721,701,test,40,True,0.6779403709504355,0.8233713445040673,0.5557988975420842,0.658913814386775,0.7840736573845775,2.4803176180378177,1.5543397010357696,1.4471096773652987,2.481848900876782,0.9522722191125564,FAR
683,722,702,test,40,True,0.7024491012256528,0.8381223664988621,0.5485038377129986,0.6700563410797976,0.7969233049145197,2.4803176180378177,1.5761644859372619,1.4687392749627748,2.4797400398359044,0.9508436199400743,FAR
684,723,703,test,40,True,0.7102455954127056,0.8427606987827004,0.5496462906297088,0.6701953593423958,0.8011861684930693,2.4803176180378177,1.5988177911219374,1.4874321227847846,2.5095888339035546,0.9506686413477964,FAR
685,724,704,test,40,True,0.72874554476775,0.8536659444816515,0.5731654964374445,0.6748659949181874,0.808438828080364,2.714912605559018,1.609175430981304,1.4969064467945838,2.509374797544266,0.9470201233941112,FAR
686,725,705,test,40,True,0.7397388422949801,0.860080718476458,0.5772704410009487,0.6785203361562805,0.8154132206735852,2.714912605559018,1.6272818409053784,1.516309620640569,2.522338445920713,0.9480659235309955,FAR
687,726,706,test,40,True,0.7442416189890676,0.8626943948983716,0.5864416424814876,0.6833331422599651,0.8186744752838131,2.714912605559018,1.6248236240605274,1.5147809030963921,2.4893022069115975,0.9489739125756761,FAR
688,727,707,test,40,True,0.7560383259618588,0.8695046440139689,0.5946851256967929,0.6888781905087432,0.8250446479522233,2.714912605559018,1.6388185782534124,1.5280024354905852,2.4925415451538155,0.9488674426665497,FAR
689,728,708,test,40,True,0.735187105893696,0.8574305254034847,0.6036482156465613,0.6771529017272548,0.8129591878104202,2.714912605559018,1.6278676654229174,1.5178986108187658,2.5058842694322307,0.9481341796501385,FAR
690,729,709,test,40,True,0.7070097073019989,0.8408386927954724,0.5935559116580148,0.6642094428390479,0.7986671575690828,2.714912605559018,1.6104899954189456,1.499154680001095,2.5271092853648254,0.9498458674800215,FAR
691,730,710,test,40,True,0.7172325151062136,0.846895811246114,0.5950674206204171,0.6712249789840585,0.807318462252671,2.714912605559018,1.6350603258451646,1.5217402907905568,2.5403097801909342,0.9532677473806261,FAR
692,731,711,test,40,True,0.717138544078562,0.8468403297426038,0.587929603237544,0.6706874378791354,0.8072772469337786,2.714912605559018,1.6379729928460087,1.5225277902817487,2.544283058315255,0.9532815320441217,FAR
693,732,712,test,40,True,0.7188198132369316,0.8478324204917689,0.5711111112183083,0.6705426268888213,0.8085916937203945,2.714912605559018,1.6457467230821936,1.5295070811433582,2.559580504860948,0.9537164116127884,FAR
694,733,713,test,40,True,0.7174775951403337,0.847040492031127,0.5696968303871407,0.6714990575222404,0.8077557911944411,2.714912605559018,1.639948385445329,1.522772213704713,2.547148974833982,0.9536212244794996,FAR
695,734,714,test,40,True,0.7233145140517477,0.850478990952597,0.5742634590279311,0.677662661095151,0.8126858216831383,2.714912605559018,1.6361170182322884,1.5212904060177714,2.5060318320465553,0.9555624892895618,FAR
696,735,715,test,40,True,0.6993282439551198,0.8362584791528991,0.5591742922983778,0.6668422236074669,0.7989232491077389,2.714912605559018,1.6082821597947263,1.4921203934609442,2.5079452441672663,0.9553544376817804,FAR
697,736,716,test,40,True,0.7077305782575334,0.8412672454443555,0.5584703201975472,0.672615524192615,0.8048407899658903,2.714912605559018,1.619430167760362,1.4999256851019274,2.5037803804237933,0.9567004947884012,FAR
698,737,717,test,40,True,0.7119196945079097,0.8437533374795679,0.5526853460877454,0.6767677768657874,0.8081680070627207,2.714912605559018,1.6201664175593848,1.5018542369822436,2.4889341828875446,0.9578249604047238,FAR
699,738,718,test,40,True,0.708483231281544,0.8417144594703978,0.5593290856557716,0.6745133642926169,0.8063228742110272,2.714912605559018,1.6280821736374063,1.5071423343850898,2.507958789873014,0.9579529793492692,FAR
700,739,719,test,40,True,0.7019976863025005,0.8378530218973376,0.5664209980753631,0.6693089768686693,0.8014039053703961,2.714912605559018,1.6208991642357398,1.500200572173826,2.5173086575636,0.9564970041590329,FAR
701,740,720,test,40,False,0.7185941004185884,0.8476992983473494,0.5836605845567748,0.6784148850313231,0.8118361644945825,2.714912605559018,1.640405728168215,1.517039380885006,2.5109654786159568,0.9576935666660518,FAR
702,741,721,test,40,False,0.7084910459059766,0.8417191015451512,0.5905807806589769,0.671864002867282,0.8032028526540224,2.714912605559018,1.6124550888639444,1.492254310120121,2.4853342035066626,0.9542409708649546,FAR
703,742,722,test,40,False,0.6951694435592805,0.8337682193267386,0.6024380859630072,0.6645708516997584,0.7930592102854328,2.714912605559018,1.5838183610720562,1.4668031740233833,2.4698273573846947,0.9511746692933702,FAR
704,743,723,test,40,False,0.7103608509659746,0.8428290757715793,0.6320896825334653,0.6745125482694226,0.8041085872521002,2.714912605559018,1.5976519225493753,1.4804914968420069,2.450992727811124,0.9540589075145136,FAR
705,744,724,test,40,False,0.7049154654990779,0.8395924401154872,0.6558018344754712,0.6717125452761257,0.7994418836747886,2.714912605559018,1.5787667874199758,1.4635192836168176,2.428568028409373,0.952178516000959,FAR
706,745,725,test,40,False,0.7136484567692987,0.8447771639724281,0.6903838365512659,0.6777226517517131,0.8066641825046359,2.714912605559018,1.5872744173039164,1.4751874783562633,2.4151950306453482,0.954883982317216,FAR
707,746,726,test,40,False,0.7232449864500463,0.8504381144151797,0.713138110411768,0.6842942627070657,0.8161335512583244,2.714912605559018,1.6034901416751786,1.4916161721194539,2.4086393982780683,0.9596624815193691,FAR
708,747,727,test,40,False,0.7099436693802598,0.8425815505814613,0.7376153273080439,0.6754947073369706,0.8076315743139428,2.714912605559018,1.5893453048297461,1.4759551385031564,2.422928441717834,0.95852036370438,FAR
709,748,728,test,40,False,0.7019400550144463,0.8378186289492771,0.7868337406467727,0.6726971524605874,0.8030160524096115,2.714912605559018,1.5712905688556993,1.460056331466258,2.4068820648612848,0.9584604885387759,FAR
710,749,729,test,40,False,0.7047190707402133,0.8394754735787183,0.8420865548336051,0.6763230031927339,0.8058751913969469,2.714912605559018,1.5716014366467024,1.4619049518270557,2.3807271052912227,0.95997467080422,FAR
711,750,730,test,40,False,0.6837586831424327,0.8268970208813384,0.8483059957736823,0.6621871622121636,0.7895297048894986,2.714912605559018,1.544092094653799,1.4343022003139343,2.3859965398423184,0.9548101939561805,FAR
712,751,731,test,40,False,0.6912703476643693,0.8314266941013918,0.8667765268665674,0.666478840263322,0.7926679815489253,2.714912605559018,1.5439471299685592,1.4353466670663606,2.378162057121785,0.9533828865161023,FAR
713,752,732,test,40,False,0.7032033119971581,0.8385721865153638,0.889572393472838,0.6747946165524598,0.8009613367095442,2.714912605559018,1.5589920571258284,1.4491689761876012,2.3669505100287482,0.9551489419627555,FAR
714,753,733,test,40,False,0.6972136323416047,0.8349931929911792,0.8785801973718892,0.670188398879343,0.7981214850130574,2.714912605559018,1.566845629194316,1.4526806862932846,2.387159834715676,0.9558419059129846,FAR
715,754,734,test,40,False,0.6971699608346608,0.8349670417655183,0.8661761761977029,0.6695142155374727,0.7980898277350866,2.714912605559018,1.5720267612868686,1.4558650152763923,2.399202896822472,0.955833928543508,FAR
716,755,735,test,40,False,0.689439595098243,0.8303249936610623,0.8466896221393507,0.6664539920864835,0.7940590225298096,2.714912605559018,1.5598546451931647,1.4464747805552094,2.3923471754437875,0.9563231609211846,FAR
717,756,736,test,40,False,0.6601919440186235,0.8125219652530161,0.8246705652267781,0.650493681893305,0.7765834375771967,2.714912605559018,1.530799551819269,1.4167336680829157,2.398824678607486,0.9557691616809051,FAR
718,757,737,test,40,False,0.6405386425450479,0.8003365807865138,0.8115638837295067,0.6383596693108877,0.7638860540208463,2.714912605559018,1.517896415069441,1.403720831842873,2.4176533342975475,0.9544560030857936,FAR
719,758,738,test,40,False,0.6698524889252887,0.8184451654969248,0.813251251572789,0.6498005090140595,0.7780360149662523,2.714912605559018,1.5425502320314917,1.4286834721984505,2.4143823134047815,0.9506269298980612,FAR
720,759,739,test,40,False,0.7445212446017242,0.8628564449557784,0.842784206048983,0.675942807287972,0.8076659709064039,3.3694419544747864,1.5947884168744628,1.4796188509854762,2.409809474359336,0.9360374783406723,FAR
721,760,740,test,40,False,0.7448793118388657,0.8630639094753445,0.8574021322140281,0.6788447836343817,0.8080031187279832,3.3694419544747864,1.5872025923301654,1.4729658415666758,2.375096974640026,0.9362031129527445,FAR
722,761,741,test,40,False,0.7708560287378626,0.8779840708907324,0.8451041732754648,0.690704492285487,0.8222614708074151,3.3694419544747864,1.6125498543189856,1.496308737984566,2.3738177442671136,0.9365334726098327,FAR
723,762,742,test,40,False,0.7555949097933341,0.8692496245574881,0.8279702296521084,0.6823034673921494,0.8151149895079982,3.3694419544747864,1.6045403779493366,1.4880019484426097,2.387122298376547,0.9377225672348741,FAR
724,763,743,test,40,False,0.7417538284492198,0.861251315499268,0.8023687459186883,0.6779292178009593,0.8068140443070486,3.3694419544747864,1.5839164815362747,1.468602848988813,2.373050833501172,0.9367928150441639,FAR
725,764,744,test,40,False,0.6996116048569796,0.8364278838351694,0.7790405434210003,0.6592430609784803,0.7857071982689752,3.3694419544747864,1.546129419288702,1.4334720529667133,2.38305346668786,0.9393603602337706,FAR
726,765,745,test,40,False,0.6893176517751372,0.8302515593331561,0.7984145204975563,0.65672591286375,0.7792632235494497,3.3694419544747864,1.5227023211594122,1.4111629587304244,2.35617663475089,0.9385868834445076,FAR
727,766,746,test,40,False,0.7082701777894838,0.8415878907098674,0.7948590020385182,0.6654234333728575,0.7891944045965327,3.3694419544747864,1.5431647758347318,1.4316920858799704,2.3544879051200875,0.9377444867117306,FAR
728,767,747,test,40,False,0.695680379604275,0.8340745647748018,0.7837754881163264,0.6593077734502966,0.7823213020801312,3.3694419544747864,1.533189079773403,1.4203233537971407,2.358987813392575,0.9379512757247982,FAR
729,768,748,test,40,False,0.7060967206403822,0.8402956150310331,0.7851484170383752,0.6621070387085867,0.789189425700707,3.3694419544747864,1.5554987073808946,1.4392740926806638,2.3837308605408,0.9391807021051292,FAR
730,769,749,test,40,False,0.7075632595793186,0.8411677951391855,0.7706803669911619,0.6639922962648526,0.7902074414775941,3.3694419544747864,1.5483911063136593,1.4358464710004384,2.3629694160500208,0.939417136561726,FAR
731,770,750,test,40,False,0.7100411817752184,0.8426394138510365,0.759254663708245,0.6648114361425069,0.7917658462181253,3.3694419544747864,1.5405343909973759,1.4298895298660181,2.347816190959945,0.9396259339443802,FAR
732,771,751,test,40,False,0.6865968427041501,0.8286113942640121,0.7519988050592806,0.6524717887901182,0.7782853916302195,3.3694419544747864,1.5243232559257414,1.4143373696861974,2.3652277992207105,0.9392646504957936,FAR
733,772,752,test,40,False,0.6960009483445871,0.8342667129549082,0.7563441915829737,0.6574925082021663,0.7842711568776115,3.3694419544747864,1.5337952985055268,1.4243857277400203,2.360178056020266,0.9400724548864999,FAR
734,773,753,test,40,False,0.6838796806813947,0.826970181252864,0.7396483092928767,0.6480667776001565,0.7737405454384094,3.3694419544747864,1.5151443733759669,1.4089259181849538,2.3664109207266275,0.9356329441845032,FAR
735,774,754,test,40,False,0.6781536982163081,0.8235008793051214,0.7255881946170183,0.6425410101722703,0.7689224332101519,3.3694419544747864,1.5112650844642463,1.4046152141798962,2.38243546468468,0.9337238763593994,FAR
736,775,755,test,40,False,0.690703410042832,0.8310856815291863,0.7440083914375167,0.6514712277090695,0.7771671669377402,3.3694419544747864,1.5144136030600706,1.4102075546175061,2.3575739275533665,0.9351227968550286,FAR
737,776,756,test,40,False,0.6941932856745723,0.8331826244435083,0.7600058200635358,0.6530327810146834,0.7791763394899164,3.3694419544747864,1.5228286539699458,1.420046323160157,2.363867500007278,0.9351807354484099,FAR
738,777,757,test,40,False,0.6921762528531508,0.8319713053063493,0.7649981609378254,0.6498052267280373,0.7776615289565948,3.3694419544747864,1.5235854064205865,1.4206940688128837,2.3771901942264124,0.9347215751272137,FAR
739,778,758,test,40,False,0.6775176335115439,0.8231145931834424,0.7696312642626666,0.6424725496432881,0.7668540828148862,3.3694419544747864,1.4868333229181272,1.387829567267577,2.344856131927771,0.9316492371360281,FAR
740,779,759,test,40,False,0.6923128880360782,0.8320534165761704,0.7894032309889404,0.6522056537250215,0.7766335149073045,3.3694419544747864,1.4943320286984962,1.3958889647313995,2.324075979125512,0.9333938175545098,FAR
741,780,760,test,40,False,0.6915512176091599,0.831595585371375,0.8214245598993433,0.6497699102917267,0.776251318486323,3.3694419544747864,1.4935405104170887,1.3962953736430381,2.331097136071448,0.9334480992220079,FAR
742,781,761,test,40,False,0.710099097133172,0.8426737785959475,0.866412723400276,0.6610773997816409,0.7898150765801308,3.3694419544747864,1.5300929361499997,1.4288430209913603,2.3504765898019997,0.937272639355304,FAR
743,782,762,test,40,False,0.7511893112192365,0.8667117809394519,0.9075903420802529,0.6795309600921952,0.8124699687583113,3.3694419544747864,1.5726782864939115,1.4693728931893801,2.347323266137251,0.9374165514141893,FAR
744,783,763,test,40,False,0.7573404080695992,0.870253071278464,0.9060617071561738,0.6795636326887484,0.8156350206201551,3.3694419544747864,1.5894839170072568,1.4832334119782424,2.368686193891163,0.9372388877891911,FAR
745,784,764,test,40,False,0.7795617415465784,0.8829279367799948,0.924127315085529,0.6906785136906035,0.8299467886140806,3.3694419544747864,1.6149490215183744,1.5078838949811,2.3638782392997606,0.9399938024850198,FAR
746,785,765,test,40,False,0.7854696579218687,0.8862672610008049,0.9203628816749526,0.6955145138301214,0.8335448240125505,3.3694419544747864,1.6146679202416911,1.5059420891740327,2.350098536097136,0.9405118079971516,FAR
747,786,766,test,40,False,0.7962917541466956,0.8923518107488188,0.9547160440656327,0.7025409802301446,0.8400880721558913,3.3694419544747864,1.6227786773945971,1.5151466619296068,2.336341373189593,0.9414314646270845,FAR
748,787,767,test,40,False,0.8134095149450452,0.9018921858764745,0.9417450753308503,0.7126061294910743,0.8505159768408486,3.3694419544747864,1.6351320063432713,1.5293169139981873,2.3165760203234234,0.9430350879626508,FAR
749,788,768,test,40,False,0.8075781985304037,0.8986535475534516,0.8950772112477197,0.7089444626025839,0.8462918513390724,3.3694419544747864,1.6318784715075982,1.5248782513435573,2.3241929378282515,0.9417331669619156,FAR
750,789,769,test,40,False,0.8131575317298122,0.9017524780835439,0.8675532756586433,0.7132337970029508,0.8507092438055587,3.3694419544747864,1.6419143227547828,1.5338048734819476,2.324108753729028,0.9433955153786046,FAR
751,790,770,test,40,False,0.8355435624409072,0.9140807198715588,0.8844108070398398,0.7291711986957076,0.8677801847427624,3.3694419544747864,1.6756184113539572,1.5659869478786868,2.3215899137931206,0.9493474327570302,FAR
752,791,771,test,40,False,0.8121447755266041,0.9011907542394142,0.8819426939243561,0.7187326717844869,0.8564550200001836,3.3694419544747864,1.6640914550747348,1.5532869886167022,2.3304993108227694,0.9503593062525518,FAR
753,792,772,test,40,False,0.81321450968544,0.9017840704322959,0.8584074985002519,0.7173664472143493,0.8570511587482528,3.3694419544747864,1.6665009206335406,1.5560890169693906,2.338426993174983,0.9503950966193059,FAR
754,793,773,test,40,False,0.8027686895333321,0.8959735986809724,0.813444472519798,0.7131984269779779,0.851108824665339,3.3694419544747864,1.6488135288442358,1.5407820524906197,2.3282262464976116,0.9499262321103187,FAR
755,794,774,test,40,False,0.8152682326443651,0.9029220523635277,0.7872818370528515,0.7186784241302362,0.8585646658420284,3.3694419544747864,1.6637845356908691,1.5551826147073038,2.3284677890051255,0.9508735151551704,FAR
756,795,775,test,40,False,0.8036736805018732,0.8964784885884731,0.7634852267842314,0.7097473806428958,0.8504731630755075,3.3694419544747864,1.654794858902904,1.5467415433150382,2.3491202944595164,0.9486821757592843,FAR
757,796,776,test,40,False,0.812230501511946,0.9012383156035622,0.7314836429689989,0.7138406038878633,0.8573257049656042,3.3694419544747864,1.6669711652476196,1.5601083388661106,2.354210523280581,0.9512752510876665,FAR
758,797,777,test,40,False,0.8147879868320459,0.9026560733923225,0.7022271933254026,0.7161264717423711,0.8595881172395876,3.3694419544747864,1.6649536411013066,1.559161428098319,2.3395743990705262,0.9522875240944442,FAR
759,798,778,test,40,False,0.7948326990300668,0.8915339023447548,0.7080120154663295,0.7081259045011769,0.8508699314229254,3.3694419544747864,1.6495984005166264,1.5422936118973247,2.3439336592213555,0.9543887553632204,FAR
760,799,779,test,40,False,0.7449928799145523,0.863129700516992,0.6737472820580224,0.6930832085191765,0.8345399356861394,2.6524056311998288,1.6226460795944315,1.5162007800587778,2.348492444395878,0.9668766295335125,FAR
761,800,780,test,40,False,0.7463485153854812,0.8639146458912947,0.6578223847956831,0.6935775148656804,0.8357462461658525,2.6524056311998288,1.6274546391996865,1.5207617058867524,2.3561681438164714,0.9673944644191312,FAR
762,801,781,test,40,False,0.7244244420242358,0.8511312719106471,0.6356624583550127,0.6826898706494524,0.8244463242975717,2.6524056311998288,1.6148042809605037,1.5083828077277057,2.3755632223121594,0.9686476710541111,FAR
763,802,782,test,40,False,0.7271889953256327,0.8527537718038148,0.6437179724276939,0.6864978934823077,0.8258955678539023,2.6524056311998288,1.6098564490953566,1.5051431643914093,2.3582481122854424,0.9685041510949873,FAR
764,803,783,test,40,False,0.7458875104708513,0.8636477930677825,0.6453040466697975,0.6951059028894306,0.8365180773883463,2.6524056311998288,1.6328616499699193,1.528840448139357,2.3617466062163954,0.9685870607240619,FAR
765,804,784,test,40,False,0.741102000724539,0.8608728133264164,0.6322125672616077,0.6916233838559637,0.831486377209439,2.6524056311998288,1.621012698741729,1.5185064937507504,2.3535167901129688,0.9658643696698609,FAR
766,805,785,test,40,False,0.7556158490777838,0.8692616689339199,0.6192533040387851,0.6970757510992147,0.8401031746652519,2.6524056311998288,1.6553289146018546,1.549617605447716,2.3828660077100308,0.9664560220348509,FAR
767,806,786,test,40,False,0.7309983421921282,0.8549844104965472,0.608823174508889,0.6845454197686879,0.8259517280282456,2.6524056311998288,1.6224972864760807,1.519373184089084,2.3791472506434195,0.9660430270869613,FAR
768,807,787,test,40,False,0.7343375303218885,0.8569349627141424,0.6112779239942496,0.6861455073758045,0.827989868367928,2.6524056311998288,1.6251401111813117,1.5233805533291818,2.377723599677433,0.9662225307571329,FAR
769,808,788,test,40,False,0.7784310186892298,0.8822873787430203,0.6339991235046184,0.7025196244237465,0.8456446540458241,2.7768918222607804,1.643295857118104,1.5449734897404255,2.3531855357306943,0.9584684927156041,FAR
770,809,789,test,40,False,0.7777315314799494,0.8818908841120592,0.6391474042116908,0.7024104471040198,0.8451662644837201,2.7768918222607804,1.64138941220259,1.5424885488872695,2.3505019366298,0.9583569574309461,FAR
771,810,790,test,40,False,0.7866991696033524,0.8869606358815212,0.6388687202774568,0.7080500866946055,0.850022500347855,2.7768918222607804,1.6479220452844288,1.548514208584565,2.343811070971095,0.9583542560522378,FAR
772,811,791,test,40,False,0.7893016421395037,0.8884264978823536,0.6406682758773294,0.7105353360687248,0.8520538245775521,2.7768918222607804,1.6436816895731539,1.5459821847144348,2.3252017555614346,0.9590594456699579,FAR
773,812,792,test,40,False,0.7885602112299441,0.8880091278978748,0.652957892863085,0.711194574038517,0.8516405356778277,2.7768918222607804,1.6378804344966493,1.5407813402589805,2.315399502560118,0.9590447991158154,FAR
774,813,793,test,40,False,0.797964637407336,0.8932886640987537,0.6714479618576656,0.7196461119179229,0.8603596987307508,2.7768918222607804,1.6523246374357234,1.5526298159462404,2.3058660566666562,0.9631373746344075,FAR
775,814,794,test,40,False,0.8085954273705249,0.899219343303137,0.6888302638427565,0.7277023031292335,0.8684238864490407,2.7768918222607804,1.6643070510823654,1.5631966286047259,2.2946017863358517,0.9657531200997365,FAR
776,815,795,test,40,False,0.7969761574469219,0.8927352112731534,0.6839660131437899,0.7188021670203094,0.8609400661417863,2.7768918222607804,1.6623075812553423,1.5588303396370242,2.3215942803060976,0.9643845736900831,FAR
777,816,796,test,40,False,0.8280689970397616,0.9099829652470213,0.6977712786261528,0.732847412467988,0.8741868006995466,2.7768918222607804,1.6653612189035119,1.5639352484010982,2.2972665654930466,0.9606628190696321,FAR
778,817,797,test,40,False,0.8617236863643661,0.9282907337490589,0.7352212783113149,0.745320935462829,0.8913719758675789,2.7768918222607804,1.6978309113664103,1.595441996666164,2.2999429264515108,0.960229315515865,FAR
779,818,798,test,40,False,0.8956949330641372,0.9464116086904985,0.7636489327073097,0.7610858790148065,0.9111693938293554,2.7768918222607804,1.746681214873636,1.6391685422794104,2.3180132591397116,0.9627622753804701,FAR
780,819,799,test,40,False,0.88370295775713,0.9400547631692157,0.7700212473167729,0.7545571258026416,0.9036989415497982,2.7768918222607804,1.74337265391461,1.6333125680743925,2.33183950430817,0.9613258471274049,FAR
781,820,800,test,40,False,0.8747193931417645,0.9352643439914539,0.7986303378067044,0.7523443906867932,0.898638237089673,2.7768918222607804,1.729733883562202,1.621159347346874,2.3203796540049746,0.9608387648507261,FAR
782,821,801,test,40,False,0.8598241110312838,0.9272670117238528,0.8071128998354336,0.7439415724947728,0.8888215369912883,2.7768918222607804,1.7067548641429937,1.5998085835863676,2.318367293996624,0.9585389383570415,FAR
783,822,802,test,40,False,0.8603506063558557,0.9275508645653109,0.8331104090229884,0.7439969044012222,0.8890145577086569,2.7768918222607804,1.7042498305474112,1.5972649247902149,2.31601374585846,0.9584536995987668,FAR
784,823,803,test,40,False,0.8647772319609208,0.929933993335506,0.8222458634440658,0.7479483364759495,0.8910712415881641,2.7768918222607804,1.705104552163715,1.600336116386997,2.3044382548630713,0.9582091287920896,FAR
785,824,804,test,40,False,0.8637055001090672,0.9293575738697497,0.8079164924079352,0.7482675207130668,0.890562048386891,2.7768918222607804,1.704074189765985,1.6003795656325994,2.302315758753808,0.9582555449337782,FAR
786,825,805,test,40,False,0.8764243047206138,0.936175360026429,0.8324032850164691,0.7520656098846685,0.8968095967696227,2.7768918222607804,1.7266958891205442,1.6235476544542375,2.3190045626306097,0.9579504386275506,FAR
787,826,806,test,40,False,0.8751254297210178,0.9354813892969853,0.831213645015477,0.7521585064733644,0.8961216868274076,2.7768918222607804,1.7241223464279216,1.6214293376610882,2.3155616025501566,0.9579257236756398,FAR
788,827,807,test,40,False,0.8575223959469263,0.9260250514683316,0.8255593830325064,0.7430144596945967,0.8852921837718466,2.7768918222607804,1.7060831045192526,1.6020681793891636,2.318874972752293,0.9560132119191616,FAR
789,828,808,test,40,False,0.8586718503844513,0.9266454825792069,0.83978515205504,0.7425953928577215,0.8862129662555078,2.7768918222607804,1.7112961794945505,1.6073314169131625,2.331074002346884,0.956366790661775,FAR
790,829,809,test,40,False,0.8571317768320718,0.9258141157014576,0.8563176497441134,0.7405153149055221,0.8851094394381953,2.7768918222607804,1.7098500568855386,1.6049432113461741,2.3373550371870238,0.9560336404760672,FAR
791,830,810,test,40,False,0.8758838830765263,0.9358866828182386,0.8529260808705106,0.7435317983156754,0.8931998859672816,2.7768918222607804,1.7270982096850296,1.6222873347292157,2.3477661753018366,0.9543889258874652,FAR
792,831,811,test,40,False,0.8716537304368892,0.9336239770040662,0.8323888982961792,0.740258607668587,0.8903803478937118,2.7768918222607804,1.7255009531567864,1.6205332048952594,2.3566994424780665,0.9536819638575263,FAR
793,832,812,test,40,False,0.8694613636867295,0.9324491212322148,0.8221287075216436,0.7401017592368502,0.8891408139128864,2.7768918222607804,1.721870493448416,1.617337224383295,2.3521974905284653,0.9535542408339692,FAR
794,833,813,test,40,False,0.8720265400005858,0.9338236128951687,0.8076359413939644,0.7415045925827227,0.8907593121481403,2.7768918222607804,1.729199774589049,1.624484543711413,2.358135145750822,0.9538839025353895,FAR
795,834,814,test,40,False,0.863462800504813,0.9292269908395973,0.8091084878937136,0.7393531895039581,0.8859550806257938,2.7768918222607804,1.7117638899031262,1.6092452770671664,2.3412445722996944,0.9534323576043507,FAR
796,835,815,test,40,False,0.8696606414098845,0.9325559722664826,0.7969287526311342,0.7446864875723447,0.8907227398519684,2.7768918222607804,1.7186441017163112,1.6160272144293057,2.3284942083891194,0.9551413173486597,FAR
797,836,816,test,40,False,0.8899328742998815,0.9433625359849105,0.8212369979694268,0.7531260861748963,0.9011688292104175,2.7768918222607804,1.7483785168883337,1.6443061111807526,2.338302235124668,0.9552730735374805,FAR
798,837,817,test,40,False,0.9053690707118006,0.9515088390087612,0.8421987391377501,0.763076398929764,0.910783385059325,2.7768918222607804,1.764036867799439,1.6577246640801302,2.33471497358818,0.9571990797354419,FAR
799,838,818,test,40,False,0.8954000240744298,0.946255792095578,0.8330427941227743,0.7595585286620096,0.9049416828453548,2.7768918222607804,1.749244382606039,1.6466601125574936,2.325035714328539,0.9563393856129229,FAR
800,839,819,test,40,False,0.8879686174793285,0.942320867581382,0.826482959586411,0.7589654266522228,0.9016647049739959,2.7768918222607804,1.7315481134099606,1.630651422251549,2.308387737830697,0.9568552878259645,FAR
801,840,820,test,40,False,0.9054342568917211,0.9515430925038135,0.8351153381286692,0.7682172203498303,0.9125343621144101,2.7768918222607804,1.7481382686565379,1.648057640798371,2.304676668599826,0.9590047674175648,FAR
802,841,821,test,40,False,0.8988688412222375,0.9480869375865473,0.8341814460158073,0.7648688206572247,0.9074195460350175,2.7768918222607804,1.7312580079617756,1.6332852926272605,2.28915025218648,0.9571058413112907,FAR
803,842,822,test,40,False,0.8858055231858835,0.9411724194778996,0.8146604039448999,0.7557953210466603,0.8994956481204854,2.7768918222607804,1.7287326913648304,1.628423063501515,2.319053807451006,0.9557182398305576,FAR
804,843,823,test,40,False,0.8621466403286876,0.9285185191091708,0.801326031450118,0.7432223669768134,0.8846155665375383,2.7768918222607804,1.7014139693694943,1.598659214419134,2.327048456748731,0.9527172030841631,FAR
805,844,824,test,40,False,0.8921335866095543,0.944528234945655,0.8212778106103686,0.7607664479603197,0.9041829249046959,2.7768918222607804,1.736365581582777,1.6334142616213114,2.321120254485424,0.9572852260543802,FAR
806,845,825,test,40,False,0.8819129819626836,0.9391022212531944,0.8335596509007672,0.7565059603499844,0.8985117120599112,2.7768918222607804,1.7133271853273224,1.6146266051432172,2.3058501009636343,0.9567773259665846,FAR
807,846,826,test,40,False,0.879551630145414,0.9378441395804604,0.8386929059808913,0.7542106658246416,0.8963385363879397,2.7768918222607804,1.712626757712831,1.6131547582459507,2.317680294631484,0.9557436023313127,FAR
808,847,827,test,40,False,0.8713059121567255,0.9334376852027807,0.8302201693065988,0.7506293286956855,0.8908413491678825,2.7768918222607804,1.6977610945231898,1.5979729851211124,2.306047554688976,0.9543661706505405,FAR
809,848,828,test,40,False,0.8190141553322136,0.9049940084510028,0.8198399620553147,0.7328555433819537,0.8680120878244735,2.737586488235757,1.6626737240271752,1.5606186549012133,2.309858882487844,0.9591357287659531,FAR
810,849,829,test,40,False,0.8356571240472045,0.9141428356921059,0.8179846253633898,0.7394251106951353,0.8772035714732418,2.737586488235757,1.686821487119774,1.583650942244459,2.3212207992912672,0.9595913649633352,FAR
811,850,830,test,40,False,0.8215137964355925,0.9063739826559413,0.8132718374992551,0.7320409063847699,0.8689328273023825,2.737586488235757,1.6753345095676386,1.5728613165969896,2.326121439175549,0.9586912730616504,FAR
812,851,831,test,40,False,0.8226760558472289,0.9070149148978912,0.8094147058090053,0.7332185505933236,0.8697655510076693,2.737586488235757,1.6812701363869642,1.5773202534846955,2.3318361795689446,0.958931916908538,FAR
813,852,832,test,40,False,0.811680383559341,0.9009330627518012,0.8032059941874442,0.7253534641550845,0.8623377094158737,2.737586488235757,1.6770001790901354,1.5718749721159075,2.358338138022124,0.9571606871457884,FAR
814,853,833,test,40,False,0.8128158224618195,0.9015629886268732,0.7866108086658502,0.7239820412405631,0.8631162075417308,2.737586488235757,1.6857094452015837,1.5794650245012245,2.3782472612417864,0.9573554132432843,FAR
815,854,834,test,40,False,0.8064127042886534,0.8980048464728091,0.7817072411766024,0.720029838052975,0.8587488969076199,2.737586488235757,1.6796567611694975,1.574771673947307,2.3818430616988158,0.9562853700407308,FAR
816,855,835,test,40,False,0.8003938369369902,0.8946473254512027,0.7713578509367259,0.7155932871005177,0.8528268616238897,2.737586488235757,1.6617114022816044,1.5599348692903574,2.365059148686451,0.9532548048403079,FAR
817,856,836,test,40,False,0.77660382269898,0.881251282381467,0.7943721193842403,0.7037176486316474,0.8432948262312507,2.737586488235757,1.6637001468750157,1.558142083622661,2.3888714902787824,0.9569289067612544,FAR
818,857,837,test,40,False,0.7587554341032663,0.8710656887418229,0.7758668240856998,0.6983072188351859,0.8356697911735746,2.737586488235757,1.6600933735334102,1.5530315440029407,2.4014120424510463,0.9593648354817254,FAR
819,858,838,test,40,False,0.7367678964765927,0.8583518488805116,0.7790409409129553,0.690801897836482,0.8251306514998777,2.6554076334792325,1.6280309432336573,1.5247219138472619,2.3847706587596287,0.9612965272644756,FAR
820,859,839,test,40,False,0.7770493191500583,0.8815040097186503,0.8354595036871036,0.7096711050622975,0.8444894027357609,2.6554076334792325,1.6484660133102538,1.5465740162216508,2.3677538222788543,0.9580097122930804,FAR
821,860,840,test,40,False,0.7703637007084185,0.8777036519853489,0.8334612814516652,0.7047863795799302,0.8396404452905643,2.6554076334792325,1.6460147397010398,1.5432129050882981,2.386735295470758,0.9566331909310318,FAR
822,861,841,test,40,False,0.7707713046942176,0.8779358203731168,0.8399820728138222,0.7053706226660206,0.839998310437171,2.6554076334792325,1.640932379628231,1.5400903285002083,2.373499190333597,0.9567878322588289,FAR
823,862,842,test,40,False,0.7351493188465185,0.8574084900714003,0.7984127155854858,0.692158449329388,0.8224962270548131,2.6554076334792325,1.604467946070038,1.5058350747092917,2.3627479917313514,0.9592816453057516,FAR
824,863,843,test,40,False,0.7129348091954357,0.8443546702632939,0.7881117905328209,0.681165755220577,0.8095588986421489,2.6554076334792325,1.5767467058503961,1.4783605029901399,2.3625186981526154,0.958790099887415,FAR
825,864,844,test,40,False,0.7218568488622658,0.8496215915701918,0.7985792566806413,0.6837828207345401,0.8135357870667412,2.6554076334792325,1.584940575586948,1.4843583321719211,2.3645684371692477,0.957527204038259,FAR
826,865,845,test,40,False,0.7003519399470637,0.8368703244512041,0.7684262297692397,0.6723918667856555,0.8016587380423754,2.6554076334792325,1.5677716469218583,1.4656516444137169,2.384004303125311,0.9579246803476757,FAR
827,866,846,test,40,False,0.6928070736540136,0.8323503310830204,0.7602235974797545,0.6668991641224536,0.7971707097233246,2.6554076334792325,1.5662312828545688,1.4632286326253316,2.400460097183114,0.9577345979860169,FAR
828,867,847,test,40,False,0.7049467471265134,0.8396110689637872,0.7657241916482115,0.67351276313793,0.8051932678499083,2.6554076334792325,1.5803504438194511,1.4776522727645875,2.3991335038887196,0.9590074471548404,FAR
829,868,848,test,40,False,0.7078696444580876,0.841349894192712,0.757028665309333,0.67701096503417,0.8073260124567341,2.6554076334792325,1.5775496942797644,1.4748149907403678,2.379796882010676,0.9595603660607526,FAR
830,869,849,test,40,False,0.7047078325738498,0.8394687799875883,0.7553678796258239,0.6753519225468658,0.8047971644690334,2.6554076334792325,1.5707879144405588,1.470383266900134,2.3747092545128696,0.9586981477511677,FAR
831,870,850,test,40,False,0.6712253844009441,0.8192834579075451,0.7506018153142717,0.6636887005989738,0.7876889511823849,2.6197052337394244,1.5320215831411896,1.4344995127545783,2.3592377673885983,0.9614364156627149,FAR
832,871,851,test,40,False,0.7137038861791445,0.8448099704543883,0.798808384153504,0.6798707927309171,0.8072607700580738,2.996878201948672,1.5719206301042399,1.4731782440436718,2.359798478679754,0.9555530809181638,FAR
833,872,852,test,40,False,0.7137703023203841,0.8448492778717303,0.7884209839242861,0.6803961848889497,0.8072993691696435,2.996878201948672,1.5700064033114525,1.4685633279512744,2.3553649265802745,0.9555543104721836,FAR
834,873,853,test,40,False,0.7053398575483947,0.839845139027663,0.7810971151205767,0.6746297616839609,0.8013228301991188,2.996878201948672,1.5536853767612513,1.4530474606703845,2.3512474716233767,0.9541316523268281,FAR
835,874,854,test,40,False,0.6977790426040275,0.8353316961566989,0.7745261852882287,0.6680901871069487,0.7958021519494907,2.996878201948672,1.550765673780048,1.4488551908794343,2.3755945908815526,0.9526780267179124,FAR
836,875,855,test,40,False,0.7037098996642837,0.8388741858373541,0.7805564902859984,0.6713973840726596,0.7994279997761913,2.996878201948672,1.557317079970495,1.4558013775036696,2.3742714148913917,0.9529772321915139,FAR
837,876,856,test,40,False,0.6805598502033271,0.8249605143298236,0.7749610946719783,0.6615212031138784,0.7869876343534173,2.996878201948672,1.530464314045291,1.429813891024969,2.3766526393096,0.9539700636372221,FAR
838,877,857,test,40,False,0.6688808299436826,0.8178513495395618,0.7697548906577586,0.6532163402863128,0.7801903712085109,2.996878201948672,1.5245167635283101,1.425182813590387,2.391324264368646,0.9539513160279633,FAR
839,878,858,test,40,False,0.6716675932434114,0.8195532888369196,0.7573488460070185,0.6548854021184638,0.7819940878410956,2.996878201948672,1.5310045399861927,1.429790889520915,2.3956374660631803,0.954171130166378,FAR
840,879,859,test,40,False,0.6707824890688732,0.8190131189845943,0.7488248229074889,0.6547434612247561,0.7815765825016572,2.996878201948672,1.5339007994630542,1.4319568619873682,2.3988391606649975,0.9542906754297775,FAR
841,880,860,test,40,False,0.6781560736849016,0.8235023216026179,0.7187913591267655,0.6572352847594531,0.7849634854789451,2.996878201948672,1.5477983204353638,1.4452546332185539,2.4079629279541006,0.9532013023974572,FAR
842,881,861,test,40,False,0.6828880240700018,0.8263703915739006,0.7130509083270614,0.6602902050194193,0.7888025547133865,2.996878201948672,1.5556270247551496,1.4520572236306837,2.409103333204387,0.9545387428644888,FAR
843,882,862,test,40,False,0.6802268340773721,0.8247586520172868,0.6917404988703251,0.6606546366828894,0.7866671547558288,2.996878201948672,1.5409314935047818,1.4403792235396344,2.3780693456425617,0.9538149770623326,FAR
844,883,863,test,40,False,0.6824523238095945,0.8261067266458945,0.6922712303878394,0.6630347887038652,0.788732781902015,2.996878201948672,1.5406675557894285,1.4432059130829475,2.3647530066562967,0.9547589390833038,FAR
845,884,864,test,40,False,0.6865960102638424,0.8286108919534201,0.7006680532386054,0.6632136431354901,0.7904703971122329,2.996878201948672,1.543735273731793,1.4458368178421386,2.3673892768138245,0.9539705605953689,FAR
846,885,865,test,40,False,0.6869740264177526,0.828838962897952,0.6906712527628373,0.6642961203442397,0.7907089108184,2.996878201948672,1.5381482279572767,1.4397786900431342,2.355140434333606,0.9539958257437198,FAR
847,886,866,test,40,False,0.6880590605007032,0.8294932552472644,0.6800186498575229,0.6655820805574089,0.7917508686131061,2.996878201948672,1.5386360429341555,1.4402101573400234,2.3481244930028127,0.9544994653116166,FAR
848,887,867,test,40,False,0.6866087306382568,0.8286185676402966,0.6682710931128973,0.6615607483683645,0.7905746577951296,2.996878201948672,1.5446838731541213,1.4467258504283294,2.3791093357708837,0.9540875484440243,FAR
849,888,868,test,40,False,0.6951338694507058,0.8337468857217434,0.6596888513990998,0.6654634465049065,0.7959308678967968,2.996878201948672,1.5501974286320057,1.453039906547056,2.374799896749819,0.9546432874622246,FAR
850,889,869,test,40,False,0.6765278503753432,0.8225131308224467,0.6546259043027357,0.6571541837038236,0.785323448282892,2.996878201948672,1.5248444929272336,1.4302748857068353,2.368061298075741,0.9547853023302278,FAR
851,890,870,test,40,False,0.6897921989052729,0.8305372953126626,0.6872906354995129,0.6642726238106407,0.7931598063533516,2.996878201948672,1.532746840749373,1.4383607128167415,2.3597025457442626,0.9549960138211012,FAR
852,891,871,test,40,False,0.7363238034838306,0.8580931205200463,0.7298299616730085,0.680944431266474,0.8137984454761913,2.996878201948672,1.5692556896344503,1.4730832776936928,2.3597707954161242,0.9483801070249692,FAR
853,892,872,test,40,False,0.7557571952567134,0.8693429675661462,0.7230059372816906,0.6930825862826672,0.8255522485013888,2.996878201948672,1.5856830125761623,1.488106507887055,2.3370574918505875,0.949627798580627,FAR
854,893,873,test,40,False,0.7509112997832158,0.8665513832331098,0.7124468049853515,0.6908562765133047,0.8219509214361562,2.996878201948672,1.5794079472355889,1.4797223129027937,2.337146121086863,0.9485310823340344,FAR
855,894,874,test,40,False,0.7558680672420621,0.869406732917374,0.7121850993641757,0.6921473812575392,0.8254169600814893,2.996878201948672,1.5975185608460571,1.49504784339338,2.3621311109117826,0.9494025394900348,FAR
856,895,875,test,40,False,0.7797061156928539,0.8830096917321202,0.7149469416070863,0.7069680175436321,0.8419582703009159,2.996878201948672,1.6285177808004665,1.5253477270620703,2.361167830737055,0.9535096592760183,FAR
857,896,876,test,40,False,0.7729215230561353,0.8791595549478691,0.6927211094499931,0.7050474969125852,0.8385269637274535,2.996878201948672,1.6206546952587046,1.5181995643837187,2.357272172649045,0.9537824607697917,FAR
858,897,877,test,40,False,0.7625053030377384,0.8732154963339454,0.6693364435822504,0.702211430603539,0.8327559471707715,2.996878201948672,1.596779184467302,1.496415353117128,2.334495019212217,0.9536660202057375,FAR
859,898,878,test,40,False,0.7850874181318785,0.8860515888659523,0.6521365433351779,0.7105530582820092,0.8435312844847488,2.996878201948672,1.6133499835320628,1.5137558246105491,2.3346903645995005,0.952011480013681,FAR
860,899,879,test,40,False,0.755668152327458,0.8692917532839352,0.6257866512816512,0.695373826173521,0.8310420291718648,2.996878201948672,1.610037480556676,1.5077166052416913,2.363667224787318,0.9559989796664079,FAR
861,900,880,test,40,False,0.7775326743358113,0.8817781321487913,0.62391931090035,0.7072892035058362,0.8439077218963135,2.996878201948672,1.6282339459139343,1.52547326484395,2.344242903213086,0.9570522233748392,FAR
862,901,881,test,40,False,0.7749393634498357,0.8803064031630327,0.6189925504725927,0.7056620268693601,0.8414495499667172,2.996878201948672,1.6242807443539786,1.5206323416122045,2.3426651167128982,0.9558598539591456,FAR
863,902,882,test,40,False,0.7723786869998535,0.8788507762981458,0.6137046849837386,0.7026674312254856,0.8394067349115428,2.996878201948672,1.6292328663742428,1.5236208195609924,2.364890058283485,0.9551186134775379,FAR
864,903,883,test,40,False,0.7996104589139739,0.8942094043980827,0.6234494903642073,0.7163616454965869,0.8545057026697378,2.996878201948672,1.6566307330478118,1.5496322798844928,2.3583471471515205,0.9555991006881989,FAR
865,904,884,test,40,False,0.8299877745820261,0.9110366483199378,0.6528969988390714,0.724852209809357,0.8652334516161735,3.4514404392562152,1.6838265408087891,1.5761107974618365,2.3631957027646164,0.9497240898176479,FAR
866,905,885,test,40,False,0.8452309754907699,0.91936444106283,0.6557388588518728,0.7320402707250588,0.87422532259828,3.4514404392562152,1.7009358475843517,1.5935390517250911,2.3562105452113435,0.9509018225543213,FAR
867,906,886,test,40,False,0.8415558028969589,0.9173635064122394,0.6515841946414846,0.73059261693233,0.8715932533422486,3.4514404392562152,1.693450160235758,1.5866357800832422,2.34943113144977,0.9501067431284728,FAR
868,907,887,test,40,False,0.8406714581308428,0.9168813762591335,0.6488410068129136,0.731282366718747,0.871105903824709,3.4514404392562152,1.6905491343361614,1.5833148358003013,2.3438953613696376,0.950074814889154,FAR
869,908,888,test,40,False,0.8405038668765267,0.9167899796990184,0.6602300924235437,0.7291936071276378,0.8709904173651533,3.4514404392562152,1.6985676678225161,1.5891253708451216,2.3655745172492146,0.9500435613957069,FAR
870,909,889,test,40,False,0.8363186078940181,0.9145045696408619,0.6641519305574862,0.7254575429152087,0.8667108373285102,3.4514404392562152,1.691279613920844,1.5817776944893294,2.3705937776550026,0.9477381153698106,FAR
871,910,890,test,40,False,0.8367979496482612,0.914766609386384,0.6654388359358252,0.725134993540675,0.8670830954333724,3.4514404392562152,1.6911909821355153,1.5819107713606875,2.371575852563551,0.9478735740201566,FAR
872,911,891,test,40,False,0.7959002863478379,0.8921324376727022,0.6414423263992196,0.7099294272797574,0.8486154565014147,3.4514404392562152,1.6503390448207824,1.5434174618595913,2.3656372993229953,0.9512213889623721,FAR
873,912,892,test,40,False,0.781497988360037,0.8840237487534127,0.6316679569816234,0.7002219506048203,0.8372554714044721,3.4514404392562152,1.627669974287659,1.5239836821249377,2.366393947742355,0.9470961301493428,FAR
874,913,893,test,40,False,0.7814704613044418,0.8840081794329969,0.628546010650491,0.7007983008988763,0.8372319558164654,3.4514404392562152,1.6278592807631072,1.5246742623151188,2.364056993047866,0.9470862094889961,FAR
875,914,894,test,40,False,0.779172265964753,0.8827073501250304,0.6286420063862628,0.6994672512189423,0.8350682770207974,3.4514404392562152,1.6245182931022502,1.521013902139669,2.3658279117446663,0.9460307279672192,FAR
876,915,895,test,40,False,0.7667003635879668,0.8756142778575318,0.621984228337977,0.6910819725400377,0.8263618420131124,3.4514404392562152,1.6073431437406918,1.5039338123624648,2.3694573043226566,0.9437509904875796,FAR
877,916,896,test,40,False,0.7765315133074053,0.881210254880982,0.6256555668194537,0.696841507658862,0.8324763248394597,3.4514404392562152,1.6179479036733633,1.513869287215027,2.3610789192089334,0.9446965922473242,FAR
878,917,897,test,40,False,0.8030803821981289,0.896147522564298,0.6269801772658758,0.7085912085103891,0.8458707632329869,3.4514404392562152,1.6467733011143881,1.5404772142764886,2.362214411811194,0.9438967825437428,FAR
879,918,898,test,40,False,0.796996755199912,0.8927467475157286,0.6355291502012899,0.7048159525711102,0.8416729849189999,3.4514404392562152,1.6387430442425661,1.5324166881886554,2.3633824808402553,0.9427903123267006,FAR
880,919,899,test,40,False,0.7868651448492864,0.8870541949899602,0.6508091971773518,0.6975672111110196,0.8363086851047253,3.4514404392562152,1.6428860914009005,1.5339819464134203,2.387812372072373,0.9427932248425822,FAR
881,920,900,test,40,False,0.7584521465722311,0.8708915814108156,0.6714602853848842,0.6832038178909812,0.8185950473152677,3.4514404392562152,1.60467777571952,1.4967176588674889,2.3771921489761465,0.9399505802882728,FAR
882,921,901,test,40,False,0.753022198505249,0.8677685166593964,0.6832490659869742,0.6781418997314058,0.8140927893116061,3.4514404392562152,1.6028023161798568,1.4941828657401033,2.4051984808072326,0.9381451086121182,FAR
883,922,902,test,40,False,0.7586220108240076,0.8709890991418937,0.7100780090035247,0.6815665787144498,0.8183053532851117,3.4514404392562152,1.6162443262887307,1.5066249420813294,2.4160976047171467,0.9395127379795148,FAR
884,923,903,test,40,False,0.781531295463767,0.8840425869061779,0.7289677025192022,0.6938595372014753,0.831787069235039,3.4514404392562152,1.6328263096925557,1.5231930093181645,2.4053703417771883,0.9408902710739152,FAR
885,924,904,test,40,False,0.7536515380224991,0.8681310603949723,0.7230306260838021,0.6811870215511252,0.8167337755114554,3.4514404392562152,1.6101039771168115,1.5007434513931084,2.415474993289393,0.9407954775168017,FAR
886,925,905,test,40,False,0.744812725706976,0.8630253331779874,0.7479162737421207,0.675918048450747,0.8100792564856636,3.4514404392562152,1.5960300825926719,1.4880696119874528,2.4082476178304004,0.9386506112197701,FAR
887,926,906,test,40,False,0.7486127260311568,0.8652240900663578,0.7713008693078709,0.6791990395336219,0.8132229537736588,3.4514404392562152,1.5990820320289416,1.4919543420876913,2.3991759277931086,0.9398986495062674,FAR
888,927,907,test,40,False,0.7745328646717042,0.8800754880529875,0.8041540284475538,0.6943989208589865,0.8278561028895911,3.4514404392562152,1.6229457462250334,1.513732993615405,2.377884579629481,0.9406648794651438,FAR
889,928,908,test,40,False,0.763612483425416,0.8738492338071917,0.8360542166181316,0.6882063981727159,0.8206629224546143,3.4514404392562152,1.6142302564146078,1.5040304386387895,2.3859980358797217,0.939135597658128,FAR
890,929,909,test,40,False,0.7688743084082699,0.8768547818243736,0.8354252153754963,0.6906337092928669,0.8242358843397117,3.4514404392562152,1.6278876005961638,1.5137156062445094,2.39836006450626,0.9399913205979403,FAR
891,930,910,test,40,False,0.756387274485608,0.8697052802447551,0.861706128992507,0.682546578479456,0.8169541963314885,3.4514404392562152,1.6257151130733998,1.5108760145914324,2.420600392662362,0.9393460231741708,FAR
892,931,911,test,40,False,0.7703587462727561,0.8777008295955725,0.826653472768066,0.6880345926908007,0.821250487891124,3.4514404392562152,1.6260695602170518,1.5122390424513505,2.412946409974507,0.9356838460202211,FAR
893,932,912,test,40,False,0.7771576699007098,0.8815654654651064,0.8430638324904677,0.6894303944895791,0.8242793948236464,3.4514404392562152,1.6382324441280083,1.525239009552329,2.4222472334091356,0.935017791774277,FAR
894,933,913,test,40,False,0.7770216131585312,0.8814882943967726,0.8511556118136614,0.6906781197819873,0.8241657287449188,3.4514404392562152,1.6304542024039477,1.5204296059403366,2.401236333304118,0.9349707012376367,FAR
895,934,914,test,40,False,0.7701045735809513,0.8775560230440854,0.856526454955107,0.6874738211651529,0.8191028310586838,3.4514404392562152,1.6108993744848488,1.5005634801420995,2.3819074242786384,0.9333909283846769,FAR
896,935,915,test,40,False,0.7453806200188438,0.8633542841839865,0.8479268551810227,0.671959087237297,0.801349600615006,3.4514404392562152,1.5784717691713372,1.4684819345843585,2.383089861350976,0.9281816460462865,FAR
897,936,916,test,40,False,0.726783806700755,0.8525161621346278,0.8440681260426209,0.6587921013764757,0.7863548099206021,3.4514404392562152,1.5503964145057534,1.4436729671667377,2.394397641957897,0.9223928470184504,FAR
898,937,917,test,40,False,0.7357786187323974,0.8577753894420131,0.8499348353995259,0.6610703031944765,0.7914177555423151,3.4514404392562152,1.5713887426589817,1.4623367882392453,2.415593476762196,0.9226398487104369,FAR
899,938,918,test,40,False,0.7299089306474668,0.8543470785620249,0.873401394046257,0.6571900165402684,0.7890023655489857,3.4514404392562152,1.5844545161807873,1.4726332042527157,2.4380923032749107,0.9235150272614934,FAR
900,939,919,test,40,False,0.7124518893072744,0.8440686520107676,0.883304511061748,0.6469443197244324,0.7758925886507682,3.4514404392562152,1.5572454531865316,1.4480804648255465,2.441601061087036,0.9192292437379492,FAR
901,940,920,test,40,False,0.707262639819912,0.8409890842453973,0.9014008389834804,0.6467289611384723,0.7734401732401756,3.4514404392562152,1.5486828757296707,1.4404499799434252,2.4329259127287077,0.919679205984187,FAR
902,941,921,test,40,False,0.7346754447107975,0.8571321045852835,0.9223450874353668,0.6607799892725363,0.790262553828941,3.4514404392562152,1.5748113873319571,1.4676468269030334,2.431668584878384,0.9219845454409891,FAR
903,942,922,test,40,False,0.7281828607933185,0.8533363116575542,0.9406209023966233,0.6552366864643354,0.7828422958247275,3.4514404392562152,1.55498924294497,1.4500182489218154,2.4130876966691566,0.9173901135228896,FAR
904,943,923,test,40,False,0.7320305591576777,0.8555878442086924,0.9635677817710424,0.6561859641099479,0.7844001782490089,3.4514404392562152,1.5591881458594208,1.454503407459517,2.4149930505533375,0.91679677727829,FAR
905,944,924,test,40,False,0.6962899813956651,0.834439920782596,0.8852094159218821,0.6466587460952168,0.7713503332177731,2.8629934356184297,1.5266633246512096,1.424633890726855,2.4071217865841277,0.9243928939717397,FAR
906,945,925,test,40,False,0.6756353491176774,0.8219704064731755,0.8923761738614215,0.6352483175657806,0.7576397216515728,2.8629934356184297,1.495191183027758,1.3944609248130884,2.4110683271467215,0.9217360086020298,FAR
907,946,926,test,40,False,0.7021001561053615,0.8379141698917386,0.9373975323814391,0.647317886595866,0.7718671853637235,2.8629934356184297,1.5220549051041476,1.4197600195602829,2.408696351169781,0.9211769094004596,FAR
908,947,927,test,40,False,0.7062678609796682,0.8403974422733973,0.9044002903609379,0.6485957782281847,0.774079799480633,2.8629934356184297,1.527992984386931,1.425460989291905,2.412633448220253,0.9210877622219251,FAR
909,948,928,test,40,False,0.7114156568259233,0.843454596777991,0.8410675506730245,0.6522983880362588,0.7773438494371486,2.8629934356184297,1.530070970541298,1.4306546507707285,2.400639433819993,0.921619079920382,FAR
910,949,929,test,40,False,0.7194442881490646,0.8482006178664718,0.7928845367437533,0.6585669630298735,0.7846492838055543,2.8629934356184297,1.5448424672003902,1.4425097916977154,2.3980481293160354,0.9250751146341158,FAR
911,950,930,test,40,False,0.7343941199805337,0.8569679807207115,0.8013587858642452,0.6650298920583555,0.7936427969749933,2.8629934356184297,1.5726023427407483,1.466280949390415,2.4163905344259087,0.9261055428319952,FAR
912,951,931,test,40,False,0.7390433206318764,0.8596762882805808,0.7928469384089292,0.666374993674989,0.7965620099293613,2.8629934356184297,1.5865023305308408,1.4779905876893544,2.4326795712276157,0.9265836696770444,FAR
913,952,932,test,40,False,0.7587360238680134,0.8710545470106986,0.7885854779655468,0.6800584973889878,0.8108013125254196,2.8629934356184297,1.6045301169232282,1.4965932576975909,2.4161861851905724,0.9308272545134433,FAR
914,953,933,test,40,False,0.7717279583140262,0.8784804826027873,0.7826858489782298,0.6862800830352406,0.8193876193943563,2.8629934356184297,1.6319691688555829,1.5212163669800125,2.4344052830994536,0.9327328672876728,FAR
915,954,934,test,40,False,0.8362690850516937,0.9144774929169628,0.77946151265766,0.710834925393789,0.8491715303235827,3.214921739304324,1.6836838866229058,1.5711100624913539,2.416815240475275,0.9285865829403086,FAR
916,955,935,test,40,False,0.881136664878745,0.9386888008699928,0.8156759217977329,0.7310374415694407,0.8717485192693963,3.214921739304324,1.7202782317217817,1.6061353349245393,2.4075428809719277,0.9286874611281661,FAR
917,956,936,test,40,False,0.8983663759945365,0.9478219115395764,0.7982441800631682,0.7395294111677334,0.879688401196707,3.214921739304324,1.7254066195672144,1.6123975125138728,2.3920266646547512,0.9281157045291366,FAR
918,957,937,test,40,False,0.8693229492293479,0.9323748973612213,0.7662158457444687,0.7252627304993682,0.8644779750487708,3.214921739304324,1.6985905422737446,1.5869166988508483,2.4069909200561006,0.9271785174562183,FAR
919,958,938,test,40,False,0.8686191839264168,0.9319974162659556,0.7420177080541932,0.7244007883086303,0.8639189778424633,3.214921739304324,1.7018742906033986,1.5902930306951113,2.4176215239943977,0.9269542627100318,FAR
920,959,939,test,40,False,0.8809723026784587,0.9386012479634036,0.7511806415993791,0.730207650402724,0.8703190835773992,3.214921739304324,1.7021393764204646,1.593720498474715,2.400724447623868,0.9272511468164308,FAR
921,960,940,test,40,False,0.892988477042351,0.9449806754861979,0.7588616617861833,0.7381809155360497,0.87975809469574,3.214921739304324,1.7204317712962343,1.6101890795549203,2.404666770389428,0.9309799845833878,FAR
922,961,941,test,40,False,0.8972400442459211,0.947227556739098,0.7625129874481085,0.7431014219961256,0.8833882904812007,3.214921739304324,1.7197834125985856,1.609774574349665,2.372778879311632,0.9326040867332147,FAR
923,962,942,test,40,False,0.8961584057895358,0.9466564349274428,0.7616788676005191,0.7418021020333353,0.8826516547930968,3.214921739304324,1.7152508405105569,1.6053684535094448,2.370187974686443,0.9323885860034833,FAR
924,963,943,test,40,False,0.8840970497426934,0.9402643509900253,0.7521537940395671,0.7340593572975214,0.8766117955284389,3.214921739304324,1.7170334350491445,1.6071230332464659,2.392771804374817,0.932303553362876,FAR
925,964,944,test,40,False,0.9035103709767902,0.950531625447986,0.7451759546523042,0.7440165798224567,0.8879958895365446,3.214921739304324,1.7353731398991399,1.6228931792334707,2.3844199274640454,0.9342097261814217,FAR
926,965,945,test,40,False,0.9052292448888796,0.9514353603313678,0.7173865377915912,0.7455930542995024,0.8895261293615249,3.214921739304324,1.7379758289804257,1.6250782548809355,2.3841554268237974,0.9349307020202812,FAR
927,966,946,test,40,False,0.9028856605551855,0.9502029575596919,0.7018963970649388,0.742632319620056,0.8876663241893867,3.214921739304324,1.736245392882197,1.623220706834284,2.394353493669521,0.934186025340406,FAR
928,967,947,test,40,False,0.899350810498114,0.9483410834178355,0.6763269908280268,0.7406538669649696,0.8861261166196801,3.214921739304324,1.7336469819229485,1.6226415530169966,2.3961217363290483,0.934396001727636,FAR
929,968,948,test,40,False,0.9175573344748063,0.9578921309180937,0.6642185825331102,0.7502360478895749,0.897046291831861,3.214921739304324,1.7579914938644685,1.6471196130797199,2.3975204223512683,0.9364794457305805,FAR
930,969,949,test,40,False,0.9112598948291669,0.9545993373291053,0.6688729189857676,0.7484893289294167,0.8926753788146687,3.214921739304324,1.7390971221428893,1.6302551508532601,2.373308565203863,0.9351309433257151,FAR
931,970,950,test,40,False,0.9333011430458219,0.966075122879076,0.658534451902331,0.7576954268536307,0.9043370773310702,3.214921739304324,1.7667498279360898,1.656769248566937,2.3762506826736627,0.9360939495429553,FAR
932,971,951,test,40,False,0.8762378721726103,0.9360757833490888,0.6278406104064375,0.7351269855810726,0.8816657915009098,3.214921739304324,1.7417942814608431,1.631692849412714,2.4045073646203527,0.9418743729770349,FAR
933,972,952,test,40,False,0.8640141870800578,0.9295236344924522,0.6010944592803864,0.7296543376461976,0.8759458734603649,3.214921739304324,1.7281171015390313,1.6162798293381222,2.4048599573231524,0.9423599798391975,FAR
934,973,953,test,40,False,0.8720988233467507,0.933862314983719,0.586749565045593,0.7340814726817102,0.8816386714917357,3.214921739304324,1.742587105843296,1.6312614064673432,2.4126955419965936,0.9440777910682757,FAR
935,974,954,test,40,False,0.8681338834914263,0.9317370248581014,0.5883655149600098,0.7316008458292292,0.8776976297343267,3.214921739304324,1.7311399525897166,1.6232649335462779,2.3984825920884174,0.9420014513945021,FAR
936,975,955,test,40,False,0.8831724442357402,0.939772549203125,0.5910661082675138,0.7405254400073821,0.8903498909426922,3.214921739304324,1.7640814589777363,1.6539966797305277,2.4194305225642267,0.9474099788269614,FAR
937,976,956,test,40,False,0.8848017394879706,0.9406390059358428,0.5962918226784771,0.7420639673337164,0.8925826113626911,3.214921739304324,1.7700789175504508,1.658416524509508,2.4247393702911517,0.9489109060225072,FAR
938,977,957,test,40,False,0.8717308728137517,0.9336652894981968,0.5942912167332054,0.7360416713919806,0.8847328198151867,3.214921739304324,1.7484914015948292,1.6394381784079215,2.4172690692785883,0.947590994081713,FAR
939,978,958,test,40,False,0.8578872347376205,0.9262220223777993,0.5964053110974328,0.7313332419726037,0.8780301731811939,3.214921739304324,1.7282469840579744,1.6221058279170617,2.4080676689118152,0.9479694414165546,FAR
940,979,959,test,40,False,0.8701999897287449,0.9328451048961692,0.6251488087741691,0.7397632857800606,0.8881793308303241,3.214921739304324,1.7480448338440175,1.6401949084228575,2.4008995733270675,0.9521187667369315,FAR
941,980,960,test,40,False,0.8654162297165655,0.9302775014567242,0.6649529625549442,0.7350699083249282,0.8856853456908749,3.214921739304324,1.7464528794542116,1.6382454070095307,2.4109777752519186,0.9520657484503041,FAR
942,981,961,test,40,False,0.8410212399404298,0.917072101822114,0.697386817307547,0.723512144363471,0.8716846315895264,3.214921739304324,1.7238254233448926,1.6152680275345468,2.409678779028688,0.9505082859434847,FAR
943,982,962,test,40,False,0.8586355943718337,0.9266259193287406,0.7353251039342263,0.7356947189960967,0.8866518749089767,3.214921739304324,1.7582946221859792,1.6477579257457098,2.423476459765369,0.9568606450716147,FAR
944,983,963,test,40,False,0.8548880552160515,0.9246015656573655,0.7211833550114882,0.7351200747320392,0.8851355665787576,3.214921739304324,1.7489905062121853,1.6390793847807708,2.415986921491478,0.9573156692087703,FAR
945,984,964,test,40,False,0.8478009126484359,0.9207610507881162,0.7151024291948787,0.7321641213567738,0.8817291436657634,3.214921739304324,1.7391636686540415,1.6304657821399378,2.412352331613481,0.9576090809999579,FAR
946,985,965,test,40,False,0.8561283248998016,0.925272027513964,0.7181122276952295,0.737269925015323,0.8885045604099808,3.214921739304324,1.7525744467438493,1.6440995892628887,2.408539421583178,0.9602630729010899,FAR
947,986,966,test,40,False,0.8338915742435378,0.9131766391249493,0.7128656754087446,0.7274302917568012,0.8772738230193455,3.214921739304324,1.7308238359800996,1.62450489957187,2.4104365255266846,0.9606836020903824,FAR
948,987,967,test,40,False,0.8376768847538836,0.9152468982487095,0.7113359331056408,0.7266979588817867,0.8791238212395449,3.214921739304324,1.7402236345542839,1.6322871201748785,2.423765298401103,0.9605318771598301,FAR
949,988,968,test,40,False,0.8394068634365034,0.9161914993256068,0.7160731666848521,0.7279507836845504,0.8801139165446997,3.214921739304324,1.7400355444260263,1.629837676364918,2.4195928360337597,0.960622224930636,FAR
950,989,969,test,40,False,0.8370407365671898,0.9148993040587525,0.713726771832757,0.7261627191209086,0.8783206936250056,3.214921739304324,1.731771274283389,1.6250150876698448,2.412145618885172,0.9600189766551643,FAR
951,990,970,test,40,False,0.831028539658446,0.911607667617186,0.7087659314666612,0.7261422176770884,0.8751482537921238,3.214921739304324,1.7107905478664587,1.6069457100595232,2.386303777458327,0.9600053673085464,FAR
952,991,971,test,40,False,0.8256581972556052,0.9086573596552251,0.7067637980872576,0.7235117550753426,0.8717337653702744,3.214921739304324,1.7027024000903854,1.600082017876964,2.3853033310720435,0.9593646671183506,FAR
953,992,972,test,40,False,0.8095776886191668,0.8997653519774846,0.7313242476925809,0.7133811055740059,0.8612439296466103,3.214921739304324,1.690608244178165,1.5860880955664274,2.396522424691212,0.9571872574930644,FAR
954,993,973,test,40,False,0.8132856662828928,0.901823522804153,0.7450708215551506,0.7176803627244913,0.8631619111826702,3.214921739304324,1.6790698498027825,1.5773858297357657,2.3699630232554787,0.9571295152057384,FAR
955,994,974,test,40,False,0.7562289574657882,0.8696142578556243,0.8076562422544876,0.6982302800930318,0.8395085268863018,2.6293120310662483,1.6395202199494658,1.5384982428333807,2.3814152055552475,0.9653803618128802,FAR
956,995,975,test,40,False,0.723930312528843,0.8508409443185271,0.7244052587936662,0.6868287944238294,0.825692396110594,2.6293120310662483,1.6164595435851836,1.5163891402115144,2.381190348735364,0.970442715085749,FAR
957,996,976,test,40,False,0.7030447698282929,0.838477650166236,0.6947940932612608,0.675862990833799,0.8156868377295154,2.6293120310662483,1.612017259476541,1.5099836719983473,2.407562849448692,0.9728188194018027,FAR
958,997,977,test,40,False,0.7027269647622338,0.8382881156035995,0.6907286420555692,0.675361791308019,0.815440702274814,2.6293120310662483,1.6174725675581079,1.5143688580680343,2.422293158502895,0.9727451541975702,FAR
959,998,978,test,40,False,0.7328053016460058,0.8560404789763191,0.683764589196106,0.687462539281554,0.8314615343394809,3.0132401262571475,1.6583565885388971,1.551923280992101,2.4298636122370016,0.9712876373951026,FAR
960,999,979,test,40,False,0.7330458700935865,0.8561809797546232,0.6534381121548571,0.6866684717208733,0.8315713558660297,3.0132401262571475,1.6648796127589836,1.5569632171652767,2.4390493684916046,0.9712565164719655,FAR
961,1000,980,test,40,False,0.7280103224141165,0.8532352093145925,0.6457060902518142,0.684056353008509,0.8282539023785755,3.0132401262571475,1.6561003236168428,1.550104905893228,2.4336952745345157,0.9707216642453321,FAR
3,42,22,train,40,False,0.3172391049054928,0.5632398289410052,0.4042804799332439,0.44435392201953416,0.5397837437916198,1.73179660814833,1.0957511050442177,1.0045528864463305,2.4954012200282807,0.9583550666267916,RF
4,43,23,train,40,False,0.30152124414161197,0.5491095010483902,0.3880135458429498,0.4328547795735327,0.5275494159882477,1.73179660814833,1.0813699782375348,0.9892405601861685,2.519883616928324,0.9607362738780174,RF
5,44,24,train,40,False,0.29618631004212237,0.5442300157489683,0.3833252032253346,0.42851894323405537,0.5220525679123943,1.73179660814833,1.0733297572012668,0.98269457596117,2.529506145977597,0.9592498627514077,RF
6,45,25,train,40,False,0.29266500405173357,0.5409852161119872,0.3832946379504395,0.42468686385164534,0.518496001327944,1.73179660814833,1.0752658410191107,0.9839407883186209,2.5640109773105464,0.958429150900516,RF
7,46,26,train,40,False,0.2944975642498344,0.5426762978515226,0.3833542742927695,0.4271642249437456,0.520425547137007,1.73179660814833,1.0789441108656028,0.9858229035653927,2.5557634199097437,0.958998115814884,RF
8,47,27,train,40,False,0.2963840826309683,0.5444116848773255,0.3858025289877253,0.42930269311739144,0.5231844208203343,1.73179660814833,1.0881274792676596,0.9925625884056839,2.5714659785188525,0.9610088015253121,RF
9,48,28,train,40,False,0.28691722677639603,0.5356465502328901,0.37964384774464943,0.4226161221024844,0.5140082766969709,1.73179660814833,1.0645166902784993,0.970801856816389,2.555534643207767,0.9596034483438544,RF
10,49,29,train,40,False,0.28909656534232725,0.5376770083817303,0.37719152386286964,0.42441286496370856,0.51645005875364,1.73179660814833,1.0643048674855506,0.9729922545441102,2.5417355263337624,0.9605210018334652,RF
11,50,30,train,40,False,0.29007218507022975,0.5385834986984188,0.36713996538932453,0.4249057779746428,0.5172347256125792,1.73179660814833,1.0667739331371024,0.9748627680077677,2.544112204550699,0.9603612566344257,RF
12,51,31,train,40,False,0.2907516557088514,0.5392139238825825,0.36085214006378846,0.4256304554719306,0.5178351287802986,1.73179660814833,1.06892211135651,0.9750118280252558,2.5448826855339512,0.9603519231322014,RF
13,52,32,train,40,False,0.2904055626802721,0.5388929046482911,0.3616146599714543,0.4250110852876685,0.5173035478054241,1.73179660814833,1.070406817071286,0.9763880118285657,2.5564967903588114,0.9599375745038667,RF
14,53,33,train,40,False,0.29855241747509204,0.5463995035457957,0.36688935347975804,0.43075023609242996,0.5246329448644472,1.73179660814833,1.08601585863689,0.9907793574492615,2.561740804298688,0.9601636558230802,RF
15,54,34,train,40,False,0.2873291167532487,0.5360308916035051,0.36431896206333725,0.4216737777578288,0.5137693991237164,1.73179660814833,1.0617855485928296,0.9678623244422806,2.5603608678009406,0.9584697583133787,RF
16,55,35,train,40,False,0.2941213797569139,0.5423295859133207,0.3684403375009532,0.42758211768487664,0.5184667653188215,1.73179660814833,1.063114185999438,0.9699650278586448,2.5422198281618433,0.9559994121391837,RF
17,56,36,train,40,False,0.2972958430197565,0.5452484232162038,0.3580794651474406,0.42978501773005934,0.5209359291226028,1.73179660814833,1.0689567222840097,0.9761813836037501,2.5447618984329057,0.9554102441045289,RF
18,57,37,train,40,False,0.29247991683945085,0.5408141241123894,0.3555146703087549,0.42564183851718573,0.515010934320241,1.73179660814833,1.053022875055284,0.9624814892997955,2.528964776752905,0.9522882472152558,RF
19,58,38,train,40,False,0.28995532143053426,0.5384749961052363,0.34883564817077956,0.4235911413760661,0.512555501025108,1.73179660814833,1.0523490771196164,0.9604183855515664,2.539830848165434,0.9518649978780765,RF
20,59,39,train,40,False,0.2688093371715334,0.5184682605247243,0.33773506114985374,0.4089901981833236,0.4957302295573661,1.6231324108472012,1.0271009303440064,0.9353759806711572,2.570071800581976,0.9561438323257324,RF
21,60,40,train,40,False,0.26926665972258845,0.5189091054535355,0.336709130463136,0.41011221976395174,0.4961358374895946,1.6231324108472012,1.020612165189224,0.9321000879751133,2.550106506535435,0.956113184901551,RF
22,61,41,train,40,False,0.2840784604997913,0.5329901129475023,0.3407035072026198,0.4211790335905345,0.5099298368042133,1.7933294977260337,1.0518232109981969,0.9604566741288891,2.5524493029800794,0.9567341389960073,RF
23,62,42,train,40,False,0.2864307394708838,0.5351922453388911,0.3338796640796693,0.42242506765699106,0.5124148044586072,1.7933294977260337,1.0607145237202338,0.969522280959227,2.566643334451795,0.9574406373062059,RF
24,63,43,train,40,False,0.3007962840352474,0.5484489803393269,0.32540961568816634,0.43284162089608175,0.5234809180689912,1.7933294977260337,1.0763501637181276,0.9851781364967096,2.540429243962905,0.9544751414162757,RF
25,64,44,train,40,False,0.3000734952133938,0.5477896450403146,0.30645609651516614,0.4326917421078642,0.5228367264837193,1.7933294977260337,1.0669661054929083,0.9786894604222456,2.5219959165974433,0.9544479915191553,RF
26,65,45,train,40,False,0.2987245766311438,0.5465570204755802,0.30257467895104556,0.429986701511222,0.5217222798875942,1.7933294977260337,1.072724616029333,0.9849320329041855,2.549671194987829,0.9545614827774487,RF
27,66,46,train,40,False,0.2959095231856653,0.5439756641483747,0.2887382072066411,0.427594752481545,0.51855385973984,1.7933294977260337,1.0675286591599116,0.980361858011625,2.5503864288273594,0.9532666512787222,RF
28,67,47,train,40,False,0.29263144800628166,0.5409542013944264,0.278178133857952,0.4249234301213708,0.5143493731013542,1.7933294977260337,1.0541552103437073,0.9691956253093552,2.5304683968688453,0.9508187047545014,RF
29,68,48,train,40,False,0.2846524240438477,0.533528278579353,0.267531971932666,0.4155244849480309,0.504248122056372,1.7933294977260337,1.0387055148646236,0.9555359688060608,2.5562252631368776,0.9451197664705863,RF
30,69,49,train,40,False,0.2825214471910523,0.5315274660740048,0.25874620679651217,0.41405674830607586,0.5028668141833046,1.7933294977260337,1.0323912219506812,0.9499624790408461,2.5512097764099275,0.9460787001236362,RF
31,70,50,train,40,False,0.29856550066947307,0.546411475601925,0.2723271726644702,0.4254218886387614,0.516204951984317,1.7933294977260337,1.052925238801048,0.9685721647614418,2.551196762730011,0.9447183579291913,RF
32,71,51,train,40,False,0.28836363937973913,0.5369950087102664,0.2735825113758708,0.41925482977166,0.5077873350141099,1.7933294977260337,1.0380315715227884,0.9533563154178539,2.551405789791832,0.9456090406383733,RF
33,72,52,train,40,False,0.3001684525051888,0.547876311319616,0.28531520147667544,0.4242103967278698,0.51645046136958,1.8139276080992248,1.0576329044101414,0.9723891788400516,2.563975442100991,0.9426406119396845,RF
34,73,53,train,40,False,0.3067849912565153,0.5538817484414117,0.2817813691067322,0.4287279368709168,0.5208382030252704,1.8139276080992248,1.0596846354027956,0.9762183198857534,2.5540958933847877,0.9403418771080222,RF
35,74,54,train,40,False,0.3118222376444303,0.5584104562456099,0.2832691297266612,0.43202623703734266,0.5244232903586987,1.8139276080992248,1.0627115230764197,0.980587611930145,2.546328345217392,0.9391358712811023,RF
36,75,55,train,40,False,0.3113895347111127,0.5580228800964282,0.2789896995785358,0.43192958995304026,0.5238550033315639,1.8139276080992248,1.061418069017301,0.9797608269681545,2.54299171359961,0.9387697566111267,RF
37,76,56,train,40,False,0.31738153058926155,0.5633662490682785,0.28121134704289025,0.43563138692571834,0.5293813540812607,1.8139276080992248,1.0751558832196324,0.9929166984566876,2.5546544363000105,0.9396753088364389,RF
38,77,57,train,40,False,0.32149815653040925,0.5670080744843139,0.28425472587381456,0.4392570051998743,0.5337352786244922,1.8139276080992248,1.0832147683731352,0.999065713935974,2.5520361319086873,0.9413186560172307,RF
39,78,58,train,40,False,0.3218767336276836,0.5673418137487167,0.2886682075884046,0.4400657145909611,0.5341275206342834,1.8139276080992248,1.0807836416708834,0.9981302771710929,2.539228177913178,0.9414562926448703,RF
40,79,59,train,40,False,0.314127566472418,0.5604708435524707,0.28881436069088273,0.4364599032931231,0.527375165535374,1.8139276080992248,1.0625114182425694,0.9823626700782327,2.5205173866988058,0.940950223552533,RF
41,80,60,train,40,False,0.31576548746470356,0.5619301446485173,0.2889836657281072,0.4375249599160635,0.5292475269602697,1.8139276080992248,1.0715074822262374,0.9878634782366709,2.53796551252345,0.9418386466725497,RF
42,81,61,train,40,False,0.3122147052749319,0.5587617607486502,0.29470365917291486,0.4367104458654841,0.5258238892196074,1.8139276080992248,1.0538997030405493,0.9728119156018717,2.50109353688723,0.9410520299654876,RF
43,82,62,train,40,False,0.32235889204108814,0.5677665823567711,0.3047905862994332,0.44524181576542576,0.5364050722702695,1.8139276080992248,1.0724857026363648,0.990061346359516,2.5019057837256384,0.9447633744904084,RF
44,83,63,train,40,False,0.32228230969514604,0.5676991365989084,0.302183428033841,0.445814769995479,0.5363083151958575,1.8139276080992248,1.0690464334298384,0.9867908264670756,2.48693775871099,0.944705180298294,RF
45,84,64,train,40,False,0.32406799120777435,0.5692696998855414,0.2980757327047674,0.4478281650410324,0.5384440438341452,1.8139276080992248,1.0673911120784516,0.9865765152515411,2.4675989136082257,0.9458505238244823,RF
46,85,65,train,40,False,0.3341526674323113,0.5780593978410102,0.29762121237852135,0.4558534804060315,0.5469363056105531,1.8139276080992248,1.0721183699996644,0.9926271874483481,2.428357820849183,0.9461593525739767,RF
47,86,66,train,40,False,0.33291630100606123,0.5769889955675596,0.2989904812557806,0.45450207109044805,0.5456698756483261,1.8139276080992248,1.0708966991756763,0.9929414576616893,2.4344298081408553,0.9457197274821054,RF
48,87,67,train,40,False,0.3369853808757102,0.5805044193421013,0.30187092920546416,0.4579414681757618,0.5498946542678983,1.8139276080992248,1.0800646704662793,1.0009352260827094,2.4361056646924064,0.9472704013022093,RF
49,88,68,train,40,False,0.3692851107239935,0.6076883335427739,0.32014506998341036,0.47476336012876663,0.571192709616563,2.583149909368092,1.129048947280267,1.0483557507177519,2.4482084459218023,0.9399435172410759,RF
50,89,69,train,40,False,0.3707001432809708,0.6088514952605198,0.32298939207002597,0.4764890063490843,0.5725476029236931,2.583149909368092,1.1340084829812203,1.0505459094402074,2.450140817040446,0.9403731572979175,RF
51,90,70,train,40,False,0.36659695385465707,0.605472504623172,0.33062284366660033,0.47425462249428313,0.5689146036816617,2.583149909368092,1.1214990765446244,1.039781205412399,2.434460052006688,0.9396208735122284,RF
52,91,71,train,40,False,0.36126525772886636,0.6010534566316597,0.33544851543368404,0.46926410019472276,0.5631518270207556,2.583149909368092,1.111323801182158,1.0308377231866288,2.4424903756891387,0.9369413332662504,RF
53,92,72,train,40,False,0.3628009180653333,0.6023295759510181,0.3371947827747739,0.4706563694338616,0.5652976973848105,2.583149909368092,1.1184362303188105,1.0357373809330581,2.4528492481667143,0.9385189105022147,RF
54,93,73,train,40,False,0.3546771528855138,0.5955477754853206,0.34935523380772504,0.4641259864866477,0.5579964761736393,2.583149909368092,1.1074442494214423,1.0250503076849058,2.4668801538187553,0.9369466214845986,RF
55,94,74,train,40,False,0.36990617295913875,0.6081991227872158,0.3633142042885656,0.4760790041163895,0.5714118717343478,2.583149909368092,1.1319221852140202,1.0486395978180212,2.45811436296909,0.9395144621644936,RF
56,95,75,train,40,False,0.3572809636594467,0.5977298417006187,0.35157540220503497,0.4649314418163635,0.5610623893511433,2.583149909368092,1.1263415067420646,1.0417325167062252,2.5062778129121757,0.9386554764521179,RF
57,96,76,train,40,False,0.36875283375866513,0.6072502233500331,0.3672747206383612,0.4711447720172398,0.5679701570719035,2.583149909368092,1.135337057123337,1.0492321639316304,2.5018518440430753,0.9353148590684212,RF
58,97,77,train,40,False,0.3697156110339213,0.608042441803137,0.3660307559936601,0.4727688047100738,0.5694831595329439,2.583149909368092,1.1370307920681668,1.0504790968683626,2.4954023342243605,0.9365845545981192,RF
59,98,78,train,40,False,0.36900631076937346,0.6074588963620283,0.3675062031238996,0.4722269747686437,0.5686936163437245,2.583149909368092,1.1301732897913142,1.0456839222397192,2.4810229293996224,0.9361845217010357,RF
60,99,79,train,40,False,0.37251145368538713,0.6103371639392338,0.3684545345371188,0.4758460322068191,0.5732655491539186,2.583149909368092,1.1430921391997926,1.0576090341861497,2.4829282645072346,0.939260433452802,RF
61,100,80,train,40,False,0.37456195568870243,0.6120146695045,0.3650336302873919,0.4774697292853557,0.5749581804810135,2.583149909368092,1.151531416728758,1.064341060350305,2.4920283011541935,0.9394516326651318,RF
62,101,81,train,40,False,0.36991032113408884,0.6082025329888793,0.3695220780091705,0.47585209591261746,0.5718604723631142,2.583149909368092,1.1385475612568334,1.052921784483906,2.4774137473994076,0.9402467785736276,RF
63,102,82,train,40,False,0.3649060631756246,0.6040745510080892,0.37046909711426934,0.47066500529050453,0.5655566994951406,2.583149909368092,1.1220114168022994,1.0387533599257002,2.472680998104503,0.9362365929028639,RF
64,103,83,train,40,False,0.3548074427861335,0.5956571520481673,0.3748488263155486,0.46459052369040305,0.558663852128884,2.583149909368092,1.1066728859626145,1.0228567293485729,2.470412542072366,0.9378949790293263,RF
65,104,84,train,40,False,0.35765066783481647,0.5980390186558202,0.3985610089944004,0.465387330526688,0.5610497535653476,2.583149909368092,1.1223015438398387,1.0367237271807124,2.4977581326906457,0.9381490773401184,RF
66,105,85,train,40,False,0.3620729060274044,0.6017249421682671,0.4088897736905643,0.4693288280998704,0.564447017295004,2.583149909368092,1.1263825052692262,1.037887070678147,2.4822285802589765,0.9380482305770222,RF
67,106,86,train,40,False,0.3625093269419511,0.6020874744934918,0.4290574965216792,0.469510604019718,0.565003675355319,2.583149909368092,1.1274004941953368,1.0399673380530694,2.4840306112271797,0.9384079544764329,RF
68,107,87,train,40,False,0.3654748397676035,0.6045451511405938,0.44694447449067676,0.4722773452149269,0.5688736780025657,2.583149909368092,1.1355896646959671,1.0480766889660929,2.488914114831454,0.9409945260982958,RF
69,108,88,train,40,False,0.3710138873308502,0.6091090931277009,0.4635811228223899,0.47869569803614603,0.5767681721972014,2.583149909368092,1.1498607433685837,1.0619101593863363,2.475302333867348,0.9469045507686763,RF
70,109,89,train,40,False,0.3692772822073805,0.6076818922819575,0.4956362646631364,0.4779532636169236,0.5755615311525011,2.583149909368092,1.1485553813844003,1.06084520070784,2.47543060748842,0.947142803599366,RF
71,110,90,train,40,False,0.3580590352494478,0.5983803433013553,0.48657122428169036,0.4702451406750889,0.5676641405901731,2.583149909368092,1.1411347012026574,1.0547971700006427,2.489693234494731,0.9486677611404877,RF
72,111,91,train,40,False,0.3555000160558183,0.5962382208948185,0.48350817502133264,0.467083908110435,0.5641882818388092,2.583149909368092,1.13537684960655,1.0495174344861173,2.4977331880170217,0.9462464197482852,RF
73,112,92,train,40,False,0.3677753250457888,0.6064448244034975,0.48870165518902103,0.47587979173685346,0.5704520672603939,2.583149909368092,1.1374916384838418,1.0534160949288784,2.4747105460125014,0.9406495765241195,RF
74,113,93,train,40,False,0.3552902647931965,0.5960622994228006,0.49990795311277453,0.4661809370702338,0.5608409727129869,2.583149909368092,1.1269681136716532,1.0401085690696334,2.4913446474893446,0.9409099908786037,RF
75,114,94,train,40,False,0.351426996113357,0.5928127833585887,0.4942741365756306,0.46380191887570793,0.5581604518935871,2.583149909368092,1.123468871382472,1.035428595166221,2.4942163815762255,0.9415459105509191,RF
76,115,95,train,40,False,0.3572596314283243,0.5977119970590554,0.4975545191312051,0.4691051251995363,0.5641280276829232,2.583149909368092,1.1334554286815597,1.0439486514629768,2.486225635328174,0.9438124555950413,RF
77,116,96,train,40,False,0.3595329078247918,0.5996106301799459,0.5115186420427767,0.4725388775907561,0.5657854078540699,2.583149909368092,1.1325927638774116,1.0432833819457585,2.4715562564464144,0.943588020919968,RF
78,117,97,train,40,False,0.37497930448067357,0.6123555376418781,0.5237727581375149,0.4821893222537971,0.5759152099485219,2.583149909368092,1.1497394308450268,1.0577978685722014,2.463865974050973,0.9404915519606724,RF
79,118,98,train,40,False,0.37674462252129026,0.6137952610775764,0.5235020372046952,0.48446863733245804,0.5775993260392467,2.583149909368092,1.1494713446032823,1.0574811009517997,2.4510451306500647,0.941029301896557,RF
80,119,99,train,40,False,0.37549550658521175,0.6127768815688234,0.5156857493682486,0.48223444306281876,0.5760691528129304,2.583149909368092,1.1458539782852966,1.0558675000669433,2.4565907977134858,0.9400960939291405,RF
81,120,100,train,40,False,0.37672675375403286,0.6137807049378734,0.5122517840231718,0.48371403768072563,0.5773016529852752,2.583149909368092,1.1443021989848778,1.056117981636188,2.440889125832593,0.9405666361631708,RF
82,121,101,train,40,False,0.38456139648660537,0.6201301447975299,0.5090067040625258,0.4882211464910465,0.5840070540653766,2.583149909368092,1.1652820665247734,1.0740776802860206,2.462247390792566,0.9417491779182136,RF
83,122,102,train,40,False,0.39730402842062834,0.6303205759140569,0.5313642946356911,0.4965155133056358,0.5915715642841102,2.583149909368092,1.1717690381061938,1.0816678580942591,2.449753943297373,0.9385249139713471,RF
84,123,103,train,40,False,0.4020006778968116,0.634035233955347,0.5435359701898408,0.5008147260885938,0.5963668439185285,2.583149909368092,1.1761625288748365,1.0868349690864891,2.4389720197473514,0.9405894372749143,RF
85,124,104,train,40,False,0.4093293258123275,0.6397885008440894,0.541565816833635,0.5057147379961353,0.6026214821738302,2.583149909368092,1.1918021484347534,1.1008564241920062,2.4476518986525666,0.9419073355941473,RF
86,125,105,train,40,False,0.41630413710330166,0.6452163490669635,0.5402584991778511,0.5085713901100963,0.606743504152187,2.583149909368092,1.206576880284698,1.1135276100707103,2.459339750720982,0.9403721790831688,RF
87,126,106,train,40,False,0.420930670151327,0.6487917001251843,0.5373997226127315,0.5124503281988402,0.6109699532498813,2.583149909368092,1.2082010233100313,1.116849573244829,2.4416822182664033,0.9417043299598234,RF
88,127,107,train,40,False,0.425447460334336,0.6522633366473514,0.5216623094511548,0.5155116387819116,0.6145154349450485,2.583149909368092,1.210056074377257,1.1211962858658875,2.432000439798702,0.9421278192695484,RF
89,128,108,train,40,False,0.41408162645285956,0.6434917454426743,0.49359967749792427,0.5132460014322846,0.6092480745479365,1.929553113653446,1.1918121085517057,1.1034573811826256,2.4179667233211077,0.9467845995892602,RF
90,129,109,train,40,False,0.408206070640026,0.6389100645944044,0.48422611748152194,0.5068583007770672,0.6019723126112648,1.929553113653446,1.1787263819779124,1.0923348194527218,2.429799965775594,0.942186304411109,RF
91,130,110,train,40,False,0.4080327829529736,0.6387744382432453,0.46642567237667165,0.5061037352152574,0.6017949468312571,1.929553113653446,1.1813492664431238,1.0936540911872186,2.4403918412451544,0.9421086862622602,RF
92,131,111,train,40,False,0.41274318738924903,0.6424509221639028,0.4677035269576134,0.5103323886002964,0.6070097445852296,1.929553113653446,1.1932467853102247,1.1049264634428337,2.440443157342041,0.9448344202553244,RF
93,132,112,train,40,False,0.41153769043236127,0.6415120345187308,0.4684590925995001,0.5096160559509713,0.6053717283919356,1.929553113653446,1.1845783250671578,1.0987455877743426,2.4177413867557953,0.9436638688253011,RF
94,133,113,train,40,False,0.40926566963566036,0.639738751081768,0.466646508580565,0.507201102679893,0.6020724303828912,1.929553113653446,1.1754263906719935,1.0904728596028992,2.4090321427746497,0.9411223399627037,RF
95,134,114,train,40,False,0.3994744279932703,0.6320398943051541,0.467780767085058,0.49930921097990877,0.5950286466195168,1.929553113653446,1.1644316469162685,1.0802519906777575,2.4252221426866143,0.9414415956664788,RF
96,135,115,train,40,False,0.40487381417035484,0.63629695439343,0.480311786819843,0.5038323743280523,0.6003322806679379,1.929553113653446,1.1766777640122934,1.0919040319956823,2.415790623510245,0.9434781614509272,RF
97,136,116,train,40,False,0.3901111451900918,0.6245887808711359,0.45252730844005,0.494950459330314,0.5908570048902861,1.929553113653446,1.1686997128421674,1.0828954501169716,2.4332697378701544,0.9459936249034079,RF
98,137,117,train,40,False,0.3981079440906278,0.6309579574667616,0.4462940058898844,0.5003801651957808,0.598753421844369,1.929553113653446,1.1920165780481256,1.104403006877983,2.456673024592736,0.9489593003126692,RF
99,138,118,train,40,False,0.39755046277102113,0.6305160289564581,0.44597439120037696,0.5000383986707464,0.5980899489084794,1.929553113653446,1.1904379254594097,1.1016964966317802,2.454413007050717,0.9485721558869078,RF
100,139,119,train,40,False,0.39718652768449997,0.6302273618976726,0.44463505769149836,0.5000305120299675,0.5977002783994891,1.929553113653446,1.1853286753198105,1.0970180209162732,2.4402155954291436,0.9483883349649539,RF
101,140,120,train,40,False,0.39280045318385753,0.6267379461815421,0.43427294509410924,0.49586760283478115,0.5937942255362882,1.929553113653446,1.1791765231482665,1.0900527380992842,2.4508357037326527,0.9474362118235118,RF
102,141,121,train,40,False,0.3850976795136658,0.6205623897028129,0.42368088572723495,0.49024495259696527,0.5867713688113715,1.929553113653446,1.1634735420248385,1.075992500015658,2.441360076441291,0.9455477459605248,RF
103,142,122,train,40,False,0.38848664474054295,0.6232869682101038,0.4253280779225394,0.4946302517381415,0.5914270133344409,1.929553113653446,1.1758350812485672,1.0864231803158508,2.4414476217015237,0.9488839707861128,RF
104,143,123,train,40,False,0.38596336130044284,0.6212594959438792,0.41923733280357817,0.492896466725666,0.5891276841873128,1.929553113653446,1.172813291015192,1.0851906134302296,2.4434454126629745,0.9482795643908049,RF
105,144,124,train,40,False,0.3785454504254473,0.615260473641406,0.4187065656019413,0.48671777257747273,0.5816064690185565,1.929553113653446,1.155013437510584,1.0675282353095166,2.4423972626456143,0.9453012080823768,RF
106,145,125,train,40,False,0.3773971208440291,0.6143265587975414,0.41197273549363606,0.4870086503459651,0.5807890952785876,1.929553113653446,1.1435451131453267,1.0599725954607557,2.4217979571933066,0.9454077590514745,RF
107,146,126,train,40,False,0.37863251188510233,0.6153312212825726,0.39629463206188714,0.48895698902727763,0.5822197813287122,1.929553113653446,1.1418732184150175,1.0577490164403707,2.406493693120533,0.9461892411621108,RF
108,147,127,train,40,False,0.3908657291079337,0.6251925536248282,0.36013875915050847,0.4982892342412956,0.5916440617676553,1.929553113653446,1.1540631473977914,1.0700325920058003,2.3912474927201446,0.946338945237494,RF
109,148,128,train,40,False,0.4002996216593445,0.632692359412807,0.33912094888775945,0.5046417723396538,0.5988659596527345,1.929553113653446,1.1712947532718314,1.086364863077307,2.3928555135814724,0.9465357859047542,RF
110,149,129,train,40,False,0.3981618978201108,0.6310007114259942,0.3169902495765578,0.5011360933298622,0.5972543799240414,1.929553113653446,1.1810560750187142,1.0938140191828885,2.426561465975969,0.9465193447631941,RF
111,150,130,train,40,False,0.3968822583871875,0.6299859191975543,0.3031012384255717,0.5007028547564285,0.5960427608808276,1.929553113653446,1.1765941437505958,1.089284856660111,2.4187443777457696,0.9461207666991005,RF
112,151,131,train,40,False,0.40116333331282783,0.6333745600454977,0.2945282548572588,0.5058324376384465,0.6013352740291259,1.929553113653446,1.1871073377404222,1.0964962943734444,2.4106164489720667,0.949414946482741,RF
113,152,132,train,40,False,0.3769995050116236,0.6140028542373591,0.2831617278027995,0.4908973993575472,0.5863257155588315,1.929553113653446,1.1698447253798494,1.0772160122250531,2.439375346444728,0.9549234364506256,RF
114,153,133,train,40,False,0.38764286670138504,0.6226097226203466,0.28939236754745484,0.4989164371613811,0.5948128014852946,1.929553113653446,1.1795646504595183,1.089054807504515,2.4257584093950655,0.9553541807569844,RF
115,154,134,train,40,False,0.38075557695778284,0.6170539497951397,0.28889592992457624,0.493873615236201,0.5884274144374866,1.929553113653446,1.165530763231757,1.0770899028011875,2.4183215879474447,0.9536077268978554,RF
116,155,135,train,40,False,0.380743164237278,0.6170438916619125,0.29079134604395,0.4941985931451283,0.5884172039407586,1.929553113653446,1.1608577102556539,1.073719126453015,2.408099920574518,0.9536067237550113,RF
117,156,136,train,40,False,0.37303491543836226,0.610765843378919,0.2829633227528636,0.4873303502785798,0.5818605483026629,1.929553113653446,1.1525763005652663,1.0654046473262908,2.421725395457079,0.9526736876503369,RF
118,157,137,train,40,False,0.3643604700540465,0.603622787884989,0.27617042166443406,0.4830643674573034,0.5768446919407284,1.929553113653446,1.1455456489851477,1.0613563966077346,2.4248497654803973,0.9556376987719643,RF
119,158,138,train,40,False,0.3666683482361023,0.6055314593281692,0.2772577498970667,0.4853221689107352,0.5787792668165352,1.929553113653446,1.149144910099406,1.0628864513607654,2.4230753236624514,0.9558203094165987,RF
120,159,139,train,40,False,0.37472870677991627,0.6121508856318973,0.281510445162804,0.492663957912307,0.5863873894466842,1.929553113653446,1.1640851935062315,1.0756362526135317,2.4164318748503457,0.957913160317299,RF
121,160,140,train,40,False,0.38571835057932585,0.6210622759267591,0.2903735498220325,0.49973511103437185,0.5944130666859363,1.929553113653446,1.1790693529639111,1.0896474750707132,2.410415880629517,0.9570909226436971,RF
122,161,141,train,40,False,0.3858442403941117,0.6211636180541418,0.2962203009268921,0.5008100932331947,0.5945004828557342,1.929553113653446,1.1741375050845355,1.0866436573682552,2.3978352574390813,0.9570755040645612,RF
123,162,142,train,40,False,0.3648166923771694,0.6040005731596365,0.29279768489632735,0.48609745667187154,0.579215692708788,1.929553113653446,1.1524870914760836,1.0652800517590786,2.406226728510925,0.9589654686564381,RF
124,163,143,train,40,False,0.3622178496981326,0.6018453702556269,0.2884477853429992,0.483046127516384,0.5767970319814179,1.929553113653446,1.152976422853559,1.0657153761291773,2.422129241115638,0.9583807743447956,RF
125,164,144,train,40,False,0.35776272476507676,0.5981326982911708,0.2892750215736364,0.4800112447544958,0.573324611806442,1.929553113653446,1.1475393568487466,1.059648039087825,2.4267565483972158,0.9585241091891415,RF
126,165,145,train,40,False,0.34054409187605017,0.5835615579148872,0.28692089760067924,0.4705651154692701,0.5605209249650005,1.853391276346048,1.1152301210330742,1.0310486677584072,2.405322949645693,0.9605172194134708,RF
127,166,146,train,40,False,0.3572382357961078,0.597694098846649,0.30297491704967927,0.4790409247624556,0.5705485034505783,2.0149787603365485,1.1379779025471395,1.0501963433251902,2.411012232923915,0.9545827950310155,RF
128,167,147,train,40,False,0.3495187396151591,0.591201099132232,0.3076707560700857,0.47179250226871383,0.563815038168997,2.0149787603365485,1.1352936754546534,1.0456072156253964,2.4518851711962335,0.953677249579826,RF
129,168,148,train,40,False,0.3303650711792311,0.5747739304972269,0.29600017927896144,0.45852753885237485,0.550131333460868,2.0149787603365485,1.11264268046241,1.0234130176113543,2.46953000822198,0.9571264531516919,RF
130,169,149,train,40,False,0.33732392905820624,0.5807959444230015,0.3032326962032661,0.4642017409321431,0.5583601163736187,2.0149787603365485,1.134378916981428,1.0437543696489455,2.481605297513064,0.9613705497346887,RF
131,170,150,train,40,False,0.3347791283171713,0.5786010096060767,0.3129985933743642,0.46128568785278834,0.5553668786370702,2.0149787603365485,1.1339902385491398,1.042485797647684,2.5060902333504353,0.9598442958389843,RF
132,171,151,train,40,False,0.3325690361723711,0.5766879885799349,0.3155972883539778,0.45954085523443944,0.5532121163760456,2.0149787603365485,1.1310575091939277,1.0392724138350349,2.511306674692066,0.9592919001803776,RF
133,172,152,train,40,False,0.33183636088167245,0.576052394215728,0.3172055437544774,0.45887401253027527,0.5520368621119088,2.0149787603365485,1.1264728137660835,1.0348996078733042,2.499312602451976,0.958310160074041,RF
134,173,153,train,40,False,0.34883994962893244,0.59062674306954,0.33023732489539537,0.47074731574563,0.5668387785857378,2.0149787603365485,1.1527283625895643,1.0612486235247018,2.4927374134899525,0.9597242001603686,RF
135,174,154,train,40,False,0.3476798607310667,0.589643842273509,0.33438502654119057,0.47139917765496503,0.5657492068173331,2.0149787603365485,1.1497949537426764,1.0576520259045172,2.4816195424824725,0.9594761553617781,RF
136,175,155,train,40,False,0.34867802222361516,0.5904896461612305,0.3560702034485892,0.47328637023112974,0.5665402427742603,2.0149787603365485,1.1430944137085306,1.0507775154708976,2.458066331572245,0.9594414507643528,RF
137,176,156,train,40,False,0.3644235847784728,0.6036750655596708,0.37188295752702016,0.4835629770886607,0.5765177329191824,2.0149787603365485,1.1539792123913757,1.0603054569343962,2.4409022994229423,0.9550133272188231,RF
138,177,157,train,40,False,0.38960847322899317,0.6241862488304217,0.40376145637381256,0.4966900411456274,0.5900007914112034,2.0628837300013076,1.1665515432275269,1.073758004077175,2.4160031512286695,0.9452319600387323,RF
139,178,158,train,40,False,0.40275398486518876,0.6346290135702817,0.3987504666991309,0.5062825826312375,0.600616313700183,2.0628837300013076,1.1812316505479508,1.0888285010126908,2.4076760886712925,0.9464053815019411,RF
140,179,159,train,40,False,0.411701164568446,0.641639435016619,0.3997654274120748,0.5141464846995356,0.6079903738841047,2.0628837300013076,1.1853732963860204,1.0951028581515216,2.3800480122177143,0.9475576791322953,RF
141,180,160,train,40,False,0.41615933729266397,0.6451041290308596,0.37676659479650065,0.5184421954626063,0.6119526926254182,2.0628837300013076,1.1862676578952536,1.0977307890672219,2.3594212761876805,0.9486107204812889,RF
142,181,161,train,40,False,0.41986921171645364,0.6479731566326291,0.378181480489476,0.5213719276194878,0.615781105733021,2.0628837300013076,1.1967682742764185,1.1078319717124931,2.3703807856639267,0.9503188510664501,RF
143,182,162,train,40,False,0.42695547097938463,0.6534182970956542,0.37653750661373825,0.5269916131726643,0.6218964559083527,2.0628837300013076,1.2017523984546934,1.1142644082488435,2.3524900733086254,0.9517585575313526,RF
144,183,163,train,40,False,0.42484614124665,0.6518022255612894,0.3747650174396315,0.5245447075947898,0.6195861657435786,2.0628837300013076,1.201479655754369,1.1119054055385138,2.368501392780678,0.9505738726344967,RF
145,184,164,train,40,False,0.4244358938148278,0.6514874471659664,0.37857478163862496,0.524419965962819,0.6189651193013552,2.0628837300013076,1.2018738894563818,1.1124308416292852,2.3712653000680275,0.950079885643098,RF
146,185,165,train,40,False,0.41558024751608924,0.6446551384392195,0.36598761664560375,0.5163758068192693,0.6103459953686503,2.0628837300013076,1.1917337628164921,1.1018207045558155,2.389759985166697,0.9467790745395509,RF
147,186,166,train,40,False,0.4171848241015523,0.6458984626870947,0.3663204178780714,0.517376534524723,0.6119736377780951,2.0628837300013076,1.1978846676465114,1.1083722115462824,2.3994962113364875,0.9474765356030357,RF
148,187,167,train,40,False,0.4104661301752544,0.6406763068627201,0.37901804771062836,0.5130673057604913,0.6074804163891818,2.0628837300013076,1.1961893326832138,1.104001105039256,2.410990620276672,0.9481861743317889,RF
149,188,168,train,40,False,0.39728255354220987,0.630303540797773,0.38965719677985355,0.5036877518929685,0.5957868824355617,2.0628837300013076,1.1711213058730983,1.0788606633472289,2.408919458176822,0.9452380382973516,RF
150,189,169,train,40,False,0.3921685783986149,0.6262336452144798,0.4063199272993903,0.5003159093030811,0.5910120153586969,2.0628837300013076,1.1544467848469415,1.0645478148151126,2.392263039715526,0.943756407652419,RF
151,190,170,train,40,False,0.3886680138030926,0.6234324452601843,0.41949934505739905,0.49615985325110723,0.5868507420310243,2.0628837300013076,1.1502309279186953,1.059476464144501,2.408269162004136,0.9413221055347979,RF
152,191,171,train,40,False,0.38830543155298813,0.6231415822692209,0.4268015599699813,0.4951373167843022,0.5864903863964775,2.0628837300013076,1.1467783063561163,1.0595745302667354,2.4058905470024006,0.9411831966994162,RF
153,192,172,train,40,False,0.3837726392060472,0.619493857278704,0.4224456455800099,0.4908033728093524,0.5806477001416448,2.0628837300013076,1.1311822625674945,1.0460343625374784,2.395417570701236,0.9372937169906711,RF
154,193,173,train,40,False,0.37101904029678445,0.6091133230333945,0.4110556333143021,0.48042798147457433,0.5695567584137118,2.0628837300013076,1.1231265505049408,1.0348365700388233,2.4349431033795543,0.9350587762180437,RF
155,194,174,train,40,False,0.3690268606756613,0.6074758107741092,0.4098041527270372,0.4780171650474829,0.5667553262899313,2.0628837300013076,1.1199246345380598,1.0309773158212825,2.440829921459742,0.9329677268428391,RF
156,195,175,train,40,False,0.38049194608829534,0.6168402922056043,0.4119455166856541,0.4837832995833974,0.5743106395213783,2.0628837300013076,1.134846014702677,1.0466467704840465,2.4457577035846283,0.9310524081814516,RF
157,196,176,train,40,False,0.3765730019040757,0.6136554423323203,0.40567374376847165,0.47881024191117955,0.5685836190551965,2.0628837300013076,1.1236777755520693,1.0358606370136045,2.452871126470469,0.9265519049161867,RF
158,197,177,train,40,False,0.3672681974092697,0.6060265649369421,0.4090469797527031,0.47157359908611357,0.560987365975139,2.0628837300013076,1.1093455502116936,1.0213183124992287,2.458258567684571,0.9256811473825582,RF
159,198,178,train,40,False,0.36505629454237504,0.6041988865782318,0.4085009253440375,0.4693766841444278,0.5591385590258656,2.0628837300013076,1.1070745138385152,1.0203376903794343,2.462558312648617,0.9254213661207537,RF
160,199,179,train,40,False,0.3644403449105985,0.603688947149605,0.40534088460552226,0.4690937846472032,0.5586807584653147,2.0628837300013076,1.107367728010319,1.0206057888623328,2.464202496288671,0.9254447362390811,RF
161,200,180,train,40,False,0.36259548169438716,0.6021590169501634,0.40124698386594315,0.4691781382218216,0.5575595957426837,2.0628837300013076,1.1031535145112799,1.017030610117706,2.457882119862954,0.9259341470408124,RF
162,201,181,train,40,False,0.3542386509613132,0.5951795115436294,0.4003859836308202,0.46208933178490136,0.5503175746895173,2.0628837300013076,1.0920840759278085,1.0057405245043767,2.4719243500145973,0.9246245275853661,RF
163,202,182,train,40,False,0.35682030418332367,0.5973443765394663,0.40159597246693723,0.4644798367197874,0.5532463564404034,2.0628837300013076,1.0988813284231154,1.0106328277609804,2.4767823339659643,0.9261765543780099,RF
164,203,183,train,40,False,0.36085092438087474,0.6007086851218939,0.39720817040391554,0.4679739467098109,0.556840287455967,2.0628837300013076,1.1064035385430315,1.0162105761518974,2.4744087085407735,0.9269722600114809,RF
165,204,184,train,40,False,0.36730805512467285,0.6060594485070527,0.3993696904445464,0.471586189467355,0.5616689431622467,2.0628837300013076,1.1158516838775225,1.0256129412358104,2.4739945280522777,0.9267555262868087,RF
166,205,185,train,40,False,0.37462276823335816,0.6120643497487483,0.4000404333527357,0.4768636330322467,0.5683252086104702,2.0628837300013076,1.1318775420284894,1.040117298135557,2.4859206762957866,0.9285383290887094,RF
167,206,186,train,40,False,0.3526410006199233,0.5938358364227636,0.3866757224503035,0.46483124553376465,0.553333434142159,2.0628837300013076,1.102484573098386,1.0120900991829314,2.4824157255208856,0.9317952878617278,RF
168,207,187,train,40,False,0.3551591187537366,0.5959522789231841,0.4000391900715068,0.46797080816934117,0.5559032294132772,2.0628837300013076,1.1035506253158645,1.0136301014821996,2.45779570863709,0.9327982274314466,RF
169,208,188,train,40,False,0.37465350328886093,0.6120894569332663,0.4206703189111817,0.4816387108553385,0.5697612967942772,2.0628837300013076,1.1178528032031638,1.0290864624713598,2.42966244973087,0.930846447917818,RF
170,209,189,train,40,False,0.3768071430580215,0.613846188436502,0.4068612644414763,0.4859080630716993,0.5714924222674375,2.0628837300013076,1.1078715642254096,1.0212532257396387,2.3892605181833813,0.9310026404547013,RF
171,210,190,train,40,False,0.3854977451947911,0.6208846472532487,0.3891179127239768,0.4943971924672871,0.5797005569742552,2.0628837300013076,1.1123947002869052,1.027602861888084,2.3493803479180952,0.9336686927898941,RF
172,211,191,train,40,False,0.38401375031889995,0.6196884300347232,0.379615847728072,0.4933933557180758,0.577997487148231,2.0628837300013076,1.1039805512250112,1.0197327467255886,2.3334334062853377,0.9327227347392043,RF
173,212,192,train,40,False,0.390237115288757,0.6246896151600064,0.3836281422847201,0.49935588810889187,0.585197161523393,2.0628837300013076,1.1202851536294793,1.033834167791116,2.344298160831319,0.9367806784710229,RF
174,213,193,train,40,False,0.3730290663376058,0.6107610550269277,0.3701759917188543,0.4871280161880981,0.5700177086852953,2.0628837300013076,1.0927329562315462,1.0071895109771363,2.3491612234281636,0.9332908573552778,RF
175,214,194,train,40,False,0.39401237756731267,0.6277040525337658,0.3906926906669682,0.4977754520971732,0.5834738669727144,2.0628837300013076,1.1152906354910783,1.0298132078622437,2.345303565644138,0.9295365620430304,RF
176,215,195,train,40,False,0.39451735413272493,0.6281061646988707,0.38928374728508053,0.49893464731212267,0.583859665031347,2.0628837300013076,1.108444000193791,1.025481477659564,2.329214627685606,0.9295556990931039,RF
177,216,196,train,40,False,0.37799898010152,0.6148162165245156,0.37917551239988484,0.4883452937918561,0.5732114360419048,2.0628837300013076,1.096061872358392,1.014164512849998,2.3449558226177665,0.9323297281945526,RF
178,217,197,train,40,False,0.35384413181559965,0.5948479905115253,0.3827033944335207,0.4762043317486002,0.5604863791968169,1.9527771046828581,1.0773058134081144,0.996007995377566,2.353819650125902,0.9422346349608411,RF
179,218,198,train,40,False,0.3416038079805334,0.5844688254993019,0.39363185526092404,0.46752517079008804,0.5509283112373022,1.9527771046828581,1.061598887244044,0.9814270810343328,2.354480595407293,0.9426136813484508,RF
180,219,199,train,40,False,0.33204178540415913,0.5762306703084791,0.39742826120586033,0.4593349463376075,0.5428640052348437,1.9527771046828581,1.0560779337988193,0.9737851990194244,2.380843253384327,0.9420949512184541,RF
181,220,200,train,40,False,0.32401606883097567,0.569224093684531,0.4154804239688523,0.4518968758673393,0.5343560193615313,1.9527771046828581,1.0416388430674046,0.9584574427558306,2.3843204844646224,0.9387445564763395,RF
182,221,201,train,40,False,0.3280865400005194,0.5727883902459262,0.42569924664618214,0.4552054887403453,0.5376066754283716,1.9527771046828581,1.0406985278043162,0.9571832052685318,2.3704651286095375,0.9385781635649958,RF
183,222,202,train,40,False,0.33544693850428936,0.5791778125103632,0.42618095786033533,0.4562488939960684,0.5422396482722782,2.0602786537527136,1.0604266468735524,0.9742996288525163,2.397559090599316,0.9362231020591384,RF
184,223,203,train,40,False,0.33752550301354656,0.5809694510157539,0.4184592144727272,0.4576422789577631,0.5445193019241353,2.0602786537527136,1.06301057550297,0.9784788880920662,2.3936291871200255,0.9372597835774498,RF
185,224,204,train,40,False,0.3397540985874007,0.5828842926236739,0.4068677824938535,0.45995450217399403,0.5474751328088037,2.0602786537527136,1.0665325956116818,0.9815164794034177,2.3847951326549888,0.9392518201931864,RF
186,225,205,train,40,False,0.3413661160926742,0.5842654500247932,0.38908219152087653,0.4622289966607859,0.549577479623576,2.0602786537527136,1.0732000172106813,0.9867941060467817,2.386685541116909,0.9406297764145639,RF
187,226,206,train,40,False,0.3457388252523733,0.5879955996879341,0.38507111404441036,0.46453519497845114,0.5532303824532107,2.0602786537527136,1.0838559820689662,0.9966464086555188,2.3971828288047172,0.9408750384302631,RF
188,227,207,train,40,False,0.35083989833719287,0.5923173966187325,0.3800124625740421,0.46787689772049446,0.5567345120136293,2.0602786537527136,1.0843099725220124,0.9991108066737221,2.386544767969613,0.9399259842641302,RF
189,228,208,train,40,False,0.36147587032093786,0.6012286339828949,0.3736721994260744,0.4747907701920666,0.5667613067871866,2.0602786537527136,1.0996742378649216,1.0162789251841446,2.3828150680027025,0.9426718468690084,RF
190,229,209,train,40,False,0.3645001591878289,0.6037384857600424,0.3632503387166892,0.47802428022996113,0.5697829099972729,2.0602786537527136,1.105472476777921,1.0196982258085503,2.377681029772746,0.943757808117826,RF
191,230,210,train,40,False,0.3815464184898912,0.6176944378006743,0.3547818600763271,0.4907271173091745,0.5836484685147247,2.0602786537527136,1.1288774153443766,1.04298473654709,2.363647742009689,0.944882182512163,RF
192,231,211,train,40,False,0.4037876064105463,0.6354428427565664,0.3652033216630511,0.5046462073264714,0.597891919496058,2.0602786537527136,1.146187961889677,1.0608956652903618,2.3478359394661954,0.9409058994234454,RF
193,232,212,train,40,False,0.4281342166153834,0.6543196593526618,0.3757134811808721,0.5212970046060487,0.6167004969709337,2.0602786537527136,1.1784412738331045,1.092183742507898,2.334520575692428,0.9425064464378985,RF
194,233,213,train,40,False,0.4292196120728735,0.6551485419909545,0.37889663913789984,0.5226922383111212,0.618122729927388,2.0602786537527136,1.1746111002191273,1.0910753923098913,2.309016821400845,0.9434848592487936,RF
195,234,214,train,40,False,0.4329021595658492,0.6579530071105757,0.37762965376376106,0.5272270263421628,0.6228056016520594,2.0602786537527136,1.1829818293567995,1.0988105176342935,2.3054080242534916,0.9465806750958289,RF
196,235,215,train,40,False,0.4137748296705571,0.6432533168748974,0.37056279727454516,0.5137997859639665,0.6063209983003665,2.0602786537527136,1.1526611942566223,1.0688162913000305,2.2979696917425563,0.9425851097761013,RF
197,236,216,train,40,False,0.4238217221625077,0.6510159154448589,0.3722555651500582,0.5226589293676998,0.6174698161803474,2.0602786537527136,1.1766888917930984,1.0924019488106762,2.2966889324394244,0.9484711533640638,RF
198,237,217,train,40,False,0.42441586770020423,0.6514720774524448,0.3686675004137449,0.5239661927348191,0.6180977524677868,2.0602786537527136,1.176244033768676,1.092375681502017,2.288096507301485,0.9487709049401365,RF
199,238,218,train,40,False,0.42849793398732283,0.6545975358854651,0.37163166283757526,0.5256132208533617,0.6213561618822844,2.0602786537527136,1.1897641714601477,1.1039120099835995,2.306517345562623,0.949218608105184,RF
200,239,219,train,40,False,0.42920829732693766,0.6551399066817237,0.37615879639984656,0.5270008255324499,0.6218830525675235,2.0602786537527136,1.1813878922445669,1.0972501600796682,2.2879949465852656,0.9492370197952895,RF
201,240,220,train,40,False,0.4349201753012806,0.659484780189263,0.371699800238982,0.5295707668647699,0.6251799155744306,2.0602786537527136,1.1841259084904752,1.1011848893221763,2.2843038462475365,0.9479823255284415,RF
202,241,221,train,40,False,0.43703966964684826,0.6610897591453435,0.36352327295616854,0.5321076018643598,0.6274034772940688,2.0602786537527136,1.1846763272949528,1.0999684927688764,2.269544675426669,0.9490443145045472,RF
203,242,222,train,40,False,0.45141949905022843,0.6718775923114481,0.34908056396960835,0.5416690281259753,0.6376212276474276,2.0602786537527136,1.202835837074892,1.119380834787139,2.2661237359008717,0.9490139795462311,RF
204,243,223,train,40,False,0.44500505016206304,0.6670869884520781,0.3345461381790668,0.5367951086018016,0.631280574485126,2.0602786537527136,1.1870355609738974,1.1059481773646298,2.25417236364602,0.9463242206986557,RF
205,244,224,train,40,False,0.4345272820760403,0.6591868339674575,0.32354846157401856,0.5294388071451128,0.6223492194802607,2.0602786537527136,1.1672560513886563,1.0883313164408652,2.253708115892669,0.9441165803244557,RF
206,245,225,train,40,False,0.42834306309540066,0.6544792304538019,0.3180847844485396,0.5243542953875687,0.6169720336576671,2.0602786537527136,1.1616974775423323,1.0828003997346587,2.268653458836206,0.9426915400048247,RF
207,246,226,train,40,False,0.42817562267534803,0.6543512991317034,0.31799516354505186,0.5234543671041161,0.6167770601064713,2.0602786537527136,1.161818522599667,1.0839410917076893,2.2746839075691474,0.942577879687728,RF
208,247,227,train,40,False,0.4234969258534368,0.6507664142020828,0.3090931814426807,0.5189006358571305,0.6113791929633422,2.0602786537527136,1.1516791026977458,1.07486563762169,2.284361682076237,0.939475639216824,RF
209,248,228,train,40,False,0.4070143004944035,0.637976724100812,0.29610581345493936,0.5077315898454348,0.6006074287541444,2.0602786537527136,1.1456639112583697,1.0672064987563303,2.315165790195551,0.9414252998033161,RF
210,249,229,train,40,False,0.3993347658619092,0.631929399428377,0.2953367981593528,0.5005979204473121,0.5929950183595937,2.0602786537527136,1.132490234045175,1.0547564457812615,2.3135256808448807,0.9383880840106472,RF
211,250,230,train,40,False,0.3910279368360124,0.625322266384312,0.3017283841162046,0.493231469329832,0.5852979697151857,2.0602786537527136,1.1251224645408613,1.0467118963590796,2.332487692821693,0.9359941284346844,RF
212,251,231,train,40,False,0.41518955091715937,0.6443520395848525,0.31788191815863953,0.5085108236242575,0.6018065039327783,2.0602786537527136,1.1465776340244003,1.0689793826446916,2.3167577661540415,0.9339715977627917,RF
213,252,232,train,40,False,0.41611680538592344,0.6450711630401125,0.31751865629035914,0.5095467409507604,0.6025898459449943,2.0602786537527136,1.149257117660779,1.0720767977172843,2.3173672181694327,0.9341447587039687,RF
214,253,233,train,40,False,0.41768375360342497,0.6462845763310656,0.32095910890829976,0.5116957263672263,0.6050909349783483,2.0602786537527136,1.1563985362041358,1.0772442686727728,2.322937822097014,0.9362608317429263,RF
215,254,234,train,40,False,0.39450298406153295,0.6280947253890395,0.30468423017235813,0.4999090093620838,0.5892623240532282,2.0602786537527136,1.1237690344700568,1.0460430429179604,2.3079126320423122,0.9381742916058423,RF
216,255,235,train,40,False,0.3953333266685643,0.6287553790374794,0.3065982156999149,0.4995637581184937,0.5898778633268382,2.0602786537527136,1.1312923230521634,1.0526292633858154,2.3218417614052256,0.9381675020098338,RF
217,256,236,train,40,False,0.3934281133134827,0.627238482009421,0.3101246019087597,0.49750604259441955,0.5880685015829663,2.0602786537527136,1.1230783469688408,1.0464729033055813,2.3143394651429827,0.9375516943715415,RF
218,257,237,train,40,False,0.38932955580362405,0.6239627839892569,0.30680141107057685,0.4946202321564434,0.5848130739373048,2.0602786537527136,1.1239761159370718,1.0441380103092628,2.3311000132619406,0.9372563379475108,RF
219,258,238,train,40,False,0.3902949709884436,0.6247359210005805,0.3056490669820655,0.4946144068515489,0.5858407543146016,2.0602786537527136,1.1332735999496795,1.0514513009126252,2.354810788968005,0.9377414274119468,RF
220,259,239,train,40,False,0.4170644540060571,0.6458052756102702,0.3201035245913958,0.5081734107186255,0.6030807910740734,2.444409850341499,1.1699067861183947,1.0865828119372811,2.3527172602980237,0.9338430852925081,RF
221,260,240,train,40,False,0.42653729448616196,0.6530982272875666,0.3249761512627001,0.5153331781322228,0.6126790961802095,2.444409850341499,1.1956300281074577,1.1104423800695673,2.370919216861339,0.9381117121153048,RF
222,261,241,train,40,False,0.41928201869909076,0.6475198983035894,0.321974466527479,0.5094654919722738,0.6062244575628649,2.444409850341499,1.1893724793431821,1.1032633168498112,2.380906614372153,0.9362252174042639,RF
223,262,242,train,40,False,0.41085445190558884,0.6409792913235098,0.31591071946868177,0.507477287101304,0.600813820191118,2.444409850341499,1.1696633951554252,1.0850401972015056,2.3573392430006055,0.9373373341758714,RF
224,263,243,train,40,False,0.41136453268048456,0.6413770596774447,0.31975635413652115,0.508254458460957,0.6013124709987968,2.444409850341499,1.1692991610806587,1.0854824897024826,2.351348525619636,0.9375334866220552,RF
225,264,244,train,40,False,0.4143519225491433,0.6437017341511077,0.32815664957667967,0.5111105452193815,0.6043221714379918,2.444409850341499,1.1729094831350901,1.0899212020070705,2.343624912267906,0.9388232769559829,RF
226,265,245,train,40,False,0.41617047528627327,0.6451127616830047,0.3415909847702384,0.5116513223924316,0.6062793870474976,2.444409850341499,1.1782295373021316,1.0957605542273787,2.35362180417592,0.9398037413890302,RF
227,266,246,train,40,False,0.41031841743275077,0.6405610177280153,0.339578414297366,0.5084566304816198,0.6011340578906158,2.444409850341499,1.1650298979281637,1.082727070740441,2.3415950473311793,0.9384493299682181,RF
228,267,247,train,40,False,0.4005384088029832,0.6328810384290109,0.3339401773448008,0.5012996445617358,0.5935728764180347,2.444409850341499,1.1567118387509818,1.073290194993876,2.355009045029857,0.9378901252776506,RF
229,268,248,train,40,False,0.3905194630507267,0.6249155647371305,0.3311505491482635,0.49444415652288437,0.5844336517100992,2.444409850341499,1.1419316677904843,1.0583781638048748,2.360246632829914,0.9352201876359729,RF
230,269,249,train,40,False,0.38923653386751467,0.6238882382827189,0.3312291441665472,0.493273346433344,0.5832390849601519,2.444409850341499,1.1417883104466249,1.0581726357588124,2.366279930796977,0.9348454565605281,RF
231,270,250,train,40,False,0.3722162228535697,0.6100952571964231,0.32913284458322617,0.4806796299857359,0.5694118939944863,2.444409850341499,1.1175588811067751,1.034310462784919,2.3762731254295093,0.9333163752347634,RF
232,271,251,train,40,False,0.35605362913911587,0.5967022952353341,0.3225065522051508,0.47027137266490665,0.5602542878849339,2.444409850341499,1.1163406723114153,1.031090136718441,2.406521094560277,0.9389176015553528,RF
233,272,252,train,40,False,0.3353541396098013,0.5790976943571795,0.31308337998652397,0.45813889911737055,0.5463782490946929,2.444409850341499,1.095271764734692,1.0106493296933916,2.417913725130512,0.943499265182179,RF
234,273,253,train,40,False,0.344160605468913,0.5866520309935975,0.31122858860856334,0.46477449445712005,0.5541619392636269,2.444409850341499,1.1085218470833809,1.0230350347990949,2.4133464072973405,0.944617780194261,RF
235,274,254,train,40,False,0.35469498533775023,0.5955627467679205,0.3153479872351452,0.47091027797199503,0.5622761157761301,2.444409850341499,1.125213686704958,1.0391471761132027,2.4193234375443837,0.9441089437302203,RF
236,275,255,train,40,False,0.3573664738705613,0.5978013665679941,0.3166848492388901,0.47449113277050825,0.5663098824541336,2.444409850341499,1.1325057629820552,1.0461886098027773,2.421272625967672,0.9473211573692871,RF
237,276,256,train,40,False,0.3559402533467247,0.5966072856969856,0.31940157849466183,0.4742958153777358,0.5652156043298586,2.444409850341499,1.1313908420880523,1.0446634356907052,2.420173743197687,0.9473830070136443,RF
238,277,257,train,40,False,0.3677050370779086,0.6063868707994168,0.32056415863728427,0.48110666231994587,0.5740869320239528,2.444409850341499,1.1557993972602751,1.0676163097302203,2.4342770491219534,0.9467337761899725,RF
239,278,258,train,40,False,0.3621367512685011,0.6017779916784105,0.31715284412258443,0.476805449684419,0.5694352504363618,2.444409850341499,1.1433037700120665,1.0564817902774077,2.4339365992192907,0.9462546957693783,RF
240,279,259,train,40,False,0.36560172786148193,0.6046500871260021,0.3110839906099541,0.47922953846486893,0.5718020911724514,2.444409850341499,1.148098320303896,1.0599556341867724,2.435118954624214,0.9456743715862468,RF
241,280,260,train,40,False,0.35314526334072405,0.5942602656586793,0.3011759109243188,0.4706479887979514,0.5637191184122649,2.444409850341499,1.1369240728676058,1.0497453188563728,2.449474285553417,0.9486064456748382,RF
242,281,261,train,40,False,0.3575427827008891,0.5979488127765529,0.3122355457972315,0.47230670074095854,0.5674146339933618,2.444409850341499,1.1515323026525477,1.0643002074496528,2.470890835852938,0.9489351293442547,RF
243,282,262,train,40,False,0.35164379668038964,0.5929956126991073,0.33349187794387286,0.46748723811563286,0.5638932571318307,2.444409850341499,1.1506438244901973,1.063258705532844,2.48565380151319,0.9509231519693495,RF
244,283,263,train,40,False,0.3628248945282341,0.6023494787316032,0.36346443570798315,0.4753719574888451,0.5736354384096576,2.444409850341499,1.1695018934177899,1.0800627414298731,2.4911190262721377,0.9523299324797124,RF
245,284,264,train,40,False,0.3620255222353993,0.6016855675811074,0.38167796522570674,0.4749483924925221,0.5726034729305194,2.444409850341499,1.1677466304736392,1.0776819571964502,2.488997384998064,0.9516656270026492,RF
246,285,265,train,40,False,0.3698478849547058,0.6081512023787389,0.40376237269363935,0.4805060145321958,0.5791411526513841,2.444409850341499,1.1815970374222104,1.0912649739369873,2.4861466267309518,0.9522979653515703,RF
247,286,266,train,40,False,0.37985665956263526,0.6163251248834785,0.4224079873208108,0.48607921537367443,0.5875661457824919,2.444409850341499,1.1986019853575187,1.1079748918163257,2.4921985993915654,0.9533379738390128,RF
248,287,267,train,40,False,0.39253802622865547,0.6265285518064244,0.4515052758797317,0.49562564245361307,0.5990065699806258,2.444409850341499,1.2190151111215435,1.1273464231927341,2.4769682077313355,0.9560722623949913,RF
249,288,268,train,40,False,0.4193528279356163,0.6475745732621195,0.4871809177806377,0.5077687291002057,0.614577303862631,2.6363259308741354,1.2529524860290657,1.159482911632338,2.474760212727567,0.9490448347388523,RF
250,289,269,train,40,False,0.4178984320911385,0.6464506416511152,0.5129115466003719,0.5052452769754259,0.6121881771148769,2.6363259308741354,1.2522083501864807,1.1575502895942071,2.491044418808331,0.9469991019751676,RF
251,290,270,train,40,False,0.42169132131874426,0.6493776415297529,0.5301783409185203,0.508743545403859,0.6162499122556936,2.6363259308741354,1.2605180760625583,1.163178900286178,2.489479572783308,0.9489854174898606,RF
252,291,271,train,40,False,0.394920372370271,0.6284269029650712,0.5157703367697541,0.48972585492841236,0.5956656462442927,2.6363259308741354,1.2313141736150925,1.135121072717752,2.5113351831406705,0.9478678322551074,RF
253,292,272,train,40,False,0.3927147196526293,0.6266695458155194,0.5257409068763759,0.4862042848386685,0.5937265894116444,2.6363259308741354,1.232260647168947,1.135258315070211,2.5343605480778315,0.9474316940661214,RF
254,293,273,train,40,False,0.39383953673185207,0.6275663604208339,0.5333939025340296,0.48627318366501643,0.5951614098465617,2.6363259308741354,1.2394685291808119,1.1422449660827136,2.5572218538096343,0.9483641051879486,RF
255,294,274,train,40,False,0.39550595788858056,0.6288926441679697,0.534183031546537,0.487087125486778,0.5970027687247403,2.6363259308741354,1.2469947977516218,1.14914945115045,2.571919429671746,0.9492920202852428,RF
256,295,275,train,40,False,0.38607852225490963,0.6213521724874789,0.518828045555965,0.47841223152560775,0.5875217523706677,2.6363259308741354,1.2315906681767088,1.1331054382163082,2.5908962211784994,0.9455535497986969,RF
257,296,276,train,40,False,0.4092406277887104,0.6397191788501502,0.48260924167783315,0.491791196966849,0.6022697816561386,2.6363259308741354,1.2622250031286177,1.1622338546975723,2.5918776916805113,0.941459630362616,RF
258,297,277,train,40,False,0.4125091009524418,0.6422687139760443,0.47147123995458984,0.49466752880011633,0.6049170364323497,2.6363259308741354,1.2592613396759287,1.1626161800291548,2.571512104180473,0.9418441584793,RF
259,298,278,train,40,False,0.41592600212720277,0.6449232528969651,0.46170709142529454,0.49804234293341987,0.6080112494253889,2.6363259308741354,1.2644448209695276,1.167580035051739,2.563333174485311,0.942765277409724,RF
260,299,279,train,40,False,0.39798310397290654,0.6308590206796655,0.4033034988730152,0.4910725606594465,0.5983414492569653,2.6363259308741354,1.2382003782147724,1.1442773932519164,2.5517588532322377,0.9484550900331632,RF
261,300,280,train,40,False,0.39150693733239805,0.6257051520743601,0.3820917003138365,0.48586531557418516,0.5926830620228347,2.6363259308741354,1.2271680201174433,1.1336685726553775,2.5642362535864125,0.9472241998614693,RF
262,301,281,train,40,False,0.39005692221774174,0.624545372425208,0.3755910705528555,0.4844646114933985,0.5908538175833805,2.6363259308741354,1.224928785774239,1.1316409679381743,2.566454282746203,0.9460542719082236,RF
263,302,282,train,40,False,0.38152394616410784,0.6176762470454145,0.3623852782458799,0.4773357318019597,0.5823188679070538,2.6363259308741354,1.2110796132004602,1.1176211228781967,2.573958850282291,0.9427574246095932,RF
264,303,283,train,40,False,0.38675757306171155,0.6218983623243525,0.35039014896455173,0.48097285256125233,0.5866258572709401,2.6363259308741354,1.2199459237261632,1.1251785130595973,2.573121696220358,0.9432825246209349,RF
265,304,284,train,40,False,0.38799652119799316,0.6228936676496183,0.3347409553507256,0.4822059615382024,0.5876977500214825,2.6363259308741354,1.2202826870990466,1.1262332563732844,2.5684977147381844,0.9434961062279835,RF
266,305,285,train,40,False,0.39081225578320794,0.6251497866777272,0.3224771147008393,0.4844817063528117,0.5902367330742809,2.6363259308741354,1.2214646041390218,1.1278128741455902,2.556163649964069,0.9441524985732028,RF
267,306,286,train,40,False,0.39072408282389837,0.6250792612332442,0.3096539234653778,0.4830042648040364,0.5901416923436302,2.6363259308741354,1.225245111900348,1.1305669389573405,2.575420484120691,0.9441069780163811,RF
268,307,287,train,40,False,0.3870460316533935,0.622130236890471,0.3017646881004317,0.4786368222438012,0.5855963326915065,2.6363259308741354,1.2176637197171112,1.1232198019729205,2.5889295388438365,0.9412761154616626,RF
269,308,288,train,40,False,0.3875069916818538,0.6225005957281116,0.296834929189159,0.47989057206984576,0.5862067892553318,2.6363259308741354,1.2194751695119108,1.1233158818679032,2.584715134970641,0.9416967522250665,RF
270,309,289,train,40,False,0.3904914696591676,0.6248931665966332,0.29581431442424416,0.48093871409512035,0.5888440079002283,2.6363259308741354,1.2261663108524554,1.1306127667276278,2.593109864657239,0.9423114851891563,RF
271,310,290,train,40,False,0.39955113734877273,0.6321005753428585,0.3056153791597189,0.48806755530747986,0.5976418733413105,2.6363259308741354,1.2412362865661055,1.1461823878092123,2.5876630082433434,0.9454854126926602,RF
272,311,291,train,40,False,0.3926750446417394,0.626637889567603,0.29925458726513193,0.4836943167904785,0.5917239860799881,2.6363259308741354,1.224598656836137,1.1308242914523823,2.577185810163781,0.9442837656821128,RF
273,312,292,train,40,False,0.3926931537790841,0.626652338844342,0.29915035032057324,0.48346642297581444,0.5917433030176779,2.6363259308741354,1.2224378602224788,1.128479766200233,2.573171117136321,0.944292818102231,RF
274,313,293,train,40,False,0.3839585438581285,0.6196438847097004,0.29815127137859043,0.47703798484699805,0.5840468651192411,2.6363259308741354,1.208720463574282,1.1162893680279313,2.5749455367070575,0.9425524555815857,RF
275,314,294,train,40,False,0.38025042207124155,0.6166444859651642,0.2975887769628935,0.47443251186622726,0.5816162859131542,2.6363259308741354,1.1997548273052971,1.1079887225248268,2.569796079361818,0.9431954702437916,RF
276,315,295,train,40,False,0.3894902291886262,0.6240915230866593,0.2993011500965297,0.48090628647917627,0.5896781850353399,2.6363259308741354,1.2174036791693117,1.1239666737519445,2.5781781498678704,0.9448585074812164,RF
277,316,296,train,40,False,0.384833068188729,0.6203491502281026,0.29640551768543405,0.47767701328946705,0.5853993556572056,2.6363259308741354,1.200625193013636,1.1089485114051096,2.557918623667433,0.9436610906002758,RF
278,317,297,train,40,False,0.3698801977165037,0.6081777681866575,0.302749486397096,0.46692831944785623,0.5726152819923045,2.6363259308741354,1.1702685137794284,1.0800321457428876,2.552852539457457,0.9415261654493126,RF
279,318,298,train,40,False,0.3665013391805534,0.6053935407489524,0.3044293454098847,0.4642169820715095,0.568651479408507,2.6363259308741354,1.1644999147868966,1.0735500401865736,2.5604485596202364,0.9393087985461647,RF
280,319,299,train,40,False,0.36796782388020743,0.6066035145630195,0.31855300669327064,0.46233698834523784,0.5695706703049662,2.6363259308741354,1.1703445502057301,1.0799098158804332,2.574249175053878,0.938950495061456,RF
281,320,300,train,40,False,0.3670960898579489,0.6058845515920908,0.33658644566413115,0.46427604609533935,0.5688371435009256,2.6363259308741354,1.164453599660595,1.072799260872396,2.5537234902830255,0.9388540143599714,RF
282,321,301,train,40,False,0.3619088069473897,0.6015885694952903,0.33818237088072,0.46215281478370035,0.564360372351007,2.6363259308741354,1.146819416069468,1.057913464110799,2.5276141829939336,0.9381168475732239,RF
283,322,302,train,40,False,0.3539693479863878,0.5949532317639663,0.3367031460681687,0.45750229958423316,0.5581948398607641,2.6363259308741354,1.1321210572525282,1.0421957274726494,2.5218845717241916,0.9382163337541375,RF
284,323,303,train,40,False,0.34616377448367264,0.588356842811973,0.33383748878824904,0.4514696767291492,0.5521747257477687,2.6363259308741354,1.1290696395295772,1.0380338069472854,2.5462165610576775,0.9385031082645754,RF
285,324,304,train,40,False,0.3478029086391449,0.5897481739176009,0.35002525072955015,0.45338994665529386,0.5541886742766305,2.6363259308741354,1.1365213589362095,1.0435050948583062,2.552950579484839,0.9397039258218395,RF
286,325,305,train,40,False,0.3384420569846081,0.5817577304897702,0.37181963422204173,0.4463610293676224,0.5458698213132068,2.6363259308741354,1.1176821832524955,1.0242857403887142,2.5530690302527583,0.9383112465968436,RF
287,326,306,train,40,False,0.32698941757300815,0.571829885169539,0.4008464584642465,0.4390742068865633,0.5355856624308123,2.6363259308741354,1.0987452092754617,1.005181921544236,2.5550456510039306,0.9366171239406613,RF
288,327,307,train,40,False,0.31942485335436244,0.5651768337028353,0.4281429884002645,0.4340975261829296,0.529941878672925,2.6363259308741354,1.0900309996013342,0.9953491722272088,2.564079225086689,0.9376567599222643,RF
289,328,308,train,40,False,0.2877197871489185,0.5363951781559175,0.42920410869694103,0.4179978585481413,0.5087886443242156,2.1213068209436408,1.0423129308695929,0.9489093267235887,2.5587460662069694,0.9485332177544716,RF
290,329,309,train,40,False,0.29503988673259085,0.5431757420325312,0.4597761192814101,0.42480334777968076,0.5173455046273254,2.1213068209436408,1.0596029616225615,0.9662409311281828,2.5612636158981124,0.9524458929101831,RF
291,330,310,train,40,False,0.2923433540355092,0.5406878526798149,0.4956436158789793,0.42233637321346845,0.5146134475530714,2.1213068209436408,1.0570564730877503,0.9646932089167182,2.571428246997324,0.9517754930178092,RF
292,331,311,train,40,False,0.30723891725875174,0.5542913649505572,0.5047121952049041,0.43465777831738217,0.5288468691832282,2.1213068209436408,1.0794845516769316,0.9860529709082538,2.5568486244986603,0.954095449836931,RF
293,332,312,train,40,False,0.3096895752929898,0.5564975968438586,0.5278401661899915,0.4371152064781286,0.5309862471869446,2.1213068209436408,1.0798617814285139,0.9874828738401931,2.5415019121728526,0.95415730489835,RF
294,333,313,train,40,False,0.31077413401331977,0.5574711956803865,0.5245127218683989,0.4386305914898251,0.5322047489338249,2.1213068209436408,1.0785102923787266,0.9863722851241852,2.522688351656265,0.9546766775712523,RF
295,334,314,train,40,False,0.31546916019394333,0.5616664136246206,0.507774943094557,0.4417674268224053,0.5363125246350533,2.1213068209436408,1.0876625720111912,0.9939878542438387,2.5264625372925016,0.9548595244890109,RF
296,335,315,train,40,False,0.32422997596523484,0.5694119562893238,0.5087362638670192,0.44857422906950434,0.5453011688645253,2.1213068209436408,1.1060176304585165,1.0127411984339785,2.521712989620031,0.9576566892238778,RF
297,336,316,train,40,False,0.31804504735448025,0.5639548274059548,0.4457959705121063,0.44617669287745815,0.5422680292205729,1.6027155842359073,1.0930528495408232,1.0017808139179416,2.5127581152530416,0.9615451501937922,RF
298,337,317,train,40,False,0.3234387933936678,0.5687167954207681,0.39801600911532764,0.4475886225893272,0.5458983077192335,1.8574868693767255,1.1087398814599445,1.0151995274667303,2.5330066245762786,0.9598772396291686,RF
299,338,318,train,40,False,0.333062919604757,0.5771160365167104,0.3845490401156594,0.45339975119639,0.5523706945619885,1.8574868693767255,1.1108606532045635,1.0199481391096605,2.5167786104507486,0.9571224149235621,RF
300,339,319,train,40,False,0.3223945721117925,0.5677980029128251,0.3669136091314542,0.4450305961300417,0.5423995580640466,1.8574868693767255,1.0929427661814188,1.0013482946512386,2.5213988243628433,0.9552685202862927,RF
301,340,320,train,40,False,0.3231774705854106,0.5684870012457722,0.35050457918361155,0.44657929110034705,0.5432226954597172,1.8574868693767255,1.0911879133849984,1.0006410118505122,2.5037628077284464,0.9555586922292133,RF
302,341,321,train,40,False,0.3325685531263479,0.5766875697692364,0.3501112003434442,0.4535427168415412,0.5519958024016678,1.8574868693767255,1.1122069389361833,1.0190727594013773,2.513530820857582,0.9571834583196425,RF
303,342,322,train,40,False,0.34468037342405305,0.5870948589657834,0.36108597418619875,0.4608495652075385,0.5630151260009928,1.8574868693767255,1.1359678783155298,1.041606105269977,2.5225739435461585,0.9589849364254202,RF
304,343,323,train,40,False,0.3356825380087688,0.5793811681516485,0.3573613086375954,0.4537684541557409,0.5543802228246648,1.8574868693767255,1.1184756653104906,1.0251676787835344,2.5241833988205293,0.9568488817012432,RF
305,344,324,train,40,False,0.3389715718696769,0.5822126517602283,0.35993819112858794,0.45403938394872795,0.5569103796184616,1.8574868693767255,1.1257001517473575,1.033028764844428,2.536632958114113,0.9565411846251204,RF
306,345,325,train,40,False,0.3418168972036789,0.5846510901415296,0.36907326569396015,0.45671324562825966,0.5591020785057944,1.8574868693767255,1.1272946887883724,1.0337035369740324,2.527407770388366,0.9563004122175666,RF
307,346,326,train,40,False,0.3461770845641644,0.588368153934392,0.3703838064373823,0.46139415919617577,0.5631217128200158,1.8574868693767255,1.1311261103951582,1.0377119464554838,2.509857857334595,0.9570907416630992,RF
308,347,327,train,40,False,0.3549365962531982,0.5957655547723435,0.3698647458571306,0.469201151960912,0.5720273004584998,1.8574868693767255,1.1465063458259803,1.0518065354837165,2.495066327049707,0.9601550406469628,RF
309,348,328,train,40,False,0.3669561609151842,0.6057690656637925,0.3654531051325571,0.47776521609693196,0.582168805648623,1.8574868693767255,1.1611012863715762,1.0682933739140144,2.4861051272459447,0.9610408299913619,RF
310,349,329,train,40,False,0.36959460520927034,0.6079429292370052,0.3748974197398353,0.480944698968476,0.5841717500038328,1.8574868693767255,1.155147266977829,1.0635877280398014,2.4607227077416165,0.9608989954649094,RF
311,350,330,train,40,False,0.3638147697509585,0.6031705975517694,0.36312695060636674,0.4774725458773853,0.57930198347862,1.8574868693767255,1.1479627076377539,1.0546115928732624,2.4628261530229496,0.9604280875592569,RF
312,351,331,train,40,False,0.364724030191634,0.6039238612537461,0.3557309945519329,0.4786337169870528,0.5802462082665392,1.8574868693767255,1.1509209041704618,1.0568163475929961,2.4629707456054213,0.9607936455134393,RF
313,352,332,train,40,False,0.3631330705771804,0.6026052361016957,0.3558789596892621,0.47664412229102054,0.5784061972335761,1.8574868693767255,1.1485617986045145,1.0544364080960331,2.470749781913079,0.9598426342514625,RF
314,353,333,train,40,False,0.36485115934053913,0.6040291047131249,0.3548047462799282,0.4782813024177589,0.5803085740063032,1.8574868693767255,1.1516477256842106,1.0575049516151882,2.4690975661146752,0.960729490480285,RF
315,354,334,train,40,False,0.35844277414497727,0.5987009054151975,0.3554551084620623,0.4740576306461513,0.5750468253420792,1.8574868693767255,1.147506839739121,1.0531214815889107,2.4804010550938997,0.9604909899765155,RF
316,355,335,train,40,False,0.3477815747475281,0.5897300863509747,0.35601379037541775,0.4652355848911725,0.5650835988936881,1.8574868693767255,1.1291751327211828,1.0349239886095414,2.4858987135536577,0.9582071730309883,RF
317,356,336,train,40,False,0.35077315655719454,0.592261054398476,0.365688840554604,0.4654137286002852,0.5679793431073203,1.8574868693767255,1.1506327253317357,1.0522687317772557,2.537946202523744,0.9590016748343901,RF
318,357,337,train,40,False,0.3607626014165476,0.6006351649849911,0.3689218768610941,0.4720661540953657,0.5775677744412683,1.8574868693767255,1.173899462497538,1.0744227405611642,2.550377572728235,0.961595004940646,RF
319,358,338,train,40,False,0.36892246670655415,0.607389880312929,0.3662978609480979,0.4799913805073688,0.5856043596008476,1.8574868693767255,1.1840380047070294,1.0844503181354583,2.5245618848713005,0.9641325589737231,RF
320,359,339,train,40,False,0.3692783398401768,0.6076827625004487,0.37376686315775925,0.4794616419557463,0.5858212428499812,1.8574868693767255,1.1886190270217747,1.0897021340876971,2.533703446080614,0.9640247823378874,RF
321,360,340,train,40,False,0.37296813879854024,0.6107111746141053,0.37119422637411836,0.48058815857608417,0.5887155524248271,1.8574868693767255,1.1959802353303408,1.0986286199101578,2.542823359858434,0.9639835930574273,RF
322,361,341,train,40,False,0.3708695872781592,0.6089906298771429,0.3772618755124928,0.4788663558438274,0.5863436777601105,1.8574868693767255,1.1899691876077987,1.0937740961409097,2.535749031905854,0.962812314334621,RF
323,362,342,train,40,False,0.39892994244410535,0.6316090107369474,0.3795987597352696,0.4927268646581169,0.6028404085755007,2.2141024231700253,1.2198441899412449,1.1236939687047436,2.5321302722648116,0.954451881350014,RF
324,363,343,train,40,False,0.4094395600911772,0.6398746440445794,0.3731710246944065,0.4995445129906101,0.6105455096813934,2.2141024231700253,1.2237574900307984,1.13034440909645,2.5065779439665876,0.9541642497696117,RF
325,364,344,train,40,False,0.4064342071189522,0.6375219267750343,0.3660826336772537,0.4960965928337117,0.606426925480591,2.2141024231700253,1.2105455438235562,1.1197134687429244,2.4920787124438606,0.9512252049874733,RF
326,365,345,train,40,False,0.404341854914578,0.6358788052094345,0.3688140652789607,0.49370662229371376,0.6032901103764068,2.2141024231700253,1.2054021561654589,1.114379330513717,2.4978553808511856,0.9487501477230488,RF
327,366,346,train,40,False,0.4111172818068858,0.6411842806922873,0.3709157189501202,0.4990968406312059,0.6102104125116288,2.2141024231700253,1.2189901177568827,1.128422696713001,2.4953184712969483,0.9516927206212604,RF
328,367,347,train,40,False,0.40785774604758984,0.6386374135983499,0.37080352365764524,0.49678362975070145,0.6068903982687589,2.2141024231700253,1.2097965979340766,1.1214188311948194,2.4880848308112493,0.950289452741713,RF
329,368,348,train,40,False,0.4076447580792766,0.6384706399508724,0.3812122942880811,0.4957298372303466,0.6065572788109022,2.2141024231700253,1.208674363360204,1.1224878528766904,2.4953490299232923,0.9500159300317618,RF
330,369,349,train,40,False,0.4045938180537455,0.6360768963370274,0.38318058931032045,0.49290713203716247,0.6037461125908274,2.2141024231700253,1.2063195370123778,1.1190365543920693,2.5074793566469196,0.9491715798319621,RF
331,370,350,train,40,False,0.40844627559840874,0.6390980172073832,0.39117986748878175,0.4958796385262582,0.607494861458861,2.2141024231700253,1.2113888250514138,1.1248416586424894,2.49992072199347,0.9505503774106263,RF
332,371,351,train,40,False,0.41640090787457656,0.6452913356574506,0.3743534359678342,0.5012335477358789,0.6119306414912378,2.2141024231700253,1.2150770788364833,1.1282711291377274,2.4918223969405213,0.9483013449541772,RF
333,372,352,train,40,False,0.4176555172837718,0.6462627308485086,0.36709722368625686,0.5033165265183964,0.6129180775504838,2.2141024231700253,1.2125444530740856,1.125238833383832,2.4779608065256573,0.9484038739875266,RF
334,373,353,train,40,False,0.4219679662650256,0.6495906143603258,0.36789958759341196,0.5072461259411244,0.6168521523344758,2.2141024231700253,1.214959559270466,1.1285426476938851,2.460702931189508,0.9496013930895713,RF
335,374,354,train,40,False,0.42541821528370144,0.6522409181304876,0.3614853587644373,0.5088486867567599,0.6193070299220317,2.2141024231700253,1.2201274873446928,1.1346794532036983,2.4628390657100128,0.9495065591670422,RF
336,375,355,train,40,False,0.4207040248512837,0.6486170093755511,0.3594197136743556,0.5073925043300661,0.615289869442244,2.2141024231700253,1.203250250508312,1.1199268839221421,2.4346024879089105,0.9486181530062057,RF
337,376,356,train,40,False,0.4033281130143142,0.6350811861599382,0.3461461906901933,0.49631539593904517,0.6031613787672695,2.2141024231700253,1.1869567738036468,1.1030714676834146,2.4465514361323857,0.9497390127620154,RF
338,377,357,train,40,False,0.3933582041595778,0.6271827518033143,0.34144683138545945,0.4916840629098883,0.595673423018744,2.2141024231700253,1.1676381898119514,1.0855853566740332,2.433954003129725,0.9497605304132285,RF
339,378,358,train,40,False,0.3802556068106071,0.6166486899447748,0.34336629641038796,0.4835414484363925,0.5860438682701271,2.2141024231700253,1.1562756128730785,1.0723579724057728,2.4422555209743573,0.9503691126346371,RF
340,379,359,train,40,False,0.3800977499914088,0.6165206809113615,0.35315530641375575,0.4833880358576897,0.5858052453628918,2.2141024231700253,1.1567620080526442,1.0725869268260841,2.44549352295571,0.9501793913821917,RF
341,380,360,train,40,False,0.38259881859243317,0.6185457287803653,0.36058712253319947,0.48532941631205817,0.5881276375508484,2.2141024231700253,1.1651960818017515,1.0784309022300942,2.4520708548968306,0.9508232135245771,RF
342,381,361,train,40,False,0.3745755355513217,0.6120257637970168,0.3717639927830134,0.47984298564932565,0.581088401742901,2.2141024231700253,1.1455806739460832,1.0618997203005922,2.437422629420166,0.9494508828154882,RF
343,382,362,train,40,False,0.39647050073434387,0.6296590352995373,0.38737160908049545,0.49177660056053396,0.5921362506360516,2.2141024231700253,1.1518236845005463,1.0706962223421594,2.410442346926995,0.9404077722070081,RF
344,383,363,train,40,False,0.40133427717682685,0.6335094925704167,0.39169215577770167,0.4970840151801255,0.597479029303851,2.2141024231700253,1.1560586585098973,1.0756589271164625,2.3913029009360165,0.9431256142344848,RF
345,384,364,train,40,False,0.39585453043812546,0.6291697151310809,0.38802798727765836,0.49325716066113995,0.5929937924272488,2.2141024231700253,1.1496367289405711,1.068167427902448,2.4000638739178464,0.9425021233002367,RF
346,385,365,train,40,False,0.40121852291986465,0.633418126453502,0.41138273103446044,0.4951679182655992,0.5965078077235166,2.2141024231700253,1.1620031359444307,1.078221369804305,2.4123051908769875,0.9417283510078158,RF
347,386,366,train,40,False,0.3955854881844013,0.6289558714126146,0.42056291908240456,0.4903817735193493,0.5910168141440912,2.2141024231700253,1.1525652911594002,1.0681051989235466,2.414790018459746,0.9396793018509975,RF
348,387,367,train,40,False,0.3952376255979154,0.6286792708511355,0.41582756168242263,0.4905623612466849,0.5907551361587935,2.2141024231700253,1.1523445337177183,1.0698861958175505,2.413610123412425,0.9396764988910823,RF
349,388,368,train,40,False,0.38238982998171683,0.6183767702474898,0.4123708969745866,0.4805676107922068,0.5794858894777744,2.2141024231700253,1.1362288130030855,1.0524863657486172,2.4294350897974826,0.9371081149213442,RF
350,389,369,train,40,False,0.37906965737701204,0.6156863303476958,0.4201508209508464,0.4785578060069568,0.5769217207363166,2.2141024231700253,1.1357608418683962,1.051521236983213,2.4359089581400526,0.9370383786343158,RF
351,390,370,train,40,False,0.3807628911895235,0.6170598765026969,0.42094725426487317,0.4790963063521014,0.5785248349427077,2.2141024231700253,1.1422445795015677,1.0572551451866314,2.447564291393032,0.9375505635232778,RF
352,391,371,train,40,False,0.3824872899322743,0.6184555682765531,0.406227768202406,0.47960908644324646,0.5801432645902453,2.2141024231700253,1.1479808224719217,1.0624700623314438,2.4577242048182177,0.9380516472782797,RF
353,392,372,train,40,False,0.38406067852173054,0.6197262932309154,0.4089396040367152,0.4808756388792725,0.5819645331470058,2.2141024231700253,1.1541147572234256,1.067922728814525,2.4651228903863696,0.9390670357279174,RF
354,393,373,train,40,False,0.38843011216331547,0.6232416161997812,0.4070063247204509,0.4844662039375837,0.5858196027806486,2.2141024231700253,1.1588145157696002,1.0726846477163505,2.4591397530987553,0.9399558494708462,RF
355,394,374,train,40,False,0.39050253719331146,0.6249020220749101,0.40471630134384157,0.4862904436998786,0.5877315615244448,2.2141024231700253,1.1639261408988304,1.0773802967852864,2.4601335775701463,0.9405179384328998,RF
356,395,375,train,40,False,0.3941742716278601,0.6278329966064703,0.39862807789334165,0.48905414247198287,0.5920753777098099,2.2141024231700253,1.171470702239061,1.0865447706905365,2.4620058651153953,0.9430459706802038,RF
357,396,376,train,40,False,0.39003146971556335,0.624524995268855,0.39146656519379275,0.48691341447390607,0.5878471519029201,2.2141024231700253,1.1528794490858048,1.0720342517711001,2.4304585335626494,0.9412708159900867,RF
358,397,377,train,40,False,0.37889697003924233,0.6155460746680481,0.3824172502586969,0.47864810699379967,0.57628178902187,2.2141024231700253,1.1264229940168728,1.0467901336678604,2.4220599059531485,0.9362122718963766,RF
359,398,378,train,40,False,0.37428778647493804,0.6117906394142837,0.3701723956790209,0.47579397929649775,0.5723778356469473,2.2141024231700253,1.1148050853036753,1.0374116441983219,2.410171114448462,0.9355779555485363,RF
360,399,379,train,40,False,0.3598559224168279,0.5998799233320181,0.351139949812028,0.4667900753913189,0.5597805940174762,2.2141024231700253,1.093401451293398,1.0141696077036593,2.417227988385368,0.9331544068155986,RF
361,400,380,train,40,False,0.3593319299908412,0.5994430164668207,0.3517532162066564,0.46636139061578297,0.5593996136732043,2.2141024231700253,1.0956060925399638,1.0144562490457456,2.422792836743617,0.9331989835670513,RF
362,401,381,train,40,False,0.36701241545749197,0.6058154962176949,0.345011783020639,0.4707722161587471,0.5665407063466938,2.2141024231700253,1.1190654763283465,1.0351490931549425,2.4523728106805294,0.9351703775882154,RF
363,402,382,train,40,False,0.33823187122461496,0.5815770552769555,0.32322911801782067,0.4565191257394365,0.549332781365675,1.91810638064368,1.0876222367914163,1.0042627525392187,2.454463797719722,0.9445571766996116,RF
364,403,383,train,40,False,0.3281648493812459,0.5728567442050813,0.3155404760233192,0.4505117474182412,0.5420404385570408,1.91810638064368,1.0791204693461065,0.9944120304512781,2.4639030878791726,0.9462059128049501,RF
365,404,384,train,40,False,0.3375559982350824,0.5809956955392032,0.3253751544333845,0.4586553842209442,0.5518500145510613,1.91810638064368,1.0976375992466774,1.0122920299097795,2.4641774704188686,0.9498349450573937,RF
366,405,385,train,40,False,0.34963626535732856,0.5913004865187653,0.32823151489084024,0.4683425857052632,0.5637308054907609,1.91810638064368,1.1165345574859251,1.0320804637480678,2.448766896314698,0.953374499672208,RF
367,406,386,train,40,False,0.36512670990690693,0.6042571554453509,0.33135316688585936,0.476088433309394,0.5732057967562023,1.91810638064368,1.1313742559128648,1.0462019035707855,2.4416746434689314,0.9486123442489266,RF
368,407,387,train,40,False,0.36287358959237415,0.6023898983153471,0.3278504994519463,0.4743013915679043,0.5700963517652518,1.91810638064368,1.1212355175502364,1.0372888354452212,2.421515227945796,0.9463909560229881,RF
369,408,388,train,40,False,0.3675018765316004,0.6062193303843093,0.31582949505965535,0.47918833194655824,0.5755728945182115,1.91810638064368,1.1351046784421563,1.0484799139628767,2.4202267983751526,0.9494466205050411,RF
370,409,389,train,40,False,0.36553304965670474,0.6045932927652313,0.30891221857471407,0.47841110626191385,0.5733450407934294,1.91810638064368,1.1231529729575016,1.0385229782080376,2.3923904570797356,0.9483152520120068,RF
371,410,390,train,40,False,0.3730140499739457,0.6107487617457327,0.3263885104089417,0.4845700295791441,0.578717363105718,1.91810638064368,1.1252191415317783,1.040345130236926,2.3729866287205676,0.9475538868904821,RF
372,411,391,train,40,False,0.3621140537295003,0.6017591326515123,0.3384841122710914,0.4768101009449458,0.5723681645840444,1.91810638064368,1.127693198789277,1.0407775830653625,2.400030716388143,0.9511582517444093,RF
373,412,392,train,40,False,0.35548756958403865,0.5962277833043665,0.35068801812590483,0.47128931796493967,0.5661168744116495,1.91810638064368,1.1165927860401006,1.031287799517587,2.4006437739516513,0.9494976421161747,RF
374,413,393,train,40,False,0.35678394836668686,0.59731394456072,0.3551297221906449,0.4721999360723309,0.5671190017621319,1.91810638064368,1.1182348448745345,1.033869480536702,2.3999529608228922,0.9494487897469158,RF
375,414,394,train,40,False,0.34626106410419233,0.5884395160967628,0.35519276455813575,0.4653145318288951,0.5578210704968434,1.91810638064368,1.09586521093973,1.0133831679171652,2.3844633979903302,0.947966707261576,RF
376,415,395,train,40,False,0.34217467755300934,0.5849569877803062,0.363595060409146,0.46056165746634453,0.5527846716876891,1.91810638064368,1.0916298497036456,1.008254596806285,2.399830738798201,0.9450005440319654,RF
377,416,396,train,40,False,0.3426002628882706,0.5853206496342587,0.36609082470083404,0.4610433418812356,0.5532256238055748,1.91810638064368,1.095037214980632,1.0107184048286055,2.4052288180035033,0.9451667631259232,RF
378,417,397,train,40,False,0.34028626477591145,0.5833406078578033,0.37587151413683323,0.45829083501743606,0.5507446639031601,1.91810638064368,1.090020853278898,1.006350935071994,2.4107069659804394,0.9441219357686327,RF
379,418,398,train,40,False,0.3406677715228899,0.5836675179611162,0.39422425002589606,0.4580021679128253,0.5511296806932761,1.91810638064368,1.094851827890903,1.0092470604769148,2.4236159352611693,0.9442527873034597,RF
380,419,399,train,40,False,0.3464854887820314,0.5886301799789333,0.4039005900059946,0.46323893786230136,0.5575353466891598,1.91810638064368,1.1102005703415734,1.0223412730706827,2.427179160963452,0.947174245651342,RF
381,420,400,train,40,False,0.35000885470498017,0.5916154618542184,0.4119986828274414,0.4645474196641164,0.5602881006011374,1.91810638064368,1.1114287516345975,1.0254700741788583,2.422128241378772,0.947047764514308,RF
382,421,401,train,40,False,0.36324927227445925,0.602701644492911,0.4023603859169371,0.4741369119829099,0.5706812813018411,1.91810638064368,1.1294200512615038,1.0426410614100612,2.4206766713596637,0.946871949855039,RF
383,422,402,train,40,False,0.33992699872387233,0.5830325880462192,0.3741142234381356,0.4635059764052999,0.5586830993676987,1.9039271644913376,1.117342530234787,1.0304823697479522,2.432321898452065,0.9582364876719546,RF
384,423,403,train,40,False,0.34342000104375303,0.5860204783484558,0.37035748924703477,0.4654052502693478,0.561506852170722,1.9039271644913376,1.1277649995725638,1.0406353198270795,2.4443745595344457,0.958169335230709,RF
385,424,404,train,40,False,0.3447300635540402,0.5871371760960468,0.364380975519053,0.46830685954294343,0.5627083264932811,1.9039271644913376,1.123406718309883,1.0362834490958097,2.4187300046396025,0.9583932842318104,RF
386,425,405,train,40,False,0.33710674293580467,0.5806089414879904,0.35113787963514775,0.46609724874905306,0.5574791788949747,1.9039271644913376,1.101684076588637,1.0181583437600437,2.391300642227055,0.9601629238886014,RF
387,426,406,train,40,False,0.34264902327815194,0.5853623008685749,0.35161275695609445,0.4702556608698828,0.5628971357822025,1.9039271644913376,1.1168885893190315,1.031762380838948,2.4025455880896693,0.9616217767132628,RF
388,427,407,train,40,False,0.3426825389705268,0.5853909283295453,0.34952797098612354,0.4700595836170506,0.5629225283388515,1.9039271644913376,1.11646193505978,1.0297683796222508,2.4026162687460118,0.9616181274711431,RF
389,428,408,train,40,False,0.3476370911002486,0.5896075738152018,0.35572912172086946,0.4750971229118278,0.5683811763978868,1.9039271644913376,1.1209138289445275,1.0350175191371433,2.3837875539300892,0.9639991099843505,RF
390,429,409,train,40,False,0.3429192774571538,0.5855930988810863,0.3690016083530057,0.4695877917476148,0.5636839226175738,1.9039271644913376,1.1147851681086858,1.0294686471299892,2.40317161069296,0.9625863482589273,RF
391,430,410,train,40,False,0.345743649801428,0.5879997022120232,0.36359019198984793,0.4718500721792269,0.5660114922392486,1.9039271644913376,1.1139120583797115,1.0291370705889764,2.389389445319357,0.9626050661419451,RF
392,431,411,train,40,False,0.3402442547052529,0.5833045985634374,0.35303668631624446,0.4674730274169897,0.5597645705747365,1.9039271644913376,1.0987006314386831,1.0140584330882725,2.3799538745387103,0.9596436783685997,RF
393,432,412,train,40,False,0.3354744492631826,0.5792015618618294,0.3481066989205709,0.46189224542887963,0.5522817686064158,1.9039271644913376,1.080404301557685,0.9972056889575065,2.3695008161065005,0.9535225817263328,RF
394,433,413,train,40,False,0.33294228924219016,0.577011515692876,0.35115059052729786,0.4591302423052592,0.5501777122606426,1.9039271644913376,1.083819957747974,0.9991857015628828,2.3895649116101865,0.9534952029509994,RF
395,434,414,train,40,False,0.33646461573211817,0.5800557005427308,0.35928447041877315,0.46163098335390684,0.5529484978774832,1.9039271644913376,1.0889594743283315,1.0044683225626978,2.387336897657932,0.9532679316143526,RF
396,435,415,train,40,False,0.33650296405584096,0.5800887553261491,0.35338315741122867,0.46155038094504197,0.5529860745927726,1.9039271644913376,1.093878829878013,1.0070992000649468,2.4007546377894475,0.9532783897558257,RF
397,436,416,train,40,False,0.3369892472020935,0.5805077494763472,0.35459136832999383,0.46297191865129916,0.5535691542670831,1.9039271644913376,1.0918767515149583,1.0048423613748663,2.385250139453972,0.9535947707268949,RF
398,437,417,train,40,False,0.3415549425287101,0.5844270207037916,0.3595211530296911,0.46787709102589686,0.5596959405513844,1.9039271644913376,1.108670672983084,1.0194173052988853,2.3946124080560933,0.9576832020486921,RF
399,438,418,train,40,False,0.34119964641865763,0.5841229720004664,0.36345305379685455,0.466392352390017,0.5593443090538552,1.9039271644913376,1.1166766612048171,1.02553343266035,2.4204156923926794,0.957579715001191,RF
400,439,419,train,40,False,0.3438065331357586,0.5863501796160367,0.3572997522621957,0.4691989206047012,0.5627032461477425,1.9039271644913376,1.1218580162892797,1.0308942123675933,2.412887912233439,0.9596709708799286,RF
401,440,420,train,40,False,0.3381614591525115,0.5815165166635523,0.3419513633345176,0.4653534630230324,0.5578642527024874,1.9039271644913376,1.115108917230213,1.024269557602681,2.419025742094557,0.9593265826794231,RF
402,441,421,train,40,False,0.33942734434842425,0.5826039343743091,0.3419836612272399,0.46529157820250405,0.5587701306859648,1.9039271644913376,1.1159781831076594,1.0248868195615881,2.4210039272203474,0.959090898152034,RF
403,442,422,train,40,False,0.34769629512751826,0.589657777975936,0.337017131637789,0.47216515581858143,0.5653905084493032,1.9039271644913376,1.1227812374019248,1.0329783928904832,2.4073004912019456,0.958845163359105,RF
404,443,423,train,40,False,0.34738011559706533,0.589389612732584,0.3402037312921698,0.47263788378725274,0.5650969494194943,1.9039271644913376,1.1185061125407478,1.0289022233742386,2.395480673564193,0.9587833535096391,RF
405,444,424,train,40,False,0.34177366955741983,0.5846141202172762,0.3403761525987819,0.4689703249737488,0.5602457381151589,1.9039271644913376,1.1069727987543878,1.0173855061820767,2.3877350443143524,0.9583171509900229,RF
406,445,425,train,40,False,0.3355534199438895,0.5792697298701956,0.34316556796764197,0.4646337223765327,0.5554636443510997,1.9039271644913376,1.1010779433151683,1.011531119489392,2.397125354229734,0.9589032806453903,RF
407,446,426,train,40,False,0.31968918202517554,0.5654106313337021,0.32782448789107554,0.4583867552614572,0.5456881415100264,1.637482545065641,1.0772830159765299,0.9890879698921704,2.3808806184214424,0.9651182897336864,RF
408,447,427,train,40,False,0.32486663124715925,0.5699707284125731,0.32488681101004296,0.4629624897112146,0.5518135366457008,1.637482545065641,1.0915086016776778,1.001800543377545,2.3939955472618,0.9681436416613148,RF
409,448,428,train,40,False,0.3200191989007884,0.5657023942858899,0.3268520531017725,0.4584859778638082,0.5459787490078557,1.637482545065641,1.0770605657924182,0.9891946158788464,2.3880610392891497,0.9651342375827626,RF
410,449,429,train,40,False,0.3193520696671946,0.565112439844669,0.331839917281505,0.4567851908025792,0.5451003491679932,1.637482545065641,1.0807195768086526,0.9916650346283763,2.4123310685950776,0.9645874178912494,RF
411,450,430,train,40,False,0.31460028655672223,0.5608924019424066,0.3188182075388821,0.4533199740899441,0.5418872457221601,1.637482545065641,1.0762295387961598,0.988822025026332,2.415579703442889,0.9661162173806768,RF
412,451,431,train,40,False,0.30478847457723346,0.5520765115246559,0.3145259905519371,0.44655882964528304,0.5330384681653915,1.5948037553472114,1.0533901724020238,0.9673771190156233,2.4031562023729083,0.9655155708278776,RF
413,452,432,train,40,False,0.31311793256272386,0.5595694171081224,0.3142594178194471,0.45370518238712776,0.5405418049422914,1.5948037553472114,1.0650166863003552,0.9782811710432633,2.398152297594141,0.9659959755052976,RF
414,453,433,train,40,False,0.30869929675372204,0.5556071424610397,0.30252008811679126,0.4500002988405858,0.5368114123010729,1.5948037553472114,1.0647743196038595,0.9763591287610509,2.4173126638282243,0.9661708269682929,RF
415,454,434,train,40,False,0.3219127569718305,0.5673735603390684,0.30097512298842416,0.4592799330217069,0.5478207760707243,1.5948037553472114,1.0842811929693852,0.9933192201890251,2.420250974020996,0.9655380764365208,RF
416,455,435,train,40,False,0.328170170772016,0.5728613887948951,0.28974735540763424,0.4640975009589954,0.5548446987558494,1.5948037553472114,1.1009909414157812,1.0093001440784257,2.432189565319849,0.9685496519900797,RF
417,456,436,train,40,False,0.32845148023066806,0.5731068663265761,0.28227609016911914,0.4639247866660596,0.5551276754969052,1.5948037553472114,1.1022462716909116,1.0104045529384134,2.4363252395768944,0.9686285544877319,RF
418,457,437,train,40,False,0.33214108127575004,0.5763168236966105,0.2763666674567624,0.4679205094725017,0.5588790956159405,1.5948037553472114,1.1107684789632764,1.0177416803036379,2.431724907428939,0.9697428092263194,RF
419,458,438,train,40,False,0.33571039764160177,0.5794052102299407,0.28331084864515055,0.4711661680486772,0.5620311788967587,1.5948037553472114,1.1100046207354815,1.019250857840468,2.414562481811486,0.9700140229559087,RF
420,459,439,train,40,False,0.33909225067936233,0.5823162806236507,0.29049437215997187,0.47409614569614755,0.5646922071687733,1.5948037553472114,1.1093476394409565,1.0216863778428067,2.39990296455724,0.9697345342362705,RF
421,460,440,train,40,False,0.33117429686393307,0.5754774512210996,0.2904993291921051,0.4692553803717903,0.557512852237846,1.5948037553472114,1.09465980785883,1.0088895931407182,2.3963228359405164,0.9687831400776264,RF
422,461,441,train,40,False,0.3224163942641361,0.5678172190627333,0.29962676829786616,0.46226028767291094,0.5514633160287007,1.5948037553472114,1.096159327340399,1.0087871733357452,2.427759627562717,0.9711986489930206,RF
423,462,442,train,40,False,0.31136343801339156,0.557999496427543,0.29989920913173684,0.4528087623908913,0.5408142514920354,1.5948037553472114,1.0766536559273845,0.9894789762826924,2.4363001341380786,0.9692020422141383,RF
424,463,443,train,40,False,0.30601212752241985,0.5531836291164263,0.3087665069792726,0.4482905191711518,0.5362265602891393,1.5948037553472114,1.069195573631667,0.9814953549278302,2.4439173445340865,0.9693464015658386,RF
425,464,444,train,40,False,0.3098706763783207,0.5566602881276163,0.3221620084286698,0.44899372339147964,0.5392868381150265,1.6168455107747137,1.0862043911484374,0.9957890238780358,2.473703715583912,0.9687898519381953,RF
426,465,445,train,40,False,0.3159195975751018,0.5620672536050306,0.34529909037348544,0.44931946687289637,0.543549113311859,1.7907476183178836,1.107606873264229,1.0150748942792167,2.509382514679678,0.9670535150831175,RF
427,466,446,train,40,False,0.3140070857360585,0.5603633515283263,0.33985660169371373,0.44771294299601605,0.5419207952585643,1.7907476183178836,1.100721989390466,1.0102245831141015,2.5037890579868973,0.9670882183507147,RF
428,467,447,train,40,False,0.31448472516500436,0.5607893768296653,0.3512155631310642,0.4485512932928123,0.5422785168287814,1.7907476183178836,1.101824453295695,1.0125998693667835,2.5022630034782067,0.9669914217963039,RF
429,468,448,train,40,False,0.3087628231491024,0.5556643079675916,0.3514409897038908,0.4423705933715626,0.5356236049451606,1.7907476183178836,1.0947464606282695,1.0044917569353566,2.52300114525982,0.9639337946759038,RF
430,469,449,train,40,False,0.3145669105362738,0.5608626485479968,0.34566883364544765,0.4494116740831828,0.5412056911313241,1.7907476183178836,1.098254757697792,1.0083080724971403,2.4934044072482324,0.9649522793725663,RF
431,470,450,train,40,False,0.3096649532475311,0.5564754740754808,0.3318814878231435,0.44602826336629314,0.5368813437559143,1.7907476183178836,1.0903951642306022,1.0019734804678984,2.4934194846121933,0.9647888698920293,RF
432,471,451,train,40,False,0.32340793732876316,0.5686896669790679,0.33499722049630687,0.4568571827239408,0.5491421140474839,1.7907476183178836,1.106780253124206,1.0203677338642176,2.4776021529760888,0.9656270298783124,RF
433,472,452,train,40,False,0.3540843556005415,0.5950498765654367,0.3557408804809237,0.47665476361984577,0.5729293888592182,2.09421721159096,1.150029253425798,1.0619436433109644,2.4688277309788416,0.962825825905728,RF
434,473,453,train,40,False,0.35542026135026006,0.5961713355657584,0.3633276205303983,0.4768055878494734,0.5740759265568013,2.09421721159096,1.1545858637506803,1.0657760455867709,2.4779975657552904,0.9629378205713482,RF
435,474,454,train,40,False,0.3609059054488806,0.6007544468823186,0.3597709355777802,0.47905944289102276,0.5776710136589476,2.09421721159096,1.1612140463072032,1.0727770593165993,2.479507241057505,0.9615759261655655,RF
436,475,455,train,40,False,0.36267740808688964,0.6022270403152699,0.3471520038868547,0.4798289763514367,0.5793004113247573,2.09421721159096,1.1706862954858308,1.08097779239965,2.4967152961911134,0.9619302564386509,RF
437,476,456,train,40,False,0.36399679156982073,0.6033214661934554,0.3387419715082556,0.47993737134958286,0.580742372257,2.09421721159096,1.1805481191044358,1.0898943938117966,2.5219806766402444,0.9625753512817735,RF
438,477,457,train,40,False,0.3657825409654579,0.6047995874382339,0.331826564017248,0.48142951285305785,0.5824305442229969,2.09421721159096,1.1817144048794983,1.0927212112052014,2.514725558758511,0.9630141228931948,RF
439,478,458,train,40,False,0.38633983931264526,0.6215624178734146,0.31301956237926776,0.4935241347234867,0.5958420104459616,2.09421721159096,1.1984498619216863,1.1100163887368886,2.4969630975034733,0.9586197513108151,RF
440,479,459,train,40,False,0.39481020911889997,0.6283392468395556,0.29614768150505255,0.4995154665715006,0.6029350347306365,2.09421721159096,1.2044127573354786,1.117943026334192,2.4817894858466842,0.959569273705728,RF
441,480,460,train,40,False,0.39242194834781463,0.6264359092100441,0.28328197760377727,0.49667859499346917,0.6001651544142231,2.09421721159096,1.1976708674797154,1.1112703351290052,2.4844596322086616,0.9580631403634743,RF
442,481,461,train,40,False,0.38173922944007616,0.6178504911708625,0.2748544636606688,0.4889943871403236,0.5895984530257102,2.09421721159096,1.1745549257591723,1.0904622861931792,2.4843084031322626,0.9542736656377613,RF
443,482,462,train,40,False,0.37266217747855396,0.6104606272959412,0.26896487895313403,0.4814001629466527,0.5821276044801801,2.09421721159096,1.1667610539402111,1.0814215078392757,2.499868552837604,0.9535874689555929,RF
444,483,463,train,40,False,0.3711004799644236,0.6091801703637633,0.26891252817726097,0.4802727922507274,0.5805706320607824,2.09421721159096,1.1648099551326268,1.0793352932255655,2.5006387895731885,0.9530359987162795,RF
445,484,464,train,40,False,0.37081608039272196,0.6089466974971799,0.2728009317599414,0.4787342694255693,0.580271154406806,2.09421721159096,1.17388778075969,1.0878478730776178,2.534725770141408,0.9529096007774857,RF
446,485,465,train,40,False,0.3660464602857323,0.6050177355133751,0.2725219050686635,0.4751213166385245,0.5749520008472478,2.09421721159096,1.1619790545451738,1.075428588736901,2.5271151105697465,0.9503060275735296,RF
447,486,466,train,40,False,0.36050693703077863,0.6004222989120063,0.27048467165801404,0.46891358507639147,0.5694842487274725,2.09421721159096,1.1629562422345636,1.0749733114847815,2.565200932487522,0.9484728494584646,RF
448,487,467,train,40,False,0.3747654424967687,0.612180890339423,0.2801304928598013,0.4779898908470296,0.5791410164372612,2.09421721159096,1.1776304507568054,1.0911675369497005,2.557265723799939,0.9460292302103013,RF
449,488,468,train,40,False,0.38421420924665817,0.6198501506385702,0.2799753576475872,0.48712231452457644,0.5887610904044547,2.09421721159096,1.1898580709381834,1.1034573590832906,2.537563376651161,0.9498442321872673,RF
450,489,469,train,40,False,0.39911667137724816,0.6317568134790856,0.28408086398234006,0.4979100637562629,0.6010267612907986,2.09421721159096,1.2089435132149517,1.1223768579360218,2.521881423995173,0.9513577827217143,RF
451,490,470,train,40,False,0.39923266828430387,0.6318486118401336,0.2802072227829343,0.4966919698355608,0.6011124450308127,2.09421721159096,1.2139422086525529,1.1264450038316756,2.535632233262116,0.9513551723730026,RF
452,491,471,train,40,False,0.4116015947661726,0.6415618401730051,0.2815000642451418,0.5053061938344723,0.6116329200503294,2.09421721159096,1.2338949125596907,1.147208666880033,2.535796573503138,0.9533499060439677,RF
453,492,472,train,40,False,0.4045732833034904,0.6360607544122577,0.2808282575951798,0.5000142035158799,0.6056254920470823,2.09421721159096,1.2229591804070694,1.1371002856193595,2.5334165909676805,0.9521503847642688,RF
454,493,473,train,40,False,0.40368356636220526,0.6353609732759837,0.28096571927639236,0.49977181712166735,0.6047354906727787,2.09421721159096,1.2123408263529643,1.1287303990956659,2.5088722067269704,0.9517982943691097,RF
455,494,474,train,40,False,0.38936799265616523,0.6239935838261201,0.27824822747288336,0.48907238773726347,0.5921438498406439,2.09421721159096,1.1915979316089524,1.1095141472693346,2.511107789902912,0.9489582348103898,RF
456,495,475,train,40,False,0.3826888046610611,0.6186184645329147,0.2831617366845942,0.4836985743612384,0.584393820038796,2.09421721159096,1.172598834252865,1.0908591236137677,2.495030609095327,0.9446756822560092,RF
457,496,476,train,40,False,0.38869849901774023,0.6234568942739668,0.28725690200209864,0.4890469056191784,0.5893814056998947,2.09421721159096,1.1776959023778082,1.0952405824510556,2.479578619566513,0.9453442749819072,RF
458,497,477,train,40,False,0.4055643672507358,0.6368393574919312,0.3026949898446034,0.49739121052122054,0.60016018413155,2.09421721159096,1.193370133950856,1.112026063670286,2.4731592597140595,0.9424043553073808,RF
459,498,478,train,40,False,0.40541123650418437,0.636719119003179,0.2963557672362811,0.49744192238431706,0.6000380278737426,2.09421721159096,1.191255642561399,1.110870634606646,2.46916387249894,0.9423904669505404,RF
460,499,479,train,40,False,0.4033568678507752,0.6351038244655556,0.29348112864411807,0.4959484447731505,0.5984755618509263,2.09421721159096,1.1901954872155336,1.1084194811580517,2.4732228712714943,0.9423271263632332,RF
461,500,480,train,40,False,0.410193929573304,0.6404638393955618,0.2934454674785352,0.5020177327035544,0.604859101457491,2.09421721159096,1.20231361631309,1.1186164382790296,2.466469709890853,0.9444078873029383,RF
462,501,481,train,40,False,0.4155433946524464,0.644626554411503,0.2965466055580822,0.5066402495399993,0.6087846291021413,2.09421721159096,1.1997886597761853,1.1182671164486808,2.4404054431864117,0.944398931343927,RF
463,502,482,train,40,False,0.41754456120702416,0.6461768807432097,0.29945470690426496,0.5097305819746084,0.6115535588334045,2.09421721159096,1.19961230604669,1.118850012622667,2.4181132553976137,0.9464181976458478,RF
464,503,483,train,40,False,0.4172835299722687,0.6459748679107173,0.3026601533404309,0.509795395689892,0.6112850640179929,2.09421721159096,1.2005780343745713,1.1197157024363542,2.420115158169023,0.9462985239581811,RF
465,504,484,train,40,False,0.4089270397049997,0.6394740336440563,0.30741116445184935,0.5043196082408088,0.6034841949655124,2.09421721159096,1.1810002470702003,1.1020680142758181,2.4111186003865,0.9437196245898288,RF
466,505,485,train,40,False,0.4018754057559494,0.6339364366842699,0.31396792328923756,0.5017936772865946,0.5983971124275331,2.09421721159096,1.1651265063171272,1.0871539001637252,2.394295418309375,0.9439386629318531,RF
467,506,486,train,40,False,0.4005992816806785,0.6329291284817586,0.32801455151165165,0.49978964267866977,0.5971946997138583,2.09421721159096,1.1720336302217138,1.0917309453796378,2.4260445594989695,0.9435411846921654,RF
468,507,487,train,40,False,0.40144967256552694,0.6336005623147181,0.34121053188223865,0.49888939826703016,0.5978134866167174,2.09421721159096,1.173791201266911,1.0919788169303495,2.4330643577469915,0.9435179230787603,RF
469,508,488,train,40,False,0.4108220616833599,0.6409540246252924,0.3553567857744645,0.5079833291640239,0.6074042175408041,2.09421721159096,1.1903090202283093,1.1084325325764715,2.418637048179485,0.9476564530441917,RF
470,509,489,train,40,False,0.4076093950266402,0.6384429457881418,0.3796715845194523,0.5041799389865671,0.6046141110619733,2.09421721159096,1.193875955869538,1.1096985153708405,2.4425170346979916,0.947013535117993,RF
471,510,490,train,40,False,0.4048020417367292,0.6362405533575561,0.4122877100928372,0.5014730217909359,0.601208705397133,2.09421721159096,1.189663783766675,1.1051716087809265,2.449652741856336,0.9449393035769981,RF
472,511,491,train,40,False,0.39879842246728375,0.6315048871285825,0.4445188150534717,0.49738992775180113,0.5970543784845873,2.09421721159096,1.1860683464784116,1.101416566097431,2.457442569787676,0.9454469643130716,RF
473,512,492,train,40,False,0.3692954626157836,0.6076968509181067,0.4251309469518953,0.4794265637392736,0.575910794390133,1.8519465954560537,1.1500894208985468,1.065450401559732,2.4779466067204123,0.9476942220780783,RF
474,513,493,train,40,False,0.3645282932610071,0.6037617851942992,0.4123562833513023,0.47727389380518837,0.5712598462591084,1.8519465954560537,1.1328019308022417,1.0509736199162765,2.4492297630396958,0.9461676115775841,RF
475,514,494,train,40,False,0.3517527868061353,0.5930875034985439,0.41091580088788243,0.46831428485551363,0.5611689174670673,1.8519465954560537,1.116897954866228,1.0333486365596731,2.471045224583985,0.9461823325509422,RF
476,515,495,train,40,False,0.3465472835674254,0.5886826679692765,0.41232321188126836,0.4650235860556938,0.5555596502607406,1.8519465954560537,1.098777744440943,1.0171333840218977,2.4507014420501285,0.9437336624453422,RF
477,516,496,train,40,False,0.3467000796081101,0.5888124316011935,0.4139376379469649,0.4657236945326552,0.5557157374852746,1.8519465954560537,1.0920789996567517,1.0119467872163728,2.429046874742638,0.9437907687751819,RF
478,517,497,train,40,False,0.3609522892193259,0.6007930502421993,0.42799271960066293,0.4740460999440989,0.5651900505625282,1.861789252725877,1.1069590636028288,1.0266138335094914,2.4190891781033264,0.9407399941372185,RF
479,518,498,train,40,False,0.34354727487229814,0.5861290599111241,0.4412365268937981,0.46414025328718667,0.5546185905450781,1.861789252725877,1.0924596153563653,1.012849910137096,2.4294476713419613,0.9462397080758562,RF
480,519,499,train,40,False,0.3332427874364739,0.5772718488168931,0.4661268353706864,0.45539653621417653,0.5452918731259176,1.861789252725877,1.087585809517347,1.0045236235052528,2.4746346965625023,0.9446015326115109,RF
481,520,500,train,40,False,0.33581201787742837,0.5794928971759951,0.4825316068710074,0.45857880846164073,0.5482463402862112,1.861789252725877,1.090878634747884,1.0076731188323709,2.4616841500314877,0.946079482523331,RF
482,521,501,train,40,False,0.34213154606555535,0.584920119388584,0.4845606127217642,0.4663189374492488,0.5554549999116649,1.861789252725877,1.0972373578605097,1.0128417104680316,2.4300902255718864,0.9496253958442754,RF
483,522,502,train,40,False,0.3504316718127423,0.5919726951580979,0.49472200081160655,0.471220412608524,0.5624054744734044,1.861789252725877,1.1148140744842359,1.0290531157259744,2.4400102175727176,0.9500530667604575,RF
484,523,503,train,40,False,0.3593512477040085,0.5994591293024142,0.4830354607410575,0.4765305960811692,0.56965323572915,1.861789252725877,1.1339830602701249,1.0465977212495643,2.4532252802104657,0.9502786893779581,RF
485,524,504,train,40,False,0.36173960408461714,0.6014479230029954,0.47392617711855267,0.47967837326365387,0.5719711515951957,1.861789252725877,1.1304619252510584,1.0437076368709453,2.424151701047988,0.9509903180634096,RF
486,525,505,train,40,False,0.3871059412405176,0.6221783837779303,0.49901956946645915,0.497207029280998,0.5900161938185977,1.861789252725877,1.1550832337164054,1.0687269522561937,2.4070079158621516,0.9483071241336919,RF
487,526,506,train,40,False,0.3975868422517593,0.6305448772702537,0.5035686389202091,0.504019219450922,0.5990762902266933,1.861789252725877,1.1676269196681468,1.0830140300425044,2.3905084880734364,0.9500930256070054,RF
488,527,507,train,40,False,0.3822062206934739,0.6182282917284471,0.494117000704543,0.49471465223052435,0.5883481937916123,1.861789252725877,1.1529678800230962,1.0664901781862692,2.3996731437115892,0.951668180934755,RF
489,528,508,train,40,False,0.37558266083335395,0.61284799162056,0.49282159270598824,0.48905819948063745,0.5825031592827132,1.861789252725877,1.1442340465934184,1.0584628659328559,2.4044909523399287,0.9504855482064881,RF
490,529,509,train,40,False,0.3681890168671429,0.6067858080633914,0.48191766851806744,0.485304803568393,0.5776057447189068,1.861789252725877,1.1377928761424572,1.0517937879080204,2.407563517308779,0.9519104386478396,RF
491,530,510,train,40,False,0.37009961733392377,0.6083581324630449,0.4782287053996541,0.4879793604144972,0.5789594782559639,1.861789252725877,1.1368163548815942,1.0499475011302628,2.395584440697115,0.9516754151242207,RF
492,531,511,train,40,False,0.3654960171882969,0.6045626660556347,0.487892755578929,0.48589387847828436,0.5758306887419817,1.861789252725877,1.1308322273103482,1.0433320963731156,2.393557759014288,0.9524747740360651,RF
493,532,512,train,40,False,0.36843529410259995,0.6069887100289427,0.48641155469026154,0.4871515000332566,0.5786503397575327,1.861789252725877,1.1371845825585263,1.050746480277326,2.4021717165612375,0.9533131839139828,RF
494,533,513,train,40,False,0.3646780193669993,0.6038857668193541,0.48314865178097866,0.48289673841574715,0.5737613769222734,1.861789252725877,1.1332944604763924,1.0448383730583335,2.4217313860715834,0.9501157477915982,RF
495,534,514,train,40,False,0.36952930555234353,0.6078892214477434,0.4863300529538595,0.4871518424396708,0.5794081979416883,1.861789252725877,1.1480626853833829,1.05912945453479,2.4349154833035174,0.9531476747716879,RF
496,535,515,train,40,False,0.37393261570813496,0.6115002990253847,0.48617807641106864,0.49122374165977095,0.5850667543838971,1.861789252725877,1.1637535975913929,1.0730587829996243,2.4519125524033156,0.9567726382413587,RF
497,536,516,train,40,False,0.36430151424908136,0.6035739509364875,0.4847999402661846,0.4820295859973546,0.5757220179069648,1.861789252725877,1.148324540594824,1.059040400514179,2.4684777190388565,0.9538549783563249,RF
498,537,517,train,40,False,0.3722666042636812,0.6101365455893305,0.4867397838449596,0.4868146521789757,0.5794362965744353,2.0234709968808007,1.1526126506304426,1.0620450435571833,2.462065252161298,0.9496829861498596,RF
499,538,518,train,40,False,0.3755492036602647,0.6128206945430814,0.46609682059962376,0.4888267260725854,0.5818746900662808,2.0234709968808007,1.157586342936702,1.0674711044421055,2.464066172471389,0.9495023507653019,RF
500,539,519,train,40,False,0.36875254800285256,0.607249988063279,0.43870475920521707,0.48254836658966305,0.5748885821418394,2.0234709968808007,1.1454158698606711,1.055863969819142,2.4726274924574594,0.9467082642114973,RF
501,540,520,train,40,False,0.3590676521426828,0.5992225397485336,0.42719301901833534,0.4727470672320038,0.5640331356915975,2.0234709968808007,1.1237014990853904,1.0354993103603944,2.480780394985234,0.9412748991856957,RF
502,541,521,train,40,False,0.35695940785666597,0.5974608002678218,0.43187894401741317,0.4717567461012388,0.562591188069524,2.0234709968808007,1.1227315864924359,1.0340775333925736,2.482637320871639,0.9416369874263435,RF
503,542,522,train,40,False,0.3595798028809435,0.599649733495266,0.43019708320635036,0.47281565569844713,0.5653656813255225,2.0234709968808007,1.1382825070559777,1.047352593051258,2.5156807321950203,0.9428265364683696,RF
504,543,523,train,40,False,0.3895772835801288,0.6241612640817505,0.4375240284784394,0.48690164998116076,0.5832535226740488,2.5456680955371294,1.1750776238311975,1.0822765751545436,2.5143749592905698,0.9344596600881919,RF
505,544,524,train,40,False,0.39379090850397985,0.6275276157301604,0.43955877898233187,0.4917169959772242,0.5877421405049148,2.5456680955371294,1.1761970431750444,1.0845551127760125,2.490526999708387,0.9365996424253725,RF
506,545,525,train,40,False,0.4078049145088781,0.6385960495562731,0.4490713284057368,0.4989165151205587,0.5968102077885957,2.5456680955371294,1.1912294680236322,1.0996658822647247,2.4877242768307233,0.9345660816462735,RF
507,546,526,train,40,False,0.422461547932586,0.6499704208135829,0.457743708066866,0.5090872383234191,0.607097689617092,2.5456680955371294,1.2005097312863087,1.1126166472891819,2.4507663585831843,0.9340389503528082,RF
508,547,527,train,40,False,0.42318322069845093,0.6505253420878013,0.46768020206658034,0.5108877401618594,0.6076061331740656,2.5456680955371294,1.2033300653104262,1.1162586663625358,2.447771369589963,0.9340237710402021,RF
509,548,528,train,40,False,0.41832160079299385,0.6467778604691056,0.4638493966519732,0.5075149126306814,0.6035501295759588,2.5456680955371294,1.1944835125947386,1.1088702494027196,2.4446493752720935,0.9331644857760066,RF
510,549,529,train,40,False,0.41547542041453706,0.6445738285212463,0.46507968476370365,0.5045436932330934,0.600441209431477,2.5456680955371294,1.1847629260072787,1.1019995665814188,2.439332659019177,0.9315320958795109,RF
511,550,530,train,40,False,0.4205155192517715,0.6484716796065743,0.45404759063598493,0.5100074247629435,0.6059812089458771,2.5456680955371294,1.1898465518185284,1.1073997039307966,2.4213439089243587,0.9344759809919904,RF
512,551,531,train,40,False,0.4120365480995942,0.6419007307205642,0.43878812549519314,0.5021476697991942,0.5965982611919277,2.5456680955371294,1.1736564391594704,1.0910697435756869,2.4267110195239927,0.9294244929776255,RF
513,552,532,train,40,False,0.42286378866579055,0.6502797772234583,0.4282737300807624,0.5123058526020741,0.6075572468542874,2.5456680955371294,1.1872963308437836,1.1064925999081683,2.398459091295533,0.9343013086588882,RF
514,553,533,train,40,False,0.43263348893253967,0.6577488038244841,0.4197598057650456,0.5166892492719175,0.6158910224568738,2.5456680955371294,1.2166858977046207,1.1309122505414217,2.436513111434409,0.936362056267943,RF
515,554,534,train,40,False,0.45151687149993,0.6719500513430519,0.39827566080241794,0.5309233144383844,0.6293657630195078,2.5456680955371294,1.2261242173778548,1.143220936035199,2.392253722408704,0.9366258128287522,RF
516,555,535,train,40,False,0.4593652864503411,0.6777649197548816,0.3837694072026968,0.5377605543630246,0.6371102055476684,2.5456680955371294,1.23868878291716,1.1557952033563688,2.3784761613075998,0.9400164968379947,RF
517,556,536,train,40,False,0.4569479349745683,0.6759792415263713,0.37304123494901803,0.5350522635084785,0.6343462542984536,2.5456680955371294,1.236180602497294,1.1523657466390134,2.3901906229637957,0.9384108495197131,RF
518,557,537,train,40,False,0.45028394215920553,0.6710319978653816,0.35702998678063796,0.5326256367076212,0.6304922587629143,2.5456680955371294,1.2260562536994566,1.1426901786791803,2.3838265792067332,0.9395859821417932,RF
519,558,538,train,40,False,0.4487448013866121,0.6698841701269049,0.35557353777029554,0.5323119061441764,0.6291778557450145,2.5456680955371294,1.220599975244523,1.1370485430670487,2.374037516279683,0.9392338016075542,RF
520,559,539,train,40,False,0.45046149359683324,0.6711642821223678,0.3611454636991935,0.5348312921051288,0.631281836254648,2.5456680955371294,1.218319674129728,1.1370876175006406,2.342434552765357,0.9405772224028328,RF
521,560,540,train,40,False,0.4600106895536847,0.678240878710274,0.3649088146016908,0.5418420064578676,0.6387129356122837,2.5456680955371294,1.2328830936533763,1.1520108394807853,2.3407645707687905,0.9417199046256903,RF
522,561,541,train,40,False,0.45788046790142384,0.6766686544398401,0.37427583755388333,0.5394747550808885,0.6367524621738303,2.5456680955371294,1.232758765516932,1.1524223675178464,2.349842914638657,0.9410107265881062,RF
523,562,542,train,40,False,0.4492775365193813,0.6702816844576475,0.36945456928492937,0.5342040066184334,0.629466559986502,2.5456680955371294,1.2146351808730824,1.1351185816205551,2.340880734965083,0.9391075044752705,RF
524,563,543,train,40,False,0.44172172541649674,0.6646214903360383,0.3786795219105903,0.5299653374897181,0.6235886589731072,2.5456680955371294,1.2019102654294729,1.124344174603539,2.336930276863212,0.9382613533273133,RF
525,564,544,train,40,False,0.43644683354021635,0.6606412290647748,0.38994573583805187,0.5239871461741611,0.617625497665639,2.5456680955371294,1.1966230098107542,1.118036066056521,2.368436172717314,0.9348879096449516,RF
526,565,545,train,40,False,0.4122439138131838,0.6420622351557392,0.3714268750009515,0.5078362681501322,0.6011394113231251,2.5456680955371294,1.172767755664011,1.095136260175694,2.378359457795395,0.9362634623375912,RF
527,566,546,train,40,False,0.4009792930685666,0.6332292579063026,0.36806288083764077,0.5012463927801722,0.5910382027907507,2.5456680955371294,1.1534021035364588,1.0745901567275564,2.370886921887462,0.9333715955338963,RF
528,567,547,train,40,False,0.400066450675374,0.6325080637235971,0.37057039574453476,0.4985007872336311,0.5900939982974096,2.5456680955371294,1.1585282035226423,1.0790153815730066,2.405661950027754,0.9329430439566344,RF
529,568,548,train,40,False,0.40178738177346834,0.6338670063771015,0.3801242220925917,0.5001548634635606,0.5918675421316282,2.5456680955371294,1.1612509516712204,1.0818424280963927,2.4041277880997853,0.9337408891408888,RF
530,569,549,train,40,False,0.40366540313363064,0.635346679485799,0.3863787475632874,0.5006691399230837,0.5932396706063999,2.5456680955371294,1.1615300759857174,1.0822999730339002,2.4025744142390524,0.9337259322524872,RF
531,570,550,train,40,False,0.39482823183142257,0.6283535882219681,0.4036762659224606,0.4935291105256202,0.5856283202932875,2.5456680955371294,1.1501670691491133,1.0697245611319715,2.4116135365539577,0.9320044180067804,RF
532,571,551,train,40,False,0.38993381693805357,0.6244468087339814,0.3996116611508939,0.4903523678542938,0.5814817534351938,2.5456680955371294,1.1413554333816431,1.0607773089333212,2.40775450883545,0.9311950118123016,RF
533,572,552,train,40,False,0.3846744974188232,0.6202213293807487,0.4072719041067323,0.4850425125414485,0.5758185572861025,2.5456680955371294,1.1358797294679537,1.0545967655835686,2.4296164932528486,0.9284081827063583,RF
534,573,553,train,40,False,0.3914244697059157,0.6256392488534552,0.4168376015578959,0.49236139420948105,0.5834904007629956,2.5456680955371294,1.1491240934047187,1.0684001283462567,2.41627304577582,0.9326307482024162,RF
535,574,554,train,40,False,0.4014502017253312,0.6336009798961261,0.44007581023031656,0.49827271713424076,0.5907746356435428,2.5456680955371294,1.1584620841170659,1.0780164895583504,2.407332124705354,0.9324080208026125,RF
536,575,555,train,40,False,0.4079240094258406,0.638689290207563,0.4396111838265113,0.5037269001297286,0.5960930375694551,2.5456680955371294,1.1647768032349,1.0856112103641102,2.392321155831041,0.9333067685787171,RF
537,576,556,train,40,False,0.4081310700150974,0.6388513677022986,0.43414725864549963,0.5043518692120138,0.5964024383006722,2.5456680955371294,1.1639046928121468,1.0845873924314113,2.3830468858381026,0.9335542951808983,RF
538,577,557,train,40,False,0.37798449251927946,0.614804434368588,0.40138152497210805,0.48616059235342013,0.575979232602967,2.5456680955371294,1.1278510563474273,1.0505132932713404,2.384027290505993,0.9368495092175204,RF
539,578,558,train,40,False,0.3746134540917622,0.6120567409086859,0.3972167371969061,0.483160190555788,0.5734698515679426,2.5456680955371294,1.126742962234217,1.0476706173304338,2.3930622837836593,0.9369553723345069,RF
540,579,559,train,40,False,0.376038821863484,0.6132200435924156,0.3934480942935577,0.4843975469055956,0.5753265152547643,2.5456680955371294,1.1322205109240646,1.0524150362001268,2.3996029932179526,0.9382056592350434,RF
541,580,560,train,40,False,0.38646951593771733,0.6216667241679559,0.3971339950455146,0.49408175824464956,0.5867350155240073,2.5456680955371294,1.1550203945152213,1.0743894911727316,2.393820460877147,0.9438095891481059,RF
542,581,561,train,40,False,0.3974125019937174,0.6304066163943058,0.3957090225556398,0.5009830003751053,0.5932995545137107,2.5456680955371294,1.1585783711147422,1.0774996050970245,2.380722770694479,0.9411378927257555,RF
543,582,562,train,40,False,0.3980360355111837,0.6309009712396897,0.40292126168440345,0.5019350178442455,0.5938776694220461,2.5456680955371294,1.1541276181071711,1.074702323047345,2.364465562576558,0.9413167779011425,RF
544,583,563,train,40,False,0.37058520650003135,0.6087570997532853,0.4153336180200578,0.4902576593667426,0.578397405045782,1.9108866322441314,1.116401797245599,1.0394736876173414,2.350713120900522,0.9501283932133072,RF
545,584,564,train,40,False,0.3699930822137813,0.6082705666179988,0.41716457648216987,0.48898616596636346,0.5778574822782275,1.9108866322441314,1.1195338632336411,1.0420739188500907,2.3626510291707534,0.9500007299237428,RF
546,585,565,train,40,False,0.3578001822369574,0.598164009479806,0.4069377411191704,0.4840287991369868,0.5702564150735407,1.9108866322441314,1.1061147299188925,1.0296450697137491,2.3589299461651905,0.9533445778014377,RF
547,586,566,train,40,False,0.34132410378791256,0.5842294958215586,0.41784161521098284,0.4735852247643929,0.5580238403885287,1.9108866322441314,1.083197072148081,1.0065120597049921,2.3611565132043317,0.9551449291409383,RF
548,587,567,train,40,False,0.3437171881556381,0.5862739872752655,0.4102483009670623,0.47544822466506,0.5596156367944815,1.9108866322441314,1.076197563726732,1.0007266973521591,2.3444196201645005,0.9545291944391394,RF
549,588,568,train,40,False,0.36670992679940284,0.6055657906449164,0.4442424944826497,0.4885032212498649,0.5739123625480274,1.9108866322441314,1.0920352167204412,1.0165003803993895,2.333133992301849,0.9477291673573917,RF
550,589,569,train,40,False,0.3843089323355541,0.6199265539848685,0.45991161284944365,0.5001851828243479,0.5872130930079201,1.9108866322441314,1.1174326071646268,1.0393294279736836,2.3282009215737807,0.9472301020714998,RF
551,590,570,train,40,False,0.3847157396432889,0.6202545764791171,0.45287593921105945,0.4996880635773969,0.5875682065339726,1.9108866322441314,1.1243541934643422,1.0457600982776494,2.3442292172858905,0.9473016867836928,RF
552,591,571,train,40,False,0.3897658274651283,0.6243122836090351,0.44692731992177487,0.5056027485946537,0.5939973129247539,1.9108866322441314,1.1386350573585757,1.059331721982509,2.344106679004014,0.9514426169720129,RF
553,592,572,train,40,False,0.38328898979582365,0.6191033756940949,0.4460808381669512,0.5002496482139789,0.5886564942462265,1.9108866322441314,1.1337771920476019,1.0535374263084436,2.3576848851595273,0.9508210055974359,RF
554,593,573,train,40,False,0.37373670384840896,0.6113400885337137,0.45010782293929985,0.49636266168105114,0.5805787436331767,1.7938686575655947,1.1057446106412618,1.0290704410323381,2.320557378904778,0.9496821074267886,RF
555,594,574,train,40,False,0.3528362340691068,0.594000197027835,0.44546156855275204,0.4810424342869786,0.564434571706214,1.7938686575655947,1.0849291883614902,1.0082607162974428,2.3368724754525143,0.9502262365070637,RF
556,595,575,train,40,False,0.34860049999278175,0.5904240001835814,0.4523709018406232,0.4782292969657024,0.5608436461371236,1.7938686575655947,1.0804978404377832,1.002565822997545,2.342147081524525,0.9498998109201855,RF
557,596,576,train,40,False,0.37243308895319693,0.6102729626594946,0.4731733051275566,0.49341681082487965,0.5775043270578173,1.7938686575655947,1.1036387306601037,1.0262444271697582,2.3225354435380807,0.946304952690554,RF
558,597,577,train,40,False,0.3607290895390233,0.6006072673045367,0.46246611091137324,0.4839999378998849,0.567562901741461,1.7938686575655947,1.0855450224726053,1.0091132206129825,2.327373392355592,0.9449817420435562,RF
559,598,578,train,40,False,0.356245447156002,0.5968630053504757,0.46691946931208184,0.4792200127599534,0.5627125191905793,1.7938686575655947,1.0813914302220706,1.0036213687306925,2.3460871392407983,0.9427833759945579,RF
560,599,579,train,40,False,0.3659117184102064,0.604906371606554,0.43990834299507425,0.48655569173809693,0.5706511196115294,1.7938686575655947,1.0939620353628126,1.0164876554527438,2.337359545086443,0.9433709849938477,RF
561,600,580,train,40,False,0.3590624639252067,0.5992182106087954,0.4342219508956693,0.48016303267405414,0.5657035712693352,1.7938686575655947,1.085805779928391,1.0090500344548428,2.350196911738425,0.9440693911731923,RF
562,601,581,train,40,False,0.3561427997642702,0.5967770100835572,0.4315458029974711,0.47681425714630654,0.5623654436966156,1.7938686575655947,1.0809366446398,1.005506672455877,2.357269774647994,0.9423376473867122,RF
563,602,582,train,40,False,0.35841759859410194,0.5986798798975141,0.43392008176294394,0.4790252780997585,0.5646819657617976,1.7938686575655947,1.0842354993987473,1.009463181145653,2.352523960054289,0.9432118645083972,RF
564,603,583,train,40,False,0.35469709473354094,0.5955645176918626,0.43243701770735293,0.4750347641671636,0.5604614253764266,1.7938686575655947,1.0729882260074095,0.9992099652181234,2.3471625405371035,0.9410591274787833,RF
565,604,584,train,40,False,0.36959541955134856,0.6079435989887125,0.43765898912041107,0.48750350816844834,0.5733064307014226,1.7938686575655947,1.0896541844011949,1.015951902505233,2.312118864140462,0.9430256879998288,RF
566,605,585,train,40,False,0.3719015547366067,0.6098373182551283,0.4334130634081599,0.489059809231183,0.5758406283814519,1.7938686575655947,1.1011576510167334,1.0252733542965593,2.332274150108527,0.9442528542350473,RF
567,606,586,train,40,False,0.377283818049443,0.6142343348018271,0.4374382383026539,0.49452107945573004,0.5815656583725819,1.7938686575655947,1.1078325872367776,1.0321850092819989,2.3214071277586603,0.9468139851872898,RF
568,607,587,train,40,False,0.3793414524385828,0.6159070160653983,0.4428818151773974,0.4988605390082184,0.5836019743817309,1.7938686575655947,1.0978598888392193,1.023766786336978,2.2696539209391298,0.9475488331176322,RF
569,608,588,train,40,False,0.3908390168221839,0.6251711900129308,0.4419444119403926,0.5063487691853985,0.5919601669925586,1.7938686575655947,1.1158731974446514,1.0404743322946848,2.2736408510010713,0.9468769137943077,RF
570,609,589,train,40,False,0.38475786156530556,0.6202885308993755,0.42521095673153686,0.5021535927959967,0.5869960015294625,1.7938686575655947,1.110835720135215,1.0352206334544278,2.2841469891611075,0.946327349755055,RF
571,610,590,train,40,False,0.3895793035996826,0.6241628822668668,0.4121605746279809,0.5059741258377157,0.5916243051745743,1.7938686575655947,1.1203827911850908,1.0471149966505269,2.284818702742555,0.9478684522634265,RF
572,611,591,train,40,False,0.3965229108571342,0.6297006517839522,0.4051273953389199,0.5100247514971403,0.597229814380775,1.7938686575655947,1.1282565696839284,1.0563350544940466,2.283949405011025,0.9484344865910703,RF
573,612,592,train,40,False,0.40432053658368305,0.6358620421000793,0.40206175900840563,0.5167147584858551,0.6049445431703029,1.7938686575655947,1.147048959651141,1.0723587305519815,2.2815759735457837,0.9513770332513254,RF
574,613,593,train,40,False,0.3996406977338636,0.632171414834508,0.3946083822884437,0.5116749685142136,0.6002619228217485,1.7938686575655947,1.1426893311268074,1.067204286342319,2.3028611431149963,0.9495239878552355,RF
575,614,594,train,40,False,0.3901962254274111,0.6246568861602433,0.3903660177182271,0.5056580291906623,0.5935032331571476,1.7938686575655947,1.1305217627253072,1.0554620449114185,2.306033946143626,0.9501267756854541,RF
576,615,595,train,40,False,0.37929633942765006,0.6158703917446025,0.3987311443092826,0.4957734453752559,0.582484891020018,1.7938686575655947,1.1107304036829755,1.0353915253347954,2.3174570020921275,0.9457913529013597,RF
577,616,596,train,40,False,0.3810689113829726,0.6173077930683952,0.41591125119588385,0.49775841524655196,0.5847771197813606,1.7938686575655947,1.1174682698548373,1.0415728019895243,2.3227115871763786,0.9473023447098612,RF
578,617,597,train,40,False,0.40325809298352,0.6350260569327215,0.4312485828225204,0.5129297884141562,0.6014899015143229,1.7938686575655947,1.1445288224961438,1.0686640097325018,2.3184123405445267,0.9471893238832062,RF
579,618,598,train,40,False,0.3951228067973195,0.6285879467483604,0.42948123244046815,0.5049970346445921,0.5921193757948722,1.7938686575655947,1.1277963277469767,1.0523089640243635,2.325330641044201,0.9419833435525808,RF
580,619,599,train,40,False,0.4001840631781942,0.6326010300167035,0.43078776468434293,0.5078548334734645,0.5969992663100436,1.7938686575655947,1.141285020822697,1.0649444799671433,2.336776731463457,0.9437216159674607,RF
581,620,600,train,40,False,0.4039838386884881,0.6355972299251218,0.4037338631519213,0.5110968129557829,0.5995775480589225,1.7938686575655947,1.139369982798373,1.0644750545496298,2.3227139508987955,0.9433293913655938,RF
582,621,601,train,40,False,0.3924311181858017,0.6264432282224797,0.36385199014278624,0.5039364283259988,0.5925733442499002,1.7938686575655947,1.1301355735636682,1.0553507781898381,2.327486592898199,0.9459330351950894,RF
583,622,602,train,40,False,0.38753080556458885,0.6225197230326031,0.33623392124800966,0.4994100127980884,0.5869958615105743,1.7938686575655947,1.1210989229869974,1.0453544732998188,2.3343721289244206,0.9429353638002431,RF
584,623,603,train,40,False,0.38682043201381566,0.6219488982334607,0.3178604153184663,0.498604463254286,0.5863665986768745,1.7938686575655947,1.1231198347637186,1.0475526078726847,2.3424119522693503,0.942789030324434,RF
585,624,604,train,40,False,0.3869264647064734,0.6220341346794992,0.31046655557182745,0.4991281375157598,0.5864648665279039,1.7938686575655947,1.125164702531585,1.0486371112920803,2.344272654009943,0.9428178195238075,RF
586,625,605,train,40,False,0.3814150087428235,0.6175880574807316,0.3020439059939643,0.4939319808216679,0.5814524706082131,1.7938686575655947,1.1196260974257624,1.0419009509757058,2.3593548977620302,0.9414891748070341,RF
587,626,606,train,40,False,0.3827280594588812,0.6186501915128462,0.29743263667978176,0.49559025446773364,0.5828874986149856,1.7938686575655947,1.1200002619341365,1.0426378009165365,2.3511111274706695,0.9421923836952082,RF
588,627,607,train,40,False,0.38672290378564617,0.6218704879519901,0.3030277514707282,0.49676197102366243,0.5852894913915503,1.7938686575655947,1.1286231383878031,1.0503478306229868,2.3598923909111442,0.9411758601362286,RF
589,628,608,train,40,False,0.3586447288443178,0.5988695424249908,0.2856921118313604,0.47743782454465916,0.5644168978453223,1.7938686575655947,1.1030721079592125,1.0244254676903375,2.3862854201833663,0.9424705346674336,RF
590,629,609,train,40,False,0.3659151559882394,0.6049092130131921,0.28591344952911946,0.48022627830953474,0.5680510974210624,1.9307256806936772,1.1064935335374144,1.0286093046043392,2.3829056413777514,0.9390683514166845,RF
591,630,610,train,40,False,0.36149179445596336,0.6012418768315821,0.284108937320452,0.47674863946385804,0.563533104541308,1.9307256806936772,1.091691464214641,1.0153321136535753,2.365843595050749,0.9372818598581466,RF
592,631,611,train,40,False,0.36191381031981207,0.6015927279479133,0.2878634699528218,0.4768840379881955,0.5639317539370142,1.9307256806936772,1.0879111058477764,1.0128121210321273,2.3569272539209285,0.9373978901983007,RF
593,632,612,train,40,False,0.359323199449027,0.5994357342109553,0.2900519466417797,0.47464849639344403,0.5609929551581697,1.9307256806936772,1.0820612470344193,1.0075218538896897,2.355960382016071,0.9358683894556464,RF
594,633,613,train,40,False,0.3661474928295149,0.6051012252751724,0.2929098158262975,0.4792321143249721,0.5671620956333713,1.9307256806936772,1.0948989863742216,1.02044968615418,2.3619970176522527,0.9373011852280614,RF
595,634,614,train,40,False,0.37407621696002574,0.6116177049105312,0.3018406497910769,0.48605836637209193,0.5752995764238218,1.9307256806936772,1.1131282541186547,1.036731770586851,2.366577741025929,0.9406195599062618,RF
596,635,615,train,40,False,0.36988191308795354,0.6081791784400001,0.306510763140214,0.4811392210499251,0.5702764924182093,1.9307256806936772,1.1041722881238507,1.028664499180307,2.382510354073201,0.9376784221403097,RF
597,636,616,train,40,False,0.3444852678559709,0.5869286735677265,0.28667455895279226,0.4642480896305653,0.551284089170055,1.9307256806936772,1.0787478287254253,1.0019313029251122,2.412043660483788,0.9392693081750445,RF
598,637,617,train,40,False,0.34955283279848814,0.5912299322585826,0.28893318514510696,0.4692176881022486,0.5564269750779146,1.9307256806936772,1.0860347640877246,1.0085726794878593,2.404270533863185,0.9411346495132348,RF
599,638,618,train,40,False,0.35322483702143376,0.5943272137648029,0.28846090348591724,0.4735195429678905,0.5605317648420087,1.9307256806936772,1.0930205772566521,1.0155470197907752,2.3937671651774677,0.943136628880386,RF
600,639,619,train,40,False,0.3555132785181045,0.5962493425724715,0.28938683748587096,0.4739698991789109,0.5619686429733579,1.9307256806936772,1.0957416003983764,1.0178707758193708,2.396324409683359,0.9425061008013658,RF
601,640,620,train,40,False,0.34994060356142664,0.5915577770272542,0.28323933265933676,0.47107814919680757,0.5561176454061115,1.9307256806936772,1.079379579558872,1.0022339899714088,2.370628270122518,0.9400901602557921,RF
602,641,621,train,40,False,0.34975684408936214,0.5914024383525672,0.2777166659265304,0.471822117704005,0.555866285704744,1.9307256806936772,1.0753052597036015,0.9981743017503124,2.3531426464157668,0.9399120626779726,RF
603,642,622,train,40,False,0.344306508961412,0.5867763704865867,0.2714854628419139,0.4658484979699452,0.5490807484665516,1.9307256806936772,1.0643091806283855,0.9870035725482247,2.365243176744621,0.9357581117508603,RF
604,643,623,train,40,False,0.3497126469430562,0.5913650707837387,0.272473350745859,0.4702462570034796,0.5548184677541922,1.9307256806936772,1.0773722556826626,0.9975771809020868,2.372354776224655,0.938199591360526,RF
605,644,624,train,40,False,0.3367907088274663,0.5803367202129005,0.2685932755323234,0.46069066094700917,0.5446041518415686,1.9307256806936772,1.06297115678989,0.9844331896576058,2.3859160607177414,0.938427869326926,RF
606,645,625,train,40,False,0.33284254790518336,0.5769250799758868,0.27056546238954426,0.45731740449677033,0.5397799406956675,1.9307256806936772,1.04716057478006,0.9706523820151961,2.363887410333349,0.9356153154552201,RF
607,646,626,train,40,False,0.3303582597477752,0.574768005153188,0.2690367281940497,0.4534971628877143,0.5374729446364584,1.9307256806936772,1.0482327991119524,0.972111834482264,2.3852745920053526,0.9351128452134533,RF
608,647,627,train,40,False,0.33371406504823037,0.577679898428386,0.2732233771237798,0.45571397029452776,0.5402614083317314,1.9307256806936772,1.0541144559893891,0.9781119250433663,2.388805232383964,0.9352262555812415,RF
609,648,628,train,40,False,0.32258090092766445,0.5679620594086056,0.27257315653528313,0.44776238919338185,0.5322485889035636,1.9307256806936772,1.0423503304231252,0.9655105467327664,2.401339897408859,0.9371199714603669,RF
610,649,629,train,40,False,0.33228880910627445,0.576444974916318,0.2795850507425781,0.4535741948005283,0.5396002271701914,1.9307256806936772,1.0539534697634443,0.9770912950232702,2.3954045510273674,0.9360828017427417,RF
611,650,630,train,40,False,0.3243274982672082,0.569497584074953,0.2837453263885781,0.44550480778928137,0.5302772070717489,1.9307256806936772,1.0358942394173845,0.9595661993086176,2.403796241254107,0.9311316182896358,RF
612,651,631,train,40,False,0.3216686493165895,0.5671583987887242,0.29736839991968733,0.44403020081104777,0.5283591344581029,1.9307256806936772,1.0390433831677366,0.9613423830033803,2.4149639390706765,0.9315900735782376,RF
613,652,632,train,40,False,0.3145332340455139,0.5608326256963961,0.3056074406511508,0.43813439632804807,0.5215416538142646,1.9307256806936772,1.0236685639593426,0.9469717329633843,2.420826209278566,0.9299417150823863,RF
614,653,633,train,40,False,0.3183408947359966,0.5642170634924085,0.3206977386963363,0.44247899288171355,0.5254701508931567,1.9307256806936772,1.022778040518292,0.9479337876690366,2.392119051944908,0.931326230441499,RF
615,654,634,train,40,False,0.31628465611697376,0.5623919061623964,0.3272399395782481,0.4419138012023227,0.5235092079182092,1.9307256806936772,1.0207715740851993,0.9438490590078962,2.3905483291100227,0.9308619170757422,RF
616,655,635,train,40,False,0.31993368087614077,0.5656268035340447,0.3330206093592995,0.4463673742121147,0.528410163528058,1.9307256806936772,1.026104727585249,0.9514150272997786,2.3736928069234127,0.9342028352025462,RF
617,656,636,train,40,False,0.3185897602166372,0.5644375609548298,0.33542308267167015,0.44447383845218313,0.5267251782873665,1.9307256806936772,1.0227208178773826,0.9481949807658276,2.3793576326987784,0.9331859088121861,RF
618,657,637,train,40,False,0.3218858898355349,0.5673498830840938,0.3385131013091403,0.4420912964940199,0.5283250972414633,2.364547831960772,1.0402408225777946,0.9609987871698905,2.406913802553732,0.9312156624929695,RF
619,658,638,train,40,False,0.3272772088506997,0.5720814704661389,0.34177077564757236,0.4478599264215964,0.5353040227429714,2.364547831960772,1.056610658097335,0.9771600104939873,2.410672634386697,0.9357129191875402,RF
620,659,639,train,40,False,0.32770617312613126,0.5724562630683074,0.3436889580780052,0.450233320862535,0.5356482596270842,2.364547831960772,1.0457975931121681,0.9690607301910866,2.375898284025034,0.9357016320444533,RF
621,660,640,train,40,False,0.3167162381539733,0.5627754775698505,0.3466733281062515,0.4403297760480006,0.526603951185623,2.364547831960772,1.040259929550726,0.9612948358124882,2.4190488754758412,0.9357265413546063,RF
622,661,641,train,40,False,0.3095538322471175,0.5563756215427825,0.35952613377888293,0.4339565195395772,0.5201598416396097,2.364547831960772,1.0332292540711145,0.9549566315646839,2.4330472425143137,0.9349076801698293,RF
623,662,642,train,40,False,0.3116207011283568,0.5582299715425147,0.3808837611087404,0.4365098830557043,0.522866091054422,2.364547831960772,1.0342241319690555,0.9576017589655834,2.4173756040225873,0.9366499788781059,RF
624,663,643,train,40,False,0.3105341381081825,0.557255900020971,0.3973367607010035,0.4356561458121531,0.5218437653111682,2.364547831960772,1.0305239097360785,0.9539109144252954,2.413554152456107,0.9364526518095722,RF
625,664,644,train,40,False,0.30778272576827337,0.5547816919908888,0.40168362156606435,0.4321632554372101,0.5190055594759274,2.364547831960772,1.0298734900672297,0.9528312385547093,2.4359696013408514,0.9355131342085655,RF
626,665,645,train,40,False,0.3126201614432502,0.5591244597075415,0.41238158118285095,0.4366196485021467,0.5234909575429046,2.364547831960772,1.0329481706680363,0.9549146311303925,2.4192512163830466,0.9362691051232572,RF
627,666,646,train,40,False,0.3118566375441653,0.5584412570218692,0.419299499760204,0.4358434420338756,0.5226786182336595,2.364547831960772,1.0295163146619135,0.9518603873443727,2.414595344248863,0.9359598913251332,RF
628,667,647,train,40,False,0.3126744967945708,0.55917304727121,0.4090974409784948,0.43558570640987815,0.5231387047141801,2.364547831960772,1.0385166517893727,0.959832401941069,2.4276781724691725,0.9355577978357879,RF
629,668,648,train,40,False,0.321843835536247,0.5673128198236376,0.41431154826205485,0.4432627714539574,0.5331891513270584,2.364547831960772,1.064803479531083,0.9839251770370867,2.438750666694723,0.9398503483365891,RF
630,669,649,train,40,False,0.29646615728044823,0.5444870588732557,0.4099368131860277,0.4289963235567293,0.5155894488775302,2.364547831960772,1.0341297394567721,0.9541339394436417,2.439648909557154,0.9469269112556592,RF
631,670,650,train,40,False,0.2954532537720259,0.5435561183282053,0.4177659295782866,0.42754875255591485,0.5142277778513458,2.364547831960772,1.0336801924010721,0.9530506442443126,2.447241501099771,0.9460435831960393,RF
632,671,651,train,40,False,0.30230606326525916,0.549823665610402,0.42600077508112366,0.428415083643916,0.5195504800273707,2.364547831960772,1.0507353916122733,0.9684096015719839,2.478064089332077,0.9449401917805363,RF
633,672,652,train,40,False,0.31017477017409584,0.5569333624178892,0.4316972914064906,0.43499631456473875,0.5269688634823504,2.364547831960772,1.0632969063374504,0.9809191860393142,2.4720172538023366,0.9461973353410722,RF
634,673,653,train,40,False,0.303582493153293,0.5509832058722779,0.4349992270573356,0.42989569175148734,0.5210663781359298,2.364547831960772,1.0549132026546673,0.972494141611632,2.4811338816265964,0.9457028319239135,RF
635,674,654,train,40,False,0.29970144707611646,0.5474499493799561,0.42793563196966267,0.42715657155329173,0.5177401353821928,2.364547831960772,1.0448189040368305,0.9648026667412364,2.473631276460933,0.9457305384146755,RF
636,675,655,train,40,False,0.30553179306226586,0.5527493039907566,0.4308707009936143,0.4334252041110397,0.5242564254145995,2.364547831960772,1.0512857901955819,0.9725096458441893,2.4455657904426635,0.9484524387992108,RF
637,676,656,train,40,False,0.3105460887253261,0.5572666226550143,0.42983288248835494,0.43920632661869685,0.5303593541256525,2.364547831960772,1.0577296548178925,0.9793672490992129,2.4209157525446385,0.9517156286856621,RF
638,677,657,train,40,False,0.3040320305911694,0.5513909961099922,0.42210587662804755,0.4329315263075902,0.5231398914456437,2.364547831960772,1.04841927286405,0.9684143073120287,2.432226052557668,0.9487639354584002,RF
639,678,658,train,40,False,0.30818115888054926,0.5551406658501512,0.420786620053422,0.435490286667631,0.5266051049226528,2.364547831960772,1.0542161666052945,0.9733753467427615,2.431930368632006,0.9485976029448345,RF
640,679,659,train,40,False,0.2965375079670116,0.5445525759437849,0.4191697542718074,0.4281746973160092,0.517570067319415,2.364547831960772,1.0365296289947117,0.9568389618849334,2.428972841000865,0.9504501313255098,RF
641,680,660,train,40,False,0.30349353464940676,0.5509024729018801,0.4185693434306348,0.4339944484450278,0.5245444559083787,2.364547831960772,1.0499730116077426,0.968640167333173,2.4356063805740136,0.952154839939889,RF
642,681,661,train,40,False,0.3058603050078662,0.5530463859459406,0.4193433996471857,0.4350262542622474,0.5273807487027563,2.364547831960772,1.0644869720231487,0.980889361526654,2.469636215477637,0.9535922521231465,RF
643,682,662,train,40,False,0.3092690884234381,0.5561196709553062,0.4241659207824255,0.4393868095949765,0.5321090143377201,2.364547831960772,1.071390355075336,0.9878701812061716,2.4564320447391514,0.9568246586632325,RF
644,683,663,train,40,False,0.30899351827371885,0.5558718541837847,0.4259970141289321,0.44045670382225577,0.5318719106736532,2.364547831960772,1.063936903358061,0.9824286317617883,2.436909212142946,0.9568246830101305,RF
645,684,664,train,40,False,0.3179492165827688,0.5638698578420103,0.4234479582282919,0.44717793759440905,0.5395644274032605,2.364547831960772,1.082380003511733,0.9988574648263754,2.4389094935809146,0.9568953188386958,RF
646,685,665,train,40,False,0.32284211219389053,0.568191967730881,0.418552177519389,0.4518064766472413,0.5452905750826729,2.364547831960772,1.0935082563602836,1.0088962649364404,2.442854246007614,0.959694268928745,RF
647,686,666,train,40,False,0.32400215726216186,0.5692118737888044,0.41505439543180567,0.45198382983325286,0.5464172304417044,2.364547831960772,1.103291651080496,1.0145388370889215,2.466871572276848,0.959954026968247,RF
648,687,667,train,40,False,0.3195227111590201,0.5652633998049229,0.4175718988406785,0.4472690976903818,0.5425576929397565,2.364547831960772,1.1017337364431625,1.0128017193679943,2.4843025828659746,0.959831634468104,RF
649,688,668,train,40,False,0.3265867774097363,0.5714777138347009,0.408062757015188,0.45329773441983845,0.5480411715160712,2.364547831960772,1.103423955740442,1.0154151737300556,2.463017435201116,0.9589895778063383,RF
650,689,669,train,40,False,0.32905851040267714,0.5736362178268359,0.4122425181751752,0.4558867881586943,0.5495180240673178,2.364547831960772,1.1048876004127668,1.0153961754919194,2.456613921862157,0.9579555944865413,RF
651,690,670,train,40,False,0.33024569896803324,0.5746700783649983,0.42162602475278965,0.4578029899171684,0.5516190189877412,2.364547831960772,1.1080133451813552,1.0185208591297852,2.448421693241319,0.9598881858564136,RF
652,691,671,train,40,False,0.3416593046334328,0.5845162997157844,0.42241806046006064,0.46451553524460876,0.5587721451411882,2.364547831960772,1.113873809511435,1.0245720687529485,2.4352096545560844,0.95595648130409,RF
653,692,672,train,40,False,0.34224462097530217,0.5850167698239959,0.419953552421093,0.46568551969355754,0.5595009761664176,2.364547831960772,1.113683455724039,1.0240017285569396,2.423981035403945,0.9563845090026141,RF
654,693,673,train,40,False,0.3411192624309138,0.584054160528725,0.4139591065846782,0.4633646515859837,0.5584636730621104,2.364547831960772,1.116727779874882,1.025794746722284,2.442591533122614,0.9561847356014922,RF
655,694,674,train,40,False,0.33842189392765326,0.581740400804047,0.40860277362035885,0.4600850502785292,0.5552602287724773,2.364547831960772,1.115269691309051,1.0245424045097113,2.463877389876339,0.9544811190782514,RF
656,695,675,train,40,False,0.3469804212691213,0.5890504403437122,0.41464625077748807,0.4650834852887044,0.5622698116687556,2.364547831960772,1.1345811482512087,1.042535950032137,2.479003713383354,0.9545359330190295,RF
657,696,676,train,40,False,0.3500622324032823,0.5916605719526039,0.42657622539929935,0.46826770105080373,0.5658055544923921,2.364547831960772,1.1393702567745188,1.0481395395728972,2.4684886785201137,0.9563009287996244,RF
658,697,677,train,40,False,0.3277505425601087,0.572495015314639,0.4132073712819258,0.45853604689667016,0.5513871620944946,1.959157850122726,1.1042861800852488,1.015652990225732,2.4532527973153915,0.9631300663665278,RF
659,698,678,train,40,False,0.33334343491973073,0.5773590173537871,0.4172461936755017,0.4616774774775127,0.5559228085431365,1.959157850122726,1.1132269728590507,1.0239827301983382,2.4540306852972753,0.9628719597921942,RF
660,699,679,train,40,False,0.3308813931146834,0.5752229073278319,0.4075057770247016,0.45980927234606295,0.553829537655141,1.959157850122726,1.1136394982233937,1.0238213776140248,2.4628911150527153,0.9628085575171672,RF
661,700,680,train,40,False,0.33137821430487346,0.5756545963552046,0.40272907670508673,0.4618693461910901,0.5543966629136527,1.959157850122726,1.10790419629333,1.0196463741656125,2.429101140854903,0.9630717211742114,RF
662,701,681,train,40,True,0.34447597952975173,0.5869207608610822,0.41039359847106877,0.46989553335688117,0.5647330162863768,1.959157850122726,1.1325340726426707,1.0426033237854742,2.43642992473731,0.9621963541685706,RF
663,702,682,train,40,True,0.3519330173804155,0.5932394266907886,0.4083399521693671,0.4745290854940728,0.5713040699787896,1.959157850122726,1.1561761276557507,1.0624170036891043,2.461641079728603,0.9630244455693734,RF
664,703,683,train,40,True,0.350154388230175,0.5917384457935575,0.4009904653791455,0.4725889440413097,0.5694254980696666,1.959157850122726,1.1533893930801422,1.0599968356938139,2.4662504371362495,0.9622925502263624,RF
665,704,684,train,40,True,0.35541146190456946,0.5961639555563297,0.3990146761760756,0.4756924612542037,0.5744076654495093,1.959157850122726,1.1679488055952494,1.073730795896554,2.4763954343337335,0.9635061967365708,RF
666,705,685,train,40,True,0.3524173534033673,0.5936474992816589,0.39087672593269723,0.47386534301605854,0.5718134119314044,1.959157850122726,1.1636180963558005,1.0706940032111536,2.4751997609133225,0.9632204508960709,RF
667,706,686,train,40,True,0.3508610840618628,0.5923352801090467,0.38883290866536885,0.47196499031528233,0.5699443605465089,1.959157850122726,1.1681777421976238,1.072452416664276,2.5002126508711937,0.9621989094446379,RF
668,707,687,train,40,True,0.36045610370946635,0.600379966112683,0.3927286242269514,0.47661398402018984,0.5747684339101891,2.148751772705272,1.1729175902621873,1.0787510467195074,2.4917790578736727,0.9573411278721999,RF
669,708,688,train,40,True,0.3636384961269153,0.6030244573206922,0.38938044209755907,0.47920570517616784,0.5770335557196825,2.148751772705272,1.1680517713511045,1.0749146870449278,2.4710984525943407,0.9568990920923999,RF
670,709,689,train,40,True,0.36471409138130445,0.6039156326684253,0.38364840779315745,0.4794548816990266,0.578391192896427,2.148751772705272,1.177087548919084,1.082904903625146,2.4968932440274307,0.9577350901495669,RF
671,710,690,train,40,True,0.38462770173363114,0.6201836032447416,0.40245442777485796,0.4919574305911403,0.5936923283126909,2.148751772705272,1.203991319176726,1.1087500676440414,2.4968659166706386,0.9572847866447115,RF
672,711,691,train,40,True,0.39677510945405875,0.6299008727205089,0.43037471060063626,0.5014269304341437,0.6005388768272331,2.148751772705272,1.210213503596759,1.1144228928074775,2.4682869400068745,0.9533863228884525,RF
673,712,692,train,40,True,0.393897760058371,0.6276127468896493,0.43925135692551753,0.49812385488148525,0.5982671088436137,2.148751772705272,1.2132929300299733,1.1164973774101992,2.4914022743887867,0.953242444180001,RF
674,713,693,train,40,True,0.41822557215179296,0.6467036200237269,0.45294063918501276,0.5132515639105774,0.6142650580495228,2.148751772705272,1.2328529408301927,1.137291053994306,2.4700803462483893,0.949840141650956,RF
675,714,694,train,40,True,0.43208932364880387,0.6573350162959554,0.4505823724542346,0.5206038862306555,0.6240052569376459,2.148751772705272,1.2511862268654612,1.155111249011549,2.473166518050642,0.9492956277514002,RF
676,715,695,train,40,True,0.4438943464502551,0.6662539654292912,0.45107296151818305,0.5277900412609048,0.6320063365181785,2.148751772705272,1.268027686636741,1.1682322286633136,2.47512843860009,0.9485967353469398,RF
677,716,696,train,40,True,0.4773634951585807,0.6909149695574562,0.45214804505461803,0.5447133490190271,0.6505310698671074,2.2879972121494236,1.3007689446794446,1.200643561011654,2.4725614376402616,0.94155011619416,RF
678,717,697,train,40,True,0.5018286619948615,0.7083986603564842,0.4530238325789663,0.561158285786152,0.668755042469475,2.2879972121494236,1.3372794922755016,1.2357737047107005,2.468988559336128,0.944037700654234,RF
679,718,698,train,40,True,0.5093165351627231,0.7136641613271071,0.4449673876334247,0.564836405059248,0.673644159154664,2.2879972121494236,1.348315372236871,1.2473787503846911,2.4725143463441017,0.9439232003775794,RF
680,719,699,train,40,True,0.5151012543694959,0.7177055485151943,0.432613457788275,0.5690533160508129,0.678755377514425,2.2879972121494236,1.359545414700794,1.2572300342767493,2.476443880139896,0.9457295947044714,RF
681,720,700,train,40,True,0.5170332663644859,0.7190502530174688,0.4212938314124811,0.5681760122225403,0.6802033771463462,2.2879972121494236,1.3670130764290456,1.2651890227282112,2.4936788012376363,0.9459747413924088,RF
682,721,701,test,40,True,0.5142103945666442,0.717084649512625,0.4215674160312187,0.5661125408414526,0.6767105846915241,2.2879972121494236,1.352016864536497,1.2524374296768765,2.4639205859160733,0.9436969333417727,RF
683,722,702,test,40,True,0.5480668872913481,0.7403153971729537,0.42795526462799555,0.5831915538716068,0.6965728889439821,2.2879972121494236,1.385224795369782,1.285071755297534,2.459395296535572,0.9409136857128578,RF
684,723,703,test,40,True,0.5585780632085637,0.747380802006958,0.43227351560175803,0.5885854721146649,0.7038524362650559,2.2879972121494236,1.4081344745130384,1.3041639073877773,2.4780799704447873,0.9417587853139733,RF
685,724,704,test,40,True,0.5941807989004959,0.7708312389236025,0.4673290080750164,0.6013702126170604,0.7205047676888883,2.8838504363332564,1.438904118928292,1.3326771822741308,2.4754880577551157,0.9347114274909374,RF
686,725,705,test,40,True,0.6099914965175534,0.7810195237748884,0.4760194274901958,0.608554081803306,0.7310170568126718,2.8838504363332564,1.4670980611807785,1.3595301832530828,2.4923571852866115,0.9359779551725668,RF
687,726,706,test,40,True,0.6110012185043419,0.7816656692629796,0.4814519223267732,0.611439256199328,0.7319258531478487,2.8838504363332564,1.4619517169253915,1.3562022332399355,2.461093371981699,0.9363668917914358,RF
688,727,707,test,40,True,0.6341092684008449,0.7963097816810019,0.49877808708269356,0.624571774506105,0.7464754930919842,2.8838504363332564,1.482059861030472,1.377532542283443,2.4469152777531287,0.9374184648544466,RF
689,728,708,test,40,True,0.628043695188774,0.7924920789438681,0.5156747893285204,0.6193472075440393,0.7418955878713751,2.8838504363332564,1.4787316966601025,1.3755268579108548,2.4600968686395213,0.9361552090969522,RF
690,729,709,test,40,True,0.620334244456061,0.7876130042451439,0.5207892539494162,0.6131190853401444,0.7368611606457688,2.8838504363332564,1.4822565387548552,1.376848826361124,2.494071327085616,0.9355624610997679,RF
691,730,710,test,40,True,0.6407139926561846,0.8004461210201375,0.5315821786312398,0.6258665373863332,0.7527333784967387,2.8838504363332564,1.5198063779105895,1.4113251343586295,2.502313431243249,0.9403923121488916,RF
692,731,711,test,40,True,0.6582071140289557,0.8112996450319424,0.5396160206343329,0.6321408820467526,0.7606854521324269,2.8838504363332564,1.530642384431275,1.4232624230241029,2.500958480739553,0.9376134413352014,RF
693,732,712,test,40,True,0.6643907505044951,0.8151016810830997,0.5278665568428339,0.6360547306923164,0.7664939592511153,2.8838504363332564,1.5413590464271727,1.434620321338621,2.5013467224434955,0.9403660635720995,RF
694,733,713,test,40,True,0.6675526926642339,0.8170389786688478,0.530055092595373,0.6393294866556455,0.7692361222668952,2.8838504363332564,1.5432103050339534,1.4372751123680891,2.488418907825462,0.941492563206917,RF
695,734,714,test,40,True,0.6774601244834162,0.8230796586500095,0.5378581334695939,0.6483093378272978,0.7784044388216568,2.8838504363332564,1.5528624342835455,1.4466404140757345,2.459373390709422,0.9457218759340649,RF
696,735,715,test,40,True,0.6706553177271054,0.8189354783663395,0.5362477719264901,0.644535508240828,0.7731311385788271,2.8838504363332564,1.5447293627839405,1.4359741207935142,2.4635033994572124,0.9440684388483381,RF
697,736,716,test,40,True,0.6809831702779936,0.8252170443453005,0.5373639359919005,0.6512942952021222,0.7809265526870757,2.8838504363332564,1.564552256664923,1.452533631799621,2.468261967945337,0.9463286756354342,RF
698,737,717,test,40,True,0.6858750815600873,0.8281757552356186,0.532466105024695,0.6558444016971248,0.7852100046909567,2.8838504363332564,1.5669320548566383,1.4572063071791204,2.454109259106331,0.9481200092214266,RF
699,738,718,test,40,True,0.6888167680274788,0.8299498587429718,0.54380292438011,0.6572902711812454,0.7871799031042269,2.8838504363332564,1.5771830657328216,1.4653150974389688,2.464385752073897,0.9484668197865308,RF
700,739,719,test,40,True,0.6879450215927778,0.829424512293179,0.5550823220001978,0.6564639311644627,0.7863571345418621,2.8838504363332564,1.5737332888446707,1.4625102077639736,2.4609144169186377,0.9480755908307497,RF
701,740,720,test,40,False,0.7118539403716261,0.843714371319836,0.5781860534539942,0.6695601842042945,0.8020290072808244,2.8838504363332564,1.6015319889102373,1.4876107414488584,2.458685637670663,0.9505930378146783,RF
702,741,721,test,40,False,0.6996398418829723,0.8364447631989649,0.583202633804639,0.6631044997950217,0.7926819019899863,2.8838504363332564,1.5757592779119114,1.4631339526401328,2.439495026088371,0.9476799148797245,RF
703,742,722,test,40,False,0.6919002586873972,0.8318054211697572,0.5996049903844778,0.6578950293673791,0.7857818594940894,2.8838504363332564,1.5573874304769186,1.4472962302150194,2.432675111326014,0.9446702792451802,RF
704,743,723,test,40,False,0.7014161070637346,0.8375058847934947,0.6241305159692865,0.6646794903994883,0.7937703474320312,2.8838504363332564,1.5742923559902078,1.4626678768778532,2.433108321140376,0.9477788297902556,RF
705,744,724,test,40,False,0.6961064780286479,0.8343299575279842,0.6476065962863228,0.6623047900967481,0.7887265985776871,2.8838504363332564,1.5538267370548713,1.4453218409825044,2.4000558440700104,0.9453413382333601,RF
706,745,725,test,40,False,0.7059742979628142,0.8402227668677005,0.6829598518864505,0.667910939682662,0.7960685202241711,2.8838504363332564,1.5662410137643403,1.4593454581377199,2.4016700416414722,0.9474493570221457,RF
707,746,726,test,40,False,0.7146352225654035,0.8453610013274823,0.7046486623508519,0.6726247843928729,0.8040955437916548,2.8838504363332564,1.5830414807644728,1.4758998796433178,2.408298913072713,0.9511859933554685,RF
708,747,727,test,40,False,0.6899343467883337,0.8306228667622471,0.7168260961768759,0.6584160436078438,0.788062594304199,2.8838504363332564,1.556072222538884,1.4483622822539037,2.42652903376126,0.9487610151837653,RF
709,748,728,test,40,False,0.6929383349072112,0.8324291771119098,0.7767433389755285,0.6601309583677457,0.789973532352551,2.8838504363332564,1.5596876868126268,1.4521402824410574,2.4260873667134413,0.9489978896383023,RF
710,749,729,test,40,False,0.6932409006597643,0.8326108939112942,0.8283710005082665,0.6612762726019492,0.7903250981414265,2.8838504363332564,1.5555566742716254,1.448957761041933,2.405170983434124,0.9492130164533099,RF
711,750,730,test,40,False,0.6739873604176748,0.820967332125752,0.8361831930094722,0.6497722529496558,0.7759334261744046,2.8838504363332564,1.5311588778324043,1.4241933940722713,2.406264647949483,0.945145313109183,RF
712,751,731,test,40,False,0.677989982804341,0.8234014712182272,0.8501244188052433,0.651966954482161,0.77781834644106,2.8838504363332564,1.5312111605186605,1.4253684624026657,2.401408888038678,0.9446404623133273,RF
713,752,732,test,40,False,0.6930197233405962,0.8324780617773637,0.8766898612367026,0.6617167347450543,0.7874474710756252,2.8838504363332564,1.5467669806001276,1.4404135571521537,2.3836148528158483,0.9459077749080894,RF
714,753,733,test,40,False,0.6865627280699954,0.8285908085840654,0.8651586675235532,0.6567982204331936,0.7842723076112076,2.8838504363332564,1.5493515692767896,1.4405808173974677,2.3984625113701887,0.9465134050321032,RF
715,754,734,test,40,False,0.6768746470169379,0.8227239190742772,0.840960922665664,0.651845563751132,0.7780834532538659,2.8838504363332564,1.541385490996006,1.4312221719455043,2.4049720573472984,0.9457406490981318,RF
716,755,735,test,40,False,0.6793145739741965,0.8242054197675459,0.8342552473650816,0.653518265725688,0.7794035626721206,2.8838504363332564,1.5414986476810149,1.4334896066668132,2.4007615373547764,0.9456423653364704,RF
717,756,736,test,40,False,0.6479572800249456,0.8049579368047411,0.8093877866917806,0.637588443057524,0.762731579912768,2.8838504363332564,1.512406804876226,1.404592422574243,2.406415207239589,0.9475421572217928,RF
718,757,737,test,40,False,0.6322761310504547,0.7951579283704934,0.8010952633020667,0.6272917526637652,0.75352439885458,2.8838504363332564,1.4973416945861167,1.3918914664146607,2.4227142840448375,0.947641181669115,RF
719,758,738,test,40,False,0.6666263577591541,0.8164718964907207,0.8093344859386024,0.6397330119383524,0.7683338413178431,2.8838504363332564,1.5201562725693532,1.414360956712509,2.416269700942917,0.9410413813631799,RF
720,759,739,test,40,False,0.7281422294843397,0.8533125040009315,0.8242434654701786,0.6629371529403664,0.794255967015925,2.8908849121149567,1.5602406057889198,1.4544521975632683,2.407371212679447,0.9307914313828665,RF
721,760,740,test,40,False,0.7237531336447592,0.8507368180846291,0.8330845952100218,0.6609606104585097,0.7907501608151755,2.8908849121149567,1.5579786365263515,1.4513609638180092,2.4138126042996273,0.9294885844901962,RF
722,761,741,test,40,False,0.7546754447634829,0.8687205792218133,0.8273650903170406,0.6778590090091846,0.8114264992701727,2.8908849121149567,1.599690241751425,1.4895751441979939,2.424570529471437,0.9340477463962419,RF
723,762,742,test,40,False,0.7352001912087223,0.8574381559090558,0.805621985094969,0.6685427767205291,0.8023003540250733,2.8908849121149567,1.59358266726517,1.482962591087081,2.443144658248362,0.9356947186173148,RF
724,763,743,test,40,False,0.7290847752491809,0.8538646117793973,0.7886643982790614,0.6655680650607799,0.7984306354990979,2.8908849121149567,1.5859800432803983,1.4767271394624077,2.4426466197374754,0.9350787285061755,RF
725,764,744,test,40,False,0.6864803279279,0.8285410840313835,0.7644184344627977,0.647467108201959,0.7761651939789305,2.8908849121149567,1.5368534050226201,1.4320101758150172,2.434768977679788,0.9367854038117087,RF
726,765,745,test,40,False,0.6748786319433455,0.8215099706901587,0.7816902670771386,0.6435024038235183,0.7690990258961966,2.8908849121149567,1.5127203900958335,1.4102707482898125,2.4129294091234144,0.936201693632603,RF
727,766,746,test,40,False,0.7000569895405929,0.836694083605587,0.7856417191148707,0.6554631202731517,0.7836557307741986,2.8908849121149567,1.543996202004553,1.4415116584745307,2.415378619242501,0.9366096236717382,RF
728,767,747,test,40,False,0.6781032166986689,0.8234702281799074,0.7639725012276087,0.643693182886456,0.7702051930451062,2.8908849121149567,1.524606036941846,1.4206583080768156,2.423639403345436,0.9353163802259962,RF
729,768,748,test,40,False,0.6916886810205304,0.8316782316620596,0.7691273123235803,0.6498840907785886,0.7792453127516439,2.8908849121149567,1.5510054773192012,1.4431908697662292,2.440303692394566,0.9369552828073525,RF
730,769,749,test,40,False,0.7034358352259008,0.8387108174012666,0.7661847620083487,0.6555516987545114,0.7864965580468326,2.8908849121149567,1.5521623567073402,1.4475309577528825,2.414437824763683,0.9377446215416427,RF
731,770,750,test,40,False,0.7033239885067657,0.8386441369894418,0.7520718967828798,0.655519425879415,0.7864381994733016,2.8908849121149567,1.5414824590361598,1.4389113698134057,2.400777540535986,0.9377495945973596,RF
732,771,751,test,40,False,0.6719154410980431,0.8197044840050853,0.7359189226920599,0.6409355271856143,0.7692956747349232,2.8908849121149567,1.516037823657848,1.4136369807372193,2.4055455982738065,0.9385036799800531,RF
733,772,752,test,40,False,0.6824833820003496,0.8261255243607655,0.7416546529938112,0.6479731180767521,0.7760408892916506,2.8908849121149567,1.5233665078036736,1.4223506332557592,2.3905813784787076,0.9393740616985911,RF
734,773,753,test,40,False,0.6838249519344831,0.8269370906752721,0.7395891175574496,0.6488440390027552,0.7770697601035822,2.8908849121149567,1.528108626398837,1.4261323946023154,2.395583522968736,0.9396963431269378,RF
735,774,754,test,40,False,0.6855209194125856,0.8279619069815867,0.7334707273543775,0.6501159661503199,0.7782058636497876,2.8908849121149567,1.5285588589521326,1.4282808074159217,2.392571255872268,0.9399053955112628,RF
736,775,755,test,40,False,0.6876929453235094,0.829272539834468,0.7407655943400423,0.6527161630679437,0.7800868394207849,2.8908849121149567,1.523897100810046,1.4252425469507912,2.37097426009372,0.9406881356236623,RF
737,776,756,test,40,False,0.6894936027067505,0.8303575149938432,0.7548605867665482,0.6541811863703624,0.7811589380982497,2.8908849121149567,1.5215456271034085,1.4253880435773865,2.3626023278104844,0.9407501274966381,RF
738,777,757,test,40,False,0.693824074629069,0.8329610282774753,0.7668193453875007,0.6549650266063203,0.7841784413038545,2.8908849121149567,1.5319878125091417,1.4336834043127378,2.3771542438841755,0.941434730656606,RF
739,778,758,test,40,False,0.6830630443119612,0.8264762817600764,0.7759306154737347,0.6489054963006802,0.7753507367374126,2.8908849121149567,1.5033200533242874,1.4084044993974638,2.3512530136778063,0.9381403360858874,RF
740,779,759,test,40,False,0.6925844536141914,0.8322165905665372,0.7897128810741729,0.6556828527276867,0.7825857513863925,2.8908849121149567,1.511136663529477,1.4139301610105872,2.3410876811025902,0.9403630740570095,RF
741,780,760,test,40,False,0.6871359342794431,0.8289366286269675,0.8161800862094809,0.6514588076387954,0.7799226705636263,2.8908849121149567,1.5112429285725937,1.4154436767641472,2.3536271055999207,0.9408712845220426,RF
742,781,761,test,40,False,0.702007167873113,0.8378586801323437,0.8565395233130277,0.660775353436095,0.7907954308273841,2.8908849121149567,1.5380522264290488,1.4407264248856566,2.364235221684173,0.9438291320231645,RF
743,782,762,test,40,False,0.727385957149223,0.8528692497383307,0.8788310214397655,0.674298168442926,0.8075414568524554,2.8908849121149567,1.5725988696700786,1.47349368174841,2.3606027209426155,0.9468525886004422,RF
744,783,763,test,40,False,0.7370934531153719,0.8585414684890718,0.8818387944803517,0.6783398914324347,0.813137873473843,2.8908849121149567,1.5858931944650436,1.4849198125332468,2.364835158011082,0.9471154315992056,RF
745,784,764,test,40,False,0.7612985937546076,0.8725242654245254,0.9024773637929979,0.6906770680322367,0.829301476626448,2.8908849121149567,1.614092105120149,1.5115375431096916,2.3647964727674675,0.9504623647606553,RF
746,785,765,test,40,False,0.7648428198683372,0.8745529257102381,0.8961936780407631,0.6921302964196946,0.8313619148885657,2.8908849121149567,1.6253700443848078,1.5194926534289412,2.3757576056104037,0.9506136111927174,RF
747,786,766,test,40,False,0.7712351569818116,0.8781999527338928,0.9246743725320138,0.6975574962884262,0.8354501786499554,2.8908849121149567,1.6245320435150865,1.5196829015550157,2.351420532728985,0.9513211382546143,RF
748,787,767,test,40,False,0.787379258787015,0.8873439348905333,0.9116078995343738,0.708623055390842,0.8472298778946215,2.8908849121149567,1.6404355928553607,1.535963384619514,2.3285161884721965,0.95479311299867,RF
749,788,768,test,40,False,0.7806123173466641,0.8835226750608408,0.8651896464611745,0.7050762725500384,0.8426060053149123,2.8908849121149567,1.6346625990657853,1.5293218460351372,2.3326370707932895,0.9536891684832979,RF
750,789,769,test,40,False,0.7891703620419885,0.8883526113216467,0.8419614969141457,0.710855361918963,0.8499342530527964,2.8908849121149567,1.6533333680155153,1.5462560857431513,2.340548385651704,0.9567532556563396,RF
751,790,770,test,40,False,0.8169013500820845,0.9038259512107873,0.8646782941962134,0.7277156399840046,0.8684079538178355,2.8908849121149567,1.691148196116416,1.5829811876293711,2.3413277058788715,0.9608132546476399,RF
752,791,771,test,40,False,0.8046792570053419,0.8970391613554795,0.8738355685514015,0.7229180738595907,0.8621335078247206,2.8908849121149567,1.678763709310298,1.5697503444739334,2.3374428236161617,0.9610879267767817,RF
753,792,772,test,40,False,0.8023112442687619,0.8957182839870814,0.8468983029800744,0.720819582811681,0.8608846029872346,2.8908849121149567,1.6745861824564887,1.5657046062407325,2.3386166036200726,0.961110896559136,RF
754,793,773,test,40,False,0.7931908628924308,0.8906126334677893,0.8037392731997757,0.7174987214695239,0.8554905658220691,2.8908849121149567,1.6616213867200087,1.5534534450998567,2.3308057340870016,0.960564148400899,RF
755,794,774,test,40,False,0.8168275676589275,0.9037851335682212,0.7887876434680771,0.7279335518358158,0.8683820502883689,2.8908849121149567,1.6873953500128003,1.578238267285787,2.3297061058120656,0.9608279866918391,RF
756,795,775,test,40,False,0.8011502347277301,0.8950699608006796,0.7610879682750984,0.7168900963416123,0.8577627805760105,2.8908849121149567,1.6727707503559621,1.5643498652439598,2.349042655034176,0.9583192578697467,RF
757,796,776,test,40,False,0.8023488429637485,0.8957392717547604,0.7225843568920097,0.7168000261374985,0.858719948014266,2.8908849121149567,1.6759127859782772,1.5679076784338046,2.3557246722105027,0.9586717643093026,RF
758,797,777,test,40,False,0.800928590041923,0.8949461380674946,0.6902824353436956,0.71716472886725,0.857619698401012,2.8908849121149567,1.6652846801784111,1.5580372077451403,2.333647330058942,0.9582919707915791,RF
759,798,778,test,40,False,0.776802183713118,0.881363820288261,0.6919509984686298,0.7090232892103442,0.8480854063361043,2.8908849121149567,1.6479191438689127,1.540811519535569,2.3342845352309967,0.9622421374849803,RF
760,799,779,test,40,False,0.7409094518571784,0.8607609725453277,0.6700543627975716,0.6981386004868388,0.8357847961391787,2.4647398485082124,1.6296885491410484,1.5228633425867966,2.337048785624277,0.9709836096166247,RF
761,800,780,test,40,False,0.7465853877075237,0.8640517274489553,0.6580311611415403,0.7019214603529299,0.8401916100648258,2.4647398485082124,1.6335988766476823,1.5271274027722814,2.325502409412946,0.9723857766541656,RF
762,801,781,test,40,False,0.7271197734495708,0.8527131835790805,0.638027537306687,0.6922300376242053,0.830033545243222,2.4647398485082124,1.6223467774163964,1.5162960796050593,2.344188776467744,0.9734029697527772,RF
763,802,782,test,40,False,0.723227933779244,0.8504280885408501,0.6402115847847388,0.6926550596500654,0.8277115577267906,2.4647398485082124,1.6058068228527673,1.500482943265632,2.3193940663774213,0.9732881226288796,RF
764,803,783,test,40,False,0.7398719896617489,0.8601581189884503,0.6400997231405167,0.7003094103268438,0.8369778712778532,2.4647398485082124,1.6263206201357245,1.5217928043314362,2.3214479138605486,0.973051178383508,RF
765,804,784,test,40,False,0.736326380037201,0.8580946218437691,0.628138624117401,0.6971604536775214,0.8328428591818557,2.4647398485082124,1.6224389020077357,1.5169145701779738,2.3322231919405003,0.9705722865298289,RF
766,805,785,test,40,False,0.753527840024859,0.868059813621653,0.6175421084538001,0.7032796912572288,0.8426612915604332,2.606778178954076,1.6586021408604465,1.548584136778737,2.3611436967939397,0.9707410461091915,RF
767,806,786,test,40,False,0.7248929401836056,0.8514064482863667,0.6037381968585502,0.6879822058487159,0.8246842782169935,2.606778178954076,1.6186306311596268,1.5111941498621952,2.356959137642095,0.9686140854075547,RF
768,807,787,test,40,False,0.733934268282199,0.8566996371437302,0.6109422402353941,0.6934985298041594,0.8313319643358696,2.606778178954076,1.6306044213884818,1.5238515938542911,2.3558901923016977,0.970389070208507,RF
769,808,788,test,40,False,0.7811678993121498,0.8838370321004602,0.6362281969541707,0.7108964262060684,0.8495475978714817,2.8745076041838997,1.648750928276467,1.5427531442715865,2.331645586914571,0.9612038950806476,RF
770,809,789,test,40,False,0.77187024463931,0.8785614632109184,0.6343305411710396,0.708895514830065,0.8440460489494471,2.8745076041838997,1.6377250417346836,1.5309608584731644,2.3222917605002644,0.960713717017218,RF
771,810,790,test,40,False,0.780139495099787,0.8832550566511278,0.6335416892884163,0.7141403861839651,0.8480336998298179,2.8745076041838997,1.639430671400709,1.5333689010646956,2.3121666328014507,0.9601232321784242,RF
772,811,791,test,40,False,0.7799334126089605,0.8831383881413832,0.6330641773414551,0.7145044677911881,0.8478528089560087,2.8745076041838997,1.636654761999477,1.5301129264693234,2.3051182542959574,0.9600452435776966,RF
773,812,792,test,40,False,0.7751340676279048,0.8804169850859903,0.6418405345297359,0.7125243651003531,0.8450710127309335,2.8745076041838997,1.6303310041411934,1.5232290954006444,2.3020520541506584,0.9598531457777311,RF
774,813,793,test,40,False,0.7739393960535528,0.8797382542856442,0.6512319039223796,0.7121491328475413,0.8441580466629126,2.8745076041838997,1.6283021546817327,1.5198845291405059,2.299999415127986,0.9595559162632719,RF
775,814,794,test,40,False,0.7733542351841868,0.8794056147104059,0.6588088230948299,0.7111194994853477,0.8437737972262205,2.8745076041838997,1.6290241083917423,1.5210911400993972,2.3040535381389917,0.9594819308767784,RF
776,815,795,test,40,False,0.7694174827105945,0.8771644559092636,0.6603151213187259,0.7073387062315033,0.8401448318553001,2.8745076041838997,1.6258281044254244,1.5169897664426957,2.3144039734560087,0.9577962561016119,RF
777,816,796,test,40,False,0.8059896641828688,0.8977692711286507,0.6791661571038617,0.7232861585379227,0.8557339253173482,2.8745076041838997,1.634889037586874,1.5278434066138764,2.294330541070342,0.9531780077987556,RF
778,817,797,test,40,False,0.8140856169149927,0.9022669321852557,0.6945765532433283,0.7263873255921436,0.8603842099526766,2.8745076041838997,1.6501856555262215,1.542763797172619,2.304981565385933,0.953580563868011,RF
779,818,798,test,40,False,0.846535787797497,0.9200737947564299,0.7217369742604205,0.7426601213307882,0.8800302581634056,2.8745076041838997,1.6972581513724556,1.5847163762905239,2.3173825103243955,0.9564779077273634,RF
780,819,799,test,40,False,0.8497594327309612,0.9218239705773338,0.7404443003918516,0.7444766554011946,0.881946724831573,2.8745076041838997,1.7080393817083173,1.5958317076946829,2.3270252430352323,0.9567409320883837,RF
781,820,800,test,40,False,0.8482874173842809,0.921025199103847,0.7744975954740139,0.7449696890520301,0.8811754595660377,2.8745076041838997,1.7060363647175947,1.593498222039819,2.3226764463712373,0.9567332798531649,RF
782,821,801,test,40,False,0.8390927486661471,0.9160200590959496,0.7876524662637402,0.7391533821050353,0.8753119699133723,2.8745076041838997,1.6914421509551503,1.57930087407609,2.3215302859953058,0.9555598277806783,RF
783,822,802,test,40,False,0.8410344672950565,0.9170793135247662,0.8144058525377557,0.7393983568023819,0.8761864868164689,2.8745076041838997,1.6840720311299564,1.5742856205068114,2.312637400282539,0.9554097163623427,RF
784,823,803,test,40,False,0.852082280620324,0.9230830301876013,0.8101752736544157,0.7448630772463739,0.8812946533542683,2.8745076041838997,1.6942207460906373,1.5853016355970184,2.3083731307684716,0.954729557941456,RF
785,824,804,test,40,False,0.8454512583659314,0.9194842349741138,0.7908413401033377,0.7431709363571558,0.8779993085854378,2.8745076041838997,1.6895193948820861,1.58140598254489,2.307314383725019,0.9548823951398755,RF
786,825,805,test,40,False,0.8515122237895459,0.9227741997853787,0.8087424875101431,0.7457436737230999,0.881142510043054,2.8745076041838997,1.6933648171001032,1.5869354543056438,2.3042417312879984,0.9548842070443587,RF
787,826,806,test,40,False,0.8579387126951872,0.9262498111714718,0.8148893179879281,0.7488837970306023,0.8845884407223299,2.8745076041838997,1.703420510135698,1.5969574374018243,2.3081597728747427,0.9550214532336037,RF
788,827,807,test,40,False,0.8469244929686408,0.9202850063804369,0.8153565028680411,0.7423031178393648,0.8775240291755354,2.8745076041838997,1.6947999808113117,1.5874212983829634,2.3187357926536882,0.9535350713002657,RF
789,828,808,test,40,False,0.8463911301258282,0.9199951794035816,0.8277745492559431,0.7407795117618546,0.8771012668111376,2.8745076041838997,1.694366463457842,1.5878552710032288,2.325401620141099,0.9533759376649654,RF
790,829,809,test,40,False,0.8427742529363883,0.9180273704723559,0.8419737630153574,0.7382580888641186,0.8744302183837857,2.8745076041838997,1.6868883173136422,1.5800710858258902,2.3241627432550778,0.9525099648541654,RF
791,830,810,test,40,False,0.8630090201084843,0.9289827878429634,0.8403886810789933,0.7404295674228214,0.8823448175769414,2.890621338420479,1.7030318797673978,1.596015061366004,2.3344914223139304,0.9497967337217169,RF
792,831,811,test,40,False,0.8612997620696479,0.9280623697088725,0.8225013385677515,0.7370723302108989,0.8813124341893047,2.890621338420479,1.709422491914804,1.6022114516678836,2.3540621042904633,0.9496262998636257,RF
793,832,812,test,40,False,0.851365215906647,0.9226945409541811,0.8050176969501374,0.7319332490210801,0.8750929935998016,2.890621338420479,1.6996074840922817,1.5933637394141562,2.359213478407926,0.9484102861330971,RF
794,833,813,test,40,False,0.8574475025620106,0.925984612486628,0.7941334227363172,0.7347421544097805,0.8788363971316325,2.890621338420479,1.7122911002875962,1.6056938455621392,2.3682845095509144,0.9490831546019062,RF
795,834,814,test,40,False,0.8367070499395128,0.9147169233918835,0.7840369910444052,0.7259142404261618,0.8680128222107125,2.890621338420479,1.6893521132941955,1.5835188622148848,2.3672180305877943,0.9489414703206908,RF
796,835,815,test,40,False,0.8539076820340133,0.9240712537645641,0.7824932525430659,0.7366872351626023,0.8794203005786112,2.890621338420479,1.7085057711355642,1.6031232339679498,2.35393325226418,0.9516801837476819,RF
797,836,816,test,40,False,0.8751169402711099,0.9354768518093378,0.8075647384819079,0.7452749273669732,0.8914038003703478,2.890621338420479,1.7404818908926138,1.6331009447592622,2.366400115342631,0.9528870742726057,RF
798,837,817,test,40,False,0.890525166100012,0.9436764096341563,0.8283905385349829,0.754994751030788,0.9008805104961105,2.890621338420479,1.754555630723419,1.64785227783395,2.36005567205624,0.9546498156559441,RF
799,838,818,test,40,False,0.8741349986938023,0.9349518697204697,0.8132587024499142,0.7468661006921804,0.8916777487023697,2.890621338420479,1.7402179270159877,1.6352386272176056,2.366812711127179,0.9537151350571255,RF
800,839,819,test,40,False,0.8705710002927634,0.9330439433878575,0.810290006525839,0.7467379521685845,0.8901712041051301,2.890621338420479,1.7350097856804063,1.6295483567981122,2.36209354168487,0.9540506751192687,RF
801,840,820,test,40,False,0.8844504307992278,0.9404522480164678,0.8157611830488473,0.7537858981663283,0.8979829701897397,2.890621338420479,1.7433998387236294,1.6389945957531082,2.3523512929204538,0.954841643564252,RF
802,841,821,test,40,False,0.8780644828387254,0.9370509499694909,0.8148742802048407,0.7512103738999704,0.8931297666650998,2.890621338420479,1.7239425907424502,1.6218273764296938,2.3279816119387235,0.9531282868814965,RF
803,842,822,test,40,False,0.8700635329162049,0.9327719619050547,0.8001827609224574,0.7435828956509638,0.8871824762132461,2.890621338420479,1.7243812737219357,1.6211575491136117,2.362521110454989,0.9511247254916426,RF
804,843,823,test,40,False,0.8470689732995451,0.920363500634149,0.7873120267334925,0.7312561022577178,0.8726970194572694,2.890621338420479,1.690861979273683,1.5870220872405423,2.356639515723037,0.9482090704987363,RF
805,844,824,test,40,False,0.8726594886785364,0.9341624530447241,0.8033504006882961,0.7469639924812407,0.8907782417641841,2.890621338420479,1.7231911818332626,1.6196041652935427,2.346500251657564,0.9535581727362971,RF
806,845,825,test,40,False,0.8625249351538337,0.9287222055888583,0.8152346076593507,0.7426783898629896,0.8855413331376998,2.890621338420479,1.7040088641462354,1.6040860750021395,2.3377736277042955,0.9535050716012765,RF
807,846,826,test,40,False,0.861677760112328,0.9282659964214611,0.8216493493716046,0.7410922231451907,0.8845244455266382,2.890621338420479,1.7024613052638675,1.6022016784966742,2.344872277588054,0.9528782147967825,RF
808,847,827,test,40,False,0.8515573742099306,0.9227986639619341,0.8114028580856041,0.7344285905426384,0.8768521894706108,2.890621338420479,1.6932356841823482,1.590070936066148,2.358848860771636,0.9502096434621424,RF
809,848,828,test,40,False,0.7946471905162384,0.8914298573170176,0.7954484281849031,0.714335133336012,0.8526869431949695,2.890621338420479,1.6554446734264983,1.5525953986518317,2.364071549948625,0.9565384603129015,RF
810,849,829,test,40,False,0.8135369088621942,0.9019628090238501,0.7963322090668153,0.7216205749170181,0.8627706414670528,2.890621338420479,1.6790733410163257,1.5760194924669138,2.372851657750168,0.9565479117712037,RF
811,850,830,test,40,False,0.7981219380865813,0.8933767055876156,0.7901146614365228,0.714321784913672,0.8547019798935329,2.890621338420479,1.6729811660888736,1.567983879553551,2.383246897772591,0.9567094984095824,RF
812,851,831,test,40,False,0.8004757769353334,0.8946931188599437,0.7875722903203909,0.7161319116935744,0.8566475408780203,2.890621338420479,1.6805352353828469,1.5740374085553153,2.3906845447396723,0.9574763936595345,RF
813,852,832,test,40,False,0.7915612339752466,0.8896972709721249,0.7832968995841778,0.7082562461942814,0.8500433357391547,2.890621338420479,1.6752242051957762,1.56803592946242,2.4172633980734863,0.9554298562817413,RF
814,853,833,test,40,False,0.7991030006828048,0.8939256124996111,0.7733400854213011,0.7101416331971198,0.8551516385892146,2.890621338420479,1.6908287613315707,1.5822223742711454,2.435158491084209,0.9566250554092796,RF
815,854,834,test,40,False,0.7954578546626866,0.8918844401954138,0.7710880070883038,0.707971317236309,0.8525546754771737,2.890621338420479,1.6864522414386933,1.5767810304182333,2.4352896151909205,0.955902622642881,RF
816,855,835,test,40,False,0.7927456752687064,0.8903626650240375,0.7639871425731527,0.704497146751254,0.8491849490102663,2.890621338420479,1.6805878417958102,1.5721487365296696,2.4441670319791884,0.9537517489992018,RF
817,856,836,test,40,False,0.7649388126728089,0.8746078050605363,0.7824402199185334,0.6913124692565344,0.8381937805212474,2.890621338420479,1.6806753903293647,1.5687455887924746,2.467492888168061,0.9583653103384225,RF
818,857,837,test,40,False,0.7609140331474397,0.8723038651453057,0.778074103677518,0.6897124451785629,0.8360057445057076,2.890621338420479,1.6779339661267294,1.5653441677095923,2.470043953225324,0.958388215288314,RF
819,858,838,test,40,False,0.739278648076985,0.8598131471877974,0.7816957502477841,0.6812094134072201,0.8252215642757287,2.890621338420479,1.6521564032960927,1.5408133695086361,2.464788515746455,0.9597684880427709,RF
820,859,839,test,40,False,0.7608695036977586,0.8722783407248851,0.8180634642667065,0.6915598174504126,0.8352229308242709,2.890621338420479,1.6582589307404956,1.547102604304694,2.450888668476536,0.9575188237852839,RF
821,860,840,test,40,False,0.7518525355413765,0.8670943060252307,0.8134339366701049,0.6873741202021758,0.8297926975998507,2.890621338420479,1.6499153794217225,1.5392871386716873,2.4545513410259323,0.9569809094971792,RF
822,861,841,test,40,False,0.7450592404753691,0.8631681414854055,0.8119612151776667,0.6819770751956795,0.8235175909235275,2.890621338420479,1.6374345072030274,1.5276241974622224,2.4551828827690363,0.9540639318619378,RF
823,862,842,test,40,False,0.7263853467365123,0.8522824336665119,0.7888945583998892,0.6754966155928185,0.8134344233405806,2.890621338420479,1.616581917833645,1.5062730889867524,2.4458584348822896,0.954418853667079,RF
824,863,843,test,40,False,0.7058015687501438,0.8401199728313473,0.7802263698363837,0.6678877876177887,0.8028430425284221,2.890621338420479,1.5881395011575807,1.4787952503541981,2.431998430792008,0.9556290392938813,RF
825,864,844,test,40,False,0.7131817590147858,0.8445008934363455,0.788982136679692,0.669643460375047,0.8064855554637763,2.890621338420479,1.6047148402704194,1.4922765405324538,2.4467618866639325,0.9549848457615225,RF
826,865,845,test,40,False,0.6987731727151056,0.8359265354773143,0.7666940061791566,0.6617112403449422,0.798101945926861,2.890621338420479,1.59249319896437,1.47861686357751,2.459325781924104,0.9547512993724317,RF
827,866,846,test,40,False,0.6903484415356415,0.8308720969774117,0.7575257177597192,0.6563261623046245,0.7934662469335368,2.890621338420479,1.5877429696932641,1.4738496308042877,2.4712359416466247,0.9549800141562682,RF
828,867,847,test,40,False,0.7056320979000923,0.8400191056756342,0.7664686303866457,0.6637833109285631,0.8027426092314313,2.890621338420479,1.6036192361210169,1.4888840052148862,2.467156376162649,0.9556242278391738,RF
829,868,848,test,40,False,0.7138972898371261,0.844924428476965,0.7634749091509442,0.6704587790372258,0.8083664943839978,2.890621338420479,1.6064532593829064,1.491455638352346,2.4471195291732655,0.9567323030784357,RF
830,869,849,test,40,False,0.7111269598150867,0.8432834397846828,0.7622484651807648,0.6686983464846985,0.805959573695235,2.890621338420479,1.6005505600052008,1.4876935020902429,2.444345871731555,0.9557398327435699,RF
831,870,850,test,40,False,0.672492351008944,0.8200563096574186,0.7520186083289697,0.6572761186113161,0.7880454615378316,2.5290497151324534,1.5611324675814349,1.450638622867849,2.4298322373645074,0.9609650608834903,RF
832,871,851,test,40,False,0.7071908231350366,0.8409463854105306,0.7915186811451504,0.6710601057411243,0.8035686073731764,3.040637948300673,1.596058718355366,1.4834914867195945,2.4292345784209224,0.9555527216885447,RF
833,872,852,test,40,False,0.708874120873116,0.8419466259051793,0.7830127283810423,0.6730457302178047,0.8047737471646921,3.040637948300673,1.59619976184918,1.480690540221126,2.4210245186113575,0.955848889232708,RF
834,873,853,test,40,False,0.7030315175700365,0.8384697475580359,0.7785408471335667,0.6691699167900858,0.8011921239096204,3.040637948300673,1.5851943779522764,1.4697077162951422,2.418497047524891,0.9555408841440217,RF
835,874,854,test,40,False,0.6958400487683007,0.8341702756441881,0.7723739258949425,0.6635552576373139,0.7954567039827969,3.040637948300673,1.5784085586559948,1.4622841263572437,2.437672190696533,0.9535903246714291,RF
836,875,855,test,40,False,0.6924623679825774,0.8321432376595855,0.7680807046560939,0.6618030829558466,0.7936721736473831,3.040637948300673,1.5746252879351237,1.4590422895121162,2.437951472359811,0.9537686995806121,RF
837,876,856,test,40,False,0.670327459043967,0.8187352801998745,0.7633093566924303,0.6533603640683777,0.7809547139583823,3.040637948300673,1.5467585904162284,1.4320372293771668,2.432888723740542,0.9538549673439394,RF
838,877,857,test,40,False,0.6612117838737238,0.8131492998667119,0.7609292741132876,0.6468310838709754,0.775898053212955,3.040637948300673,1.5440847789768892,1.4287440137124565,2.446636367086278,0.9541889211982806,RF
839,878,858,test,40,False,0.6607552010929055,0.812868501722699,0.7450444149379931,0.6474248605208313,0.775571887284334,3.040637948300673,1.542845643745242,1.4269969660387987,2.441955772975734,0.9541172842110096,RF
840,879,859,test,40,False,0.656556693683567,0.810281860640831,0.7329439242798171,0.6460950913656983,0.7736892411494376,3.040637948300673,1.5362284374741177,1.4208379619698683,2.437795250808656,0.9548396412793282,RF
841,880,860,test,40,False,0.6541222223429002,0.808778228158313,0.6933173932632751,0.6441615020953495,0.7724967526663249,3.040637948300673,1.5407298419233448,1.4244070011774403,2.4482079553962874,0.9551403904941834,RF
842,881,861,test,40,False,0.6552905224037936,0.8095001682543331,0.6842344363184234,0.6449995622077688,0.7735022497598077,3.040637948300673,1.5481605834240306,1.4303241802820428,2.459362807555799,0.9555306843577883,RF
843,882,862,test,40,False,0.6546359495679315,0.8090957604436767,0.6657164575795933,0.6463522996450786,0.7728979809324443,3.040637948300673,1.5398328576670663,1.4219397793962656,2.432139661415261,0.9552614396454346,RF
844,883,863,test,40,False,0.6555844103241105,0.8096816722169957,0.6650167499243229,0.6472307642328518,0.7738061781506004,3.040637948300673,1.5446105841345128,1.4277240380672236,2.4381325979699593,0.9556918536044364,RF
845,884,864,test,40,False,0.6589220176741881,0.8117401170782359,0.67242687178216,0.6479958635588046,0.7753237815179267,3.040637948300673,1.5459436413881786,1.4285438324192874,2.437727201238438,0.9551379378767363,RF
846,885,865,test,40,False,0.6599550565288371,0.8123761791983054,0.6635068694471415,0.6512880098062686,0.7759143049300812,3.040637948300673,1.532144975465196,1.4156181654668063,2.4088099511622523,0.9551170071182951,RF
847,886,866,test,40,False,0.6626854770832405,0.8140549594979694,0.6549415730074135,0.6544939107400576,0.778907648476115,3.040637948300673,1.5375793415990646,1.4204884733807124,2.401916958960361,0.9568244003531042,RF
848,887,867,test,40,False,0.6673544705721348,0.8169176645000001,0.6495310671748258,0.6573636769672853,0.7828927790723831,3.040637948300673,1.5436072418319,1.4281275092693568,2.398041481535821,0.9583496759756784,RF
849,888,868,test,40,False,0.6715793846702635,0.8194994720378186,0.6373354146108936,0.6598831058746077,0.7857074735446661,3.040637948300673,1.5464197818599419,1.4313480412040134,2.3940125400086636,0.958765075944316,RF
850,889,869,test,40,False,0.6533465359423143,0.8082985438204836,0.6321950628891437,0.6520297330303787,0.7760653364664675,3.040637948300673,1.5258932695659013,1.4114179839492889,2.3921254661474594,0.9601221509052046,RF
851,890,870,test,40,False,0.6557128741048878,0.8097609981376528,0.6533349009513065,0.653483000696564,0.7775036135056721,3.040637948300673,1.5247848449556993,1.4107235426257791,2.3863213105288756,0.9601643142777084,RF
852,891,871,test,40,False,0.7056022094242332,0.8400013151324427,0.6993793097872963,0.6728928369735291,0.8002189306744842,3.040637948300673,1.5587639863207077,1.446680650570141,2.381151992029772,0.9526400926507049,RF
853,892,872,test,40,False,0.7257325325358724,0.8518993676109123,0.6942824139751418,0.6873021265337982,0.8128669393251677,3.040637948300673,1.575468281030691,1.4616318473128536,2.3529532872568035,0.9541818790226266,RF
854,893,873,test,40,False,0.7158672910529471,0.8460894107911687,0.6791978818955451,0.6829700733039454,0.8058130328912473,3.040637948300673,1.559317342463412,1.4469299213162048,2.3460569370835374,0.9523970192910706,RF
855,894,874,test,40,False,0.7181914122247737,0.8474617467619253,0.6766858456450683,0.6826273096103159,0.8075123104980598,3.040637948300673,1.5758521989927907,1.4610157443471146,2.376992595535235,0.9528598943651336,RF
856,895,875,test,40,False,0.7340546282437488,0.8567698805652243,0.6730870784167748,0.6947895376236708,0.8207404461425938,3.040637948300673,1.5997555098366392,1.4851341772007096,2.3647912825292328,0.9579473610826966,RF
857,896,876,test,40,False,0.7216540266488767,0.8495022228628226,0.6467732661947854,0.6900996597497338,0.8139169623671197,3.040637948300673,1.5863252601030402,1.472764893561171,2.3617836132037087,0.958110456290767,RF
858,897,877,test,40,False,0.7165082260045955,0.8464680891826907,0.6289596490420832,0.689819072022819,0.8107508676987347,3.040637948300673,1.5714993705718,1.4593468684697524,2.3408679267482624,0.9578044087657896,RF
859,898,878,test,40,False,0.73632036075375,0.8580911144824598,0.611627958567795,0.6986081328216093,0.8207776598424703,3.040637948300673,1.5801592242944613,1.4696127021116479,2.328812531080355,0.9565157428969598,RF
860,899,879,test,40,False,0.7197927623655119,0.8484060126882128,0.5960773932183565,0.6882346138608169,0.8134879732711153,3.040637948300673,1.5825311152412025,1.4715904707490255,2.3536819799289477,0.9588427723343708,RF
861,900,880,test,40,False,0.7334139975257172,0.8563959350240502,0.5885169473190343,0.6961366061200482,0.8212540291375461,3.040637948300673,1.5845323344373865,1.4757512100219714,2.3328525804710765,0.9589653518316652,RF
862,901,881,test,40,False,0.7392323368111527,0.8597862157601462,0.5904711144334206,0.7015963761766071,0.8267812801977532,3.040637948300673,1.5937213672818646,1.484727855612737,2.3261129548959993,0.9616126253743055,RF
863,902,882,test,40,False,0.7400860214917742,0.8602825242278109,0.5880460793716384,0.7015107880320438,0.8273612840754131,3.040637948300673,1.597956625327237,1.4878030405467022,2.3329970703245966,0.9617320598463303,RF
864,903,883,test,40,False,0.7551867016040325,0.869014787908717,0.5888126637116862,0.7079990313663095,0.835537739822614,3.040637948300673,1.6149814385072792,1.503204839852463,2.3378138136473625,0.9614770098830361,RF
865,904,884,test,40,False,0.7983314641356922,0.8934939642413329,0.6279950536325438,0.7207010032244654,0.8510000457165088,3.638556898357434,1.6452893849311472,1.5326451164137709,2.333633009964983,0.9524407324218404,RF
866,905,885,test,40,False,0.8170211565031092,0.9038922261548161,0.6338533919821266,0.7294818085359911,0.8613895689954404,3.638556898357434,1.6599912819668496,1.5484919854354857,2.321572903642546,0.9529781804406225,RF
867,906,886,test,40,False,0.8142861758953245,0.9023780670513466,0.6304703743970425,0.72915560243054,0.8596384961452955,3.638556898357434,1.6513634934594588,1.540697703384644,2.309219380707357,0.952636735680302,RF
868,907,887,test,40,False,0.811412740174641,0.9007845137293609,0.6262587532664844,0.7296194967404475,0.8581724609983027,3.638556898357434,1.6448308924874877,1.5348755739603461,2.3001540324367866,0.9526945100836172,RF
869,908,888,test,40,False,0.8053001655023058,0.8973851823505365,0.6325769858431701,0.7248557214029884,0.8541912791705378,3.638556898357434,1.6445596301416157,1.5337123555553398,2.315611234598531,0.951866930689829,RF
870,909,889,test,40,False,0.8030019737317022,0.8961037739747011,0.6376939435059967,0.7225310860898183,0.8517944179614279,3.638556898357434,1.638521021882908,1.5281240082316085,2.3153357507541097,0.9505533206084632,RF
871,910,890,test,40,False,0.8011938981714174,0.8950943515470408,0.637125766359939,0.7207961828080951,0.8504917575172856,3.638556898357434,1.639207695748755,1.5274950078705811,2.3228314248381623,0.950169952527724,RF
872,911,891,test,40,False,0.768956647640786,0.8769017320320367,0.6197275581168543,0.709044665461988,0.8364395902934192,3.638556898357434,1.6001439501788972,1.4923441499456243,2.3103307845172867,0.953857838044344,RF
873,912,892,test,40,False,0.758311472934179,0.870810813514726,0.6129267969956463,0.7000420063750454,0.8261306120660084,3.638556898357434,1.5774007767705864,1.4739293931337167,2.3039504581594987,0.9486912647899014,RF
874,913,893,test,40,False,0.7485603477892374,0.8651938209379662,0.6020760139144559,0.6936956897659124,0.8176391958143057,3.638556898357434,1.5630479247531115,1.4604222767947959,2.305571440929838,0.94503587060746,RF
875,914,894,test,40,False,0.7491213849567621,0.8655179865010098,0.6043967310399341,0.6945572444559127,0.8181756067525816,3.638556898357434,1.562713300538719,1.460083129317285,2.297883199466329,0.9453016800496348,RF
876,915,895,test,40,False,0.7386172185522921,0.859428425497023,0.5992018297323795,0.6884493288070097,0.8114003127478322,3.638556898357434,1.5478267507776484,1.445122230840575,2.2962053910812954,0.9441162157029943,RF
877,916,896,test,40,False,0.7484000535324913,0.8651011810953048,0.602989900186083,0.6937556038347579,0.8179493711032098,3.638556898357434,1.5590766785564765,1.4563157356722976,2.2912225365461443,0.9454956125104395,RF
878,917,897,test,40,False,0.7694333100336859,0.8771734777304235,0.6007112660363452,0.7036380564275648,0.8283749641778246,3.638556898357434,1.5805700970480465,1.4761369042235029,2.2896382428003483,0.9443684575611441,RF
879,918,898,test,40,False,0.7628021724035497,0.8733854661050582,0.6082622209393147,0.698425055813708,0.8226470311999451,3.638556898357434,1.5716897185743985,1.4664606485942526,2.2981212586276376,0.9419060233147848,RF
880,919,899,test,40,False,0.7509152172018179,0.8665536435800255,0.6210753301939385,0.6904653572628112,0.8164079473761421,3.638556898357434,1.5772564070816464,1.4695215593515574,2.32633361875613,0.9421320346692968,RF
881,920,900,test,40,False,0.7286404242596651,0.8536043722121304,0.6450678654249993,0.6773052864690519,0.7995019017207345,3.638556898357434,1.5405874064977545,1.434740593585402,2.3102344557038115,0.936618798763661,RF
882,921,901,test,40,False,0.7319690843461703,0.8555519179723521,0.6641466801424918,0.6779839639979475,0.8020541214595852,3.638556898357434,1.5474201732909898,1.4406615132431184,2.3197635783037476,0.9374698421113284,RF
883,922,902,test,40,False,0.7483469543022517,0.8650704909440916,0.7004604503600018,0.687942436807224,0.8129963050312459,3.638556898357434,1.5681311104356777,1.4628031968000772,2.319635212889739,0.9398035345581899,RF
884,923,903,test,40,False,0.7668720764744077,0.8757123251812822,0.7152944212962694,0.6991518599171903,0.8248967241592096,3.638556898357434,1.577037252544984,1.4730735957808905,2.2984200205146257,0.9419722669638647,RF
885,924,904,test,40,False,0.7429636021313841,0.8619533642439039,0.7127769417362945,0.6874722401033845,0.8108008292838113,3.638556898357434,1.5541503767925318,1.451217583276518,2.3049518491630345,0.9406551014451192,RF
886,925,905,test,40,False,0.7316685974932394,0.8553762899994595,0.7347173754742705,0.6804230946588073,0.8030881694817665,3.638556898357434,1.5491430681801768,1.445215443177604,2.3175192530430975,0.9388712065917492,RF
887,926,906,test,40,False,0.7370879799634945,0.8585382810122648,0.7594268437250218,0.6846445342136981,0.8075636116518442,3.638556898357434,1.5535796037513063,1.4504871895009668,2.3084050847175592,0.9406262126130024,RF
888,927,907,test,40,False,0.7560139664705547,0.869490636217869,0.7849268952035994,0.6963044591098283,0.8183113939919474,3.638556898357434,1.5674043232529418,1.4636911859610957,2.2911418353215467,0.9411388230141934,RF
889,928,908,test,40,False,0.7484351374079,0.865121458182549,0.8194370391748087,0.6904628504234571,0.8128845041238014,3.638556898357434,1.5656756508794614,1.4611889945268366,2.313225073391672,0.9396189360873244,RF
890,929,909,test,40,False,0.7559696894246825,0.8694651743598949,0.82140362045965,0.6930189657324057,0.8173581329854664,3.638556898357434,1.5835649515580874,1.476614080621172,2.3294496152204998,0.9400700075045675,RF
891,930,910,test,40,False,0.7467146709896939,0.8641265364457302,0.8506867187024385,0.6863173139826297,0.8109618592282033,3.638556898357434,1.5766657706510643,1.470761956844066,2.3429868604857136,0.9384758192518882,RF
892,931,911,test,40,False,0.7384592789217657,0.8593365341481565,0.792422920323853,0.6841387258750051,0.8082051268527852,3.638556898357434,1.5748661191880786,1.4662747811020052,2.3448445178847677,0.9404989718654789,RF
893,932,912,test,40,False,0.7315107418640691,0.8552840123982612,0.7935458574611489,0.6794742353661989,0.8046515372209999,3.638556898357434,1.5706459300155247,1.4634223942676852,2.3509234363380687,0.9408003956074367,RF
894,933,913,test,40,False,0.7302453998414737,0.8545439718595373,0.7999165783170687,0.678808894436816,0.8034679228921568,3.638556898357434,1.5664961966972795,1.4603894301289206,2.345505970001805,0.9402300517593776,RF
895,934,914,test,40,False,0.7273770008387889,0.8528639990284435,0.8090039526025953,0.6781508915023696,0.8013443458473469,3.638556898357434,1.5516558076134044,1.4469473084714348,2.321637429513066,0.9395921820597585,RF
896,935,915,test,40,False,0.713682786523204,0.8447974825502288,0.8118681711340321,0.6693643186549176,0.7908929052852359,3.638556898357434,1.5288136346371135,1.42504532703821,2.3135182631007267,0.9361923083597874,RF
897,936,916,test,40,False,0.7010197448500275,0.8372692188597569,0.814146403509604,0.6584044725061066,0.7790784110463246,3.638556898357434,1.5062927776163406,1.4043560968879896,2.3261048026919235,0.9304992868450603,RF
898,937,917,test,40,False,0.7127182370356644,0.8442264133724225,0.8232966303434595,0.6614903819759401,0.7857104989037078,3.638556898357434,1.5298275095809324,1.4253994907167509,2.3477382593902107,0.9306869418655573,RF
899,938,918,test,40,False,0.7024474328983261,0.8381213712215708,0.840541252993562,0.6565521272698879,0.7810192204252843,3.638556898357434,1.5349334066114486,1.4305192928612331,2.3652111996305143,0.9318688763262777,RF
900,939,919,test,40,False,0.6876170456845229,0.8292267757884587,0.8525140398275165,0.6503183590739262,0.7717870651717259,3.638556898357434,1.5155384493347506,1.4122797286478526,2.3595183735411864,0.9307309986919838,RF
901,940,920,test,40,False,0.6822289879229502,0.8259715418360067,0.8694956406140494,0.6474248176059474,0.7690300474887607,3.638556898357434,1.5190441912172143,1.414167645510733,2.370539902606736,0.9310611910179448,RF
902,941,921,test,40,False,0.72103117056469,0.8491355431052748,0.9052154428815903,0.6639949856582386,0.7880875757270174,3.638556898357434,1.546394072255485,1.4432262989594107,2.3643492233177037,0.9281057448672964,RF
903,942,922,test,40,False,0.7150312896687228,0.845595228030955,0.9236325285070299,0.6600037111106035,0.7835150516219094,3.638556898357434,1.537538212533691,1.4351749726431278,2.3641565240140596,0.9265840506768174,RF
904,943,923,test,40,False,0.7305180952416942,0.8547035130626843,0.9615769338722745,0.6654338516459056,0.7898909909887996,3.638556898357434,1.5548453733750385,1.4520206053799432,2.36915623194743,0.9241695850276312,RF
905,944,924,test,40,False,0.6966993517208198,0.83468518120356,0.8857298578011398,0.6577740362061657,0.7784281685338934,2.7074943643700884,1.519421054232401,1.42021678430704,2.354981606750083,0.9326009207584737,RF
906,945,925,test,40,False,0.6701356806457353,0.8186181531371848,0.885112236125027,0.6431041271809503,0.7608538743611113,2.7074943643700884,1.4895626454463948,1.3903311024705782,2.3733171753810147,0.929436846037797,RF
907,946,926,test,40,False,0.6928659297742468,0.8323856857096035,0.9250686062290004,0.6531962175694395,0.7724714075596915,2.7074943643700884,1.509959292159761,1.410247452662774,2.37081550420915,0.9280210133613297,RF
908,947,927,test,40,False,0.6974392896934669,0.835128307323771,0.8930950011415797,0.6545755171806007,0.7747659520319401,2.7074943643700884,1.5147703733782045,1.4154687162770851,2.37301304784537,0.9277208606600028,RF
909,948,928,test,40,False,0.7059918458843251,0.8402332092248705,0.8346552777068704,0.6592540663384767,0.7801411116943081,2.7074943643700884,1.5226985720064272,1.42506358254867,2.3679124796458355,0.9284816442973036,RF
910,949,929,test,40,False,0.7126003686351624,0.8441566019614858,0.7853419958650806,0.6652008412606906,0.7861342344761685,2.7074943643700884,1.5333228287694216,1.4333953112205986,2.3601186253347906,0.931265872528277,RF
911,950,930,test,40,False,0.7243101630621093,0.8510641356925512,0.790355337915792,0.6694784601746324,0.793343571807854,2.7074943643700884,1.55622136543099,1.4540182747560706,2.377432655551297,0.9321783618132055,RF
912,951,931,test,40,False,0.723068719540714,0.8503344750983074,0.7757093590359052,0.6680163580985825,0.7926145392774429,2.7074943643700884,1.5669958449253434,1.462172798602338,2.398369914886394,0.9321209035842143,RF
913,952,932,test,40,False,0.7485246752117432,0.8651732053246581,0.7779724043701661,0.6856488090276295,0.8112528617111954,2.7074943643700884,1.594454130529302,1.4886614806504312,2.3888638097722934,0.9376768220726056,RF
914,953,933,test,40,False,0.7686366769804254,0.8767192691964888,0.7795506740387268,0.6973725855506985,0.8257406352124873,2.7074943643700884,1.629309425358927,1.5209310733804773,2.3969354605921613,0.9418529559288422,RF
915,954,934,test,40,False,0.852008327029032,0.9230429713881321,0.7941315914385617,0.7245561333763042,0.8599622278093904,3.7570412685610988,1.6932319973293937,1.5834709225680494,2.386180649884277,0.9316600141769382,RF
916,955,935,test,40,False,0.8686451220110862,0.9320113314821264,0.8041123912475026,0.7333169105752635,0.869886748905593,3.7570412685610988,1.7113883434766854,1.6001343702561595,2.38464545056041,0.9333435329828661,RF
917,956,936,test,40,False,0.8819073224607841,0.9390992079971019,0.7836194745490942,0.7404580888003932,0.8764569219522806,3.7570412685610988,1.7164964212070017,1.6065472025694068,2.371272972166436,0.9332953478063049,RF
918,957,937,test,40,False,0.8537391545442983,0.9239800617677301,0.7524803859419882,0.7257614279303819,0.8609203665755277,3.7570412685610988,1.6882768100040795,1.5795258495955309,2.3826594881281373,0.9317521039668772,RF
919,958,938,test,40,False,0.8666794689621119,0.9309562121615129,0.7403607070591358,0.7336003419706989,0.8707196417884923,3.7570412685610988,1.7062190688799739,1.5980405449834376,2.3785372625312364,0.9352960218900498,RF
920,959,939,test,40,False,0.8758741710718706,0.9358814941390126,0.7468336062163693,0.7390197283438816,0.8756789009394914,3.7570412685610988,1.7026661176977427,1.5966430552154498,2.3574087984926377,0.935672845785987,RF
921,960,940,test,40,False,0.8954829378499627,0.9462996025836441,0.7609814547313223,0.7528728027191326,0.8912098571511766,3.7570412685610988,1.7340093126952758,1.6251405037215985,2.36511399673086,0.9417840340606103,RF
922,961,941,test,40,False,0.8938907797095915,0.945457973529015,0.7596666391116419,0.7537800811139231,0.8900386908235378,3.7570412685610988,1.7240742533562674,1.6159619517974129,2.343297065504022,0.9413836635185177,RF
923,962,942,test,40,False,0.8829279594812135,0.9396424636430676,0.7504338117076449,0.7477057688058325,0.8834828322692522,3.7570412685610988,1.7106906851668005,1.602492310749621,2.342143602604285,0.9402329784500372,RF
924,963,943,test,40,False,0.8763722069271829,0.9361475348080466,0.7455818121132202,0.7427847369629197,0.8800219824164138,3.7570412685610988,1.7186524523357705,1.6093114419343109,2.3647921921441686,0.9400462530693509,RF
925,964,944,test,40,False,0.8997808033663887,0.9485677642458595,0.7420999699223042,0.754097097832416,0.893895816284115,3.7570412685610988,1.7450515838829226,1.6330273978884144,2.362904915933904,0.9423636876325747,RF
926,965,945,test,40,False,0.9095659803513699,0.953711686177416,0.7208233640500445,0.7611338987145155,0.9007398796984967,3.7570412685610988,1.749076043722282,1.6377482063155804,2.3491234875308287,0.9444572114962371,RF
927,966,946,test,40,False,0.9043675397085433,0.9509824076756327,0.7030483985686373,0.7552286130360737,0.8964768014646187,3.7570412685610988,1.7464490398389323,1.6347909792246487,2.3739736533673783,0.9426849479327013,RF
928,967,947,test,40,False,0.8955316025488014,0.9463253153904324,0.6734548819806745,0.7498530312315408,0.8920927414984838,3.7570412685610988,1.7426864106012858,1.6320549436566025,2.382711229306594,0.9426914053656343,RF
929,968,948,test,40,False,0.9165284320645591,0.9573549143679992,0.6634737613924341,0.76262693112582,0.904594400542084,3.7570412685610988,1.7574638193626935,1.6475806243312512,2.3591927776042647,0.9448892850142778,RF
930,969,949,test,40,False,0.9019091826152857,0.9496889925735086,0.6620094125277477,0.7558907809953295,0.894606012037606,3.7570412685610988,1.72550960821398,1.6195231134947654,2.334034410220812,0.9419989270522803,RF
931,970,950,test,40,False,0.9260710138540917,0.9623258355952478,0.6534328947040609,0.7668671268796374,0.9084526890972505,3.7570412685610988,1.7565130258258386,1.6491988666952195,2.3373382831090543,0.9440177697560475,RF
932,971,951,test,40,False,0.903517801039311,0.9505355338120248,0.6473871830158209,0.7587526974265104,0.8995292910545215,3.7570412685610988,1.7501196261383232,1.6427308755693033,2.347620469030874,0.9463394676546725,RF
933,972,952,test,40,False,0.9205605435756956,0.9594584637052798,0.6404337457067931,0.7648308139668497,0.9075199278848819,3.7570412685610988,1.7704755839156596,1.6613016684913042,2.3546946425563617,0.9458668219780778,RF
934,973,953,test,40,False,0.956895278580222,0.9782102425246947,0.6438007637098812,0.7799867501424653,0.9274820074222634,3.7570412685610988,1.80604884975563,1.6967455707689623,2.352370621994782,0.94814178701349,RF
935,974,954,test,40,False,0.9563367620235864,0.9779247220638133,0.6481437738615264,0.7800961620717902,0.9270344399484849,3.7570412685610988,1.808688513766183,1.7000446071918838,2.356823476896399,0.9479609411980817,RF
936,975,955,test,40,False,0.9777923466869073,0.9888338316860459,0.6543907940313,0.7886781900786156,0.9415872542917052,3.7570412685610988,1.8416204403459784,1.7307777122675616,2.3791424684369242,0.9522199019892137,RF
937,976,956,test,40,False,0.9844664497280886,0.9922028269099462,0.6634585664511483,0.7951166289101922,0.9490285875284957,3.7570412685610988,1.8612665712490657,1.749113462118795,2.382217044123734,0.9564864781569816,RF
938,977,957,test,40,False,0.9688996243019442,0.984326990538177,0.6605347528419719,0.7878794939879258,0.9396076810808495,3.7570412685610988,1.8362968860985482,1.7266262358189661,2.3747468734935153,0.9545686444777082,RF
939,978,958,test,40,False,0.9652171164378892,0.9824546383614305,0.6710213082745875,0.7858546702053202,0.9376948652016714,3.7570412685610988,1.8285010872869982,1.7206750609923627,2.3714344327426966,0.9544408755253974,RF
940,979,959,test,40,False,0.9671569144966599,0.9834413630189955,0.6948023444401057,0.7865943041586606,0.9391905549100301,3.7570412685610988,1.8335901627757711,1.7245335688235728,2.37737788125394,0.9550041214728623,RF
941,980,960,test,40,False,0.9658763873659243,0.9827901034126891,0.7421427322332366,0.7849452310761822,0.9384853479865424,3.7570412685610988,1.828152372618522,1.7197639101912885,2.3750673002426135,0.9549194123218165,RF
942,981,961,test,40,False,0.924615184554878,0.9615691262487986,0.7667041094427406,0.7666914975643995,0.9173634632111423,3.7570412685610988,1.793893236577479,1.685402238875217,2.374481651194838,0.9540275765611275,RF
943,982,962,test,40,False,0.9329944664604465,0.9659163868888686,0.7990051396855892,0.7718777697888357,0.9234649501794532,3.7570412685610988,1.807323262995413,1.698278869553676,2.3775137336523984,0.9560506092601372,RF
944,983,963,test,40,False,0.9246849111096725,0.9616053822175044,0.7800639656311953,0.7694041295234169,0.920211190750796,3.7570412685610988,1.7927111025041866,1.6852322390952466,2.369227953683393,0.9569530368359093,RF
945,984,964,test,40,False,0.8926517603527889,0.9448024980665477,0.7529331859991384,0.7531063750266218,0.9020764263067435,3.7570412685610988,1.7675491781449346,1.6591495584006406,2.3916055341144005,0.9547777743525877,RF
946,985,965,test,40,False,0.9024830106127549,0.9499910581751572,0.7569940934778352,0.7604009458815597,0.9106225216980018,3.7570412685610988,1.7862524696298976,1.6771514928241131,2.384448377755375,0.9585590452264061,RF
947,986,966,test,40,False,0.8795406170801441,0.9378382680825859,0.7518894966807129,0.7495218225789341,0.8988622394827412,3.7570412685610988,1.7684803899176291,1.6589712215045314,2.3943871130358425,0.9584405649392712,RF
948,987,967,test,40,False,0.875190136948858,0.9355159736470875,0.7431913235785194,0.7465511568734631,0.8966846284006144,3.7570412685610988,1.7689604042787501,1.6584837779987212,2.403156149725928,0.958492055357334,RF
949,988,968,test,40,False,0.8733670869240108,0.9345411103445427,0.745043628844844,0.7454821922776752,0.8956516290683183,3.7570412685610988,1.7678868438786715,1.6564181570336554,2.4051213549714476,0.9583865483864195,RF
950,989,969,test,40,False,0.8758102632645407,0.9358473504073945,0.7467847198230374,0.7461800687887034,0.8973823666932603,3.7570412685610988,1.7702389358854567,1.660906851956542,2.40642634324645,0.9588982287577247,RF
951,990,970,test,40,False,0.8670250055263441,0.9311417752020066,0.7394665240971556,0.7451610778904775,0.8922349477319969,3.7570412685610988,1.7427882899131473,1.6363305185571182,2.37159260711807,0.9582160004994201,RF
952,991,971,test,40,False,0.8659089705953082,0.9305422991972521,0.7412184786512914,0.7451553750926753,0.8915571628579151,3.7570412685610988,1.738199493617411,1.6332557336622187,2.36464736334056,0.958104928305819,RF
953,992,972,test,40,False,0.8482470576532327,0.9210032886223766,0.7662558516820878,0.7348020367020721,0.8811332269492331,3.7570412685610988,1.7236224077483946,1.6189629587869963,2.370086817202827,0.9567101853319323,RF
954,993,973,test,40,False,0.8489922637904893,0.9214077619547653,0.7777825058290379,0.7365601491627645,0.8815090717016052,3.7570412685610988,1.7157386452096344,1.613329362996397,2.35569681155592,0.9566981179228237,RF
955,994,974,test,40,False,0.7692656372553897,0.8770778969141736,0.8215794803246469,0.7132745438109118,0.8503507866453447,2.5045707836547826,1.6537618276071364,1.5546642921399558,2.349552613743016,0.9695270963242113,RF
956,995,975,test,40,False,0.7590530473681235,0.8712365048413223,0.7595510364748248,0.7089018625458813,0.8448389252414756,2.5045707836547826,1.643991046530908,1.545796629462325,2.3491156116173477,0.9697010175157268,RF
957,996,976,test,40,False,0.7377688852289266,0.8589347386320608,0.729110699129725,0.6975384070101711,0.8330883599191793,2.5045707836547826,1.6313456850151986,1.5318176316530168,2.3687143795315277,0.9699087980141023,RF
958,997,977,test,40,False,0.7417205476645149,0.8612319941017722,0.72905645060364,0.6996061383997072,0.8361002123989362,2.5045707836547826,1.646679331973262,1.545130615040856,2.386386415425689,0.9708188015831352,RF
959,998,978,test,40,False,0.7641424676063754,0.8741524281304579,0.7130046129259195,0.7077253956030688,0.8466121890664325,3.095853639490958,1.6814162169446665,1.5757148000446297,2.400781951769121,0.9684949235650748,RF
960,999,979,test,40,False,0.767870054653182,0.8762819492909699,0.6844804388963601,0.7074134518445094,0.8483682801813626,3.095853639490958,1.697793223904739,1.5904719407925536,2.4200815438770276,0.9681453336655018,RF
961,1000,980,test,40,False,0.7587635571295122,0.8710703514237597,0.672982559196411,0.7026210051934548,0.8428990019542209,3.095853639490958,1.6861951190931053,1.5806152990622488,2.4177435580232127,0.9676589274063881,RF
3,42,22,train,40,False,0.5942342124701969,0.7708658848789437,0.7572751558537287,0.6072959527815619,0.7423205442829934,2.451459767081471,1.5003173768290399,1.394110438448497,2.4837934481318524,0.9629697705451928,PSBPM-FD
4,43,23,train,40,False,0.5707602700476695,0.7554867768847245,0.734484619277652,0.5959458601228875,0.7289406007663125,2.451459767081471,1.47986310044297,1.372957576721506,2.4926372963372456,0.9648621565186407,PSBPM-FD
5,44,24,train,40,False,0.5673910580605555,0.7532536478906394,0.7343191945919741,0.5937509655603622,0.7258867591782454,2.451459767081471,1.4732352028246578,1.368290498148226,2.4918851021953303,0.9636684285711322,PSBPM-FD
6,45,25,train,40,False,0.5649777044956288,0.7516499880234342,0.7399344701167037,0.5915518486340703,0.7241321060153694,2.451459767081471,1.4772916979449675,1.3709078708752314,2.512498116527121,0.963390032000896,PSBPM-FD
7,46,26,train,40,False,0.5674023404889964,0.7532611369830494,0.7386007182241082,0.5942709257611702,0.7260094170399481,2.451459767081471,1.4787147941704686,1.371029521099386,2.501243005334894,0.9638216833378003,PSBPM-FD
8,47,27,train,40,False,0.5696795687786811,0.7547712029341614,0.741550681117743,0.5966740369336702,0.7285472446753627,2.451459767081471,1.4846256660658945,1.3763043768908705,2.5044861896859203,0.9652557514689836,PSBPM-FD
9,48,28,train,40,False,0.549793851564042,0.7414808504365046,0.7274775921237746,0.5877706189369436,0.7150033698522614,2.451459767081471,1.446624628969541,1.3408671148273572,2.4758170429423556,0.964291079710749,PSBPM-FD
10,49,29,train,40,False,0.5580296794875244,0.7470138415635444,0.7280752883292405,0.591756690764402,0.7204611605091437,2.451459767081471,1.4464317035290484,1.3434581121759934,2.458220320382625,0.9644549008639192,PSBPM-FD
11,50,30,train,40,False,0.5572859927164058,0.746515902520774,0.7053484291446978,0.5919290408607388,0.7200735025752503,2.451459767081471,1.4498776134486762,1.3456855708530775,2.46217671684203,0.9645789194091711,PSBPM-FD
12,51,31,train,40,False,0.5550623609064512,0.7450250740119095,0.6888883927887953,0.5915807241680104,0.7185177843374885,2.451459767081471,1.4461729757739565,1.341028249528512,2.4572651659505658,0.9644209428661493,PSBPM-FD
13,52,32,train,40,False,0.5512873918176509,0.7424873007787075,0.6864661988522999,0.5873162716781872,0.7142405708291347,2.451459767081471,1.4390747559839323,1.3340915511748457,2.4632093554623653,0.9619566153926835,PSBPM-FD
14,53,33,train,40,False,0.5701400016030344,0.7550761561611082,0.7006417779167273,0.5962081744975822,0.7248044393395785,2.451459767081471,1.4641812589385954,1.3556603340125017,2.471210845180645,0.9599090547694757,PSBPM-FD
15,54,34,train,40,False,0.5414958383885555,0.7358640080806749,0.6865896642586072,0.5810523793892923,0.7061758272326254,2.231686284548509,1.4273547095279158,1.3205399277788388,2.4804079798902663,0.9596553432128254,PSBPM-FD
16,55,35,train,40,False,0.5585691906664665,0.7473748662260904,0.6997091517008276,0.5912563128111172,0.7156303489759741,2.231686284548509,1.434789677438919,1.329281519825761,2.4630117942353325,0.9575253080018438,PSBPM-FD
17,56,36,train,40,False,0.5770264469790906,0.7596225687662858,0.6950023902502731,0.5998332247819769,0.7253721579189184,2.306770229290226,1.4556608717305526,1.3476605980877685,2.463509498002991,0.9549112779745422,PSBPM-FD
18,57,37,train,40,False,0.5661407318372328,0.7524232398306373,0.6881543792900955,0.5929109955556946,0.7153798113328195,2.306770229290226,1.4281028291322315,1.3231353317154975,2.438115444920424,0.9507678304750982,PSBPM-FD
19,58,38,train,40,False,0.56898812303061,0.7543130139607893,0.6845307743262422,0.5945122902023104,0.7172354552292356,2.306770229290226,1.4390973767328972,1.332356633903585,2.448663058319929,0.9508459246422586,PSBPM-FD
20,59,39,train,40,False,0.5474454585557238,0.7398955727369395,0.6878166040175293,0.5829978483964513,0.7025358011412692,2.306770229290226,1.4129434089172104,1.3068557267963548,2.45593662595707,0.9495066966579173,PSBPM-FD
21,60,40,train,40,False,0.5464213803646872,0.739203206408554,0.6832820225073934,0.5819348280843496,0.7018308425689306,2.306770229290226,1.4130999086942473,1.3065043265706808,2.459656660158115,0.9494423677878802,PSBPM-FD
22,61,41,train,40,False,0.5751444714138605,0.7583828000514388,0.6897873855488708,0.595788892493996,0.7202553137878058,2.4362076001644257,1.454699904302484,1.3461006508979954,2.472520117994241,0.9497252755982244,PSBPM-FD
23,62,42,train,40,False,0.5766196753820454,0.7593547757024021,0.6721400917859776,0.5956473645114142,0.7214532337337537,2.4362076001644257,1.4660452706654588,1.354919085510856,2.4948698533303215,0.9500871750841502,PSBPM-FD
24,63,43,train,40,False,0.6024811315459682,0.7761965804781468,0.6517805035542644,0.6081888306048511,0.7344496500672243,2.4564494062485944,1.486521717223496,1.3760162827863585,2.480619830616153,0.9462160341067134,PSBPM-FD
25,64,44,train,40,False,0.5976313614310559,0.7730662076633902,0.6103430562868019,0.6055512051789987,0.7312781627965347,2.4564494062485944,1.472098919995651,1.3643415528105547,2.4677760145344485,0.9459450633689439,PSBPM-FD
26,65,45,train,40,False,0.5975225231249638,0.7729958105481322,0.6052236733899371,0.6027025605813795,0.7311983014606579,2.4564494062485944,1.482959634253208,1.3751118168509902,2.5014867405051078,0.9459278969987747,PSBPM-FD
27,66,46,train,40,False,0.591702812016327,0.7692222123784044,0.5773629969777153,0.5985296079583611,0.7267407690068548,2.4564494062485944,1.4745117328355697,1.3683929394717826,2.5068668549391893,0.9447735092825795,PSBPM-FD
28,67,47,train,40,False,0.5864120276215712,0.7657754420334797,0.5574486427450708,0.5943405649443152,0.7218480244308464,2.4564494062485944,1.4641539691781578,1.3583377221051025,2.508180583041919,0.9426366853891447,PSBPM-FD
29,68,48,train,40,False,0.5718510505703384,0.7562083380724774,0.5374570047128179,0.5810925159828706,0.7074614262878061,2.4564494062485944,1.4410004759107058,1.3363193366529866,2.527936513106618,0.9355377224364863,PSBPM-FD
30,69,49,train,40,False,0.566321216431015,0.7525431658257319,0.5186631600425717,0.5790621008861079,0.7048802082928046,2.4564494062485944,1.4267396437794957,1.323926913257364,2.517142473638473,0.9366641546991809,PSBPM-FD
31,70,50,train,40,False,0.6061029760996391,0.778526156336214,0.5528378511737815,0.6020145996261197,0.7299596466478142,2.4564494062485944,1.4635558486911067,1.3601468092445397,2.4920270822656265,0.9376173693162005,PSBPM-FD
32,71,51,train,40,False,0.5889842820058678,0.7674531138811463,0.5587937486802336,0.5942264240699584,0.7193421206780092,2.4564494062485944,1.445242717273672,1.3410738976071073,2.4917184725305503,0.9373108371926053,PSBPM-FD
33,72,52,train,40,False,0.6119881443140305,0.7822967111742388,0.5817051033811621,0.6018378794278165,0.731752084273699,2.487108011915475,1.4767429800994794,1.3701733162543288,2.509113677276682,0.9353894421661677,PSBPM-FD
34,73,53,train,40,False,0.6249914187272596,0.790563987750049,0.5740533033497479,0.6083181653933177,0.7384071157166989,2.487108011915475,1.4805978184533541,1.376335768991292,2.498938703473166,0.9340257425818383,PSBPM-FD
35,74,54,train,40,False,0.628532770600569,0.7928005869073061,0.5709789406864983,0.6096962089831071,0.7401727170199406,2.487108011915475,1.4833280232842931,1.3805133604869155,2.498181858920117,0.9336177712826053,PSBPM-FD
36,75,55,train,40,False,0.6278447672615777,0.7923665611707612,0.562518015137431,0.6091643841915444,0.7395154792128653,2.487108011915475,1.4829309050352442,1.3809516405548707,2.5006969713613207,0.9332997067925156,PSBPM-FD
37,76,56,train,40,False,0.6344257101125657,0.796508449492261,0.562123789018721,0.6115062661981601,0.7435267670272083,2.487108011915475,1.494483293595616,1.3908442812563864,2.5096764144711954,0.9334825857794401,PSBPM-FD
38,77,57,train,40,False,0.6468131602671895,0.8042469522896494,0.5718841425018717,0.618286001717694,0.7519249791002023,2.487108011915475,1.5079841288978368,1.4046049124519424,2.5035153894355315,0.9349429015049555,PSBPM-FD
39,78,58,train,40,False,0.6444652571053788,0.802785934795434,0.5779747685547211,0.6180509509531057,0.7502669431301727,2.487108011915475,1.5053044982764558,1.400686383482352,2.4998342565803204,0.9345790834282065,PSBPM-FD
40,79,59,train,40,False,0.6342446108530206,0.796394758177765,0.5831355517830267,0.615661333773316,0.7441652356914894,2.487108011915475,1.485734835605052,1.3843418230427218,2.47958536617942,0.9344175461353084,PSBPM-FD
41,80,60,train,40,False,0.6369701493061377,0.7981040967857124,0.5829451792968454,0.6153771861976969,0.7462812766754554,2.487108011915475,1.5009507200902714,1.3952141106627753,2.5129655171968084,0.9350675929130444,PSBPM-FD
42,81,61,train,40,False,0.6228186397895246,0.7891885958308854,0.5878868901624658,0.610435256697694,0.7370638521855939,2.487108011915475,1.471346875637011,1.3684614978933478,2.485495331450827,0.933951473804037,PSBPM-FD
43,82,62,train,40,False,0.6373792707616541,0.7983603639720939,0.6026426024748474,0.6211022973359304,0.7494613822294725,2.487108011915475,1.4926635598522746,1.3881621506783035,2.468913623133703,0.9387507397043942,PSBPM-FD
44,83,63,train,40,False,0.6429628429386078,0.8018496386097632,0.602864973139104,0.6252675890665872,0.7535046753970089,2.487108011915475,1.4945444100483616,1.3905908756303682,2.4559886908664272,0.9397081935503842,PSBPM-FD
45,84,64,train,40,False,0.648404903348354,0.805235930239302,0.5963988172192177,0.6302651945587179,0.7581657345206755,2.487108011915475,1.4976183560005107,1.3954310613022383,2.437296316534871,0.94154483928128,PSBPM-FD
46,85,65,train,40,False,0.6606483670361089,0.8128027848353553,0.5884225598558379,0.6380169224674457,0.7657727492374209,2.487108011915475,1.496348215186303,1.396333386527531,2.4015064838519113,0.9421384418515975,PSBPM-FD
47,86,66,train,40,False,0.6594639177265751,0.8120738376075017,0.5922612786938941,0.6372641581730918,0.7648828851473649,2.487108011915475,1.4964288599934945,1.397984561842557,2.4050470813958165,0.941888347740436,PSBPM-FD
48,87,67,train,40,False,0.6715158218437003,0.8194606896268425,0.6015427274303461,0.6436196428297422,0.7737793443438422,2.487108011915475,1.513623027105017,1.414712687559017,2.411570929053731,0.9442543786892301,PSBPM-FD
49,88,68,train,40,False,0.7297966692489704,0.8542813759230447,0.6326840670405374,0.6645151844647543,0.8020873672544132,3.52074241138532,1.583035265136303,1.4808883680818006,2.4375137607524615,0.938903024062492,PSBPM-FD
50,89,69,train,40,False,0.7209669846575152,0.8490977474104587,0.6281753387416191,0.6608766090552575,0.7961627147165443,3.52074241138532,1.5734184005891851,1.4706881748161862,2.4349600887069784,0.9376573158327727,PSBPM-FD
51,90,70,train,40,False,0.7141450605607277,0.8450710387658115,0.6440661010147257,0.6589259249693866,0.7922570563727325,3.52074241138532,1.5529851555748757,1.4533194051482716,2.4127358907737944,0.937503499741026,PSBPM-FD
52,91,71,train,40,False,0.7073724013006577,0.8410543390891326,0.6568221460507901,0.6535870350020705,0.7862457068846563,3.52074241138532,1.542234715726725,1.443926326060053,2.4218722410495808,0.9348334231723547,PSBPM-FD
53,92,72,train,40,False,0.7115385486573765,0.8435274439266197,0.6613188512031157,0.6567070661176777,0.7908890852580822,3.52074241138532,1.557549926678642,1.4558540329841398,2.4415491687803943,0.9375973371731618,PSBPM-FD
54,93,73,train,40,False,0.6883235251307971,0.8296526533018485,0.6779952531508231,0.6442632239365921,0.7767462989404773,3.52074241138532,1.5329950414603881,1.4319902106991989,2.4503071790483175,0.936230717577031,PSBPM-FD
55,94,74,train,40,False,0.7160835334869342,0.846217190493631,0.70332245902176,0.6591951781007499,0.7949849325577418,3.52074241138532,1.5600218490127211,1.4589350896074198,2.4311393347872183,0.9394573183912709,PSBPM-FD
56,95,75,train,40,False,0.693740446494922,0.8329108274568905,0.6826618300739791,0.6448629638257358,0.7813494813508779,3.52074241138532,1.55262616404602,1.450280618076842,2.47205593032876,0.9380949984004364,PSBPM-FD
57,96,76,train,40,False,0.6959018073202042,0.834207292775725,0.6931123464736025,0.6470147583701428,0.7822804780422141,3.52074241138532,1.5423636473507316,1.4434620278454755,2.457344081446214,0.9377531038349823,PSBPM-FD
58,97,77,train,40,False,0.6998228602612746,0.8365541585942148,0.6928479159609454,0.6499161475147442,0.7867874795861228,3.52074241138532,1.5534836642751275,1.454120741219034,2.471017813566811,0.9405099137971865,PSBPM-FD
59,98,78,train,40,False,0.6959007236037906,0.834206643226839,0.693071704246934,0.6476170969594364,0.7841803516342993,3.52074241138532,1.5413767081724932,1.4439512009276212,2.4616057556251354,0.9400312956043717,PSBPM-FD
60,99,79,train,40,False,0.7007623093218343,0.8371154695272536,0.6931305009493767,0.6507488243497989,0.788763097679213,3.52074241138532,1.5564438141011816,1.4571264874917775,2.4751799674462034,0.9422393043634151,PSBPM-FD
61,100,80,train,40,False,0.7078149726171399,0.8413174030157345,0.6898091626821314,0.6545462442947475,0.7931690358308281,3.52074241138532,1.569009580982699,1.4696690763303297,2.4808298215742393,0.9427702707535625,PSBPM-FD
62,101,81,train,40,False,0.6995770380129281,0.8364072202061196,0.6988427898456249,0.6525201180861503,0.7893233344436641,3.52074241138532,1.5529454498596535,1.4548886324130854,2.46801442567135,0.9437069831237799,PSBPM-FD
63,102,82,train,40,False,0.6946094236159892,0.833432314957843,0.7051988223342518,0.6487208735301742,0.7848011589641575,3.52074241138532,1.5412967799385975,1.44520639171234,2.464280911834777,0.941649543555141,PSBPM-FD
64,103,83,train,40,False,0.678955063226559,0.8239872955492451,0.7173060028644395,0.6420214902227344,0.7777774908162556,3.52074241138532,1.5279639126227993,1.4314777819076387,2.466723191227701,0.9439192752332577,PSBPM-FD
65,104,84,train,40,False,0.6916909094197168,0.8316795713613007,0.7708108821368174,0.6469598796683004,0.7852617309728841,3.52074241138532,1.5538271996863684,1.454573008646714,2.4866297077343074,0.9441878314836574,PSBPM-FD
66,105,85,train,40,False,0.6977209024523504,0.8352968947939112,0.7879378355952568,0.6532589006278119,0.7892327803340526,3.52074241138532,1.5490687844189541,1.4503245071353532,2.451658865320558,0.9448530040672259,PSBPM-FD
67,106,86,train,40,False,0.7044572053603464,0.8393194894438866,0.833778947119252,0.6585970014506403,0.794298051226105,3.52074241138532,1.55452983694752,1.455743679067459,2.4369976047232376,0.9463595939519863,PSBPM-FD
68,107,87,train,40,False,0.7073157075071993,0.8410206344122594,0.8649866223125682,0.6604966714166745,0.7971565960114586,3.52074241138532,1.559476564840417,1.462094807189319,2.436846527610064,0.9478442780045999,PSBPM-FD
69,108,88,train,40,False,0.7203356068589268,0.8487258726225605,0.9000579246210926,0.6718291423503466,0.8105475099370076,3.52074241138532,1.5806953002841115,1.4832296360117456,2.4201379108463446,0.9550168506498077,PSBPM-FD
70,109,89,train,40,False,0.7241852913556442,0.850990770429177,0.9719863907845965,0.6737101891157312,0.8123702795871729,3.52074241138532,1.5837254977566166,1.4865309336101225,2.419829080075947,0.9546170273708999,PSBPM-FD
71,110,90,train,40,False,0.7008710315479991,0.8371804056163755,0.9524230428825831,0.6631609921788021,0.801562014735814,3.52074241138532,1.575521005204577,1.4783049231923073,2.4355361004710057,0.957454342407432,PSBPM-FD
72,111,91,train,40,False,0.6951966435331692,0.8337845306391629,0.9455224900549685,0.6575922386275757,0.795577882186574,3.52074241138532,1.5667345206314003,1.471213231562195,2.450001446355828,0.9541768322047178,PSBPM-FD
73,112,92,train,40,False,0.7328860285319443,0.8560876290029802,0.9738625481844854,0.673602973510457,0.8086894190807301,3.52074241138532,1.5760887169425881,1.4826387060714707,2.4265569580867346,0.9446339272797911,PSBPM-FD
74,113,93,train,40,False,0.718926300673951,0.8478952179803534,1.0115587479382466,0.6673658784015781,0.8014598439062995,3.52074241138532,1.5674557945602532,1.47284361529304,2.429608434976567,0.9452345371345994,PSBPM-FD
75,114,94,train,40,False,0.7137377518420195,0.844830013577891,1.0038560353495205,0.6645866981966769,0.798827504282108,3.52074241138532,1.5610821525196412,1.4671208968287608,2.4300910144616026,0.9455482066730082,PSBPM-FD
76,115,95,train,40,False,0.7222797782259285,0.8498704479071669,1.0059170869561151,0.6713417000879788,0.8054689117136699,3.52074241138532,1.5692364286549725,1.4739352505002632,2.4145129265140772,0.9477549357048038,PSBPM-FD
77,116,96,train,40,False,0.7386277196992699,0.8594345348537432,1.0508686129500113,0.68098166181728,0.8132136432102299,3.52074241138532,1.5737757423947798,1.4791440745643862,2.3961171800728804,0.946219415477202,PSBPM-FD
78,117,97,train,40,False,0.7521449657973001,0.8672629161893757,1.0505994292151741,0.6882042288427901,0.8197377194177186,3.52074241138532,1.5825608420781763,1.4845547788917628,2.3876401537020526,0.9452009351668399,PSBPM-FD
79,118,98,train,40,False,0.7538713415034264,0.8682576469593726,1.0475350130444872,0.6891353787116701,0.8209716294360264,3.52074241138532,1.5808346099968669,1.483943248497202,2.3809902990952594,0.9455391867967519,PSBPM-FD
80,119,99,train,40,False,0.7486316789932113,0.8652350426290022,1.0281313134563848,0.6846440219869802,0.81683072466694,3.52074241138532,1.5755391321671266,1.479457618772806,2.3911669018085098,0.9440564522040317,PSBPM-FD
81,120,100,train,40,False,0.7516898919286448,0.8670005143762285,1.0221055030884212,0.6876669690132191,0.8189301978890213,3.52074241138532,1.570507089089341,1.4767739011816325,2.3639462656248744,0.9445556078801272,PSBPM-FD
82,121,101,train,40,False,0.7651861826021754,0.8747492112612479,1.0128028979478845,0.6946865408133773,0.8278009697003668,3.52074241138532,1.5915833107082893,1.4953244085667712,2.3724089335879497,0.9463294839749677,PSBPM-FD
83,122,102,train,40,False,0.7792327697331064,0.8827416211627875,1.0421652976744644,0.7032163253819022,0.8349770339605321,3.52074241138532,1.5929957355108648,1.497827616055119,2.3538603617822846,0.9458906365609705,PSBPM-FD
84,123,103,train,40,False,0.7866860726775144,0.886953252814101,1.0636603400389435,0.7066264973720406,0.8393194968295864,3.52074241138532,1.6051745975453116,1.5083214596730685,2.3602886565528776,0.9462950771831734,PSBPM-FD
85,124,104,train,40,False,0.7994272367684521,0.8941069492898778,1.0576873856286109,0.71076268361567,0.8469909297328442,3.52074241138532,1.629338341282552,1.529663251165015,2.380523971621721,0.9473038213219858,PSBPM-FD
86,125,105,train,40,False,0.8011792054056848,0.8950861441256281,1.039729939021895,0.7120158438141935,0.8478895041757042,3.52074241138532,1.6408506429351046,1.5384848123465784,2.391145159140985,0.9472713992282515,PSBPM-FD
87,126,106,train,40,False,0.799472786316249,0.8941324210184132,1.0206822264776358,0.7102185358183682,0.8465138297422155,3.52074241138532,1.6422881374685345,1.5392681649825704,2.4040952395788873,0.9467432450084291,PSBPM-FD
88,127,107,train,40,False,0.7933056813056807,0.8906770914903339,0.9727115857864816,0.7076532480867479,0.8425390320999935,3.52074241138532,1.6324067393039432,1.530554520325131,2.397227033777388,0.9459534102198666,PSBPM-FD
89,128,108,train,40,False,0.7656265323281961,0.875000875615674,0.9126534125127974,0.7028274004542835,0.8326359681085134,2.861275864362988,1.5987009819068168,1.4993918142653408,2.3782671673549713,0.9515830113000155,PSBPM-FD
90,129,109,train,40,False,0.7602643338440909,0.8719313813850783,0.9018480446892756,0.6981475974738449,0.8275234841077819,2.861275864362988,1.5947646207104609,1.495232357436491,2.395902808429477,0.9490695045213836,PSBPM-FD
91,130,110,train,40,False,0.7631136235764906,0.8735637490054693,0.8723215384815907,0.6986856201343612,0.8292408094648065,2.861275864362988,1.6053396103237023,1.5046674614732125,2.409545438400014,0.9492619289764217,PSBPM-FD
92,131,111,train,40,False,0.773180885427668,0.8793070484351118,0.8761366344484214,0.7062006276515724,0.8375125814492776,2.861275864362988,1.6213905152902677,1.5198722800874853,2.3998545862562355,0.952468859358952,PSBPM-FD
93,132,112,train,40,False,0.7722534061457111,0.8787794980230883,0.8790668225790416,0.7069136062536095,0.8366271960788406,2.861275864362988,1.6152476129065831,1.5149411582614627,2.380950099677185,0.9520331299955519,PSBPM-FD
94,133,113,train,40,False,0.7713555081268305,0.8782684715545871,0.8795029279201719,0.7061356179269725,0.8357648861772151,2.861275864362988,1.6117832256088427,1.5124775514002866,2.3775878031963513,0.9516052474226495,PSBPM-FD
95,134,114,train,40,False,0.7521589311289996,0.8672709675349449,0.8807709758566274,0.6965106234179339,0.8252897443683953,2.861275864362988,1.5955109705122226,1.497195693688666,2.3872081106522587,0.9515938792625869,PSBPM-FD
96,135,115,train,40,False,0.7676612902271305,0.8761628217558255,0.9106955132106364,0.7055758830583976,0.8355892004994979,2.861275864362988,1.6158271423462238,1.5167040734237336,2.3741842702018454,0.9536916880643049,PSBPM-FD
97,136,116,train,40,False,0.7498188268181414,0.8659207970814313,0.8697867254019369,0.6951760260588389,0.8266785215878294,2.861275864362988,1.6126950133081848,1.5103501815880387,2.398987288215443,0.9546814493590323,PSBPM-FD
98,137,117,train,40,False,0.7665428843472657,0.8755243482321127,0.8593234564137434,0.7039480818220613,0.8378494313088186,2.861275864362988,1.6424208449276012,1.5377016931648526,2.410345287434888,0.9569687387913671,PSBPM-FD
99,138,118,train,40,False,0.7661862814644381,0.875320673504538,0.8595121686954081,0.7039704198942273,0.8375928532228933,2.861275864362988,1.638055051778408,1.5329781999880798,2.4025708581153644,0.956898287195031,PSBPM-FD
100,139,119,train,40,False,0.7682065016929093,0.8764739024596849,0.8599776638711518,0.7058082957993064,0.8391396949431105,2.861275864362988,1.6340230336767352,1.5299107318322143,2.3838754869893037,0.9574040853791517,PSBPM-FD
101,140,120,train,40,False,0.7635444525490737,0.8738103069597392,0.8441606811577436,0.7031243233241284,0.8363395826147769,2.861275864362988,1.62777046736268,1.5229521885844437,2.384119307331476,0.9571180105721863,PSBPM-FD
102,141,121,train,40,False,0.7462295443992035,0.8638457873944884,0.8209948050742953,0.6935744240267387,0.8250811446391785,2.861275864362988,1.6104551314439182,1.5058156759012757,2.391437412387625,0.9551255058240999,PSBPM-FD
103,142,122,train,40,False,0.7515982918331642,0.8669476869068653,0.8228747658719754,0.6987280464592498,0.8299138405441473,2.861275864362988,1.6191252272579753,1.5127925337921044,2.3835839025944052,0.9572824901409577,PSBPM-FD
104,143,123,train,40,False,0.7429315708772715,0.8619347834246345,0.8069798365853397,0.6946163202980742,0.8249606563295895,2.861275864362988,1.61310077574553,1.5081980695581998,2.389449052696155,0.9571033356512896,PSBPM-FD
105,144,124,train,40,False,0.7257312299141431,0.8518986030708955,0.8027264110185603,0.6865808768375814,0.8139350315209152,2.861275864362988,1.581144329423585,1.4788518655751126,2.369576216953159,0.9554365139077227,PSBPM-FD
106,145,125,train,40,False,0.7335160874768067,0.8564555373612845,0.8007178973983163,0.690231967772001,0.8181521462439779,2.861275864362988,1.586466105458517,1.484955988454604,2.3673950768196996,0.9552768480716252,PSBPM-FD
107,146,126,train,40,False,0.7274754227010323,0.8529216978721038,0.7614100636472962,0.6866449824241039,0.8136910139504924,2.861275864362988,1.5758265967964873,1.4749702521398147,2.3620024689659536,0.9540043546559017,PSBPM-FD
108,147,127,train,40,False,0.7686743394528047,0.8767407481421202,0.7082468535503815,0.7068611151694754,0.8347475301046071,2.861275864362988,1.6012630550313862,1.5009788477358152,2.3397235019421228,0.9521030382966688,PSBPM-FD
109,148,128,train,40,False,0.7724367164396758,0.8788837900653736,0.6543835119027102,0.7091321843973335,0.8370962571457079,2.861275864362988,1.608014292483647,1.5048257676416732,2.3424563690426905,0.9524538586420424,PSBPM-FD
110,149,129,train,40,False,0.764609917375679,0.8744197603986765,0.6087320003862651,0.7034218675732193,0.8332420993503311,2.861275864362988,1.6174479813526978,1.5108593479224808,2.368314197701679,0.9529085881710048,PSBPM-FD
111,150,130,train,40,False,0.7588880781386685,0.8711418243539157,0.5795671422677486,0.7009226201373076,0.8296204038673217,2.861275864362988,1.6079139811714445,1.501601728537353,2.3628968402192188,0.9523367845214085,PSBPM-FD
112,151,131,train,40,False,0.7694614374186888,0.877189510549852,0.5649273388756078,0.7103976521662737,0.839275689080987,2.861275864362988,1.6216132373135461,1.5135254954316657,2.342191006128929,0.9567780724542645,PSBPM-FD
113,152,132,train,40,False,0.7121353826861281,0.843881142511271,0.5348799738734262,0.6881241705714475,0.8160761642193062,2.2647051981239104,1.5913349193421422,1.4804241050177487,2.360434824914808,0.9670510728451389,PSBPM-FD
114,153,133,train,40,False,0.7256899862726556,0.8518743958311317,0.5417593390018479,0.6937312125638113,0.8231226554800504,2.2647051981239104,1.6037714280658903,1.4930516713946407,2.3624474016287733,0.966248850192252,PSBPM-FD
115,154,134,train,40,False,0.7119289037165759,0.8437587947491724,0.5401716353643555,0.6872697908023675,0.8139390574261693,2.2647051981239104,1.5829622462449104,1.4730232713330167,2.3522050190434785,0.9646584574779246,PSBPM-FD
116,155,135,train,40,False,0.7152016487360437,0.845695955255814,0.5462329193629264,0.6886352942561274,0.8159443599455247,2.2647051981239104,1.5855083539414945,1.4770987554827595,2.351685189335913,0.9648199862782958,PSBPM-FD
117,156,136,train,40,False,0.6859473015610723,0.8282193559444697,0.5203210735783068,0.6716435355142971,0.7992578826654303,2.2647051981239104,1.5686505985411983,1.4594622843457816,2.38573641834245,0.965031639177265,PSBPM-FD
118,157,137,train,40,False,0.6818714636190017,0.8257550869470934,0.5168308450163972,0.6704173244187144,0.7974550130013796,2.2647051981239104,1.5718134028272719,1.4645256243081388,2.391687488593705,0.9657282475239211,PSBPM-FD
119,158,138,train,40,False,0.6872510002775389,0.8290060315085404,0.5196676148025847,0.6730230598217327,0.8008505668171573,2.2647051981239104,1.5833172858826245,1.4738347295567036,2.3999974526689494,0.966037081008749,PSBPM-FD
120,159,139,train,40,False,0.7090131066811248,0.8420291602320699,0.5326375900133292,0.685424775247843,0.8141784736768933,2.2647051981239104,1.603510313938186,1.4940548914807332,2.3874203169490658,0.9669243205930057,PSBPM-FD
121,160,140,train,40,False,0.7212581462840688,0.8492691836420705,0.5429720622832854,0.6925967560036332,0.8209396434620027,2.2647051981239104,1.6127812908850143,1.5028496284162771,2.376632361308938,0.9666424489128674,PSBPM-FD
122,161,141,train,40,False,0.725222511333795,0.8515999714266054,0.5567677525180226,0.6941726098645518,0.8229650871718179,2.2647051981239104,1.6166869897684055,1.5082086799394834,2.3768034731445757,0.9663751934998094,PSBPM-FD
123,162,142,train,40,False,0.7004291316209168,0.8369164424367087,0.5621563718376165,0.6793591469333183,0.8078434934895163,2.2647051981239104,1.5966734418130435,1.4898820905382066,2.387418268341165,0.9652618260640866,PSBPM-FD
124,163,143,train,40,False,0.6908869379014588,0.8311960887188166,0.5501794219312031,0.6722556441509576,0.8020957588894465,2.2647051981239104,1.5860047182210288,1.4817030410875769,2.3980401151733113,0.9649898138064815,PSBPM-FD
125,164,144,train,40,False,0.6833609414831875,0.8266564833612493,0.5525428933937562,0.6710602496792843,0.7979158565102555,2.2647051981239104,1.5694410967904082,1.464877535813463,2.379772320558144,0.965232684398564,PSBPM-FD
126,165,145,train,40,False,0.6763936189896477,0.822431528450635,0.569886452067766,0.6682052273165373,0.7941162115943385,2.2647051981239104,1.5497751157047097,1.4485373330548181,2.362467950897355,0.9655712167192334,PSBPM-FD
127,166,146,train,40,False,0.7057198080082532,0.8400713112636647,0.5985232790524985,0.6816595683517471,0.8101647831026397,2.360269560176931,1.5725227012484608,1.4695793471142455,2.3437040820260395,0.9644000125227006,PSBPM-FD
128,167,147,train,40,False,0.7035329644105645,0.8387687192608964,0.6192987515312013,0.6795320292269962,0.808516354124626,2.360269560176931,1.5802748921803587,1.4744202068188268,2.366889208984764,0.9639324113530031,PSBPM-FD
129,168,148,train,40,False,0.6807303053490585,0.8250638189552724,0.6099200853913119,0.6673603518778736,0.7966713438113177,2.360269560176931,1.565135595345685,1.459095008532921,2.383583978173951,0.9655875406342429,PSBPM-FD
130,169,149,train,40,False,0.6931088761033843,0.832531606669311,0.6230606700510082,0.6736031197715141,0.8066318516986062,2.360269560176931,1.590036472972172,1.482149779282744,2.395227009095832,0.9688903643258406,PSBPM-FD
131,170,150,train,40,False,0.6859101492700512,0.8281969266243695,0.6412852347812105,0.669095149858382,0.8019603121095626,2.360269560176931,1.5907097567893305,1.4805412391484736,2.41685951040161,0.9683208018873674,PSBPM-FD
132,171,151,train,40,False,0.68239891493335,0.8260744003619468,0.647574559578177,0.6673681141982627,0.79954068716946,2.360269560176931,1.5876543541481478,1.4769198257724303,2.4192916045194544,0.9678797537112143,PSBPM-FD
133,172,152,train,40,False,0.6818711640983828,0.8257549055854181,0.6518071521868357,0.6670221714311226,0.7990080477967706,2.360269560176931,1.583865087663682,1.4748597978643896,2.41232030595313,0.9676092050949605,PSBPM-FD
134,173,153,train,40,False,0.7119202864726116,0.8437536882720049,0.6739556383767451,0.6806307131123497,0.8165829520599788,2.4630223364880233,1.6191663603948876,1.5096595613063315,2.4135618280382336,0.9677977867359947,PSBPM-FD
135,174,154,train,40,False,0.7129196737436667,0.8443457074822295,0.6856585351974394,0.6828087104414895,0.8172763384012963,2.4630223364880233,1.6182906819733263,1.506195673112408,2.403067738628504,0.9679404196159748,PSBPM-FD
136,175,155,train,40,False,0.708141458481057,0.8415114131614954,0.7231544781162673,0.6812772559986413,0.8146388314949788,2.4630223364880233,1.6078703875764675,1.4955180071066096,2.394801709530608,0.9680662897184504,PSBPM-FD
137,176,156,train,40,False,0.7374149725504288,0.8587286955438421,0.7525090920870586,0.697196077794719,0.8280518900099285,2.4630223364880233,1.6151400243671996,1.5028863838000404,2.365391566516158,0.964276487215225,PSBPM-FD
138,177,157,train,40,False,0.7765070771757572,0.8811963896747178,0.80471460429656,0.7126692901965387,0.8433475199149578,2.763853275063675,1.6292794771980081,1.517165204181855,2.3439764496761155,0.9570483149916995,PSBPM-FD
139,178,158,train,40,False,0.8066528569803957,0.8981385511046699,0.7986344400609343,0.7264697398892993,0.8585223087344744,2.763853275063675,1.651908093725283,1.5413233943047016,2.336424019608684,0.9558907227381909,PSBPM-FD
140,179,159,train,40,False,0.8267043950690935,0.9092328607508054,0.8027371896911231,0.7372694166833247,0.8695954409939597,2.763853275063675,1.667539063915239,1.5588534500433096,2.323929827179852,0.9564056453875689,PSBPM-FD
141,180,160,train,40,False,0.8323211036278545,0.9123163396694451,0.7535353887076176,0.7402096043147757,0.8729264531462178,2.763853275063675,1.6675949992823615,1.5608491960754938,2.314956664309298,0.9568243110306459,PSBPM-FD
142,181,161,train,40,False,0.8347413882115733,0.9136418270917621,0.7518620684978468,0.741897930759462,0.8749944836424376,2.763853275063675,1.6682341637627993,1.5632071978447446,2.308190095863599,0.9576996780320972,PSBPM-FD
143,182,162,train,40,False,0.8491241186288541,0.9214793099298834,0.7488534523300081,0.7485481790345823,0.8836986489279368,2.763853275063675,1.6843030511927555,1.580211582071169,2.3095727280685123,0.9589999899131524,PSBPM-FD
144,183,163,train,40,False,0.8401182030276952,0.9165796217610859,0.7410845537755222,0.7429422978228728,0.8765925910375827,2.763853275063675,1.6688926181830332,1.5637061684698226,2.30780219384624,0.956373641990127,PSBPM-FD
145,184,164,train,40,False,0.8354056337408856,0.9140052700837592,0.7451384531373112,0.7379210778268185,0.8714276182467635,2.763853275063675,1.6632417970906517,1.5565175783566694,2.3226202356937113,0.9534164044446987,PSBPM-FD
146,185,165,train,40,False,0.8196253040021094,0.905331598919484,0.7218165765747733,0.7280003937811512,0.8617265344000226,2.763853275063675,1.650315262290794,1.5431562958287963,2.3346374106758594,0.951835256196178,PSBPM-FD
147,186,166,train,40,False,0.8252254243400312,0.9084191897687054,0.7246115026807952,0.7324009183038382,0.8658980109904263,2.763853275063675,1.6569620982123123,1.550463053045359,2.331494734097813,0.9531921174088083,PSBPM-FD
148,187,167,train,40,False,0.8026668705155313,0.8959167765565791,0.7411701182139026,0.7218977181772159,0.8566034288894666,2.763853275063675,1.6549305803240562,1.5450634992738759,2.3511532687831425,0.9561194201338524,PSBPM-FD
149,188,168,train,40,False,0.7905232325899627,0.889113734338843,0.7753500979438948,0.7133996810290137,0.8474786050253151,2.763853275063675,1.6436669949379392,1.5340142352516175,2.371826667985569,0.953172324635736,PSBPM-FD
150,189,169,train,40,False,0.7768264334177807,0.8813775771017667,0.8048581078051819,0.7055410263571076,0.8384373725866482,2.763853275063675,1.6230229140997139,1.5161485135496648,2.3748181665215555,0.9512805798210584,PSBPM-FD
151,190,170,train,40,False,0.7696144939650269,0.8772767487885604,0.8306646410285112,0.6987876051760622,0.8323934444160865,2.763853275063675,1.614834370190346,1.5073686761507112,2.3951206583726004,0.9488379186676796,PSBPM-FD
152,191,171,train,40,False,0.7687446910863636,0.8767808683396118,0.8449571051893171,0.6973784694556043,0.8317966361059386,2.763853275063675,1.6128128571566052,1.5079261629693061,2.3965918863900058,0.9486938711164383,PSBPM-FD
153,192,172,train,40,False,0.7577059061702451,0.8704630412431335,0.8340603992876621,0.6896828221274436,0.8223092807777089,2.763853275063675,1.5914645353716228,1.4892225342131118,2.3926476331440396,0.9446802929201282,PSBPM-FD
154,193,173,train,40,False,0.7332713959852597,0.8563126741939884,0.8123985707765188,0.675223928579828,0.8069534854092717,2.763853275063675,1.574166386533303,1.468460359486373,2.420601006459706,0.9423584512150582,PSBPM-FD
155,194,174,train,40,False,0.7296739503340371,0.8542095470866836,0.8103025737371534,0.672206715006334,0.8033012920588518,2.763853275063675,1.5687528111692366,1.4626367970925354,2.4225485105065205,0.9404030835273892,PSBPM-FD
156,195,175,train,40,False,0.755450539720462,0.8691665776595773,0.8179002633695307,0.6820708642414416,0.8151021764888782,2.763853275063675,1.5892031854365576,1.4830431904932702,2.422121654848016,0.9377974227721924,PSBPM-FD
157,196,176,train,40,False,0.7515367544105935,0.866912195329258,0.8096138788489503,0.6795228121666297,0.8108226487948519,2.763853275063675,1.5727726796380392,1.4692458250949876,2.395805876442568,0.9352996222263282,PSBPM-FD
158,197,177,train,40,False,0.7310189157089966,0.8549964419276823,0.8141763477539635,0.6679241736814268,0.798811075650898,2.763853275063675,1.5459653681489613,1.4449303114462668,2.3953939590485103,0.934285847845041,PSBPM-FD
159,198,178,train,40,False,0.7301438291943475,0.8544845400557857,0.8170368086216024,0.6680303383659962,0.7982961718086735,2.763853275063675,1.5396317684325578,1.4404699136933121,2.386084525873648,0.9342429668260074,PSBPM-FD
160,199,179,train,40,False,0.7230588568923804,0.8503286758027042,0.8042065615608843,0.6647337106498058,0.7947992541368272,2.763853275063675,1.5432699335546531,1.4420807071559907,2.3991655026856984,0.9346965200092098,PSBPM-FD
161,200,180,train,40,False,0.727053809900226,0.852674504075398,0.8045553876388094,0.6665680315455784,0.7966524936042161,2.763853275063675,1.5492066176982018,1.4472414090332182,2.4011695855932147,0.93429848060025,PSBPM-FD
162,201,181,train,40,False,0.7104597992992996,0.8428877738461388,0.8030127282854608,0.6581833982698628,0.7864811418045062,2.763853275063675,1.5297997793777682,1.4275929601352348,2.4024243171321706,0.9330793092605362,PSBPM-FD
163,202,182,train,40,False,0.7135299181144742,0.8447070013409822,0.8030673646929439,0.6606976578420939,0.7891689268789766,2.763853275063675,1.5392603523878183,1.4347893059647234,2.4102324929888903,0.9342516702550845,PSBPM-FD
164,203,183,train,40,False,0.7195041832691732,0.8482359242976999,0.7919972512877924,0.6656764923252776,0.792946825403615,2.763853275063675,1.5427855243941715,1.4373418373004383,2.396497637753581,0.9348187251797173,PSBPM-FD
165,204,184,train,40,False,0.7315717590432822,0.8553196823663549,0.7954292939421638,0.6693003900808604,0.7993355916201278,2.763853275063675,1.5573306227783135,1.4524116564569378,2.40419892162256,0.9345460043765862,PSBPM-FD
166,205,185,train,40,False,0.7319843308110808,0.8555608282355386,0.7816485108098741,0.6677987375851575,0.7995795079206479,2.763853275063675,1.566953377703071,1.4606451519365107,2.4226566980631126,0.9345676911946244,PSBPM-FD
167,206,186,train,40,False,0.7061488267197372,0.8403266190712616,0.7743019309986099,0.65775194707026,0.786229875963665,2.763853275063675,1.5387662903643826,1.4354342175738253,2.4149958077771365,0.9356241467545263,PSBPM-FD
168,207,187,train,40,False,0.7096181131621313,0.8423883386907319,0.7992897838173928,0.6590536564681949,0.788776078069138,2.763853275063675,1.5428225184540985,1.4399727539361045,2.4154972946379636,0.9363568343017189,PSBPM-FD
169,208,188,train,40,False,0.727912888219236,0.8531781104899704,0.8173187869289824,0.6691455784525714,0.7986790429704589,2.763853275063675,1.5504389849771882,1.4484856287134042,2.395460829692376,0.9361222857813203,PSBPM-FD
170,209,189,train,40,False,0.7220720559610502,0.8497482309255195,0.7796644918191799,0.6689061238348035,0.7947424317655998,2.763853275063675,1.5283350384544923,1.4282180304430088,2.359409375731081,0.935268121594076,PSBPM-FD
171,210,190,train,40,False,0.7267634354855732,0.8525042143506232,0.7335883921120118,0.6732125772525507,0.7979104930418673,2.763853275063675,1.5240438490536619,1.425635737972088,2.3332590489138942,0.9359607607918496,PSBPM-FD
172,211,191,train,40,False,0.7244137136440381,0.8511249694633791,0.7161173936674208,0.6713565228793722,0.7960761932827088,2.763853275063675,1.514373770793412,1.4172834043230735,2.323842035544941,0.9353223343742604,PSBPM-FD
173,212,192,train,40,False,0.7334296636120219,0.8564050814959133,0.7210084544105726,0.6772560519051833,0.8032514811050102,2.763853275063675,1.528757570055547,1.429378795710695,2.327238457455581,0.9379340436676792,PSBPM-FD
174,213,193,train,40,False,0.7002082301198941,0.836784458579325,0.6948527591674296,0.6604960778334087,0.7819838455284697,2.763853275063675,1.4867036418495883,1.3879130096540397,2.329901618846802,0.9345104793845064,PSBPM-FD
175,214,194,train,40,False,0.7299038779009344,0.8543441214761968,0.7237541920536555,0.6713067165023844,0.7964779243223143,2.763853275063675,1.513737301235464,1.4162667086904606,2.3330311094905016,0.9322682796085762,PSBPM-FD
176,215,195,train,40,False,0.7221331449837927,0.8497841755315244,0.7125534371891725,0.6678077496589752,0.7912931078324003,2.763853275063675,1.4915093907839965,1.3976082699447665,2.3103888556010124,0.9311695023474177,PSBPM-FD
177,216,196,train,40,False,0.6907195095388842,0.8310953672948034,0.6928693931493239,0.6520090265758094,0.7765359001035974,2.763853275063675,1.4831646608017646,1.3888887657313576,2.3375832769551073,0.9343523386867192,PSBPM-FD
178,217,197,train,40,False,0.6480283392279572,0.80500207405196,0.7008810456715415,0.6364632957534655,0.7593123660808004,2.4548991274553815,1.4540219257657903,1.3614129239415462,2.339801287133367,0.9432427450265047,PSBPM-FD
179,218,198,train,40,False,0.6141907188099582,0.7837032083703359,0.7077351788273436,0.6213219648059161,0.7412136258317641,2.4548991274553815,1.4208461816188052,1.3289631220667304,2.332748504847321,0.9457835796960352,PSBPM-FD
180,219,199,train,40,False,0.5936780883186368,0.7705050864975758,0.7105866211064518,0.6105762144885727,0.7298000240530546,2.4548991274553815,1.4048163551199941,1.3109417231130425,2.3442550781812637,0.947170936106923,PSBPM-FD
181,220,200,train,40,False,0.5772053280589912,0.759740303037157,0.7401408062392485,0.599765875318202,0.7173244999808693,2.4548991274553815,1.3862310359300445,1.2913516815834876,2.3542501621476797,0.9441706555691133,PSBPM-FD
182,221,201,train,40,False,0.5908930031411397,0.7686956505283087,0.7666962085225596,0.608113493853687,0.7259002782418366,2.4548991274553815,1.3950027442580453,1.3003749398119133,2.343175447640209,0.9443272870647055,PSBPM-FD
183,222,202,train,40,False,0.6082066491926374,0.7798760473258795,0.772718610835164,0.6118310515789721,0.7334231207681647,2.8927921669627397,1.4191246710395276,1.3212631254085223,2.3589472715884545,0.940435500337525,PSBPM-FD
184,223,203,train,40,False,0.6117364791222919,0.7821358444172546,0.7584219984335588,0.6134640374589957,0.7366023350734991,2.8927921669627397,1.4257999532521466,1.3308687531983616,2.364150154139465,0.9417831190466904,PSBPM-FD
185,224,204,train,40,False,0.6169160635680321,0.7854400445406589,0.7387792283076537,0.6181464879824791,0.7421786081834896,2.8927921669627397,1.4342291100366698,1.3396263234373567,2.3565909884552427,0.9449207655531882,PSBPM-FD
186,225,205,train,40,False,0.6204054166114349,0.7876581851358081,0.7071255398443447,0.6216202060961562,0.7447776121932933,2.8927921669627397,1.4438590997687641,1.3477605069754492,2.3587138792814892,0.9455594142843556,PSBPM-FD
187,226,206,train,40,False,0.6346440714591932,0.796645511792537,0.7068430901275944,0.6265434626959185,0.7525927095097031,2.8927921669627397,1.4659909585574997,1.3685206491438877,2.3734823380682486,0.9447021270681482,PSBPM-FD
188,227,207,train,40,False,0.6429694498099302,0.8018537583686506,0.6964327750070101,0.6311812192595666,0.7563662948431371,2.8927921669627397,1.4670716379119297,1.3712171828069026,2.3629723375794662,0.9432721203202235,PSBPM-FD
189,228,208,train,40,False,0.6589905897309597,0.811782353670588,0.6812251751333293,0.6400195262347108,0.7676660387474733,2.8927921669627397,1.4810620190017902,1.3878100379806,2.345018037609345,0.9456549964117392,PSBPM-FD
190,229,209,train,40,False,0.6661433999096718,0.8161760838873384,0.6638592866193599,0.6457676205942452,0.7729132462017047,2.8927921669627397,1.485802950800439,1.3917776724366142,2.327070270087169,0.9469932548383694,PSBPM-FD
191,230,210,train,40,False,0.6989868235942739,0.8360543185668464,0.6499545885533985,0.6645142313899765,0.7920444625341806,2.8927921669627397,1.5175276864046712,1.4233010274423883,2.303534746378026,0.9473600517869377,PSBPM-FD
192,231,211,train,40,False,0.7537575911004446,0.8681921395062527,0.6817316124327497,0.6856586471366098,0.8152392225795108,2.8927921669627397,1.552880828365451,1.4584055662046382,2.296899719011142,0.9390078364947456,PSBPM-FD
193,232,212,train,40,False,0.782981363722829,0.8848623416796699,0.6871131585549627,0.7023785372360647,0.8341902093406851,2.8927921669627397,1.5911501553806526,1.4950946472473334,2.2941931837577405,0.9427344458542583,PSBPM-FD
194,233,213,train,40,False,0.7856453654216699,0.8863663832872216,0.6935339861916598,0.7052356041891743,0.8366659931814464,2.8927921669627397,1.5883783406812548,1.4962133902369699,2.2713205752528105,0.9439279387814169,PSBPM-FD
195,234,214,train,40,False,0.7954659017579878,0.8918889514720921,0.6939016274786082,0.7136564772565638,0.8450336622771815,2.8927921669627397,1.5982975591028024,1.5063038435206668,2.260204906518167,0.947465108612934,PSBPM-FD
196,235,215,train,40,False,0.7534753051965011,0.8680295531815153,0.6747870985608547,0.6915563856070464,0.8190923162080725,2.8927921669627397,1.554346401494542,1.4632612482454654,2.270847476725731,0.9436226142369494,PSBPM-FD
197,236,216,train,40,False,0.7755659937038372,0.8806622472343396,0.6812033036539067,0.7039883956414626,0.8350710546442223,2.8927921669627397,1.592327867649272,1.4982640070405573,2.2848782828477177,0.9482307857146216,PSBPM-FD
198,237,217,train,40,False,0.7744622098501204,0.8800353457959063,0.6727341478005999,0.7042731431732353,0.8341439937401374,2.8927921669627397,1.5908732534299657,1.49552723836313,2.280693052603671,0.9478528308266246,PSBPM-FD
199,238,218,train,40,False,0.7854523532516261,0.8862574982766724,0.6812144026048542,0.7078775395797946,0.8399004743897638,2.8927921669627397,1.6113498940517104,1.5144229531662274,2.29570689678363,0.9476935044532205,PSBPM-FD
200,239,219,train,40,False,0.7910611053358887,0.8894161598126541,0.6932871408010514,0.7123313403121502,0.842707028938501,2.8927921669627397,1.5960270408022343,1.5021370925708912,2.2682284845123872,0.9474833795644192,PSBPM-FD
201,240,220,train,40,False,0.79004418796174,0.8888442990545307,0.6752026774612653,0.7127168648215366,0.8422471755592573,2.8927921669627397,1.5872135052337109,1.495399920099604,2.2582670668310194,0.9475756062734059,PSBPM-FD
202,241,221,train,40,False,0.7847443107622304,0.8858579517971436,0.6527389619174262,0.7085518146060592,0.837030342817663,2.8927921669627397,1.5738048579572823,1.483516210191792,2.2491168859488626,0.944880994881376,PSBPM-FD
203,242,222,train,40,False,0.822939101564225,0.9071599095882847,0.6363749157736723,0.7253668031043942,0.8560337184700199,2.8927921669627397,1.607844333242209,1.5181384341277613,2.2438754699374073,0.9436414786655767,PSBPM-FD
204,243,223,train,40,False,0.8062832308701235,0.897932754091376,0.6061480449893918,0.7129219215958913,0.8416295209214377,2.8927921669627397,1.5842229102226568,1.4932639206928076,2.2584925658606627,0.9372968266126879,PSBPM-FD
205,244,224,train,40,False,0.7886984313474563,0.8880869503305723,0.5872638488638222,0.7034694716295071,0.8315246502058844,2.8927921669627397,1.5640953413653258,1.4756162423079928,2.265594351370941,0.9363099524166708,PSBPM-FD
206,245,225,train,40,False,0.7828960593683398,0.8848141383185171,0.5813735431833666,0.700898237307881,0.8277850994609997,2.8927921669627397,1.5612080776868087,1.4724500442433137,2.271998850942217,0.9355468720629914,PSBPM-FD
207,246,226,train,40,False,0.7841861536695912,0.8855428581777345,0.5823951457764389,0.7018763455493973,0.8286827329778408,2.8927921669627397,1.5640380120307544,1.4744835207910878,2.273297915171761,0.9357906569119645,PSBPM-FD
208,247,227,train,40,False,0.7797374612674967,0.8830274408349361,0.5690986589985744,0.6993718363340911,0.8253394909362944,2.8927921669627397,1.5576124972244139,1.4686675211085063,2.275185739806542,0.9346702636510418,PSBPM-FD
209,248,228,train,40,False,0.7643711457052345,0.8742832182452288,0.5560854731777282,0.6905429458637741,0.8173531210727576,2.8927921669627397,1.552757011279183,1.4626729628272177,2.294179276104573,0.9348836898794244,PSBPM-FD
210,249,229,train,40,False,0.7595063557949453,0.87149661834969,0.5617096092748517,0.6851184403943515,0.8131530070831051,2.8927921669627397,1.552457392632666,1.4620680567878095,2.320825397595334,0.9330535425632892,PSBPM-FD
211,250,230,train,40,False,0.7538633402156139,0.8682530392780746,0.5817025998914594,0.6808283374313878,0.8092669431767092,2.8927921669627397,1.5495303363973925,1.4593100180392409,2.333096371521367,0.9320634729359422,PSBPM-FD
212,251,231,train,40,False,0.8000373304574321,0.8944480591165884,0.6125332408836766,0.7016558413814329,0.8313498691323501,2.8927921669627397,1.5804073141203745,1.488553986440125,2.3203525387357034,0.9294557248561107,PSBPM-FD
213,252,232,train,40,False,0.7979240235117875,0.893265931014828,0.6088573220019013,0.7002684145207484,0.8299283747025207,2.8927921669627397,1.57944542729568,1.4877521842062322,2.3237713514746074,0.9290944005439116,PSBPM-FD
214,253,233,train,40,False,0.8047332901217322,0.8970692783290108,0.6183780850417007,0.706448430306319,0.8368255915016419,2.8927921669627397,1.595532221447411,1.502526879883363,2.323093486960149,0.9328438858818284,PSBPM-FD
215,254,234,train,40,False,0.7689660239474956,0.8769070782856617,0.5938911250379741,0.6917023521820639,0.8175850615306011,2.8927921669627397,1.5604830257702307,1.4673023178911095,2.3212869142113894,0.9323508519613798,PSBPM-FD
216,255,235,train,40,False,0.7776748161947656,0.8818587280255072,0.6031206957666135,0.6956249945739339,0.8233127814467205,2.8927921669627397,1.5797318020530315,1.4850225914184085,2.338514479347197,0.9336107420404265,PSBPM-FD
217,256,236,train,40,False,0.7806326344840043,0.8835341727879031,0.6153433799313641,0.6966677218846369,0.825147869207797,2.8927921669627397,1.5756935792104807,1.4844681092844625,2.3283979030671405,0.9339173227495277,PSBPM-FD
218,257,237,train,40,False,0.7789754416045163,0.8825958540603487,0.6138520980773858,0.6948216101401614,0.8242019147276375,2.8927921669627397,1.5853838768222683,1.4903077634467494,2.347793410213767,0.9338384164574622,PSBPM-FD
219,258,238,train,40,False,0.7841648697149498,0.8855308406345596,0.6140977430005986,0.696050220552439,0.8281792344104199,2.8927921669627397,1.6066525314772568,1.5083970825918798,2.3818419547384937,0.9352347726443471,PSBPM-FD
220,259,239,train,40,False,0.8318426286753315,0.9120540711357696,0.6384522938521109,0.7133556459543472,0.8497978019910267,3.30291641035042,1.6547225544802777,1.554478558749155,2.3852392001531335,0.9317405939899858,PSBPM-FD
221,260,240,train,40,False,0.8579639968143887,0.926263459721039,0.6536775124027265,0.7272294852476651,0.8670704926680649,3.30291641035042,1.6943160099657935,1.591575193856975,2.3915943081894486,0.936094891327354,PSBPM-FD
222,261,241,train,40,False,0.8426099138458245,0.917937859468616,0.6470558368876284,0.7186367439356174,0.8571030097503488,3.30291641035042,1.6820721973353898,1.5778534029891402,2.396875465413769,0.9337266143990577,PSBPM-FD
223,262,242,train,40,False,0.8223330970432876,0.9068258361136871,0.63230138830174,0.7146679024657385,0.8480523258761433,3.30291641035042,1.6529186988101743,1.5516414027239758,2.3757319869033466,0.935187653574776,PSBPM-FD
224,263,243,train,40,False,0.8275960401744591,0.9097230568554692,0.6432958397741837,0.7179657775183257,0.8518413099752117,3.30291641035042,1.6596132850516696,1.5571096799452933,2.3718544006180537,0.9363743213453,PSBPM-FD
225,264,244,train,40,False,0.828259601915342,0.9100876891351415,0.6559614693522194,0.7189612490581355,0.8524062784980366,3.30291641035042,1.6585054761278044,1.556171400563937,2.3653224653251144,0.936619941874041,PSBPM-FD
226,265,245,train,40,False,0.8307265333696112,0.9114420076832158,0.6818568626553684,0.718864597866328,0.8540380579040526,3.30291641035042,1.6648514066717603,1.5627283717704397,2.3757588459408714,0.9370185384311202,PSBPM-FD
227,266,246,train,40,False,0.8184489854703845,0.9046817039547028,0.6773461703431144,0.7143470495553383,0.84748037480637,3.30291641035042,1.648071489627546,1.5459918996168864,2.3676023963013018,0.9367718735790893,PSBPM-FD
228,267,247,train,40,False,0.792513719606936,0.8902323964038469,0.6607410581787801,0.7004403584485164,0.8328407929363099,3.30291641035042,1.628766663249929,1.5259893163503828,2.389521994296417,0.9355318861688541,PSBPM-FD
229,268,248,train,40,False,0.7773203458740691,0.8816577260332203,0.6591478370615287,0.6925433312994684,0.8223696549249094,3.30291641035042,1.6125923228878158,1.5089088346095931,2.3950856530683327,0.9327538688113566,PSBPM-FD
230,269,249,train,40,False,0.7746456466306432,0.8801395608826155,0.6592012625750695,0.6906695584077427,0.8205886762130259,3.30291641035042,1.6171237325727041,1.5118829057489118,2.409639233959237,0.932339270592642,PSBPM-FD
231,270,250,train,40,False,0.7406543161950314,0.8606127562353648,0.6549248715524573,0.6709920516067621,0.8001827263147229,3.30291641035042,1.5853430818807854,1.479596323149222,2.4421952849710586,0.9297825537876233,PSBPM-FD
232,271,251,train,40,False,0.6960443773894551,0.8342927408227013,0.6304636548050644,0.6536474962766878,0.7830503433668174,3.30291641035042,1.5706746293324727,1.4629550102062594,2.465408027105819,0.938579835412024,PSBPM-FD
233,272,252,train,40,False,0.676638477234247,0.8225803773700459,0.631703135461284,0.645237043671701,0.772778531567055,3.30291641035042,1.545370299976914,1.4393494601812022,2.4568720013898258,0.939456559902125,PSBPM-FD
234,273,253,train,40,False,0.6859961243844761,0.8282488299928206,0.6203545733894577,0.6505665348649968,0.779296099128185,3.30291641035042,1.5556501336717385,1.4494884120408809,2.4551996022563136,0.9408961062280523,PSBPM-FD
235,274,254,train,40,False,0.6996885443913013,0.8364738754983931,0.6220707460952144,0.6550689045364633,0.7868576418811174,3.30291641035042,1.5781306908263033,1.4706853812100162,2.47208763604602,0.9406840607093518,PSBPM-FD
236,275,255,train,40,False,0.71033063134183,0.8428111480882476,0.6294685297696131,0.665404967131197,0.7974498498817071,3.30291641035042,1.5910789901032345,1.4836803597539021,2.451908250314054,0.9461785735636817,PSBPM-FD
237,276,256,train,40,False,0.7040661515056044,0.8390864982262581,0.6317909762695321,0.6635534134208839,0.7941335611803607,3.30291641035042,1.5848608238697666,1.4778089338347349,2.4502558187504695,0.9464263372835539,PSBPM-FD
238,277,257,train,40,False,0.734341107976942,0.8569370501833504,0.6401963957364085,0.676879835771935,0.8107753274857334,3.30291641035042,1.6284653896135068,1.5184693941475238,2.4652109548949586,0.9461317226420072,PSBPM-FD
239,278,258,train,40,False,0.7233376299964741,0.8504925808003702,0.6334860679306744,0.6726500726526308,0.8050109029693455,3.30291641035042,1.6135891412654098,1.5052119105785695,2.4603325893210086,0.946523133937014,PSBPM-FD
240,279,259,train,40,False,0.7252610334412619,0.8516225886161439,0.6171116800692152,0.6736848720250002,0.8059069464435856,3.30291641035042,1.6179296859903425,1.5086935915951905,2.4630739941674324,0.9463193640191665,PSBPM-FD
241,280,260,train,40,False,0.7072257810711698,0.8409671700317259,0.6031494428902049,0.6620078900432483,0.7958312286089013,3.30291641035042,1.6084766872080105,1.498349510992048,2.487620918248939,0.9463285333467634,PSBPM-FD
242,281,261,train,40,False,0.722547693921966,0.8500280547852324,0.6309876313878536,0.6711111702407095,0.8077603663471955,3.30291641035042,1.6386145151872191,1.5254764595739232,2.50327401860798,0.9502749489265785,PSBPM-FD
243,282,262,train,40,False,0.6948663963611208,0.8335864660376395,0.6589972626566309,0.6581645632115405,0.7956490798301942,3.30291641035042,1.620397828022441,1.508068132184566,2.517933161773073,0.9544889609499342,PSBPM-FD
244,283,263,train,40,False,0.7230295732605805,0.8503114566207963,0.7243040370398033,0.6765315050045928,0.8159047989669876,3.30291641035042,1.6496446528950268,1.5388293982782741,2.495837538833899,0.959536405882918,PSBPM-FD
245,284,264,train,40,False,0.724836023973992,0.8513730228131451,0.7641835223230383,0.6801542815353204,0.8172061912017788,3.30291641035042,1.6495012285898085,1.537887454023395,2.4795874695266336,0.9598685526839097,PSBPM-FD
246,285,265,train,40,False,0.7332494398669611,0.8562998539454278,0.8004872966982728,0.685194841304264,0.8224288439759494,3.30291641035042,1.6603146590324946,1.5489601473883594,2.4753820052947377,0.9604449191326885,PSBPM-FD
247,286,266,train,40,False,0.7427401941888457,0.8618237605153654,0.8259415298676512,0.6867814370225407,0.8280220075572367,3.30291641035042,1.6761928504810004,1.5644752939428248,2.493137461389824,0.9607788105796532,PSBPM-FD
248,287,267,train,40,False,0.7637109845873771,0.8739055924911896,0.8784360131969635,0.6983961438416053,0.8404122069539252,3.30291641035042,1.6909487729326185,1.5789657238277008,2.4716605629307833,0.9616739086864213,PSBPM-FD
249,288,268,train,40,False,0.8236187108399461,0.9075344130334376,0.9568346574019412,0.7174550141397067,0.8639435693437564,3.936796390621989,1.7474341960674764,1.632176236945578,2.4757622675665267,0.9519678338764271,PSBPM-FD
250,289,269,train,40,False,0.8240447993641646,0.9077691332955559,1.011399086603152,0.718695221486948,0.8643666247579912,3.936796390621989,1.745346243047387,1.6304806957925073,2.4621723192361857,0.9521877237883198,PSBPM-FD
251,290,270,train,40,False,0.8288788335503581,0.9104278299515882,1.042121529605863,0.7220160813121351,0.8677429883068951,3.936796390621989,1.7510564761461829,1.6327746537709573,2.457357975025597,0.9531156229627088,PSBPM-FD
252,291,271,train,40,False,0.7771497514087959,0.8815609743000175,1.014966097086612,0.6956923824300214,0.8399982190831778,3.936796390621989,1.7125971624383443,1.5959585353626724,2.4881398884424644,0.9528532269139506,PSBPM-FD
253,292,272,train,40,False,0.7808915762343447,0.8836806981225428,1.0454068180197338,0.6957905336340356,0.8424473985314274,3.936796390621989,1.7246673039224512,1.6065213190154437,2.5074858453293687,0.9533391419788627,PSBPM-FD
254,293,273,train,40,False,0.7832338883451216,0.8850050216496637,1.0607674987840277,0.6951270105923761,0.844204041059992,3.936796390621989,1.7324634603393871,1.613804205778635,2.526056619865792,0.9538974586679543,PSBPM-FD
255,294,274,train,40,False,0.786369979415747,0.8867750444254434,1.0620965149653443,0.6973134942839745,0.846829784998393,3.936796390621989,1.7391654349637353,1.6212077073711917,2.52927334216814,0.9549544614745765,PSBPM-FD
256,295,275,train,40,False,0.7719048252113613,0.8785811432140809,1.0373171485442207,0.6878833496830228,0.8357607355175467,3.936796390621989,1.7193217899673523,1.6004740005772284,2.534535805526332,0.9512618634860681,PSBPM-FD
257,296,276,train,40,False,0.8070960067755873,0.8983852218150004,0.9517920884245082,0.7027179789999367,0.8510757773931161,3.936796390621989,1.7505878006815148,1.6290823069215647,2.5322011209290487,0.9473394672206369,PSBPM-FD
258,297,277,train,40,False,0.8228709923331874,0.9071223689961501,0.9404883581531442,0.708937300835913,0.8588637595515698,3.936796390621989,1.7594089059813158,1.6398197454002825,2.522791763843376,0.946800331362146,PSBPM-FD
259,298,278,train,40,False,0.824359830974629,0.9079426363898927,0.9150973440000043,0.7096473554004439,0.8598540351343562,3.936796390621989,1.7556154689136274,1.6390464879108824,2.512762817462917,0.9470356393364855,PSBPM-FD
260,299,279,train,40,False,0.8002967279394447,0.8945930515823632,0.8109954098367358,0.7036654155909219,0.8509933774501791,3.936796390621989,1.7300790423518044,1.6164281155504987,2.5031781290241923,0.951263120080058,PSBPM-FD
261,300,280,train,40,False,0.7848387332159541,0.8859112445476433,0.7659643736837193,0.697022935784924,0.8427407268946407,3.936796390621989,1.7118244369569617,1.5994028404464558,2.5026194931085746,0.951269929218422,PSBPM-FD
262,301,281,train,40,False,0.780679949196237,0.8835609482068778,0.7517272510140997,0.6928460459003172,0.8384545107657113,3.936796390621989,1.7086477581566164,1.5966010930996841,2.5172045281641053,0.9489492631688774,PSBPM-FD
263,302,282,train,40,False,0.768579542241989,0.8766866841933832,0.7300247181592407,0.6859948680719512,0.8307475198786147,3.936796390621989,1.6914136982563328,1.5801769367534206,2.511857966975911,0.9475991079332567,PSBPM-FD
264,303,283,train,40,False,0.7741587196506654,0.8798628982123666,0.7013633552233535,0.6894875900268064,0.8340805744335344,3.936796390621989,1.694168092765167,1.5820212607157917,2.5034891309823304,0.9479665253849788,PSBPM-FD
265,304,284,train,40,False,0.7747736982225029,0.8802123029261195,0.6684299310798997,0.6890504295725913,0.8345857660721319,3.936796390621989,1.6993658819845112,1.5875138756723115,2.5157042214708922,0.9481641682326981,PSBPM-FD
266,305,285,train,40,False,0.7803170596212479,0.8833555680592317,0.6438753908426297,0.6913516744012023,0.8378332431417237,3.936796390621989,1.7007116578461674,1.5890918919381214,2.5083773272997743,0.9484665897136728,PSBPM-FD
267,306,286,train,40,False,0.7753230274415358,0.8805242912274117,0.6144535951435903,0.6869746923914963,0.8344461942525351,3.936796390621989,1.7025057387387972,1.5891762771488467,2.5298027026853425,0.9476697037958535,PSBPM-FD
268,307,287,train,40,False,0.7727269152791456,0.87904886967628,0.6024650235526465,0.6855197361207772,0.8320661905400776,3.936796390621989,1.6954402445628602,1.5823740503650197,2.522964534431801,0.9465528245847078,PSBPM-FD
269,308,288,train,40,False,0.7747238874493407,0.8801840077218744,0.5934476414840487,0.6888577716264249,0.8338742968046757,3.936796390621989,1.6946436777096558,1.5809415664290183,2.5057317759709195,0.9473863300049506,PSBPM-FD
270,309,289,train,40,False,0.7801456758364788,0.8832585554844509,0.5909943652547305,0.6902246657258686,0.8373302753222915,3.936796390621989,1.7016243979323786,1.5886917531751445,2.5106389765898856,0.9480013186660066,PSBPM-FD
271,310,290,train,40,False,0.8000573771368831,0.8944592652194302,0.6119613131016652,0.7024729412002362,0.8514207158083217,3.936796390621989,1.721459002248146,1.6100907033797842,2.4829184349789264,0.9518831644048651,PSBPM-FD
272,311,291,train,40,False,0.7838330730708315,0.8853434774542768,0.5973530683127055,0.6939562151572474,0.8404588464282586,3.936796390621989,1.696410230888865,1.5854392015132495,2.479874210295172,0.9493025789775061,PSBPM-FD
273,312,292,train,40,False,0.7848995315942642,0.88594555791779,0.5979298787953156,0.6933123639101273,0.8411666672519429,3.936796390621989,1.7016820169378,1.590308400618987,2.490259023658377,0.949456385592034,PSBPM-FD
274,313,293,train,40,False,0.7768247663754033,0.8813766313985204,0.6032195283529949,0.688242591424223,0.8357030500080143,3.936796390621989,1.6950786809533862,1.5828311213348543,2.4979847921075917,0.9481792689261187,PSBPM-FD
275,314,294,train,40,False,0.7696093222162507,0.8772738011682845,0.6023059637647589,0.6844005100338005,0.8320338522477938,3.936796390621989,1.6816976094646308,1.5705094483983093,2.492006369260738,0.9484312094351346,PSBPM-FD
276,315,295,train,40,False,0.7798540635361844,0.8830934625146901,0.5992736162087224,0.6900283341358449,0.8381563409548656,3.936796390621989,1.6889179380949124,1.5777439982010768,2.48918882763926,0.949113968716446,PSBPM-FD
277,316,296,train,40,False,0.7727672270222755,0.8790717985592961,0.5951995525071236,0.6870785909832413,0.8336611712614985,3.936796390621989,1.6724904876978735,1.5612660771148277,2.4752349001081297,0.9483425274565506,PSBPM-FD
278,317,297,train,40,False,0.738592772907621,0.8594142033429637,0.604543265724582,0.6696162512129105,0.8131086176103782,3.936796390621989,1.6237635180503616,1.5165182499693146,2.470972260196992,0.9461195945418805,PSBPM-FD
279,318,298,train,40,False,0.7288683272744251,0.8537378562968992,0.6054245484020985,0.665030186381885,0.8061653163375432,3.936796390621989,1.6048261939410402,1.4982495774792253,2.456344102932848,0.9442773450790823,PSBPM-FD
280,319,299,train,40,False,0.7430846833192462,0.8620235978900149,0.6432949968368014,0.6658973637445135,0.8120456585877645,3.936796390621989,1.622225119226415,1.5152372153229552,2.4715316370685243,0.942022539261591,PSBPM-FD
281,320,300,train,40,False,0.7474878506516437,0.8645737971114112,0.6853635486156071,0.6725397615976145,0.8149732083901544,3.936796390621989,1.6140273874977211,1.50918982375224,2.4363213561055757,0.9426300115883974,PSBPM-FD
282,321,301,train,40,False,0.7387499312715629,0.8595056319021783,0.690318109008339,0.6687954534309222,0.8092758624411467,3.936796390621989,1.5921823469015255,1.490630625058511,2.4156752075190546,0.9415596971134815,PSBPM-FD
283,322,302,train,40,False,0.7350094807519495,0.8573269392431043,0.6991565963746373,0.6691911833590346,0.8070933484618183,3.936796390621989,1.5795734889217017,1.477925583350053,2.3963491125473997,0.9414067277232243,PSBPM-FD
284,323,303,train,40,False,0.7155372290789873,0.8458943368287716,0.6900582016316616,0.6585328747678313,0.7960132373130111,3.936796390621989,1.5700779715736628,1.4661511239982752,2.4157005870166524,0.9410315244540316,PSBPM-FD
285,324,304,train,40,False,0.7153440311110426,0.8457801316601393,0.7199148357534718,0.657285979354213,0.79587858209737,3.936796390621989,1.5776537082079507,1.4713923786093432,2.4333980958760213,0.9409993830609142,PSBPM-FD
286,325,305,train,40,False,0.7067066938035756,0.8406584882124106,0.7764029882499628,0.6514772894676139,0.7904954838218954,3.936796390621989,1.5636108998543752,1.4573952727245625,2.435558422075012,0.9403289146616688,PSBPM-FD
287,326,306,train,40,False,0.6922815524336097,0.8320345860801759,0.8486470620755941,0.646324077615493,0.7811755920619898,3.936796390621989,1.5453672431127754,1.4388912488452037,2.427950871891306,0.938873942418921,PSBPM-FD
288,327,307,train,40,False,0.6764455719307975,0.8224631128085912,0.9066778167548695,0.6380801416500083,0.772591324277901,3.936796390621989,1.5353727594588442,1.4279431970915266,2.440575785993244,0.9393628872176585,PSBPM-FD
289,328,308,train,40,False,0.6085878635468311,0.7801204160556441,0.907856960849886,0.6153360227607726,0.7432697534257823,2.8170921871616317,1.4695006996046032,1.3643673871397872,2.4373688996328315,0.952762853180818,PSBPM-FD
290,329,309,train,40,False,0.6208893987820373,0.7879653537954808,0.9675644925043934,0.623364755202463,0.7521805328165454,2.8170921871616317,1.485040861528855,1.3803187780610895,2.4322046528335592,0.9545857938974516,PSBPM-FD
291,330,310,train,40,False,0.6141985851917594,0.7837082270792871,1.0413221420289938,0.6189927393263603,0.7473026655986006,2.8170921871616317,1.4766538830177285,1.3740494479529328,2.4372918565005,0.9535470469458228,PSBPM-FD
292,331,311,train,40,False,0.6417317562753055,0.8010816164881738,1.0541953679964087,0.6352070191775532,0.7657496965640144,2.8170921871616317,1.5058474342044612,1.404483869687962,2.4160018855638095,0.9558947313270658,PSBPM-FD
293,332,312,train,40,False,0.640720670400028,0.8004502922730605,1.0920551808221268,0.6356350933725403,0.7651179593130724,2.8170921871616317,1.4997163985192876,1.3985334324613952,2.4041472930614205,0.9558594289975784,PSBPM-FD
294,333,313,train,40,False,0.6376513452535739,0.7985307415832993,1.0762036028637552,0.6346189306844489,0.7627748641424994,2.8170921871616317,1.4909222372933528,1.3900721697465184,2.3928197027634366,0.955222916816071,PSBPM-FD
295,334,314,train,40,False,0.6520770735986938,0.8075128937662196,1.0495745407769306,0.6421236573195961,0.7715216343726765,2.8170921871616317,1.5025601794794654,1.4023396475087946,2.385587590668726,0.9554294926169157,PSBPM-FD
296,335,315,train,40,False,0.679099823153121,0.8240751319831955,1.0655483219747584,0.6555416518781705,0.788867460648,2.8170921871616317,1.5398901752045162,1.4397303353981767,2.389437757109286,0.9572761390694248,PSBPM-FD
297,336,316,train,40,False,0.6712224126421802,0.8192816442727008,0.9408360525098521,0.6539855321429596,0.7860518842899978,2.4281820846495927,1.522469727372888,1.4247603596239664,2.377887554213829,0.959440370457461,PSBPM-FD
298,337,317,train,40,False,0.6621928017101615,0.8137522975145209,0.8148785537942089,0.6494098751765218,0.7818920807471219,2.4281820846495927,1.5178832082948728,1.4197299421220653,2.3867088992769796,0.9608477704275477,PSBPM-FD
299,338,318,train,40,False,0.6801972383021617,0.8247407097398319,0.7853446891921224,0.6598795115114839,0.791276904770097,2.4281820846495927,1.5240739095486857,1.4264512108933107,2.365612534032418,0.959425059810263,PSBPM-FD
300,339,319,train,40,False,0.6499084984594138,0.8061690259861227,0.7396534973059655,0.6440661757066699,0.7724372438249045,2.4281820846495927,1.486041787845107,1.3896211616683862,2.3605158102530077,0.9581579283327627,PSBPM-FD
301,340,320,train,40,False,0.6497693385579747,0.8060827119830661,0.7047122689744757,0.6448413826327138,0.7723468434175924,2.4281820846495927,1.4818538044961334,1.385941707631119,2.3511431930800093,0.9581483784927242,PSBPM-FD
302,341,321,train,40,False,0.6729392578257675,0.8203287498471374,0.7084361076860339,0.6582856761792943,0.788418318597284,2.4281820846495927,1.512147138846188,1.4125253955914991,2.3468858958983896,0.961100435336687,PSBPM-FD
303,342,322,train,40,False,0.6876282445424567,0.8292335283516078,0.7203569849133508,0.6643223523741557,0.7974652017390454,2.4281820846495927,1.5354023168601714,1.4359436255477314,2.3619193679869737,0.9616895295156321,PSBPM-FD
304,343,323,train,40,False,0.6708589606507942,0.8190598028537319,0.7141838163865479,0.6537630611454774,0.7844188396739288,2.4281820846495927,1.511342900634352,1.4136718803329476,2.3614660601896076,0.9577064299101132,PSBPM-FD
305,344,324,train,40,False,0.6840114659814386,0.8270498570107117,0.7263200522055251,0.6590082785396436,0.7927847203090305,2.4281820846495927,1.5274374874826249,1.43013606945191,2.3657443567175553,0.9585694424450673,PSBPM-FD
306,345,325,train,40,False,0.6871295094961634,0.8289327533015952,0.7419209936638221,0.6623253482392215,0.7944236971599288,2.4281820846495927,1.5215269591427036,1.4256640974887893,2.3487823649453206,0.9583692935232457,PSBPM-FD
307,346,326,train,40,False,0.6969549541713993,0.8348382802503724,0.7456901116559824,0.6691613575758348,0.8006162007399806,2.4281820846495927,1.5249098433228203,1.4300757141921119,2.3272686085691783,0.9590075343692572,PSBPM-FD
308,347,327,train,40,False,0.7145011769220178,0.8452817145319174,0.7445521228483398,0.6796838892677333,0.8125337359764224,2.4281820846495927,1.5402165057776658,1.4461167552326026,2.3111316554300005,0.9612579120161976,PSBPM-FD
309,348,328,train,40,False,0.7315832891357319,0.8553264225637671,0.7285867173096413,0.6881229773513919,0.8231899025897583,2.4281820846495927,1.559158244498859,1.4667804705593879,2.3147353790443197,0.9624277712856311,PSBPM-FD
310,349,329,train,40,False,0.7391730781344059,0.85975175378385,0.7497784757351479,0.6935400489352472,0.8272498081852511,2.4281820846495927,1.5516857758498557,1.4619453110940144,2.2874839773651665,0.9621961275966524,PSBPM-FD
311,350,330,train,40,False,0.7270308759613597,0.8526610557316194,0.7256563694905591,0.6879675432402028,0.8200618119701322,2.4281820846495927,1.5421656103837968,1.450198078634529,2.293407344825092,0.9617676407965933,PSBPM-FD
312,351,331,train,40,False,0.7422624391442313,0.8615465391632836,0.7239604024900292,0.6968164398546417,0.8305005297249117,2.4281820846495927,1.5609985899521148,1.4684101883115974,2.287213649307862,0.9639647911898954,PSBPM-FD
313,352,332,train,40,False,0.7382026632954929,0.8591872108542427,0.7234559921405065,0.695008274544585,0.8276429149543517,2.4281820846495927,1.5510362208127315,1.4595793312773138,2.2772105588713756,0.9632858875209186,PSBPM-FD
314,353,333,train,40,False,0.7399981282260795,0.8602314387570821,0.7196218003183499,0.6963536063898137,0.8290092992787035,2.4281820846495927,1.5519501818790484,1.4615977056833962,2.273149405306586,0.96370495418827,PSBPM-FD
315,354,334,train,40,False,0.7343259555737042,0.8569282091130529,0.728205256215837,0.6941352385307991,0.8256431811387517,2.4281820846495927,1.5511231224173236,1.46113724228833,2.279103688301506,0.9634916581790648,PSBPM-FD
316,355,335,train,40,False,0.7187603282865235,0.847797339159851,0.7357738518221589,0.6826409745253155,0.8152957546167281,2.4281820846495927,1.543881276156311,1.4535983288791436,2.3059505327449346,0.9616634978173778,PSBPM-FD
317,356,336,train,40,False,0.7229422693462901,0.8502601186379908,0.7536834427695225,0.6819775868326281,0.8180694992842591,2.4281820846495927,1.5672986556920867,1.4746947184576302,2.3476821602960314,0.9621402690210885,PSBPM-FD
318,357,337,train,40,False,0.7460275228483464,0.863728847988966,0.7629002364395872,0.6933966496018978,0.833782350198202,2.4281820846495927,1.6064964630887655,1.5101612739427375,2.3605572502270276,0.9653288206588342,PSBPM-FD
319,358,338,train,40,False,0.7565391607403885,0.8697925963931795,0.7511569538623339,0.6993836399990678,0.8411895682313653,2.4281820846495927,1.6214189927791214,1.524701389795532,2.3649625828253535,0.9671151165456867,PSBPM-FD
320,359,339,train,40,False,0.7405081302769749,0.8605278207454858,0.7495088965040061,0.694858540907183,0.8344646453334782,2.4281820846495927,1.6141474459610172,1.5168772343752681,2.3680949491491363,0.9697125708388733,PSBPM-FD
321,360,340,train,40,False,0.7469082596704327,0.8642385432682534,0.7433558118769005,0.6958034764575787,0.8380885180744689,2.4281820846495927,1.6286889671703928,1.5302995004762399,2.3843795907739787,0.9697421210874325,PSBPM-FD
322,361,341,train,40,False,0.7490535556386879,0.8654788013803041,0.7619642023857983,0.6976995650276945,0.8396561509007107,2.4281820846495927,1.631537521230704,1.5335106257920037,2.383276440137221,0.9701637400726507,PSBPM-FD
323,362,342,train,40,False,0.8000531168951319,0.8944568837541204,0.7612844727449368,0.7145139837520389,0.8604142577021985,3.0228659316777238,1.671543467280871,1.5720969608265052,2.3878228911997743,0.961940450489864,PSBPM-FD
324,363,343,train,40,False,0.8078402104275831,0.8987993159919422,0.7362809764827661,0.7202768195156587,0.8655399458695804,3.0228659316777238,1.674662195539026,1.5773381455228699,2.3720816945093604,0.9629957772212413,PSBPM-FD
325,364,344,train,40,False,0.8019484816365697,0.8955157629190955,0.7223294867625832,0.7151814737051068,0.8607854648226383,3.0228659316777238,1.6627161596925966,1.5670458804575311,2.378750701845766,0.9612175468768439,PSBPM-FD
326,365,345,train,40,False,0.7918168421750316,0.8898409083510556,0.7222432824339149,0.7075700853500491,0.8503669430275338,3.0228659316777238,1.6429452092681536,1.5473012002367381,2.38223476368874,0.9556393002917003,PSBPM-FD
327,366,346,train,40,False,0.8025128826894992,0.8958308337456906,0.7240382635856478,0.7124849577020136,0.8576595826934537,3.0228659316777238,1.6583026214817245,1.5629727218718887,2.386663372273359,0.957390112491849,PSBPM-FD
328,367,347,train,40,False,0.7963153003218322,0.8923650039764178,0.7239693794300962,0.708653536349524,0.8529376923052295,3.0228659316777238,1.6485327852151073,1.554664229398258,2.3874245574903923,0.9558170574871286,PSBPM-FD
329,368,348,train,40,False,0.7916274131335533,0.8897344621478666,0.7402967814522768,0.7030387954437229,0.8479634100538183,3.0228659316777238,1.6377844961877763,1.5458034416735396,2.4045485699774587,0.953052226398862,PSBPM-FD
330,369,349,train,40,False,0.7889296709698408,0.888217130531629,0.7471753713411001,0.6998225147225794,0.8463503441557911,3.0228659316777238,1.6387972547880552,1.5454468971678543,2.417719187249941,0.9528642435090403,PSBPM-FD
331,370,350,train,40,False,0.7931786286078643,0.8906057649756508,0.7596482802522261,0.703116156089336,0.8496021956427887,3.0228659316777238,1.644749037879339,1.5512137634919199,2.4130199898339546,0.9539599102707548,PSBPM-FD
332,371,351,train,40,False,0.8028373775550712,0.8960119293598,0.7217681929302444,0.7089369093673005,0.8536402104472464,3.0228659316777238,1.648600062949816,1.5541361415641948,2.4054695088316462,0.9527107647519513,PSBPM-FD
333,372,352,train,40,False,0.7960653391077896,0.8922249375061143,0.6996995460753681,0.7055151293230997,0.848728472193773,3.0228659316777238,1.6362535264206293,1.5429844349012605,2.398659207475654,0.9512494400415217,PSBPM-FD
334,373,353,train,40,False,0.8061891360641681,0.8978803573217136,0.7028890209500238,0.711885244007908,0.8555306847302517,3.0228659316777238,1.6430635848830732,1.551065456694437,2.3824227399368514,0.9528337241748035,PSBPM-FD
335,374,354,train,40,False,0.8083995228770229,0.8991104063890167,0.686911328790477,0.7111802439841661,0.8566129218669485,3.0228659316777238,1.6498756572629696,1.5568023776263744,2.392426428698618,0.9527338531285101,PSBPM-FD
336,375,355,train,40,False,0.7848303834222933,0.8859065319898557,0.6705034775749773,0.7008143078256552,0.8427140615563161,3.0228659316777238,1.614528504076852,1.522932813203094,2.376983705255287,0.9512448899811992,PSBPM-FD
337,376,356,train,40,False,0.7477858313862424,0.8647461080492022,0.6417683484842045,0.6826333943342203,0.8233082523732893,3.0228659316777238,1.5890468475763722,1.4973981259439602,2.3902012448491297,0.9520808994799718,PSBPM-FD
338,377,357,train,40,False,0.7400229895037994,0.8602458889781452,0.6423623614469235,0.6804183439893989,0.819078005344948,3.0228659316777238,1.5821110986590954,1.4915088391813227,2.389197232749219,0.9521440507177557,PSBPM-FD
339,378,358,train,40,False,0.7138717931711989,0.8449093402082847,0.6446177501207052,0.6665554833998122,0.8033806456015308,3.0228659316777238,1.5616447824327948,1.4696932570582226,2.3985843879377304,0.9508483423836736,PSBPM-FD
340,379,359,train,40,False,0.712172553110818,0.8439031657191588,0.6616916733103587,0.6645196505945334,0.8011603227858668,3.0228659316777238,1.5598150115727134,1.4676719994600496,2.4070956443469544,0.9493510100807985,PSBPM-FD
341,380,360,train,40,False,0.7109188232556801,0.8431600223300914,0.6700182028150251,0.6625109834128442,0.8003258250489935,3.0228659316777238,1.562608535276044,1.4686189495097228,2.4197050968962808,0.9491980215538154,PSBPM-FD
342,381,361,train,40,False,0.6892551949459378,0.8302139452851522,0.6840816844655565,0.650468107651,0.7859892731672173,3.0228659316777238,1.5313086046676048,1.4410137199938764,2.4124647252214575,0.9467309934155044,PSBPM-FD
343,382,362,train,40,False,0.7222014490907528,0.8498243636721371,0.7056271195369579,0.6633496615233845,0.7991128195610047,3.0228659316777238,1.5436968842708088,1.4532876549097602,2.3976578286339825,0.9403270295852603,PSBPM-FD
344,383,363,train,40,False,0.7319456666948788,0.8555382321643369,0.714360552795609,0.6711381854359728,0.8078635276506525,3.0228659316777238,1.5543392479370697,1.4645427549705707,2.3870310956942578,0.9442751910769936,PSBPM-FD
345,384,364,train,40,False,0.7222931385220986,0.8498783080665717,0.7080124925057559,0.666416522318319,0.8021059548807999,3.0228659316777238,1.5458193612807833,1.4551513948257868,2.394853719672832,0.9437891840133544,PSBPM-FD
346,385,365,train,40,False,0.727416862649074,0.8528873680909302,0.7458447665360245,0.6657405687961581,0.804584610669694,3.0228659316777238,1.5650000159614703,1.4700465656951505,2.419563690098024,0.9433656081349227,PSBPM-FD
347,386,366,train,40,False,0.7171100899138934,0.8468235293813543,0.7623887167899523,0.6603658605012692,0.798028684434783,3.0228659316777238,1.5544706278999645,1.4589246108202685,2.4211553412657656,0.9423789688718046,PSBPM-FD
348,387,367,train,40,False,0.7126495895864295,0.8441857553799575,0.7497751276169674,0.6588285573339205,0.7956211192514759,3.0228659316777238,1.5557008747004482,1.4590848955994242,2.4269698034975313,0.9424716233139668,PSBPM-FD
349,388,368,train,40,False,0.6926171150950621,0.8322362135205738,0.7469213839326149,0.6472421494827441,0.7821974655146964,3.0228659316777238,1.53540318287617,1.4358744904900287,2.434249921578324,0.9398743443352452,PSBPM-FD
350,389,369,train,40,False,0.6842004793254363,0.8271641187366847,0.758349784766966,0.643734487918528,0.7776475631546843,3.0228659316777238,1.533210189409885,1.4319732909726979,2.4403400890132607,0.9401369638015412,PSBPM-FD
351,390,370,train,40,False,0.6895451192585187,0.8303885351198671,0.762317261897092,0.6466881680856672,0.7811170024697486,3.0228659316777238,1.5431889089263764,1.4421238700659713,2.443816426699229,0.9406644834721783,PSBPM-FD
352,391,371,train,40,False,0.6798113626351989,0.8245067389871346,0.7220063513504769,0.6414553444670821,0.7751787415762896,3.0228659316777238,1.5353091628071636,1.4341540514580733,2.4523157139224208,0.940172717725216,PSBPM-FD
353,392,372,train,40,False,0.6810036952762177,0.8252294803727129,0.7251181833186267,0.6406989838597626,0.7760672667499962,3.0228659316777238,1.5442716146046638,1.4406573419319972,2.4721370652906876,0.9404260090168945,PSBPM-FD
354,393,373,train,40,False,0.685980640195553,0.8282394823935605,0.718786856251724,0.6434700521457867,0.7793823868266797,3.0228659316777238,1.5516745559716727,1.4459726483550042,2.473922011491127,0.9410109073456788,PSBPM-FD
355,394,374,train,40,False,0.6886343841809467,0.8298399750439519,0.7136997443013807,0.6448665081772534,0.781024437657298,3.0228659316777238,1.5556846516798049,1.448640964719796,2.4749802996707935,0.9411747579597278,PSBPM-FD
356,395,375,train,40,False,0.694034844040015,0.8330875368411264,0.7018767986254382,0.6491559914056243,0.785304997348397,3.0228659316777238,1.5682549858807686,1.459321749316853,2.4767644346773623,0.9426440351347596,PSBPM-FD
357,396,376,train,40,False,0.6882298523304595,0.8295961983582492,0.690762149403263,0.6477792416134924,0.781327742751345,3.0228659316777238,1.5445296899823482,1.4395564135988441,2.442314297074323,0.9418169276782772,PSBPM-FD
358,397,377,train,40,False,0.6645251013703591,0.8151840904791746,0.6706991137131942,0.6356227237307108,0.764850167707908,3.0228659316777238,1.5044765151264365,1.4017122723913575,2.4327426147457674,0.9382545324925567,PSBPM-FD
359,398,378,train,40,False,0.6568896725609349,0.8104873056136875,0.6496670011030958,0.6313737026931288,0.7598056735719443,3.0228659316777238,1.4948569422443645,1.3920076675407713,2.4317013874877618,0.9374677040704937,PSBPM-FD
360,399,379,train,40,False,0.6327992463179062,0.7954867983303722,0.6174723875623171,0.6174366916540424,0.7431971522158681,3.0228659316777238,1.4676859846699357,1.364190036313979,2.4487944561130393,0.9342671101214332,PSBPM-FD
361,400,380,train,40,False,0.6261351228696791,0.791287004107662,0.6129292302383852,0.6145944165382253,0.7394097758848319,3.0228659316777238,1.4644399040188012,1.3598456360302393,2.4526984004025976,0.9344394284835599,PSBPM-FD
362,401,381,train,40,False,0.6307509224615231,0.7941982891328355,0.5929404326256849,0.615617319587494,0.7423871462986474,3.0228659316777238,1.4824410923627998,1.3750632184618137,2.476251916788299,0.9347629634272326,PSBPM-FD
363,402,382,train,40,False,0.5739424345822166,0.7575898854804073,0.5484844058347559,0.5951097693315746,0.7176727440600539,2.463028134630272,1.4373854771197994,1.3313053971729119,2.4759029862173323,0.9473103559255666,PSBPM-FD
364,403,383,train,40,False,0.5709168079809415,0.7555903704924656,0.548953861754809,0.592928799333948,0.7158400862480183,2.463028134630272,1.4370602920653475,1.3301106105179659,2.4818626205555665,0.9473917537904307,PSBPM-FD
365,404,384,train,40,False,0.5835954670281156,0.763934203336986,0.5625361901543041,0.6021498227921318,0.724838683099217,2.463028134630272,1.4506644771686772,1.3435211654499815,2.4616865584882213,0.9488234457012219,PSBPM-FD
366,405,385,train,40,False,0.6020178767222534,0.7758981097555615,0.565162310797376,0.614185480350186,0.7404490624442295,2.463028134630272,1.482027927528523,1.3744523239417055,2.4576910018231937,0.9543122391128136,PSBPM-FD
367,406,386,train,40,False,0.6343096252178666,0.7964355750579368,0.5756371621120527,0.6247111828853891,0.7543914190764732,2.7664722800584873,1.5045482015998282,1.395788374481906,2.4526743307301997,0.9472095957310733,PSBPM-FD
368,407,387,train,40,False,0.630146707323524,0.7938178048667868,0.5693274976448116,0.621320314623069,0.7500001286358942,2.7664722800584873,1.494527272591737,1.3864820286965196,2.4495781854644876,0.9448013436304245,PSBPM-FD
369,408,388,train,40,False,0.651310947703663,0.8070383805641854,0.5597337615836246,0.6361801822778812,0.7655156070264428,2.7664722800584873,1.5175475193546795,1.408708373236061,2.4175604317565584,0.948549196001416,PSBPM-FD
370,409,389,train,40,False,0.6398454852672432,0.799903422462514,0.5407338367475936,0.6297980507054268,0.7562485344704123,2.7664722800584873,1.4954420692203745,1.3888025833221682,2.4046696653193322,0.9454248015870347,PSBPM-FD
371,410,390,train,40,False,0.6538930424632703,0.8086365329758917,0.5721585449965352,0.6382411100083893,0.7642456196047787,2.7664722800584873,1.497305017454582,1.3910820596481628,2.384488480873112,0.9451039972090447,PSBPM-FD
372,411,391,train,40,False,0.636821302090415,0.798010840835145,0.5952651958501829,0.629369709792568,0.7566580928976642,2.7664722800584873,1.495097393432124,1.3863161342270545,2.402278347550646,0.9481802178348808,PSBPM-FD
373,412,392,train,40,False,0.636846902914801,0.7980268810728126,0.6282486290424704,0.6297829263432891,0.7566797308997881,2.7664722800584873,1.4923082706894089,1.3858948178549784,2.3948843724476596,0.9481882739119762,PSBPM-FD
374,413,393,train,40,False,0.6394537387422788,0.799658513830922,0.6364889161435104,0.6317845279180774,0.7581138220811953,2.7664722800584873,1.4938862002921114,1.388475891763155,2.3912012230385216,0.9480469587565589,PSBPM-FD
375,414,394,train,40,False,0.6202231974177519,0.787542505149882,0.6362216690572183,0.6232238445846523,0.7461475533955749,2.7664722800584873,1.4688238233605069,1.365012808385489,2.3834281947055396,0.9474378189321617,PSBPM-FD
376,415,395,train,40,False,0.6163679063875425,0.7850910179001811,0.6549529841305066,0.6195950092663634,0.7422252451858535,2.7664722800584873,1.4624369245312883,1.3600100864798481,2.3865376927715367,0.9454002507518464,PSBPM-FD
377,416,396,train,40,False,0.6199066334302249,0.787341497337861,0.6624108480150216,0.6222668840387836,0.7450646638613477,2.7664722800584873,1.473169569344147,1.3687907819448637,2.39440446247398,0.9463043245917323,PSBPM-FD
378,417,397,train,40,False,0.61325778649249,0.7831077745064787,0.6773888829069551,0.6189629716684599,0.7405934077030188,2.7664722800584873,1.4618593789754364,1.3585174539149942,2.3905162677954683,0.9457107077882699,PSBPM-FD
379,418,398,train,40,False,0.6157472919902185,0.7846956683901208,0.7125491011526758,0.6199235061648503,0.7428034186307799,2.7664722800584873,1.4657535729437878,1.361891480341853,2.394185349832592,0.9466133796236101,PSBPM-FD
380,419,399,train,40,False,0.6320901462823241,0.7950409714488456,0.7368319634910089,0.6311467872510736,0.7562578914153025,2.7664722800584873,1.4948572456887486,1.387628144977225,2.3967767583265402,0.9512187655400116,PSBPM-FD
381,420,400,train,40,False,0.6415472476414065,0.800966446014692,0.7551712405179587,0.6343114207026053,0.7618455355789534,2.7664722800584873,1.502336762504002,1.399041190835998,2.3948345268688156,0.951157866062443,PSBPM-FD
382,421,401,train,40,False,0.6725398044100214,0.8200852421608509,0.7449522845635836,0.6514486599279335,0.7803276149844054,2.7664722800584873,1.5364189843131189,1.4327037759974912,2.3935269789999216,0.9515201284787327,PSBPM-FD
383,422,402,train,40,False,0.6340816245882082,0.7962924240429569,0.6978526432726967,0.6353619208323279,0.7642525131968807,2.7664722800584873,1.5179628980914308,1.4138751905123923,2.411098592600883,0.9597636372283912,PSBPM-FD
384,423,403,train,40,False,0.6508457610697429,0.8067501230676961,0.7018973886909846,0.642941417715291,0.7734132756583711,2.7664722800584873,1.54080369172439,1.43553635184776,2.4206339456003887,0.9586776048046198,PSBPM-FD
385,424,404,train,40,False,0.6528143176928476,0.8079692554131299,0.6900271924686244,0.646562432449643,0.7747267596517682,2.7664722800584873,1.5390028144558277,1.4338151663948537,2.401665112473657,0.9588567318141775,PSBPM-FD
386,425,405,train,40,False,0.6402081826593443,0.8001301035827513,0.6668550792734589,0.6441300593215237,0.7680955706036057,2.7664722800584873,1.5091510530341075,1.4081488205693293,2.37050344016418,0.9599633449164027,PSBPM-FD
387,426,406,train,40,False,0.6516045887765216,0.807220285161691,0.6686506318127412,0.6493572302238348,0.7752380060990843,2.7664722800584873,1.524685295812358,1.422594718450118,2.375668945843173,0.9603797381575956,PSBPM-FD
388,427,407,train,40,False,0.6591959643530944,0.8119088399279161,0.6723640737423007,0.6514350443274972,0.779202236321084,2.7664722800584873,1.5346972077731893,1.43303539903072,2.381897897058399,0.9597164090370837,PSBPM-FD
389,428,408,train,40,False,0.6669611537373278,0.8166768967819084,0.6824861659324468,0.6571629368671363,0.7856106541566497,2.7664722800584873,1.5392437062259665,1.440731171375291,2.3684829079764174,0.9619601794201914,PSBPM-FD
390,429,409,train,40,False,0.6565239871721656,0.8102616782078279,0.7064589922890128,0.6498372924616762,0.7779426601794484,2.7664722800584873,1.5272411634703582,1.4287064503632974,2.3767795899194475,0.9601128636616949,PSBPM-FD
391,430,410,train,40,False,0.6633554811080686,0.8144663781323749,0.6975964616331312,0.6525390913829217,0.7816783764901702,2.7664722800584873,1.5268466000506453,1.428580625305091,2.367219776142547,0.9597429648141036,PSBPM-FD
392,431,411,train,40,False,0.6555331031551772,0.8096499880535892,0.6801796982846621,0.6465804167823699,0.7747128072415641,2.7664722800584873,1.5131433731981856,1.4146081391484402,2.375675771204274,0.9568490318933806,PSBPM-FD
393,432,412,train,40,False,0.6453892366385328,0.8033612118085692,0.6696912899880959,0.6387104271836539,0.7640422760366448,2.7664722800584873,1.4907992977835434,1.3938519553976416,2.374536970690309,0.9510569651683735,PSBPM-FD
394,433,413,train,40,False,0.6464854548779094,0.8040431921718568,0.6818411375869151,0.6388142800933461,0.7647025285999041,2.7664722800584873,1.5000230841221467,1.402680009991406,2.3876770918025034,0.9510714549231031,PSBPM-FD
395,434,414,train,40,False,0.6509040937957064,0.8067862751656762,0.6950500043635883,0.6411343687138495,0.7671834671814837,2.7664722800584873,1.5059745894702457,1.4092540724272187,2.3882094812437074,0.9509128883283742,PSBPM-FD
396,435,415,train,40,False,0.6524697161158958,0.8077559755990021,0.6851999329134618,0.6410607771676645,0.7682446929878699,2.7664722800584873,1.5048686062048469,1.407828114097752,2.3866747008629874,0.9510851249576555,PSBPM-FD
397,436,416,train,40,False,0.6526796924648567,0.8078859402569503,0.6867714241740214,0.6420409165487848,0.7684053624471895,2.7664722800584873,1.5006538072357511,1.4045957631737802,2.3753754002179797,0.9511310002533231,PSBPM-FD
398,437,417,train,40,False,0.6626216255501207,0.8140157403577162,0.6974763388767622,0.6490921760255516,0.7771950461231875,2.7664722800584873,1.5254872480270314,1.4266616813767858,2.3855656090206887,0.9547666065789491,PSBPM-FD
399,438,418,train,40,False,0.6643769430127615,0.8150932112419791,0.7077083207581039,0.6493542149409863,0.7784825613956443,2.7664722800584873,1.5346096797843314,1.434259920550552,2.4003429037987636,0.9550840942589253,PSBPM-FD
400,439,419,train,40,False,0.6745344692403968,0.8213004743943576,0.7010076177253375,0.658794107823908,0.7873775112806083,2.7664722800584873,1.544530003670746,1.4445136246326276,2.3735219389909856,0.9586960385737453,PSBPM-FD
401,440,420,train,40,False,0.6711873190927719,0.8192602267245566,0.6787095708417268,0.6563234443943557,0.7851754142736485,2.7664722800584873,1.545532887567696,1.4457324179402742,2.3845355482447474,0.9583956216363867,PSBPM-FD
402,441,421,train,40,False,0.6835762467495858,0.8267866996690173,0.688724439806565,0.6594955337548812,0.791605854487933,2.7664722800584873,1.5547754486145036,1.4537350699752825,2.3850781755793626,0.9574487044903262,PSBPM-FD
403,442,422,train,40,False,0.7115185446676072,0.843515586499507,0.689664924220795,0.6732637907080173,0.8063224904742275,2.7664722800584873,1.5791691730468849,1.4775194081960807,2.380105039462044,0.9559070435442379,PSBPM-FD
404,443,423,train,40,False,0.71770782788026,0.8471763853414824,0.7028809942180972,0.6773526080218456,0.8099178618919879,2.7664722800584873,1.5751010223550241,1.4753826486335393,2.364412498900792,0.9560203470089924,PSBPM-FD
405,444,424,train,40,False,0.7140908152752121,0.8450389430524561,0.7111708886885707,0.6758798392169224,0.807768631976969,2.7664722800584873,1.5675336726289708,1.4678110681662018,2.3582879398391787,0.9558951556234095,PSBPM-FD
406,445,425,train,40,False,0.7131820482003166,0.8445010646531576,0.7293608352312806,0.6748700215688226,0.8072592847226889,2.7664722800584873,1.567693637394591,1.4678410959110793,2.362569160338796,0.9559008490465739,PSBPM-FD
407,446,426,train,40,False,0.6778671756078035,0.8233268947433963,0.695117233226547,0.6649588834302597,0.7915245998906503,2.2695935360024087,1.5300729513485607,1.4324041973925823,2.344414486497681,0.9613734288825124,PSBPM-FD
408,447,427,train,40,False,0.6862887513967337,0.8284254652029558,0.6863313816423203,0.6712625779233772,0.7992985865984747,2.2695935360024087,1.5431512630156254,1.4462698192423562,2.339161298043578,0.964840676888964,PSBPM-FD
409,448,428,train,40,False,0.6671743979292193,0.81680744238114,0.6814194976086702,0.6596910952297584,0.7862206749327021,2.2695935360024087,1.5255344214898305,1.4288087813343116,2.356460791215654,0.9625532703775665,PSBPM-FD
410,449,429,train,40,False,0.6713990083119417,0.8193894118866448,0.6976531938975751,0.662923489027213,0.7903201592286946,2.2695935360024087,1.5351242815475836,1.4376114298457363,2.3613911502801304,0.9645232752141399,PSBPM-FD
411,450,430,train,40,False,0.665638648452109,0.8158668080343194,0.674563024372334,0.6592851472111103,0.7873794598620366,2.2695935360024087,1.5373017946165093,1.4388496096048893,2.37171221574674,0.9650833348142721,PSBPM-FD
412,451,431,train,40,False,0.6491857183608631,0.8057206205384488,0.6699261886554068,0.6510242056448385,0.7764899060722213,2.2695935360024087,1.5084640898710853,1.4133893224450513,2.3558601151673204,0.9637210296955127,PSBPM-FD
413,452,432,train,40,False,0.6634848781241536,0.8145458109426097,0.6659036415601501,0.6595986599238775,0.7857006810014016,2.2695935360024087,1.5259347436467063,1.4300187990340745,2.3556324732139466,0.9645874675755463,PSBPM-FD
414,453,433,train,40,False,0.6524721862893664,0.8077575046320316,0.6394117037703768,0.6526866443414091,0.7788167503705049,2.2695935360024087,1.5219174181222328,1.4241200524796331,2.375742300599957,0.9641714820406275,PSBPM-FD
415,454,434,train,40,False,0.6781524175164151,0.8235001017100211,0.6340444820730137,0.6647008262755921,0.7937109303638966,2.2695935360024087,1.544139767170819,1.4446511040660444,2.3716869858452276,0.963826147338335,PSBPM-FD
416,455,435,train,40,False,0.6890076114951273,0.8300648236704934,0.6083372319208591,0.6717519445806956,0.8028276527985728,2.2695935360024087,1.5661261781456595,1.4645518862910678,2.3821646317161624,0.9671866942253021,PSBPM-FD
417,456,436,train,40,False,0.6931034852957111,0.8325283690636079,0.5956634501219551,0.6723021338622625,0.8056116467072172,2.2695935360024087,1.5723375238530364,1.4705656033836223,2.3899861581418866,0.9676687025252179,PSBPM-FD
418,457,437,train,40,False,0.7025513981482949,0.8381833917158553,0.5845762525898939,0.6779246550855251,0.8117003297200203,2.2695935360024087,1.580785653324328,1.4779838759954456,2.3817200866686106,0.9684042152856056,PSBPM-FD
419,458,438,train,40,False,0.7063415575092593,0.8404412873659047,0.5960918324159978,0.6811875872123269,0.8145523296005489,2.2695935360024087,1.5831703213724713,1.4815149138474795,2.3734993439910954,0.9691959948249371,PSBPM-FD
420,459,439,train,40,False,0.7039967499256974,0.8390451417687236,0.603101644058812,0.6805228349388426,0.8131710870219238,2.2695935360024087,1.5725345278893297,1.4739854741409477,2.36080990223518,0.9691624997765236,PSBPM-FD
421,460,440,train,40,False,0.6905070214217706,0.8309675212797252,0.6056986560399596,0.6759906856528398,0.8045951250745308,2.2695935360024087,1.553732674603409,1.4552953064974805,2.348692751174033,0.968263024089582,PSBPM-FD
422,461,441,train,40,False,0.670215630808178,0.8186669840711656,0.6228422223382817,0.6646853067041106,0.7945147876310693,2.2695935360024087,1.5492038955986738,1.448406492900069,2.3777655444078762,0.970498142822385,PSBPM-FD
423,462,442,train,40,False,0.6569592304120442,0.8105302156070705,0.6327703563701425,0.6581916576497758,0.78476249154984,2.2695935360024087,1.5304602882323874,1.4300907359996304,2.372901141121873,0.9682088050993496,PSBPM-FD
424,463,443,train,40,False,0.6352936708526116,0.7970531167071687,0.6410118750631189,0.6472267176489452,0.7718727170811761,2.2695935360024087,1.507368273932368,1.4066890718929,2.374977229254557,0.9684081285196909,PSBPM-FD
425,464,444,train,40,False,0.6400191143152221,0.8000119463578166,0.6654061162237677,0.6479830825304117,0.774711152290465,2.2695935360024087,1.5215747116111882,1.4182006308218909,2.3930509051038293,0.9683744796780379,PSBPM-FD
426,465,445,train,40,False,0.6532239255640846,0.8082226955264772,0.7139716213833655,0.6498976192014698,0.781617306146609,2.490291613858359,1.5535359285698127,1.4468920286265299,2.4286846301946223,0.9670816106413128,PSBPM-FD
427,466,446,train,40,False,0.6441123288162273,0.8025660899989653,0.6971365842505547,0.6443062214458287,0.776134982906953,2.490291613858359,1.5499582858441725,1.4439209565373539,2.4461543996169115,0.9670667532289505,PSBPM-FD
428,467,447,train,40,False,0.6326451006170185,0.7953899047743933,0.7065360810727244,0.6399401394969425,0.7698403714553822,2.490291613858359,1.5376075259802064,1.4318399502136032,2.44430828692399,0.9678779763664991,PSBPM-FD
429,468,448,train,40,False,0.6247297482050369,0.7903984743185154,0.7110818548922798,0.6332190892055298,0.7632737292834739,2.490291613858359,1.5323566817096512,1.4257910552257687,2.461934933042797,0.9656821895330345,PSBPM-FD
430,469,449,train,40,False,0.6402577282899733,0.8001610639677322,0.7035614197093314,0.644399092349853,0.7737983318075783,2.490291613858359,1.5418220333750834,1.4363654682272347,2.441425671372852,0.9670532179741039,PSBPM-FD
431,470,450,train,40,False,0.6237629782818115,0.7897866663104737,0.6685140927642679,0.6355786370324801,0.7631797233627968,2.490291613858359,1.5223859933767518,1.419419494099876,2.443626716737353,0.9663112279775848,PSBPM-FD
432,471,451,train,40,False,0.6409020784728269,0.8005636005170526,0.6638687246579461,0.6476913366594023,0.7758602728486923,2.490291613858359,1.538733415897498,1.4380896434594523,2.41745437621548,0.9691425794872446,PSBPM-FD
433,472,452,train,40,False,0.7136155514758589,0.8447576880241214,0.7169540833746842,0.6774962508088168,0.8124484497658353,3.203925245450652,1.604033499229022,1.5012176345813788,2.4053397278160675,0.9617532474503344,PSBPM-FD
434,473,453,train,40,False,0.7106943549923064,0.8430269005152246,0.7265058214260748,0.6760883354869337,0.8106389084720756,3.203925245450652,1.6007723446185362,1.4977359649766318,2.4064941850877277,0.9615813065711726,PSBPM-FD
435,474,454,train,40,False,0.7169283676843674,0.8467162261846453,0.7146737852993912,0.6782997576327179,0.8137486644642131,3.203925245450652,1.6064666214835555,1.5036647376038912,2.406921719563546,0.9610642140767918,PSBPM-FD
436,475,455,train,40,False,0.7157501185751958,0.8460201644022415,0.6851104656789211,0.677368814673321,0.8129557805610304,3.203925245450652,1.6130886553544208,1.508735324805397,2.423485386846827,0.9609177354956154,PSBPM-FD
437,476,456,train,40,False,0.7128955076029766,0.844331396788593,0.6634334019356033,0.6737600729295183,0.810615347468255,3.203925245450652,1.618487791737266,1.5117554187367872,2.451848033039292,0.9600677536704466,PSBPM-FD
438,477,457,train,40,False,0.7166735698726414,0.8465657504722486,0.6501440106603421,0.6762636968492404,0.8130089177645857,3.203925245450652,1.6192122110012583,1.514336795112362,2.4417283706857784,0.9603612209814258,PSBPM-FD
439,478,458,train,40,False,0.7557275072698537,0.86932589244187,0.6123041672959607,0.6923276844941245,0.8312278233943194,3.203925245450652,1.6447708550002567,1.540792939758372,2.4275069358259613,0.9561751589607713,PSBPM-FD
440,479,459,train,40,False,0.7499681334930812,0.8660070054526587,0.5625521296227686,0.6873214818581064,0.8268768664370907,3.203925245450652,1.638378128529461,1.5343483007837937,2.4343168257833616,0.9548154474857684,PSBPM-FD
441,480,460,train,40,False,0.7407276592626093,0.8606553661382756,0.5347172783407782,0.6800933231075722,0.8184307997943249,3.203925245450652,1.6191228810598772,1.5157708718607557,2.4350214264456467,0.9509390541147608,PSBPM-FD
442,481,461,train,40,False,0.7153528602183172,0.8457853511490473,0.5150582166046291,0.6683402249257753,0.8016591547162493,3.203925245450652,1.585776247870983,1.484045335602532,2.4336213942797102,0.9478281382234274,PSBPM-FD
443,482,462,train,40,False,0.6868130818296734,0.828741866825656,0.4956998820423032,0.6529853713280932,0.7864798998341677,3.203925245450652,1.5671805460252144,1.4641743185438212,2.4571568093074316,0.9490046675771733,PSBPM-FD
444,483,463,train,40,False,0.6740246589513876,0.820990048022135,0.4884220982678601,0.6450295049457119,0.7781279877589704,3.203925245450652,1.5618163837118928,1.4569260436277376,2.4714882177726283,0.9477922291915419,PSBPM-FD
445,484,464,train,40,False,0.6670217692318854,0.8167140070011567,0.49071270037132503,0.6392720078959793,0.7731128882015792,3.203925245450652,1.5632665784459914,1.4581734724760123,2.5006851291694163,0.9466139696077042,PSBPM-FD
446,485,465,train,40,False,0.6555610215601797,0.8096672289034426,0.48806574538347725,0.6332011238502391,0.765192480322612,3.203925245450652,1.5485899019526639,1.4431747932767016,2.5068762796348727,0.9450703363145077,PSBPM-FD
447,486,466,train,40,False,0.6464481378357363,0.8040199859678466,0.4850234332425769,0.6261202191503907,0.758410748416488,3.203925245450652,1.547894994540964,1.4411186627759407,2.5334356439173553,0.9432735027146669,PSBPM-FD
448,487,467,train,40,False,0.6748597771508228,0.8214984949169553,0.5044456626657771,0.6402813268923258,0.7728264041341811,3.203925245450652,1.5705321090787618,1.4640571736464518,2.5242126033715957,0.9407520633526001,PSBPM-FD
449,488,468,train,40,False,0.7015595535694039,0.8375915195185561,0.511223640861179,0.6555953024490906,0.7894700328226891,3.203925245450652,1.5928038145217553,1.486267700140619,2.5036984573424337,0.9425477866304962,PSBPM-FD
450,489,469,train,40,False,0.7240473967656591,0.850909746545225,0.5153581014984331,0.6680008894310794,0.8025590920232213,3.203925245450652,1.6083954936982117,1.5018275864401402,2.489113386602273,0.9431776933825097,PSBPM-FD
451,490,470,train,40,False,0.7246369237306123,0.851256085869941,0.5085969061527995,0.665615793799181,0.8028770794590716,3.203925245450652,1.6164643053425185,1.5108921200151184,2.5075234890911573,0.943167505978617,PSBPM-FD
452,491,471,train,40,False,0.7531213349024556,0.8678256362325646,0.5150701718730359,0.677565940173226,0.8193151500073805,3.203925245450652,1.6534212877898262,1.544967345324895,2.521918817175794,0.9441011140950163,PSBPM-FD
453,492,472,train,40,False,0.7357510683958306,0.8577593301129581,0.5107101706624494,0.6670126586174157,0.8072317744509062,3.203925245450652,1.6292270833268734,1.521516385751769,2.5159869354222115,0.9410935516662955,PSBPM-FD
454,493,473,train,40,False,0.74258153733992,0.8617317084452214,0.5168403500797394,0.6721677787089562,0.8117677329034665,3.203925245450652,1.624833663431009,1.5188411399427852,2.489545956208967,0.942019105190057,PSBPM-FD
455,494,474,train,40,False,0.7135527736411044,0.8447205299038875,0.5099155508894732,0.6571880052983372,0.7935034819248221,3.203925245450652,1.5957274485252984,1.4915675080575161,2.4924257728026142,0.9393680558647097,PSBPM-FD
456,495,475,train,40,False,0.7003126036380254,0.8368468220875463,0.5181801261311644,0.646886220793563,0.7809161807618437,3.203925245450652,1.5719099742938383,1.467410056944861,2.5061263077788802,0.9331650191534677,PSBPM-FD
457,496,476,train,40,False,0.7136529343231899,0.8447798141073151,0.5274055123352314,0.6558186789681457,0.7880568823617125,3.203925245450652,1.574822010327575,1.4706442948430887,2.482314553195681,0.9328547737548131,PSBPM-FD
458,497,477,train,40,False,0.7493533267840652,0.8656519663144451,0.5592835957915652,0.6672021977872936,0.8029804932610066,3.203925245450652,1.598303398194589,1.4959891863006827,2.4801112508490846,0.9276019976939863,PSBPM-FD
459,498,478,train,40,False,0.7521815251745025,0.8672839933807741,0.5498449794243555,0.6682062487370052,0.8048441255044368,3.203925245450652,1.6021770919781353,1.4992724586457755,2.482942776548975,0.9280052804469049,PSBPM-FD
460,499,479,train,40,False,0.7514744610005458,0.866876266257501,0.546770342939251,0.6681209393967291,0.8044089963713972,3.203925245450652,1.6021479256851123,1.4981131231496037,2.4831466267919846,0.9279398083468257,PSBPM-FD
461,500,480,train,40,False,0.7597085295034067,0.8716126028823853,0.5434820179310293,0.6732145709513905,0.8100637861274784,3.203925245450652,1.6149747645695356,1.509154236054206,2.4850750598305913,0.9293851229877039,PSBPM-FD
462,501,481,train,40,False,0.7788856021237291,0.8825449575651821,0.5558405798293082,0.6829075157371369,0.8196793577552877,3.203925245450652,1.619419631071039,1.5157449588243277,2.459120654495389,0.9287678216605171,PSBPM-FD
463,502,482,train,40,False,0.7771228037446372,0.8815456901060983,0.557337115711079,0.6817366832562153,0.8176986657816674,3.203925245450652,1.6130921268644631,1.5095585058108059,2.4493539666385202,0.9275737774672272,PSBPM-FD
464,503,483,train,40,False,0.7792580554901738,0.8827559433332487,0.5652041013506952,0.6821863371504653,0.8194284102481244,3.203925245450652,1.621374586190278,1.517405505187012,2.463112772235945,0.9282615613484263,PSBPM-FD
465,504,484,train,40,False,0.7678092537979553,0.8762472560858352,0.5772010991427944,0.6778403510200548,0.8116185965765039,3.203925245450652,1.599174359725928,1.4963558205200518,2.4449707576363,0.926243809540671,PSBPM-FD
466,505,485,train,40,False,0.7548507782758505,0.8688214881526874,0.589732359467795,0.6740493117949915,0.8048624835792471,3.203925245450652,1.5780208670048006,1.4772000784054091,2.4305436717420528,0.9263841819688049,PSBPM-FD
467,506,486,train,40,False,0.7506692759409681,0.8664117242633367,0.6146552356467417,0.6710418406184131,0.8016839948611348,3.203925245450652,1.5749518542879481,1.4730593663744747,2.4446494791510345,0.925292182008229,PSBPM-FD
468,507,487,train,40,False,0.7577930265840646,0.8705130823738748,0.6440831300346752,0.6728549345341814,0.8057916223344709,3.203925245450652,1.5816426118558302,1.4780016774449753,2.447636595486216,0.925651364293217,PSBPM-FD
469,508,488,train,40,False,0.7832819071155533,0.8850321503287626,0.6775306557962048,0.6882190145385843,0.8218659010788476,3.203925245450652,1.6100766475880732,1.5037133702553864,2.4379882185702444,0.9286282998572982,PSBPM-FD
470,509,489,train,40,False,0.7732704022466854,0.879357948873316,0.7202699507547052,0.6814197799183341,0.8158141368220553,3.203925245450652,1.6068173930250673,1.4999671017429133,2.4509741350697722,0.9277384003491675,PSBPM-FD
471,510,490,train,40,False,0.7714064852262457,0.8782974924399167,0.7856714654407234,0.6807663029180155,0.8140526996601605,3.203925245450652,1.606863305125223,1.4981494882124664,2.4547790821581197,0.9268530385971113,PSBPM-FD
472,511,491,train,40,False,0.7696608302651582,0.8773031575602348,0.8578988807073492,0.6788101123477471,0.8130937969233066,3.203925245450652,1.6098739705628873,1.501173138919334,2.4643809287589677,0.9268105214444989,PSBPM-FD
473,512,492,train,40,False,0.698033681015019,0.8354840997978471,0.8035726128673777,0.6509513832827606,0.7783263251248715,2.702482349060385,1.5460100383543858,1.4399510404507403,2.4630062797774737,0.9315872382409127,PSBPM-FD
474,513,493,train,40,False,0.6964459083009138,0.8345333476266324,0.787823199491841,0.6508393055756141,0.7772675249300931,2.702482349060385,1.5342205216723037,1.4313289717616995,2.4445982095399543,0.9313798269902572,PSBPM-FD
475,514,494,train,40,False,0.6768829545980222,0.8227289678855498,0.7907311948300138,0.6395977335199022,0.7654593156020241,2.702482349060385,1.5163800696091427,1.4114005923169188,2.4663186048108847,0.9303906213115222,PSBPM-FD
476,515,495,train,40,False,0.6709477142408858,0.819113981226597,0.7982960180565721,0.6360957606518374,0.7607745507232013,2.702482349060385,1.503090410001667,1.3996267696295122,2.462589056469369,0.9287773962592676,PSBPM-FD
477,516,496,train,40,False,0.6741703773619119,0.8210787887662864,0.8049161508541974,0.63899246394732,0.7633928792795514,2.702482349060385,1.4989829480679588,1.3973435016775884,2.43905495676263,0.9297437587281836,PSBPM-FD
478,517,497,train,40,False,0.6883573674893111,0.8296730485494338,0.8162074339688917,0.6459864876489765,0.7706192688544308,2.702482349060385,1.509490003448434,1.4075421806738686,2.4306126335661484,0.9288228299108303,PSBPM-FD
479,518,498,train,40,False,0.658764728369823,0.8116432272678822,0.8460875170501176,0.6349958921282626,0.7581522197823389,2.702482349060385,1.4892230783113505,1.3880922539228253,2.434272546754517,0.9340954181733243,PSBPM-FD
480,519,499,train,40,False,0.6564224071453184,0.8101989923131961,0.9181777095997427,0.6314688101754136,0.7559453783962058,2.702482349060385,1.4966920467108704,1.3936407793293768,2.4777572586933987,0.9330366805788155,PSBPM-FD
481,520,500,train,40,False,0.6663642557340202,0.8163113718024638,0.957505383854674,0.6394229885710107,0.7648747411825884,2.702482349060385,1.5136282716285687,1.4099537379055147,2.47021934657887,0.9369889574044518,PSBPM-FD
482,521,501,train,40,False,0.6736767503142128,0.8207781370834708,0.9541277986862801,0.6466200373505627,0.7714837048955829,2.702482349060385,1.5153005879760235,1.4139649952991986,2.4415344352497668,0.9399418308544996,PSBPM-FD
483,522,502,train,40,False,0.6927071631523123,0.8322903118217299,0.9779295117890164,0.6552196987615414,0.7825705456730945,2.702482349060385,1.5336761103955818,1.431990761683841,2.433576995756889,0.9402615103859518,PSBPM-FD
484,523,503,train,40,False,0.715300278872404,0.8457542662454645,0.9614977044908822,0.665647206138846,0.7956912214405,2.702482349060385,1.5630711727032556,1.4590585338231912,2.4404186986697356,0.9408066304800233,PSBPM-FD
485,524,504,train,40,False,0.7249198304147715,0.8514222397933774,0.9497397577334051,0.6735052694425272,0.8022826076285096,2.702482349060385,1.560991213662358,1.4595130143295365,2.404798116167364,0.9422852377255344,PSBPM-FD
486,525,505,train,40,False,0.7616843676494739,0.8727453051431866,0.9818898774731304,0.693864813724714,0.8216022689412721,2.702482349060385,1.5812264870218216,1.481487354394631,2.370246912708569,0.9413998151573859,PSBPM-FD
487,526,506,train,40,False,0.7873968235531335,0.8873538322186553,0.9972873963360969,0.7057779208782247,0.836876154148713,2.702482349060385,1.606943158032641,1.5068234995735552,2.3617956410061955,0.9431143741795392,PSBPM-FD
488,527,507,train,40,False,0.7671166679703365,0.8758519669272522,0.9917300311863753,0.6975343359114243,0.8275495927982659,2.702482349060385,1.5922214464122446,1.4904537147575951,2.363654079715593,0.9448509840099517,PSBPM-FD
489,528,508,train,40,False,0.7463145245797411,0.8638949731186895,0.9792782016265476,0.6872572637940981,0.8160586812789411,2.702482349060385,1.5753909656068714,1.4735116073562995,2.369534590255134,0.9446271904244821,PSBPM-FD
490,529,509,train,40,False,0.7350562715718219,0.8573542275931354,0.9621053002602148,0.6817582711240393,0.8104812250414541,2.702482349060385,1.5731041555469336,1.4710009623521625,2.3797033510271453,0.9453283123321516,PSBPM-FD
491,530,510,train,40,False,0.7327240149453085,0.8559929993553151,0.9467982150502287,0.6824915228924263,0.8091964184078192,2.702482349060385,1.5641951684778292,1.4617146456458059,2.364847252913534,0.9453306499203378,PSBPM-FD
492,531,511,train,40,False,0.7220331850181119,0.8497253585824728,0.9638265362449402,0.6806386885065411,0.8043271786198826,2.702482349060385,1.5470069730782758,1.4476638381504716,2.3506171018670754,0.9465731138843211,PSBPM-FD
493,532,512,train,40,False,0.7321530628032648,0.8556594315516336,0.9665949903545346,0.6862181202624047,0.8122808845613742,2.702482349060385,1.565550533712703,1.4660566807315303,2.3635192493921173,0.949303957403242,PSBPM-FD
494,533,513,train,40,False,0.717382077116658,0.8469841067674517,0.95043343706971,0.6745847774438276,0.7998822918083297,2.702482349060385,1.554039203133647,1.4530196845580572,2.4013072313161707,0.9443887853588092,PSBPM-FD
495,534,514,train,40,False,0.7228871203365047,0.8502276873499856,0.9513771336414802,0.678590134664461,0.8050490377716552,2.702482349060385,1.5677905700692985,1.4653057560364764,2.4112184380645756,0.9468628812604956,PSBPM-FD
496,535,515,train,40,False,0.7327587469589565,0.8560132866719747,0.9527150697866769,0.6866618652125027,0.8153342846654628,2.702482349060385,1.5880998455092192,1.484136983817173,2.4017603036612116,0.9524785390134952,PSBPM-FD
497,536,516,train,40,False,0.7095136990133473,0.8423263613430054,0.9441964566321531,0.6714706863465972,0.8003996555406744,2.702482349060385,1.5681324869058306,1.4649871169421285,2.428754113834034,0.950225105462112,PSBPM-FD
498,537,517,train,40,False,0.7020372536732322,0.8378766339224601,0.917915969872981,0.6713185627626436,0.7978086265332089,2.503661285240347,1.5631619603103297,1.458352601984068,2.4249434641334258,0.9521791087529489,PSBPM-FD
499,538,518,train,40,False,0.7032420857909982,0.8385953051329337,0.8727988159856483,0.6712904938196955,0.7985515091302453,2.503661285240347,1.56839330781598,1.463034571006452,2.4328974503827325,0.9522489623330999,PSBPM-FD
500,539,519,train,40,False,0.6918371617652205,0.8317674926114993,0.8230783952686992,0.6628609251071819,0.7893502601108702,2.503661285240347,1.5566749166750076,1.4515119423791496,2.4476290977312134,0.9490034981200675,PSBPM-FD
501,540,520,train,40,False,0.6778904799559697,0.8233410471705936,0.8065056235728651,0.653021349499263,0.7779933960472964,2.503661285240347,1.5321590462187475,1.4281986982028083,2.4426065648890516,0.9449223972506483,PSBPM-FD
502,541,521,train,40,False,0.6641694055039058,0.8149658922334762,0.8035669467853847,0.6483356984945411,0.7715215786039455,2.503661285240347,1.5222615180916148,1.4185075733658095,2.442784079754194,0.9466918627594731,PSBPM-FD
503,542,522,train,40,False,0.6731201764578899,0.8204390144659687,0.8053131300464222,0.6540512352024432,0.7794557440340387,2.503661285240347,1.54596214723079,1.440326167901635,2.463610686239079,0.9500471458459271,PSBPM-FD
504,543,523,train,40,False,0.7353806509043023,0.857543381354146,0.825886719810679,0.6750198667829981,0.8058459239516683,3.605081407965992,1.5987072500495463,1.4903808283717648,2.458692787545135,0.9397144698139442,PSBPM-FD
505,544,524,train,40,False,0.7587186390184357,0.8710445677566881,0.8468997921385727,0.6867028141284015,0.8195577645126239,3.605081407965992,1.6162560394367298,1.5108764584922632,2.450260160689198,0.9408907360771851,PSBPM-FD
506,545,525,train,40,False,0.7795508725805357,0.8829217816888061,0.8584348384599253,0.6956995467550593,0.8297021694917792,3.605081407965992,1.6297609959012374,1.5242885809494533,2.441368919411844,0.9397232990500798,PSBPM-FD
507,546,526,train,40,False,0.8088088841036356,0.8993380254963289,0.8763571017026642,0.7105401361587269,0.8457034801747889,3.605081407965992,1.646092925936172,1.5444171810403173,2.4046834146119798,0.9403621955249362,PSBPM-FD
508,547,527,train,40,False,0.8276217225676795,0.9097371722468416,0.9146447106440307,0.7195211745401568,0.8541199608903742,3.605081407965992,1.6559738924124132,1.5552937846735435,2.392473821372163,0.9388645280712168,PSBPM-FD
509,548,528,train,40,False,0.8138074304494236,0.9021127592764796,0.9023777038749082,0.7124812409855592,0.847015641344762,3.605081407965992,1.6479161544311687,1.5488719779375608,2.4018288980982887,0.9389243557801942,PSBPM-FD
510,549,529,train,40,False,0.807483572645212,0.8986008973093739,0.9038903072605555,0.7067013506737311,0.8417534493235816,3.605081407965992,1.6415926529349583,1.541851389242177,2.4181894534607506,0.9367378241486214,PSBPM-FD
511,550,530,train,40,False,0.8195346447675679,0.9052815279058597,0.8848846567221298,0.7154058376149107,0.8507074745108743,3.605081407965992,1.6474622510854275,1.5492500750567888,2.397000673329518,0.9397159317707181,PSBPM-FD
512,551,531,train,40,False,0.8025895472486708,0.8958736223646006,0.854697877175102,0.7042519657281565,0.8369523228800446,3.605081407965992,1.6193989238965538,1.5218338048329554,2.3939208900145506,0.9342303445333763,PSBPM-FD
513,552,532,train,40,False,0.8300112988575539,0.9110495589470168,0.8406301142324806,0.7204865297347894,0.8560715734076165,3.605081407965992,1.6476495565280458,1.5498534215294122,2.3855945982522244,0.9396542317599678,PSBPM-FD
514,553,533,train,40,False,0.8394524228087393,0.9162163624432492,0.8144732087583215,0.7240577887601786,0.8616852982221319,3.605081407965992,1.6667346217446144,1.563112237967761,2.40053390313017,0.9404823287856366,PSBPM-FD
515,554,534,train,40,False,0.8752893856304265,0.9355690170321089,0.772078476928751,0.7436369718824583,0.8802736169802561,3.605081407965992,1.6815590876937336,1.5813008794379804,2.3597154872241224,0.9408965035767585,PSBPM-FD
516,555,535,train,40,False,0.8827200417136671,0.9395318204902201,0.7374543900609151,0.7499066850218805,0.8859590996130166,3.605081407965992,1.6823912888760666,1.5823075989433222,2.330588954243165,0.9429793438510142,PSBPM-FD
517,556,536,train,40,False,0.886545338252764,0.9415653658948826,0.7237541577652874,0.7510642334295882,0.888612465356443,3.605081407965992,1.693352034085064,1.592046296959389,2.3448846974083266,0.9437607812941249,PSBPM-FD
518,557,537,train,40,False,0.8844237549655585,0.940438065459687,0.7012592988097078,0.7503422757507584,0.8876541830656132,3.605081407965992,1.6916768557961497,1.5898813106366274,2.3448958698289077,0.9438730902834382,PSBPM-FD
519,558,538,train,40,False,0.8792148110880813,0.937664551472477,0.696666612900305,0.7485462056554768,0.8846884146960228,3.605081407965992,1.6828763052398557,1.5806659078987764,2.338209752745261,0.9435020373829188,PSBPM-FD
520,559,539,train,40,False,0.8838212638083313,0.9401176861480329,0.7085800777256733,0.7532861392272334,0.8887455274797265,3.605081407965992,1.6779670891348981,1.5795549612666502,2.294480154071195,0.9453556087442682,PSBPM-FD
521,560,540,train,40,False,0.909324243328621,0.953584942901586,0.7213320021836189,0.7645348541923067,0.9015960664336603,3.605081407965992,1.7007242831170053,1.6019145280834308,2.290323201488949,0.9454806025882362,PSBPM-FD
522,561,541,train,40,False,0.9094307817794292,0.9536408033318567,0.7433773471661997,0.7628846000522019,0.9016736103403187,3.605081407965992,1.7091643931622946,1.609564573494247,2.309973812462224,0.9455065336865058,PSBPM-FD
523,562,542,train,40,False,0.8913741533191318,0.9441261321026613,0.7330040500968423,0.7553790743051547,0.891334162260832,3.605081407965992,1.6904304769086729,1.591679664639286,2.311382260148816,0.9440837743530556,PSBPM-FD
524,563,543,train,40,False,0.8802440153500953,0.9382132035684082,0.7546162294443117,0.7509350626020439,0.8858436370063701,3.605081407965992,1.6817974685522237,1.584920371352841,2.3144505317709863,0.9441815928801095,PSBPM-FD
525,564,544,train,40,False,0.8685308227601082,0.9319500108697398,0.7759934653025988,0.7415681243984938,0.8773846868243785,3.605081407965992,1.6769992019478877,1.576994628868464,2.3449237027141274,0.9414503745813165,PSBPM-FD
526,565,545,train,40,False,0.8302852214288275,0.9111998800640986,0.7480771330308478,0.7218144281231216,0.85668737778728,3.605081407965992,1.6466679010162832,1.5463010182062666,2.3529436007467934,0.9401750335250441,PSBPM-FD
527,566,546,train,40,False,0.8068807376104641,0.8982654048834698,0.740643853463337,0.7129198280318164,0.8434159515467352,3.605081407965992,1.6144585924422643,1.5157861969128583,2.334666865881488,0.9389384773825836,PSBPM-FD
528,567,547,train,40,False,0.7994995197560706,0.8941473702673797,0.7405541077823986,0.7067277872019077,0.8388569067872554,3.605081407965992,1.620203731517534,1.519955818902544,2.3678401673440646,0.9381640372508275,PSBPM-FD
529,568,548,train,40,False,0.7992845610170898,0.8940271589929971,0.7561895563921437,0.7065502345602388,0.8386970005654153,3.605081407965992,1.6168833819319257,1.5173113427871407,2.3628226507820513,0.938111322602432,PSBPM-FD
530,569,549,train,40,False,0.8027099529608911,0.8959408200103905,0.7683345262535205,0.7078711064536718,0.8405299867570613,3.605081407965992,1.6164772506100618,1.5165692761204197,2.3587155079278155,0.9381534672650738,PSBPM-FD
531,570,550,train,40,False,0.7942934210742754,0.8912314071408589,0.8120934026899596,0.7032190157886696,0.835086342398915,3.605081407965992,1.6062924721750698,1.5088118602082587,2.3591605589480062,0.9370028207129035,PSBPM-FD
532,571,551,train,40,False,0.7842212127211771,0.8855626531878911,0.8036849534777937,0.6983545419436977,0.8294075886403046,3.605081407965992,1.5998189706003245,1.5007127790199735,2.3635564909044935,0.9365882647089545,PSBPM-FD
533,572,552,train,40,False,0.7769789239820714,0.8814640798025019,0.8226219516612381,0.6933576650976914,0.8241621277454738,3.605081407965992,1.5924891508277539,1.4916188246627928,2.373074997821804,0.9349923004578169,PSBPM-FD
534,573,553,train,40,False,0.7936168652711368,0.890851763915376,0.8451422337598351,0.7056682441824677,0.8376396093231119,3.605081407965992,1.6171746432733685,1.5160319266544589,2.350848377243749,0.9402682278380505,PSBPM-FD
535,574,554,train,40,False,0.8244833388256975,0.9080106490706469,0.9038111621210846,0.7184822269588816,0.8537460643322048,3.605081407965992,1.6414357554127421,1.5403907969719657,2.3430607323658235,0.9402379423699687,PSBPM-FD
536,575,555,train,40,False,0.8325862994511863,0.9124616701271272,0.8972608630088751,0.7242636892297212,0.8588850737879316,3.605081407965992,1.6434231271117767,1.5442461891437413,2.324877386792708,0.9412834554116326,PSBPM-FD
537,576,556,train,40,False,0.8306537001358532,0.9114020518606776,0.8836034629374858,0.7233732781987863,0.8566642998609554,3.605081407965992,1.6363836957193023,1.5370983224866666,2.3115587384530536,0.9399411578150696,PSBPM-FD
538,577,557,train,40,False,0.7867496064261031,0.8869890678165674,0.835448974887265,0.701872485658998,0.8324543421721282,3.605081407965992,1.593936531452332,1.4962330849150862,2.3166634138865354,0.9385170261695749,PSBPM-FD
539,578,558,train,40,False,0.7897115107652413,0.8886571390391467,0.8373608214193248,0.7034168437264474,0.8341759651482213,3.605081407965992,1.5931712782342753,1.4968986778275883,2.3104885638962886,0.9386926954192563,PSBPM-FD
540,579,559,train,40,False,0.7922438843076771,0.890080830210199,0.8289219845756843,0.7049044305427248,0.8367724538764589,3.605081407965992,1.5996920963777577,1.5025028141250292,2.316674748622148,0.9401083873234851,PSBPM-FD
541,580,560,train,40,False,0.8069037991213264,0.8982782414827415,0.8291700021538015,0.7142766390955998,0.8485490877087333,3.605081407965992,1.6260059484624798,1.5274587241003206,2.3257101066966563,0.9446394764144316,PSBPM-FD
542,581,561,train,40,False,0.8192837097248293,0.9051429222641192,0.8157719104068243,0.719822580769988,0.8544517065210062,3.605081407965992,1.6335896550645885,1.5333249945442833,2.32157808625523,0.9439964512827276,PSBPM-FD
543,582,562,train,40,False,0.817266049746995,0.9040276819583541,0.8272966227115269,0.7178532530620302,0.8529973511317003,3.605081407965992,1.6319508687624384,1.532570988605141,2.32925952984557,0.9435522475195569,PSBPM-FD
544,583,563,train,40,False,0.7600333930920004,0.8717989407495288,0.8518079335930928,0.6995924187879502,0.8300914680051541,2.4245592259539754,1.58503896155308,1.4887050067654446,2.331273682356019,0.9521592986698094,PSBPM-FD
545,584,564,train,40,False,0.7405574656770024,0.8605564860466758,0.8349732910718425,0.6894663909558668,0.8194093004572887,2.4245592259539754,1.5745386824342709,1.4759220935303188,2.345896985804699,0.9521853750955805,PSBPM-FD
546,585,565,train,40,False,0.7169164666138004,0.84670919837557,0.8153723278479175,0.680306564381895,0.8074832807661323,2.4245592259539754,1.557776429295907,1.4600141143764662,2.350403876755261,0.9536725032812994,PSBPM-FD
547,586,566,train,40,False,0.6827500305035038,0.8262868935808578,0.8358078798566074,0.6619928087002309,0.7865246124186889,2.4245592259539754,1.5218424098620822,1.4236763107117572,2.3644874273093412,0.9518783591134405,PSBPM-FD
548,587,567,train,40,False,0.6739109850448382,0.8209208153316848,0.8043555752949305,0.6591399933694448,0.7828814013168639,2.4245592259539754,1.5132076454428747,1.4163620169950548,2.3618127331485823,0.9536625051961297,PSBPM-FD
549,588,568,train,40,False,0.7163599884371381,0.8463805222458384,0.8678181989465428,0.6761395993106426,0.8007532213794561,2.4245592259539754,1.5265276608422054,1.4308439001216477,2.341283161451136,0.9460912678551345,PSBPM-FD
550,589,569,train,40,False,0.7250629949618522,0.851506309408129,0.8677000802552077,0.6827816918088372,0.807626553103524,2.4245592259539754,1.5398458661079626,1.442675413069765,2.3329208859443913,0.9484680784865761,PSBPM-FD
551,590,570,train,40,False,0.7183200701453429,0.8475376511668039,0.8455850460468705,0.6769372772855548,0.8032121019250411,2.4245592259539754,1.54365092749903,1.4451275141505462,2.3584914632424523,0.9477007904241895,PSBPM-FD
552,591,571,train,40,False,0.7257745492585197,0.8519240278678138,0.8322137327356259,0.683638272936044,0.8107834928042272,2.4245592259539754,1.5627927151849212,1.462744040543702,2.365058170148968,0.951708680917766,PSBPM-FD
553,592,572,train,40,False,0.7056868988237355,0.8400517238978416,0.8212951889862985,0.6728814773393608,0.7992138029592407,2.4245592259539754,1.5523275990497118,1.4512637431355302,2.384354899775105,0.9513864208871415,PSBPM-FD
554,593,573,train,40,False,0.6901599587730175,0.8307586645789603,0.8311904967439347,0.665785321119954,0.7887882917397466,2.4245592259539754,1.525673823864524,1.4283953952900295,2.3693674054590153,0.9494794642190283,PSBPM-FD
555,594,574,train,40,False,0.6540634128919764,0.8087418703714904,0.8257658531259578,0.6472978139711186,0.7699791571894802,2.4245592259539754,1.5047543857684218,1.4044530973421574,2.3898184990789697,0.9520703519848617,PSBPM-FD
556,595,575,train,40,False,0.650640933468912,0.8066231669552468,0.8443218694575917,0.6451641467521538,0.7676012029537365,2.4245592259539754,1.5071360697912968,1.4059857181770088,2.4015083369858123,0.9516230557215382,PSBPM-FD
557,596,576,train,40,False,0.6915160881858075,0.8315744634040944,0.8785657416086275,0.6630209394550957,0.7856194540623234,2.4245592259539754,1.526453068157796,1.4260338428063073,2.379740260361835,0.944737349011835,PSBPM-FD
558,597,577,train,40,False,0.6690379967827388,0.8179474291069927,0.8577278888692943,0.6505745759669178,0.7717518743299401,2.4245592259539754,1.4996942208635193,1.3992870256715235,2.3849516246336218,0.9435225869864432,PSBPM-FD
559,598,578,train,40,False,0.6608016997122789,0.8128971027825593,0.8660915708911977,0.6440488432087281,0.7658809085407879,2.4245592259539754,1.4961208393231025,1.3950198682423423,2.4057582320088122,0.9421621825433573,PSBPM-FD
560,599,579,train,40,False,0.6841739295670297,0.827148069916765,0.822531240551452,0.655954549005821,0.7787704665623908,2.4245592259539754,1.5206748958393106,1.418352305240226,2.4040306208413065,0.9415127652304834,PSBPM-FD
561,600,580,train,40,False,0.6685744099237688,0.8176639957364937,0.808521396033454,0.6477314084071788,0.7717347043256538,2.369666872256179,1.511135357084624,1.4092192821417833,2.4160820199312454,0.943828648870041,PSBPM-FD
562,601,581,train,40,False,0.6623316466323647,0.8138376045823666,0.8025613391195574,0.6435011788964007,0.7663629318975713,2.369666872256179,1.501132465909982,1.3996876641855156,2.4162387036381316,0.9416656684116265,PSBPM-FD
563,602,582,train,40,False,0.6639224598370321,0.8148143713981928,0.8037810899542158,0.6451499989964987,0.7675165728987454,2.369666872256179,1.4983303223461313,1.3978488201667045,2.4044296165951664,0.9419526702526294,PSBPM-FD
564,603,583,train,40,False,0.6535624632283975,0.8084321018047202,0.7968055185122839,0.63992845483997,0.7607810418893172,2.369666872256179,1.4754736328886993,1.3751033662115322,2.3877704598756613,0.9410574372182546,PSBPM-FD
565,604,584,train,40,False,0.6786351546701812,0.8237931504147028,0.8036105429419725,0.655220071524757,0.7759485533550592,2.369666872256179,1.4921170089594178,1.394257157971555,2.358520041551623,0.9419215891324682,PSBPM-FD
566,605,585,train,40,False,0.6817637154160916,0.8256898421417642,0.7945255852137804,0.6567784308196275,0.7787156144687083,2.369666872256179,1.5029858265111806,1.4037002973533756,2.373491659275713,0.9431091127980828,PSBPM-FD
567,606,586,train,40,False,0.6883406083956831,0.8296629486699302,0.7980901609973757,0.6612824766670917,0.7833532029874849,2.369666872256179,1.511945801410426,1.4121979454227316,2.3750129611608384,0.94418245896519,PSBPM-FD
568,607,587,train,40,False,0.6987220628329178,0.8358959641204866,0.8157592414502599,0.6701501797357188,0.7895203391398727,2.369666872256179,1.499951509747398,1.403302057231441,2.3289552280097654,0.9445198601605771,PSBPM-FD
569,608,588,train,40,False,0.7195132711830414,0.8482412812301942,0.8135955107597863,0.6802976521686226,0.8010714668507216,2.369666872256179,1.521756196849055,1.424221516433321,2.3303770902520897,0.9443910412953933,PSBPM-FD
570,609,589,train,40,False,0.7057608576987224,0.84009574317379,0.7799639188783875,0.6728096427210671,0.7924642718668471,2.369666872256179,1.5117768294544083,1.4138743077619398,2.3410797512078187,0.9433023298904046,PSBPM-FD
571,610,590,train,40,False,0.7198888106597001,0.8484626159470434,0.7616158844378546,0.680015185672937,0.8009377513855448,2.369666872256179,1.5314087893323407,1.4316664702856001,2.3450556906824476,0.9439870847951833,PSBPM-FD
572,611,591,train,40,False,0.7239865217056991,0.8508739752194205,0.7396969147762351,0.6816829041345528,0.8034271123159616,2.369666872256179,1.5336928454773235,1.4330384273825183,2.3433783797836893,0.944237496638414,PSBPM-FD
573,612,592,train,40,False,0.7276238920206511,0.8530087291585304,0.7235589475475867,0.6847639073243084,0.8062596054156893,2.369666872256179,1.5436878104598972,1.4414734803058429,2.346230614919611,0.9451950230462965,PSBPM-FD
574,613,593,train,40,False,0.7161276810504715,0.8462432753354507,0.707110130008553,0.6765882882320421,0.7983760793821129,2.369666872256179,1.5286857795249145,1.4268331356884492,2.358595315568137,0.9434356557405276,PSBPM-FD
575,614,594,train,40,False,0.6848232936279868,0.827540508753491,0.6851212916819195,0.663362955826332,0.7819215831317554,2.369666872256179,1.504679493956115,1.4027460725979384,2.368915836387842,0.9448740875652715,PSBPM-FD
576,615,595,train,40,False,0.6699250940576921,0.8184895198215382,0.704251456152215,0.6529294141504882,0.7707735156937605,2.369666872256179,1.4883482644032364,1.3877332113930865,2.383002383904978,0.9417023639616283,PSBPM-FD
577,616,596,train,40,False,0.6780038430309072,0.8234098876203195,0.7399958859073762,0.6590806277465628,0.7782504837438455,2.369666872256179,1.5042598578768633,1.4029177002070454,2.3839011427948633,0.9451556210880754,PSBPM-FD
578,617,597,train,40,False,0.7177566981625463,0.8472052278890554,0.7675768057223324,0.6803129228467968,0.8009347231494159,2.369666872256179,1.5389875210683033,1.4368767266840674,2.37285077922265,0.9453845382246641,PSBPM-FD
579,618,598,train,40,False,0.7021522974262586,0.8379452830741746,0.763208878029213,0.670897920398331,0.7890628943197344,2.369666872256179,1.5213046891897442,1.4182625071795367,2.3805266663981612,0.9416639848187879,PSBPM-FD
580,619,599,train,40,False,0.7148725335926831,0.8455013504381191,0.7695417412049638,0.677170426625954,0.7979334271844144,2.369666872256179,1.5450414922420308,1.4408318320251783,2.3890619693759048,0.9437399795647208,PSBPM-FD
581,620,600,train,40,False,0.7339376437973388,0.8567016072106663,0.7334835007382738,0.6865853497010314,0.807089865393246,2.369666872256179,1.5494509159055176,1.447682430745991,2.3717826728554723,0.9420898228743247,PSBPM-FD
582,621,601,train,40,False,0.7146466684595064,0.8453677711265709,0.6626019204847838,0.6770904690177323,0.7971183171005384,2.369666872256179,1.5343761122718527,1.433699686087976,2.377407114942278,0.9429248953248675,PSBPM-FD
583,622,602,train,40,False,0.7086390637429109,0.8418070228638573,0.6148375502811106,0.6731605169575325,0.791722101906979,2.369666872256179,1.5221518948845447,1.4211447777434116,2.3776825629103753,0.9405030849154862,PSBPM-FD
584,623,603,train,40,False,0.7062708786518662,0.8403992376554528,0.5803611604663175,0.6726992551726874,0.7901641332392642,2.369666872256179,1.5164179486469158,1.4159669127521517,2.370424188585273,0.9402247144388962,PSBPM-FD
585,624,604,train,40,False,0.7045990019737585,0.8394039563724718,0.5653643396248161,0.6726133266807637,0.7889222630260159,2.369666872256179,1.5127022902424425,1.4120977056345996,2.3643643271091124,0.9398600721819144,PSBPM-FD
586,625,605,train,40,False,0.7021218432765257,0.8379271109568694,0.556012792275611,0.6706583490899505,0.7871975524406162,2.369666872256179,1.507270154508925,1.4056318410413,2.3628296170367498,0.9394582680845321,PSBPM-FD
587,626,606,train,40,False,0.7065252193293564,0.8405505453744923,0.5490678137448362,0.6755371987441376,0.7917236774728375,2.369666872256179,1.5156692659638271,1.413849386446519,2.3526906078734013,0.9419108485856721,PSBPM-FD
588,627,607,train,40,False,0.7040020177654547,0.8390482809501815,0.5516408425412727,0.6736830943618971,0.7905948738389125,2.369666872256179,1.5169846975051755,1.4140915916637433,2.358208114735524,0.9422519440044642,PSBPM-FD
589,628,608,train,40,False,0.6499502417603304,0.806194915489009,0.5177426077114194,0.6485912403502703,0.7638290290801487,2.369666872256179,1.4874735839143556,1.3830090833030266,2.388401525930649,0.9474495738004467,PSBPM-FD
590,629,609,train,40,False,0.6839470855863942,0.8270109343813987,0.5344126017608269,0.6617339763666041,0.7795080961843335,2.516476327193217,1.5106141808357378,1.4073291335430786,2.380319589942012,0.9425608099938881,PSBPM-FD
591,630,610,train,40,False,0.6845463757141304,0.8273731780243606,0.5380087358370192,0.6630448260628008,0.7799460437801538,2.516476327193217,1.5057263237481397,1.4041363383462937,2.366009686957349,0.9426774573990233,PSBPM-FD
592,631,611,train,40,False,0.6835338822082744,0.8267610792776074,0.543677609287478,0.6619851851391519,0.7791393708312457,2.516476327193217,1.496885723919815,1.3970911989074224,2.3540596634101334,0.942399673085758,PSBPM-FD
593,632,612,train,40,False,0.6801642772795058,0.8247207268400047,0.5490404542863536,0.6592356867461481,0.7762268629516129,2.516476327193217,1.493227192991867,1.3929101837290083,2.3631818290795175,0.9411996542463524,PSBPM-FD
594,633,613,train,40,False,0.6976365472269912,0.8352463991104608,0.5580936550536445,0.6676417706936901,0.7876518645618393,2.516476327193217,1.5156945174369674,1.4154199511174732,2.368668668195737,0.9430173723594503,PSBPM-FD
595,634,614,train,40,False,0.7104979334637824,0.8429103946824849,0.5732980290881272,0.676132177586356,0.7961811794060497,2.516476327193217,1.5303757439494519,1.431356371438387,2.3608934038247997,0.9445620607229105,PSBPM-FD
596,635,615,train,40,False,0.7048589571007978,0.8395587871619222,0.5840968406471054,0.6715487394809061,0.7912673999843218,2.516476327193217,1.519961991882381,1.4218184099340292,2.363671306897127,0.9424800408070928,PSBPM-FD
597,636,616,train,40,False,0.65339950908498,0.808331311458971,0.5437475374570244,0.6468701715728049,0.7643764289701218,2.516476327193217,1.4887807326009164,1.3889375481169346,2.405278578070263,0.9456226897736842,PSBPM-FD
598,637,617,train,40,False,0.6632632434584452,0.8144097515737672,0.5482397610337775,0.6532934305713702,0.7716453964601095,2.516476327193217,1.4979795211735327,1.4005333816264944,2.395073613918784,0.9474903695209693,PSBPM-FD
599,638,618,train,40,False,0.6676883386858007,0.8171219851930315,0.5452673799737079,0.6571691942691997,0.7750393771720943,2.516476327193217,1.5053868774356522,1.4074118604104835,2.38928136356176,0.9484989893999781,PSBPM-FD
600,639,619,train,40,False,0.6624011439448139,0.8138803007474833,0.5391927215552683,0.6534349001709305,0.7726728855358276,2.516476327193217,1.5047126606290262,1.4057982773287074,2.3977127304332373,0.9493691944948045,PSBPM-FD
601,640,620,train,40,False,0.6410205770024298,0.800637606537708,0.5188373072552033,0.6402318997124775,0.7556155103646688,2.516476327193217,1.4693348016114836,1.3718448499964595,2.4011451987197536,0.9437671977866071,PSBPM-FD
602,641,621,train,40,False,0.6460821634552227,0.8037923633969303,0.513007214530849,0.6455558618070569,0.7601069909398314,2.516476327193217,1.4708561603779828,1.3736850595985408,2.38273024168159,0.9456509237379678,PSBPM-FD
603,642,622,train,40,False,0.6379349297771659,0.7987082882862591,0.5030112854851313,0.6392514526809986,0.7529538253079158,2.516476327193217,1.4609215162617466,1.3635102143866296,2.3934691223053703,0.9427144257179102,PSBPM-FD
604,643,623,train,40,False,0.6385179062336354,0.7990731544944025,0.49749162617798576,0.638147110227263,0.7534068647602064,2.516476327193217,1.46738318167533,1.369673119194669,2.410171101415915,0.9428509273808722,PSBPM-FD
605,644,624,train,40,False,0.6136371789601671,0.7833499722092081,0.48938054276835896,0.6232552378044112,0.7384215447815927,2.516476327193217,1.454421532173376,1.3526439968198196,2.44547587869567,0.9426457789984878,PSBPM-FD
606,645,625,train,40,False,0.6083604788845438,0.779974665540198,0.4945321302966682,0.6198774459011747,0.7333379291203705,2.516476327193217,1.436841840658154,1.3375138622757912,2.422579218946422,0.9402073702130728,PSBPM-FD
607,646,626,train,40,False,0.6028039727102186,0.7764045161577943,0.49091071215883114,0.6135579560863107,0.7295070124402445,2.516476327193217,1.4366426798355716,1.3377881277937356,2.445507764699203,0.9395965598582139,PSBPM-FD
608,647,627,train,40,False,0.5993574143049692,0.7741817708425904,0.49071487837023825,0.6105101800561737,0.7276497773548487,2.516476327193217,1.4405355474497192,1.3401073419084317,2.4563630392016185,0.9398952607252712,PSBPM-FD
609,648,628,train,40,False,0.5790888209996726,0.7609788571305202,0.48931622238097494,0.5996538191707925,0.7164848191899059,2.516476327193217,1.4287790565663276,1.3277399813925614,2.4756075151637122,0.9415305201666295,PSBPM-FD
610,649,629,train,40,False,0.600505358501862,0.7749228080924332,0.5052602330469603,0.6096943395149386,0.7287611084573751,2.516476327193217,1.4497641824878829,1.3490005990680374,2.4711003750854617,0.9404305833394029,PSBPM-FD
611,650,630,train,40,False,0.5785530596814752,0.7606267545133258,0.506160370703999,0.5960546526158133,0.7126331933626304,2.516476327193217,1.416654984999815,1.317078567894632,2.4707170860631136,0.9369026123970576,PSBPM-FD
612,651,631,train,40,False,0.5823959454260518,0.7631487046611897,0.5383992216182902,0.5970475022029479,0.7147335023721466,2.516476327193217,1.4258700938135556,1.3269349403602835,2.4797748971648503,0.9365586261323242,PSBPM-FD
613,652,632,train,40,False,0.5775658396103719,0.7599775257271572,0.5611757326264527,0.5926281364808501,0.710844167928921,2.516476327193217,1.4192557601020466,1.3217431871608674,2.4944659289910787,0.9353489331790112,PSBPM-FD
614,653,633,train,40,False,0.5820185687949583,0.7629014148597172,0.5863275563342675,0.5972502439167773,0.7143178092386203,2.516476327193217,1.4142456905659984,1.3193256353725276,2.4642195884963973,0.9363173213802068,PSBPM-FD
615,654,634,train,40,False,0.5792838297509979,0.7611069765486307,0.5993487252074113,0.5957449110566456,0.711937927581139,2.516476327193217,1.405808507913194,1.3092586278841283,2.45426761466076,0.9353979788879915,PSBPM-FD
616,655,635,train,40,False,0.587014053591077,0.766168423775789,0.611025939169731,0.6018985119176941,0.7186158122105152,2.516476327193217,1.412841413283099,1.3166328000646568,2.4392639298408976,0.93793451923935,PSBPM-FD
617,656,636,train,40,False,0.5844839878137844,0.7645155249004328,0.6153663596451412,0.5987052303245279,0.7166723349912323,2.516476327193217,1.4126969962290024,1.3158618362548613,2.4572050673795545,0.9374202506673341,PSBPM-FD
618,657,637,train,40,False,0.6010717116111117,0.7752881474723522,0.6321204365641264,0.5993785742532761,0.7224131336040542,3.169425215103393,1.4370605955511089,1.3361442394672802,2.4759809271707143,0.9317995328050807,PSBPM-FD
619,658,638,train,40,False,0.6213496109772552,0.7882573253559114,0.6488662600055654,0.610160229384767,0.736759966563487,3.169425215103393,1.4695989297392553,1.3670685454701859,2.4835296790367734,0.9346693558868323,PSBPM-FD
620,659,639,train,40,False,0.6212676365103944,0.7882053263651512,0.651567911104498,0.6120009469681627,0.7367140932283348,3.169425215103393,1.4584001822368413,1.358729644018731,2.4607036001309837,0.9346728175838767,PSBPM-FD
621,660,640,train,40,False,0.5931295282298554,0.770149029883084,0.649231592128126,0.596477407460338,0.7213805554974764,3.169425215103393,1.4434871686105004,1.3412794472163,2.4877555818171526,0.9366765749312037,PSBPM-FD
622,661,641,train,40,False,0.5869534512532196,0.7661288737890118,0.681707293059064,0.5915673029400439,0.7168164153749855,3.169425215103393,1.436591535121844,1.3353381306960483,2.4960840784619505,0.935634251493298,PSBPM-FD
623,662,642,train,40,False,0.5910707491783269,0.7688112571875667,0.72244638823167,0.5953734234976171,0.7207237216304654,3.169425215103393,1.436684269902647,1.3376793988630313,2.4726355067887686,0.9374520922950411,PSBPM-FD
624,663,643,train,40,False,0.5918308792962674,0.7693054525325214,0.7572634876635781,0.5949972206212774,0.7212379151937867,3.169425215103393,1.4340010607267002,1.3355875938317783,2.469696961303017,0.937518267704332,PSBPM-FD
625,664,644,train,40,False,0.5894093589157293,0.7677300039178678,0.7692312337647363,0.5912726858279205,0.719248156550929,3.169425215103393,1.437605851580263,1.3403879676745372,2.4973521982829188,0.9368503938630417,PSBPM-FD
626,665,645,train,40,False,0.5961259148839476,0.7720919083139958,0.7863579438671027,0.5955553645994109,0.7236051276386751,3.169425215103393,1.4428405410022005,1.3443628579476627,2.4913202976307254,0.9372007656689468,PSBPM-FD
627,666,646,train,40,False,0.5992957964239285,0.7741419743328277,0.8057690534592493,0.5980895801417526,0.7261310097981317,3.169425215103393,1.4406862590351217,1.341994111419583,2.4778062098719906,0.9379817060351586,PSBPM-FD
628,667,647,train,40,False,0.6031482770340246,0.7766262144906162,0.7891478812463613,0.5989147206980817,0.7278368769345707,3.169425215103393,1.451531776133947,1.3531961408075392,2.487370215530528,0.937177838391605,PSBPM-FD
629,668,648,train,40,False,0.6094240149800874,0.7806561438815988,0.7845152813748436,0.6031380959742252,0.7332266139721153,3.169425215103393,1.465620975959196,1.3659902440679883,2.4910905609037193,0.9392440189176593,PSBPM-FD
630,669,649,train,40,False,0.5665211031160929,0.7526759615638677,0.7833536810555883,0.5843475127227097,0.7104676425025023,3.169425215103393,1.4262948204575494,1.3272274163092617,2.4939154573647344,0.9439223235272887,PSBPM-FD
631,670,650,train,40,False,0.561467987363628,0.7493116757155383,0.7939062869499004,0.5806258450298687,0.7063267183451362,3.169425215103393,1.420763572053014,1.3207665945714704,2.4995700180518536,0.9426340750271179,PSBPM-FD
632,671,651,train,40,False,0.5762574983626002,0.759116261426799,0.8120450456641177,0.5856092630256773,0.7156049086307295,3.169425215103393,1.445327081230913,1.3434368955488278,2.519418126176263,0.9426815693365761,PSBPM-FD
633,672,652,train,40,False,0.5949149854629056,0.7713073223189999,0.8279950935316807,0.5959865729292669,0.7278101099152731,3.169425215103393,1.467120991956661,1.3657860459179398,2.5076394199156953,0.9436058609259033,PSBPM-FD
634,673,653,train,40,False,0.5798119719282934,0.7614538541029873,0.8308046916922863,0.5883674793535556,0.7184374852581994,3.169425215103393,1.4534515431851545,1.3524050557703713,2.51601009633576,0.9435075827471353,PSBPM-FD
635,674,654,train,40,False,0.573639299883658,0.7573897938866473,0.8190841209251895,0.5842725521574905,0.7148154386233635,3.169425215103393,1.4466157538983944,1.3468858736038516,2.519124051543343,0.9437880525893968,PSBPM-FD
636,675,655,train,40,False,0.5878902641743083,0.7667400238505281,0.8290616426307003,0.5930398861386943,0.7252343978407778,3.169425215103393,1.4649885979591821,1.366068841524319,2.5129264518254213,0.9458674065280808,PSBPM-FD
637,676,656,train,40,False,0.5973864916352261,0.7729078157421013,0.8268542640905391,0.6012474708481947,0.7333908903737213,3.169425215103393,1.4705386023200853,1.3725354078152274,2.477696896281887,0.9488723951763405,PSBPM-FD
638,677,657,train,40,False,0.5848870635669773,0.7647790946194707,0.8120337393902018,0.5929076804423212,0.7233646805559839,3.169425215103393,1.4530447397267463,1.355490790793811,2.478561311424774,0.945847873778384,PSBPM-FD
639,678,658,train,40,False,0.5915782749121,0.769141258100292,0.8077334243972423,0.5965013206591175,0.7275305434385441,3.169425215103393,1.4552352512225455,1.357760931378754,2.46908913281615,0.9458997755958085,PSBPM-FD
640,679,659,train,40,False,0.572688166423692,0.7567616311783335,0.8095217351758948,0.5873991654179795,0.716374745230404,3.169425215103393,1.4321061124107815,1.3369116249234927,2.467954176550657,0.946631958751603,PSBPM-FD
641,680,660,train,40,False,0.5916904566121256,0.7692141812344112,0.8160420492133671,0.601945003143577,0.732170626006842,3.169425215103393,1.4567729729379302,1.3619430335278495,2.4465471895295403,0.9518423397133388,PSBPM-FD
642,681,661,train,40,False,0.5965036929108998,0.7723365153292312,0.8178239620892434,0.6020367004362768,0.7355125338071355,3.169425215103393,1.4769365023837988,1.37969048715115,2.4793155011883456,0.9523213252368389,PSBPM-FD
643,682,662,train,40,False,0.6045144965638201,0.7775053032383895,0.8290982114263077,0.6087644929879297,0.742569706855239,3.169425215103393,1.4846403913067374,1.3875790351857742,2.4635277999000507,0.9550670635458818,PSBPM-FD
644,683,663,train,40,False,0.6105137809160519,0.781353812888919,0.8416909494017815,0.6142175591185348,0.7466554073333864,3.169425215103393,1.4835794609850272,1.387608684326607,2.442747805883826,0.9555919418537918,PSBPM-FD
645,684,664,train,40,False,0.6328129833319431,0.7954954326279586,0.8427866833963686,0.6270032432552022,0.7604742494581958,3.169425215103393,1.5092196626803946,1.413986309179292,2.4254235913966973,0.955975632626741,PSBPM-FD
646,685,665,train,40,False,0.6408968063138939,0.800560307730713,0.830897654661605,0.6322356447057862,0.7676748420757585,3.169425215103393,1.5271451122131858,1.4306888416197494,2.4405847084817807,0.9589219383756705,PSBPM-FD
647,686,666,train,40,False,0.6393801931329244,0.7996125268734379,0.8190610882171704,0.6310320087575616,0.7664602063510155,3.169425215103393,1.534071102778718,1.4333230812965494,2.463794820090486,0.9585395183188898,PSBPM-FD
648,687,667,train,40,False,0.634548355257244,0.7965854350019488,0.8292667543094511,0.6283990244128991,0.7635589085006209,3.169425215103393,1.5309694639555995,1.4312071596317484,2.4668147059575527,0.9585398815366903,PSBPM-FD
649,688,668,train,40,False,0.6511105963444841,0.8069142434884169,0.8135478942945484,0.6389521599569293,0.7730348727809232,3.169425215103393,1.5295924820590994,1.4322966508699904,2.4347728669812865,0.958013666283758,PSBPM-FD
650,689,669,train,40,False,0.6501064561448067,0.8062917934251884,0.8144494492335543,0.6380901177071404,0.7725820440256475,3.169425215103393,1.532381766878315,1.433077728389367,2.4401764946504443,0.9581916253217221,PSBPM-FD
651,690,670,train,40,False,0.6533325697253223,0.8082899045053837,0.8341123444622855,0.6415543634261933,0.7763109026629114,3.169425215103393,1.5398196028683706,1.4405466590882936,2.4381310350120877,0.9604362226173773,PSBPM-FD
652,691,671,train,40,False,0.6695631170165346,0.8182683649124746,0.8278292129323748,0.6489428281476758,0.7836625156086878,3.169425215103393,1.5447304627763887,1.446331910552938,2.4261949525279696,0.957708435535708,PSBPM-FD
653,692,672,train,40,False,0.667950738220439,0.8172825326779223,0.8196134231667226,0.6493296045683639,0.78208682507522,3.169425215103393,1.5324173799233158,1.4346996670730572,2.393341616587563,0.9569356909080395,PSBPM-FD
654,693,673,train,40,False,0.6772228011065728,0.8229354780944693,0.821831472391939,0.6519836228688947,0.7877195179264793,3.169425215103393,1.5494950878463698,1.450143858740753,2.4102794712373763,0.9572069000481865,PSBPM-FD
655,694,674,train,40,False,0.6775875370447625,0.8231570549079699,0.818103532823632,0.6510511347326826,0.7880611660324034,3.169425215103393,1.5588674724125984,1.4596298325271029,2.437990896544941,0.9573642858719225,PSBPM-FD
656,695,675,train,40,False,0.6965749412145061,0.8346106524688659,0.8324163844856339,0.6587870005799745,0.7983920037546393,3.169425215103393,1.5888050878087858,1.4875174390890922,2.4538259568351832,0.95660413798088,PSBPM-FD
657,696,676,train,40,False,0.6947908448378828,0.8335411476573203,0.846653047940042,0.6590535637464072,0.7968575715785535,3.169425215103393,1.5818285982145128,1.4806065439010176,2.4365679805359965,0.9559906836250777,PSBPM-FD
658,697,677,train,40,False,0.6436782416135433,0.8022956073752013,0.8115092414217003,0.6408760690752008,0.7734346252558902,2.4514519531340184,1.5320228018387712,1.433976559734234,2.430522811061033,0.9640269972139908,PSBPM-FD
659,698,678,train,40,False,0.6420350398389785,0.8012708904228197,0.8036356757517067,0.6406561720791121,0.7725935257075152,2.4514519531340184,1.5270744983768338,1.4297611310732479,2.424908181217488,0.964210150327348,PSBPM-FD
660,699,679,train,40,False,0.6414606076558254,0.8009123595349402,0.7900078662414346,0.6404785467500341,0.7722693858169394,2.4514519531340184,1.529124520846643,1.4312659025091379,2.428219681755576,0.964237068666748,PSBPM-FD
661,700,680,train,40,False,0.6428634950368839,0.8017876870075293,0.7812819631088277,0.6426572693237805,0.773377466820615,2.4514519531340184,1.5287798994990447,1.4326876568341032,2.416460335002436,0.964566404988148,PSBPM-FD
662,701,681,train,40,True,0.6496283064021909,0.8059952272825137,0.7739387190276794,0.646436388170127,0.7783212092966528,2.4514519531340184,1.5440296634939565,1.4468037926244797,2.4254586884147784,0.9656647867765092,PSBPM-FD
663,702,682,train,40,True,0.6561415306410006,0.8100256357924732,0.7613062372851161,0.6489111954810916,0.7829848950032791,2.4514519531340184,1.56523020426626,1.464006288599458,2.4514347220773542,0.9666174259253667,PSBPM-FD
664,703,683,train,40,True,0.6475198327545117,0.8046861703512195,0.7415279882420807,0.6438716891310515,0.7758890112475382,2.4514519531340184,1.5521880815507445,1.4516639234420512,2.4479595456224503,0.964213180038732,PSBPM-FD
665,704,684,train,40,True,0.6512854980327941,0.8070226130863956,0.7311876513580395,0.6461926489351691,0.778884262718283,2.4514519531340184,1.5620356018635673,1.4592680156553288,2.4520365297600906,0.9651331326881911,PSBPM-FD
666,705,685,train,40,True,0.6383092644904341,0.798942591486043,0.7079680754283341,0.6374576250114419,0.7690815154199416,2.4514519531340184,1.5518542338315036,1.4489636842532432,2.4711672240599176,0.9626242531261735,PSBPM-FD
667,706,686,train,40,True,0.6293600510574685,0.793322160951948,0.6974723341141845,0.6289250182957715,0.7601046670971054,2.4514519531340184,1.545748601170036,1.4415819705903208,2.507260630552769,0.9581286197589851,PSBPM-FD
668,707,687,train,40,True,0.6187872340644034,0.786630303296538,0.6741887753388918,0.6264212874671399,0.7551358990497334,2.4030150078581656,1.5308744990052425,1.4278005570032388,2.4973342470101003,0.9599628896638982,PSBPM-FD
669,708,688,train,40,True,0.6277230230172529,0.7922897342621908,0.6721594958196254,0.6314153412021986,0.7607104592391001,2.4030150078581656,1.534113646974427,1.4319396966904436,2.481786066955703,0.9601417591854846,PSBPM-FD
670,709,689,train,40,True,0.6271056065115692,0.7918999977974297,0.6596621110665937,0.6293544018027039,0.7600596621450938,2.4030150078581656,1.5377307368875759,1.434899902535531,2.50665245216927,0.9597924791755326,PSBPM-FD
671,710,690,train,40,True,0.6454891196497107,0.8034233750954167,0.6754062515846253,0.640279952753688,0.7720436310385336,2.4030150078581656,1.5559449762745499,1.4521736386954551,2.4977344871106992,0.9609424557094116,PSBPM-FD
672,711,691,train,40,True,0.6520681522775086,0.8075073697976437,0.7072864089545869,0.6458050312736134,0.7751900022260341,2.4030150078581656,1.556530996113956,1.4526852768372351,2.4812097351717783,0.9599788574317182,PSBPM-FD
673,712,692,train,40,True,0.6343580448906765,0.7964659722114162,0.7073983664023793,0.6364803390169296,0.7638655340187068,2.4030150078581656,1.5375801477586433,1.4340104446704138,2.492214955205575,0.9590686365392446,PSBPM-FD
674,713,693,train,40,True,0.6514828488387581,0.8071448747522083,0.705559577461708,0.6466051104062764,0.7742359754738327,2.4030150078581656,1.5469153575844543,1.4446759260027981,2.4726912691332146,0.95922801431592,PSBPM-FD
675,714,694,train,40,True,0.6480062204615387,0.8049883356058886,0.6757403254378469,0.6439678495734518,0.7718617891397419,2.4030150078581656,1.5426445353845932,1.440411019565715,2.47592708005502,0.9588484143174405,PSBPM-FD
676,715,695,train,40,True,0.6510173912721778,0.8068564874078772,0.6615455795490549,0.6458342644340211,0.7734897411952967,2.4030150078581656,1.5476446200014298,1.442415114397584,2.476623347482878,0.9586459962418161,PSBPM-FD
677,716,696,train,40,True,0.6803411971598635,0.8248279803449101,0.6444039927346366,0.6589884962758182,0.7877250976117791,2.4030150078581656,1.5699344490674403,1.464825969158658,2.472501457109329,0.9550174295522612,PSBPM-FD
678,717,697,train,40,True,0.6979851020682102,0.8354550269572925,0.6301032802012398,0.6701581778795098,0.8006670906989113,2.4030150078581656,1.5872849055041265,1.4823370015429351,2.4640262962827224,0.958360492024235,PSBPM-FD
679,718,698,train,40,True,0.688083821606334,0.8295081805541968,0.601148479255976,0.6640881158920859,0.7941128376448485,2.4030150078581656,1.5790848431745477,1.4749537696549337,2.4742695957557452,0.9573297241195373,PSBPM-FD
680,719,699,train,40,True,0.688501361710836,0.8297598217019404,0.578245446414699,0.664735744650536,0.7944441346625919,2.4030150078581656,1.5788008694854032,1.4731903592845943,2.470761635819586,0.9574386634352677,PSBPM-FD
681,720,700,train,40,True,0.6776577244178029,0.8231996868426292,0.5521753389558097,0.6566537631236381,0.7874755909906626,2.4030150078581656,1.5721558333958665,1.4639302533761276,2.491009558718384,0.9566033655953078,PSBPM-FD
682,721,701,test,40,True,0.6708307832797116,0.8190426016268699,0.5499702123675646,0.6541332594027758,0.7825119791794873,2.4030150078581656,1.5562894808597267,1.44938841679982,2.474522819932269,0.9553983854138703,PSBPM-FD
683,722,702,test,40,True,0.6985108783394249,0.8357696323386158,0.545428696235707,0.6652791771434374,0.7965105085340769,2.4030150078581656,1.581796308466076,1.4746250044906897,2.4777367748838737,0.9530263815703789,PSBPM-FD
684,723,703,test,40,True,0.7069484121469408,0.840802243186197,0.5470946598089631,0.6650723477405082,0.80115292854759,2.4030150078581656,1.599179725413833,1.4932658326143327,2.502242435122878,0.9528434718628283,PSBPM-FD
685,724,704,test,40,True,0.7283434811370599,0.8534304196225138,0.5728492694606369,0.6718029964022288,0.8096846644693565,2.857139366300135,1.6116802563861214,1.5045640121041708,2.498267610490751,0.9487412750385594,PSBPM-FD
686,725,705,test,40,True,0.7334778103931408,0.8564331908521182,0.5723845158062101,0.6730701693962189,0.8130106057809023,2.857139366300135,1.6238165462381668,1.515524231153013,2.512652034615461,0.9492983392808351,PSBPM-FD
687,726,706,test,40,True,0.7354475580081395,0.8575823913818075,0.5795121676521398,0.6765519513746459,0.8145708748415004,2.857139366300135,1.620400218713802,1.5140097942088442,2.48480874274514,0.9498456160334597,PSBPM-FD
688,727,707,test,40,True,0.7500887628273534,0.8660766495105114,0.5900053143975668,0.6829448177766644,0.8224272478298008,2.857139366300135,1.634578287321829,1.5275455245529157,2.4857446627868223,0.9496009946632549,PSBPM-FD
689,728,708,test,40,True,0.7311242502406122,0.8550580391064763,0.6003122817791791,0.671648822850254,0.8110956029704204,2.857139366300135,1.6251656456129637,1.5169612105763022,2.5012629059780633,0.9485854361629114,PSBPM-FD
690,729,709,test,40,True,0.7129272693110187,0.8443502053715737,0.5985238829274054,0.6626827864916675,0.8009497297310014,2.857139366300135,1.614390415961702,1.5048373339462144,2.523970364693998,0.9485989636000941,PSBPM-FD
691,730,710,test,40,True,0.7176139356022013,0.8471209686946731,0.5953838743588336,0.6644932409541896,0.8049417468221552,2.857139366300135,1.6299545292647437,1.5182117629860608,2.546367416241412,0.9502087382661397,PSBPM-FD
692,731,711,test,40,True,0.7139850212142024,0.8449763435825896,0.5853442597753183,0.6631951948360427,0.8034559394234198,2.857139366300135,1.6252721391426082,1.5138314427228117,2.5442816367991954,0.9508620513763395,PSBPM-FD
693,732,712,test,40,True,0.7184713958955106,0.8476269202281806,0.5708342893898578,0.6647647660763092,0.8074601173074119,2.857139366300135,1.6370508218157105,1.5257766841877085,2.5620430771853884,0.9526126389308684,PSBPM-FD
694,733,713,test,40,True,0.7090096016916712,0.84202707895392,0.5629730120266544,0.6616856564479269,0.8016933809713471,2.857139366300135,1.6238147708228166,1.5135620714012106,2.5526965061854217,0.9520992863641857,PSBPM-FD
695,734,714,test,40,True,0.7128216396532214,0.8442876521975324,0.5659328169210975,0.6662816705435303,0.8048502951405961,2.857139366300135,1.6151696373871451,1.5082754774057177,2.5125290687643806,0.9532891936127601,PSBPM-FD
696,735,715,test,40,True,0.6883365249835671,0.8296604877801323,0.550385448532681,0.6545078650283183,0.7901162635408238,2.857139366300135,1.5871165313916564,1.4788800581781585,2.5194438340376166,0.9523368596892996,PSBPM-FD
697,736,716,test,40,True,0.6986166175754864,0.8358328885462012,0.5512784922664973,0.6605804272642681,0.7974807097446003,2.857139366300135,1.6009943306917578,1.491282800067744,2.5169957636743243,0.9541150158995197,PSBPM-FD
698,737,717,test,40,True,0.7000226603021158,0.8366735685451739,0.5434493093294256,0.6629390809232543,0.7985716143798065,2.857139366300135,1.6016663845289751,1.4933962538544097,2.5089497312215494,0.9544601914081977,PSBPM-FD
699,738,718,test,40,True,0.690969278289246,0.8312456185082999,0.5455022752516911,0.6578467835278687,0.7932709272047517,2.857139366300135,1.6001640485082294,1.4898885555160721,2.529112566975283,0.9543159200385378,PSBPM-FD
700,739,719,test,40,True,0.6781506985446623,0.8234990580107923,0.5471795748193538,0.6500445050379773,0.7840518891869322,2.857139366300135,1.5801421258676744,1.4691964368245625,2.5265662213218114,0.9520981008537559,PSBPM-FD
701,740,720,test,40,False,0.6908332884054877,0.8311638156257091,0.5611125400377638,0.6569805411117491,0.7918663952352034,2.857139366300135,1.5927694904874943,1.4790786083834417,2.5217910883682473,0.9527200057898066,PSBPM-FD
702,741,721,test,40,False,0.6835396585030186,0.8267645725979184,0.5697819153294649,0.6534423829059254,0.7864637088491634,2.857139366300135,1.5708133505120419,1.4591640226831095,2.497698670898608,0.9512547282691145,PSBPM-FD
703,742,722,test,40,False,0.6741546392069511,0.8210692048828473,0.5842265281504481,0.6485140371472953,0.7792039120860111,2.857139366300135,1.5490845862940055,1.4406282287241576,2.4836904857938333,0.949011249541615,PSBPM-FD
704,743,723,test,40,False,0.6873570594207237,0.8290699966955285,0.6116205656400849,0.6570631910371066,0.7891405641875144,2.857139366300135,1.567294813975384,1.4566470546666241,2.4831986395196792,0.9518382854678579,PSBPM-FD
705,744,724,test,40,False,0.6806652329864371,0.8250243832678141,0.6332411903321525,0.6537771117794697,0.7832848984668903,2.857139366300135,1.5436328432839177,1.434779208870567,2.4519762129249094,0.9494081803551075,PSBPM-FD
706,745,725,test,40,False,0.6883740849531332,0.8296831232182159,0.6659333979419546,0.6597559501595794,0.7897595938723057,2.857139366300135,1.5478585822114004,1.442553597506905,2.432263672798162,0.9518809913945786,PSBPM-FD
707,746,726,test,40,False,0.6960042813251572,0.8342687105034907,0.6862780763389438,0.6652651745605832,0.7977340739933612,2.857139366300135,1.5599295246190816,1.454536729609892,2.420025181487813,0.9562075910912679,PSBPM-FD
708,747,727,test,40,False,0.681442899723725,0.8254955479732916,0.7080036757849201,0.6556219517217636,0.7883661490508873,2.857139366300135,1.5473588240063172,1.440764461541851,2.439027419054665,0.9550216848369902,PSBPM-FD
709,748,728,test,40,False,0.6754923601033351,0.8218834224531695,0.75718742174855,0.65329169913619,0.7848339435942477,2.857139366300135,1.5347036397678417,1.429417700079552,2.428251767638506,0.9549212481396255,PSBPM-FD
710,749,729,test,40,False,0.67814006498781,0.823492601659426,0.8103266318880904,0.6569720131621721,0.7874147797602137,2.857139366300135,1.5332054326255737,1.429767994560787,2.400151446065876,0.9561892580133549,PSBPM-FD
711,750,730,test,40,False,0.6554132408250092,0.8095759635914404,0.8131391901980395,0.6420928078716409,0.7703230811123677,2.857139366300135,1.5045751101205191,1.401146691135538,2.405610309744442,0.9515142688958561,PSBPM-FD
712,751,731,test,40,False,0.6576339345673488,0.8109463203981807,0.8246001867139875,0.6444261644541741,0.7713073370682776,2.857139366300135,1.4977462130918249,1.394618633565163,2.393867930112601,0.951120089785425,PSBPM-FD
713,752,732,test,40,False,0.6714380683687601,0.8194132463957121,0.8493884476328957,0.6539254771579242,0.7806144272402462,2.857139366300135,1.5106652278779982,1.4063466749361533,2.3749944440723647,0.9526504857883038,PSBPM-FD
714,753,733,test,40,False,0.6639803465747209,0.8148498920505058,0.8367019187296274,0.6484697380787837,0.7767097363209813,2.857139366300135,1.5162178096385897,1.4076565292199148,2.3978231168556547,0.9531936420417904,PSBPM-FD
715,754,734,test,40,False,0.6623510372647525,0.8138495175797259,0.8229165354050961,0.6472209436468248,0.775475415694172,2.857139366300135,1.5182570725906186,1.4079685119303558,2.408024302699933,0.9528486519231797,PSBPM-FD
716,755,735,test,40,False,0.6555269244756323,0.8096461723960858,0.8050420195366849,0.6441189590626702,0.7715973360758712,2.857139366300135,1.5036240353645818,1.3979999115953543,2.3976809132336165,0.9530055997083121,PSBPM-FD
717,756,736,test,40,False,0.6191903357704595,0.786886482137328,0.7734539156515047,0.6259404933698212,0.7518381997116774,2.857139366300135,1.4705598759021072,1.3655042378630466,2.4009001428828163,0.9554595443926638,PSBPM-FD
718,757,737,test,40,False,0.604175401591636,0.7772872066306225,0.7654915766226528,0.6165181783783815,0.7416471419585465,2.857139366300135,1.4628631928410933,1.3569660024698535,2.422818900089849,0.9541481393646396,PSBPM-FD
719,758,738,test,40,False,0.633786286698507,0.79610695682082,0.7694641722003349,0.6297613240964202,0.7574069436474193,2.857139366300135,1.487528200453607,1.3810850745452516,2.413197697891197,0.9513884248318271,PSBPM-FD
720,759,739,test,40,False,0.6912727609704854,0.831428145404331,0.7825079126243777,0.6520918871384124,0.7826041694868168,2.9849908971735104,1.5317726690547062,1.424428594028659,2.408316213271027,0.9412769748205112,PSBPM-FD
721,760,740,test,40,False,0.685058226005294,0.8276824427310839,0.788544364613472,0.6484622555661783,0.7766160980252879,2.9849908971735104,1.5185864678640748,1.412184026424896,2.399504515267388,0.9383020080294397,PSBPM-FD
722,761,741,test,40,False,0.7152308613190284,0.8457132264065806,0.7841212408311639,0.6620501156908764,0.7930618041915746,2.9849908971735104,1.548164225488201,1.4391123588080252,2.397913156844043,0.9377431727788852,PSBPM-FD
723,762,742,test,40,False,0.7003625114869287,0.8368766405432336,0.7674473477252051,0.6552360126198757,0.786529110910154,2.9849908971735104,1.542883241787377,1.4330902076394008,2.4092971255511477,0.9398387681123492,PSBPM-FD
724,763,743,test,40,False,0.6918717232186564,0.8317882682622161,0.7484103561098905,0.6549448010446841,0.7818540291230311,2.9849908971735104,1.5329551749083126,1.4199619685071876,2.3964874358884307,0.9399676082911,PSBPM-FD
725,764,744,test,40,False,0.6494566059133855,0.8058887056618832,0.7231913016973945,0.6367906515386825,0.7606588170554852,2.9849908971735104,1.4885701173699015,1.3799532024930101,2.3947695121948076,0.9438757631312746,PSBPM-FD
726,765,745,test,40,False,0.6440681787398004,0.8025385839570583,0.7460035076310806,0.6362068741453575,0.757151822410461,2.9849908971735104,1.4689510510034065,1.3622439646199758,2.36563465695617,0.94344600689127,PSBPM-FD
727,766,746,test,40,False,0.6651714613170651,0.8155804444180016,0.746491297398849,0.6465312623023024,0.7689079036147087,2.9849908971735104,1.490258607557322,1.3840670675454834,2.360760189916083,0.942773835343001,PSBPM-FD
728,767,747,test,40,False,0.6483116926454522,0.8051780502754978,0.7304084292901173,0.6379832409092436,0.7595623481676824,2.9849908971735104,1.4763241047788864,1.3693439807156553,2.3677641532492357,0.9433470620663248,PSBPM-FD
729,768,748,test,40,False,0.6560167440047725,0.8099486057798806,0.7294616913655708,0.6408618724380026,0.7649314035273562,2.9849908971735104,1.4927066135818972,1.3841042105226184,2.3835605064079948,0.9444196805435842,PSBPM-FD
730,769,749,test,40,False,0.6645618287625721,0.8152066172220219,0.7238430587585399,0.6468144922888429,0.7702681751533953,2.9849908971735104,1.4869588107430372,1.3826423975882147,2.349277129277867,0.9448747825161635,PSBPM-FD
731,770,750,test,40,False,0.6667266739686726,0.8165333269185481,0.7129379951790692,0.6490473806071315,0.771819221507642,2.9849908971735104,1.480186467646917,1.3779436978228858,2.3258799173813136,0.9452390932043777,PSBPM-FD
732,771,751,test,40,False,0.6374270979753005,0.7983903168095794,0.6981453833984163,0.6332327526550428,0.7544730014269498,2.9849908971735104,1.4561677902447723,1.353957286145628,2.3392886024135953,0.9449926753143424,PSBPM-FD
733,772,752,test,40,False,0.6470788206128424,0.8044120962621351,0.7031805181170204,0.6392191523456201,0.760770985333478,2.9849908971735104,1.4662274533266255,1.362912442789433,2.329871469202389,0.9457478186473769,PSBPM-FD
734,773,753,test,40,False,0.6379445471594206,0.7987143088485523,0.6899672838048577,0.6311336642269963,0.7522180198847559,2.9849908971735104,1.4529073285277447,1.350176931487832,2.3424199524435707,0.9417860823968126,PSBPM-FD
735,774,754,test,40,False,0.633873784993005,0.7961619087804973,0.6782110552192667,0.6278949769358009,0.7488196652940362,2.9849908971735104,1.4528111700004445,1.3487142762759414,2.3542007858760607,0.9405369147100036,PSBPM-FD
736,775,755,test,40,False,0.6415569991819373,0.8009725333505121,0.6910691101803501,0.6346223347329187,0.7546959433256453,2.9849908971735104,1.4524005396807094,1.3501211543454272,2.325909786444575,0.9422244982218188,PSBPM-FD
737,776,756,test,40,False,0.6484807143345636,0.8052830026360692,0.7099594986925125,0.6385146079948594,0.7584569390035026,2.9849908971735104,1.4588878741952382,1.358910030048624,2.322251518224559,0.941851419340427,PSBPM-FD
738,777,757,test,40,False,0.646795617796907,0.8042360460691295,0.7148431574728591,0.6361190279358737,0.7571403014421833,2.9849908971735104,1.4575554282748608,1.356826773060881,2.3291573449558114,0.9414403956933584,PSBPM-FD
739,778,758,test,40,False,0.6371535848998695,0.7982190081048368,0.7237794188977689,0.6311308796211295,0.7488626815,2.9849908971735104,1.4263026032336414,1.329262759736832,2.28986385535361,0.9381669365127993,PSBPM-FD
740,779,759,test,40,False,0.6513738161123557,0.807077329697939,0.7427228409387829,0.640318042665176,0.7588645372718077,2.9849908971735104,1.43995515106125,1.3447353866456528,2.28021054100049,0.9402624870603469,PSBPM-FD
741,780,760,test,40,False,0.6510930504165362,0.806903371176832,0.7733683475259059,0.6379997009351073,0.7587190413459983,2.9849908971735104,1.4445982439469163,1.3502404037502884,2.2933028404594396,0.9402848822399156,PSBPM-FD
742,781,761,test,40,False,0.6691946526837003,0.818043185097034,0.8165040117039483,0.648182622795404,0.7701077089841621,2.9849908971735104,1.4740048538160737,1.3769449680986674,2.3041214093617968,0.9414022670365674,PSBPM-FD
743,782,762,test,40,False,0.6966758922664651,0.8346711282094673,0.8417269813849217,0.6616126182689992,0.7866303148154967,2.9849908971735104,1.5053398897592394,1.4057812718669795,2.2990955569182767,0.9424434226004348,PSBPM-FD
744,783,763,test,40,False,0.7020473988833784,0.8378826880198554,0.8399106372234769,0.6613262476589322,0.7895452962338945,2.9849908971735104,1.520040985917905,1.418219476990794,2.3200491741338007,0.9423100721889894,PSBPM-FD
745,784,764,test,40,False,0.7232671890047538,0.8504511679130988,0.8573932375624221,0.6734944116102316,0.8038685054968617,2.9849908971735104,1.5430531681692472,1.441703149258919,2.3152126391052255,0.9452259410372201,PSBPM-FD
746,785,765,test,40,False,0.741747452656108,0.8612476140205603,0.8691320105321464,0.6830084757070627,0.8138615089488063,2.9849908971735104,1.558206229489092,1.4538007544839489,2.311350330404641,0.9449796965468019,PSBPM-FD
747,786,766,test,40,False,0.75411889915123,0.8684001952736019,0.9041527912395748,0.6908289030519971,0.8216544332686471,2.9849908971735104,1.5694128745123226,1.464833014512107,2.298184256149411,0.9461702539228162,PSBPM-FD
748,787,767,test,40,False,0.7708778614337441,0.8779965042263802,0.8925029967664608,0.7009450816132203,0.8321358225295885,2.9849908971735104,1.583680567421638,1.480107412586344,2.2799421612069692,0.9477666693705115,PSBPM-FD
749,788,768,test,40,False,0.7672979597135728,0.8759554553249684,0.8504327125549981,0.6988095803939265,0.8296570316685592,2.9849908971735104,1.5861673733764456,1.4813864675167099,2.291475010989126,0.9471452305308914,PSBPM-FD
750,789,769,test,40,False,0.7718043481182598,0.8785239598999334,0.8234337926541667,0.7019968534563216,0.8332026651140303,2.9849908971735104,1.5982149906419603,1.491651416472061,2.300074502018891,0.9484119991547353,PSBPM-FD
751,790,770,test,40,False,0.7947640914817442,0.8914954242629315,0.8412463253265338,0.7180050212565783,0.8504097854686663,2.9849908971735104,1.6318206100758075,1.5240992843144991,2.297518001263364,0.9539137973386305,PSBPM-FD
752,791,771,test,40,False,0.7784555254854582,0.8823012668501945,0.845358098624443,0.7105071974667965,0.8421031634161181,2.9849908971735104,1.6221448231753377,1.5145495608062531,2.302392311369139,0.9544394812243859,PSBPM-FD
753,792,772,test,40,False,0.774767392488289,0.8802087209794555,0.8178237493114696,0.7065615756611349,0.8400220888874376,2.9849908971735104,1.623352576104822,1.5162434539093592,2.3174928078204395,0.9543442013988455,PSBPM-FD
754,793,773,test,40,False,0.7687694618508403,0.8767949941980966,0.7789930991804336,0.7045496503113181,0.8362831859428901,2.9849908971735104,1.6069843199914295,1.5030799319230514,2.30025208564784,0.9537955753359906,PSBPM-FD
755,794,774,test,40,False,0.784002706937118,0.8854392734327511,0.7570895892384294,0.7118416274511168,0.8455617170571985,2.9849908971735104,1.6257944171632424,1.5213293566251558,2.2979637140857454,0.9549629685828689,PSBPM-FD
756,795,775,test,40,False,0.7760383185900354,0.8809303710226112,0.7372317969800503,0.7054112279757587,0.8397585093936855,2.9849908971735104,1.621145985083075,1.5149475275239521,2.316562140787502,0.9532632056025812,PSBPM-FD
757,796,776,test,40,False,0.7811609304473781,0.8838330896992814,0.7035028136533197,0.7070143535843721,0.8439677840235771,2.9849908971735104,1.6334602281850288,1.5268427090152206,2.3341735013029683,0.9548949839734239,PSBPM-FD
758,797,777,test,40,False,0.7821074795653462,0.8843684071501798,0.6740614112259723,0.7082412478707969,0.8448281909207962,2.9849908971735104,1.628349069783667,1.5228380174473177,2.3167883932432884,0.9552898815587506,PSBPM-FD
759,798,778,test,40,False,0.7692781591521578,0.877085035302825,0.6852488335975516,0.7033214976652272,0.839212779306661,2.9849908971735104,1.6174112268137975,1.5135127957427268,2.316830292154402,0.9568203144828619,PSBPM-FD
760,799,779,test,40,False,0.7391626739019909,0.8597457030436331,0.6684746337405618,0.6936953535997272,0.828717957532114,2.355961349184862,1.5984512619001157,1.4967794223537905,2.3180131963867514,0.9639105547120782,PSBPM-FD
761,800,780,test,40,False,0.7432570512602593,0.8621235707601662,0.6550976064093907,0.6973916681376725,0.8329496010029663,2.355961349184862,1.6036832416651017,1.5036843162145164,2.309850667260271,0.9661603385562512,PSBPM-FD
762,801,781,test,40,False,0.71573972511778,0.8460140218210216,0.6280418589127172,0.684063110526109,0.8186094833835937,2.351427131966412,1.5843288740493746,1.4857336976178115,2.3299456506210277,0.9676074654431374,PSBPM-FD
763,802,782,test,40,False,0.7087896490742459,0.8418964598299757,0.6274306111790076,0.6832101501050308,0.8148842465310127,2.351427131966412,1.5698545973450555,1.4723108432084908,2.3138612025843686,0.9679150411151292,PSBPM-FD
764,803,783,test,40,False,0.725238706246596,0.8516094798947438,0.6274397484508972,0.6891562107611862,0.8232588464915704,2.351427131966412,1.5881053310620052,1.4918333834937307,2.31909003110599,0.9667093496814086,PSBPM-FD
765,804,784,test,40,False,0.7209366006758557,0.8490798552997567,0.615010050843933,0.6858522736803528,0.8188566790078994,2.351427131966412,1.5842127178147962,1.4870154215711433,2.3305874478975945,0.9644047893690901,PSBPM-FD
766,805,785,test,40,False,0.7359543773763682,0.857877833596584,0.6031400484364489,0.690870438285063,0.8274816429381019,2.5579338060790398,1.6214164685258254,1.519882049398131,2.365489718318617,0.9645681593950872,PSBPM-FD
767,806,786,test,40,False,0.7088455087370612,0.8419296340770178,0.5903728475929139,0.6751663992781926,0.8103056228020773,2.5579338060790398,1.5861628998117103,1.4870401353100793,2.369469947394222,0.962438652833964,PSBPM-FD
768,807,787,test,40,False,0.7140687788537756,0.8450259042501452,0.5944057912109061,0.6779290088634266,0.8136456900462047,2.5579338060790398,1.591213822770015,1.4936365361075865,2.367239846306756,0.9628647902435765,PSBPM-FD
769,808,788,test,40,False,0.7609199424549725,0.8723072523228111,0.6197370929359549,0.6945502473275781,0.8329799632580837,2.933184669686705,1.6195785169231347,1.5212648237585793,2.353219406970314,0.9549157834467095,PSBPM-FD
770,809,789,test,40,False,0.7559025560887588,0.8694265673929908,0.6212081380341563,0.6916539988275592,0.8300221750133868,2.933184669686705,1.6187555745829947,1.5188578615081338,2.361200035778425,0.9546777222396601,PSBPM-FD
771,810,790,test,40,False,0.7686831339577045,0.8767457635812702,0.6242381193029937,0.6985268984011067,0.8373257147803261,2.933184669686705,1.6295211616857153,1.5295768713512878,2.3555566957579948,0.9550382215251046,PSBPM-FD
772,811,791,test,40,False,0.7709294017981605,0.8780258548574527,0.6257557115101924,0.7016335595465155,0.8394083661670384,2.933184669686705,1.6284629060475584,1.5296777973796423,2.339420710436788,0.9560178228502351,PSBPM-FD
773,812,792,test,40,False,0.7673107366287789,0.8759627484252849,0.6353625184548541,0.700757458042415,0.8372787956031349,2.933184669686705,1.62077725565083,1.5238873926419234,2.331277404030605,0.9558383585469908,PSBPM-FD
774,813,793,test,40,False,0.7751091619643219,0.8804028407293572,0.652216204353522,0.7085816385542154,0.8448574810059792,2.933184669686705,1.6342063410677277,1.53416578083266,2.3198273072998115,0.9596260279056678,PSBPM-FD
775,814,794,test,40,False,0.7825889005089947,0.8846405487592092,0.6666756953734337,0.7137079463757117,0.8506410598109128,2.933184669686705,1.6411104371684164,1.5406422402343465,2.31331294175529,0.9615668883864935,PSBPM-FD
776,815,795,test,40,False,0.7754683837787409,0.8806068270112042,0.6655080127758123,0.7075574508574884,0.8452795833133745,2.933184669686705,1.636554922939189,1.537310494085928,2.327217472639786,0.9598830685679204,PSBPM-FD
777,816,796,test,40,False,0.80398029084647,0.8966494804807897,0.6774729612383137,0.7202278538994653,0.8568897423820729,2.933184669686705,1.6354289475090578,1.5385231278931024,2.3047537818526536,0.9556574347454064,PSBPM-FD
778,817,797,test,40,False,0.8269000025233069,0.9093404216921773,0.7055097666582549,0.729477184086061,0.8699806054326407,2.933184669686705,1.6615569262903562,1.5640802663680267,2.31047370379363,0.9567160819857842,PSBPM-FD
779,818,798,test,40,False,0.8597270544343477,0.927214675484781,0.7329835452930684,0.7454158464018047,0.8900432090198521,2.933184669686705,1.71361368987827,1.6099720301077736,2.333947883630585,0.9599106146098321,PSBPM-FD
780,819,799,test,40,False,0.8505450451603908,0.9222499905992901,0.7411288497163805,0.7400567704996843,0.8842719254093634,2.933184669686705,1.7103568742397492,1.6049753042322077,2.3461724765891243,0.9588202053921973,PSBPM-FD
781,820,800,test,40,False,0.8462720484670594,0.9199304584951297,0.7726575370829626,0.739914971914855,0.8819376219166527,2.933184669686705,1.6992981156164948,1.5963649075639172,2.331745462953567,0.9587003167167358,PSBPM-FD
782,821,801,test,40,False,0.8294511249476983,0.9107420737770372,0.7786019188567995,0.7304008897464381,0.871636670262367,2.933184669686705,1.6758482633516927,1.5738161255016294,2.3300329645053184,0.9570620435350132,PSBPM-FD
783,822,802,test,40,False,0.837304702712883,0.915043552358511,0.8107941787925886,0.7340097825240133,0.8748392596265806,2.933184669686705,1.676026358390322,1.5742198070563156,2.321966296291025,0.9560629735838208,PSBPM-FD
784,823,803,test,40,False,0.8400650786809092,0.9165506416346613,0.7987491002774293,0.7386762520988261,0.8762097559762975,2.933184669686705,1.6694559638416386,1.569702599672838,2.2995959556038996,0.9559861901504797,PSBPM-FD
785,824,804,test,40,False,0.8357795857522738,0.9142098149507442,0.7817943862368203,0.7358772027935985,0.8740313825795916,2.933184669686705,1.670007761042886,1.570401618097193,2.3078004353588977,0.9560511911881878,PSBPM-FD
786,825,805,test,40,False,0.834809069418996,0.9136788655862605,0.7928782987909414,0.7337319042410572,0.8735964942365941,2.933184669686705,1.6766136764171073,1.5787114776345441,2.3192024260676893,0.9561307885523349,PSBPM-FD
787,826,806,test,40,False,0.8338794130970448,0.9131699803963361,0.7920372588015476,0.7339125119281411,0.8731018526140835,2.933184669686705,1.676799796228417,1.5796372084168246,2.318929144199336,0.9561219393514643,PSBPM-FD
788,827,807,test,40,False,0.8171055227615056,0.9039388932674075,0.7866489953286219,0.7249897987907177,0.8626078034883247,2.933184669686705,1.658321061368336,1.5600469340968153,2.321812779423957,0.9542766772323668,PSBPM-FD
789,828,808,test,40,False,0.8189090867138162,0.9049359572443877,0.8008969801412614,0.7248391660788046,0.8638990952871666,2.933184669686705,1.6652067433704794,1.5673226335642982,2.3345400858696577,0.9546521920930383,PSBPM-FD
790,829,809,test,40,False,0.8171263341856193,0.9039504047156677,0.8163502053558105,0.7223684780499674,0.8625886085750626,2.933184669686705,1.6650465029537038,1.5659901243694825,2.346269921390249,0.9542432904229794,PSBPM-FD
791,830,810,test,40,False,0.8341470145409019,0.9133164919899902,0.8122831778605146,0.72473993629261,0.8699361803954184,2.933184669686705,1.681460404623125,1.5823135381587332,2.357375829248487,0.9525024326451698,PSBPM-FD
792,831,811,test,40,False,0.8279075582697217,0.9098942566417934,0.7906133321701073,0.7190360735050557,0.8656629520444031,2.933184669686705,1.6840913485120776,1.5833256786377823,2.385131131326324,0.951388522045806,PSBPM-FD
793,832,812,test,40,False,0.8257534600243087,0.9087097776651843,0.7808002208892996,0.7192060022349436,0.8643465278996132,2.933184669686705,1.6751655547440891,1.5754135139143253,2.3711353760390343,0.951179957720322,PSBPM-FD
794,833,813,test,40,False,0.8268632454213037,0.9093202106086193,0.7658075127156734,0.7197291379553888,0.8650940888705758,2.933184669686705,1.6816550418290865,1.5817091631430529,2.3795213207104418,0.9513635337452332,PSBPM-FD
795,834,814,test,40,False,0.8175766843263558,0.9041994715362068,0.7661108670873962,0.7170949933602137,0.8599559841919996,2.933184669686705,1.665839078393193,1.5667055575732758,2.3669008784660264,0.9510688860843516,PSBPM-FD
796,835,815,test,40,False,0.8257815532893986,0.9087252353101011,0.7567193821049943,0.7238940151793851,0.8659085111680092,2.933184669686705,1.672507462034354,1.5739864456134849,2.350117316649874,0.9528826509065957,PSBPM-FD
797,836,816,test,40,False,0.8503696598844422,0.9221549001574748,0.7847277551098271,0.7345102412280207,0.8788335909553673,2.933184669686705,1.7066415642294441,1.6062064527712898,2.3555807458531417,0.9530216569963358,PSBPM-FD
798,837,817,test,40,False,0.8662633818354699,0.9307327123484325,0.8058215721567027,0.7452246014395495,0.889115416987827,2.933184669686705,1.720084339109959,1.6195828091146294,2.346693629898239,0.9552854489710625,PSBPM-FD
799,838,818,test,40,False,0.8514004383181859,0.9227136274696424,0.792107416779542,0.7387714636402315,0.8804387558781043,2.933184669686705,1.7044279135951648,1.6046572358203022,2.34453871831244,0.9541841907033838,PSBPM-FD
800,839,819,test,40,False,0.8431590103460813,0.9182369031715515,0.7847761064472542,0.7377494527368391,0.876866183212595,2.933184669686705,1.692501668991616,1.5911266410006515,2.3347786697220743,0.9549454832232687,PSBPM-FD
801,840,820,test,40,False,0.86211552414088,0.9285017631328871,0.7951608766388713,0.7474244833476356,0.8886528902238109,2.933184669686705,1.7130504361532708,1.6103371144033907,2.334506244925084,0.957082609326857,PSBPM-FD
802,841,821,test,40,False,0.8581015239949303,0.9263376943614733,0.7963479623357871,0.7454879539552379,0.8853435384857722,2.933184669686705,1.7010794793103543,1.5990673301749616,2.3207683062674924,0.9557459918502416,PSBPM-FD
803,842,822,test,40,False,0.8493297448857643,0.921590877171516,0.7811142456670586,0.7388308346629415,0.8794147001499681,2.933184669686705,1.700409551795378,1.5968106824235537,2.345109388244893,0.9542354660117816,PSBPM-FD
804,843,823,test,40,False,0.822580531596677,0.9069622547805818,0.7645511356179445,0.7255404397617935,0.8632140273692285,2.933184669686705,1.6679233722173588,1.5645008270119785,2.3450582246695135,0.9517640043113622,PSBPM-FD
805,844,824,test,40,False,0.8511786540936074,0.9225934392209861,0.783575634820508,0.7411179495981856,0.8817518047236999,2.933184669686705,1.7000781181906859,1.5965475549822552,2.3331801654604143,0.9557317093737715,PSBPM-FD
806,845,825,test,40,False,0.8374324915936349,0.9151133763603474,0.7915179270773979,0.7354412580525728,0.8740150088905232,2.933184669686705,1.673830514509125,1.5745278625650252,2.318828507174355,0.9550893162186269,PSBPM-FD
807,846,826,test,40,False,0.838660502817248,0.9157840918127198,0.7997013366036345,0.7364242292756819,0.8753167948307784,2.933184669686705,1.6767583640535022,1.5760360296905802,2.320005918909952,0.9558113125749546,PSBPM-FD
808,847,827,test,40,False,0.8277080899783886,0.9097846393396564,0.7886781680355377,0.7302905399669465,0.8673799895892085,2.933184669686705,1.663130620148135,1.5600990559549182,2.321166870938027,0.9533904531722736,PSBPM-FD
809,848,828,test,40,False,0.7746796870260558,0.8801588987370723,0.7754607915889392,0.7122342887640972,0.843881085281604,2.7713772714569,1.6225732078570132,1.520237562253299,2.32118914355988,0.9587826544644124,PSBPM-FD
810,849,829,test,40,False,0.7888178443926639,0.8881541782779969,0.7721359040182629,0.7184786677784802,0.851405415431627,2.7713772714569,1.6387414020202584,1.5364716208750573,2.3225318902632948,0.9586234420271259,PSBPM-FD
811,850,830,test,40,False,0.775567737748695,0.8806632374231906,0.7677867394567521,0.7130200273521021,0.8437768915641591,2.7713772714569,1.6244930877115091,1.5221875408815035,2.317901361704032,0.9581152655276488,PSBPM-FD
812,851,831,test,40,False,0.7835510813585824,0.8851842075853943,0.7709204169690327,0.717925391660784,0.8495146208276931,2.7713772714569,1.6408822420436522,1.535917189966396,2.328685528426275,0.9597037696198844,PSBPM-FD
813,852,832,test,40,False,0.776108696615162,0.8809703153995383,0.7680056952081417,0.711958475224722,0.8442049983592605,2.7713772714569,1.6396682351411194,1.533473975697671,2.3542867741997524,0.958267246469475,PSBPM-FD
814,853,833,test,40,False,0.7809035051938275,0.883687447683754,0.7557273378980853,0.7124060761802167,0.8474818920256073,2.7713772714569,1.6514645295994257,1.5446911587521086,2.3719664573137402,0.9590290031242997,PSBPM-FD
815,854,834,test,40,False,0.776933183072041,0.8814381334342422,0.75313086201133,0.7095606312105203,0.8446703544201057,2.7713772714569,1.6514049634980563,1.5445904210745307,2.381744167155289,0.9582866027467152,PSBPM-FD
816,855,835,test,40,False,0.7723498883055699,0.8788343918541024,0.7443312560907499,0.7054819666272316,0.8396491049200268,2.7713772714569,1.6412366728635361,1.5339973498098929,2.3796795606803256,0.9554122058748687,PSBPM-FD
817,856,836,test,40,False,0.7449562485011544,0.8631084801467046,0.7620004649394729,0.6924926519184823,0.8285943084477918,2.7713772714569,1.6450027849755202,1.5337381149590301,2.406166067144137,0.9600117801031844,PSBPM-FD
818,857,837,test,40,False,0.7328569755838645,0.8560706603919238,0.7493843056653722,0.6879144889746591,0.8226541016347175,2.7713772714569,1.6441751561247322,1.531668456839491,2.4216299012945526,0.960965186282745,PSBPM-FD
819,858,838,test,40,False,0.7139436869952509,0.8449518844261198,0.7549071618558437,0.6819469090865692,0.8135346861341803,2.7713772714569,1.6137857897671992,1.5035166944387428,2.403218552217639,0.9628177664657466,PSBPM-FD
820,859,839,test,40,False,0.7468723683412188,0.8642177783066134,0.8030141752835993,0.6980886283082646,0.8298838025393696,2.7713772714569,1.6313677717814712,1.5221570853300936,2.3856472152557315,0.9602716159872118,PSBPM-FD
821,860,840,test,40,False,0.735465878427686,0.8575930727493581,0.7957051103714019,0.6906862854900705,0.8218205098051609,2.7713772714569,1.6234630631630302,1.5125840365043253,2.4037571139509133,0.9582872529164513,PSBPM-FD
822,861,841,test,40,False,0.730998107168835,0.8549842730535077,0.7966374741029781,0.6872877010268913,0.817568918235801,2.7713772714569,1.6147911062068343,1.5041430766140231,2.401518508926222,0.9562385461383042,PSBPM-FD
823,862,842,test,40,False,0.7014871143718725,0.8375482758455614,0.7618537045136043,0.6753411543041872,0.8027092108728493,2.7713772714569,1.588110424241831,1.4795358564313676,2.400155178258668,0.9584035141884333,PSBPM-FD
824,863,843,test,40,False,0.6881201036602815,0.8295300498838373,0.7606804437131511,0.6682833366632972,0.7951411542134762,2.7713772714569,1.5767734538904357,1.4681718992503405,2.405599668748337,0.9585441230547627,PSBPM-FD
825,864,844,test,40,False,0.7005769953886912,0.8370047762042289,0.7750376783247884,0.6730938951533642,0.8010290670152698,2.7713772714569,1.590115886674974,1.47876142891609,2.4076032203257762,0.9570185138582997,PSBPM-FD
826,865,845,test,40,False,0.676340428955316,0.8223991907555089,0.7420807971231247,0.6601767159156324,0.7860065410879893,2.7713772714569,1.5649773021543525,1.4520957295465435,2.418909602409353,0.955748193728052,PSBPM-FD
827,866,846,test,40,False,0.6710682057172969,0.81918752780868,0.7363693370132378,0.6561912514708579,0.7829736574475625,2.7713772714569,1.565518911622371,1.4525962771860148,2.4336307828758166,0.9557929422363286,PSBPM-FD
828,867,847,test,40,False,0.685468569591834,0.8279302927130001,0.7445666903074102,0.6637798334620544,0.7922628631600199,2.7713772714569,1.5840370146552225,1.4702809729741901,2.434484440260129,0.9569197674406821,PSBPM-FD
829,868,848,test,40,False,0.6849653983986203,0.8276263640065004,0.7325338010923638,0.6654008280868544,0.7919120580087702,2.7713772714569,1.571755111057844,1.4581758856427098,2.407675560167159,0.9568473074917057,PSBPM-FD
830,869,849,test,40,False,0.6815161711975849,0.8255399270765678,0.7305090157548116,0.6640523497722827,0.7890189728756434,2.7713772714569,1.5604665348944309,1.4492538746803014,2.3916291190483063,0.9557611291676058,PSBPM-FD
831,870,850,test,40,False,0.6461023630929771,0.8038049285075186,0.7225078459290568,0.6500155344643762,0.7697820702717869,2.7713772714569,1.5189438513599334,1.4105861746648372,2.3803282383185453,0.9576727424414971,PSBPM-FD
832,871,851,test,40,False,0.6864411114100356,0.828517417686578,0.7682947026637742,0.6668470962746504,0.7892783459115367,2.9777973131535886,1.5552862884693655,1.4462929778868117,2.3672700279473746,0.9526394123558605,PSBPM-FD
833,872,852,test,40,False,0.6933157396803299,0.8326558350725286,0.7658271517769046,0.6698599618265467,0.7932257337408728,2.9777973131535886,1.5660878120618649,1.4534326725054192,2.3722107319836403,0.9526453791941286,PSBPM-FD
834,873,853,test,40,False,0.6872658500245606,0.8290149878166019,0.7610818629205892,0.6655782290329262,0.7886867956013119,2.9777973131535886,1.552272138855588,1.4403765015183108,2.365317364902272,0.9513540855015139,PSBPM-FD
835,874,854,test,40,False,0.6785264056535164,0.8237271427199158,0.7531559942340951,0.6586015948829265,0.7821707823337367,2.9777973131535886,1.5442709134923795,1.431771024044254,2.384064020078204,0.949550818188458,PSBPM-FD
836,875,855,test,40,False,0.6801041303951929,0.8246842610327864,0.7543729217160908,0.6589762773686514,0.7831243057069972,2.9777973131535886,1.5486976539410469,1.4365808367191493,2.3891102357261293,0.9496050097115447,PSBPM-FD
837,876,856,test,40,False,0.6537981971452871,0.8085778856395265,0.7444873017456188,0.6480685555078085,0.7689113431701211,2.9777973131535886,1.5174306493634127,1.4068891587384396,2.3909298201898177,0.9509428304015116,PSBPM-FD
838,877,857,test,40,False,0.6454137023102593,0.8033764387323413,0.7427486804976642,0.6418832740309967,0.764167135863012,2.9777973131535886,1.515904057676574,1.4038388519677454,2.4040215927114494,0.9511943579883942,PSBPM-FD
839,878,858,test,40,False,0.6475270844662555,0.804690676264026,0.7301288540819716,0.6427614171211787,0.7656499751266447,2.9777973131535886,1.5196206974731852,1.4060404131532998,2.4069942380827607,0.9514835920323603,PSBPM-FD
840,879,859,test,40,False,0.645470823183113,0.8034119884487118,0.7205682657771614,0.6420588468080553,0.764682439548999,2.9777973131535886,1.5140164829773428,1.4018128245912098,2.40248386763241,0.9517936632057299,PSBPM-FD
841,880,860,test,40,False,0.6437594327363858,0.8023462050364455,0.6823336626522121,0.6417020998326253,0.7638461099976753,2.9777973131535886,1.5182569035376965,1.4063006684753834,2.4083527961293543,0.9520156077300554,PSBPM-FD
842,881,861,test,40,False,0.6491963199865858,0.8057271994829179,0.6778710554771252,0.6448602556571277,0.7681818132609186,2.9777973131535886,1.5294749071307956,1.4172892247338151,2.41424193550626,0.9534018632533513,PSBPM-FD
843,882,862,test,40,False,0.6494581410492147,0.8058896581103487,0.6604510083671256,0.6460468091965585,0.7683911477862387,2.9777973131535886,1.5230949562304485,1.4111173906237855,2.396239040428301,0.9534694235783636,PSBPM-FD
844,883,863,test,40,False,0.6509290874809187,0.8068017646738997,0.6602944477794361,0.6476761047803417,0.7697805793443229,2.9777973131535886,1.5253357998793464,1.4136899599308048,2.3926529223000954,0.9541136535013153,PSBPM-FD
845,884,864,test,40,False,0.6507212438280513,0.8066729472518905,0.6640580199975207,0.647787616721292,0.7696894422263119,2.9777973131535886,1.5246036533875758,1.4128421314076616,2.3916202757371723,0.9541530366779112,PSBPM-FD
846,885,865,test,40,False,0.6494831139186072,0.8059051519370051,0.6529785678762904,0.6486434926928665,0.7688252401162062,2.9777973131535886,1.5148669441581661,1.4031922779908748,2.3724759824820194,0.9539897322511505,PSBPM-FD
847,886,866,test,40,False,0.6480889268732032,0.8050397051532323,0.6405155928318397,0.6483548918239522,0.7673354161325834,2.9777973131535886,1.509407307958016,1.3980543778077505,2.3603954308413697,0.9531646839537284,PSBPM-FD
848,887,867,test,40,False,0.6514330769423815,0.8071140420921826,0.6340348949735992,0.6494491738400897,0.7701785813697956,2.9777973131535886,1.5167146061192092,1.4063807677679763,2.3697736536717837,0.954237618482459,PSBPM-FD
849,888,868,test,40,False,0.6594460718075703,0.812062849665942,0.6258207818504716,0.6535919777889866,0.7754273960354691,2.9777973131535886,1.5246557238967062,1.414619564399737,2.367942985081869,0.9548859381443892,PSBPM-FD
850,889,869,test,40,False,0.6442489692215526,0.8026512126830387,0.6233920212431436,0.6469114700623668,0.7672201854657349,2.9777973131535886,1.5062286945246561,1.3968189139747111,2.364682350473893,0.9558575049069349,PSBPM-FD
851,890,870,test,40,False,0.6518051303249465,0.807344492967498,0.6494413287854462,0.6505767605493357,0.7718887534379265,2.9777973131535886,1.5145832947999482,1.404574722889998,2.366554141009388,0.9560835060641222,PSBPM-FD
852,891,871,test,40,False,0.6943422339145847,0.833272004758701,0.6882186390935554,0.665413020942494,0.7900195883310752,2.9777973131535886,1.5444956157416665,1.4342044113418506,2.364679861135263,0.9480932802486857,PSBPM-FD
853,892,872,test,40,False,0.7095530253329753,0.8423497048927929,0.6788040568474758,0.6755728658666754,0.7996742818199957,2.9777973131535886,1.5539679962705153,1.4425600312609157,2.3384045572202394,0.9493376410950026,PSBPM-FD
854,893,873,test,40,False,0.7050765756583509,0.8396883800901087,0.6689599074389005,0.6756473131445228,0.796634680148417,2.9777973131535886,1.5394840755682968,1.4295145948820749,2.314559820135635,0.9487265740927944,PSBPM-FD
855,894,874,test,40,False,0.7089954142880669,0.8420186543587184,0.668021300881056,0.6769155788725767,0.7994124195877192,2.9777973131535886,1.5547462187841887,1.442258151101401,2.3347491348030034,0.94939989209212,PSBPM-FD
856,895,875,test,40,False,0.7307450720506553,0.8548362837705564,0.6700524003108754,0.6911471726885899,0.815471979848003,2.9777973131535886,1.585376795687039,1.472270791272462,2.33299857782305,0.9539510609576336,PSBPM-FD
857,896,876,test,40,False,0.7216342839130381,0.8494906026043125,0.6467555720182542,0.68731427760948,0.8105136215209615,2.9777973131535886,1.5753797631086457,1.4632863302935537,2.3323009016219856,0.9541172310042537,PSBPM-FD
858,897,877,test,40,False,0.716935316760343,0.8467203297195262,0.6293345545101502,0.6879064520277738,0.8077296710485884,2.9777973131535886,1.557439549592336,1.4469247323864223,2.3045869999123187,0.953950959599785,PSBPM-FD
859,898,878,test,40,False,0.7345356339404904,0.857050543398982,0.6101454668758937,0.69373280294146,0.8163058643459461,2.9777973131535886,1.5710235744298338,1.4615232924463069,2.3066005308356816,0.9524594210144872,PSBPM-FD
860,899,879,test,40,False,0.7017742336228254,0.837719662908079,0.581155823838757,0.6765089487159133,0.8000792952081847,2.9777973131535886,1.5523279737036613,1.443507652399984,2.326973789510954,0.955068062304723,PSBPM-FD
861,900,880,test,40,False,0.7327780898199727,0.8560245848221725,0.588006672817833,0.6932461045823507,0.817435437793895,2.9777973131535886,1.5715235649642998,1.4628758800806199,2.300950490125228,0.9549205154705998,PSBPM-FD
862,901,881,test,40,False,0.7317288648780191,0.8554115178544296,0.5844776219766518,0.6928231378830091,0.8161716648929961,2.9777973131535886,1.5662648550999627,1.4584570065334035,2.288904909702514,0.9541275139013137,PSBPM-FD
863,902,882,test,40,False,0.7300661129221,0.8544390633170396,0.5800846157323408,0.6906952849346785,0.8149326787582701,2.9777973131535886,1.5708711962451944,1.4617618480769359,2.3061542575254173,0.9537633679745391,PSBPM-FD
864,903,883,test,40,False,0.7454381489193057,0.8633876006286549,0.5812117998969029,0.6978406023388999,0.8234523252997356,2.9777973131535886,1.5870951309069177,1.4768215823298845,2.30581570926366,0.9537458317679783,PSBPM-FD
865,904,884,test,40,False,0.7882498494547773,0.8878343592443229,0.6200645079423546,0.7103358806354998,0.8380403747739227,3.7315942562870803,1.6216022404932695,1.510665606992165,2.3084459225363934,0.9439152315384796,PSBPM-FD
866,905,885,test,40,False,0.8113745823864618,0.9007633331716283,0.6294727218753277,0.7214100652146739,0.8525561348386897,3.7315942562870803,1.6501117814670294,1.5398406219382004,2.3060662654627486,0.9464818376174364,PSBPM-FD
867,906,886,test,40,False,0.8061484469619543,0.8978576986148498,0.6241696448019189,0.7186770684276789,0.849013821713094,3.7315942562870803,1.6376407017944334,1.5276246173741868,2.29709178401412,0.9455995343392293,PSBPM-FD
868,907,887,test,40,False,0.8024148252097874,0.8957761021649256,0.619314047164539,0.7175885952911096,0.8469854037825183,3.7315942562870803,1.6317639495086922,1.5226839481385857,2.2927982420946718,0.9455324848871395,PSBPM-FD
869,908,888,test,40,False,0.801164219686143,0.8950777729818471,0.6293281300126651,0.7154132931637036,0.8460818913258858,3.7315942562870803,1.638003177017182,1.527453665084715,2.311517569184317,0.9452607548361556,PSBPM-FD
870,909,889,test,40,False,0.7973089009420525,0.892921553632822,0.6331728611716321,0.7112947704426446,0.8418282798205245,3.7315942562870803,1.6297094805927024,1.5201032141765245,2.315720072983741,0.9427796612094017,PSBPM-FD
871,910,890,test,40,False,0.7993660705263259,0.8940727434198662,0.6356722404509042,0.7124088890688358,0.8436274167294382,3.7315942562870803,1.6329949482189587,1.5225948177018376,2.3175183393532715,0.9435780510459669,PSBPM-FD
872,911,891,test,40,False,0.763284512368849,0.8736615548190552,0.6151561969716314,0.6995671624904813,0.8271504855236655,3.7315942562870803,1.5917169238963513,1.4851424086925238,2.3044196860686537,0.9467630582588442,PSBPM-FD
873,912,892,test,40,False,0.7431462650583736,0.8620593164384767,0.6006690867791251,0.6862790793314074,0.8111716103391287,3.7315942562870803,1.5586561140437651,1.4564452701193316,2.3041480966758927,0.9409696002015427,PSBPM-FD
874,913,893,test,40,False,0.7419583941616918,0.8613700680669673,0.5967659838870039,0.6858207045548778,0.8100999730242104,3.7315942562870803,1.5590099121807173,1.456369951801968,2.3071635639060553,0.9404784343646698,PSBPM-FD
875,914,894,test,40,False,0.7390578248578492,0.8596847241040457,0.5962773755542301,0.6838814021318965,0.8070775673041201,3.7315942562870803,1.554281035263422,1.4518032609454283,2.310390002547455,0.9388064538953483,PSBPM-FD
876,915,895,test,40,False,0.7300666921213452,0.8544394022523454,0.5922652312427847,0.677754362383087,0.8008494848680812,3.7315942562870803,1.5395974275959756,1.4373324165328465,2.308671857106821,0.9372806108391086,PSBPM-FD
877,916,896,test,40,False,0.7419118116556511,0.8613430278673249,0.5977622892269008,0.6843137516596386,0.8083376353927564,3.7315942562870803,1.55092551383953,1.4482799859748277,2.297563428895992,0.9384619242744564,PSBPM-FD
878,917,897,test,40,False,0.7621249211673066,0.8729976638956753,0.5950054674033013,0.6928850655930539,0.8185211544395937,3.7315942562870803,1.5762253600695677,1.4714427923307987,2.304112219836136,0.9375983330665686,PSBPM-FD
879,918,898,test,40,False,0.7557524108038777,0.8693402157980946,0.6026407062100139,0.6889963830851167,0.8135673544430236,3.7315942562870803,1.5659436578912538,1.4614590950822235,2.3009121398899977,0.9358446091167324,PSBPM-FD
880,919,899,test,40,False,0.7469099827944576,0.8642395401706969,0.6177626362638236,0.6830466891085029,0.808914527363126,3.7315942562870803,1.5733830077192388,1.4660797792508373,2.323888574154836,0.9359841684671779,PSBPM-FD
881,920,900,test,40,False,0.7249078802579886,0.851415222002748,0.6417634314249056,0.6698265072009961,0.7928647566180785,3.7315942562870803,1.5380832323453932,1.4317828430079416,2.311716382846872,0.9312315966738959,PSBPM-FD
882,921,901,test,40,False,0.7210185565639551,0.8491281155184741,0.6542108005706617,0.6665259000957655,0.7898924399920582,3.7315942562870803,1.5344126986093598,1.4272083438937924,2.3239055252792435,0.9302394132948396,PSBPM-FD
883,922,902,test,40,False,0.725095917897397,0.8515256413622534,0.6786972410119174,0.669067600700518,0.7928524065860947,3.7315942562870803,1.5416958945500612,1.4362397088967789,2.326623667316278,0.9310963382355762,PSBPM-FD
884,923,903,test,40,False,0.7475304661583007,0.8645984421442712,0.6972536731944451,0.6817473409440042,0.8063989617374088,3.7315942562870803,1.5554075957976568,1.4505940549825542,2.311070290940978,0.932686114651649,PSBPM-FD
885,924,904,test,40,False,0.7239203204761233,0.8508350724295064,0.6945073898767952,0.669842425839865,0.792763163134562,3.7315942562870803,1.5332696036532967,1.4295237733997719,2.3213282217621263,0.931747160904964,PSBPM-FD
886,925,905,test,40,False,0.71891478416539,0.8478884267198072,0.7219104184890586,0.6663420466050252,0.7887138516675918,3.7315942562870803,1.5267749699860729,1.4225066353711984,2.3208918773723513,0.9302094789981485,PSBPM-FD
887,926,906,test,40,False,0.7252521341427174,0.8516173636925901,0.7472322899148593,0.6712884179926011,0.7944463466531457,3.7315942562870803,1.5338560147093987,1.4307068149974043,2.3156140953000452,0.9328677179718925,PSBPM-FD
888,927,907,test,40,False,0.7478057277887655,0.8647576121600581,0.7764047413951647,0.6841885916536693,0.8070245943766853,3.7315942562870803,1.552124921753635,1.4483027293854984,2.2989968655095576,0.9332379189595535,PSBPM-FD
889,928,908,test,40,False,0.7404793925719408,0.8605111228635809,0.8107265555711298,0.6799809435162214,0.8022892788321592,3.7315942562870803,1.5430757221888007,1.4410271184581993,2.2991700612042534,0.9323403934191192,PSBPM-FD
890,929,909,test,40,False,0.7482421479041305,0.8650099120265214,0.8130072116207397,0.6825197547906923,0.8068409941352026,3.7315942562870803,1.5589947286428576,1.4543245981244866,2.3128269131395727,0.9327534666567666,PSBPM-FD
891,930,910,test,40,False,0.7365033927196534,0.8581977585146988,0.8390536289256096,0.6744911920840095,0.7989634818392497,3.7315942562870803,1.5489161646222722,1.4448253693887527,2.324410833810688,0.9309782901577752,PSBPM-FD
892,931,911,test,40,False,0.7441558081302615,0.8626446592486744,0.7985357290324082,0.6777215161201878,0.8013790360904085,3.7315942562870803,1.544249266778559,1.4431762209112597,2.316474527916495,0.9289793050922897,PSBPM-FD
893,932,912,test,40,False,0.7556144244851165,0.8692608495067039,0.8196936313745562,0.6809752402665238,0.8066531072040586,3.7315942562870803,1.5648002852200826,1.4638422157434636,2.3305412210664764,0.9279758862507445,PSBPM-FD
894,933,913,test,40,False,0.7512268271081316,0.8667334233246873,0.8228997994520418,0.6773456566888374,0.8030135926077847,3.7315942562870803,1.5567796514904821,1.4560775805530333,2.3280240232623606,0.9264827812079972,PSBPM-FD
895,934,914,test,40,False,0.7446214093534683,0.8629144855392499,0.8281835453482854,0.67399040221755,0.7980172796038513,3.7315942562870803,1.537182801506659,1.4369548018796698,2.308954367724457,0.9247930043788253,PSBPM-FD
896,935,915,test,40,False,0.7228026964263405,0.8501780380757553,0.8222427587152135,0.6597671529288538,0.7818601877245566,3.7315942562870803,1.505355982618175,1.4063339441420415,2.3066458594211725,0.919642889734219,PSBPM-FD
897,936,916,test,40,False,0.7087688866190078,0.841884128974414,0.8231460585804481,0.6493603102066953,0.7696751499862966,3.7315942562870803,1.4810754946408302,1.3844691550610313,2.3113390378499608,0.9142293143403444,PSBPM-FD
898,937,917,test,40,False,0.7198154733335714,0.848419397075274,0.8314950044346302,0.6519920352517892,0.7757467589232881,3.7315942562870803,1.5024613816721881,1.4039453330949645,2.3309369779822555,0.914343497564403,PSBPM-FD
899,938,918,test,40,False,0.7152077615333993,0.8456995693113478,0.8558101288086245,0.6501515906814118,0.7737569762496175,3.7315942562870803,1.510148907723956,1.4116173735437243,2.34332098365424,0.9149312643965124,PSBPM-FD
900,939,919,test,40,False,0.7095321863641875,0.8423373352548179,0.87968463606486,0.6465509700235177,0.7689351612816828,3.7315942562870803,1.4977401014188811,1.3996354987435506,2.335066362071719,0.9128589332313877,PSBPM-FD
901,940,920,test,40,False,0.701482854994725,0.8375457330765437,0.8940345473157993,0.6441249964454849,0.7654999294592681,3.7315942562870803,1.4942839829216426,1.3965017032564926,2.3360500199718706,0.9139798571325405,PSBPM-FD
902,941,921,test,40,False,0.7389251214046416,0.8596075391739195,0.9276803255326448,0.6623843965993792,0.7878637482772121,3.7315942562870803,1.5341124402018855,1.4362516125444063,2.3435683478828935,0.9165388998732455,PSBPM-FD
903,942,922,test,40,False,0.7309478154845488,0.8549548616649588,0.944192497275851,0.6561251267334077,0.7795551015738917,3.7315942562870803,1.5139994448132974,1.4173480205303122,2.334198226910273,0.9118084901649289,PSBPM-FD
904,943,923,test,40,False,0.7402748326749695,0.8603922551226095,0.9744196734659895,0.6591534872613197,0.7835983378192488,3.7315942562870803,1.5248261940472119,1.4278584851653082,2.337901002495593,0.9107454572653989,PSBPM-FD
905,944,924,test,40,False,0.6872217091507595,0.8289883649067455,0.8736807135251546,0.6429603117762113,0.7642725733113996,2.589149266076196,1.4787681452762311,1.3849008781408503,2.3322169379454807,0.9219340170080361,PSBPM-FD
906,945,925,test,40,False,0.6622498964403777,0.813787377906771,0.8746967273061594,0.629618685710393,0.7477776911141205,2.589149266076196,1.4452970179788946,1.3519035190738602,2.3386334607109953,0.9188858311338756,PSBPM-FD
907,946,926,test,40,False,0.6822996135390226,0.8260142937861442,0.910961162042968,0.6400416818950131,0.7590203578115367,2.589149266076196,1.464159725988472,1.3711374551049473,2.3314862640011453,0.918894943491193,PSBPM-FD
908,947,927,test,40,False,0.6938807133620217,0.8329950260127739,0.8885381217403757,0.6457763793833602,0.7648339733884889,2.589149266076196,1.4708375289156972,1.3778828356525108,2.325443257781532,0.918173517853347,PSBPM-FD
909,948,928,test,40,False,0.7008866412547196,0.8371897283499837,0.8286196754365123,0.6506415707844904,0.7694098573052797,2.589149266076196,1.475484701970514,1.3850745686420152,2.314720507045523,0.9190388167108892,PSBPM-FD
910,949,929,test,40,False,0.708668883705134,0.8418247345529436,0.7810091883651693,0.6562983094431261,0.7769177872901897,2.589149266076196,1.4917839902678154,1.4008881360615177,2.319129943657976,0.9228973150839727,PSBPM-FD
911,950,930,test,40,False,0.7189016810447909,0.8478806997713717,0.7844536912864838,0.6614793150688899,0.7837850796579748,2.589149266076196,1.5134946819966373,1.420475512605186,2.3335835234940654,0.9244049072815551,PSBPM-FD
912,951,931,test,40,False,0.7244615864272493,0.8511530922385522,0.7772036290140933,0.663575438143822,0.7871256311349686,2.589149266076196,1.530172566202928,1.4338839542167259,2.3503888530588446,0.924775622990231,PSBPM-FD
913,952,932,test,40,False,0.7466259219469239,0.8640751830407606,0.7759989522026484,0.67958875880406,0.8041482315335635,2.589149266076196,1.5538376545780495,1.4577120258828669,2.332739281801014,0.9306461374156025,PSBPM-FD
914,953,933,test,40,False,0.7633804110947512,0.8737164363194452,0.7742197735797465,0.6885469178186466,0.8152471825593064,2.589149266076196,1.584199530268208,1.4851284172208954,2.3446200761178653,0.9330798285008325,PSBPM-FD
915,954,934,test,40,False,0.8418027249196406,0.9174980789732698,0.7846192536038125,0.7167847180013293,0.8502649238233448,3.5409659880541633,1.6474084171976109,1.546817841088581,2.32772083699484,0.9267212033564556,PSBPM-FD
916,955,935,test,40,False,0.8912769237677491,0.9440746388754171,0.825062848192056,0.7377685626466051,0.8735408099909993,3.5409659880541633,1.681360804595289,1.580840275260817,2.3185635696911064,0.9252878681621638,PSBPM-FD
917,956,936,test,40,False,0.8977025561126162,0.9474716650711071,0.7976543423627461,0.7420606832257908,0.8767387671908328,3.5409659880541633,1.6794487619100287,1.580118170369664,2.304711018941205,0.9253456324997689,PSBPM-FD
918,957,937,test,40,False,0.8706570210726816,0.9330900391027018,0.7673916883776696,0.7286479124105665,0.8616021300039499,3.5409659880541633,1.6503321767749561,1.5534693272345528,2.3124257477242987,0.9233858404838426,PSBPM-FD
919,958,938,test,40,False,0.8773789455367776,0.9366850834388138,0.7495007320922297,0.7319832199128158,0.8667898245162663,3.5409659880541633,1.6656656654018533,1.5681786298569076,2.3262362067961826,0.9253801943061334,PSBPM-FD
920,959,939,test,40,False,0.884810873609681,0.9406438611981056,0.7544536845386107,0.7350595900402099,0.8707576620780635,3.5409659880541633,1.6655860995165432,1.5704825632120594,2.3171669826010612,0.9257038694421208,PSBPM-FD
921,960,940,test,40,False,0.9007814237301183,0.949095055160503,0.7654841083526576,0.7462243073469633,0.8836074287996377,3.5409659880541633,1.6927733838027674,1.5953656196298767,2.3251370314833837,0.9309999288218918,PSBPM-FD
922,961,941,test,40,False,0.9044063768716759,0.9510028269525154,0.7686032436003556,0.7504222971577799,0.886393563912435,3.5409659880541633,1.6940214373595353,1.5980224791452282,2.3049003240190844,0.9320619653181047,PSBPM-FD
923,962,942,test,40,False,0.9012775137699283,0.9493563681620977,0.7660297907681648,0.7479063002427155,0.8841696959388855,3.5409659880541633,1.6894124894098255,1.592863424606421,2.306976440559043,0.9313359298896261,PSBPM-FD
924,963,943,test,40,False,0.8938615757500408,0.9454425290571822,0.7604610554262687,0.7421748127614058,0.8805583590547158,3.5409659880541633,1.6988824298350351,1.6013461633247517,2.332005414416831,0.9313716402548863,PSBPM-FD
925,964,944,test,40,False,0.9108973652545851,0.9544094327145898,0.7512684254083575,0.7509286802030326,0.8911432390874972,3.5409659880541633,1.718771869293199,1.6183386528419121,2.327655611756917,0.9337116844631901,PSBPM-FD
926,965,945,test,40,False,0.9156199499137292,0.9568803216252956,0.7256210838417528,0.7546629959655922,0.8949889845340386,3.5409659880541633,1.7252209039089066,1.6249858627824583,2.327355829671909,0.9353196677865292,PSBPM-FD
927,966,946,test,40,False,0.9094971229659073,0.9536755858078299,0.7070360973040172,0.7482017350123482,0.8894986422764319,3.5409659880541633,1.7217444250994234,1.620840703301205,2.352977519279265,0.9327056868326606,PSBPM-FD
928,967,947,test,40,False,0.9064931423410482,0.952099334282431,0.6816981449387919,0.7457559574312509,0.8881591421353988,3.5409659880541633,1.7220586959291009,1.6222460681786057,2.3587951335907045,0.9328429399698909,PSBPM-FD
929,968,948,test,40,False,0.921475272420183,0.9599350355207289,0.6670547728078252,0.7530439269673165,0.8969282133365961,3.5409659880541633,1.744911839080471,1.643325497226598,2.366769488060004,0.9343634518455158,PSBPM-FD
930,969,949,test,40,False,0.9067871590417251,0.9522537261894674,0.6655898908848117,0.7467370914520978,0.8870992201772756,3.5409659880541633,1.7189463634177162,1.6191268776808658,2.3503992170328827,0.9315786284471539,PSBPM-FD
931,970,950,test,40,False,0.932683814188225,0.9657555664805795,0.6580988665353674,0.7583987668390583,0.901790574994663,3.5409659880541633,1.7554757926264941,1.6538139481535001,2.3593236575693295,0.9337668932947302,PSBPM-FD
932,971,951,test,40,False,0.8834980771874431,0.9399457841745146,0.6330426813199971,0.738287451819543,0.8818542801991406,3.5409659880541633,1.7355855218208163,1.630680079214263,2.3844405360058523,0.9381969631084718,PSBPM-FD
933,972,952,test,40,False,0.8680045037869035,0.9316675929680626,0.6038705216403863,0.7321713521767925,0.874428941729968,3.5409659880541633,1.71634701676641,1.6105748699715445,2.3802519278147063,0.9385632261225848,PSBPM-FD
934,973,953,test,40,False,0.8796133292674726,0.9378770331271966,0.5918053373531346,0.7386267950637587,0.8827611246747719,3.5409659880541633,1.7353883121962053,1.6302754625201454,2.390583762265784,0.9412333317634938,PSBPM-FD
935,974,954,test,40,False,0.874915821556596,0.9353693503406,0.592961877984216,0.734058131986033,0.8776405781808263,3.5409659880541633,1.7266216710873619,1.62372978992448,2.3977359040928774,0.9382823778235275,PSBPM-FD
936,975,955,test,40,False,0.8956788406583909,0.9464031068516158,0.5994360558470987,0.7448025282127204,0.8932632272846647,3.5409659880541633,1.7644397112539187,1.6585814178550968,2.418705987849036,0.9438506919702211,PSBPM-FD
937,976,956,test,40,False,0.898627792291553,0.9479598052088247,0.6056095736036369,0.747863594611035,0.8969040968904874,3.5409659880541633,1.772619967342853,1.665496508131453,2.418934674771071,0.9461414840188395,PSBPM-FD
938,977,957,test,40,False,0.8822816179883004,0.939298471194487,0.6014840504193472,0.7402796249862748,0.8871214997417958,3.5409659880541633,1.7466018208622451,1.6423750376690411,2.4097748442459803,0.9444511270349043,PSBPM-FD
939,978,958,test,40,False,0.8713537145949573,0.9334632904377961,0.6057672409449594,0.7355909723519468,0.8817107481481401,3.5409659880541633,1.732644396020906,1.6306243023297278,2.407142803566126,0.9445585671983052,PSBPM-FD
940,979,959,test,40,False,0.8834483265885688,0.939919319191051,0.6346663703737039,0.7431609605616555,0.890708933356548,3.5409659880541633,1.7559513040777066,1.6510317007971778,2.4165715514465185,0.9476440319613216,PSBPM-FD
941,980,960,test,40,False,0.8783267486129835,0.9371908816313694,0.674872914935669,0.7388664585247569,0.8882800390711697,3.5409659880541633,1.7520318157241157,1.6473661373007389,2.421471409553366,0.9478112265933909,PSBPM-FD
942,981,961,test,40,False,0.8476639216858939,0.9206866577103711,0.7028950238317774,0.7264590625686871,0.87243276297207,3.5409659880541633,1.7218445410989336,1.6182107291992012,2.413111278473799,0.9475892320865144,PSBPM-FD
943,982,962,test,40,False,0.8603699731016716,0.9275613042282821,0.736810404832697,0.7362944326530284,0.8840593939951052,3.5409659880541633,1.741761826855619,1.637676000573709,2.407255768980442,0.9531007707686019,PSBPM-FD
944,983,963,test,40,False,0.8645892457475177,0.9298329128114996,0.7293672769792836,0.7387231171590534,0.885723721072502,3.5409659880541633,1.7385088944883371,1.635309736566954,2.3991816051207913,0.9525622387299387,PSBPM-FD
945,984,964,test,40,False,0.8581177487849014,0.9263464518121184,0.7238044658083392,0.7359673310789776,0.88218888640021,3.5409659880541633,1.735079344361964,1.6312528313705972,2.403467235300939,0.9523314788699979,PSBPM-FD
946,985,965,test,40,False,0.8683054450165685,0.9318290857322326,0.7283262792569358,0.7430560293302373,0.8907134435526889,3.5409659880541633,1.7554516277638157,1.650472088358304,2.4029338621894487,0.9558764125212565,PSBPM-FD
947,986,966,test,40,False,0.8500735446484807,0.921994330052241,0.7266990940670737,0.7344047583292342,0.8807822279711857,3.5409659880541633,1.7384892912701786,1.6332997875115762,2.405998744700169,0.9553011328402419,PSBPM-FD
948,987,967,test,40,False,0.8376132585616578,0.9152121385567707,0.7112819032074299,0.7265602655870553,0.8744631298753063,3.5409659880541633,1.7364497855008971,1.6298881592605412,2.425723124451509,0.9554758869941093,PSBPM-FD
949,988,968,test,40,False,0.8382682557708361,0.9155699076372247,0.7151018541637368,0.7262934686997407,0.8748419071595517,3.5409659880541633,1.740097883352886,1.6310768283467403,2.4315006396289975,0.955516230778294,PSBPM-FD
950,989,969,test,40,False,0.8389475259865016,0.9159407873801131,0.7153526504756431,0.7277996866380931,0.875342519729255,3.5409659880541633,1.7362511216937613,1.6274773356612449,2.4179078297643684,0.9556758818798949,PSBPM-FD
951,990,970,test,40,False,0.8382043336697095,0.9155349986044823,0.7148860080749765,0.7301250619413091,0.8749172941403931,3.5409659880541633,1.716980485078362,1.611503964158155,2.3858513393228193,0.9556350062793871,PSBPM-FD
952,991,971,test,40,False,0.8294892873146654,0.9107630247845294,0.710043212946767,0.7252342051512872,0.8693906871772942,3.5409659880541633,1.7045397008545062,1.600967693133952,2.3871917750795673,0.9545739819454975,PSBPM-FD
953,992,972,test,40,False,0.8131793212894312,0.9017645597878812,0.7345777480546507,0.7153608720590044,0.8589788587550249,3.5409659880541633,1.6859228887625026,1.5831405867802464,2.3848592680957483,0.9525533571169389,PSBPM-FD
954,993,973,test,40,False,0.8146538169531041,0.902581750842052,0.7463242177308443,0.7176588665664456,0.8597223320360825,3.5409659880541633,1.6755397978137598,1.5755734535001227,2.366222204047008,0.9525146406228748,PSBPM-FD
955,994,974,test,40,False,0.7460985403549051,0.8637699580067051,0.7968369070049292,0.6964238694654237,0.8331037822771951,2.6141763462515,1.628715533547966,1.5292000902336658,2.374224952250398,0.964497288374931,PSBPM-FD
956,995,975,test,40,False,0.7031372892575701,0.8385328194278207,0.7035985939210319,0.6794962751462579,0.8145375092186983,2.6141763462515,1.607698224565444,1.5071747811947331,2.389677505177354,0.9713841728633881,PSBPM-FD
957,996,976,test,40,False,0.6913038871474061,0.8314468636944914,0.6831909972900813,0.6719803682109454,0.8082640822916204,2.6141763462515,1.605589747812759,1.5034469711325558,2.410275718107316,0.9721175430263101,PSBPM-FD
958,997,977,test,40,False,0.6959745787663898,0.8342509087597026,0.684091545937986,0.6742843455603412,0.8117956444687687,2.6141763462515,1.6213048382417121,1.51696464946076,2.4268779770532367,0.9730833205512253,PSBPM-FD
959,998,978,test,40,False,0.7197634354416435,0.8483887289690047,0.6715955092678549,0.6837235155587302,0.8237915172589567,2.9953132061896763,1.656237217826731,1.5485823235478546,2.436703596220389,0.9710071446376479,PSBPM-FD
960,999,979,test,40,False,0.7172183737470224,0.8468874622681708,0.6393294598115646,0.6823938727596002,0.8225063594876227,2.9953132061896763,1.6586598503830843,1.5498664749910205,2.44326254916057,0.9712109295900433,PSBPM-FD
961,1000,980,test,40,False,0.7156712634379992,0.8459735595383577,0.6347620070656929,0.6821846065856135,0.821607345619231,2.9953132061896763,1.6505595211845212,1.5440721844814242,2.4332355852143492,0.9711974285196062,PSBPM-FD
3,42,22,train,40,False,0.03147812226210393,0.1774207492434409,0.040114822475343474,0.14001391518015827,0.16235376501421017,0.6499345976562176,0.2925205021516789,0.2734810946364881,2.1228961641886337,0.9150776654169285,(truncamiento FPCA)
4,43,23,train,40,False,0.031035450561334988,0.17616881268072107,0.03993806556954059,0.13872921575268166,0.1605555850045332,0.6499345976562176,0.2885223624479206,0.26990218596486937,2.1111832395180956,0.9113734863815853,(truncamiento FPCA)
5,44,24,train,40,False,0.028490361051298707,0.16879087964489878,0.03687230999433797,0.13470883641818407,0.15597420300242532,0.5452781623940375,0.2804630945710464,0.26227709540728766,2.111058680647353,0.9240677181762599,(truncamiento FPCA)
6,45,25,train,40,False,0.02809724682097462,0.16762233389669356,0.036798127205348766,0.1337548222068506,0.15491829664583384,0.5452781623940375,0.27860783645863274,0.2607820844774823,2.1136966712892487,0.9242103545778734,(truncamiento FPCA)
7,46,26,train,40,False,0.029387838501843466,0.17142881467782325,0.03825482744010046,0.13672116599617154,0.1586480767496618,0.5452781623940375,0.28599827109702647,0.26764231821616347,2.116353831415381,0.9254458012080347,(truncamiento FPCA)
8,47,27,train,40,False,0.03073755152529183,0.1753212808682729,0.04001100534171881,0.14065484719100538,0.16314697622378888,0.5452781623940375,0.29410138023817817,0.27511833007447273,2.1155576702148275,0.9305600290837988,(truncamiento FPCA)
9,48,28,train,40,False,0.02958089993969739,0.17199098796069923,0.03914092854943232,0.13812970036689495,0.160582257670893,0.5452781623940375,0.2908139689991375,0.27194859921954195,2.1264485272848432,0.9336666971619864,(truncamiento FPCA)
10,49,29,train,40,False,0.02976782331780895,0.17253354258754716,0.038838824065686964,0.1385920814424712,0.16133357316975688,0.5452781623940375,0.29299161902840715,0.2737795129223747,2.1375847827005408,0.9350852637126652,(truncamiento FPCA)
11,50,30,train,40,False,0.029969424051975807,0.17311679309638278,0.037931845504305915,0.13920276367952758,0.1620569296592529,0.5452781623940375,0.2943849124356678,0.27504019938331814,2.1367685716356632,0.9361132837588303,(truncamiento FPCA)
12,51,31,train,40,False,0.029820275167466808,0.1726854804766944,0.03700997019341773,0.13914331485101616,0.1617135071825485,0.5452781623940375,0.29254555984783404,0.27342646039799157,2.127691856878399,0.9364626761679209,(truncamiento FPCA)
13,52,32,train,40,False,0.029227808382507096,0.17096142366775932,0.03639463339614987,0.13706381819501687,0.15952071377625457,0.5452781623940375,0.2896877808353938,0.27064427245942724,2.140585911206608,0.9330801671742145,(truncamiento FPCA)
14,53,33,train,40,False,0.02994909580307063,0.17305807060946515,0.036804272058552794,0.13882533679383133,0.1617064696049972,0.5452781623940375,0.29453246301095515,0.27505036950436923,2.149581270027941,0.9344058271047945,(truncamiento FPCA)
15,54,34,train,40,False,0.03048533965752958,0.17460051448243094,0.03865388731806588,0.13943255625475465,0.1629326547608994,0.5452781623940375,0.2993148183738864,0.2791455842567491,2.168510148028672,0.9331739671207807,(truncamiento FPCA)
16,55,35,train,40,False,0.03235768992487832,0.1798824336195125,0.04053387144629398,0.14336713757508177,0.1674677653507333,0.5452781623940375,0.307723816276139,0.28697243408257256,2.1724810680626616,0.9309845435211382,(truncamiento FPCA)
17,56,36,train,40,False,0.030446798103130217,0.17449010889769717,0.036671798264923845,0.13946159446166237,0.1633285844477279,0.5299978735770106,0.3012761602994713,0.280908271931055,2.182513132116024,0.9360334833849338,(truncamiento FPCA)
18,57,37,train,40,False,0.030172959454254855,0.17370365411888966,0.03667578221620977,0.13797445181539653,0.1616370222368812,0.5299978735770106,0.29818723401702163,0.2780149033696648,2.187870101140688,0.9305332294636152,(truncamiento FPCA)
19,58,38,train,40,False,0.030831979436731362,0.17559037398653538,0.03709293376006213,0.13941854533867687,0.16329483386898286,0.5299978735770106,0.30116459718006217,0.2807978630643591,2.187949183555281,0.929976001312604,(truncamiento FPCA)
20,59,39,train,40,False,0.030988311816510804,0.1760349732766498,0.03893406195039096,0.14012040003903356,0.16422817804500037,0.5299978735770106,0.3031364010674294,0.2826204347324618,2.192874038846548,0.9329292639304445,(truncamiento FPCA)
21,60,40,train,40,False,0.029546622504502518,0.17189131014831005,0.036947082798379556,0.13595633574418428,0.1596490966304304,0.5299978735770106,0.29669762731584715,0.2762652204235804,2.2032235032994705,0.928779334410117,(truncamiento FPCA)
22,61,41,train,40,False,0.030405232908335755,0.17437096348972714,0.03646587450156262,0.13812856612116833,0.16193560741421392,0.5299978735770106,0.2997584973400793,0.2792637258228309,2.1951027675461945,0.928684479189416,(truncamiento FPCA)
23,62,42,train,40,False,0.03066207074779826,0.1751058843894124,0.03574142181866828,0.13888188163074783,0.16240913703603166,0.5299978735770106,0.2981438872596816,0.2780727583556843,2.1818276884768797,0.9274910297980344,(truncamiento FPCA)
24,63,43,train,40,False,0.030871558323666996,0.17570304016626176,0.03339769293367371,0.1395490492628617,0.16304830703170103,0.5299978735770106,0.29887666176321204,0.27875698634174223,2.1762307320784684,0.9279765841126825,(truncamiento FPCA)
25,64,44,train,40,False,0.03010441340910232,0.17350623449634978,0.030744738100482966,0.13747771383170965,0.16064521235954105,0.5299978735770106,0.2943382945432992,0.2745075837936815,2.1780984287943417,0.9258757348164379,(truncamiento FPCA)
26,65,45,train,40,False,0.030397753581246807,0.17434951557502765,0.030789534073172888,0.1379964095209025,0.16147002002814212,0.5299978735770106,0.29693645292152204,0.27688111278538624,2.187928042473936,0.926128297492498,(truncamiento FPCA)
27,66,46,train,40,False,0.03009353502871871,0.17347488299093536,0.029364223425991525,0.13699080092238142,0.16010138880463984,0.5299978735770106,0.2936293426271006,0.2738377075282497,2.17535629013291,0.9229081815435245,(truncamiento FPCA)
28,67,47,train,40,False,0.02896384274117686,0.17018766918075134,0.027533294107620353,0.133639671722162,0.15653706532840542,0.5299978735770106,0.28916793459953377,0.2692999858149075,2.192522920892997,0.9197908760484402,(truncamiento FPCA)
29,68,48,train,40,False,0.02893118049903675,0.17009168262744875,0.02719111138872622,0.13358394115114006,0.1563943542901486,0.5299978735770106,0.2881962953015572,0.2684419856503267,2.183943803008305,0.9194709104777254,(truncamiento FPCA)
30,69,49,train,40,False,0.028190933393931722,0.16790155864056688,0.02581856051728442,0.13180289101873488,0.15423950368543224,0.5299978735770106,0.2836358346586506,0.2643034253047611,2.178053093229706,0.9186305650420938,(truncamiento FPCA)
31,70,50,train,40,False,0.02908542324515101,0.17054449051538137,0.026529358081696458,0.13497270920869936,0.15788989388749713,0.5299978735770106,0.2903002299533098,0.27043956256175467,2.1796919108215893,0.9257988540723752,(truncamiento FPCA)
32,71,51,train,40,False,0.03016743194779433,0.1736877426527109,0.028621090411366682,0.13729834012889153,0.16025532298381093,0.5299978735770106,0.29360676978919065,0.2733836047249308,2.169956199423264,0.9226633989034095,(truncamiento FPCA)
33,72,52,train,40,False,0.029892868671284444,0.17289554265881016,0.028413678307902417,0.13672586500399944,0.15954268274632635,0.5299978735770106,0.2919609856093918,0.27163192322528296,2.1671143670637867,0.9227692067294403,(truncamiento FPCA)
34,73,53,train,40,False,0.03051534093803159,0.17468640742207617,0.0280282764585689,0.13872611085391146,0.16148063370859816,0.5299978735770106,0.2936635642062252,0.2735421363097994,2.149172431806251,0.92440296925009,(truncamiento FPCA)
35,74,54,train,40,False,0.030528134170654454,0.17472302129557643,0.027732717409849866,0.13856427851335104,0.16152651645760127,0.5299978735770106,0.2950156538408951,0.27469247027773586,2.1630818802587672,0.9244718598606945,(truncamiento FPCA)
36,75,55,train,40,False,0.030529483446107574,0.17472688243686937,0.027352914807555574,0.13847444949303117,0.16153355648620354,0.5299978735770106,0.2953739083962212,0.27501192335279123,2.169875913584869,0.9244917223574185,(truncamiento FPCA)
37,76,56,train,40,False,0.03004252387859544,0.17332779315099883,0.02661874682116069,0.1370530767035844,0.1600725317424962,0.5299978735770106,0.2933915987265955,0.27318237361690195,2.177008140174917,0.9235248936853712,(truncamiento FPCA)
38,77,57,train,40,False,0.03027900294729043,0.17400862894491878,0.026771381134499186,0.1378418397029347,0.16095671443246373,0.5299978735770106,0.2950609244707392,0.27484100537875167,2.1752403656251458,0.9249927167888521,(truncamiento FPCA)
39,78,58,train,40,False,0.030633330266869895,0.1750237991442018,0.027472841671214256,0.13911655995007796,0.16254922006783817,0.5299978735770106,0.298372311870568,0.2777881405249051,2.1799187455484867,0.9287263838554559,(truncamiento FPCA)
40,79,59,train,40,False,0.02981864372256333,0.17268075666548177,0.027415780856525095,0.1375352555564376,0.16042535040813713,0.5299978735770106,0.293925654798613,0.2736528108219368,2.174844531009386,0.9290285351187921,(truncamiento FPCA)
41,80,60,train,40,False,0.031147162498564383,0.17648558722616525,0.028505398953298542,0.14102761611920744,0.16429551753372293,0.5299978735770106,0.30062648218016813,0.2799273266503244,2.1665063166194174,0.9309288090657464,(truncamiento FPCA)
42,81,61,train,40,False,0.030732108640621203,0.17530575757978173,0.029008450651020024,0.13951086963293385,0.16266599756618222,0.5299978735770106,0.29831770300746097,0.277679939943574,2.1730371865268947,0.9278987741868823,(truncamiento FPCA)
43,82,62,train,40,False,0.030785351288267603,0.1754575483935291,0.02910757388814054,0.1399250675466513,0.16312444201541074,0.5299978735770106,0.2991316375649008,0.278437938167845,2.1696811640095737,0.9297088869014815,(truncamiento FPCA)
44,83,63,train,40,False,0.031225673782697944,0.17670787696845305,0.029278309303565897,0.1415396297149844,0.16491523014770487,0.5299978735770106,0.3014914826759079,0.2807794476369801,2.1642510684356333,0.9332647359978554,(truncamiento FPCA)
45,84,64,train,40,False,0.03045573286320773,0.17451570950263398,0.028012994601620267,0.13873023317763625,0.16181286984887536,0.5299978735770106,0.2963263344506579,0.2759089761093578,2.172703231845406,0.9272109101813159,(truncamiento FPCA)
46,85,65,train,40,False,0.03088388907137199,0.17573812640224656,0.027507488056331148,0.13963458248680555,0.1629526306131,0.5299978735770106,0.2986457193570985,0.2778248460819823,2.1734483471781507,0.9272468868828049,(truncamiento FPCA)
47,86,66,train,40,False,0.029796500948488965,0.17261662998821686,0.02676008994274161,0.13743890408986795,0.16009916295599988,0.5299978735770106,0.29280060132183905,0.27230910563458127,2.1687057550293187,0.9274840029429873,(truncamiento FPCA)
48,87,67,train,40,False,0.029177612758978,0.17081455663665787,0.02613725572504431,0.13611867888144555,0.15862978440970943,0.5299978735770106,0.2903501180396265,0.27024454175908363,2.1705131153778976,0.9286666636212577,(truncamiento FPCA)
49,88,68,train,40,False,0.030194273095996184,0.17376499387389907,0.02617638077653435,0.13829700854680582,0.16093681897325265,0.5299978735770106,0.29396894591639666,0.27362657886875497,2.1639311439930826,0.9261751483158006,(truncamiento FPCA)
50,89,69,train,40,False,0.030671349761721055,0.17513237782238056,0.02672381112622557,0.1394988366405356,0.16235798421520437,0.5299978735770106,0.2967741374524132,0.27630490331479907,2.163535381138265,0.9270586412060708,(truncamiento FPCA)
51,90,70,train,40,False,0.030518820653067814,0.17469636702881894,0.027524012852732743,0.1392881106360544,0.16182527603790176,0.5299978735770106,0.294655253841196,0.27447826802010517,2.149845788437239,0.9263230758038953,(truncamiento FPCA)
52,91,71,train,40,False,0.030859799553016577,0.17566957492126112,0.02865449617745882,0.1399155859354201,0.1625816307734216,0.5299978735770106,0.2962652673912756,0.27603433940673006,2.1519565660744417,0.9254968075507338,(truncamiento FPCA)
53,92,72,train,40,False,0.03213602760586552,0.17926524371965002,0.029867898090193346,0.14348922133322112,0.16639234681728424,0.5299978735770106,0.3009351078461817,0.2808001803663289,2.134752320008979,0.9281907823554604,(truncamiento FPCA)
54,93,73,train,40,False,0.03170550816915393,0.17806040595582703,0.03122976805614227,0.14257034399987414,0.16523194406670377,0.5299978735770106,0.2982787114785192,0.27831756669438557,2.130263546963188,0.9279544387183654,(truncamiento FPCA)
55,94,74,train,40,False,0.030683385528865216,0.17516673636528488,0.030136587635509325,0.14047666180231272,0.16253005064191303,0.5299978735770106,0.2926004315894703,0.27313427627976083,2.125485347801269,0.9278591016446189,(truncamiento FPCA)
56,95,75,train,40,False,0.02953167129847461,0.17184781435466268,0.02906006832327232,0.13856131474249933,0.16023854085728656,0.4931775767108233,0.2876524976642524,0.26869188872903604,2.1197590218284335,0.9324444506846233,(truncamiento FPCA)
57,96,76,train,40,False,0.02927996905390968,0.17111390666427345,0.029162602887582125,0.13792404478792186,0.15925878011937633,0.4931775767108233,0.2851820456849098,0.26652312871376366,2.10972581711474,0.9307179248256137,(truncamiento FPCA)
58,97,77,train,40,False,0.029501205003494124,0.17175914823814808,0.02920717450895563,0.1391771915988697,0.16071122031212476,0.4931775767108233,0.28790735382155647,0.26905960333302337,2.106118580803125,0.9356777904446457,(truncamiento FPCA)
59,98,78,train,40,False,0.029065148812982177,0.17048503985095637,0.02894699134337066,0.1382893089647697,0.15967927834316406,0.4931775767108233,0.28598521387133224,0.2672802096020126,2.105529235832166,0.9366175383057712,(truncamiento FPCA)
60,99,79,train,40,False,0.02996098492245818,0.17309241728758132,0.029634688127472764,0.14100702500655024,0.16249955074889616,0.4931775767108233,0.2898653548257636,0.27103486964596485,2.0915152151441516,0.9388022496613134,(truncamiento FPCA)
61,100,80,train,40,False,0.02995192374659994,0.17306624092121473,0.029189989248131994,0.14085492607443445,0.16242923638516407,0.4931775767108233,0.28997603602808775,0.2711365903437682,2.0999502506469065,0.938537958186236,(truncamiento FPCA)
62,101,81,train,40,False,0.029322181465117635,0.17123720817952398,0.029291406072512915,0.13941653392744113,0.16087329517132803,0.4931775767108233,0.2875486329138946,0.268842264624651,2.101632046656091,0.9394762790261654,(truncamiento FPCA)
63,102,82,train,40,False,0.027432416352718723,0.16562734180297262,0.027850626622674582,0.1343919849447431,0.1552670235244587,0.4931775767108233,0.27879066957660903,0.2604742499108374,2.1029533542053596,0.9374480193563792,(truncamiento FPCA)
64,103,83,train,40,False,0.0277787407976982,0.16666955570138836,0.029347829636193774,0.1349993367027174,0.15615746880440443,0.4931775767108233,0.2809000677229437,0.26231869670450414,2.107502660457292,0.9369285719113706,(truncamiento FPCA)
65,104,84,train,40,False,0.02757517975934215,0.16605776031050806,0.030729402896463667,0.134083100309187,0.15500833427707164,0.4931775767108233,0.27856730290550236,0.2601275839753345,2.1042800522209197,0.9334603452872342,(truncamiento FPCA)
66,105,85,train,40,False,0.027296181232828676,0.1652155598992682,0.03082564086157606,0.13347855061833513,0.15422773327128447,0.4931775767108233,0.27676970012551305,0.25847817206792983,2.101327683787101,0.9334939963603731,(truncamiento FPCA)
67,106,86,train,40,False,0.027308010752097312,0.1652513562791462,0.0323211179892157,0.13340671796291675,0.15429719100765066,0.4931775767108233,0.27751903980893106,0.2591615710313738,2.113565799308156,0.9337121006559758,(truncamiento FPCA)
68,107,87,train,40,False,0.027580906466907897,0.16607500253472193,0.03372908995504911,0.13454354978504718,0.1555194939958399,0.4931775767108233,0.2795794828860651,0.2611392540257397,2.108007487158669,0.9364413164065726,(truncamiento FPCA)
69,108,88,train,40,False,0.027416514794087125,0.16557933081785034,0.03425688133551097,0.13375651404046726,0.15464612222230775,0.4931775767108233,0.2783375756277353,0.2599665318320237,2.110286073614632,0.9339699674981177,(truncamiento FPCA)
70,109,89,train,40,False,0.02704201257267469,0.1644445577472076,0.03629522514999212,0.13173061352477874,0.15242157991043032,0.4931775767108233,0.2747586774111938,0.2565794903333411,2.1217176719116333,0.9268873473133747,(truncamiento FPCA)
71,110,90,train,40,False,0.026622711525639685,0.16316467609638946,0.036177959681157765,0.13057458864411037,0.15119561232280748,0.4931775767108233,0.27284851053516046,0.25481698981377343,2.125705833680919,0.9266442709296265,(truncamiento FPCA)
72,111,91,train,40,False,0.025027430311851263,0.158200601490169,0.03403928722652089,0.1269235247195935,0.1470763337812375,0.4869294531107813,0.265746540618143,0.24820636922300893,2.1294488001942065,0.9296825195091132,(truncamiento FPCA)
73,112,92,train,40,False,0.024379424891404527,0.1561391203107169,0.03239549933237761,0.12470154790543338,0.14453716523808308,0.4869294531107813,0.26118046863966543,0.24399654052866526,2.1270392816094126,0.9256947583056319,(truncamiento FPCA)
74,113,93,train,40,False,0.025201927893444408,0.15875115084132274,0.035460144665210046,0.12592052619188981,0.14629132985180504,0.5185443612248857,0.2663798213727767,0.24839007097335294,2.140583258779054,0.9215135076282268,(truncamiento FPCA)
75,114,94,train,40,False,0.026206882986633612,0.16188540078287977,0.036859389300811264,0.1284563970430026,0.1489012258562325,0.5185443612248857,0.2694614057823763,0.2513665677891819,2.1279738747684562,0.9197940341509755,(truncamiento FPCA)
76,115,95,train,40,False,0.026938592262902607,0.16412980309164635,0.03751730433649397,0.130803318040339,0.15140597201612432,0.5185443612248857,0.2732022613216155,0.2549449468727468,2.117944501093814,0.9224770222357647,(truncamiento FPCA)
77,116,96,train,40,False,0.027084124608807037,0.16457255120100386,0.038533425840300825,0.13137410470621025,0.15189994195017015,0.5185443612248857,0.27329784433393284,0.25507486573916505,2.1093459248971316,0.9229968232347825,(truncamiento FPCA)
78,117,97,train,40,False,0.030699845098038452,0.17521371264269944,0.042881680000083355,0.13726548412071965,0.15834800813364253,0.7145344420074188,0.2838013571163184,0.2649046734470488,2.1004597051408553,0.9037420972669535,(truncamiento FPCA)
79,118,98,train,40,False,0.032061842392738626,0.17905820950947385,0.04455123923682819,0.1402379012064731,0.1616151181373134,0.7145344420074188,0.289088473388942,0.2698773242225786,2.0933814796428747,0.9025842410691729,(truncamiento FPCA)
80,119,99,train,40,False,0.03196174916334687,0.17877849189247252,0.04389458270302947,0.14000795703498628,0.16126337241519068,0.7145344420074188,0.28810663768205697,0.2691060600860452,2.0893648547785677,0.9020289337275735,(truncamiento FPCA)
81,120,100,train,40,False,0.03135841555841908,0.17708307530201492,0.04263940416726564,0.13865710083420585,0.15990354959425696,0.7145344420074188,0.2862106804567343,0.26723315478559506,2.095173945781581,0.9029860664072028,(truncamiento FPCA)
82,121,101,train,40,False,0.03219221786118795,0.17942189905690986,0.04260972333596358,0.14104116650118836,0.16267815049756168,0.7145344420074188,0.2913191055606251,0.2719488961903839,2.0952549886480814,0.9066794597127894,(truncamiento FPCA)
83,122,102,train,40,False,0.033998128881668664,0.18438581529409648,0.045469943619638416,0.14566641631053395,0.167923487182603,0.7145344420074188,0.30066817121868467,0.28063371215711824,2.0901313355481825,0.9107180338941151,(truncamiento FPCA)
84,123,103,train,40,False,0.03367290759050055,0.18350179179098103,0.045528372220838824,0.14445219893591887,0.16671532617199994,0.7145344420074188,0.2998262022255084,0.2795405116044245,2.103509351837097,0.9085215165740625,(truncamiento FPCA)
85,124,104,train,40,False,0.03510270068818738,0.18735714741687168,0.046442855599309905,0.1486259281175955,0.1713408857994601,0.7145344420074188,0.3075461345531868,0.28678236305286914,2.0942965867245436,0.9145148085449059,(truncamiento FPCA)
86,125,105,train,40,False,0.03429920029745145,0.18520043276799178,0.044511771140778936,0.14683385260323,0.1688391307250628,0.7145344420074188,0.30102996061669823,0.28112550558204236,2.073003621411674,0.9116562429234414,(truncamiento FPCA)
87,126,106,train,40,False,0.03405189029308001,0.18453154281336298,0.043473849010245785,0.1459229209351971,0.16772748208023489,0.7145344420074188,0.29882256256301476,0.2791986536584914,2.0706853532885994,0.9089366485700285,(truncamiento FPCA)
88,127,107,train,40,False,0.033748532497849815,0.18370773663036027,0.04138075566271005,0.1449657663744551,0.1667943295744851,0.7145344420074188,0.2974407954758194,0.27776821820002856,2.0763423678070767,0.9079330714856785,(truncamiento FPCA)
89,128,108,train,40,False,0.032728411780066816,0.18090995489487807,0.03901340331867962,0.14305021622351283,0.16447735136770106,0.7145344420074188,0.2921852497661307,0.27309474065192,2.0683940942945624,0.9091669469669286,(truncamiento FPCA)
90,129,109,train,40,False,0.0318964361116156,0.178595733744162,0.03783649614913539,0.1405089774857758,0.16138080914364888,0.7145344420074188,0.28599263549504944,0.26737934042964084,2.0657043183093164,0.9036095418428448,(truncamiento FPCA)
91,130,110,train,40,False,0.032008563113164135,0.17890937122790448,0.0365892550687266,0.14066351767680493,0.16177986380306877,0.7145344420074188,0.2876847806653128,0.26882720862540455,2.0770430821426658,0.9042559520092706,(truncamiento FPCA)
92,131,111,train,40,False,0.03159050934129532,0.17773719177846634,0.0357970599848503,0.13966577578023603,0.16083693296463236,0.7145344420074188,0.28689924878109985,0.2679795656805037,2.083636719696207,0.9049143364721401,(truncamiento FPCA)
93,132,112,train,40,False,0.030438714656754413,0.17446694430967263,0.03464881341249078,0.13664300951362118,0.15762859155389403,0.7145344420074188,0.2833091132907953,0.26421602579372455,2.0985902419545672,0.9034868592305306,(truncamiento FPCA)
94,133,113,train,40,False,0.03027028970721225,0.17398359033889446,0.03451431686944997,0.1361705609138845,0.15707145987039298,0.7145344420074188,0.2822111160263717,0.26316189940779333,2.0974129464575633,0.9027946806043079,(truncamiento FPCA)
95,134,114,train,40,False,0.030719292876085887,0.1752692011623431,0.03597200065614236,0.13722909473846867,0.1584512484917774,0.7145344420074188,0.28509689111498737,0.2658012919765084,2.100561285399808,0.9040450201231417,(truncamiento FPCA)
96,135,115,train,40,False,0.030331967286632254,0.17416075128062652,0.03598356054480073,0.13595014970074332,0.15740143704446782,0.7145344420074188,0.2849267446601026,0.26539080714649355,2.1166360548888163,0.903771004012527,(truncamiento FPCA)
97,136,116,train,40,False,0.0304172717695385,0.17440548090452462,0.035283908941518685,0.13619350821799245,0.1577685053221035,0.7145344420074188,0.28599805095877584,0.2661961501009093,2.1222472185318964,0.9046074957269907,(truncamiento FPCA)
98,137,117,train,40,False,0.03055587605861778,0.17480239145565996,0.0342542883961415,0.1366620334506215,0.15836057669897602,0.7145344420074188,0.28720708744747114,0.26740806818417484,2.1235398313349565,0.9059405616835938,(truncamiento FPCA)
99,138,118,train,40,False,0.03052515640101939,0.17471449968740255,0.03424329567459692,0.13633802250677202,0.15827931435415282,0.7145344420074188,0.28795958147872025,0.26810134029687643,2.1326774158216844,0.905931188523818,(truncamiento FPCA)
100,139,119,train,40,False,0.029977031240125285,0.17313876296232825,0.03355813474484348,0.13482112499964244,0.15680356988962416,0.7145344420074188,0.286603873015927,0.2667213232945177,2.143797724440835,0.9056525945246686,(truncamiento FPCA)
101,140,120,train,40,False,0.03052431288819124,0.174712085695842,0.033747118027697955,0.13711703292757793,0.15924844072997363,0.7145344420074188,0.29038126227151034,0.2703857148096458,2.131032430817278,0.9114906967982217,(truncamiento FPCA)
102,141,121,train,40,False,0.029978619712856026,0.17314335018375965,0.03298219861740834,0.13526774746909598,0.1571320413304246,0.7145344420074188,0.28664062703204446,0.26692301120806244,2.1288455716480152,0.9075257072458053,(truncamiento FPCA)
103,142,122,train,40,False,0.030833349290277156,0.17559427465118888,0.03375737458956013,0.13827769607803692,0.16055461826222744,0.7145344420074188,0.29281967420672733,0.27266582383305,2.1331396154404665,0.9143499614731909,(truncamiento FPCA)
104,143,123,train,40,False,0.030695357383391554,0.1752009057721779,0.033341609720432624,0.13797597782449347,0.16021897447751376,0.7145344420074188,0.2921570708531718,0.27209203667848575,2.1333911325200496,0.9144871356193452,(truncamiento FPCA)
105,144,124,train,40,False,0.031270554148207855,0.17683482165062359,0.034588148707507156,0.1402797468777452,0.16271067130465117,0.7145344420074188,0.295783184848103,0.2755192797338518,2.1233370509189364,0.9201280029909618,(truncamiento FPCA)
106,145,125,train,40,False,0.03082334192950096,0.17556577664653483,0.03364725322586706,0.13870408111219334,0.16096668960100483,0.7145344420074188,0.29274142659385516,0.27265545718535494,2.1282617264163526,0.9168454847841886,(truncamiento FPCA)
107,146,126,train,40,False,0.030758514560936746,0.1753810553079686,0.032193311002293334,0.13832544576522526,0.160552520828153,0.7145344420074188,0.2920127568643827,0.27194024560400787,2.131013590195097,0.9154496222309945,(truncamiento FPCA)
108,147,127,train,40,False,0.03035309182674013,0.17422138739758714,0.027966956457942758,0.13637200859556453,0.15834960282114582,0.7145344420074188,0.28801230713830134,0.2681846944465834,2.13680049855756,0.9088987591390222,(truncamiento FPCA)
109,148,128,train,40,False,0.030521114234834813,0.17470293138592385,0.025856505128643473,0.13707191162613191,0.15923919697832606,0.7145344420074188,0.2901332620419154,0.2700190539805719,2.1452882336643904,0.9114855470087222,(truncamiento FPCA)
110,149,129,train,40,False,0.031065249783280725,0.17625336814733705,0.024732103538468924,0.1396898786257898,0.1620664703248973,0.7145344420074188,0.293918071440727,0.2737937425439658,2.1269420029579296,0.9195085009066019,(truncamiento FPCA)
111,150,130,train,40,False,0.031485964388885665,0.1774428482325666,0.024046010114124022,0.1406061189692976,0.1632960513066821,0.7145344420074188,0.29653463277273723,0.27616497947143626,2.1304573791000863,0.9202740653297962,(truncamiento FPCA)
112,151,131,train,40,False,0.03427407802372432,0.18513259578940797,0.025163527044724195,0.14597525263350764,0.16931469131830315,0.7145344420074188,0.3065685103773196,0.28575193213157457,2.1248506407540217,0.9145590521017811,(truncamiento FPCA)
113,152,132,train,40,False,0.0352546385580213,0.18776218617714618,0.026479515846697783,0.148856194328978,0.17270480185591797,0.7145344420074188,0.3131417173636385,0.29197377534701296,2.1310837211233786,0.9198060875419176,(truncamiento FPCA)
114,153,133,train,40,False,0.03387872232593947,0.1840617350943413,0.025291949125273067,0.14611868580995596,0.16928399997494553,0.7145344420074188,0.3056247699154523,0.2853410326644509,2.1202534186331294,0.9197131597622863,(truncamiento FPCA)
115,154,134,train,40,False,0.03249271641957104,0.18025736162379344,0.024653646837714815,0.14209515558892474,0.1648336480396586,0.7145344420074188,0.2988155470648036,0.27884082913526576,2.1276929181193207,0.914435041957815,(truncamiento FPCA)
116,155,135,train,40,False,0.03320444112801927,0.18222085810361904,0.025359783279619172,0.14350104554358295,0.1663982162257305,0.7145344420074188,0.30074021974361326,0.2807840427345978,2.1242295264030453,0.9131677786914433,(truncamiento FPCA)
117,156,136,train,40,False,0.03288998054981347,0.18135594986052558,0.024948490869053902,0.14234257098992836,0.1652218861313986,0.7145344420074188,0.2993302349103262,0.27930759431303487,2.132999090329671,0.9110364796879555,(truncamiento FPCA)
118,157,137,train,40,False,0.028911707537671055,0.17003443044769215,0.021913898784171187,0.1352723368653726,0.15728299579377086,0.6104538842134172,0.28570282291292215,0.26645121125397153,2.1371108628417574,0.9250067493957113,(truncamiento FPCA)
119,158,138,train,40,False,0.027297418340430184,0.16521930377661742,0.020641052939189598,0.1313969997489468,0.15298615553715664,0.6104538842134172,0.27846290057678563,0.25967396402207005,2.1461777501634947,0.925958117726967,(truncamiento FPCA)
120,159,139,train,40,False,0.027227095849576555,0.16500635093709742,0.02045402910006099,0.13110392940330345,0.15271532861553064,0.6104538842134172,0.2782236773622032,0.2592996540690994,2.149530849746868,0.9255118227161312,(truncamiento FPCA)
121,160,140,train,40,False,0.02688975418028765,0.1639809567611058,0.02024293986387919,0.13044473012045463,0.15175377681331406,0.6104538842134172,0.27584056034764065,0.25737265700603645,2.143325010476224,0.925435366463895,(truncamiento FPCA)
122,161,141,train,40,False,0.025920918496210164,0.16099974688244129,0.019900004907177034,0.12723982634117365,0.14810567304534583,0.6104538842134172,0.26929949099327627,0.2513312213058934,2.1497716224553116,0.9199124589524328,(truncamiento FPCA)
123,162,142,train,40,False,0.024623681555603943,0.1569193472953668,0.01976268384575822,0.124668619054772,0.14512178142995397,0.6104538842134172,0.2635462442050565,0.24606298918161068,2.146923397088635,0.9248176463339064,(truncamiento FPCA)
124,163,143,train,40,False,0.025732976356098648,0.1604150128762849,0.020492143185064805,0.12768186440106438,0.14830695965936416,0.6104538842134172,0.26762305395120584,0.2500710458271084,2.134189051573602,0.9245204485551567,(truncamiento FPCA)
125,164,144,train,40,False,0.024709556244689172,0.15719273597939942,0.019979324063039407,0.1251199812808645,0.14567507111373415,0.6104538842134172,0.2638477810372895,0.2465477550625584,2.144990720403555,0.9267290260335268,(truncamiento FPCA)
126,165,145,train,40,False,0.024726933388476043,0.15724799963266956,0.02083334901994436,0.12494125348678076,0.14575257681820908,0.6104538842134172,0.2654417523456417,0.24784107918185025,2.1653423324126337,0.9268962222647428,(truncamiento FPCA)
127,166,146,train,40,False,0.025294927130979094,0.15904378997929813,0.021452710492222093,0.1267278807697772,0.14790366828269705,0.6104538842134172,0.26963066777316,0.251614984713792,2.1678663648177614,0.9299556323572826,(truncamiento FPCA)
128,167,147,train,40,False,0.02522768565959451,0.15883225635743675,0.022207167287602744,0.12649573348348203,0.14766187184017854,0.6104538842134172,0.2692451884378869,0.25125262483517685,2.1693753215502563,0.9296718136892778,(truncamiento FPCA)
129,168,148,train,40,False,0.025389910638117345,0.1593421182177435,0.022748827755711035,0.12674342020722473,0.14810588346544332,0.6104538842134172,0.2711559782001337,0.25283650972572236,2.178267701749669,0.9294835861479782,(truncamiento FPCA)
130,169,149,train,40,False,0.025847274544994702,0.16077087592283218,0.02323505116185329,0.12865251691227692,0.15013115717778214,0.6104538842134172,0.27367995477122037,0.25534421014124536,2.165202724204877,0.9338206084654477,(truncamiento FPCA)
131,170,150,train,40,False,0.025749924998850614,0.1604678316637033,0.02407464988826851,0.12841637168785194,0.14978740088658865,0.6104538842134172,0.27294330384540677,0.2545752284123358,2.163557814336273,0.9334419200011508,(truncamiento FPCA)
132,171,151,train,40,False,0.025483683208581825,0.15963609619563435,0.024183193391857857,0.12799548024887247,0.14908197804907058,0.6104538842134172,0.2701956976548102,0.252262938691707,2.1519099499772674,0.9338863928767734,(truncamiento FPCA)
133,172,152,train,40,False,0.025617897239690483,0.1600559191023265,0.024488392417791726,0.1283836667508665,0.1496146314986692,0.6104538842134172,0.27139723156484064,0.2533242528790978,2.1547423379967894,0.9347647518303772,(truncamiento FPCA)
134,173,153,train,40,False,0.02533483318058651,0.15916919670773774,0.023983799863311527,0.12728837807165805,0.1483892901679508,0.6104538842134172,0.2694340377539334,0.25153191937446323,2.157187954645903,0.9322739150365839,(truncamiento FPCA)
135,174,154,train,40,False,0.024876399582319055,0.15772253986770265,0.023925157807795173,0.12608043571617142,0.14697442067229952,0.6104538842134172,0.2666539822835981,0.24892046033906284,2.158121605788703,0.9318542599908761,(truncamiento FPCA)
136,175,155,train,40,False,0.024843531766236653,0.1576183103774325,0.025370229399523797,0.12633012171326297,0.14687262601967185,0.6104538842134172,0.26485971398483477,0.24742205172173715,2.14129283766832,0.9318246444081968,(truncamiento FPCA)
137,176,156,train,40,False,0.02594773232435254,0.16108299824734,0.026478855488361076,0.12893805134988448,0.14987872102394215,0.6104538842134172,0.2703115129216137,0.2525679085415525,2.1400884235995554,0.9304440732708869,(truncamiento FPCA)
138,177,157,train,40,False,0.025924354098595698,0.16101041611832353,0.026866086560307596,0.1289886287456857,0.14978671821237835,0.6104538842134172,0.26969211564826195,0.25197318586879114,2.1333315898666827,0.9302921004955534,(truncamiento FPCA)
139,178,158,train,40,False,0.025403032344346422,0.15938328753149253,0.025150517148258198,0.1276607180795581,0.14808757462259506,0.6104538842134172,0.26613253153453875,0.24857714830354785,2.129594808077872,0.929128623936399,(truncamiento FPCA)
140,179,159,train,40,False,0.0256400687963459,0.16012516603065835,0.024896730792565294,0.128376318501826,0.14878421102769346,0.6104538842134172,0.2669091087477855,0.2493163931075925,2.1241545827597315,0.9291744371975015,(truncamiento FPCA)
141,180,160,train,40,False,0.025165224288756848,0.15863550765436107,0.022783138603225197,0.12647982329339919,0.14683578472891953,0.6104538842134172,0.26409325136649586,0.24651790454204967,2.136727725667858,0.9256173910878069,(truncamiento FPCA)
142,181,161,train,40,False,0.025297373779879652,0.15905148153940488,0.02278566277689189,0.12702687815769242,0.1474976594580586,0.6104538842134172,0.26556718714274485,0.24781597721123552,2.1414252239455025,0.9273579725915106,(truncamiento FPCA)
143,182,162,train,40,False,0.024915695001858123,0.1578470620628022,0.021973471027382688,0.12608552829743871,0.1463816210338446,0.6104538842134172,0.2629646284204877,0.24554706150217737,2.135885397318123,0.9273636082982916,(truncamiento FPCA)
144,183,163,train,40,False,0.025364826123165807,0.15926338600935813,0.02237480485643086,0.12695013740861513,0.14740550211556874,0.6104538842134172,0.26510839804012837,0.2474215857968483,2.136477372861699,0.9255454490142974,(truncamiento FPCA)
145,184,164,train,40,False,0.024784367592510785,0.15743051671296385,0.02210636915048393,0.12459564752301713,0.14487319049571434,0.6104538842134172,0.26147410135665944,0.24402403503595319,2.148468232209164,0.920235755561009,(truncamiento FPCA)
146,185,165,train,40,False,0.024633264215632205,0.1569498780363725,0.021693691445553203,0.12376367823750116,0.14383098481633252,0.6104538842134172,0.2593803089835442,0.24208318461899378,2.1456475898431253,0.9164134857307773,(truncamiento FPCA)
147,186,166,train,40,False,0.02461866861730569,0.15690337350517894,0.021617087809737583,0.12381333558647212,0.14372339010998186,0.6104538842134172,0.25844849314317125,0.24131828751128861,2.127769883634359,0.9159993625327498,(truncamiento FPCA)
148,187,167,train,40,False,0.025186424865543615,0.1587023152494746,0.023256753431209826,0.12621799032675166,0.14647804071596504,0.6104538842134172,0.2634762171384687,0.24594963995146985,2.122356940207824,0.9229735589282776,(truncamiento FPCA)
149,188,168,train,40,False,0.02543879559809966,0.1594954406812297,0.024950528770597103,0.12712201800672407,0.1474381269550144,0.6104538842134172,0.2648694854176971,0.2473055234918864,2.1178130005314877,0.9244033956411755,(truncamiento FPCA)
150,189,169,train,40,False,0.02542578071723655,0.15945463529554904,0.02634326649713628,0.12680427775582648,0.14739529188047357,0.6104538842134172,0.2664774087613304,0.24853974954957686,2.1350051458030643,0.9243713210799831,(truncamiento FPCA)
151,190,170,train,40,False,0.025905216460171333,0.16095097533153171,0.02796016382278782,0.12798739678709775,0.14849645403673922,0.6104538842134172,0.2678840532628509,0.24987931537560842,2.1282272813496474,0.9226191623310248,(truncamiento FPCA)
152,191,171,train,40,False,0.02397170148913083,0.154827973858508,0.026348226832102965,0.12482201691403039,0.1450910299381957,0.47100765167022696,0.26282330291603373,0.2449464329964326,2.1346025951582135,0.937111210089137,(truncamiento FPCA)
153,192,172,train,40,False,0.02303089005017656,0.15175931618907804,0.02535172709460773,0.12202961133719707,0.1419442275308204,0.47100765167022696,0.2572249418844871,0.23950647805647832,2.139615113563545,0.9353246383501824,(truncamiento FPCA)
154,193,173,train,40,False,0.024137606489923337,0.15536282209693328,0.02674229094676691,0.12427887943151701,0.14484561533833687,0.4808768560842607,0.26380020170415774,0.245507820088172,2.151267338036516,0.9323055115976552,(truncamiento FPCA)
155,194,174,train,40,False,0.024230361133053355,0.15566104565064875,0.026907804478569664,0.12469952627348965,0.14543622923971303,0.4808768560842607,0.26517668727286753,0.24676321393678266,2.1578702506164364,0.9343135826423564,(truncamiento FPCA)
156,195,175,train,40,False,0.023237807472959393,0.1524395207056208,0.025158773278918786,0.1225891140373176,0.1430942179721093,0.4808768560842607,0.26184727403719166,0.24351034772543909,2.1610536924007824,0.938695013666709,(truncamiento FPCA)
157,196,176,train,40,False,0.023887550887344882,0.1545559797851409,0.02573352882158436,0.12449814612866048,0.1452218928596531,0.4808768560842607,0.2654869071570771,0.24685754958523204,2.1569473891977884,0.9396070799818694,(truncamiento FPCA)
158,197,177,train,40,False,0.024368485831279353,0.15610408652972335,0.02714053544724309,0.12621090669866555,0.14708530981103998,0.4808768560842607,0.2682225209250738,0.24949204269082498,2.1506787737411495,0.9422258768545042,(truncamiento FPCA)
159,198,178,train,40,False,0.025237386009798756,0.1588627898842229,0.028240837625306995,0.12877395669599961,0.1498492106593385,0.4808768560842607,0.2726214210497891,0.2536735385142552,2.140893925769675,0.9432618599267119,(truncamiento FPCA)
160,199,179,train,40,False,0.02600853017530439,0.1612716037475426,0.028927424682175226,0.13094667913265853,0.15211966283060707,0.4808768560842607,0.2748131433494012,0.25604249292627423,2.127841326179295,0.9432513802537604,(truncamiento FPCA)
161,200,180,train,40,False,0.025612743042322056,0.1600398170528886,0.02834297836873523,0.1294305494448437,0.15052833726464643,0.4808768560842607,0.2722629565475446,0.2534887455735147,2.135965557859086,0.9405680413574897,(truncamiento FPCA)
162,201,181,train,40,False,0.025809711054745433,0.1606540103911055,0.02917199046416331,0.13041956528593573,0.15170874403323292,0.4808768560842607,0.27447736844960396,0.2555211849405188,2.134196312653858,0.9443196821785171,(truncamiento FPCA)
163,202,182,train,40,False,0.02555009087087534,0.1598439578804133,0.028756249208946635,0.12961448368268216,0.15077499654276932,0.4808768560842607,0.2728921090851106,0.2540068230320246,2.1342033916894825,0.9432636587713319,(truncamiento FPCA)
164,203,183,train,40,False,0.024843885565794012,0.15761943270356613,0.027347011368322006,0.12773747509846167,0.14903608104487906,0.4808768560842607,0.27182335407714486,0.2527760617317589,2.150136559187345,0.9455438234267108,(truncamiento FPCA)
165,204,184,train,40,False,0.02463098225435158,0.15694260815454666,0.026780974773141432,0.1270759289508762,0.14818254538595985,0.4808768560842607,0.2701041346030165,0.25110756475181994,2.1486450382717543,0.9441830177821405,(truncamiento FPCA)
166,205,185,train,40,False,0.024510165888993563,0.15655722879826905,0.026173148604979362,0.12676337793788378,0.1475890421820436,0.4808768560842607,0.268129739944783,0.2493487695716688,2.1333814971099008,0.9427162406676133,(truncamiento FPCA)
167,206,186,train,40,False,0.024207998123266395,0.15558919667916019,0.026544403931857415,0.12610890736486596,0.1466182574830797,0.4808768560842607,0.2654260375119702,0.24695072317360345,2.123217032373448,0.9423421459358812,(truncamiento FPCA)
168,207,187,train,40,False,0.024839358789556436,0.15760507222026973,0.027978211588478824,0.12789888672516542,0.14846317555035954,0.4808768560842607,0.26827555788556545,0.2495784160686109,2.1149169214734953,0.9419949082785012,(truncamiento FPCA)
169,208,188,train,40,False,0.024598732030090064,0.15683982922105616,0.027620071231338056,0.12736827883845367,0.1477874338420035,0.4808768560842607,0.26672808901617034,0.24815295402254756,2.112044913174852,0.9422825475900394,(truncamiento FPCA)
170,209,189,train,40,False,0.02457183697331255,0.15675406525290675,0.026531685624315127,0.12705604666371967,0.1476987567537238,0.4808768560842607,0.26793620606511065,0.2491154711515337,2.1260382916993805,0.9422323849491677,(truncamiento FPCA)
171,210,190,train,40,False,0.025013316289591147,0.1581559872075387,0.025248213630905226,0.12814624039132255,0.149061538543946,0.4808768560842607,0.27078866096798665,0.25182801329784466,2.128516736182352,0.9424969688206707,(truncamiento FPCA)
172,211,191,train,40,False,0.025167356016222275,0.15864222646011458,0.024879127846954594,0.12811381754228676,0.1494823685915168,0.4808768560842607,0.2733318826731156,0.2538038779280696,2.145263179534011,0.9422609095132644,(truncamiento FPCA)
173,212,192,train,40,False,0.02539432542706762,0.15935597079202155,0.02496425251850014,0.12865212211762755,0.1502308993472353,0.4808768560842607,0.2747141843993289,0.2550125938681248,2.1460040183608284,0.9427378127130513,(truncamiento FPCA)
174,213,193,train,40,False,0.02558629046127095,0.15995715195411223,0.025390596338505225,0.12933866175130054,0.15111420084049326,0.4808768560842607,0.2766582562169097,0.2567273388290382,2.1509104295554473,0.9447167506698557,(truncamiento FPCA)
175,214,194,train,40,False,0.026657317815502807,0.16327068878247195,0.02643272094040762,0.1317655687856285,0.15393180081690488,0.4819986873531076,0.28213038072784247,0.26163843589237146,2.148928170576745,0.9428011969863777,(truncamiento FPCA)
176,215,195,train,40,False,0.026769214579174173,0.16361300247588567,0.026414098275011552,0.1320817378441049,0.1542685533872679,0.4819986873531076,0.28209489112750963,0.26181633226410705,2.1450952734541224,0.9428868797270863,(truncamiento FPCA)
177,216,196,train,40,False,0.02603726858521402,0.16136067855959835,0.026118310305071245,0.13039496664535663,0.15251507543046233,0.4819986873531076,0.2794105661058284,0.2592521431508338,2.151575074643167,0.9451811729592541,(truncamiento FPCA)
178,217,197,train,40,False,0.025758486796384643,0.16049450705985124,0.027859329705048484,0.12915210987947054,0.1510668001015903,0.4819986873531076,0.2766461329708034,0.2566558608734386,2.1482739906544985,0.9412583824146381,(truncamiento FPCA)
179,218,198,train,40,False,0.025588747817816938,0.15996483306594902,0.029486047994831472,0.12850095458417382,0.15024229862531532,0.4819986873531076,0.27490869288619085,0.2550805285949335,2.1446191092270306,0.9392208008829955,(truncamiento FPCA)
180,219,199,train,40,False,0.0252388870209058,0.1588675140515071,0.03020899002600082,0.12748224087076732,0.14916604876291278,0.4819986873531076,0.27326996103677026,0.2534735061851657,2.1486887758815936,0.9389336117801342,(truncamiento FPCA)
181,220,200,train,40,False,0.02645261356635783,0.16264259456353317,0.033919747064667424,0.13081508246070017,0.15297923607057334,0.4819986873531076,0.28043543444808855,0.26015481114803385,2.1439977040503093,0.9405853151882362,(truncamiento FPCA)
182,221,201,train,40,False,0.02626141786709396,0.16205374993221836,0.03407474686972769,0.1298072139868105,0.15194426650250398,0.4819986873531076,0.2789165493715754,0.25871522071432307,2.1530101566054993,0.9376164795079236,(truncamiento FPCA)
183,222,202,train,40,False,0.02670736778069994,0.1634238898714014,0.03393136224005638,0.13083466347393857,0.15322377211950486,0.4819986873531076,0.2821141134842393,0.2614456913148054,2.160985376502509,0.937584904141475,(truncamiento FPCA)
184,223,203,train,40,False,0.028201321645324778,0.1679324913330496,0.03496358881752912,0.13345130216814843,0.15578962366157106,0.5704708198029749,0.284600692687558,0.2642864878495831,2.148778655967523,0.9276919697011081,(truncamiento FPCA)
185,224,204,train,40,False,0.02832248960462517,0.16829286854951747,0.03391720243567473,0.13421644956609224,0.1565540619244265,0.5704708198029749,0.2853075055701079,0.2650356918925202,2.1363407550756204,0.9302477477134629,(truncamiento FPCA)
186,225,205,train,40,False,0.02865546461777312,0.1692792504052789,0.032660918723126216,0.13583005770594467,0.1584238068989841,0.5704708198029749,0.288709717345739,0.2681896755892555,2.134151009304632,0.9358725686680127,(truncamiento FPCA)
187,226,206,train,40,False,0.02858663874456787,0.16907583725821934,0.031838740760805805,0.13520192570253844,0.1577694044016773,0.5704708198029749,0.28800066250495754,0.2674755862360104,2.1453840701640816,0.9331280386370383,(truncamiento FPCA)
188,227,207,train,40,False,0.028037905972232414,0.16744523275457088,0.030369275970109813,0.13302402276441047,0.15519893042756303,0.5704708198029749,0.2831255288581892,0.2630196666852803,2.1427227392896,0.9268638340695098,(truncamiento FPCA)
189,228,208,train,40,False,0.0276283953435048,0.1662179152302928,0.028560587586259564,0.13133788930741724,0.15341897372963825,0.5704708198029749,0.280325070914959,0.26039902247610314,2.152175908085232,0.9229990252078316,(truncamiento FPCA)
190,229,209,train,40,False,0.027408285812769495,0.16555447989338584,0.027314306603641095,0.1308215266640193,0.15260208309463474,0.5704708198029749,0.278224630024203,0.25849126168320546,2.143683401113586,0.9217635378571921,(truncamiento FPCA)
191,230,210,train,40,False,0.026366680733081637,0.16237820276466186,0.024517121852551733,0.12837237890939432,0.14975164896695778,0.5704708198029749,0.27287893781515765,0.25360996970741,2.1420434220704982,0.9222398475736056,(truncamiento FPCA)
192,231,211,train,40,False,0.026699798436456656,0.16340072960809157,0.024148475391326998,0.12928329558948656,0.1504750413115627,0.5704708198029749,0.27217129424865644,0.2531042174822013,2.1296179600454286,0.9208957736753653,(truncamiento FPCA)
193,232,212,train,40,False,0.027009861667661884,0.16434677261103087,0.023702775343666407,0.13036994076609515,0.1518373850697631,0.5704708198029749,0.2749738674238834,0.25568205628431245,2.131924547934418,0.9238841910764232,(truncamiento FPCA)
194,233,213,train,40,False,0.026604636718184776,0.163109278455227,0.023485430661759954,0.12954812232950255,0.15096112635490241,0.5704708198029749,0.273452715110792,0.25419761380532924,2.134086940411607,0.9255213914537719,(truncamiento FPCA)
195,234,214,train,40,False,0.027439416369913833,0.16564847228367013,0.023935979699528556,0.13214491743935286,0.15379878689991594,0.5704708198029749,0.2781459714307703,0.2585893028242192,2.1260374928218697,0.9284648676779717,(truncamiento FPCA)
196,235,215,train,40,False,0.027484243656385153,0.16578372554742868,0.024613962667555566,0.13199083356832655,0.15393241279869624,0.5704708198029749,0.2795751679519918,0.2597752634734264,2.1384022997692886,0.9285134128238545,(truncamiento FPCA)
197,236,216,train,40,False,0.028290187508361386,0.168196871279942,0.02484813587513141,0.13355680389848684,0.15568259470122886,0.5704708198029749,0.28245640539391037,0.2626055410726976,2.136603642713683,0.9255974473039706,(truncamiento FPCA)
198,237,217,train,40,False,0.02804441442584795,0.16746466620110628,0.02436069184446178,0.13267876525605143,0.15486292156076858,0.5704708198029749,0.28189886552437526,0.2619959642926134,2.1463651901393064,0.9247498297628682,(truncamiento FPCA)
199,238,218,train,40,False,0.028760441563729432,0.1695890372746111,0.024943622534683907,0.13404425051423646,0.15634202669454655,0.5704708198029749,0.28409635336689854,0.2639314800068278,2.1439509903328755,0.9218875772104654,(truncamiento FPCA)
200,239,219,train,40,False,0.027780714065205103,0.16667547529617277,0.02434705953024918,0.13101622991310846,0.15307300753708183,0.5704708198029749,0.2800821051119715,0.25994890775993007,2.157495079647651,0.9183895067050498,(truncamiento FPCA)
201,240,220,train,40,False,0.02807462064036053,0.1675548287587097,0.02399366935916087,0.13220624230081854,0.1543232833825383,0.5704708198029749,0.28206397537997574,0.26190142352352963,2.1502813590819763,0.921031548453756,(truncamiento FPCA)
202,241,221,train,40,False,0.02919827270350548,0.17087502071252392,0.02428670071625754,0.13493565124697715,0.1575846407794806,0.5704708198029749,0.28835324683198776,0.2677048464102657,2.1499672454562138,0.9222216338138577,(truncamiento FPCA)
203,242,222,train,40,False,0.02893320525808818,0.17009763448704446,0.022373910808443066,0.133649310429583,0.156133315360046,0.5704708198029749,0.2858362765385945,0.26534271171223767,2.1502850303181376,0.9179040956735817,(truncamiento FPCA)
204,243,223,train,40,False,0.028777987393491515,0.16964075982349147,0.021634730984630993,0.1332552190283961,0.1556436292079118,0.5704708198029749,0.2847939940434761,0.2644068905612086,2.149451676890383,0.917489578388216,(truncamiento FPCA)
205,244,224,train,40,False,0.028764932817529693,0.16960227833826316,0.021418332390837257,0.13315038028169485,0.1555822946559023,0.5704708198029749,0.2847307753129898,0.26427357862928796,2.151572971666995,0.9173361123463287,(truncamiento FPCA)
206,245,225,train,40,False,0.02866548557475005,0.16930884671141685,0.021286803932964164,0.13258379436299594,0.1549365042487834,0.5704708198029749,0.28372754431473146,0.2632938619257298,2.1519153330913636,0.9151116864724099,(truncamiento FPCA)
207,246,226,train,40,False,0.028582733526583727,0.16906428814679855,0.02122767047212829,0.13231137399452744,0.15461783906090176,0.5704708198029749,0.28262836847994316,0.2624459448585649,2.1465087281042234,0.9145505579903845,(truncamiento FPCA)
208,247,227,train,40,False,0.02770137640934356,0.16643730474068474,0.0202181079530869,0.12976379667019317,0.15165547659298392,0.5704708198029749,0.27705359164227294,0.2573395309187447,2.143567172469715,0.9111868089264517,(truncamiento FPCA)
209,248,228,train,40,False,0.02729559245590235,0.16521377804499948,0.019857738654567508,0.12826903092438863,0.15014498380850844,0.5704708198029749,0.2748620467546194,0.2552201166274316,2.1534258051220383,0.9087921454566172,(truncamiento FPCA)
210,249,229,train,40,False,0.026781747465804633,0.1636512983932747,0.019807029644892653,0.1260290056668542,0.1474901775331806,0.5704708198029749,0.2698276682934087,0.2505272097954111,2.15682514116114,0.9012466077644133,(truncamiento FPCA)
211,250,230,train,40,False,0.02610759225538355,0.1615784399460013,0.020145367842822975,0.12408378562846636,0.14511026987064013,0.5704708198029749,0.26495815803761447,0.24602699713094894,2.1532623225046073,0.8980794091039328,(truncamiento FPCA)
212,251,231,train,40,False,0.025876344932419432,0.16086125988695796,0.019811727303545017,0.12356483197775456,0.14446244193522545,0.5704708198029749,0.2638485646410157,0.24501537950354763,2.1542752859293026,0.8980561387915497,(truncamiento FPCA)
213,252,232,train,40,False,0.02565258553466898,0.16016424549402086,0.01957425026799251,0.12298260424153126,0.14372563735311986,0.5704708198029749,0.26247150083456317,0.24381435039089072,2.154520242530812,0.8973640584376574,(truncamiento FPCA)
214,253,233,train,40,False,0.025684091272943597,0.16026256978141715,0.019736326771067927,0.12319623526206484,0.14384796507498582,0.5704708198029749,0.2621383280799033,0.24363641947884296,2.1474457972946768,0.8975768033120941,(truncamiento FPCA)
215,254,234,train,40,False,0.024480477562985912,0.15646238385946287,0.018906867024779343,0.12049774911699265,0.14049105418980057,0.5704708198029749,0.2551264076274105,0.23743164264943584,2.140405680407793,0.8979222399934286,(truncamiento FPCA)
216,255,235,train,40,False,0.02430624980281989,0.15590461764431446,0.01885055551147281,0.11977283445575386,0.13995374463479618,0.5704708198029749,0.25611412914810316,0.2378937034885694,2.1574896528343515,0.8976882580482055,(truncamiento FPCA)
217,256,236,train,40,False,0.02397028563752903,0.15482340145316867,0.018894875682294553,0.11888851900661516,0.13884467086988805,0.5704708198029749,0.2538788165157746,0.2359087710220747,2.156424317491214,0.896793828107995,(truncamiento FPCA)
218,257,237,train,40,False,0.02644937850003536,0.16263264893629248,0.020842770667643954,0.1241896684321433,0.1452129036189153,0.6186832321526168,0.26647119991009105,0.24731818294900484,2.16503691383485,0.8928890021080519,(truncamiento FPCA)
219,258,238,train,40,False,0.027269738549111834,0.165135515710921,0.021355566338126578,0.12660510110815154,0.14806970303939476,0.6186832321526168,0.2719448392011311,0.2525565606997554,2.167371402385023,0.8966557097178243,(truncamiento FPCA)
220,259,239,train,40,False,0.028077104922336817,0.16756224193515917,0.02154961939247864,0.12841051939889614,0.1502550861598056,0.6186832321526168,0.2762859038755191,0.25656473459553314,2.1688352843108047,0.8967120779987485,(truncamiento FPCA)
221,260,240,train,40,False,0.027674197453445848,0.16635563547245957,0.021084801479174336,0.12747804954457623,0.14932600282525846,0.6186832321526168,0.27476123445637923,0.25508554619728113,2.172319806507742,0.897631164710255,(truncamiento FPCA)
222,261,241,train,40,False,0.0281167065504477,0.16768037020011525,0.021591342314603544,0.1294085340225545,0.15131224895055895,0.6186832321526168,0.2770078239673743,0.25738802202794914,2.154868644477505,0.9023849885945382,(truncamiento FPCA)
223,262,242,train,40,False,0.027605154285604137,0.16614798911092526,0.021225921031064136,0.1279493957473361,0.1498051543202911,0.6186832321526168,0.2748234058140401,0.25538299264538455,2.1621854539811105,0.9016368787965094,(truncamiento FPCA)
224,263,243,train,40,False,0.024777097357311505,0.15740742472104519,0.019259400574558615,0.12180057240108677,0.14285322544701703,0.6186832321526168,0.26303993868230363,0.2442114419923858,2.158163422391374,0.9075380383115927,(truncamiento FPCA)
225,264,244,train,40,False,0.02478290446305092,0.15742586973890574,0.019627457851143847,0.12180481392037708,0.14288374033668616,0.6186832321526168,0.26333058214424354,0.24444379987885237,2.161504820058122,0.9076255419370526,(truncamiento FPCA)
226,265,245,train,40,False,0.02496112562175899,0.1579909036044765,0.020487987467744124,0.12246796147611268,0.1435237297504465,0.6186832321526168,0.26399149601992206,0.24513049723630206,2.155744845676942,0.9084303366588246,(truncamiento FPCA)
227,266,246,train,40,False,0.02532328020882834,0.15913290108845607,0.020957478321165474,0.12419074793800573,0.14570311411419384,0.6186832321526168,0.2684363727731764,0.24918093278083636,2.1624123008124156,0.9156064718081328,(truncamiento FPCA)
228,267,247,train,40,False,0.02656908328654698,0.16300025548000524,0.022151394696738005,0.12797438808729203,0.15006954705907372,0.6186832321526168,0.2764329296548663,0.25663548566409494,2.163181053173414,0.9206706248229304,(truncamiento FPCA)
229,268,248,train,40,False,0.02675386384951304,0.16356608404407388,0.022686594507719326,0.12885883406129905,0.15100997105564234,0.6186832321526168,0.2781079170308975,0.2581988351923376,2.158692218571586,0.9232352289790822,(truncamiento FPCA)
230,269,249,train,40,False,0.026931347387637517,0.1641077310416469,0.022917805422384693,0.12932814019410863,0.15168303500313338,0.6186832321526168,0.27992547106314,0.25984771425105846,2.1657830165268614,0.9242893923421536,(truncamiento FPCA)
231,270,250,train,40,False,0.027021405645274544,0.1643818896511247,0.0238937250947421,0.12970271282279505,0.15202288219595178,0.6186832321526168,0.27990510239382893,0.2599060061844039,2.1594943491054908,0.924815273255448,(truncamiento FPCA)
232,271,251,train,40,False,0.025697810533504496,0.16030536651498756,0.023276584188792523,0.12589125873427448,0.14798790603409534,0.6186832321526168,0.2745290561932211,0.25470861723115756,2.1773334364965047,0.9231625194547646,(truncamiento FPCA)
233,272,252,train,40,False,0.025770728444326936,0.1605326398098746,0.024059302728311745,0.12639622517691146,0.1482375604663102,0.6186832321526168,0.2736603984722067,0.2540534286809262,2.161881203971825,0.9234107197257457,(truncamiento FPCA)
234,273,253,train,40,False,0.025868509080827017,0.16083690211150864,0.023393204924381798,0.12691569928621813,0.14846164198693423,0.6186832321526168,0.2730162386584139,0.2535335682511294,2.1522342347876533,0.9230570847727805,(truncamiento FPCA)
235,274,254,train,40,False,0.026105137782456756,0.16157084446909584,0.0232092445523439,0.1274644777075654,0.14901231014403096,0.6186832321526168,0.2732359682412356,0.2538936390779181,2.1477523558351335,0.9222722740211526,(truncamiento FPCA)
236,275,255,train,40,False,0.025719612900980227,0.16037335471012704,0.02279176232121783,0.12637781939542297,0.1476694892680786,0.6186832321526168,0.2705723464249202,0.25137696343587973,2.1473924685479067,0.9207856849723539,(truncamiento FPCA)
237,276,256,train,40,False,0.024291813644828956,0.15585831272289893,0.021798162893081306,0.12299707713903536,0.14391545637474706,0.6186832321526168,0.26435651314443753,0.24550774135091835,2.154240004309559,0.9233736325030983,(truncamiento FPCA)
238,277,257,train,40,False,0.02422422312349175,0.15564132845581777,0.02111860573337389,0.12290371703804845,0.14365196210420553,0.6186832321526168,0.26327746394506174,0.2446644614180916,2.146284456635101,0.9229679772682248,(truncamiento FPCA)
239,278,258,train,40,False,0.02294906052621449,0.15148947331816323,0.020098373861077205,0.12028072750467325,0.1406341615236641,0.6186832321526168,0.2575144190755213,0.23953328557515033,2.1412705092393964,0.9283427979731604,(truncamiento FPCA)
240,279,259,train,40,False,0.023751441495078643,0.1541150268308663,0.020209678018336185,0.12261965202613782,0.14347407925553607,0.6186832321526168,0.26315981179525083,0.244726691508434,2.144387104566517,0.9309545097960619,(truncamiento FPCA)
241,280,260,train,40,False,0.023995414991524862,0.15490453509024474,0.020464216055779017,0.12337640826656877,0.14424622042642105,0.6186832321526168,0.2642177136881404,0.24570236305715767,2.1408097090997495,0.9311943019769283,(truncamiento FPCA)
242,281,261,train,40,False,0.02358211639544957,0.1535646977513047,0.0205938291584727,0.12246804566863354,0.1433008332535246,0.6186832321526168,0.2625033007099854,0.24405680082631162,2.143210296571672,0.9331626041135949,(truncamiento FPCA)
243,282,262,train,40,False,0.024029460269721067,0.15501438729911837,0.022789055023798924,0.12431449694898526,0.14543253280718335,0.6186832321526168,0.266389734792744,0.24763005254393233,2.144955354200829,0.9381873214552291,(truncamiento FPCA)
244,283,263,train,40,False,0.024553697600874787,0.15669619523420084,0.024596977709179603,0.12587595885622582,0.1469040816329707,0.6186832321526168,0.267537091554369,0.24900878464569426,2.1313453130744238,0.9375089255575435,(truncamiento FPCA)
245,284,264,train,40,False,0.024482264896794254,0.15646809545972704,0.025811277039880134,0.1256128324454086,0.14653924821867428,0.6186832321526168,0.2667972759713929,0.2483585890428575,2.129978816523492,0.9365439503057778,(truncamiento FPCA)
246,285,265,train,40,False,0.024911613924019797,0.15783413421696776,0.027195970978235975,0.12717315096994902,0.1485841723645123,0.6186832321526168,0.27127405855161,0.25242863589365877,2.143676050872185,0.9413944144696866,(truncamiento FPCA)
247,286,266,train,40,False,0.02454274589475139,0.156661245669602,0.027292010382718022,0.12486852591433158,0.14605070297540945,0.6186832321526168,0.2678196543085794,0.24899674923152199,2.1576116155279066,0.9322707881656314,(truncamiento FPCA)
248,287,267,train,40,False,0.02471412743489932,0.1572072753879391,0.028426695453757502,0.12539794429271733,0.14686122888961028,0.6186832321526168,0.2699696288143502,0.25088089002506225,2.1686435964860626,0.9341885006734073,(truncamiento FPCA)
249,288,268,train,40,False,0.02495643545466351,0.15797605975167095,0.028993006173796194,0.12651563594803675,0.14784064543421543,0.6186832321526168,0.27004322754167054,0.251320777902833,2.148273785028624,0.9358420868745062,(truncamiento FPCA)
250,289,269,train,40,False,0.02512311819509077,0.1585027387621134,0.030835093935115993,0.12760656876380982,0.1490637087172407,0.6186832321526168,0.2722574812728428,0.2533724632486108,2.142659443784968,0.9404487889698919,(truncamiento FPCA)
251,290,270,train,40,False,0.02661761659119727,0.16314906248948313,0.03346543571111186,0.13146107641046686,0.15326178324441325,0.6186832321526168,0.2784148146036861,0.2592947430147817,2.1325141945668262,0.9393972659468562,(truncamiento FPCA)
252,291,271,train,40,False,0.026415325907089733,0.1625279234688296,0.03449870528889457,0.13096515347796173,0.15259737748399033,0.6186832321526168,0.2769723887994977,0.2580925838270662,2.1304916934813534,0.938899447104892,(truncamiento FPCA)
253,292,272,train,40,False,0.02720330139742259,0.1649342335521119,0.03641800938697405,0.13306236391000398,0.15477757135397152,0.6186832321526168,0.28047786569845506,0.26137870996434287,2.122436195873786,0.9384199266616695,(truncamiento FPCA)
254,293,273,train,40,False,0.02744210873047597,0.1656565988135576,0.037166033636378513,0.13356695090624404,0.15558751900349832,0.6186832321526168,0.28275069327516206,0.26344146248875033,2.1318232792285783,0.9392171523369752,(truncamiento FPCA)
255,294,274,train,40,False,0.028147145361397518,0.16777111003208364,0.03801643727139034,0.1356401694673604,0.15783238517475776,0.6186832321526168,0.28596919563633144,0.26636737841597014,2.1259770913683766,0.9407602127957235,(truncamiento FPCA)
256,295,275,train,40,False,0.028563921835696955,0.1690086442632357,0.0383853617468086,0.13687978526291403,0.15902198193949757,0.6186832321526168,0.2873302908984317,0.2678332983846353,2.1174922184511598,0.9409103459336455,(truncamiento FPCA)
257,296,276,train,40,False,0.02907992236444319,0.17052836234610122,0.03429336758714978,0.13844812173536414,0.16062173395657978,0.6186832321526168,0.2895862247386632,0.27006318854808226,2.1090276491928486,0.9419062714657687,(truncamiento FPCA)
258,297,277,train,40,False,0.027051095648844836,0.16447217287080765,0.030917653885075065,0.1347558837697979,0.15632459502433588,0.4424936243974502,0.28146175259257306,0.2626860147693558,2.1113660218664396,0.9504622714939647,(truncamiento FPCA)
259,298,278,train,40,False,0.027854643547991602,0.16689710467228483,0.030920611814258158,0.1365000433465001,0.1580348445484337,0.4424936243974502,0.2826327544574087,0.26381107713625146,2.1003762279071068,0.9468998570031946,(truncamiento FPCA)
260,299,279,train,40,False,0.02663863202629636,0.16321345540823637,0.02699474775222483,0.1330385012912298,0.15381130945387755,0.423667548280779,0.2739099262524138,0.2558462592667738,2.0865823030709407,0.9423935610526609,(truncamiento FPCA)
261,300,280,train,40,False,0.02645216936930585,0.16264122899592787,0.02581602880443076,0.13260392371374846,0.1533163173749419,0.423667548280779,0.27308097458001557,0.25512804205136447,2.088003168397176,0.9426657577629382,(truncamiento FPCA)
262,301,281,train,40,False,0.02597195835864858,0.16115817806940044,0.02500874895083532,0.1304450796120473,0.15104424200004213,0.423667548280779,0.2702896364029518,0.2523548528162615,2.105486430618586,0.93724217914028,(truncamiento FPCA)
263,302,282,train,40,False,0.025670092066460638,0.16021888798284875,0.024382384250398667,0.12932960033304855,0.149706362938647,0.423667548280779,0.26759144338693286,0.24978465799095542,2.104737614617295,0.934386481041317,(truncamiento FPCA)
264,303,283,train,40,False,0.026973459815689927,0.16423598818678545,0.024437102880984548,0.13317514370003786,0.15402801018579781,0.423667548280779,0.27497274187269427,0.25657480390457743,2.108404325845984,0.9378456688227302,(truncamiento FPCA)
265,304,284,train,40,False,0.027246993897654975,0.1650666347196034,0.0235071302690422,0.13411339319108734,0.15517935299092733,0.423667548280779,0.2773797144315236,0.25877532379661644,2.113251437056506,0.9401012703416927,(truncamiento FPCA)
266,305,285,train,40,False,0.02671213528673978,0.16343847553969593,0.02204140783022097,0.13162874952012366,0.15241554753101166,0.423667548280779,0.2727986304795986,0.2545193326222826,2.1198169735799484,0.932556101173331,(truncamiento FPCA)
267,306,286,train,40,False,0.026571329236508835,0.16300714474067948,0.021058124419434956,0.13127361019149023,0.15179993089157415,0.423667548280779,0.2711718860443102,0.25310107010501737,2.1112644890667673,0.9312471004449874,(truncamiento FPCA)
268,307,287,train,40,False,0.025586281886126327,0.15995712514960478,0.019948625593792315,0.12876331065051927,0.14895410948155136,0.423667548280779,0.2661304645693261,0.24846513683437738,2.113673992128663,0.9312127192973585,(truncamiento FPCA)
269,308,288,train,40,False,0.025886292439711467,0.16089217644034612,0.01982920553242611,0.12981418320638077,0.1500357405892244,0.423667548280779,0.26719646816265313,0.2495727600219845,2.1047434476456117,0.9325235316513544,(truncamiento FPCA)
270,309,289,train,40,False,0.026855338112658313,0.16387598394108366,0.020344089563239933,0.13225013909866465,0.15252043871531096,0.423667548280779,0.26969201963104145,0.2520503175839226,2.0905688447438378,0.9307064711211424,(truncamiento FPCA)
271,310,290,train,40,False,0.02658739052210073,0.16305640288593615,0.02033660944928428,0.1311231041498145,0.15136792466526505,0.423667548280779,0.2684530686524405,0.2508833570589303,2.1003417594950093,0.9283163493503067,(truncamiento FPCA)
272,311,291,train,40,False,0.027372155890891797,0.1654453259868401,0.02086010640467114,0.13346231422935512,0.1541796796494742,0.423667548280779,0.2740068932231917,0.2560364334913031,2.099387288326017,0.9319071344556328,(truncamiento FPCA)
273,312,292,train,40,False,0.027214050939794142,0.16496681769311713,0.02073143571242713,0.1327246907888729,0.15361386519106152,0.423667548280779,0.27422994586024424,0.2562253223134495,2.114075048721779,0.9311803872996133,(truncamiento FPCA)
274,313,293,train,40,False,0.026124812607747766,0.16163171906450716,0.020286424714657452,0.1295035130120179,0.1499852587558602,0.423667548280779,0.26791069047337,0.2504096019605667,2.116506199458108,0.9279444630295687,(truncamiento FPCA)
275,314,294,train,40,False,0.025689994779098346,0.16028098695446802,0.02010531397927722,0.1284952566044913,0.14892275409857328,0.423667548280779,0.2667615595831563,0.24928241074072335,2.121035758922281,0.9291354946602535,(truncamiento FPCA)
276,315,295,train,40,False,0.025560995474729675,0.15987806439511856,0.0196421752585063,0.12813752627141817,0.14830452286649803,0.423667548280779,0.2648513872430131,0.2476409456413764,2.108200918900575,0.9276101973562929,(truncamiento FPCA)
277,316,296,train,40,False,0.025449347881343943,0.15952851745485488,0.019601556511321092,0.12770950000995412,0.1477697770606648,0.423667548280779,0.2637371869450337,0.24665676231054298,2.106611689216584,0.9262906683908869,(truncamiento FPCA)
278,317,297,train,40,False,0.026188137823083234,0.16182749402707575,0.021435170967740218,0.12961468669974927,0.14997934718296943,0.423667548280779,0.2678493822743998,0.25030987359482754,2.1086590966328815,0.9267853283192782,(truncamiento FPCA)
279,318,298,train,40,False,0.0263662714015755,0.16237694233349603,0.021900784214397458,0.1297234423295007,0.1505294175583389,0.423667548280779,0.2704023900999778,0.2524244008574234,2.1255531815608544,0.9270369018846024,(truncamiento FPCA)
280,319,299,train,40,False,0.025703958775467706,0.16032454202481822,0.022252144944365455,0.1278639058006432,0.1483993091279944,0.423667548280779,0.2664135230652186,0.2487013203270311,2.1290342851393786,0.925618169581437,(truncamiento FPCA)
281,320,300,train,40,False,0.025197658956800505,0.15873770489962524,0.023103461741061617,0.12608602094822635,0.14654166999695956,0.423667548280779,0.2636544386125698,0.24597189107247114,2.138285717714512,0.9231686327430675,(truncamiento FPCA)
282,321,301,train,40,False,0.024452587460293045,0.15637323127790462,0.022849496455310588,0.12418981526560686,0.14405829072924417,0.423667548280779,0.2586836751065431,0.24144852478619372,2.1336224320676838,0.9212464918194695,(truncamiento FPCA)
283,322,302,train,40,False,0.025524253050329303,0.15976311542508584,0.024279210479593336,0.12660764687471054,0.14672541258213379,0.43216312512395894,0.2628729668211816,0.24534605561087672,2.1301915304740056,0.9183935365289898,(truncamiento FPCA)
284,323,303,train,40,False,0.025054073334072023,0.1582847855419845,0.024161941665440615,0.12519305122016935,0.14543139976646646,0.43216312512395894,0.26220225421641596,0.24442638287860693,2.14482045573965,0.918795822785452,(truncamiento FPCA)
285,324,304,train,40,False,0.02627425680613694,0.16209335830359287,0.02644214035553812,0.12863543298100902,0.14913587384344834,0.43216312512395894,0.2675419020146679,0.24957576331484171,2.131630202439785,0.9200615953932191,(truncamiento FPCA)
286,325,305,train,40,False,0.0266201787526765,0.1631569145107755,0.02924549394047586,0.12951800814831915,0.15017382609418775,0.43216312512395894,0.2695913939913605,0.2515167937206798,2.1313758743696027,0.9204257542163173,(truncamiento FPCA)
287,326,306,train,40,False,0.026988190541584932,0.1642808282837195,0.03308400828151325,0.13158384140318555,0.15270382608554295,0.43216312512395894,0.2746151223718677,0.2561453597230849,2.1366854669586717,0.9295291951037487,(truncamiento FPCA)
288,327,307,train,40,False,0.02848497594496303,0.16877492688478057,0.03818000571188041,0.13507406726253615,0.15649011372876545,0.4880446187044424,0.2807710061770082,0.2618068346434327,2.1271067877324796,0.9272118591145844,(truncamiento FPCA)
289,328,308,train,40,False,0.029213823653145177,0.17092051852584925,0.043579530163450286,0.1366567163407923,0.1584804623367764,0.4880446187044424,0.28603570498762554,0.266387186603927,2.1413068537582927,0.927217303713062,(truncamiento FPCA)
290,329,309,train,40,False,0.02949584796551604,0.17174355290815443,0.04596492583658996,0.1375419006313426,0.159688197868502,0.4880446187044424,0.2884803752013238,0.2686129053636858,2.1455449070072277,0.9298060693661122,(truncamiento FPCA)
291,330,310,train,40,False,0.02798397028963414,0.16728410052851447,0.04744447249968774,0.13358997532789194,0.15539582511976732,0.4880446187044424,0.2822181262820929,0.262567418810118,2.157143736695629,0.9289336202831737,(truncamiento FPCA)
292,331,311,train,40,False,0.028133044383690502,0.16772908031611722,0.046215143300779124,0.1341121342688961,0.15589622748398063,0.4880446187044424,0.2830067765517672,0.26331591361875484,2.1538690037773316,0.9294525862191855,(truncamiento FPCA)
293,332,312,train,40,False,0.028199599216499244,0.16792736291771881,0.04806387532691694,0.1342747425128255,0.15604266604536052,0.4880446187044424,0.2830524544521871,0.2633968317340801,2.1524039094216123,0.929227157112081,(truncamiento FPCA)
294,333,313,train,40,False,0.029643060405424037,0.17217160162298553,0.050030425946233775,0.13727687039394693,0.15921981037282013,0.5128828807546899,0.28788385829602015,0.2680367668251905,2.143633716681053,0.9247739399060321,(truncamiento FPCA)
295,334,314,train,40,False,0.030034407873552382,0.17330437926824696,0.048342981416934626,0.13807774424063307,0.1601102888130403,0.5128828807546899,0.2892222049922449,0.2693683534844896,2.1430428878116397,0.9238675300017413,(truncamiento FPCA)
296,335,315,train,40,False,0.031034945540785015,0.17616737933222773,0.0486956895232546,0.13989177459870503,0.16218989370802248,0.5128828807546899,0.29265009041403045,0.2726124430603865,2.1424980046077065,0.9206579238608891,(truncamiento FPCA)
297,336,316,train,40,False,0.03019588184582662,0.1737696229086851,0.04232482965825232,0.13690287338664303,0.15889738016195226,0.5128828807546899,0.28709429463891645,0.2672765922632432,2.151891489130958,0.9144140241672267,(truncamiento FPCA)
298,337,317,train,40,False,0.03137966061058748,0.17714305126249655,0.038615056507516614,0.13955788420458767,0.16175337806844414,0.5128828807546899,0.29182362949515717,0.2717476577702615,2.1450684924381695,0.9131229078173241,(truncamiento FPCA)
299,338,318,train,40,False,0.030191614947976664,0.1737573450187838,0.034858748495820845,0.13679122371304683,0.1589707183792073,0.5128828807546899,0.28894153973319775,0.26885545336439126,2.1601204110575596,0.9149007103096677,(truncamiento FPCA)
300,339,319,train,40,False,0.03071273876674848,0.17525050290013003,0.03495381995237698,0.1386690015727224,0.16138737711632478,0.5128828807546899,0.2942348960846234,0.2735808249780873,2.1756674784834518,0.920895372313394,(truncamiento FPCA)
301,340,320,train,40,False,0.030227389465116716,0.173860258440843,0.03278334472108514,0.1374715159022515,0.15971341247037324,0.5128828807546899,0.2903381033201767,0.26998845111626285,2.165698402477723,0.9186309390234612,(truncamiento FPCA)
302,341,321,train,40,False,0.03057447086871571,0.17485557145460282,0.03218724258527514,0.13901794492220462,0.1615158110656283,0.5128828807546899,0.29369319694477175,0.2730106746490061,2.1625873490339673,0.9237098350484194,(truncamiento FPCA)
303,342,322,train,40,False,0.03155449772040284,0.17763585707959653,0.03305638332737382,0.14181863840903294,0.164761532911134,0.5128828807546899,0.2998182049003992,0.2786659529645044,2.1602333417722965,0.9275240687318344,(truncamiento FPCA)
304,343,323,train,40,False,0.030431533033155784,0.17444636147869574,0.032396837002860966,0.1388219114125784,0.16149524974299437,0.5128828807546899,0.2949322679940307,0.2740698741616197,2.1678831640317746,0.925758774067162,(truncamiento FPCA)
305,344,324,train,40,False,0.03051742923915792,0.17469238460550568,0.032405042752258605,0.13908978846547512,0.1617861586620877,0.5128828807546899,0.2955093044993157,0.27470329542306315,2.167936117480069,0.9261202715129048,(truncamiento FPCA)
306,345,325,train,40,False,0.030755558404245653,0.1753726272946997,0.033207996653636745,0.14048177424392866,0.16340023056634614,0.5128828807546899,0.29849354009848755,0.2774087221226419,2.1670776690988816,0.9317316680884588,(truncamiento FPCA)
307,346,326,train,40,False,0.0311274129103545,0.17642962594290817,0.033304023265434496,0.14184868213857532,0.1648245657278359,0.5128828807546899,0.2996508587321328,0.2786611421141049,2.1550440421187096,0.934222723915837,(truncamiento FPCA)
308,347,327,train,40,False,0.03220570615336571,0.1794594833196778,0.03356023427087424,0.14423816271397114,0.1678696553085462,0.5128828807546899,0.30589273173303333,0.2844397855759507,2.1600979919804457,0.935418135632954,(truncamiento FPCA)
309,348,328,train,40,False,0.0320456740925142,0.17901305564822417,0.03191441471909801,0.14360032612976342,0.16733486430974812,0.5128828807546899,0.30591686734522455,0.28430366578101685,2.1705053168938755,0.9347634657361266,(truncamiento FPCA)
310,349,329,train,40,False,0.03099384292385291,0.17605068282699987,0.031438531775633084,0.14084826928213756,0.16455316443262294,0.5128828807546899,0.3029047195281786,0.28134809755818646,2.1866077021980557,0.9346919977261592,(truncamiento FPCA)
311,350,330,train,40,False,0.030881836727627406,0.17573228709496558,0.030823452296077365,0.14020775756193413,0.16384444534391157,0.5128828807546899,0.3017018062782905,0.2801644369126599,2.190205834902721,0.9323525463216114,(truncamiento FPCA)
312,351,331,train,40,False,0.030985332749141135,0.17602651149511864,0.030221324406793596,0.14079264665735539,0.1641019793787343,0.5128828807546899,0.3003123322415808,0.2790874118657679,2.1750572478344017,0.932257180949047,(truncamiento FPCA)
313,352,332,train,40,False,0.03241115009872098,0.18003096983219577,0.03176369026685443,0.14390359403930245,0.1676706116667445,0.5178575868353191,0.30690875122183475,0.28511254384815204,2.171336442557613,0.9313431562526594,(truncamiento FPCA)
314,353,333,train,40,False,0.03261856880121363,0.18060611507148264,0.03172039537560287,0.14486074392679613,0.16872282904641248,0.5178575868353191,0.3086475460392465,0.28664425271444915,2.168674448362761,0.9342033019182832,(truncamiento FPCA)
315,354,334,train,40,False,0.03255168095170591,0.18042084400563563,0.03228035858976795,0.1447324870541728,0.16853666318028848,0.5178575868353191,0.3080971593509766,0.2861346965389889,2.166815313104725,0.9341307769019419,(truncamiento FPCA)
316,355,335,train,40,False,0.03250794217619574,0.1802995900610862,0.033277426269214996,0.14436374862890342,0.1682850983653898,0.5178575868353191,0.30824964786718023,0.28628381265347325,2.1794929368435847,0.933363732598472,(truncamiento FPCA)
317,356,336,train,40,False,0.03524521037233417,0.18773707777723123,0.036743918042829005,0.14997872629037445,0.17454024716836353,0.5947430861508896,0.3186598304121192,0.2958351211202823,2.1722808420943176,0.9297057844666835,(truncamiento FPCA)
318,357,337,train,40,False,0.034533237439498946,0.18583120685046134,0.03531426683432655,0.14807554392286887,0.17243783254939876,0.5947430861508896,0.31518491673566923,0.2925737190537665,2.1760447949011956,0.9279272059410331,(truncamiento FPCA)
319,358,338,train,40,False,0.03445411721400196,0.1856182028088893,0.03420900209469337,0.1478922494958958,0.1722026592287172,0.5947430861508896,0.3148084067815245,0.2922051271746486,2.1765410829914296,0.9277250647988192,(truncamiento FPCA)
320,359,339,train,40,False,0.035625501239307626,0.1887471886924614,0.03605852391018077,0.1510860642758441,0.17548403354386372,0.5947430861508896,0.3185654466642379,0.29592094512604417,2.1579227147306064,0.9297305817348716,(truncamiento FPCA)
321,360,340,train,40,False,0.03594539922858727,0.1895927193448822,0.035774435589446936,0.15230428390134132,0.17676605839436008,0.5947430861508896,0.3205672102812119,0.2978341957052929,2.151349072575728,0.9323462367392413,(truncamiento FPCA)
322,361,341,train,40,False,0.03637179710654814,0.19071391429716958,0.036998699442790065,0.15379345771796546,0.17837486268375105,0.5947430861508896,0.3229645446005516,0.3002079069016827,2.14505638059147,0.9353007269611598,(truncamiento FPCA)
323,362,342,train,40,False,0.036670591517946584,0.19149566971069237,0.03489362311008176,0.15411199954179006,0.17893756510337083,0.5947430861508896,0.32507630395291026,0.3021159981729732,2.1513562983473937,0.9344209473441668,(truncamiento FPCA)
324,363,343,train,40,False,0.03742540589543155,0.19345647028577656,0.034110228783198665,0.15610020316004297,0.18087710777574115,0.5947430861508896,0.3271245206566518,0.30413006382072943,2.1383637586426483,0.9349757467845196,(truncamiento FPCA)
325,364,344,train,40,False,0.036113904925453764,0.1900365883861678,0.032528446661013274,0.15215579134212392,0.17659503327799034,0.5947430861508896,0.32065222342538535,0.2980438235880201,2.1525620293420973,0.9292685938938069,(truncamiento FPCA)
326,365,345,train,40,False,0.03582611286480468,0.18927787209498284,0.03267822553666359,0.15147798251171157,0.17575115881500927,0.5947430861508896,0.3190404886792635,0.29653176591114916,2.1524495460177304,0.928535157700919,(truncamiento FPCA)
327,366,346,train,40,False,0.036605151271273534,0.1913247272865521,0.033025675645131494,0.15358830719816413,0.1780514426384185,0.5947430861508896,0.323022250305228,0.30025772340613655,2.146817115957398,0.9306243116800378,(truncamiento FPCA)
328,367,347,train,40,False,0.03568779856300068,0.18891214509131138,0.032445531774210376,0.15194579817888373,0.17609311006452194,0.5947430861508896,0.31865540385267144,0.2965831947491381,2.140949974255625,0.9321428750883468,(truncamiento FPCA)
329,368,348,train,40,False,0.0348670350708654,0.18672716746865037,0.03260618999987896,0.15001458882641538,0.17376621562149883,0.5947430861508896,0.3137236422628601,0.2920200774923749,2.1344973783677395,0.9305888263456492,(truncamiento FPCA)
330,369,349,train,40,False,0.034553222603634345,0.18588497143027552,0.0327244846782916,0.1489212801872748,0.17237995986745724,0.5947430861508896,0.3111046296036578,0.2896562629664149,2.134295628407278,0.9273474802244358,(truncamiento FPCA)
331,370,350,train,40,False,0.03636894169329554,0.19070642803349744,0.034831503289991086,0.15283434211061347,0.17722864389294973,0.5947430861508896,0.32086656834743915,0.2988398563781032,2.138036225027764,0.9293270589799923,(truncamiento FPCA)
332,371,351,train,40,False,0.03623723056090534,0.19036079050294297,0.0325780552200899,0.15233871926422066,0.1767901703794578,0.5947430861508896,0.32018629452350367,0.29812748796803606,2.1417063958759797,0.9287110539537533,(truncamiento FPCA)
333,372,352,train,40,False,0.03585025133887283,0.1893416260067311,0.03151048457481035,0.15155396194502596,0.1758771062018789,0.5947430861508896,0.31835952789478883,0.29648724772486873,2.140386200086578,0.9288876931669872,(truncamiento FPCA)
334,373,353,train,40,False,0.0343772195093847,0.18541094765246388,0.029972334137249156,0.14852749745223454,0.17260857754309877,0.5947430861508896,0.31314462472582266,0.29147252485747466,2.146734509468961,0.9309513797784907,(truncamiento FPCA)
335,374,354,train,40,False,0.033190418016622855,0.1821823757025439,0.028202483422764282,0.1452904914863166,0.16903597156700365,0.5947430861508896,0.30774359193710205,0.28636839250494633,2.1520191389780727,0.9278393198856684,(truncamiento FPCA)
336,375,355,train,40,False,0.03136694133169935,0.17710714647269135,0.02679769245436847,0.14079038553333428,0.16402400677028792,0.5947430861508896,0.29960508874696556,0.278655729839633,2.1607980891199934,0.9261286742914083,(truncamiento FPCA)
337,376,356,train,40,False,0.03166555498679343,0.1779481806223189,0.02717616471822879,0.14235184009026933,0.16562078277658554,0.5947430861508896,0.30123351257635983,0.2803352394798701,2.1421238098693616,0.930724788516398,(truncamiento FPCA)
338,377,357,train,40,False,0.030323153283583752,0.17413544522464044,0.026321415180385943,0.13919746947269496,0.1621929105583663,0.5947430861508896,0.29543202172985905,0.27487093914787164,2.1500303833716585,0.931418128854422,(truncamiento FPCA)
339,378,358,train,40,False,0.030019590889906723,0.17326162555484328,0.027107334011661873,0.13835037677773077,0.1610719285620104,0.5947430861508896,0.29302345227682736,0.272655521623204,2.145774524688199,0.9296457195654418,(truncamiento FPCA)
340,379,359,train,40,False,0.029740659127821846,0.1724548031451193,0.027632553961370158,0.1375324111239898,0.16004325868565278,0.5947430861508896,0.29100246905247573,0.2709037394615651,2.1449788610270524,0.928030160754512,(truncamiento FPCA)
341,380,360,train,40,False,0.03145564478204016,0.1773573928034582,0.029645936914052554,0.14135974468401816,0.1643724158810025,0.5947430861508896,0.2982026673338635,0.2777346117434824,2.1425303732266405,0.9267863790891129,(truncamiento FPCA)
342,381,361,train,40,False,0.03183145564168096,0.17841372044122886,0.03159253053734287,0.14250480969887103,0.165574123666473,0.5947430861508896,0.30008552699838825,0.2795913681241381,2.1379788357029232,0.9280347007898121,(truncamiento FPCA)
343,382,362,train,40,False,0.030692501122783617,0.1751927541960101,0.029988116454101914,0.138604683871824,0.1609865952384946,0.5947430861508896,0.29135199372492393,0.2715893737956159,2.1390627785885434,0.9189112642088995,(truncamiento FPCA)
344,383,363,train,40,False,0.0309291174982149,0.17586676064059092,0.030186040410996158,0.1395081945308779,0.16192974230394996,0.5947430861508896,0.29253179972055154,0.27278599587712693,2.1329504244039117,0.920752402069182,(truncamiento FPCA)
345,384,364,train,40,False,0.030645358421254064,0.17505815725425097,0.030039461047573712,0.13841765549839327,0.1608544639698281,0.5947430861508896,0.2908928770484689,0.2710861403667414,2.1406067401693742,0.9188630024032888,(truncamiento FPCA)
346,385,365,train,40,False,0.03168013570538007,0.17798914490884007,0.03248269958021003,0.14094908156540686,0.16393896697870983,0.5947430861508896,0.29701802836183033,0.276629139173004,2.143947551560668,0.9210616021705917,(truncamiento FPCA)
347,386,366,train,40,False,0.03205912455440548,0.17905062008941908,0.03408335090275644,0.1414883898043508,0.16499130651796465,0.5947430861508896,0.3009512008312251,0.2799707497025518,2.162498898168765,0.9214785541405379,(truncamiento FPCA)
348,387,367,train,40,False,0.03094036957117239,0.17589874806596092,0.03255221062739199,0.13899305901881237,0.16176647947966766,0.5947430861508896,0.29416640315606646,0.2736248141681063,2.154184122989373,0.9196567983474575,(truncamiento FPCA)
349,388,368,train,40,False,0.031209911406947555,0.1766632712448956,0.03365690756471139,0.13969334057252433,0.1626293814671716,0.5947430861508896,0.2959661696589022,0.2753132090652076,2.1555816496694815,0.9205613612901472,(truncamiento FPCA)
350,389,369,train,40,False,0.03125433283917819,0.17678894999172937,0.03464147906618508,0.13990375451556952,0.1627918845623292,0.5947430861508896,0.2960984001759391,0.27535831203953004,2.1524640886495296,0.9208261295173993,(truncamiento FPCA)
351,390,370,train,40,False,0.032158594065297266,0.17932817420945674,0.03555249785638248,0.14295049609352503,0.16619414925190895,0.5947430861508896,0.3019336636036622,0.28096645688568306,2.145345702524161,0.9267598356173128,(truncamiento FPCA)
352,391,371,train,40,False,0.03274226258031095,0.1809482317689536,0.03477453134783119,0.1437363391863979,0.16745575652390945,0.5947430861508896,0.30602795958979384,0.28454648430291285,2.1577736333642163,0.9254346112523927,(truncamiento FPCA)
353,392,372,train,40,False,0.031794871865139504,0.1783111658453825,0.033854500182039775,0.1420625760021766,0.1653956941422463,0.5947430861508896,0.30171844888899485,0.2805823169697259,2.154420287967335,0.927567790598512,(truncamiento FPCA)
354,393,373,train,40,False,0.03222800459039107,0.17952159923081976,0.03376927094646525,0.1434322991575054,0.16685180563734484,0.5947430861508896,0.3028193582522415,0.2819290979926813,2.1441615769650593,0.9294246840059351,(truncamiento FPCA)
355,394,374,train,40,False,0.032356518807391,0.17987917835978404,0.03353425232575936,0.14365293300546958,0.16720303873278386,0.5947430861508896,0.30390934790981927,0.282803343372022,2.148160557344467,0.9295297001988407,(truncamiento FPCA)
356,395,375,train,40,False,0.032241938067498664,0.17956040228151268,0.032606242275338655,0.1430072411556404,0.16630785486124544,0.5947430861508896,0.3017236619699732,0.28077299959679636,2.1327095681115975,0.9261944880281007,(truncamiento FPCA)
357,396,376,train,40,False,0.02987707784311606,0.172849870821809,0.029987008611898982,0.13874943254593358,0.16155697596575475,0.5636418293174161,0.2938046715834513,0.2735985361225044,2.1357716183738362,0.9346664547542757,(truncamiento FPCA)
358,397,377,train,40,False,0.02979026167745622,0.1725985564176486,0.030067038947289397,0.1384795949755297,0.16119536925168299,0.5636418293174161,0.2929011509290114,0.2729473929631528,2.1325936441699787,0.9339323143678413,(truncamiento FPCA)
359,398,378,train,40,False,0.029412411353550737,0.1715004704178701,0.029089014300950847,0.13734603581285415,0.15980274018409973,0.5636418293174161,0.29015929281835373,0.27045103310490387,2.1327782050239494,0.9317918475368131,(truncamiento FPCA)
360,399,379,train,40,False,0.028651655402280467,0.16926799875428453,0.02795769143500364,0.13541625186267192,0.15796910384853652,0.5636418293174161,0.28908027062233804,0.2692839234563592,2.1483994009930547,0.9332484876710221,(truncamiento FPCA)
361,400,380,train,40,False,0.028615365514268055,0.16916076824804283,0.028011835332388598,0.13509938133949645,0.15784646181053819,0.5636418293174161,0.28951128636898604,0.2696281653418781,2.1576382126029108,0.9331150682591232,(truncamiento FPCA)
362,401,381,train,40,False,0.028400288596095696,0.1685238517127344,0.026697827632413074,0.13430191426798882,0.1571314238130584,0.5636418293174161,0.2889136859026262,0.2689011261474405,2.1662352874309105,0.9323987211074695,(truncamiento FPCA)
363,402,382,train,40,False,0.02706275115326571,0.16450760211390145,0.02586234453522792,0.13166178555125393,0.15401151805028332,0.5636418293174161,0.28282077845207027,0.2633062633827961,2.1634459176012664,0.9361969664091823,(truncamiento FPCA)
364,403,383,train,40,False,0.026790015455594052,0.16367655744056342,0.025759414042878046,0.13101640223631958,0.15339457401279022,0.5636418293174161,0.282418982020683,0.2628386515760827,2.1678634730486825,0.9371810869647174,(truncamiento FPCA)
365,404,384,train,40,False,0.027554451206392095,0.16599533489346047,0.026560137765240254,0.133514019934342,0.15639311686492968,0.5636418293174161,0.2882533456260814,0.2681524682694324,2.166718287233389,0.9421536874232417,(truncamiento FPCA)
366,405,385,train,40,False,0.027425822922103448,0.1656074361920486,0.025746812607238767,0.13315377716490634,0.15594881992511386,0.5636418293174161,0.28735747293073755,0.26728635460076366,2.1662904084754966,0.9416776414814246,(truncamiento FPCA)
367,406,386,train,40,False,0.026302495786421375,0.16218044205890356,0.02386956374146056,0.12930927068551543,0.15151353180429614,0.5636418293174161,0.27913615812002524,0.259642185982756,2.1686083426970826,0.9342281342978874,(truncamiento FPCA)
368,407,387,train,40,False,0.025614235856698492,0.16004448086922116,0.02314205348515953,0.12704714935381745,0.1492007655757523,0.5636418293174161,0.27633352840668535,0.2567124515922925,2.183930334583396,0.9322456155027945,(truncamiento FPCA)
369,408,388,train,40,False,0.025794535138838164,0.16060677177142366,0.022167709958611014,0.1276298294066905,0.14983347918897258,0.5636418293174161,0.27723896269612514,0.25759649850275446,2.1824249073513995,0.93292130547407,(truncamiento FPCA)
370,409,389,train,40,False,0.02659250242183342,0.16307207738246735,0.0224733411337142,0.1300562332097553,0.1526480940677874,0.5636418293174161,0.2824372534859121,0.26231032661125964,2.1790741621661933,0.9360774481934656,(truncamiento FPCA)
371,410,390,train,40,False,0.02512334204785477,0.1585034449084775,0.021983006238146793,0.12733627912153037,0.1492517402939199,0.4950221404632952,0.27556105231628597,0.2558427513809929,2.176743355246921,0.9416308925026855,(truncamiento FPCA)
372,411,391,train,40,False,0.02674034855869658,0.16352476435909205,0.024995393165467186,0.13082346277994086,0.15299114921635418,0.5183401026591681,0.281647868121595,0.26160929640038766,2.1681262806814123,0.9355839760171946,(truncamiento FPCA)
373,412,392,train,40,False,0.02595930415543422,0.1611189130904073,0.025608819281217263,0.12828392507254516,0.15012771359695654,0.5183401026591681,0.2767615411237312,0.2569717749018031,2.1704903109163083,0.9317820652918422,(truncamiento FPCA)
374,413,393,train,40,False,0.026059644303783148,0.16142999815332695,0.025938818952914628,0.12852294256136534,0.15042992604543906,0.5183401026591681,0.27750101154556356,0.25756371582961063,2.1718728747707776,0.9318585626356758,(truncamiento FPCA)
375,414,394,train,40,False,0.026295163579128034,0.1621578353923363,0.026973439449052422,0.12931964434554857,0.15145297682114905,0.5183401026591681,0.27973818490668617,0.25953615193762875,2.177357340137097,0.9339849440806413,(truncamiento FPCA)
376,415,395,train,40,False,0.026452505795491344,0.1626422632512575,0.028108451833625092,0.1300969141416073,0.15225765883461345,0.5183401026591681,0.28082223430011066,0.2605426029312864,2.1703557997601783,0.9361506400055353,(truncamiento FPCA)
377,416,396,train,40,False,0.0263015467887066,0.1621775162860333,0.028104925762784127,0.12930423753789433,0.1515834761356763,0.5183401026591681,0.2809877789799666,0.26050466175789017,2.188466407043241,0.9346762708360126,(truncamiento FPCA)
378,417,397,train,40,False,0.026395888750453695,0.1624681161042181,0.02915622432822556,0.12968358991955847,0.15193477636116898,0.5183401026591681,0.28145784071745006,0.26101734886128375,2.1847157098851513,0.9351667268900175,(truncamiento FPCA)
379,418,398,train,40,False,0.027899911394260596,0.16703266565034697,0.03228606450214887,0.13303807647969074,0.15586144326578485,0.5183401026591681,0.28893238244978425,0.2679080555916478,2.1853326582817987,0.933119534786405,(truncamiento FPCA)
380,419,399,train,40,False,0.028822639397652828,0.16977231634649045,0.033598755027704715,0.13530126030728057,0.1585840394063382,0.5183401026591681,0.2943014618945087,0.2726570068795648,2.1856549896917596,0.9340983431166836,(truncamiento FPCA)
381,420,400,train,40,False,0.027598629206557666,0.16612835160368522,0.03248660349044285,0.13265217719289538,0.1559445831376832,0.5183401026591681,0.29088647703584875,0.2693360715445693,2.1976263780221004,0.9386993949696415,(truncamiento FPCA)
382,421,401,train,40,False,0.027037529925041336,0.16443092751985966,0.02994866557271636,0.1307516044661316,0.15394706521981374,0.5183401026591681,0.2875836099204202,0.26618741018871755,2.205804056789047,0.9362415425238072,(truncamiento FPCA)
383,422,402,train,40,False,0.027067009103213756,0.16452054310393507,0.029789199238238157,0.13105086917057038,0.15431746767239024,0.5183401026591681,0.28832428946193034,0.2668266326279604,2.2072111918455697,0.9379829701565044,(truncamiento FPCA)
384,423,403,train,40,False,0.027002768451413618,0.16432519116499947,0.029120835990884712,0.13071455409771532,0.15408755136071367,0.5183401026591681,0.28864225612659566,0.26700580350954856,2.215656070796462,0.9376989022090585,(truncamiento FPCA)
385,424,404,train,40,False,0.026845847485419218,0.16384702464622058,0.028376161900481645,0.13018534461397252,0.1532501283970019,0.5183401026591681,0.28649592714284305,0.26510278598646714,2.2030803169512794,0.935324451133003,(truncamiento FPCA)
386,425,405,train,40,False,0.025789212701211973,0.16059020113696842,0.026862617420523826,0.12763427555630943,0.15006048589262921,0.5183401026591681,0.2797304570117999,0.25903450465762695,2.193123327160415,0.934431147294234,(truncamiento FPCA)
387,426,406,train,40,False,0.027249185286705807,0.1650732724783325,0.02796202677539338,0.13037487516055862,0.1528925495704287,0.5687064251879335,0.28419540450888503,0.2633524986296911,2.1857450753728305,0.9262102051711452,(truncamiento FPCA)
388,427,407,train,40,False,0.027846452466939266,0.16687256355356703,0.028402713657867274,0.13191284599456518,0.15489629112459452,0.5687064251879335,0.28860118522207917,0.26740274702808364,2.193553590554123,0.9282310274742794,(truncamiento FPCA)
389,428,408,train,40,False,0.027244055620071594,0.16505773420252562,0.027878221933021047,0.12991287877959348,0.1524944940595531,0.5687064251879335,0.28393153703136986,0.26308772230035204,2.193629404236751,0.9238857833371356,(truncamiento FPCA)
390,429,409,train,40,False,0.027185712387291484,0.16488090364651536,0.02925344900269186,0.1298905504226323,0.15227940704883283,0.5687064251879335,0.2825705412127905,0.261964469485594,2.1824700566239676,0.9235721280088408,(truncamiento FPCA)
391,430,410,train,40,False,0.026758390563342633,0.16357992102743732,0.02813960102478475,0.12872109357696146,0.1510706530702132,0.5687064251879335,0.2808745877981236,0.2600994322242453,2.1878207939486476,0.9235280963662653,(truncamiento FPCA)
392,431,411,train,40,False,0.02549765237204691,0.15967984334926844,0.026456307719490788,0.12603182740236382,0.14775819198083676,0.5687064251879335,0.274067195852963,0.25397370938324054,2.181902546411975,0.9253402864232814,(truncamiento FPCA)
393,432,412,train,40,False,0.024797549783227353,0.15747237784204363,0.025731298509669098,0.12380403029898342,0.1452218476392469,0.5687064251879335,0.26955115501126237,0.24986135615461783,2.1844756199492563,0.9222052123002491,(truncamiento FPCA)
394,433,413,train,40,False,0.024890837130930737,0.15776830204743517,0.02625209365004132,0.12402724653988617,0.1454768000343277,0.5687064251879335,0.27046196318836374,0.2505273175481392,2.187759779204435,0.9220914350120099,(truncamiento FPCA)
395,434,414,train,40,False,0.024250677292076098,0.15572628966258747,0.025895417648068648,0.12205160226671548,0.14328715597004663,0.5687064251879335,0.2667198417482143,0.24709079883731017,2.1931681188446355,0.9201218129611081,(truncamiento FPCA)
396,435,415,train,40,False,0.02547971237420756,0.159623658566666,0.026757865964096638,0.12607708332969988,0.14779639726439311,0.5687064251879335,0.2740182331279971,0.25395905541460884,2.1938129544184664,0.9259053362861416,(truncamiento FPCA)
397,436,416,train,40,False,0.024984618718760017,0.1580652356426296,0.026289652302690016,0.12405249213872231,0.14550529264771975,0.5687064251879335,0.27003218909125704,0.2501443663153,2.1980237151047226,0.9205394978608283,(truncamiento FPCA)
398,437,417,train,40,False,0.0256157176176163,0.16004911001819505,0.026963135902488868,0.12594060910076846,0.14755651787358498,0.5687064251879335,0.2729230563943672,0.2528363732077061,2.1922225212217126,0.9219452570327329,(truncamiento FPCA)
399,438,418,train,40,False,0.025492383797788398,0.1596633451916513,0.0271550244471795,0.1255835520849448,0.1469060096323358,0.5687064251879335,0.27085029988322884,0.25108643591708946,2.1757599663240446,0.9200985326719651,(truncamiento FPCA)
400,439,419,train,40,False,0.025627381363399336,0.16008554389263052,0.02663316758048839,0.12604802568825665,0.14728449015935477,0.5687064251879335,0.27113446931689894,0.2513156453466201,2.1707827778722772,0.9200361667767989,(truncamiento FPCA)
401,440,420,train,40,False,0.025415569897411623,0.15942261413429282,0.025700411862796053,0.12562626315427122,0.1464640846368291,0.5687064251879335,0.26829299261132744,0.24879095096772272,2.152966730456019,0.9187158636945457,(truncamiento FPCA)
402,441,421,train,40,False,0.025596975571370622,0.15999054838136728,0.025789753147453465,0.12626544474968174,0.1470755989060279,0.5687064251879335,0.2691463013089025,0.249620724094955,2.148455103812652,0.9192767972483339,(truncamiento FPCA)
403,442,422,train,40,False,0.025730061068029587,0.1604059259130709,0.02493978653074862,0.12651334231814607,0.14749081227233402,0.5687064251879335,0.270403181215997,0.2508167829522277,2.1536928235544957,0.919484809758612,(truncamiento FPCA)
404,443,423,train,40,False,0.025107054548327436,0.15845205757050754,0.0245883781356229,0.12473399049314567,0.14568608688147078,0.5687064251879335,0.26780561933428493,0.24834645293789084,2.16310321981558,0.9194332286700904,(truncamiento FPCA)
405,444,424,train,40,False,0.024506944589239583,0.1565469405297963,0.024406735375603512,0.12321120040530201,0.14363745617687834,0.5687064251879335,0.2631224387805357,0.24407101071561002,2.151541084317094,0.917536016294992,(truncamiento FPCA)
406,445,425,train,40,False,0.024544845856338475,0.15666794776321824,0.02510165436661943,0.12350705340899884,0.14377418174666276,0.5687064251879335,0.2623599151412711,0.24352269094554702,2.139937508487885,0.9177000388360061,(truncamiento FPCA)
407,446,426,train,40,False,0.024633978520238284,0.1569521536017849,0.025260852875781437,0.12415749079701854,0.14459441075602908,0.5687064251879335,0.2640388604925523,0.24509399768040946,2.1436322493505893,0.9212642670892583,(truncamiento FPCA)
408,447,427,train,40,False,0.024566380040497302,0.1567366582535729,0.02456790603201642,0.12404419585028936,0.14424034035677138,0.5687064251879335,0.2627463738765937,0.2439832512158659,2.130699159781455,0.9202718876615027,(truncamiento FPCA)
409,448,428,train,40,False,0.02416134980622357,0.1554392157926164,0.024677228169434157,0.12242618747639686,0.14257918339286854,0.5687064251879335,0.2606469380692177,0.24192317482371486,2.1428667921121263,0.9172664868760955,(truncamiento FPCA)
410,449,429,train,40,False,0.0234114658056822,0.15300805797631117,0.02432694074753454,0.12021494376350791,0.1400294615174155,0.5687064251879335,0.25594803613668626,0.23761282969450895,2.146073241895898,0.9151770394935341,(truncamiento FPCA)
411,450,430,train,40,False,0.02330134240817231,0.1526477723655747,0.023613749056404024,0.12002685964541229,0.13963762209679004,0.5687064251879335,0.25470002331230135,0.23650174344429847,2.1391147604034373,0.9147701268929966,(truncamiento FPCA)
412,451,431,train,40,False,0.022548622519456593,0.1501619875982487,0.023269015809574696,0.11837910148763156,0.13820279380164022,0.5687064251879335,0.2532818027174688,0.23493496237212397,2.1493067539224846,0.9203580480793532,(truncamiento FPCA)
413,452,432,train,40,False,0.02324708146799835,0.15246993627597,0.023331829730547156,0.1205473077459072,0.14084808197776894,0.5687064251879335,0.25870323707225057,0.23988766850895504,2.1551257755254714,0.9237760926379247,(truncamiento FPCA)
414,453,433,train,40,False,0.02312602522722888,0.15207243414645824,0.02266311346706385,0.12032947990416953,0.14048058471298863,0.5687064251879335,0.25761300506481744,0.23908978452087407,2.1508015812657506,0.9237741573709164,(truncamiento FPCA)
415,454,434,train,40,False,0.024485702374944084,0.15647907967183372,0.022893119716910233,0.12314904650530015,0.14383517535654716,0.5687064251879335,0.2641975838846916,0.2452153276070975,2.1520409261129587,0.9191974777599456,(truncamiento FPCA)
416,455,435,train,40,False,0.025863310547360296,0.16082074041416516,0.022835182782014872,0.1264854150208103,0.14751115213258065,0.5687064251879335,0.26987651243125316,0.2507454057984118,2.1475850180314437,0.9172396032544805,(truncamiento FPCA)
417,456,436,train,40,False,0.025776462409350005,0.1605504980040548,0.02215267540335844,0.1261281029997965,0.14702148039153956,0.5687064251879335,0.26882232194054606,0.24979394330053636,2.1444879768599865,0.9157335680629681,(truncamiento FPCA)
418,457,437,train,40,False,0.026111034153028893,0.16158909045176562,0.021726368400454672,0.1272199450150341,0.14805436941419903,0.5687064251879335,0.2694578808528296,0.2505625971591914,2.1331882002808613,0.9162398835235309,(truncamiento FPCA)
419,458,438,train,40,False,0.025169448452310096,0.15864882115008008,0.021240860727128958,0.12555282758250635,0.14599773875902022,0.5687064251879335,0.2650967442098056,0.24660053849549124,2.129077912073036,0.9202573186529255,(truncamiento FPCA)
420,459,439,train,40,False,0.024763334794090142,0.157363702276256,0.021214313742600126,0.12477272437273901,0.14500237170480307,0.5687064251879335,0.26290927545718273,0.24482388706488817,2.1268367159337336,0.9214473834013367,(truncamiento FPCA)
421,460,440,train,40,False,0.024202371890595424,0.15557111521936012,0.021229826304921567,0.12316418554414314,0.14297880381338648,0.5687064251879335,0.2588968832142919,0.2410482633191962,2.125402581849534,0.9190575230612822,(truncamiento FPCA)
422,461,441,train,40,False,0.024133591667207736,0.1553499007634306,0.022427736949200514,0.12291355678000129,0.14260946219793527,0.5687064251879335,0.258160667460306,0.24036751309877036,2.1235606091144374,0.9179887563308027,(truncamiento FPCA)
423,462,442,train,40,False,0.02413215411544175,0.15534527387546024,0.02324362160195219,0.12287332307825291,0.14259413483422848,0.5687064251879335,0.25815521138064906,0.24040756057413892,2.125921185145674,0.917917431775528,(truncamiento FPCA)
424,463,443,train,40,False,0.023947432772675702,0.15474958084814222,0.02416298082107319,0.12214804669138954,0.14182234164680457,0.5687064251879335,0.2568040817218048,0.23913211193915437,2.1293273880365424,0.9164634945665971,(truncamiento FPCA)
425,464,444,train,40,False,0.02481623123274417,0.1575316832663962,0.025800592005066812,0.12490964891219816,0.14494058148200437,0.5687064251879335,0.26225869687215886,0.24414437690321797,2.129976643330714,0.9200725750952622,(truncamiento FPCA)
426,465,445,train,40,False,0.025881886514399342,0.16087848369001786,0.02828881759526593,0.1277477212524838,0.14814984906661643,0.5687064251879335,0.2679847274057856,0.2495310249126513,2.131598249006496,0.9208804413651295,(truncamiento FPCA)
427,466,446,train,40,False,0.02509227871052625,0.1584054251297166,0.027157911265986757,0.12660175650391525,0.14677362389642257,0.5206246072402061,0.2651956265300779,0.24684438184074606,2.1297874931344642,0.926569426370537,(truncamiento FPCA)
428,467,447,train,40,False,0.02436002981981324,0.1560769996502151,0.027205205551927035,0.12433470058858834,0.14405728617292796,0.5206246072402061,0.2598329481342603,0.24198785510086013,2.130352585986345,0.9229885665138068,(truncamiento FPCA)
429,468,448,train,40,False,0.024608234748458524,0.15687012063633574,0.028009662195268997,0.12527619028264536,0.14527683970232497,0.5206246072402061,0.2623312732924153,0.2442455574691016,2.1332354428035583,0.9260963089275178,(truncamiento FPCA)
430,469,449,train,40,False,0.024317729434113946,0.15594142949875106,0.02672207688998627,0.12393515413527231,0.14386889431901997,0.5206246072402061,0.2605879876452041,0.24261410453129298,2.143970065210928,0.9225828875717227,(truncamiento FPCA)
431,470,450,train,40,False,0.02398348879144096,0.154866034983275,0.025704154957860315,0.12273849223719299,0.1425433309930197,0.5206246072402061,0.2582481656026439,0.24045610360286793,2.1483870980493043,0.9204299122684576,(truncamiento FPCA)
432,471,451,train,40,False,0.024700365607614704,0.15716349960348525,0.02558550013378901,0.1242736781923717,0.14468987456026755,0.5206246072402061,0.2630444012447958,0.24472473864912114,2.158047161561782,0.9206328118507926,(truncamiento FPCA)
433,472,452,train,40,False,0.024725286022337457,0.15724276143065363,0.02484095916864493,0.12429244419873373,0.14482823755586458,0.5206246072402061,0.2634938993690448,0.2450259962105184,2.163476165934592,0.9210486780959768,(truncamiento FPCA)
434,473,453,train,40,False,0.02470469438101053,0.15717727056101505,0.025254322281130948,0.12406339826124402,0.1447731644084949,0.5206246072402061,0.26491230672778016,0.24614852559846323,2.1748157110573993,0.9210820616222305,(truncamiento FPCA)
435,474,454,train,40,False,0.024693452260966947,0.1571415039414061,0.02461579677263462,0.12396508827469818,0.14471766204282138,0.5206246072402061,0.26486420499195823,0.24598489141487695,2.1770633502981336,0.9209385070972895,(truncamiento FPCA)
436,475,455,train,40,False,0.024437967345669307,0.15632647679030354,0.023391832923152774,0.1231654255076986,0.14412228390604034,0.5206246072402061,0.2654398088138768,0.2462246596469709,2.188929039280759,0.9219313763423843,(truncamiento FPCA)
437,476,456,train,40,False,0.02545111641784505,0.15953406036907933,0.023685267431301633,0.1265030953322656,0.14783436480713533,0.5206246072402061,0.27143290751157456,0.2519679644093037,2.1808408159951767,0.926663337378382,(truncamiento FPCA)
438,477,457,train,40,False,0.02513565394522841,0.15854227810028595,0.022802284824631272,0.12548860738461332,0.14694343151977876,0.5206246072402061,0.27119844093543816,0.2516812605947282,2.1930452503220716,0.9268406716524515,(truncamiento FPCA)
439,478,458,train,40,False,0.025000265609633067,0.158114722937597,0.020255669760632585,0.12444323736682783,0.1457909662589049,0.5206246072402061,0.2695588926457285,0.25006308755217577,2.20020727533024,0.9220581331723553,(truncamiento FPCA)
440,479,459,train,40,False,0.024959184693455132,0.1579847609532487,0.01872191880680851,0.12433508915032357,0.14567913549722897,0.5206246072402061,0.26933173198477345,0.24991996998325625,2.200232639703245,0.9221087820004282,(truncamiento FPCA)
441,480,460,train,40,False,0.02525469270877547,0.1589172511364813,0.018230884700609667,0.12507770285680003,0.1467766103681271,0.5206246072402061,0.272532487526265,0.25271853137839556,2.214776949717153,0.9236040097501587,(truncamiento FPCA)
442,481,461,train,40,False,0.025457177861574892,0.1595530565723355,0.018329316003808254,0.1256642141413696,0.1473641822892728,0.5206246072402061,0.273114060814028,0.25341567760232364,2.2106466171604033,0.923606137388307,(truncamiento FPCA)
443,482,462,train,40,False,0.025804514882095998,0.16063783764137265,0.018624128342369036,0.12671673471994738,0.1482922587545732,0.5206246072402061,0.27307090833578124,0.25347945128247135,2.1975071984962065,0.9231465072733286,(truncamiento FPCA)
444,483,463,train,40,False,0.026434593782434408,0.16258718824813476,0.019155441259614707,0.1284668462156276,0.15011390071488612,0.5206246072402061,0.27588913249410807,0.2562453575235683,2.1896433500777155,0.9232824697465564,(truncamiento FPCA)
445,484,464,train,40,False,0.02640493937757201,0.16249596726556634,0.019425511584172904,0.1282930325411598,0.14996939072014792,0.5206246072402061,0.27594016922918385,0.25629767315903,2.1940179659092114,0.9229114620121847,(truncamiento FPCA)
446,485,465,train,40,False,0.02639239874304271,0.16245737515743233,0.01964916360390809,0.1282328723888911,0.14992474465823072,0.5206246072402061,0.27628782864051527,0.25658654310067835,2.1977642882154727,0.9228558845847618,(truncamiento FPCA)
447,486,466,train,40,False,0.02710781224919629,0.1646445026388561,0.02033871457781394,0.13084602367742723,0.15274025253797827,0.5206246072402061,0.28048510852125796,0.2606665038280309,2.185044256902356,0.9276972512894066,(truncamiento FPCA)
448,487,467,train,40,False,0.027494103381001306,0.1658134595893871,0.020551352546131926,0.13196375231531415,0.15434380302237685,0.5206246072402061,0.28430927722689975,0.2641584964957997,2.1988269872852775,0.9308279521130965,(truncamiento FPCA)
449,488,468,train,40,False,0.02757618431612041,0.16606078500392685,0.02009465522266795,0.13226521455177243,0.154766296022751,0.5206246072402061,0.28525086647647485,0.2649719593747258,2.20159159011943,0.9319858148273311,(truncamiento FPCA)
450,489,469,train,40,False,0.027410570209903073,0.16556137898043455,0.01951013081114243,0.1314019032832804,0.15364022495360144,0.5206246072402061,0.282739024837875,0.2626913942279841,2.1912093136397663,0.9279955621277961,(truncamiento FPCA)
451,490,470,train,40,False,0.027384212589694125,0.16548175908448073,0.01922000569450227,0.13127624200194685,0.15353936707408372,0.5206246072402061,0.28270033719926113,0.2625811401585514,2.1931750800278538,0.9278325775815554,(truncamiento FPCA)
452,491,471,train,40,False,0.026139899642506865,0.16167838334949686,0.017877441492682937,0.12805069828464088,0.14943116482188767,0.5206246072402061,0.2743354062450144,0.2549965677159027,2.1849121056559655,0.9242494990741302,(truncamiento FPCA)
453,492,472,train,40,False,0.025410237287390468,0.15940588849659998,0.017638121341653035,0.12564796860639676,0.14657771648657641,0.5206246072402061,0.26871486963308894,0.24984361395842664,2.183955878381071,0.9195251058100204,(truncamiento FPCA)
454,493,473,train,40,False,0.02501136477237804,0.15814981749081483,0.017408031138553055,0.12425586510616064,0.14498978529911558,0.5206246072402061,0.26590292446567565,0.2472160941296325,2.1860819691636477,0.9167875600459445,(truncamiento FPCA)
455,494,474,train,40,False,0.023230410997792376,0.1524152584152662,0.016600801312680668,0.11938737403205738,0.13922307402470796,0.4571423901596252,0.25476510668988406,0.23689351762771862,2.185640166765481,0.9134457761793429,(truncamiento FPCA)
456,495,475,train,40,False,0.022499180960184943,0.14999726984243728,0.01664774897271817,0.11771424729604252,0.13762624236748522,0.4571423901596252,0.25343577752224566,0.23541862226537996,2.196110407590428,0.9175249823683654,(truncamiento FPCA)
457,496,476,train,40,False,0.023241392535055666,0.15245127921751153,0.017175909952587925,0.12008350967770767,0.140391664823234,0.4571423901596252,0.2586208618672819,0.24025492628906128,2.195258185364691,0.9208952889331198,(truncamiento FPCA)
458,497,477,train,40,False,0.022657761158558214,0.1505249519467062,0.01691073313536715,0.1181182238449328,0.13832670342113076,0.4571423901596252,0.25606175625805994,0.23767320861623067,2.2072169114604194,0.918961950375548,(truncamiento FPCA)
459,498,478,train,40,False,0.022357247739653807,0.14952340197993694,0.01634315655458733,0.11716548401383627,0.13744344783129195,0.4571423901596252,0.2550467349456708,0.23656021360919083,2.214608279454884,0.9192102775305642,(truncamiento FPCA)
460,499,479,train,40,False,0.02206099289293931,0.14852943443283997,0.0160515057738523,0.1165198576268415,0.1365526045177416,0.4571423901596252,0.2530094745737691,0.23467148989824665,2.210178480562525,0.9193639297097445,(truncamiento FPCA)
461,500,480,train,40,False,0.022336797666404777,0.14945500214581237,0.015979349182495047,0.11751725557222097,0.13769285021609967,0.4571423901596252,0.25515958541356093,0.23673088644493032,2.2084428423084317,0.9212997105427276,(truncamiento FPCA)
462,501,481,train,40,False,0.022309171582937413,0.14936255080487013,0.015920621506368034,0.11740526822650703,0.13752515770592982,0.4571423901596252,0.2547817167350348,0.23642380729766085,2.2067075722950724,0.9207472486566939,(truncamiento FPCA)
463,502,482,train,40,False,0.022632072890759927,0.1504395988121476,0.016231275374649672,0.11910745113466689,0.1394311287811128,0.4571423901596252,0.25819020925920744,0.23959527884234405,2.1996502135246176,0.9268246517675113,(truncamiento FPCA)
464,503,483,train,40,False,0.023200191459581753,0.15231609061284943,0.016827344000734972,0.12098686983291947,0.14140713232050559,0.4571423901596252,0.26118071741208987,0.2424342560559138,2.19018069080033,0.9283794755468628,(truncamiento FPCA)
465,504,484,train,40,False,0.02304573048423723,0.15180820295437672,0.017324642676878554,0.12048514960752313,0.14100841975842032,0.4571423901596252,0.2612915183765981,0.24256630116903777,2.1970791894363044,0.9288590274716441,(truncamiento FPCA)
466,505,485,train,40,False,0.02236755773050113,0.14955787418421382,0.017474808234376776,0.11870798503080375,0.13927422150068863,0.4571423901596252,0.25911277314209025,0.24054820250021142,2.206982835553591,0.9312396439196603,(truncamiento FPCA)
467,506,486,train,40,False,0.022326936148454515,0.14942200690813423,0.0182815104326679,0.1184727321084097,0.1391954285248809,0.48192956125202224,0.25973245241940013,0.24116788644916717,2.211958293444026,0.9315590882838248,(truncamiento FPCA)
468,507,487,train,40,False,0.022422831691586386,0.1497425513726355,0.01905819546170705,0.11903926383554682,0.1397223412692064,0.48192956125202224,0.26036667698907756,0.241644964995118,2.2037398272413924,0.9330837493312524,(truncamiento FPCA)
469,508,488,train,40,False,0.02217667839963643,0.14891836152616114,0.019182594826961302,0.1180615660545973,0.1385160012977516,0.48192956125202224,0.25792433671014486,0.23945709250144667,2.203083924274922,0.930147228845369,(truncamiento FPCA)
470,509,489,train,40,False,0.02315451670580121,0.15216608263933593,0.021567491215208897,0.12077088544212669,0.14192875168052738,0.48192956125202224,0.2647480156346359,0.24558437544779074,2.2074668737944787,0.9327226489553978,(truncamiento FPCA)
471,510,490,train,40,False,0.02316349670561414,0.1521955870109713,0.02359184003501562,0.12101438921805911,0.14197344715912458,0.48192956125202224,0.26368838447492243,0.24472103427302008,2.189355902036337,0.9328355042836436,(truncamiento FPCA)
472,511,491,train,40,False,0.02220411250004874,0.1490104442649868,0.02474971118684744,0.11840473295436382,0.13861119233583605,0.48192956125202224,0.25679354678894484,0.23842810023855363,2.1813906390937086,0.9302112547852173,(truncamiento FPCA)
473,512,492,train,40,False,0.02290726895715193,0.15135147490907358,0.026370724608571264,0.12080481843131127,0.14108270828920266,0.48192956125202224,0.26001543422077644,0.24157996605919024,2.166094141508522,0.9321528473637933,(truncamiento FPCA)
474,513,493,train,40,False,0.022457515406545538,0.1498583177756428,0.025404057126827983,0.11950082957272871,0.1396525988877669,0.48192956125202224,0.25752373573061904,0.23920804104672908,2.169324610637075,0.9318975480349702,(truncamiento FPCA)
475,514,494,train,40,False,0.023380913186225132,0.15290818547816573,0.027313462828946592,0.12202240251475727,0.14256654008427577,0.48192956125202224,0.2630801873498365,0.24445983175750863,2.166143438197652,0.9323669602019661,(truncamiento FPCA)
476,515,495,train,40,False,0.022847202681443173,0.15115291158771363,0.02718368441714276,0.12092161339047056,0.14101085570985447,0.48192956125202224,0.258839643879405,0.24081451068494553,2.1524406624514634,0.9329020144479734,(truncamiento FPCA)
477,516,496,train,40,False,0.02312137080667844,0.15205713007510843,0.027605432420525183,0.1213935344103251,0.14162557562461636,0.48192956125202224,0.2605331525793435,0.24229136765589504,2.1562712062984013,0.9313971370803895,(truncamiento FPCA)
478,517,497,train,40,False,0.02272395242167244,0.15074465967878412,0.026944520058489026,0.120072521905323,0.14007593131993346,0.48192956125202224,0.2575938289556313,0.2394856683994592,2.1578489401671552,0.9292264921252651,(truncamiento FPCA)
479,518,498,train,40,False,0.022797013754560752,0.15098679993483122,0.029279449753608352,0.12071610610814765,0.14080314725532742,0.48192956125202224,0.25884362674959177,0.24061672003563003,2.1564189626756916,0.9325526954415931,(truncamiento FPCA)
480,519,499,train,40,False,0.023496789615635432,0.1532866256906826,0.03286638030236385,0.12214034428610462,0.14243722555202248,0.48192956125202224,0.2618229524539143,0.2432299748556709,2.156110025872472,0.9292214823715076,(truncamiento FPCA)
481,520,500,train,40,False,0.02386619828387539,0.15448688709361513,0.03429357615195264,0.12316741263747258,0.1434783796266989,0.48192956125202224,0.26327927055266587,0.2448760419509232,2.1506964851773036,0.9287414765484572,(truncamiento FPCA)
482,521,501,train,40,False,0.024246458709369843,0.15571274420987463,0.03434023849497357,0.12384454231609174,0.14441586873436965,0.48192956125202224,0.26564838239794686,0.2468751730750785,2.1561560412434853,0.9274505402057606,(truncamiento FPCA)
483,522,502,train,40,False,0.024032631094622402,0.155024614479838,0.03392807299179315,0.12332876363762443,0.1438667673861976,0.48192956125202224,0.26525004061783425,0.24648405394158007,2.1591967760393365,0.9280253195205233,(truncamiento FPCA)
484,523,503,train,40,False,0.025569510745656575,0.15990469269429392,0.03437021711449555,0.12606056078404554,0.14674538279617105,0.5321376546584722,0.26897914823425007,0.24996923312205616,2.15218742183423,0.9177052925940025,(truncamiento FPCA)
485,524,504,train,40,False,0.02545542700035504,0.15954756970996156,0.033349937548935546,0.1253716327648456,0.14608615703476538,0.5321376546584722,0.26812130276224116,0.2490886653986239,2.1617725142703543,0.9156275918231321,(truncamiento FPCA)
486,525,505,train,40,False,0.025784993266242756,0.16057706332550348,0.0332395214529175,0.12627751334590914,0.14711519686908653,0.5321376546584722,0.26983781710780097,0.25056892922867996,2.1610556543326567,0.9161656952890675,(truncamiento FPCA)
487,526,506,train,40,False,0.025678727739238794,0.1602458353257232,0.032523717091882405,0.1260097184545088,0.14681563399001954,0.5321376546584722,0.26935238527955374,0.25001396472563336,2.161191068597705,0.9161900132480523,(truncamiento FPCA)
488,527,507,train,40,False,0.025324288781734306,0.15913607002101787,0.032739293450280364,0.12490072351459287,0.14538548397802173,0.5321376546584722,0.2663937583428623,0.24725845367299656,2.158138229790867,0.9135922733219437,(truncamiento FPCA)
489,528,508,train,40,False,0.025989747694263703,0.1612133607808723,0.03410250309291267,0.12710341538154796,0.14760422143298974,0.5321376546584722,0.2691405903925036,0.2499527797160288,2.1429105223071923,0.915583055387198,(truncamiento FPCA)
490,529,509,train,40,False,0.026423371115828598,0.16255267182002453,0.03458519624207762,0.12899797190327228,0.14985973659146065,0.5321376546584722,0.2735366310696291,0.25405947356672287,2.1486691991367803,0.9219149394073493,(truncamiento FPCA)
491,530,510,train,40,False,0.026815057251244234,0.16375303738020933,0.03464940117165773,0.13013661759381198,0.15113084872503516,0.5321376546584722,0.2756679497831372,0.2560303592850154,2.146803637165821,0.9229193616368324,(truncamiento FPCA)
492,531,511,train,40,False,0.02700662559976914,0.1643369270729167,0.036050562422330325,0.13100833605366585,0.15218974711430314,0.5321376546584722,0.27779394749407227,0.25802166081197087,2.1498315219352775,0.926083685663516,(truncamiento FPCA)
493,532,512,train,40,False,0.02763559922121193,0.16623958379763806,0.03648476407432166,0.13311651146391612,0.15476242802785098,0.5321376546584722,0.2829002322425898,0.26263210180011776,2.1519544077098223,0.9309601509604468,(truncamiento FPCA)
494,533,513,train,40,False,0.028066692864449405,0.16753116982952576,0.03718454114933328,0.13447335694996437,0.1564514448780495,0.5321376546584722,0.28633649254759524,0.26564981122302694,2.1550468065243917,0.9338646953713112,(truncamiento FPCA)
495,534,514,train,40,False,0.02837917145420038,0.16846118678853114,0.0373492541693772,0.13630188708644025,0.1584352289067719,0.5321376546584722,0.2891657613033165,0.26840506247803914,2.142662562927536,0.9404850572829884,(truncamiento FPCA)
496,535,515,train,40,False,0.029483898755913694,0.1717087614419069,0.038334246813701976,0.1385314388535977,0.16071236958151902,0.5321376546584722,0.2918987566559969,0.2712251903891205,2.1336888558709077,0.9359590520131484,(truncamiento FPCA)
497,536,516,train,40,False,0.029501935052986983,0.17176127343783576,0.03926016168476855,0.13865905284569377,0.16075972125930488,0.5321376546584722,0.29168209200750683,0.27107841638041147,2.130696621947982,0.9359485874881303,(truncamiento FPCA)
498,537,517,train,40,False,0.029730278107055717,0.17242470271702867,0.038872434362199476,0.1394347589164863,0.16171771047466318,0.5321376546584722,0.2936589764131245,0.2729667450441314,2.132425136714875,0.9379033742053942,(truncamiento FPCA)
499,538,518,train,40,False,0.02943397981099003,0.17156334052177358,0.036530724266710855,0.13862987923750894,0.16057446943368742,0.5321376546584722,0.29085675435748176,0.2705257857902395,2.122685544614091,0.9359486061843642,(truncamiento FPCA)
500,539,519,train,40,False,0.029140076291791096,0.17070464636848962,0.03466793713575363,0.13755873145113529,0.1593982596235291,0.5321376546584722,0.28891593620681333,0.2687220236406637,2.126158926657065,0.9337663796183139,(truncamiento FPCA)
501,540,520,train,40,False,0.029421529614535962,0.17152705213620376,0.035003632282577656,0.13846665313239379,0.16027122576550484,0.5321376546584722,0.28990613910208324,0.269681605762379,2.1191775559800803,0.9343787103519913,(truncamiento FPCA)
502,541,521,train,40,False,0.029408901690609467,0.17149023788720297,0.03558131576672815,0.13839515688767218,0.1601896348302524,0.5321376546584722,0.2897938330145466,0.26957199983732066,2.11996200183535,0.9341035198494301,(truncamiento FPCA)
503,542,522,train,40,False,0.029597332969735834,0.17203875426698437,0.0354099040386962,0.13909905587034643,0.16087925484818427,0.5321376546584722,0.290430431001466,0.2701791566242792,2.1133697111491356,0.93513380478516,(truncamiento FPCA)
504,543,523,train,40,False,0.029406952640532204,0.1714845551078353,0.03302617715879726,0.13850610223243884,0.16032653072596,0.5321376546584722,0.2900769089444689,0.2698725672838336,2.1195462513760477,0.9349327735383589,(truncamiento FPCA)
505,544,524,train,40,False,0.028578095695346785,0.16905057141384286,0.03189955018821851,0.135286587677316,0.1565984261144351,0.5321376546584722,0.2830227037559458,0.2632986151934274,2.1243054857331964,0.9263407086100621,(truncamiento FPCA)
506,545,525,train,40,False,0.028401123847061616,0.16852632983323887,0.03127507776500361,0.13492265282594576,0.1560044218698156,0.5321376546584722,0.2815783998314374,0.26187749714244807,2.1193604210662684,0.9256976166524602,(truncamiento FPCA)
507,546,526,train,40,False,0.027344209093623516,0.165360845104346,0.029627879095562748,0.13254908423078487,0.15342053860513336,0.5321376546584722,0.2771527937199124,0.257719027999533,2.125759217945404,0.9277924197129128,(truncamiento FPCA)
508,547,527,train,40,False,0.0278162502468961,0.16678204413813888,0.030741080694862612,0.1341390140696339,0.15515349902574188,0.5321376546584722,0.27980461970907156,0.2602149617811115,2.12149770054459,0.9302769961089724,(truncamiento FPCA)
509,548,528,train,40,False,0.028634079968620895,0.16921607479379994,0.031750453937715,0.13666744803369762,0.15812928963427708,0.5321376546584722,0.28540699456252006,0.26535271813332273,2.1182100117266396,0.9344814895805096,(truncamiento FPCA)
510,549,529,train,40,False,0.0276673658777165,0.16633510115942607,0.030970616234799096,0.1340471134419255,0.15478928233754644,0.5321376546584722,0.2786001194014467,0.2591957826988328,2.1111174108198236,0.9305869973240741,(truncamiento FPCA)
511,550,530,train,40,False,0.027557943307123706,0.16600585323151623,0.029755424446038146,0.13348633700699813,0.15417500381358487,0.5321376546584722,0.27773589101945806,0.2584191966471997,2.112480057688632,0.9287323357120923,(truncamiento FPCA)
512,551,531,train,40,False,0.02769384218078541,0.1664146693677736,0.029491871908725247,0.13410935722193268,0.1549262455078201,0.5321376546584722,0.27920872074807673,0.2597162552328015,2.114136718426792,0.9309650771557626,(truncamiento FPCA)
513,552,532,train,40,False,0.027072133209423595,0.16453611521311542,0.02741848269255952,0.13209536730660373,0.15285835736301454,0.5321376546584722,0.27677878405420137,0.2573120281389417,2.127805148411279,0.9290261725519938,(truncamiento FPCA)
514,553,533,train,40,False,0.028600318628801996,0.16911628729605555,0.027749271611094157,0.13520232371205868,0.1566099154721095,0.5379286569133253,0.2840124253623488,0.2640484808896847,2.128089276480268,0.9260486850562633,(truncamiento FPCA)
515,554,534,train,40,False,0.027888163020781682,0.166997494055395,0.024599693293341537,0.13367694172542122,0.15459062136681495,0.5379286569133253,0.27930828632862714,0.2596775454045517,2.11827577773524,0.9257062343434654,(truncamiento FPCA)
516,555,535,train,40,False,0.02774269334362951,0.16656138010844385,0.023177190990991116,0.13295711938638255,0.15402747987377677,0.5379286569133253,0.2796459177647601,0.25976246439933004,2.134544943243237,0.9247490611178499,(truncamiento FPCA)
517,556,536,train,40,False,0.026502410282333154,0.16279560891600595,0.021635926336766028,0.12938336265392222,0.15004132019219257,0.5379286569133253,0.27271437935366943,0.25330223834906684,2.142423117312118,0.9216545900178799,(truncamiento FPCA)
518,557,537,train,40,False,0.026877015763000323,0.16394211101178466,0.02131077678798106,0.1305585959178214,0.15151866921468599,0.5379286569133253,0.27552009718427434,0.2558953332471846,2.142453643951378,0.924220557363656,(truncamiento FPCA)
519,558,538,train,40,False,0.027574164023673253,0.16605470190173252,0.02184903986109647,0.1331631108423284,0.15437709125435603,0.5379286569133253,0.2794495303040786,0.2597375803005485,2.1343294503340466,0.9296761217018291,(truncamiento FPCA)
520,559,539,train,40,False,0.026467764990047292,0.16268916678761156,0.02121982321749134,0.13071227030116034,0.15143340064486221,0.5379286569133253,0.27328797536714655,0.2542789923923787,2.1260944370839474,0.9308142861322563,(truncamiento FPCA)
521,560,540,train,40,False,0.02580484999374838,0.16063888070373367,0.020469996537100566,0.12872958132271778,0.14930363980811454,0.5379286569133253,0.269828291067917,0.25088330825667454,2.133863686149401,0.9294365047492785,(truncamiento FPCA)
522,561,541,train,40,False,0.025824884152868578,0.1607012263576995,0.021109505260940263,0.1286944928619515,0.14934866883375406,0.5379286569133253,0.2701389276588614,0.25120695754300504,2.1359229498195544,0.9293561238999124,(truncamiento FPCA)
523,562,542,train,40,False,0.025674542544002376,0.16023277612274706,0.02111295643816992,0.12798215303554125,0.1489194667167461,0.5379286569133253,0.27065146501480347,0.25143942321583607,2.149478412216264,0.9293945366250514,(truncamiento FPCA)
524,563,543,train,40,False,0.02357970427789035,0.15355684380023688,0.02021442602653373,0.12374231610259379,0.14447386620503516,0.5379286569133253,0.2645821379654493,0.24573586758321397,2.1634503726905323,0.9408494120456278,(truncamiento FPCA)
525,564,544,train,40,False,0.02382909158975218,0.1543667437946146,0.02129022813373678,0.12503780666469436,0.14573813116582315,0.5379286569133253,0.26583120304476415,0.24698520303990962,2.1460838378012155,0.9441031635656457,(truncamiento FPCA)
526,565,545,train,40,False,0.023056051216155567,0.15184219181820172,0.020773228581754937,0.12197101942783366,0.1422618696510697,0.5379286569133253,0.25979058803512467,0.24143473529706147,2.147969028631709,0.9369060598216181,(truncamiento FPCA)
527,566,546,train,40,False,0.022574984850834222,0.15024974159989168,0.020721803102294656,0.12028410391678483,0.14049331122278602,0.5379286569133253,0.25746413774972715,0.23914168123765395,2.1582616207338403,0.9350652435523876,(truncamiento FPCA)
528,567,547,train,40,False,0.023311004271691235,0.1526794166601747,0.021592333132609,0.12255642310074033,0.14301744571054792,0.5379286569133253,0.2618666353546213,0.24325182457863503,2.1530426432941128,0.9367172657521224,(truncamiento FPCA)
529,568,548,train,40,False,0.024488918009028762,0.15648935429935407,0.023168549661720658,0.12474894456307158,0.14544270076782,0.5379286569133253,0.26528535620041965,0.24667857144664773,2.150694773599535,0.929409552611467,(truncamiento FPCA)
530,569,549,train,40,False,0.02436844668017245,0.15610396112902597,0.02332488698624207,0.12427290637930852,0.1449867737594011,0.5379286569133253,0.2647767704458982,0.24610505926501186,2.155913795175743,0.9287834383623611,(truncamiento FPCA)
531,570,550,train,40,False,0.02444858017025398,0.15636041753031352,0.024996468728831638,0.1242502268623217,0.14520470188487486,0.5379286569133253,0.26591637107623295,0.24718220091556947,2.163516509738885,0.928653838217873,(truncamiento FPCA)
532,571,551,train,40,False,0.024766846420360866,0.15737485955628638,0.02538153966031054,0.12510841626491348,0.14638190886716748,0.5379286569133253,0.2685185991816069,0.2495204183419945,2.168838025098233,0.9301479872953455,(truncamiento FPCA)
533,572,552,train,40,False,0.024983754751772707,0.15806250267464675,0.026451406157064865,0.1257825244945529,0.14696690063235968,0.5379286569133253,0.2690676538279929,0.250143223281484,2.1627293806397354,0.9298024398289703,(truncamiento FPCA)
534,573,553,train,40,False,0.025272626152002486,0.15897366496373697,0.026913444829304856,0.12674552716038598,0.14777990319926207,0.5379286569133253,0.26916869853421077,0.250420109047342,2.150201873482178,0.9295873202204386,(truncamiento FPCA)
535,574,554,train,40,False,0.02506029779911768,0.1583044465551037,0.02747147918013824,0.12561898175738465,0.14667873551423521,0.5379286569133253,0.26809573286160565,0.2492813578973982,2.165279478492091,0.9265610581770883,(truncamiento FPCA)
536,575,555,train,40,False,0.023739198192255485,0.15407530039644735,0.02558323800327043,0.12282208504810636,0.14381791727621032,0.5379286569133253,0.26442228637492937,0.2456057047609737,2.176609591176053,0.9334261682836639,(truncamiento FPCA)
537,576,556,train,40,False,0.02328159839879167,0.1525830868700449,0.0247656766767278,0.1216595658472371,0.14241759661980083,0.5379286569133253,0.26146265085080556,0.24283226363757554,2.172230652033197,0.9333773456890274,(truncamiento FPCA)
538,577,557,train,40,False,0.023364229303735398,0.15285362051235618,0.02481046226321837,0.12185755291334752,0.142704363276198,0.5379286569133253,0.2620622109859354,0.24343158260253994,2.173304350625569,0.9336014599972283,(truncamiento FPCA)
539,578,558,train,40,False,0.023728481355093728,0.15404051854980796,0.025160201374399102,0.12296378693059355,0.14406431297980662,0.5379286569133253,0.265006943166196,0.24602143446955985,2.178976487052052,0.9352364841152129,(truncamiento FPCA)
540,579,559,train,40,False,0.023977494597840116,0.15484668093905055,0.02508756810986692,0.12397593566037748,0.14508612584928304,0.5379286569133253,0.26582228483782383,0.24691092213458526,2.167602270583072,0.936966326752529,(truncamiento FPCA)
541,580,560,train,40,False,0.02338270895967159,0.15291405742988964,0.0240279459082549,0.12204122109506033,0.14287361766044843,0.5379286569133253,0.2619481262158475,0.24326118954460813,2.1679472356685183,0.9343393279977236,(truncamiento FPCA)
542,581,561,train,40,False,0.023841923343551157,0.15440830075987222,0.023739726694034066,0.1237628259296196,0.1448613976019611,0.5379286569133253,0.2655887985899659,0.24664242369884654,2.165509160129414,0.9381710496720123,(truncamiento FPCA)
543,582,562,train,40,False,0.024478546610364478,0.15645621307690047,0.024778979802122493,0.1250158839992969,0.14658338126514078,0.5379286569133253,0.26977925287359217,0.25045354174058004,2.175375838427612,0.9368971572454777,(truncamiento FPCA)
544,583,563,train,40,False,0.024043316517672036,0.1550590742835518,0.026946563066557,0.12347332231299595,0.14486794225619698,0.5379286569133253,0.26654947110534344,0.24743910374659928,2.178959452975238,0.9342758102068982,(truncamiento FPCA)
545,584,564,train,40,False,0.02482135964842435,0.15754795983580477,0.027985906989103384,0.12673291509644868,0.14845717177668494,0.5379286569133253,0.272071851327705,0.2527986404969779,2.164075996293878,0.9422982813068846,(truncamiento FPCA)
546,585,565,train,40,False,0.024361505345626564,0.15608172649489294,0.027707129419644785,0.12420237713763257,0.1455288813579086,0.5379286569133253,0.2666144577921915,0.2476963883466734,2.165219003212923,0.9323889774032603,(truncamiento FPCA)
547,586,566,train,40,False,0.023879104460023046,0.15452865255357354,0.02923228528732215,0.12239121278344563,0.14330172782830014,0.5379286569133253,0.2621649520008617,0.24358329819177998,2.16516861582057,0.9273472942412337,(truncamiento FPCA)
548,587,567,train,40,False,0.02330578852742087,0.15266233499924226,0.027816939261538144,0.12019315165900388,0.14100814387503635,0.5379286569133253,0.2588293140046095,0.24049575772984522,2.1784335625828333,0.9236603375399456,(truncamiento FPCA)
549,588,568,train,40,False,0.02257169698865453,0.15023879987757666,0.02734397473900815,0.11819322208862149,0.13851101435999796,0.5379286569133253,0.2538260509141231,0.23591227381752092,2.1736003396948087,0.9219390362067907,(truncamiento FPCA)
550,589,569,train,40,False,0.022992210561804158,0.15163182568908204,0.027515323617876473,0.11985350362481391,0.14034557945302445,0.5379286569133253,0.256662206444855,0.23866206659753747,2.1683449846931175,0.9255680910998209,(truncamiento FPCA)
551,590,570,train,40,False,0.023036363657393477,0.15177734896022357,0.02711772291152626,0.11998973099278336,0.14061429856195887,0.5379286569133253,0.2577585101670098,0.23958390488251324,2.1798783581058983,0.9264511438976957,(truncamiento FPCA)
552,591,571,train,40,False,0.023181677362790382,0.15225530323371458,0.026581409156425144,0.12063947596437952,0.1412310327720149,0.5379286569133253,0.2582420030511271,0.24011011217080697,2.171795598497451,0.9275935207013628,(truncamiento FPCA)
553,592,572,train,40,False,0.023366979938807868,0.15286261785933103,0.027195046750720216,0.1213591761634489,0.14197870157957676,0.5379286569133253,0.259367722848736,0.24120360930972815,2.166948933413108,0.92879935963304,(truncamiento FPCA)
554,593,573,train,40,False,0.021930164189325498,0.14808836615117846,0.02641147727348299,0.11860004085067226,0.13856457272657402,0.45636572793935304,0.2526526427704722,0.23506240295219155,2.16433169109922,0.9356884428390415,(truncamiento FPCA)
555,594,574,train,40,False,0.022335767730308275,0.1494515564666634,0.028199275378345368,0.11976366328789254,0.1398232331399905,0.45636572793935304,0.2537927357347226,0.23635645668910668,2.157845626826856,0.9355756236046925,(truncamiento FPCA)
556,595,575,train,40,False,0.023029334523051902,0.15175419112186622,0.029884641092591955,0.12147062080503916,0.14197743184661862,0.45636572793935304,0.2581037939007194,0.24034432310411766,2.1593068633877577,0.9355750295726833,(truncamiento FPCA)
557,596,576,train,40,False,0.02321957881035348,0.15237971915695828,0.029500291932292408,0.12226404477811015,0.14297113808862622,0.45636572793935304,0.2600407907766963,0.24209522922569998,2.1597252257399555,0.9382556870403418,(truncamiento FPCA)
558,597,577,train,40,False,0.023532531618829587,0.1534031669126475,0.030169450408245303,0.12327379930437798,0.14386895084059687,0.45636572793935304,0.2611253811659246,0.24319612390734308,2.151830221458597,0.9378486359575633,(truncamiento FPCA)
559,598,578,train,40,False,0.023610438532748017,0.15365688573164568,0.03094544370445998,0.12318173559649533,0.1440813892204493,0.45636572793935304,0.26340320568970366,0.24499067003667344,2.1672876472044083,0.9376826071568344,(truncamiento FPCA)
560,599,579,train,40,False,0.023269581497856684,0.1525437035667375,0.027975280713571825,0.12150431617258425,0.1422290302002472,0.45636572793935304,0.26060860536402725,0.24227313141436407,2.171804200518242,0.9323821755646724,(truncamiento FPCA)
561,600,580,train,40,False,0.023150069239927303,0.15215146808337834,0.027995876034608177,0.12104840902600875,0.1416387302356542,0.45636572793935304,0.25936554721578753,0.2410662198884245,2.1699271228411923,0.9309061031079687,(truncamiento FPCA)
562,601,581,train,40,False,0.02217470177833209,0.14891172478462564,0.026869557636694404,0.11854455003374209,0.1386617783247074,0.45636572793935304,0.2536522747399858,0.2358060988385146,2.169626422361252,0.9311676332085808,(truncamiento FPCA)
563,602,582,train,40,False,0.022029273002142566,0.14842261620838842,0.026669850977638954,0.11843437126174919,0.13819954841261228,0.45636572793935304,0.25167955876491144,0.23414754460992718,2.1566118413725492,0.9311219000383153,(truncamiento FPCA)
564,603,583,train,40,False,0.021742633406585193,0.14745383483173705,0.026508025261699052,0.11754514358960991,0.13703890596408783,0.45636572793935304,0.24918122830032213,0.23178696782051852,2.152244310321735,0.9293682061267924,(truncamiento FPCA)
565,604,584,train,40,False,0.022548993384923867,0.150163222477822,0.026701547498906516,0.11952757354033221,0.139395924915329,0.45636572793935304,0.2540987768024138,0.23633954941129084,2.159710668625513,0.9282960409025369,(truncamiento FPCA)
566,605,585,train,40,False,0.02313920068194495,0.15211574764614263,0.02696636172838993,0.12206849208784247,0.14233430295660904,0.45636572793935304,0.2595441360993724,0.24138449758163424,2.1611020406599746,0.9356973565137545,(truncamiento FPCA)
567,606,586,train,40,False,0.02341067788416436,0.15300548318333027,0.027143294255407773,0.12289714445235385,0.14344011394188186,0.45636572793935304,0.261820544527271,0.24351621431936973,2.164202908360094,0.9374834872421713,(truncamiento FPCA)
568,607,587,train,40,False,0.022520239480823497,0.1500674497711729,0.026292419337197552,0.11975450347456007,0.13988127052398833,0.45636572793935304,0.2554961503317582,0.23762758633038777,2.171772469798323,0.9321226604255837,(truncamiento FPCA)
569,608,588,train,40,False,0.020959617478502217,0.14477436747747238,0.0237002587314524,0.11624596211353881,0.13634414245973467,0.42140428554066256,0.2514547835458764,0.2334939414193681,2.188962366918665,0.9417699060640033,(truncamiento FPCA)
570,609,589,train,40,False,0.020889399250441854,0.14453165483879943,0.023085691880839726,0.11596986434392861,0.1360440559244347,0.42140428554066256,0.2508730841247816,0.23305267885825423,2.1898317061274635,0.9412751557862448,(truncamiento FPCA)
571,610,590,train,40,False,0.020050028568850985,0.14159812346514689,0.02121219279332319,0.11303492221247524,0.13241370063266822,0.42140428554066256,0.24330717981499053,0.22608079122365785,2.173154828291893,0.9351373972499054,(truncamiento FPCA)
572,611,591,train,40,False,0.020259781816965965,0.14233686035938115,0.020699415879652586,0.11370486103235093,0.13302705118931835,0.42140428554066256,0.24395270450047873,0.22678896643270585,2.166813085144001,0.934593125445111,(truncamiento FPCA)
573,612,592,train,40,False,0.02094292738513927,0.14471671425629892,0.02082592760289243,0.11519399967405017,0.13453067340185576,0.42140428554066256,0.24536588894805691,0.22823518592146502,2.1592570765606296,0.9296139294843077,(truncamiento FPCA)
574,613,593,train,40,False,0.02063893040911121,0.14366255743620607,0.020379042943035663,0.11410385099384313,0.1336705372711373,0.42140428554066256,0.24516504189973096,0.22831121657300857,2.173327483625846,0.930447986285461,(truncamiento FPCA)
575,614,594,train,40,False,0.02059470224345656,0.1435085441479237,0.0206036639438645,0.1139491917241268,0.1333447103984678,0.42140428554066256,0.24392908487871728,0.22724232847728248,2.1575405720121204,0.9291761071802153,(truncamiento FPCA)
576,615,595,train,40,False,0.02061909458122078,0.1435935046623655,0.021675598529101326,0.11392711388173586,0.13341437400367795,0.42140428554066256,0.24410132311857496,0.22723190214755143,2.159110274178368,0.9291114825658588,(truncamiento FPCA)
577,616,596,train,40,False,0.021670660389445307,0.14720957981546345,0.02365207763631282,0.11616145221017042,0.1361734350558313,0.4649601713554845,0.24995931346109596,0.23265504961634828,2.1666144983212314,0.9250310694897257,(truncamiento FPCA)
578,617,597,train,40,False,0.022852224793869814,0.15116952336324216,0.02443841730189595,0.11892207418066011,0.13902865366838896,0.4649601713554845,0.25382781027244483,0.236361948184324,2.1547552975427315,0.9196870544753908,(truncamiento FPCA)
579,618,598,train,40,False,0.022472843789187687,0.14990945196747163,0.024426999608689572,0.11771877123537647,0.13759685648437828,0.4649601713554845,0.2510314235720565,0.2339297540181267,2.1528235017799027,0.9178664499036057,(truncamiento FPCA)
580,619,599,train,40,False,0.0231161143797153,0.15203984471090234,0.024883897581376158,0.1192690309141465,0.13940022608086444,0.4649601713554845,0.254888637325246,0.23737170579338848,2.158670671579231,0.9168664066049815,(truncamiento FPCA)
581,620,600,train,40,False,0.02426072778627012,0.15575855606120045,0.024245715828203774,0.12244160922599386,0.14295097503659,0.4649601713554845,0.2606601702556108,0.24293669777741406,2.155422021462423,0.9177728572446567,(truncamiento FPCA)
582,621,601,train,40,False,0.024185874553697816,0.15551808433007983,0.02242451778643153,0.12217465102909819,0.14270193607589246,0.4649601713554845,0.2603161583004375,0.24253803101247814,2.1574269824528303,0.9175906242068562,(truncamiento FPCA)
583,622,602,train,40,False,0.023192869693108725,0.15229205393949063,0.020122863550284538,0.11943855324186317,0.13950664155194367,0.4649601713554845,0.2542891573798699,0.23697007178473545,2.1606126671497847,0.9160467532165077,(truncamiento FPCA)
584,623,603,train,40,False,0.023375893703946306,0.15289177121070416,0.019208580173736313,0.1203823595696532,0.14034394274526923,0.4649601713554845,0.2547889501140333,0.23749486367158523,2.144872303477303,0.9179299947533316,(truncamiento FPCA)
585,624,604,train,40,False,0.023757904534618107,0.15413599363749567,0.019063143675278775,0.12101393162533455,0.14130215733781587,0.4649601713554845,0.2577388135541849,0.24005837182922632,2.1545480479960433,0.9167369282358343,(truncamiento FPCA)
586,625,605,train,40,False,0.02427391407413183,0.15580087956790176,0.019222599144377777,0.1235384877751711,0.14442948686721552,0.4649601713554845,0.26402221668689646,0.24578603050881168,2.160515411039217,0.9270132958669831,(truncamiento FPCA)
587,626,606,train,40,False,0.02437690003711964,0.15613103483010557,0.018944222857271136,0.12422038845180898,0.14509725428699377,0.4649601713554845,0.26492865043597136,0.24661866024495938,2.150815255513327,0.9293299980038034,(truncamiento FPCA)
588,627,607,train,40,False,0.025406333133678266,0.15939364207420026,0.0199078563158548,0.12729293896522023,0.14856442594451438,0.4649601713554845,0.2712019900176627,0.2523475391035876,2.1443441124294287,0.9320599241678366,(truncamiento FPCA)
589,628,608,train,40,False,0.025290487382190356,0.15902983173665988,0.02014610049545361,0.12667861764831212,0.14786743970565602,0.4649601713554845,0.26996106011159793,0.2512270861981723,2.1452136544279066,0.9298094457555118,(truncamiento FPCA)
590,629,609,train,40,False,0.02513614873024746,0.1585438385124047,0.01964051740883078,0.12618744342485222,0.14731740548252215,0.4649601713554845,0.2691433978202816,0.25039825602019594,2.146318658374726,0.9291903543195457,(truncamiento FPCA)
591,630,610,train,40,False,0.025064873506226392,0.1583188981335658,0.01969935330521873,0.12579736498231556,0.14686309246515394,0.4649601713554845,0.26837284444965565,0.24968731272900485,2.1479734992139448,0.9276409461948935,(truncamiento FPCA)
592,631,611,train,40,False,0.02491384809756557,0.15784121165768328,0.01981628376354372,0.12511976393009175,0.14621914152386442,0.4649601713554845,0.2678712396815996,0.24917225329166942,2.1565374947951264,0.9263685953005474,(truncamiento FPCA)
593,632,612,train,40,False,0.025242051735532844,0.15887747397139987,0.020375823922169075,0.1259759618079226,0.14724827517368547,0.4649601713554845,0.26984372285628433,0.2509974614827632,2.1572600029269298,0.9268039797774742,(truncamiento FPCA)
594,633,613,train,40,False,0.02647243019347171,0.16270350393728988,0.021177352854508655,0.1286151437877842,0.15028164915574496,0.4886069806587452,0.2753257610281836,0.25603321690146286,2.1556747275063137,0.923653427978216,(truncamiento FPCA)
595,634,614,train,40,False,0.027146437793307405,0.16476176071318066,0.02190435545363892,0.1299443413211979,0.1518324201157409,0.4886069806587452,0.27877100692894485,0.2590427420586304,2.161325806321861,0.9215270549338975,(truncamiento FPCA)
596,635,615,train,40,False,0.026793404549207776,0.1636869101339743,0.02220294257413265,0.129462289528802,0.15087816879226462,0.4886069806587452,0.27587114774849575,0.2564913902923072,2.149561261104469,0.9217485299757568,(truncamiento FPCA)
597,636,616,train,40,False,0.027389621916549468,0.16549810245603866,0.022793159869157104,0.13129472105196763,0.1528107880310605,0.4886069806587452,0.2789614475036573,0.2593477261589183,2.1416488042298463,0.9233386109164103,(truncamiento FPCA)
598,637,617,train,40,False,0.026885977062830514,0.16396943941732103,0.022223395892145968,0.13001179645712943,0.15124619350536112,0.4886069806587452,0.27546994525249985,0.25612080252889546,2.134461018799205,0.9224047727602593,(truncamiento FPCA)
599,638,618,train,40,False,0.026848735696190916,0.16385583815107388,0.021926007869904892,0.12979887759354436,0.15114586970921265,0.4886069806587452,0.2754306883832144,0.25630857848821276,2.1374929433732026,0.9224320073957771,(truncamiento FPCA)
600,639,619,train,40,False,0.029432378543358995,0.1715586737631152,0.02395787572788486,0.13582021525130655,0.15792535233744787,0.561313621919991,0.2870692107278587,0.2670175490085242,2.136572469972248,0.9205326018986836,(truncamiento FPCA)
601,640,620,train,40,False,0.029502363852912793,0.17176252167720638,0.023878994790912142,0.13625808451001428,0.15828735471992544,0.561313621919991,0.28714465388906263,0.26722919284123636,2.126246280927419,0.9215476879024584,(truncamiento FPCA)
602,641,621,train,40,False,0.02924940867479431,0.1710245850010878,0.0232248443304543,0.13467660309947047,0.1563678463395317,0.561313621919991,0.2832271870805889,0.26360648744018933,2.1123126158889254,0.9143003992001333,(truncamiento FPCA)
603,642,622,train,40,False,0.029084144131851886,0.17054074038731004,0.022932829108617502,0.1339037606982631,0.1557598425332324,0.561313621919991,0.28310877124525613,0.2633591675134424,2.1256406547633953,0.9133292266674276,(truncamiento FPCA)
604,643,623,train,40,False,0.03159964509658049,0.17776289009965068,0.024620388359152527,0.13920755051253134,0.16157001679479466,0.561313621919991,0.29119879821260586,0.27140354851881276,2.1133572759538906,0.9089074592802885,(truncamiento FPCA)
605,644,624,train,40,False,0.03413264114240301,0.18475021283452697,0.02722105345163758,0.14303567377518073,0.16576296398150317,0.6385020833748181,0.2973366573684157,0.27727409955583016,2.1082601651669193,0.8972274588390873,(truncamiento FPCA)
606,645,625,train,40,False,0.03408674666681968,0.1846259642271901,0.027708886472923484,0.14292968826798166,0.16561611230272127,0.6385020833748181,0.296937108601573,0.27686262014569357,2.106955820391442,0.8970358692286834,(truncamiento FPCA)
607,646,626,train,40,False,0.03410409811981555,0.1846729490743448,0.027773650893939274,0.14299353848684404,0.1656755129111684,0.6385020833748181,0.2969801010919039,0.2772305806031813,2.106022681630545,0.8971292966381962,(truncamiento FPCA)
608,647,627,train,40,False,0.03501909339172245,0.18713389161699825,0.028671356596601996,0.14622230684000503,0.16929651858811953,0.6385020833748181,0.3033083372606252,0.2831854036469822,2.097423039867538,0.9046812265017927,(truncamiento FPCA)
609,648,628,train,40,False,0.03509166661574244,0.1873276984744713,0.029651620136313023,0.14645202709847913,0.1695312941018608,0.6385020833748181,0.3037495083853055,0.2837067946760209,2.096519693165534,0.9049985425671806,(truncamiento FPCA)
610,649,629,train,40,False,0.034988128386512725,0.18705113842613394,0.029438721323902347,0.1461147863377729,0.16901727579919634,0.6385020833748181,0.30251718935441935,0.28256818363318376,2.0911591699459513,0.9035885973286437,(truncamiento FPCA)
611,650,630,train,40,False,0.03524614100499194,0.18773955631403824,0.03083589222878561,0.14745073635789768,0.1707002027922103,0.6385020833748181,0.3062626458676781,0.28600680413742907,2.1072996391620267,0.9092394066739689,(truncamiento FPCA)
612,651,631,train,40,False,0.034580400789225474,0.1859580619097367,0.03196804684920576,0.14537739256582002,0.16820346310146028,0.6385020833748181,0.3013630544783647,0.2814456429785127,2.1023686983242946,0.9045236402985612,(truncamiento FPCA)
613,652,632,train,40,False,0.03308374442222527,0.18188937413226003,0.03214489715439739,0.14139707335913404,0.1637576948377914,0.6385020833748181,0.2940011346330318,0.27461254973011673,2.1004693168077693,0.9003147963922056,(truncamiento FPCA)
614,653,633,train,40,False,0.03353787592608411,0.18313349209274668,0.033786174343365886,0.14274351218499884,0.16499060866844842,0.6385020833748181,0.29551086395561804,0.2757420468427384,2.090964118719872,0.9009308280152822,(truncamiento FPCA)
615,654,634,train,40,False,0.03387975845331831,0.18406454969199884,0.03505326576793916,0.1441861821440086,0.1667582354187925,0.6385020833748181,0.29939976724753065,0.27925353708759854,2.103151247965458,0.9059769287341558,(truncamiento FPCA)
616,655,635,train,40,False,0.03322034723759541,0.18226449801756625,0.03457922982630423,0.14207959611943133,0.1640720767545885,0.6385020833748181,0.29409322272086913,0.2745211084935718,2.099270914189794,0.9001866986667671,(truncamiento FPCA)
617,656,636,train,40,False,0.031964457481507495,0.17878606623981494,0.03365336304934661,0.13889569138626306,0.16044782973649685,0.6385020833748181,0.287461923666231,0.2683419691018148,2.104498604288757,0.8974291627473918,(truncamiento FPCA)
618,657,637,train,40,False,0.03171210929287781,0.17807894118305456,0.033350217591928064,0.13840512190843596,0.15995124924475285,0.6385020833748181,0.28709013439663256,0.26785169130022485,2.107187336837954,0.8982041794618065,(truncamiento FPCA)
619,658,638,train,40,False,0.03209365611294125,0.17914702373453278,0.03351493304897431,0.13972483144321773,0.16138976194993615,0.6385020833748181,0.28917631964652185,0.2698570961792831,2.1023840822865694,0.9008788345213591,(truncamiento FPCA)
620,659,639,train,40,False,0.0315936169612777,0.1777459337404873,0.0331344911563745,0.1383530186102367,0.16005840175818636,0.6385020833748181,0.28753214613919253,0.2682035425532895,2.1106907155776753,0.9004898080643291,(truncamiento FPCA)
621,660,640,train,40,False,0.031196061877785685,0.17662406936141428,0.03414678911954879,0.13740442095552785,0.15912770937827678,0.6385020833748181,0.28677838024100605,0.2672696719753791,2.1169232616513964,0.900940115090793,(truncamiento FPCA)
622,661,641,train,40,False,0.03089489046482826,0.17576942414660254,0.03588235507120009,0.1364086327927377,0.1578755421105932,0.6385020833748181,0.2842363834153962,0.26502873631209106,2.113683210197121,0.8981968444006238,(truncamiento FPCA)
623,662,642,train,40,False,0.030840642098326293,0.175615039499259,0.037695505192322246,0.13615322448864295,0.15755682907651566,0.6385020833748181,0.2836495323190829,0.26447824958613786,2.114156695801422,0.8971716176801615,(truncamiento FPCA)
624,663,643,train,40,False,0.03129957761416992,0.17691686639257975,0.040048649260556846,0.1374243441700738,0.15903207878451847,0.6385020833748181,0.2866533599730192,0.26724499911209626,2.118669607826944,0.8989085214273759,(truncamiento FPCA)
625,664,644,train,40,False,0.03220909497198069,0.1794689248086718,0.04203571166450489,0.13931485424666587,0.1608205739320272,0.6385020833748181,0.28698328432417497,0.267828343661508,2.103876127324822,0.8960914771371967,(truncamiento FPCA)
626,665,645,train,40,False,0.03189564305489875,0.17859351347375063,0.042073984144527586,0.13832576206279135,0.15949935488019248,0.6385020833748181,0.284171606017456,0.26532441210519525,2.0989074526282048,0.8930859345215548,(truncamiento FPCA)
627,666,646,train,40,False,0.03177069795265498,0.17824336720522024,0.04271654393340973,0.1375150190977685,0.15864890893528877,0.6385020833748181,0.28283932145876295,0.2640945560275673,2.1062512531900244,0.890069074787106,(truncamiento FPCA)
628,667,647,train,40,False,0.03140725522071394,0.1772209220738735,0.04109266304310766,0.13651973234321324,0.15773842694667128,0.6385020833748181,0.2816341216173302,0.2630211130088217,2.1127773775529075,0.8900666191146379,(truncamiento FPCA)
629,668,648,train,40,False,0.032555122866154564,0.18043038232557887,0.04190840982262302,0.14003711190001486,0.1616383833170501,0.6385020833748181,0.2877946153195869,0.2687807026556313,2.1059704370959738,0.8958490318187132,(truncamiento FPCA)
630,669,649,train,40,False,0.03321051389372669,0.182237520543182,0.045921640280128066,0.14174311548020618,0.16358603609342887,0.6385020833748181,0.2912735874036388,0.27188751423170643,2.106658865628732,0.8976528851239852,(truncamiento FPCA)
631,670,650,train,40,False,0.03457201919302132,0.1859355242900649,0.04888425343494528,0.14554396376883277,0.1679385070473569,0.6385020833748181,0.2991990648090054,0.2792752656004167,2.1029580892715183,0.903208290554353,(truncamiento FPCA)
632,671,651,train,40,False,0.03605356597018692,0.1898777658657983,0.05080562024408156,0.14926150335498878,0.1719507155105578,0.6385020833748181,0.3048108747026748,0.2846094493337579,2.092017606739597,0.9055863635560628,(truncamiento FPCA)
633,672,652,train,40,False,0.03525388518972417,0.1877601799895925,0.049065908034419264,0.14584713167105715,0.167966215306959,0.6385020833748181,0.29736577594665253,0.2777027421936081,2.0965304222159427,0.8945784740740519,(truncamiento FPCA)
634,673,653,train,40,False,0.03428004714453986,0.18514871629190374,0.04911941349606811,0.14400764980342434,0.16574292876080085,0.6385020833748181,0.2927092031234276,0.27341597819067015,2.0919667603661134,0.8951881065137502,(truncamiento FPCA)
635,674,654,train,40,False,0.03337221043300772,0.18268062413131755,0.0476512813041129,0.14178669027342944,0.16351542667449975,0.6385020833748181,0.290089595132011,0.2709389035975492,2.1037687500792974,0.8950890520111144,(truncamiento FPCA)
636,675,655,train,40,False,0.032819906716937464,0.18116265265483794,0.04628368155058083,0.13962169278767766,0.16121006912290775,0.6385020833748181,0.28651221678641103,0.26756342650883713,2.115321475460712,0.8898637040276449,(truncamiento FPCA)
637,676,656,train,40,False,0.03231944343985814,0.17977609251471158,0.0447339703784221,0.13810235027460724,0.15966555555420556,0.6385020833748181,0.2842596831530072,0.2653718504917342,2.12402006872922,0.8881356431814741,(truncamiento FPCA)
638,677,657,train,40,False,0.03295245719718073,0.18152811682265843,0.04574986985817995,0.13945545292149236,0.16155560387694323,0.6385020833748181,0.2889383000284128,0.2695795698196966,2.1373184809168735,0.8899756506303258,(truncamiento FPCA)
639,678,658,train,40,False,0.03281671386582348,0.18115384032866508,0.04480752216981708,0.13920209990589932,0.16116970956213028,0.6385020833748181,0.28814939986471333,0.2686681935049756,2.1360621399176236,0.8896842002892247,(truncamiento FPCA)
640,679,659,train,40,False,0.030977547078407608,0.1760043950542361,0.043788223910763986,0.13589745633726402,0.15754391197550435,0.6385020833748181,0.28239700086684494,0.2633579471387,2.1402601971038817,0.8951135108129368,(truncamiento FPCA)
641,680,660,train,40,False,0.03086239237642872,0.1756769545968643,0.04256450249796334,0.13528310014702133,0.15691320410094173,0.6385020833748181,0.281614204922741,0.2625316999898787,2.1462386703544096,0.8931917362810576,(truncamiento FPCA)
642,681,661,train,40,False,0.03141516963043765,0.17724324988680853,0.043071113896201545,0.13795364474889973,0.16000618268182715,0.6385020833748181,0.28747282432111065,0.26796784522733835,2.1562252600490095,0.902749090777847,(truncamiento FPCA)
643,682,662,train,40,False,0.03139668648705933,0.17719110160236415,0.043060897230915725,0.13812887736478144,0.15993057792409168,0.6385020833748181,0.2863511381891023,0.2671495966863019,2.1418285452342607,0.9025880897958017,(truncamiento FPCA)
644,683,663,train,40,False,0.02865416408080291,0.16927540896658,0.03950435079990723,0.1313753504162399,0.15239358085396135,0.6385020833748181,0.2748477221124788,0.2560017592697167,2.146756646076124,0.9002700497628003,(truncamiento FPCA)
645,684,664,train,40,False,0.025589923690009765,0.15996850843215912,0.03408091724274337,0.12642679605383159,0.1468046479768402,0.45130101746493245,0.2652461840599984,0.24699672905912884,2.143939195477171,0.9177096755834192,(truncamiento FPCA)
646,685,665,train,40,False,0.028212592245816792,0.16796604491925382,0.03657652292542742,0.1310363633934642,0.15193030319259476,0.6171178444289525,0.27374652742641137,0.25494527933554806,2.1406522243758745,0.9045298605776667,(truncamiento FPCA)
647,686,666,train,40,False,0.03024077489650038,0.1738987489791125,0.03873914497396499,0.1350153053220501,0.15626514884756332,0.6171178444289525,0.28112501697997794,0.26154894758925923,2.132976256554793,0.8985984647096731,(truncamiento FPCA)
648,687,667,train,40,False,0.030099931146106106,0.17349331729523793,0.03933643827088686,0.13462146578104434,0.15589723239503406,0.6171178444289525,0.28077942210616896,0.2612399127640271,2.1359741928894187,0.8985777367421006,(truncamiento FPCA)
649,688,668,train,40,False,0.029983476845847668,0.17315737594987882,0.0374636729743269,0.13453405794905046,0.15551307511786255,0.6171178444289525,0.2792182124383576,0.25976709781309654,2.1253161974491603,0.8981025166544249,(truncamiento FPCA)
650,689,669,train,40,False,0.030031109758430024,0.17329486362391133,0.03762279326938067,0.13467563009937833,0.15576265604142026,0.6171178444289525,0.2798604557364536,0.26031781371967255,2.129286831049778,0.8988301948721349,(truncamiento FPCA)
651,690,670,train,40,False,0.030187381676933345,0.17374516303176138,0.03854035275527575,0.13512327412117695,0.15639781652271628,0.6171178444289525,0.281102703312779,0.2613709878228644,2.131070331965379,0.9001563772691967,(truncamiento FPCA)
652,691,671,train,40,False,0.030585577765872528,0.1748873287744785,0.03781515756397158,0.13655586323069652,0.15809477636769426,0.6171178444289525,0.284469047794352,0.26445947569330147,2.1350000993522515,0.9039807370582083,(truncamiento FPCA)
653,692,672,train,40,False,0.03101658708032775,0.17611526646014464,0.03805911073559807,0.13810746320386147,0.1599457490053887,0.6171178444289525,0.2884156398530994,0.26801917153742905,2.144363644455388,0.9081878716152347,(truncamiento FPCA)
654,693,673,train,40,False,0.030288478917570593,0.1740358552642834,0.036756035361872066,0.13601074009385097,0.15773387536554745,0.6171178444289525,0.2850737899174544,0.2647201797148667,2.1536445607715144,0.906329762484975,(truncamiento FPCA)
655,694,674,train,40,False,0.03079087958344276,0.17547330162575378,0.037176196415633696,0.13735041369753137,0.15927592588571818,0.6171178444289525,0.2878452517491027,0.26725894856880805,2.1523393471885477,0.907693218341665,(truncamiento FPCA)
656,695,675,train,40,False,0.030891088313797287,0.1757586080788002,0.036915264281778125,0.1378810270676425,0.15989191938155095,0.6171178444289525,0.28899739780486255,0.26826524092616605,2.1517754657598047,0.9097245428221898,(truncamiento FPCA)
657,696,676,train,40,False,0.031872185779518815,0.17852782914581922,0.038838570535622514,0.14034375241389951,0.16292901353894107,0.6171178444289525,0.2950567977906941,0.2738048005219808,2.1522314151438326,0.9126252994756507,(truncamiento FPCA)
658,697,677,train,40,False,0.03138352170676486,0.17715394917067148,0.03956637998133376,0.13939324629661135,0.16182920172836174,0.6171178444289525,0.2930294495284867,0.27191328130767445,2.1517144565090063,0.9134947455924578,(truncamiento FPCA)
659,698,678,train,40,False,0.03265712092631299,0.18071281339825626,0.04087693944290768,0.1418861229770972,0.1647312642196681,0.6171178444289525,0.29871802869402836,0.27715516137317187,2.155537702499771,0.9115638294924451,(truncamiento FPCA)
660,699,679,train,40,False,0.0321976021857497,0.17943690307667956,0.03965381302806751,0.1403592532554423,0.1628806513929296,0.6171178444289525,0.29509071832549216,0.27386053444573033,2.1548329539931323,0.9077321810626942,(truncamiento FPCA)
661,700,680,train,40,False,0.03158064554731788,0.17770944135672107,0.038380447699922604,0.13869271096755367,0.16089327563280334,0.6171178444289525,0.29115724829590206,0.27028303558760935,2.1513815476358764,0.9053726937886087,(truncamiento FPCA)
662,701,681,train,40,True,0.03208701399026379,0.17912848458652184,0.038227063476623524,0.14043732400405137,0.1627936988772995,0.6171178444289525,0.2940532591584898,0.27293693876255143,2.1456909529982346,0.9088096695122077,(truncamiento FPCA)
663,702,682,train,40,True,0.03238973892925016,0.1799714947686165,0.037581084444975134,0.1417976635024003,0.1642080595168401,0.6171178444289525,0.29613545387873136,0.2749130550970375,2.1353241511526777,0.9124114889858366,(truncamiento FPCA)
664,703,683,train,40,True,0.032051450592281636,0.1790291892186345,0.036704740883119216,0.14075530857232188,0.16317972305179265,0.6171178444289525,0.2949446038673087,0.27376510705374946,2.142330404313595,0.9114699327187025,(truncamiento FPCA)
665,704,684,train,40,True,0.03036328305368039,0.17425063286450465,0.03408836476568073,0.13689769397725032,0.159149370444583,0.6171178444289525,0.2906226869249456,0.2694117362506225,2.1605845580474052,0.9133359680153115,(truncamiento FPCA)
666,705,685,train,40,True,0.031385670557120104,0.17716001399051678,0.03481079472987196,0.13969729616661233,0.16240072367799904,0.6171178444289525,0.2966679807198608,0.2749541235073507,2.1592521195280834,0.916689494541879,(truncamiento FPCA)
667,706,686,train,40,True,0.03181062249989796,0.17835532652516425,0.035253316583011195,0.14145269530384966,0.16454129876501788,0.6171178444289525,0.3008966782217932,0.2788937941575963,2.160003055337298,0.9225477139972192,(truncamiento FPCA)
668,707,687,train,40,True,0.03129660070493883,0.17690845289284182,0.03409866225413587,0.14026466038553645,0.1627836692429213,0.6171178444289525,0.2962452128314236,0.27464194277978937,2.1424234949780865,0.9201576667539098,(truncamiento FPCA)
669,708,688,train,40,True,0.03026084696478158,0.17395645134567897,0.03240301039326923,0.13721613880994082,0.15956139480798007,0.6171178444289525,0.29168939158419627,0.2702424152401703,2.1568930159097777,0.9172490791439885,(truncamiento FPCA)
670,709,689,train,40,True,0.029427777072478595,0.17154526246002422,0.030955534994519623,0.13476678626754487,0.1568321651429923,0.6171178444289525,0.28713305603923345,0.2660687049566353,2.1607524986786344,0.9142319810757786,(truncamiento FPCA)
671,710,690,train,40,True,0.028088032559600972,0.1675948464589558,0.029389856789161613,0.13109671116954189,0.15263005116969702,0.6171178444289525,0.27944353805253175,0.2589508132621667,2.163458137523142,0.9107084996618695,(truncamiento FPCA)
672,711,691,train,40,True,0.02699098849792586,0.1642893438355813,0.029276631993381,0.12847684269171472,0.15006070613497627,0.6171178444289525,0.276825217185908,0.25636184228919934,2.1786687973165737,0.9133928143577902,(truncamiento FPCA)
673,712,692,train,40,True,0.02710540902189314,0.16463720424586037,0.03022634018310585,0.12958097904846835,0.15131263811497112,0.6171178444289525,0.2790663346303286,0.2584551286303209,2.1722862670994862,0.9190671015587032,(truncamiento FPCA)
674,713,693,train,40,True,0.02708225827666408,0.16456688086204976,0.029330237534958066,0.1295747009223074,0.1512458081546421,0.6171178444289525,0.2787430063551871,0.2582103052997488,2.1702590767247565,0.9190537449720869,(truncamiento FPCA)
675,714,694,train,40,True,0.0269306608573688,0.16410563932226338,0.028083269816535347,0.12916380206250677,0.15073729244527073,0.6171178444289525,0.27780595793715823,0.25725761151242876,2.1705137966623758,0.9185381627822035,(truncamiento FPCA)
676,715,695,train,40,True,0.0276898763770319,0.16640275351397255,0.028137674294213752,0.1319231993530358,0.15362534257600477,0.6171178444289525,0.2812401933386339,0.26073184333776356,2.1512344831173764,0.9232139452734784,(truncamiento FPCA)
677,716,696,train,40,True,0.027441183230911114,0.1656538053619992,0.025991676107785012,0.13098979151218362,0.1524752818887619,0.6171178444289525,0.27894836826786484,0.2586934974737767,2.151026994291218,0.9204453924590587,(truncamiento FPCA)
678,717,697,train,40,True,0.02709455276220956,0.16460423069353217,0.02445949995274458,0.13012872638645012,0.151546942643066,0.6171178444289525,0.277305741144983,0.25709208687418156,2.153597907192103,0.9206746509767612,(truncamiento FPCA)
679,718,698,train,40,True,0.02663316374264572,0.16319670260959845,0.02326822020650092,0.1288360919119887,0.14982068380096702,0.6171178444289525,0.2734569949619085,0.25363523475916233,2.144659625340149,0.9180374444168168,(truncamiento FPCA)
680,719,699,train,40,True,0.026170573015773156,0.16177321476614465,0.021979643785788105,0.12743231323008586,0.14828216057639804,0.6171178444289525,0.27092649569955907,0.2513015801185664,2.14890851213178,0.9166051425185007,(truncamiento FPCA)
681,720,700,train,40,True,0.02630717755847368,0.16219487525342371,0.021435857899798558,0.12796534655752448,0.14901411463906358,0.6171178444289525,0.2725550141749215,0.2527897785821593,2.154216118023539,0.9187350365184741,(truncamiento FPCA)
682,721,701,test,40,True,0.02612160609232413,0.16162179955786946,0.02141539358068969,0.12727044534996448,0.1483405230434002,0.6171178444289525,0.2716851737545456,0.251877898094908,2.159905964537521,0.9178249682233379,(truncamiento FPCA)
683,722,702,test,40,True,0.026011630699302603,0.1612812162010896,0.020311050635336326,0.1266305757506028,0.14784423261742727,0.6171178444289525,0.27167888207200963,0.2517319529744496,2.1742381532519115,0.9166859979099565,(truncamiento FPCA)
684,723,703,test,40,True,0.02752039987727521,0.16589273605940438,0.021297542437276218,0.1312443425802638,0.1532552206720177,0.6171178444289525,0.28196169396383486,0.2611466503427175,2.1809422052692513,0.9238211648829437,(truncamiento FPCA)
685,724,704,test,40,True,0.02855997755439361,0.16899697498592575,0.022462701598296903,0.13302745732575696,0.1557127699540811,0.6171178444289525,0.28808054933973337,0.2666280352052191,2.19479349899454,0.9213938294874746,(truncamiento FPCA)
686,725,705,test,40,True,0.02572219610182991,0.16038140821750477,0.02007284549389005,0.1276071037469409,0.14980603776284707,0.5829468862893282,0.2786174525114709,0.25781270522695154,2.205146920924133,0.9340611198505273,(truncamiento FPCA)
687,726,706,test,40,True,0.024727441049582445,0.1572496138296767,0.019484534018910194,0.1259657534138938,0.14806594897964226,0.500812044344398,0.2760430331453382,0.25539593136360567,2.209123630102886,0.941598172317411,(truncamiento FPCA)
688,727,707,test,40,True,0.02472850801630536,0.15725300638240708,0.01945096616532187,0.1259405954357667,0.14806884666269796,0.500812044344398,0.2761484157380314,0.25545168423074677,2.210149016444645,0.9415962853048728,(truncamiento FPCA)
689,728,708,test,40,True,0.024443562209288526,0.15634437057114825,0.020070146216378655,0.12489274513266058,0.1468833268575408,0.500812044344398,0.27411902458618675,0.2535690469773762,2.210565812632081,0.9394858690527526,(truncamiento FPCA)
690,729,709,test,40,True,0.024930641473641397,0.15789439975389055,0.020930023273054568,0.1265194301036348,0.14867164341150124,0.500812044344398,0.27728737061859,0.256548687337118,2.20590497757563,0.9415890851305377,(truncamiento FPCA)
691,730,710,test,40,True,0.025788508069783646,0.16058800724146136,0.02139599175375146,0.12888371280352134,0.15101963733532625,0.500812044344398,0.2803531648955754,0.25948786530438245,2.1930562474116995,0.940416659559465,(truncamiento FPCA)
692,731,711,test,40,True,0.0257700708623829,0.16053059167144093,0.02112700211503956,0.12866949404464953,0.15095819499571972,0.500812044344398,0.280621314193424,0.2597010368881419,2.19902553370357,0.9403702647822223,(truncamiento FPCA)
693,732,712,test,40,True,0.025719463391052216,0.16037288857862547,0.020434427441638797,0.12834646621952508,0.15078958784247826,0.500812044344398,0.28087892498172173,0.2598935169723949,2.206844467642625,0.940243635809747,(truncamiento FPCA)
694,733,713,test,40,True,0.025590791745907976,0.15997122161785218,0.020319788441462937,0.12789116178614746,0.15019659537990424,0.500812044344398,0.2796614000864426,0.2588236938276719,2.205318713049606,0.9388975958357177,(truncamiento FPCA)
695,734,714,test,40,True,0.025176125630296326,0.15866986364869773,0.019988163804966007,0.1267884534961424,0.14897150847064294,0.500812044344398,0.277521490980437,0.2570075643785269,2.2074661681744394,0.9388771443106084,(truncamiento FPCA)
696,735,715,test,40,True,0.027420081292186094,0.16559010022397502,0.021924760917143987,0.1317447487145364,0.1544774152730098,0.5455936970667282,0.2867099884251292,0.26565534787918776,2.2006977073025613,0.9328904026512795,(truncamiento FPCA)
697,736,716,test,40,True,0.028109870041070285,0.16765998342201482,0.022181503251136173,0.13308214846693528,0.1558577259747569,0.5455936970667282,0.2889729653139993,0.2678209004474678,2.1963985985031176,0.9296059965749214,(truncamiento FPCA)
698,737,717,test,40,True,0.02721765054500075,0.16497772742100902,0.021129906543120535,0.13017593968323432,0.15250745835420154,0.5455936970667282,0.28248424960354035,0.26193557787463073,2.1858524130011423,0.9244124085005461,(truncamiento FPCA)
699,738,718,test,40,True,0.02634400770741479,0.16230837226531103,0.020797908959459037,0.12836634240577946,0.15069687104500584,0.5455936970667282,0.27985492869556644,0.25939969754031694,2.1923232549965093,0.9284602447905466,(truncamiento FPCA)
700,739,719,test,40,True,0.026844050511132478,0.16384154085924754,0.02165966381312126,0.13024379762624871,0.1526713033051275,0.5455936970667282,0.28226767049838164,0.2618988087256596,2.1792727866819206,0.9318229217356047,(truncamiento FPCA)
701,740,720,test,40,False,0.026805582440615195,0.16372410464136058,0.021772182526353476,0.13008084114323754,0.15249962896859648,0.5455936970667282,0.28205951955929376,0.26170475413602573,2.1805307351482774,0.9314427420607891,(truncamiento FPCA)
702,741,721,test,40,False,0.026599629144759163,0.16309392736935108,0.022172799270120773,0.1293075400567823,0.1518487696908824,0.5455936970667282,0.28180237902896904,0.2615321235249334,2.1907237668014092,0.931051033843815,(truncamiento FPCA)
703,742,722,test,40,False,0.026338075432305964,0.16229009653181542,0.022824737045615908,0.12828759130017228,0.15068049311911488,0.5455936970667282,0.2797195468973711,0.2596138084232678,2.1904522629012617,0.9284638825116196,(truncamiento FPCA)
704,743,723,test,40,False,0.026731852860908335,0.1634987855028542,0.0237864014682197,0.12950880388967426,0.15185640574206888,0.5455936970667282,0.2804451107624473,0.2604479282217069,2.178668112755004,0.9287922553982391,(truncamiento FPCA)
705,744,724,test,40,False,0.027033008149727655,0.16441717717357773,0.025149535233178894,0.13034477025102603,0.1528667762815772,0.5455936970667282,0.2824348537447362,0.26226139912121704,2.1788148445712983,0.9297494270941861,(truncamiento FPCA)
706,745,725,test,40,False,0.026553623679271054,0.1629528265458168,0.02568798743435095,0.1291866092643488,0.15165649250281898,0.5455936970667282,0.28053415455043895,0.2605386653710856,2.1832802424916293,0.9306772746294053,(truncamiento FPCA)
707,746,726,test,40,False,0.026715412025804918,0.16344849961319596,0.026342081601515847,0.12983654840590741,0.1521863556819151,0.5455936970667282,0.280870231009792,0.2608310332050066,2.1747600984917943,0.9310966820868167,(truncamiento FPCA)
708,747,727,test,40,False,0.027179018960945857,0.164860604635995,0.028238382608989348,0.1311181626207905,0.15380281057927978,0.5455936970667282,0.2846965548069462,0.2643377017791265,2.1853683606706227,0.9329264011791637,(truncamiento FPCA)
709,748,728,test,40,False,0.02735944850351691,0.16540691794334633,0.03066834134093105,0.13179820689363397,0.15460590343665262,0.5455936970667282,0.28619078506594997,0.2657910541269466,2.1837690494135584,0.9347003460254717,(truncamiento FPCA)
710,749,729,test,40,False,0.027305090659010024,0.1652425207354633,0.032627540075385875,0.13147772940619068,0.15431091518935053,0.5455936970667282,0.28584931166818484,0.2654800877938889,2.188614111844861,0.9338450811724593,(truncamiento FPCA)
711,750,730,test,40,False,0.027538492226405066,0.16594725736331126,0.03416566201815977,0.1325298372262164,0.15549022283967048,0.5455936970667282,0.28792133711453954,0.267357360167214,2.1858226658498787,0.9369857948254787,(truncamiento FPCA)
712,751,731,test,40,False,0.027452538817322264,0.16568807687133755,0.034422446051890314,0.1324400679134055,0.15521580751493874,0.5455936970667282,0.28710935451031705,0.2666732190110025,2.181201236358245,0.9367952748674192,(truncamiento FPCA)
713,752,732,test,40,False,0.0282180937764059,0.16798242103388647,0.03569669936369673,0.13488213156176285,0.15816610226268987,0.5455936970667282,0.292965027413076,0.2720039915570354,2.18534466962961,0.9415634165123957,(truncamiento FPCA)
714,753,733,test,40,False,0.030584191235459236,0.17488336466187754,0.038540073695724736,0.13897682344952447,0.1626792646494059,0.5455936970667282,0.2990018435584359,0.2777159939889749,2.1800219540926697,0.9302157753193551,(truncamiento FPCA)
715,754,734,test,40,False,0.030449848594343566,0.1744988498367355,0.037831425481486755,0.13850226293689843,0.16215623705583138,0.5455936970667282,0.2980046808955257,0.2768741760068444,2.1813067180749726,0.9292682284585135,(truncamiento FPCA)
716,755,735,test,40,False,0.029761965623550057,0.17251656622930464,0.036550188888320435,0.13623738254614798,0.15970133110918855,0.5455936970667282,0.29502750205166617,0.2738510907109914,2.191208969342415,0.9257159158669875,(truncamiento FPCA)
717,756,736,test,40,False,0.029896633025189873,0.1729064285247656,0.03734500773394078,0.13698664848141912,0.16038314441096516,0.5455936970667282,0.29577187757224727,0.2747197319302037,2.180333501943012,0.9275718998960949,(truncamiento FPCA)
718,757,737,test,40,False,0.029639990612215627,0.17216268646897803,0.037553933981842647,0.1365390305332795,0.15953416421967231,0.5455936970667282,0.2934201569918542,0.2726918366119506,2.169585496488488,0.9266477393660951,(truncamiento FPCA)
719,758,738,test,40,False,0.02987712694596243,0.17285001286075286,0.03627307695935583,0.13737401156113463,0.1605302437667382,0.5455936970667282,0.2954328604057455,0.27456052944082404,2.17230632172081,0.9287256686296032,(truncamiento FPCA)
720,759,739,test,40,False,0.029566851714181597,0.17195014310602244,0.033469126405700475,0.13573121244272016,0.15862649173580928,0.5455936970667282,0.29184062851181103,0.27121390190144856,2.176571590258917,0.9225144502380672,(truncamiento FPCA)
721,760,740,test,40,False,0.030164851044870065,0.1736803127728358,0.03472160817561408,0.13775305819039257,0.16064291155089067,0.5455936970667282,0.2934459508769186,0.27305244302202886,2.1576452871034233,0.9249344901917737,(truncamiento FPCA)
722,761,741,test,40,False,0.03232454167315107,0.1797902713529046,0.035438011832020416,0.14214552087922344,0.16551380015234304,0.5742301446995257,0.30176070565926083,0.28091263876379813,2.150793168498538,0.9205937501894152,(truncamiento FPCA)
723,762,742,test,40,False,0.032964730655368375,0.181561919617987,0.03612228623749,0.1439342861423027,0.16772108496614793,0.5742301446995257,0.3062103759377954,0.28504069585484076,2.1516549075090703,0.9237679647749886,(truncamiento FPCA)
724,763,743,test,40,False,0.03282322810446758,0.18117181928894896,0.035505488965585676,0.14365426966446648,0.1674284637420634,0.5742301446995257,0.3058671234650744,0.2847613195775619,2.1529970237563925,0.9241418692994057,(truncamiento FPCA)
725,764,744,test,40,False,0.03131186984637635,0.17695160311897812,0.03486679742202865,0.14005021550774915,0.16307538095751603,0.5742301446995257,0.29754822525197105,0.27712402658047874,2.152522152223848,0.9215818228437748,(truncamiento FPCA)
726,765,745,test,40,False,0.031197029851931662,0.17662680955033883,0.03613451877524715,0.13963491833618197,0.16256183230637622,0.5742301446995257,0.2965092355773423,0.27608237445251194,2.151796115963253,0.9203689559938857,(truncamiento FPCA)
727,766,746,test,40,False,0.030223587104549032,0.1738493229913451,0.033918539898042235,0.1377589034545706,0.1601654255485543,0.5742301446995257,0.2907980059894487,0.2708754134726686,2.140991362291638,0.9212887504688643,(truncamiento FPCA)
728,767,747,test,40,False,0.029901889759356842,0.17292162895183716,0.03368841342783282,0.1367866817115437,0.1591883551160307,0.5742301446995257,0.28918887720861564,0.2695698755163572,2.14580909397613,0.9205809364678637,(truncamiento FPCA)
729,768,748,test,40,False,0.03013627495240987,0.17359802692545176,0.03351020884625906,0.13754704609303253,0.1601936666233921,0.5742301446995257,0.2915130231001356,0.27169290875518054,2.152860177501638,0.9227850653635835,(truncamiento FPCA)
730,769,749,test,40,False,0.029444556318544295,0.17159416166800168,0.03207111330647577,0.1347966916134678,0.1569840891182784,0.5742301446995257,0.2854113235063882,0.2660011122083835,2.1504377818238365,0.9148568202571445,(truncamiento FPCA)
731,770,750,test,40,False,0.02904855084688678,0.17043635424077452,0.031061927491759244,0.1336770927791751,0.15604506515504568,0.5742301446995257,0.28510272127749453,0.2657616480043389,2.1617819551397432,0.9155620926659911,(truncamiento FPCA)
732,771,751,test,40,False,0.028628258360701663,0.16919887222053717,0.03135525062041752,0.1321144778492457,0.15415039483888793,0.5742301446995257,0.2814455507231059,0.26242466208160076,2.163018800844992,0.9110604155680496,(truncamiento FPCA)
733,772,752,test,40,False,0.028712032407250777,0.1694462522667609,0.03120136400879535,0.13236556363074942,0.15442559273545625,0.5742301446995257,0.2819309980025867,0.26288492927477203,2.162067977155249,0.9113544305030867,(truncamiento FPCA)
734,773,753,test,40,False,0.02894009839589733,0.17011789557802945,0.03130008896881867,0.13339455897407418,0.15540650567908582,0.5742301446995257,0.28258918758590906,0.2636596287964122,2.1477019830536026,0.9135223848792802,(truncamiento FPCA)
735,774,754,test,40,False,0.02846093532636451,0.16870369090913367,0.030451678926008894,0.13127626036376533,0.15284355042002495,0.5742301446995257,0.27748892171423545,0.25886858505616034,2.1396066083504843,0.9059881831651732,(truncamiento FPCA)
736,775,755,test,40,False,0.026753861914825167,0.16356607812998747,0.028818589105787325,0.12818186363554307,0.14934410641027804,0.5742301446995257,0.27134302261361587,0.25314652318729863,2.1391376843895915,0.9130506038763911,(truncamiento FPCA)
737,776,756,test,40,False,0.02540615153249399,0.1593930724106101,0.027814764891234123,0.12571010286699255,0.1462055503556003,0.5742301446995257,0.2644140756802148,0.24679495456517567,2.1294639885325077,0.9172641454514558,(truncamiento FPCA)
738,777,757,test,40,False,0.02574951338710619,0.16046654912194688,0.02845854694520886,0.12719424178984542,0.14791614894338018,0.5742301446995257,0.26785297643730066,0.2498180549018178,2.1384793498479078,0.9217880595847487,(truncamiento FPCA)
739,778,758,test,40,False,0.025603267680901633,0.16001021117697967,0.029084224970466466,0.12717066020523898,0.14754618480129328,0.5742301446995257,0.26604642145953455,0.2482496258253406,2.1281439346761966,0.9221048064120075,(truncamiento FPCA)
740,779,759,test,40,False,0.025157747397847253,0.15861193964467887,0.028685883830071493,0.12560563256907176,0.1458648739727939,0.5742301446995257,0.26396191339321773,0.24605981617974665,2.1365724442714003,0.9196336309836395,(truncamiento FPCA)
741,780,760,test,40,False,0.025795293735305713,0.16060913341185087,0.030639650779955657,0.12728788876603075,0.14797785649809508,0.5742301446995257,0.2683943927066667,0.2501209130100786,2.142505565771451,0.9213539314643748,(truncamiento FPCA)
742,781,761,test,40,False,0.02644570906848216,0.1626213671953417,0.03226718483206002,0.12912831643448727,0.14977347617489944,0.5742301446995257,0.2700169789230898,0.25170441038330005,2.128757408124353,0.9209950620756416,(truncamiento FPCA)
743,782,762,test,40,False,0.0264467963067578,0.1626247100128323,0.03195313957279111,0.12906275309135132,0.14977960511915692,0.5742301446995257,0.2703235926382316,0.25190638956700073,2.134573519355552,0.921013818301894,(truncamiento FPCA)
744,783,763,test,40,False,0.02839703411638549,0.16851419559308792,0.03397344831401076,0.1322753469101589,0.15346422782887292,0.5786915142873019,0.2772250339818446,0.2581178128031417,2.138618109200722,0.91069020795995,(truncamiento FPCA)
745,784,764,test,40,False,0.027825143783049528,0.16680870415853463,0.03298516851928138,0.1304382141021047,0.15113166027200262,0.5786915142873019,0.2723336847514496,0.2536898073386332,2.130324008296198,0.9060178306305132,(truncamiento FPCA)
746,785,765,test,40,False,0.027859020244260492,0.16691021611711038,0.032643410084720166,0.1305020826458604,0.1512280272624933,0.5786915142873019,0.272590337634417,0.2538842845503699,2.1310396904247435,0.9060441642253109,(truncamiento FPCA)
747,786,766,test,40,False,0.027835960628891286,0.16684112391401373,0.03337399649813022,0.13023067387570694,0.151156786291736,0.5786915142873019,0.27320991919614745,0.25435738518603657,2.1399489055178273,0.9059923761340694,(truncamiento FPCA)
748,787,767,test,40,False,0.027898610646635697,0.167028771912613,0.03230030962548681,0.1303883979264498,0.1513315646579619,0.5786915142873019,0.27356720768205883,0.2546370255752765,2.1400551373087775,0.9060209383395117,(truncamiento FPCA)
749,788,768,test,40,False,0.027813143244804033,0.1667727293198862,0.03082662550437251,0.13013720851092297,0.1509794213795706,0.5786915142873019,0.27283224922264404,0.25393715664410266,2.138626742702076,0.9053004168923653,(truncamiento FPCA)
750,789,769,test,40,False,0.028053852302967624,0.16749284254250277,0.029930499946928108,0.13102823719845633,0.15208935049875072,0.5786915142873019,0.2750946374626274,0.2559543000946274,2.140269720841755,0.9080349237022277,(truncamiento FPCA)
751,790,770,test,40,False,0.029424544756774786,0.17153584102680927,0.031145456137673902,0.13386271668570854,0.1556327998310049,0.5786915142873019,0.28225559213011786,0.26261955408239784,2.1452780570707213,0.9072902718136969,(truncamiento FPCA)
752,791,771,test,40,False,0.02945464458953533,0.17162355487967065,0.03198605640359535,0.134025973681921,0.15573110763235773,0.5786915142873019,0.2820565059810178,0.2624281496037594,2.1411784874587867,0.9073993819877726,(truncamiento FPCA)
753,792,772,test,40,False,0.028719114695575726,0.16946714931093793,0.030315129785998172,0.1318257784046602,0.15298164191689553,0.5786915142873019,0.2759539185577483,0.2569117396533425,2.1262892742449315,0.902721515874473,(truncamiento FPCA)
754,793,773,test,40,False,0.02583837175576244,0.16074318572108257,0.026181988607272312,0.12599325563797253,0.1465372946216615,0.5786915142873019,0.2666365802244301,0.24824637561673057,2.1315893827669528,0.9116236807445713,(truncamiento FPCA)
755,794,774,test,40,False,0.0259562107243002,0.16110931296576309,0.025065190134633937,0.1265790018042367,0.1470003915911909,0.5786915142873019,0.2668926492623615,0.2484973763078985,2.1219277692195035,0.9124264071713196,(truncamiento FPCA)
756,795,775,test,40,False,0.02578003637454902,0.1605616279643085,0.024490881554858155,0.12531572646330327,0.14560383238103855,0.5786915142873019,0.26448740945342814,0.2462434388198162,2.1286476669058207,0.9068407827392299,(truncamiento FPCA)
757,796,776,test,40,False,0.025708641581071924,0.16033914550437123,0.02315284979387122,0.12505820266322842,0.14526589893059105,0.5786915142873019,0.26335351067762386,0.24519158194314672,2.121667612256402,0.9059914749678566,(truncamiento FPCA)
758,797,777,test,40,False,0.025813094728507374,0.16066454098060148,0.022247084339964585,0.12519035691347882,0.14563486812195375,0.5786915142873019,0.26482671209747827,0.24653217103467165,2.1314749075957464,0.9064530806429628,(truncamiento FPCA)
759,798,778,test,40,False,0.026415256295136542,0.1625277093148628,0.023529881032073395,0.12674894847636575,0.14736884515998933,0.5786915142873019,0.26769819961036295,0.24923629176446135,2.1290493522973155,0.9067305863180143,(truncamiento FPCA)
760,799,779,test,40,False,0.026834579593056906,0.16381263563308207,0.024268319273152563,0.12887101903358583,0.14969830152879918,0.5786915142873019,0.27159616951533927,0.2529110005903302,2.118240082775313,0.913838550672629,(truncamiento FPCA)
761,800,780,test,40,False,0.026194457165219266,0.16184701778290284,0.023087471771754138,0.12678996952202354,0.14747917161616195,0.5786915142873019,0.26930946781744636,0.25050367073878216,2.1309188106101127,0.9112257589694144,(truncamiento FPCA)
762,801,781,test,40,False,0.024178945802666885,0.15549580638289537,0.021216357756247063,0.12280022494885481,0.1431424420899025,0.5786915142873019,0.2621711552189829,0.2438048944669405,2.1397610807691216,0.9205550002900159,(truncamiento FPCA)
763,802,782,test,40,False,0.02354814472740723,0.15345404760842,0.020845150402162796,0.12106939207641824,0.14098126962277294,0.5786915142873019,0.2578469629008323,0.2397464277985691,2.138728544446112,0.9187197849777494,(truncamiento FPCA)
764,803,783,test,40,False,0.022197744153443104,0.14898907393981312,0.019204362491758675,0.11691775111543763,0.13609783228628697,0.5786915142873019,0.2484753246025538,0.23111709048795936,2.1369469300853723,0.9134752548449707,(truncamiento FPCA)
765,804,784,test,40,False,0.022308015800942698,0.14935868170596142,0.019030319613546155,0.11733957757213331,0.13666154221138527,0.5786915142873019,0.2495990953692135,0.23212274061784138,2.1387512125856327,0.9149889423932336,(truncamiento FPCA)
766,805,785,test,40,False,0.022498207090132803,0.14999402351471475,0.018438058297106177,0.11804846037136922,0.13746950215414794,0.5786915142873019,0.2511724277073487,0.2336563157102745,2.138092442103634,0.9164998640139943,(truncamiento FPCA)
767,806,786,test,40,False,0.021957798909824456,0.14818164160861647,0.01828788940535453,0.11565503134475141,0.13483091187366414,0.5786915142873019,0.2471572491266906,0.22980334898752203,2.145647593648923,0.9099029435089209,(truncamiento FPCA)
768,807,787,test,40,False,0.022920005275822657,0.15139354436640506,0.019079091922212913,0.11812748205827943,0.1373039151441695,0.5786915142873019,0.250104063494806,0.23253461763504296,2.1315031437542045,0.9069337514938179,(truncamiento FPCA)
769,808,788,test,40,False,0.023495504032420872,0.15328243223677288,0.019136093764527885,0.11975379930955485,0.13899214655780814,0.5786915142873019,0.2523460039511512,0.23481813027918913,2.123472765006384,0.9067715362391252,(truncamiento FPCA)
770,809,789,test,40,False,0.023837266923505268,0.15439322175375858,0.01958969986554078,0.12141330460617279,0.1410223268864897,0.5786915142873019,0.2564243253009365,0.2386335189369964,2.1293497183083354,0.9133971380648167,(truncamiento FPCA)
771,810,790,test,40,False,0.023146012530309682,0.15213813634427656,0.018796592110578363,0.11946474870357435,0.13862403338959606,0.5786915142873019,0.2516108627818044,0.23413126061809134,2.1264399994904997,0.9111721539423938,(truncamiento FPCA)
772,811,791,test,40,False,0.023097125528539486,0.151977384924664,0.01874770658018759,0.11921212330202287,0.13825121847002025,0.5786915142873019,0.25077782062178144,0.23334803757713707,2.122041516210725,0.9096828356307889,(truncamiento FPCA)
773,812,792,test,40,False,0.022588773401187468,0.15029562003327798,0.01870436483143849,0.11741277684802487,0.13599268138109638,0.5786915142873019,0.24608498871679743,0.22902604465820103,2.1152846931044946,0.9048346275891826,(truncamiento FPCA)
774,813,793,test,40,False,0.02264500312010534,0.1504825674957247,0.019054655405103576,0.11743862576203315,0.13619366009930328,0.5786915142873019,0.24746698051186605,0.23019148355412472,2.1261497378056484,0.9050460951443604,(truncamiento FPCA)
775,814,794,test,40,False,0.023430372680910933,0.15306982942732683,0.01995998153020759,0.12041936878200876,0.13969320161481547,0.5786915142873019,0.2541758826813079,0.23634190230658447,2.132047653018079,0.912610944543698,(truncamiento FPCA)
776,815,795,test,40,False,0.023601858705463687,0.15362896440926654,0.020255146971111433,0.12081437694729005,0.14016104143735458,0.5786915142873019,0.25511400422331637,0.23717618797317278,2.1330489732397386,0.9123347408888762,(truncamiento FPCA)
777,816,796,test,40,False,0.02319564799363397,0.15230117528645,0.01954578304095469,0.11923300493868871,0.13842956113568267,0.5786915142873019,0.252474900798045,0.23468378232927636,2.137813438052303,0.9089198482895655,(truncamiento FPCA)
778,817,797,test,40,False,0.022913552367066648,0.15137223116234577,0.019549806426981176,0.11797665121154047,0.1371307686794062,0.5786915142873019,0.2506580516502739,0.23304285553755597,2.147132438357325,0.9059176021018962,(truncamiento FPCA)
779,818,798,test,40,False,0.02352129343585011,0.15336653297199526,0.0200537146802149,0.11895280595803612,0.1385239492373346,0.5786915142873019,0.25422405316900043,0.2361570763826159,2.1553016357750208,0.9032214952829969,(truncamiento FPCA)
780,819,799,test,40,False,0.023874811114441754,0.15451476018310276,0.020803497003624757,0.12012040132678332,0.13991843615089156,0.5786915142873019,0.2569400721035223,0.23863867344609152,2.157044948979715,0.9055344355781008,(truncamiento FPCA)
781,820,800,test,40,False,0.0233016532212667,0.15264879043499396,0.02127471658849904,0.11851500742178811,0.13808726420794953,0.5786915142873019,0.25347071031465995,0.23549678810116506,2.1593053070782804,0.9046076540433151,(truncamiento FPCA)
782,821,801,test,40,False,0.022617508374634384,0.1503911844977437,0.021230950071181684,0.11679423175400627,0.1361735753182713,0.5786915142873019,0.25046567764373784,0.23278778457592048,2.1598461441710906,0.905462482877873,(truncamiento FPCA)
783,822,802,test,40,False,0.022587899175468922,0.15029271165119393,0.02187272698133184,0.11665148784372806,0.1360001187613317,0.5786915142873019,0.25013308739048,0.23255277270576297,2.1596681773966466,0.9049016234198161,(truncamiento FPCA)
784,823,803,test,40,False,0.020033199537497017,0.1415386856569504,0.019047929157321838,0.11165037307185159,0.13031256735658045,0.5130395025506687,0.23997943156417212,0.22328548565678363,2.1547768740035886,0.9206851593381412,(truncamiento FPCA)
785,824,804,test,40,False,0.020637047139936283,0.14365600279812982,0.019304046039823868,0.11374407512279805,0.1327385186853401,0.5130395025506687,0.24442762142910643,0.22731209514642375,2.1560974679295972,0.9240025902145464,(truncamiento FPCA)
786,825,805,test,40,False,0.020314971078596457,0.14253059699094947,0.01929459118118466,0.11313060297837903,0.1317141562863688,0.5130395025506687,0.24122545050028385,0.22446198887688565,2.1419497616427385,0.9241114474159712,(truncamiento FPCA)
787,826,806,test,40,False,0.020017623703222732,0.14148365171716035,0.019013185307857318,0.11245957746171256,0.13064479467180876,0.5130395025506687,0.2381165445480115,0.22180924729921134,2.127721800073359,0.9233914525543946,(truncamiento FPCA)
788,827,807,test,40,False,0.019914463725683403,0.14111861580133006,0.019172178434644593,0.11224050716755585,0.130353202340059,0.5130395025506687,0.23741558123538353,0.221242333128932,2.12619457396782,0.9237137255057346,(truncamiento FPCA)
789,828,808,test,40,False,0.019889586618342094,0.14103044571418646,0.01945211027369526,0.11218303495092505,0.13024223391733195,0.5130395025506687,0.237062045952791,0.22103248125089006,2.1238391076826937,0.9235043770710475,(truncamiento FPCA)
790,829,809,test,40,False,0.02019253749254709,0.14210044860079468,0.020173358070908965,0.11307734679571699,0.13124716813174522,0.5130395025506687,0.23887944549373435,0.2229271430009021,2.1214941499985978,0.9236224756788786,(truncamiento FPCA)
791,830,810,test,40,False,0.0187392078592488,0.13689122637791218,0.0182480342735231,0.10989201429724575,0.1273456133683133,0.46601706966386236,0.2312566193641771,0.21584125928336534,2.11962521081648,0.9302686281497212,(truncamiento FPCA)
792,831,811,test,40,False,0.01926399850145875,0.13879480718477458,0.018396225392589536,0.11112793552972963,0.12877451731671247,0.46601706966386236,0.23389105297098398,0.21831988576437036,2.120292169661077,0.9278050089098628,(truncamiento FPCA)
793,832,812,test,40,False,0.019339613091556396,0.13906693744940382,0.0182867828048293,0.1114926839513346,0.12920700079477768,0.46601706966386236,0.2348903176273617,0.21920054137238268,2.1247354142732915,0.9290993471527806,(truncamiento FPCA)
794,833,813,test,40,False,0.019368609997257997,0.13917115361043034,0.017938428305883335,0.11161772800938088,0.1293555603609075,0.46601706966386236,0.23527182937927932,0.21947291668758853,2.1263746722049577,0.9294710649809028,(truncamiento FPCA)
795,834,814,test,40,False,0.01934433629350569,0.13908391816995122,0.018126625349227918,0.11134902594330912,0.12926545016349866,0.46601706966386236,0.23572062016220996,0.2197905789866676,2.135482963785303,0.9294061589891719,(truncamiento FPCA)
796,835,815,test,40,False,0.019616555941416074,0.1400591158811738,0.017975974435232033,0.11291331697032618,0.1311395760699922,0.46601706966386236,0.23932913196695077,0.22311696124848251,2.135131078450443,0.936315892363986,(truncamiento FPCA)
797,836,816,test,40,False,0.020602609577928838,0.14353609155166808,0.01901224882092963,0.11545651648910485,0.13421399666300868,0.46601706966386236,0.24587544374486328,0.2289522398904829,2.146566088900967,0.9350540007890367,(truncamiento FPCA)
798,837,817,test,40,False,0.02068698076534513,0.1438296936148622,0.0192435877044518,0.11578081627672195,0.134487234653789,0.46601706966386236,0.24609321781229002,0.22923621738122657,2.1425065874593647,0.9350449915711437,(truncamiento FPCA)
799,838,818,test,40,False,0.021509712842546942,0.1466618997645501,0.020011738670273206,0.11737610916306651,0.1361851702987564,0.46601706966386236,0.24818079794422504,0.2312006545318935,2.137840961282398,0.9285654319041758,(truncamiento FPCA)
800,839,819,test,40,False,0.021745669866351337,0.1474641307788146,0.020239933298937196,0.11813286986589203,0.13696080225393809,0.46601706966386236,0.24855931987587782,0.231777196172637,2.1302118297503094,0.9287736721506143,(truncamiento FPCA)
801,840,820,test,40,False,0.021912823609481834,0.14802980649005062,0.02021100367994441,0.11866142278779998,0.13769104672442536,0.46601706966386236,0.2501966818275996,0.2332924742233576,2.1349507607027034,0.9301575810252771,(truncamiento FPCA)
802,841,821,test,40,False,0.022977391133188377,0.15158295132760932,0.021323815535858492,0.12132487164038257,0.14036437669094037,0.46601706966386236,0.25279377214006415,0.23602055201651212,2.118087745083472,0.9259905250662209,(truncamiento FPCA)
803,842,822,test,40,False,0.023138722355307152,0.1521141753923912,0.021280292803940618,0.12195600134851411,0.14105644409491971,0.46601706966386236,0.2539953591885241,0.23746188992285883,2.115182897352659,0.9273063718818635,(truncamiento FPCA)
804,843,823,test,40,False,0.024650800599655485,0.15700573428908732,0.022911796314672522,0.12655473491336888,0.14627310479595057,0.46601706966386236,0.26320180562616713,0.24610300823720133,2.1116268699586302,0.931641799315589,(truncamiento FPCA)
805,844,824,test,40,False,0.024946421822545285,0.15794436306036783,0.022965106352339743,0.12771470236645277,0.14739667460952618,0.46601706966386236,0.2646377105950778,0.24752799467320905,2.1021462345507547,0.9332189623835437,(truncamiento FPCA)
806,845,825,test,40,False,0.02550257532624437,0.1596952576823882,0.024104325733708572,0.1292987591602253,0.14906047342621492,0.46601706966386236,0.26700886633132537,0.24980120066076533,2.0949535415631138,0.9334057603806595,(truncamiento FPCA)
807,846,826,test,40,False,0.026231053002630355,0.1619600352019916,0.025012514690101437,0.13216676106533415,0.15226392596385185,0.46601706966386236,0.27212670228349667,0.2547452877838665,2.088933881805846,0.9401327047993843,(truncamiento FPCA)
808,847,827,test,40,False,0.02566679626821654,0.16020860235398268,0.024456498740621148,0.13068910269700346,0.15097055887399277,0.46601706966386236,0.27138931218385975,0.2537559320109059,2.1017489012614075,0.9423374067044268,(truncamiento FPCA)
809,848,828,test,40,False,0.025150215404158228,0.15858819440348712,0.025175574205142288,0.12937108788400126,0.14949146038868572,0.46601706966386236,0.2690139335033909,0.25148235665375046,2.103253740125923,0.9426392736923589,(truncamiento FPCA)
810,849,829,test,40,False,0.024943111347819617,0.15793388283651996,0.02441561377760841,0.128495085642906,0.14850582826141748,0.46601706966386236,0.26721014788719033,0.2497312645704098,2.1065959575225612,0.9403037878524039,(truncamiento FPCA)
811,850,830,test,40,False,0.0252271256424648,0.1588304934276312,0.02497403076502129,0.12947698664806326,0.14969074011290842,0.46601706966386236,0.269537297448833,0.25188855117450326,2.1077176718605437,0.942455928219557,(truncamiento FPCA)
812,851,831,test,40,False,0.02535596059917944,0.1592355506762841,0.02494722830817477,0.13012476588908778,0.15054697790418706,0.46601706966386236,0.2712801683459947,0.25350089640320617,2.1114104448634916,0.9454357225180177,(truncamiento FPCA)
813,852,832,test,40,False,0.025563003860800976,0.1598843452649476,0.025296112048925755,0.13106056439220232,0.1516934194305058,0.46601706966386236,0.27361708894537384,0.25563676652580447,2.1151089699377708,0.9487696821044709,(truncamiento FPCA)
814,853,833,test,40,False,0.02568888499581281,0.160277524924154,0.02486068066327478,0.131301274014081,0.15210700932354157,0.46601706966386236,0.27474834909617685,0.25659350544700715,2.1196419037284038,0.949022699193297,(truncamiento FPCA)
815,854,834,test,40,False,0.025516399199162893,0.15973853385818618,0.024734672354068895,0.1309419899996393,0.1516061318745228,0.46601706966386236,0.27334788997633963,0.2553930210985743,2.1152969623069695,0.9490892911857872,(truncamiento FPCA)
816,855,835,test,40,False,0.024792930754650624,0.15745771100409983,0.02389351454593458,0.12871007878595714,0.14904977915729506,0.46601706966386236,0.2686886540427201,0.2511223439901552,2.1124355071852294,0.9466019682796871,(truncamiento FPCA)
817,856,836,test,40,False,0.02548178141009535,0.15963013941638762,0.026064791484125105,0.13091634990860224,0.15161902633087704,0.46601706966386236,0.27349281270471293,0.25556732348946,2.1138194311610126,0.9498145330524709,(truncamiento FPCA)
818,857,837,test,40,False,0.025896126439672075,0.16092273437793703,0.026480133747728243,0.1325631115206324,0.1533777415312489,0.46601706966386236,0.27625803855042114,0.25821556613254515,2.105875434527557,0.9531141893912376,(truncamiento FPCA)
819,858,838,test,40,False,0.025579393459692817,0.15993559159765788,0.027047045404827687,0.13190061530760772,0.15269613911445648,0.4545330841652087,0.2752480087172849,0.2572129323423039,2.1084594939318557,0.9547352005211365,(truncamiento FPCA)
820,859,839,test,40,False,0.02524358268304965,0.15888229191149544,0.02714112288616815,0.13074732030639935,0.15138963644560427,0.4545330841652087,0.2729029949127505,0.25505485458263155,2.1106779617508655,0.9528414691420432,(truncamiento FPCA)
821,860,840,test,40,False,0.025541891802007177,0.15981830871964317,0.02763393167723803,0.13180815194030265,0.15244725150759414,0.4545330841652087,0.27445945289876017,0.25642077728663415,2.1037191573783387,0.953878518230477,(truncamiento FPCA)
822,861,841,test,40,False,0.02564049610162234,0.16012650031029324,0.027942863119378707,0.13189774734114174,0.15278223865206322,0.4545330841652087,0.27627789980863493,0.2578708922772911,2.116518808567934,0.9541346270355107,(truncamiento FPCA)
823,862,842,test,40,False,0.025505420719433673,0.15970416625571693,0.027700293935802228,0.13090205125875976,0.15163712634318197,0.4545330841652087,0.27415838477721766,0.2558660425161404,2.1200993708965683,0.949487605103438,(truncamiento FPCA)
824,863,843,test,40,False,0.025672934430223594,0.1602277579891312,0.028380073551000848,0.13150048091830616,0.15231089355993715,0.4545330841652087,0.2754984495555153,0.2571170184192529,2.1225359483838395,0.9505899319284549,(truncamiento FPCA)
825,864,844,test,40,False,0.02603122587814158,0.1613419532488112,0.02879794940647386,0.1320391979113003,0.1532455595134941,0.4545330841652087,0.2780509943255887,0.25929353830468804,2.1308547691005626,0.9498184224729735,(truncamiento FPCA)
826,865,845,test,40,False,0.026339017862759818,0.1622930000423919,0.02889917345504176,0.13263514132150903,0.1542295458168911,0.4545330841652087,0.2810575296679299,0.2618498486821283,2.1439506722285477,0.950315452771256,(truncamiento FPCA)
827,866,846,test,40,False,0.026166112827173425,0.16175942886636754,0.028712317154355446,0.13173249967789885,0.1533686871638172,0.4545330841652087,0.28028249160429686,0.26107415829099123,2.156730659505192,0.9481282682477689,(truncamiento FPCA)
828,867,847,test,40,False,0.02571999734387047,0.1603745532928166,0.027937463724185256,0.13027353330628721,0.1517634186849049,0.4545330841652087,0.27760848005485794,0.2585581939172135,2.1610877732279805,0.9463061038605717,(truncamiento FPCA)
829,868,848,test,40,False,0.025538919819513083,0.15980901044532214,0.027312506668101363,0.1293606625126551,0.15075384347842036,0.4545330841652087,0.27579600181403485,0.25672482313354356,2.1650228181771163,0.9433375693794189,(truncamiento FPCA)
830,869,849,test,40,False,0.02521419981525668,0.1587897975792421,0.027026798583108348,0.12836032061486863,0.14966449664263268,0.4545330841652087,0.2738004582204702,0.25473815328949095,2.1681163282515863,0.9425321961755411,(truncamiento FPCA)
831,870,850,test,40,False,0.025480879214496915,0.15962731349771228,0.028494146137328615,0.12937771926329308,0.15069888550063926,0.4545330841652087,0.27483985081630147,0.25587620161055835,2.158581267182696,0.9440670409002343,(truncamiento FPCA)
832,871,851,test,40,False,0.024807850080299905,0.1575050795380895,0.027766023165512948,0.1276991294346475,0.14875817843209688,0.4545330841652087,0.27125111460077744,0.252531360934699,2.1574491100344977,0.9444659109938269,(truncamiento FPCA)
833,872,852,test,40,False,0.02572160060425708,0.1603795517023822,0.02841173076350998,0.12991716573089745,0.1517054801953793,0.4545330841652087,0.27773506271011744,0.25840736835777145,2.170782513328649,0.9459153525812353,(truncamiento FPCA)
834,873,853,test,40,False,0.026425710764810827,0.1625598682480114,0.029263972852956614,0.13200496906000297,0.1540825320833534,0.4545330841652087,0.2820023367511829,0.2623086610492579,2.1719041529470786,0.9478509901858158,(truncamiento FPCA)
835,874,854,test,40,False,0.026366051496425437,0.16237626518806694,0.029265994017862642,0.13181354344618504,0.15384991410402987,0.4545330841652087,0.28157459002932433,0.2619653800594133,2.172200340774441,0.947490163823132,(truncamiento FPCA)
836,875,855,test,40,False,0.026833914615087162,0.16381060592979674,0.029764234129119018,0.13344355519310874,0.1554874205043354,0.4545330841652087,0.28315050428746114,0.2636854041896423,2.158206519655953,0.9491901920622383,(truncamiento FPCA)
837,876,856,test,40,False,0.025889489163608663,0.1609021105007907,0.029480650168731335,0.13105937214786909,0.1526152347194663,0.4545330841652087,0.2773416852240141,0.25841511837259856,2.1516524190625597,0.9484974077994852,(truncamiento FPCA)
838,877,857,test,40,False,0.0258265092824432,0.16070628264770234,0.02972141065913413,0.1308576321082198,0.15241313537487494,0.4545330841652087,0.27704971194756955,0.25813116218289067,2.1528619100211897,0.94839562501108,(truncamiento FPCA)
839,878,858,test,40,False,0.024135827885544546,0.1553570979567543,0.027214713915662752,0.12668242992662038,0.14783612322114864,0.4438704920685383,0.2700353596441557,0.2515787083158715,2.161421571652422,0.9515891141472068,(truncamiento FPCA)
840,879,859,test,40,False,0.02405965757751696,0.1551117583470607,0.026858883644544727,0.12627699031142253,0.1476023921336569,0.4438704920685383,0.27114904976652576,0.25226688422147175,2.1748921106460344,0.9515873825851313,(truncamiento FPCA)
841,880,860,test,40,False,0.02451380831525759,0.15656886125682076,0.025982681981381338,0.1273816139334894,0.14904112521725446,0.4438704920685383,0.2742200680806367,0.25507930614200597,2.1782226753477714,0.9519206055460893,(truncamiento FPCA)
842,881,861,test,40,False,0.023272656808467455,0.15255378333056002,0.02430060052533679,0.12437636730715824,0.14570040549026328,0.4438704920685383,0.26913399067385857,0.2501914213324722,2.179399616208859,0.9550756612476365,(truncamiento FPCA)
843,882,862,test,40,False,0.02330492262469897,0.1526594989664874,0.023699386726501768,0.1245724060548374,0.14582186267788164,0.4438704920685383,0.26903989696834724,0.24986181823948303,2.174762479880631,0.9552098864800624,(truncamiento FPCA)
844,883,863,test,40,False,0.02201798795054517,0.14838459472110024,0.022334775745362093,0.12125016532979331,0.14217075203442797,0.42561587633840986,0.2630273472671058,0.2441580438799932,2.183237491380069,0.9581233975241726,(truncamiento FPCA)
845,884,864,test,40,False,0.021703552062484924,0.14732125461889375,0.022148374509400878,0.12001761493448297,0.14095953361154817,0.42561587633840986,0.2614634482448747,0.24277437259453327,2.1932090740888066,0.956817357931123,(truncamiento FPCA)
846,885,865,test,40,False,0.020903607281403898,0.14458079845333507,0.021016108430757557,0.11758403222700112,0.13820847211861503,0.42561587633840986,0.2566310130011139,0.23823103932589582,2.1939713064700896,0.9559255004614131,(truncamiento FPCA)
847,886,866,test,40,False,0.021162834458231156,0.1454745148066532,0.02091553318834598,0.11785595414163648,0.13888594089097642,0.42561587633840986,0.2592940513145551,0.24049917527522569,2.2067448559830454,0.9547097721932017,(truncamiento FPCA)
848,887,867,test,40,False,0.02098045989780998,0.14484633201365502,0.02042012320013394,0.1175685716467462,0.13838563000990275,0.42561587633840986,0.25812655181448657,0.23938922283596198,2.203432337107684,0.9553961642387796,(truncamiento FPCA)
849,888,868,test,40,False,0.020699366388590767,0.14387274373066905,0.019643901466589245,0.1164498410790962,0.13723365995015935,0.42561587633840986,0.25648818237548604,0.23774289808076068,2.210768676204032,0.9538544716090345,(truncamiento FPCA)
850,889,869,test,40,False,0.022240140148596717,0.1491312849424852,0.021520136751971508,0.12012750002851354,0.14166287250197965,0.5163884544042494,0.2651443984217021,0.24579577090459503,2.2090132843942607,0.9499205519258694,(truncamiento FPCA)
851,890,870,test,40,False,0.02253510711700359,0.15011697811041758,0.02245338250573915,0.12108717399582825,0.14257451756327227,0.5163884544042494,0.2658926605297641,0.24655049474880636,2.2000055801357683,0.949756112585763,(truncamiento FPCA)
852,891,871,test,40,False,0.02264050496938602,0.15046762099995475,0.02244083213918184,0.12159887468625186,0.1430880130392792,0.5163884544042494,0.2667629120006224,0.24734896234891995,2.196223632537621,0.9509555084899112,(truncamiento FPCA)
853,892,872,test,40,False,0.023759788259412155,0.15414210410985105,0.02273014148978848,0.1244078420453579,0.14625690427131594,0.5163884544042494,0.2724040838698375,0.2526154276911762,2.1927377286981806,0.9488446074868964,(truncamiento FPCA)
854,893,873,test,40,False,0.02581861571604161,0.16068172178577628,0.0244960893268603,0.12806676198257638,0.1504651555877862,0.6293145150986623,0.2802342306666636,0.25996093548199706,2.1895432126835757,0.9364173716559312,(truncamiento FPCA)
855,894,874,test,40,False,0.02666511639304734,0.16329456939239387,0.025124091611953416,0.1300090762676199,0.1525427786209732,0.6293145150986623,0.28237620349785225,0.26237402930240133,2.181598449400242,0.9341570830467466,(truncamiento FPCA)
856,895,875,test,40,False,0.026719194054625833,0.16346006868536986,0.02450000799927811,0.13027438848079034,0.152824405205285,0.6293145150986623,0.28258189974720826,0.2625529137067616,2.1784195508901325,0.9349341795484222,(truncamiento FPCA)
857,896,876,test,40,False,0.028829367004840133,0.16979212880708025,0.025837954437301212,0.13382431454283394,0.15680504327260078,0.6293145150986623,0.2892703566765348,0.2687113359560969,2.1755069437455594,0.9235118516640101,(truncamiento FPCA)
858,897,877,test,40,False,0.029147111102884565,0.1707252503377417,0.02558568918613267,0.1344520657719094,0.15773141429321214,0.6293145150986623,0.2916845333791077,0.27081314567909,2.1827242267324296,0.9238903676004331,(truncamiento FPCA)
859,898,878,test,40,False,0.029628680614051828,0.17212983650155433,0.024611202412600716,0.13516464533152706,0.1587394198780953,0.6293145150986623,0.2939639635258704,0.2729812389036585,2.185637696404922,0.9222074632985658,(truncamiento FPCA)
860,899,879,test,40,False,0.03089540457849279,0.17577088660666415,0.02558521450403631,0.13845245677296486,0.1623620081947573,0.6293145150986623,0.29991719091815744,0.2786742519600458,2.1784306474334936,0.9237138830509917,(truncamiento FPCA)
861,900,880,test,40,False,0.030404149720800022,0.17436785747608421,0.024397349164158356,0.1365938199641294,0.16034656328198796,0.6293145150986623,0.29653324636832423,0.2754770981328895,2.186582173557335,0.9195878506678365,(truncamiento FPCA)
862,901,881,test,40,False,0.03009114803912169,0.17346800292596237,0.024035682467419304,0.13557297787503556,0.15914042014219307,0.6293145150986623,0.2941105408843484,0.27318478703086946,2.1859627738985976,0.9174050398799805,(truncamiento FPCA)
863,902,882,test,40,False,0.030641242884812257,0.17504640209045216,0.024346443821717596,0.13820259704056376,0.16205501992801827,0.6293145150986623,0.29879699264399384,0.2776490931766911,2.174335700116619,0.9257832094388274,(truncamiento FPCA)
864,903,883,test,40,False,0.03027625619411582,0.1740007361884306,0.023606140069746668,0.13647203972991725,0.16026596677210156,0.6293145150986623,0.29638626750498454,0.2752967359744078,2.1884927283034714,0.9210648775562924,(truncamiento FPCA)
865,904,884,test,40,False,0.030161546138251904,0.1736707981735902,0.0237261120670455,0.13657848806018716,0.15998585727346532,0.6293145150986623,0.29441082079511,0.2738792688698757,2.1758249098634628,0.9212018310271926,(truncamiento FPCA)
866,905,885,test,40,False,0.029422558333861544,0.17153005081868758,0.022826322491490043,0.1337084210460509,0.15653409690378237,0.6293145150986623,0.2876678284683782,0.26780351768305677,2.1769695936416804,0.912575354328109,(truncamiento FPCA)
867,906,886,test,40,False,0.029627471360352754,0.17212632384488072,0.022939408176076474,0.13446699752725166,0.1575279855231008,0.6293145150986623,0.2896683665650845,0.2695400464715494,2.1791882979469124,0.9151882292278788,(truncamiento FPCA)
868,907,887,test,40,False,0.029417303170877818,0.17151473164389647,0.022704651647805007,0.13340700969722236,0.15622832332198403,0.6293145150986623,0.28699202999641604,0.26703884524368887,2.1736941140107944,0.9108740795883907,(truncamiento FPCA)
869,908,888,test,40,False,0.030268566899063896,0.17397863920339157,0.02377647445640239,0.13627100361571373,0.15942056231457774,0.6293145150986623,0.2925412048749857,0.2722393283614017,2.166169083193094,0.9163226189406243,(truncamiento FPCA)
870,909,889,test,40,False,0.03014278207458327,0.17361676783819951,0.02393751223307112,0.13605574241774795,0.15888050647935334,0.6293145150986623,0.29056611574858054,0.2704677430045716,2.150797677703138,0.9151219001347871,(truncamiento FPCA)
871,910,890,test,40,False,0.03111487435875499,0.1763940882194043,0.024743184160862866,0.13797840686087226,0.1613284445615111,0.6293145150986623,0.2961370787107141,0.2754382943031884,2.1601075834842822,0.9145909944603466,(truncamiento FPCA)
872,911,891,test,40,False,0.030709462225472505,0.17524115448567584,0.024749769827029727,0.13590274667298133,0.15905251555146677,0.6293145150986623,0.2922974241305317,0.271824088758325,2.1697049764109546,0.9076207927200552,(truncamiento FPCA)
873,912,892,test,40,False,0.0300722909850354,0.173413641288785,0.024306783755306174,0.13465918227887244,0.1572647780615637,0.6293145150986623,0.2882070183354979,0.2681305161393176,2.160913853795246,0.9068766268489301,(truncamiento FPCA)
874,913,893,test,40,False,0.02960930927231118,0.17207355773712352,0.02381512052312553,0.13339333685227972,0.15588772261689887,0.6293145150986623,0.28602152288491783,0.26602906862762915,2.1637169008291286,0.9059365347408478,(truncamiento FPCA)
875,914,894,test,40,False,0.02990684122418007,0.17293594543697408,0.024129062972442133,0.1344217745400338,0.15691929070810184,0.6293145150986623,0.287556052908747,0.2674621421514237,2.157143194037607,0.9073838889399113,(truncamiento FPCA)
876,915,895,test,40,False,0.029317643891149853,0.17122395828607004,0.023783883480879887,0.13223006991424988,0.15466075282352368,0.6293145150986623,0.28487281415909116,0.2647416577446025,2.1739134315759,0.9032658418346244,(truncamiento FPCA)
877,916,896,test,40,False,0.02957508536893827,0.1719740834222944,0.023828803446012504,0.13291116475754866,0.15567267927483472,0.6293145150986623,0.28750598557296503,0.2671720000020607,2.184784207325612,0.9052101117618377,(truncamiento FPCA)
878,917,897,test,40,False,0.029726188658720065,0.17241284365939813,0.023207802665617897,0.13330728778958117,0.15614151081916444,0.6293145150986623,0.2884473563195304,0.26801754807988676,2.1850900921480454,0.9056257498288368,(truncamiento FPCA)
879,918,898,test,40,False,0.029794397484727064,0.17261053700376192,0.023758199755127597,0.13348076415115667,0.15648264011109764,0.6293145150986623,0.2893925962080127,0.26882073610709795,2.191632017725527,0.9065648182746063,(truncamiento FPCA)
880,919,899,test,40,False,0.030232358337519822,0.1738745476989655,0.02500491601033856,0.1347682293629272,0.15768388485468943,0.6293145150986623,0.28963839844912664,0.2693311613615422,2.177354375268819,0.9068830771464753,(truncamiento FPCA)
881,920,900,test,40,False,0.029679287009046096,0.17227677443302128,0.026275174531681666,0.13337392045384985,0.15583595436406134,0.6293145150986623,0.2857040823367069,0.26569105954154854,2.17203995099149,0.9045674025238272,(truncamiento FPCA)
882,921,901,test,40,False,0.03049725660497306,0.1746346374719891,0.027671457935602516,0.13512822442571326,0.1582744895843638,0.6293145150986623,0.2917548545631391,0.27105489795798315,2.1886318235983118,0.9063178523776566,(truncamiento FPCA)
883,922,902,test,40,False,0.030580398170337954,0.17487251976893897,0.028623567386006327,0.1353257535816163,0.15856900975818725,0.6293145150986623,0.2926473072320789,0.2718820993696429,2.1924436945294774,0.9067691708663331,(truncamiento FPCA)
884,923,903,test,40,False,0.030872478367078675,0.17570565832402402,0.028796082456261002,0.1363685708690942,0.15972497637322686,0.6293145150986623,0.2946714025317566,0.2738098410897449,2.188954839548725,0.9090485639265714,(truncamiento FPCA)
885,924,904,test,40,False,0.031067402678216182,0.17625947542817713,0.02980513204838394,0.13703537570494073,0.16052643318385437,0.6293145150986623,0.296325222694462,0.27521853127675616,2.189593259209622,0.9107393108591559,(truncamiento FPCA)
886,925,905,test,40,False,0.0318302405733562,0.17841031521006906,0.031962873485201056,0.13942699614933188,0.16318404557977256,0.6293145150986623,0.3006461479945023,0.279288746850308,2.186387418709476,0.9146558896419843,(truncamiento FPCA)
887,926,906,test,40,False,0.03129815952857455,0.17691285857329464,0.03224671023174841,0.1381502504037942,0.16165816527965088,0.6293145150986623,0.2977504954939562,0.27652273664236315,2.1876653299932123,0.9137728403878355,(truncamiento FPCA)
888,927,907,test,40,False,0.03155218257601926,0.17762934041429995,0.03275886135002573,0.13896295678366816,0.1623413234396919,0.6293145150986623,0.29759131007268086,0.27679715857696685,2.1765550049046665,0.9139330420360143,(truncamiento FPCA)
889,928,908,test,40,False,0.032278793070329846,0.17966299861220686,0.03534098988630438,0.14087271279651173,0.16479532327941065,0.6293145150986623,0.3024728467420169,0.28124366177856697,2.1796056403484494,0.9172468708212574,(truncamiento FPCA)
890,929,909,test,40,False,0.03216880787374987,0.1793566499289889,0.034953220510042196,0.14069785057482445,0.16458238716791027,0.6293145150986623,0.30188855223439987,0.28057405869663254,2.1788082706879726,0.9176263452348822,(truncamiento FPCA)
891,930,910,test,40,False,0.03164407361569672,0.17788781188068145,0.03605017310673274,0.1390475605873422,0.16275307572614148,0.6293145150986623,0.2989964166858461,0.27781573710811197,2.181699979916764,0.9149197688445815,(truncamiento FPCA)
892,931,911,test,40,False,0.0319992105043122,0.17888323147883986,0.03433758442700964,0.1402449284916599,0.1640348507370232,0.6293145150986623,0.300898511010096,0.279577181889476,2.1761260201159183,0.91699400430625,(truncamiento FPCA)
893,932,912,test,40,False,0.030951475202941107,0.17593031348503052,0.03357628743361563,0.13772321255218803,0.161166006449266,0.6293145150986623,0.29570106545258046,0.2747640798976505,2.177679155466715,0.9160786635157063,(truncamiento FPCA)
894,933,913,test,40,False,0.028716036793357113,0.16945806795003038,0.0314557734969037,0.1336980571295804,0.15636336612657314,0.6095858934639025,0.28626099453030934,0.26600362903817976,2.174626545830372,0.92272600542502,(truncamiento FPCA)
895,934,914,test,40,False,0.028047636261480248,0.1674742853738455,0.031195169177099687,0.13197105689283106,0.15480200157726304,0.6095858934639025,0.2859439585333413,0.2651412934873599,2.1918042583316355,0.924332957932648,(truncamiento FPCA)
896,935,915,test,40,False,0.027992295834856296,0.16730898312659812,0.03184335457493715,0.13151632687337195,0.15451337806004498,0.6095858934639025,0.2864168789276473,0.2654497723743065,2.2091029292666016,0.9235211114942283,(truncamiento FPCA)
897,936,916,test,40,False,0.025140095616953812,0.15855628532780974,0.029197064106674,0.12536641317527414,0.1476119905429793,0.5167930822089161,0.2745688298957462,0.25448843502911106,2.218825223266717,0.930975333067349,(truncamiento FPCA)
898,937,917,test,40,False,0.024649993456722346,0.15700316384303326,0.028474445434868684,0.124057136645538,0.1460732219925068,0.5167930822089161,0.2715687433330318,0.2516690823651711,2.218918919464192,0.9303839388774747,(truncamiento FPCA)
899,938,918,test,40,False,0.023675214692171404,0.1538675231885254,0.028329514338377135,0.12245743727622153,0.14378867237522677,0.4930166740995685,0.2661998168299934,0.2467732054874101,2.2090770615504547,0.9344965681877548,(truncamiento FPCA)
900,939,919,test,40,False,0.022563725456786126,0.15021226799694534,0.02797471770580437,0.11964807905024935,0.1408364041170637,0.4930166740995685,0.26168373750530904,0.24240791337363818,2.2195451069292376,0.937582568954539,(truncamiento FPCA)
901,940,920,test,40,False,0.023564376171194428,0.15350692548284076,0.03003261766554714,0.12271244946359394,0.1441986237446308,0.4930166740995685,0.26740056365861037,0.24787271954455042,2.2102663291580646,0.9393623335954934,(truncamiento FPCA)
902,941,921,test,40,False,0.023647171875920726,0.15377636969287814,0.029687738944481828,0.12315998382943869,0.14456510642391182,0.4930166740995685,0.267437878936427,0.24807648380649727,2.2009725772363504,0.9400996181184207,(truncamiento FPCA)
903,942,922,test,40,False,0.023309721601796306,0.15267521606926354,0.030110034921460326,0.12184094438578033,0.143224383458691,0.4930166740995685,0.2657478439383413,0.246422742309703,2.2111198458409413,0.9380984494150969,(truncamiento FPCA)
904,943,923,test,40,False,0.02501744747015177,0.15816904713044133,0.03293032792527906,0.12602408903216245,0.14830926082357357,0.5313833105043284,0.27578945503078656,0.2554209018810102,2.2111056512495355,0.937662984725852,(truncamiento FPCA)
905,944,924,test,40,False,0.024035534495661804,0.1550339785197484,0.030556926023303968,0.12202605297230706,0.14382216601349565,0.5313833105043284,0.26833217070084625,0.24833411172136732,2.221715794153215,0.927681579139604,(truncamiento FPCA)
906,945,925,test,40,False,0.02462551326781444,0.15692518366347205,0.03252526875333522,0.12480860372784328,0.14682823579898266,0.5313833105043284,0.27250694500106637,0.2522818738604373,2.2039917637949005,0.9356575686019752,(truncamiento FPCA)
907,946,926,test,40,False,0.025432417478884927,0.15947544475211514,0.033955675952910186,0.12688526173647507,0.1491968062969551,0.5313833105043284,0.2770365284743169,0.25636655421876264,2.2010972328019554,0.9355472030748251,(truncamiento FPCA)
908,947,927,test,40,False,0.025834810997099868,0.16073210941532456,0.033082364154001474,0.12858439532701418,0.15128083442576573,0.5313833105043284,0.281159069937818,0.26016153363103023,2.2065142187468068,0.9411985879863173,(truncamiento FPCA)
909,948,928,test,40,False,0.02575884921120125,0.16049563611264092,0.030453268783655698,0.1284852531236222,0.15108429407654347,0.5313833105043284,0.28014935064406965,0.2593401112415038,2.201719793197384,0.9413607605536871,(truncamiento FPCA)
910,949,929,test,40,False,0.02615679075577069,0.1617306116842779,0.028826853257045343,0.12945462247177714,0.15255697475272706,0.5313833105043284,0.2839372478011823,0.2628002001643899,2.216903535189951,0.9432782895209774,(truncamiento FPCA)
911,950,930,test,40,False,0.02525966133706522,0.15893288312072243,0.027562927030174413,0.12751293577097303,0.15035171643650005,0.5313833105043284,0.2798191839824072,0.2589525493882928,2.2188849054829727,0.94600760701167,(truncamiento FPCA)
912,951,931,test,40,False,0.026912965645031216,0.16405171637331692,0.028872275575028514,0.13248963653504506,0.15578361847465336,0.5313833105043284,0.287785760104354,0.2665902898476917,2.2019792597674708,0.949600662026305,(truncamiento FPCA)
913,952,932,test,40,False,0.027168099364806998,0.16482748364519492,0.028236920284595173,0.13300677449583237,0.15658823524029758,0.5313833105043284,0.2898527133049198,0.2684473011173286,2.208888431934178,0.9500128969836547,(truncamiento FPCA)
914,953,933,test,40,False,0.027646986286610515,0.16627382922940853,0.02803955033675231,0.13396881041849182,0.15800577093585613,0.5313833105043284,0.2932378255155081,0.2714208062911571,2.217355680996456,0.9502744458832127,(truncamiento FPCA)
915,954,934,test,40,False,0.02759447607754275,0.16611585137350002,0.025719989473325468,0.13363257143424212,0.15784329651062945,0.5313833105043284,0.29338603453094186,0.27164365293700693,2.2240779297988844,0.9502000875023643,(truncamiento FPCA)
916,955,935,test,40,False,0.027889890495064233,0.16700266613160472,0.025817915704971713,0.1348166161095164,0.1591655174708188,0.5313833105043284,0.2958804770384132,0.27397250936121675,2.2208502011945495,0.9530717153065691,(truncamiento FPCA)
917,956,936,test,40,False,0.028060596887944544,0.16751297528234804,0.02493326637487221,0.13545898961034494,0.1597049401752414,0.5313833105043284,0.2962414126788554,0.27432058548708993,2.2131042359192414,0.9533884757646626,(truncamiento FPCA)
918,957,937,test,40,False,0.027770183650032754,0.16664388272610775,0.0244764673137318,0.13474969713070045,0.1587454381729903,0.5313833105043284,0.2939284474358106,0.2721700118141251,2.207080500669598,0.9526028533186592,(truncamiento FPCA)
919,958,938,test,40,False,0.028077290659556286,0.16756279616775405,0.023985018117375884,0.13586006635349585,0.15992338767199726,0.5313833105043284,0.2959802237368553,0.2741000966805562,2.2019978153213677,0.9544086833684211,(truncamiento FPCA)
920,959,939,test,40,False,0.027802522907198018,0.16674088552960853,0.02370643995505162,0.13520843142017647,0.15920788156749777,0.5313833105043284,0.29520323873013454,0.2732848740236048,2.2039843498196587,0.9548220945439737,(truncamiento FPCA)
921,960,940,test,40,False,0.02843056052692901,0.16861364276632249,0.024160292054871392,0.13678650181793905,0.16125253351924593,0.5313833105043284,0.29932678208453084,0.2770593854320717,2.2076524759553586,0.9563433354127926,(truncamiento FPCA)
922,961,941,test,40,False,0.028295378527232275,0.16821230194974526,0.02404662358767992,0.1368318918459675,0.1609307520285626,0.5313833105043284,0.29765148395160257,0.27557256165564753,2.1976275062599226,0.9567121438992133,(truncamiento FPCA)
923,962,942,test,40,False,0.027969679576626594,0.167241381172922,0.02377248679412328,0.13563201066911013,0.15957215553228388,0.5313833105043284,0.2951302267333392,0.27318482126219495,2.20006393339266,0.9541427750306104,(truncamiento FPCA)
924,963,943,test,40,False,0.027633790871609276,0.1662341447224645,0.02350970479295918,0.13435790562092703,0.15819444486879003,0.5313833105043284,0.2927146609178222,0.2708758319577439,2.2055909231539745,0.9516362906844612,(truncamiento FPCA)
925,964,944,test,40,False,0.02963123660776549,0.17213726095115342,0.024438551826304566,0.13855823886346483,0.1626133204570274,0.5313833105043284,0.2982687797274088,0.2763939908984464,2.1895656173207905,0.9446724059538243,(truncamiento FPCA)
926,965,945,test,40,False,0.02925172036693795,0.17103134322964886,0.023181741549966557,0.13751004635335756,0.16152888230773205,0.5313833105043284,0.2969578638994088,0.2751394508890236,2.194788926913174,0.9444402368450233,(truncamiento FPCA)
927,966,946,test,40,False,0.02884861099130368,0.16984878860711278,0.022426689225159554,0.13605062693285025,0.15962195368351745,0.5313833105043284,0.29283906108233826,0.2714191416077199,2.18527365938519,0.939788590737308,(truncamiento FPCA)
928,967,947,test,40,False,0.028303162500386135,0.168235437706763,0.02128445596685538,0.13450964239328345,0.157987898207593,0.5313833105043284,0.2908583617169053,0.26926854373032266,2.1920734735339273,0.9390881039164197,(truncamiento FPCA)
929,968,948,test,40,False,0.0276985870741417,0.16642892499244746,0.020050971806668597,0.1331296547486298,0.1560883273192765,0.5313833105043284,0.28688191870355706,0.26577328952770135,2.1860041771757435,0.9378677854607291,(truncamiento FPCA)
930,969,949,test,40,False,0.02673473769528229,0.16350760745384996,0.019623536756124497,0.13117119446602482,0.15376651055679993,0.5313833105043284,0.28250646204158614,0.2618631477830304,2.1878092172795314,0.9404241976949027,(truncamiento FPCA)
931,970,950,test,40,False,0.026991659978728832,0.16429138741494892,0.019045233301673545,0.131814934246214,0.154777549629218,0.5313833105043284,0.28498696505614374,0.2640568003022115,2.197644124321223,0.942091682738658,(truncamiento FPCA)
932,971,951,test,40,False,0.026788608398404364,0.16367225909849342,0.019194532424273072,0.13129092361628353,0.15410382963108177,0.5313833105043284,0.283325263702116,0.26258964588392875,2.192791677724753,0.9415390884190482,(truncamiento FPCA)
933,972,952,test,40,False,0.02773884164185448,0.1665498172975716,0.019297905366720366,0.13336550708737965,0.1567659691612075,0.5313833105043284,0.28874507620463125,0.26754714280792147,2.1974061195219488,0.9412557257935416,(truncamiento FPCA)
934,973,953,test,40,False,0.028122760414194953,0.1676984210247519,0.018921040826068658,0.13431877190939667,0.15796134566964198,0.5313833105043284,0.2912923499624388,0.2699035717760175,2.200694354878139,0.9419369884605369,(truncamiento FPCA)
935,974,954,test,40,False,0.028320345254319368,0.1682864975401157,0.019193715204836197,0.1351188472412727,0.15847308757611267,0.5313833105043284,0.28976007663128106,0.2688954639249637,2.1819455311505345,0.9416862902998873,(truncamiento FPCA)
936,975,955,test,40,False,0.028405430964296863,0.16853910811528838,0.019010429552359265,0.13565506570304647,0.15890404829589502,0.5313833105043284,0.28995135339461775,0.26912060787395675,2.170167540524131,0.9428319045523693,(truncamiento FPCA)
937,976,956,test,40,False,0.028640853275418748,0.16923608739101348,0.019301845645725547,0.1367290402431754,0.16015991303662497,0.5313833105043284,0.2923003082759853,0.2712174408506627,2.167817429477618,0.946369745990296,(truncamiento FPCA)
938,977,957,test,40,False,0.02996791633318515,0.17311243841268353,0.020430238294901593,0.13990705414192367,0.1635429254237192,0.5313833105043284,0.29736738477819247,0.2761568938477322,2.1582121420210236,0.9447208237795627,(truncamiento FPCA)
939,978,958,test,40,False,0.029717844466396703,0.17238864367004197,0.020659918409378343,0.13923291354943146,0.1627154238439144,0.5313833105043284,0.2954828597539556,0.2744590893402902,2.1540713019322473,0.9438871400099739,(truncamiento FPCA)
940,979,959,test,40,False,0.02988293865218048,0.17286682345719342,0.021467804782329927,0.14000078303667277,0.16330122207523073,0.5313833105043284,0.29540287363928275,0.2745001625069805,2.1398122873090837,0.944664909144169,(truncamiento FPCA)
941,980,960,test,40,False,0.02875700582463405,0.16957890736950174,0.02209579108952337,0.13616896438759526,0.1589127492122094,0.5313833105043284,0.2874408425934102,0.2670322948860739,2.1385670562819934,0.9371020941062473,(truncamiento FPCA)
942,981,961,test,40,False,0.02908020311380647,0.17052918551909663,0.02411371952702523,0.1371889950592055,0.1600435554194711,0.5313833105043284,0.28917205547542524,0.26861798741056775,2.1370036238635683,0.938511228633932,(truncamiento FPCA)
943,982,962,test,40,False,0.02945750821918769,0.17163189744097013,0.025227052587732866,0.13847206864070172,0.16151265323932756,0.5313833105043284,0.2919207801932148,0.2711467305239379,2.1352966085142113,0.9410410048917457,(truncamiento FPCA)
944,983,963,test,40,False,0.028689050696541873,0.1693784245308176,0.024202076174988603,0.13721198971415663,0.15989298012839265,0.4945874752126491,0.28855041456169683,0.26820088521365726,2.1332765129603204,0.943998508495401,(truncamiento FPCA)
945,984,964,test,40,False,0.02883538531095985,0.1698098504532639,0.024322047517290734,0.13853340087394544,0.16137605584131107,0.4945874752126491,0.2911266755014662,0.2706688771963339,2.125954018553291,0.9503338905873776,(truncamiento FPCA)
946,985,965,test,40,False,0.029168651668212885,0.17078832415657952,0.024466385259216857,0.13905794367568797,0.16231709575523565,0.4945874752126491,0.2944915296321319,0.27368051702728835,2.1410919812359777,0.9503992533261383,(truncamiento FPCA)
947,986,966,test,40,False,0.02862539352261273,0.16919040611870617,0.024470879809344186,0.137986416295591,0.16087957557985014,0.4945874752126491,0.2912088320936518,0.2708123365730185,2.135379529539091,0.9508788309602789,(truncamiento FPCA)
948,987,967,test,40,False,0.028842058424528482,0.16982949809891237,0.024492012272879254,0.13850889086304305,0.1615902492380971,0.4945874752126491,0.2927986427680393,0.2722373610674754,2.1383186358399504,0.9514851721694627,(truncamiento FPCA)
949,988,968,test,40,False,0.028863263551976916,0.16989191726499797,0.024622396400130246,0.1383961594984366,0.16164592618828305,0.4945874752126491,0.2939273284472084,0.27320823852307013,2.1465569104801165,0.9514633114425756,(truncamiento FPCA)
950,989,969,test,40,False,0.02846218785893201,0.16870740309462418,0.024269100143398337,0.1372119366894562,0.16015837153767754,0.4945874752126491,0.2909761837505398,0.27044679241041736,2.145693732362489,0.949326280885542,(truncamiento FPCA)
951,990,970,test,40,False,0.0280971381475567,0.16762200973486954,0.02396343006328674,0.1362507167757557,0.1587709018289399,0.4945874752126491,0.28720230576344413,0.26711432041334493,2.1293148881045694,0.9471960280160727,(truncamiento FPCA)
952,991,971,test,40,False,0.026600907178396915,0.16309784541310446,0.022770388827315392,0.13227829336298375,0.1545113133271378,0.4945874752126491,0.2815307626940403,0.2615861276295546,2.144735795870356,0.9473534916159183,(truncamiento FPCA)
953,992,972,test,40,False,0.02613198912322561,0.1616539177478406,0.02360608197942033,0.13083990514964955,0.15285431130577581,0.4945874752126491,0.2783831494558292,0.2587261627727887,2.14713175599768,0.9455651519947013,(truncamiento FPCA)
954,993,973,test,40,False,0.025230123048203785,0.15883992901095048,0.023113930672576208,0.127937473116847,0.14925477299078693,0.4945874752126491,0.2711691646698833,0.2522703669388936,2.1445987160920916,0.9396552486528578,(truncamiento FPCA)
955,994,974,test,40,False,0.025595895827878894,0.15998717394803527,0.027336542507917935,0.12917377362789403,0.15027761258982192,0.4945874752126491,0.2715230571079933,0.25260393189559927,2.129899498800802,0.9393103764595089,(truncamiento FPCA)
956,995,975,test,40,False,0.025754503458115426,0.1604820970018632,0.02577140011931073,0.12983616180337137,0.15081051829003794,0.4945874752126491,0.27127309292748647,0.25240835937273765,2.117522479060527,0.9397342202494215,(truncamiento FPCA)
957,996,976,test,40,False,0.025633624031812,0.16010504061962572,0.025332797185210136,0.12936585101685869,0.15043636189064663,0.4945874752126491,0.2711402727597981,0.25223336892420967,2.1239084728096747,0.9396104039475576,(truncamiento FPCA)
958,997,977,test,40,False,0.025598748963282764,0.15999609046249463,0.025161677289147866,0.12904205911749866,0.15030165844998772,0.4945874752126491,0.2715046720689892,0.252605606749225,2.133860928448475,0.9394083193877828,(truncamiento FPCA)
959,998,978,test,40,False,0.026094425906864293,0.1615376919076916,0.024348137725584293,0.13036603381885103,0.1516689559793471,0.4945874752126491,0.273340279985263,0.2543781374446478,2.127687663471105,0.9389075341377054,(truncamiento FPCA)
960,999,979,test,40,False,0.02576269698488081,0.1605076228248391,0.022964904064828772,0.12940386458142358,0.1506091388396539,0.4945874752126491,0.2718403676779185,0.2529469502061736,2.1292726042014136,0.9383301315477873,(truncamiento FPCA)
961,1000,980,test,40,False,0.024907866033137587,0.15782226089223786,0.022091940591502494,0.12665668700619967,0.14725286043471358,0.4945874752126491,0.2653187724625109,0.2469203824601763,2.130157356937253,0.9330297234511098,(truncamiento FPCA)
