{
  "mse": 0.8905306547947375,
  "rmse": 0.9436793177741777,
  "mae": 0.5611535159814747,
  "r2": 0.7690477404901085,
  "mape": 160.50327588643762
}