{
  "mse": 0.5666686532797589,
  "rmse": 0.7527739722385193,
  "mae": 0.48169369658366734,
  "r2": 0.8530388536725294,
  "mape": 110.57465006754919
}