{
  "mse": 0.4312439375428324,
  "rmse": 0.656691660935962,
  "mae": 0.47778729008071535,
  "r2": 0.8456136562494708,
  "mape": 4.489795285520971
}