{
  "mse": 8.783606002727483,
  "rmse": 2.9637148990291697,
  "mae": 2.465739351416802,
  "r2": 0.9360104566734837,
  "mape": 63.59989640251966
}