{
  "mse": 43.98334623106449,
  "rmse": 6.63199413683882,
  "mae": 4.890547179654832,
  "r2": 0.8288788636987943,
  "mape": 5.492428384133737
}