1.405080160701559278e+00,2.735475729476232409e+00,3.934736163759094740e+00,-3.221045663738536513e-01,4.330082519636558880e-01,8.639002911844514410e-01
1.710963909692466700e+00,2.899611398380510519e+00,3.238185434488188186e+00,-1.697334881114524352e+00,-1.574089751037602181e+00,-1.273231137049584127e+00
1.637734596509846652e+00,2.446447074633384844e+00,3.465234677745304026e+00,-1.516581854745966407e+00,-1.483394594028176083e+00,-6.563839541884718409e-01
6.367962627616877702e-01,1.758192215518458390e+00,3.427330091339936491e+00,-2.211369227263443538e+00,-1.636834926815588620e+00,-1.347342079279048033e+00
1.010616694958474948e+00,2.104801540362436718e+00,3.430092409865146852e+00,-8.283700687368241722e-01,1.373817258462189661e-01,8.421335149651965057e-01
2.607286806305857407e-01,1.426877228894277039e+00,3.098821963965496362e+00,-8.166928456267785741e-01,-7.287924599791974212e-02,-1.172348823682690527e-01
-7.153322559649467616e-01,3.310688883048549802e-01,8.737736204425472497e-01,-3.012528644309856674e+00,-2.485593425415738356e+00,-1.839523826198030010e+00
-1.651054423901863855e+00,-6.083644118910332965e-01,8.070505572150205031e-02,-2.149073787904380417e+00,-1.887591972392354212e+00,-1.452899103903221745e+00
9.109492668718056629e-01,1.946766009384852669e+00,2.869526464009102273e+00,-1.914220827116337675e+00,-1.288568400513231405e+00,-4.466328301828919045e-01
3.368211087878839605e-01,1.987376059294991837e+00,2.819955932693977818e+00,-2.747305526729697966e+00,-1.601363446742362973e+00,-1.461278855364367635e+00
-1.347659396860914738e+00,-2.872641735430091492e-01,3.750253468768528498e-01,-2.196494673004790954e+00,-6.063719279837632703e-01,1.900129743528960469e-01
9.122044271663083403e-01,1.801257314523044606e+00,2.647173581371155215e+00,-3.014142241951503820e+00,-3.064118279891412833e+00,-2.063313615404692047e+00
-1.817264883770006167e-01,1.142491668610710942e+00,-2.741860909946252089e-01,-1.002132932666663034e+00,1.774154179072733595e-01,1.334118978664065480e+00
-1.862631545942959210e+00,-1.494733882077242448e+00,-1.054213752481710564e+00,-4.964274550429945698e+00,-2.778171461162250111e+00,-1.747263113279676316e+00
5.752704764979940100e-01,2.152251357462132475e+00,4.499333870326799101e+00,8.624173761436688679e-01,1.101388034208786726e+00,1.269720520648405904e+00
9.143899604861828179e-01,1.888046886894196641e+00,4.201708827031577442e+00,1.720105483454766437e+00,1.279014809762740512e+00,1.500257063030251858e+00
-4.599770346170463375e-02,8.057022827249507024e-01,3.256083062345175527e+00,1.237927191986750497e+00,1.453190233462261505e+00,1.162674689039786546e+00
9.710952878732900251e-01,1.773633429371734183e+00,3.547494999148005146e+00,4.909991508552447037e-01,1.123498662473736198e+00,1.805929479667113924e+00
-5.384212695087926548e-01,5.527130789767219499e-01,2.646802633561418538e+00,5.639468358450633323e-01,1.389264638596208856e+00,1.691415708563529519e+00
-2.294661608542664766e+00,-1.168987629533283057e+00,1.070857154890272778e+00,3.429012746341459916e-01,7.893767917259546518e-01,1.631599648575529526e+00
1.859536995993613939e-01,1.918340852552843367e+00,5.727789844849342504e-01,-6.064645805865196415e-01,5.308036999944734102e-01,1.489829826045742989e+00
-5.704394372884946662e-01,6.484036260318469802e-01,1.813226395745425767e+00,-4.459936574031423406e-01,4.009399275512950944e-01,7.616217240424385526e-01
-1.606547692655815096e+00,-5.486643543211501273e-01,1.932846945265990879e+00,-7.882076381360231254e-01,-1.399452437172543640e+00,-7.526187175140894858e-01
-2.431968362305630682e-01,2.846665726938486518e-01,7.429197833825227359e-01,-2.151113020064801873e+00,-9.975946974659799515e-01,-7.666191371808001032e-01
-1.931463353689978568e+00,-7.077350551418047919e-01,-2.656523517649660437e-01,-2.818079224649455927e+00,-2.606463759594660701e+00,-1.914311503688968408e+00
-2.118471781349288985e-01,7.341870889887375240e-01,1.907523941674528656e+00,-9.990293969945275299e-01,-5.253937063597662327e-01,-2.434741189305274830e-03
1.280788384200720331e-01,1.386123024209499510e+00,2.768355742939398567e+00,-1.134729870646531413e+00,-7.874318572658427495e-01,-5.000671488442316459e-01
-1.955780089891146822e+00,-7.402712358702863149e-01,1.025826830131652434e+00,-2.055583879193501495e+00,-2.952389609672078155e-02,7.495340743598392086e-01
-7.139692293147243962e-01,2.513193271368395765e-01,1.104856663508335890e+00,-3.487314975940579931e+00,-3.484447852724856354e+00,-2.716736915923067208e+00
1.640279361667318619e-03,8.093826014669361912e-01,1.231651278813503891e+00,-1.201726476905467411e+00,-7.816291049867968299e-01,4.557971282096848903e-02
-6.408836908297548263e-01,1.562916270517885065e-01,1.715435600544159556e+00,-2.140261442489125976e+00,-1.042807788847423200e+00,-6.941931355084645094e-01
2.147516795086130970e-01,1.138835987976395625e+00,1.625547645275352115e+00,-2.438164873838891911e+00,-2.145057878329493128e+00,-1.031202481657887082e+00
-1.438594644149149060e+00,-5.710140095842363150e-01,9.984304724601399117e-02,-1.734700456089209863e+00,-1.926713955753814878e+00,-3.699204431713659647e-01
-6.155571013251051049e-01,1.756794406789810303e-01,8.307645447459330867e-01,-3.071557201850856789e+00,-1.785133648044136878e+00,-7.658778917893733773e-01
-9.317679522338228049e-01,-1.049355463975892855e-01,1.886529203595331605e+00,-2.764282752069309179e+00,-2.344073633382600441e+00,-2.125408245517458106e+00
-4.695909016396400681e-01,3.410831831865420716e-01,1.826489440429037048e+00,-1.616308851169540040e+00,-1.075959841336013634e+00,-6.824147888195557510e-01
-2.358932276678491036e+00,-1.445114457142919751e+00,-1.615950714642497843e-01,-3.761349506972568424e+00,-3.157785164611595086e+00,-2.523520924415520561e+00
2.114604674539664608e-01,1.501790617284779916e+00,2.993197247611736334e+00,-9.015566923774971653e-02,2.139037098773147183e-02,7.769139272722551670e-01
-2.257700776629540051e+00,-1.365979446502040284e+00,-3.884628349336190500e-01,-3.046619611848097708e+00,-2.281801924079672972e+00,-1.255628461168169174e+00
-1.006755877451475378e-01,1.165521050474349174e+00,2.505296143677337994e+00,-1.750281988778996656e+00,-2.017191253581619215e+00,-1.507332058573085831e+00
-1.771075389540095468e+00,-6.788338356709116006e-01,3.874673279043280155e-02,-4.538101317891015007e+00,-3.362484824886899037e+00,-2.400384356789359686e+00
-1.582999992713782111e+00,-4.449918093001681840e-01,2.131176103176032122e+00,2.627359786021788435e-01,7.420796367283551964e-01,4.222063689847317391e-01
-2.846682018073254383e+00,-2.133836098333209641e+00,8.011769236547143513e-02,-1.210183946545948741e+00,-1.006894923125252861e+00,-2.339449610724905204e-01
-7.145900740619657299e-01,1.072381665876979584e+00,1.787673944981337026e+00,-1.373647103909425127e+00,-2.234238528679687086e+00,-1.553076079475170124e+00
-2.647887136630326044e+00,-1.799710111413920455e+00,-1.161569816364721897e+00,-3.909198554786913693e+00,-2.673923317393407828e+00,-1.814238561338181288e+00
4.763248150197184616e-01,1.338503470503939141e+00,3.062663238772886487e+00,-6.343579539610895157e-01,-1.989975713372748867e-01,7.161002057921779518e-02
-6.782759202316764879e-01,8.017873444042826758e-01,1.836775235521302729e+00,-2.153106281592898519e+00,-1.463398683199187866e+00,-9.626639710004130102e-01
-1.319624537376548723e+00,-1.106928555509329115e+00,3.218749902428895693e-01,-3.563561119039060365e+00,-2.631930213149482611e+00,-1.667381359614994896e+00
1.096790879740173308e+00,2.191173771901969936e+00,3.143239126872051425e+00,-1.611895274598826033e-01,-4.311198127524334955e-02,3.477460738562294651e-01
4.104813030957485398e-01,1.435937502988080983e+00,2.521257029972141517e+00,-1.427467681669299715e+00,-5.023495415972929479e-01,-3.803823470497007531e-01
1.193769831963246292e-01,7.996101174392049593e-01,1.852257089177780980e+00,-2.487432235279189996e+00,-1.861782357095780549e+00,-1.591816881882982093e+00
8.525977759117993049e-01,1.117861935477910240e+00,1.655555648016192594e+00,-1.021097767906198994e+00,-8.200411280182079432e-01,-3.288304284076000172e-01
-1.852161621377097944e+00,-1.560062942804022246e+00,1.334875034409586103e-01,-3.386405752220035925e+00,-2.832136011113821183e+00,-2.401537721098397693e+00
-4.987814496458394253e-01,8.732248271812266260e-01,2.450570096570662493e+00,-2.122727310789466859e+00,-2.244703475287390226e+00,-1.885262742192605367e+00
-1.906625966252455617e+00,-8.086239137178240499e-01,-2.546844759695041094e-01,-3.581495494801871349e+00,-1.945214511805318569e+00,-1.684751419024451025e+00
-4.130839845927344323e-01,1.062502878926802063e+00,2.622096235204109060e+00,-8.146483481989144071e-01,-1.089472991334551777e+00,-4.844418754949679218e-01
-1.688106789826808063e+00,-7.272822588145895217e-01,8.074943591430946421e-01,-2.031950023892741708e+00,-1.325961208059052598e+00,-5.429759801153627441e-01
-6.360932569376963608e-01,2.129921948152472821e-01,1.792391077847466541e+00,-1.934131610655579925e+00,-2.990928350828560567e-01,5.231743027561568393e-01
-1.509917641225728246e+00,1.676566399495680038e-01,1.329632137891854082e+00,-1.817395087888972194e+00,-1.007526386692690012e+00,-2.747523646963160315e-01
1.703059276229542396e-01,1.000049896332545263e+00,1.289729611949349097e+00,-3.376176648812697412e+00,-2.976028608937010489e+00,-1.762132634300006995e+00
-1.096000069985778813e+00,-1.812854059604737667e-02,1.466254854429149157e+00,-1.119521966771229948e+00,-9.985752981149715879e-01,-6.519406941767372232e-02
-1.836281750690375247e+00,-9.487626899313811313e-01,-1.998569086450754928e-01,-2.975899374684378262e+00,-4.512075834873979230e-01,4.917481508068742291e-01
1.658739253273945558e+00,3.007532951544387601e+00,4.725917286841784914e+00,-1.012027629734668088e-01,-1.187453317760669869e+00,-1.122836772312756803e+00
-4.726245918287259040e-01,1.341049508817727220e+00,2.249251472484178116e+00,-1.538141822367895761e+00,-1.709568913092658127e+00,-1.321154267133424209e+00
-2.399952815223249658e+00,-1.471230002727602182e+00,-1.517818996411012256e+00,-4.730965324445155495e+00,-3.141154069128616833e+00,-2.147009512026340161e+00
2.514401159463241497e-01,1.454887670253229626e+00,3.521657691654489941e+00,1.046266249053983799e+00,8.364905847235821756e-01,1.269464892797662170e+00
4.415274331312780687e-01,1.304606308872787945e+00,2.713929674562620686e+00,-6.213217937280464120e-01,9.324883822872809258e-02,5.733003228943908125e-01
-2.068390127941762899e-02,1.398402472756629766e+00,2.154148120553181389e+00,-1.354513202080871448e+00,-9.233788232448947308e-01,-1.844955432459123856e-01
-1.492775534860953934e+00,-6.910694645279024106e-01,6.787380884845205520e-01,-2.041835504941434731e+00,-1.796721785361526047e+00,-7.362016779397303479e-01
6.691855472383682057e-01,2.261633834488808947e+00,3.348479001442591141e+00,7.231611810053375500e-01,6.119740020893296162e-01,8.498429594914230778e-01
-1.176604950258824250e-01,5.728118782077923354e-01,2.565240471110211029e+00,-8.353662222600755083e-01,-3.391341629111204181e-01,-4.527926782729210786e-01
-1.062649107318166308e+00,1.915943066108165838e-01,2.203304954491539291e+00,-1.234754086572420029e+00,-1.064599663979198141e+00,-5.187529611079568781e-01
-2.052128036538181988e+00,-1.810737663869829595e+00,-1.556067549436842778e+00,-3.145895913762948748e+00,-1.885005092105046076e+00,-1.000800403323392151e+00
1.458350628494408996e+00,2.736145325794688610e+00,4.381559012568855493e+00,3.076177683842252764e-01,-6.727357916870122523e-01,-4.429406446254868790e-01
-4.285621541036915283e-01,4.585335106823401063e-01,1.224626905348353612e+00,-2.667367063558873763e+00,-2.251474918863368035e+00,-1.038790087818489249e+00
1.452996171445830320e-01,1.689827964329501553e+00,2.357499249090607485e+00,-1.524526904687529605e+00,-1.201995616440473924e+00,-1.017670419120484837e+00
1.201290785212784096e+00,2.081423505250621808e+00,2.316319017402354241e+00,-3.959836199225612141e+00,-2.671329805639298449e+00,-1.686733628651819084e+00
-7.915256710162394960e-01,-2.657262576800337173e-01,5.096586272836186975e-03,-6.088315076370949264e-01,7.541435651323833422e-01,1.589582561438082964e+00
-1.810722289277017838e+00,-7.109683626759679687e-01,-1.061113426363045481e-01,-3.399291585826098139e+00,-2.618360027928817169e-01,-2.055149851478038914e-01
-2.044736916799557991e-01,1.220356752284040613e+00,3.311486493974180156e+00,-9.611274717978113280e-01,-9.490379454729933606e-01,-8.447648774782365866e-01
-3.183561080050779646e-01,9.764584900599486694e-01,1.951443249074607422e+00,-2.906792897474167692e+00,-2.738257643703594368e+00,-1.816652169161918629e+00
6.933233694123445146e-01,1.409394697116760575e+00,2.638731824784308344e+00,9.039570909458327641e-02,9.042733877781981011e-01,1.043774852431585076e+00
-3.406314775724875871e-02,9.918443179061534609e-01,1.972437439493508915e+00,-7.539456016424325169e-01,-3.868465395152704267e-01,2.738172260771961630e-01
-2.691287033084791780e+00,-1.534399030840447820e+00,-7.055349332700292520e-01,-2.819716012862137688e+00,-1.755286934771933982e+00,-6.666167217230152264e-01
4.115408215394631419e-01,1.649185305432861570e+00,2.546719473460066219e+00,-1.304256765169236720e+00,-1.619513758036640327e+00,-1.250848751457710017e+00
-3.080053783005665125e+00,-2.356325834428329102e+00,1.743737359564153933e-01,-3.577641167207638251e+00,-2.615980631123310030e+00,-2.043025681531154270e+00
1.148615541222272274e+00,2.771002751916243234e+00,3.887199945833240911e+00,4.577529027125585848e-01,-6.375247941264874374e-01,-3.746923244904216688e-01
-6.021099202963470232e-01,7.593817325658382966e-01,2.413300949228099679e+00,-4.279044080206499401e-01,-1.153514406598577624e+00,-4.345527458364177864e-01
-1.843073464971235920e+00,-1.531627357970417824e+00,-2.161607163448781288e-01,-2.799328357845409343e+00,-2.353827782134696012e+00,-1.499340642518373956e+00
-1.095724491600100076e-01,1.377915630293920835e+00,2.591026473204148584e+00,-1.006253884911838758e+00,-1.041262395356289394e+00,-6.280474640292466049e-01
6.492600214190409336e-01,1.852790773081318676e+00,2.526242391640176166e+00,-1.433553277664544989e+00,-6.349526798850483322e-01,4.389013895796953779e-01
-2.458250086993917893e+00,-1.731380061570186646e+00,1.131443963248288664e+00,-1.931236740785933437e+00,-1.248560400306620410e+00,-6.689282631757813569e-01
-2.520794141064659488e-01,9.778617128896350819e-01,1.139168537768051825e+00,-3.301183024728040039e+00,-2.194081594088206799e+00,-1.453212269310831584e+00
-1.511255353305923865e+00,-3.809465111948491245e-01,2.002234299449973332e+00,3.622558104918166544e-01,7.327424804089027743e-01,1.158595244097480936e+00
-7.161216132435379578e-01,-9.114808306169792651e-01,-4.859129582985081131e-01,-3.213472338245923154e+00,-2.825200699043525887e+00,-1.863863040893705358e+00
-2.619273723133690002e+00,-1.394397427764554331e+00,5.971441439801234985e-01,-1.405971766302535952e+00,-5.428093079224871609e-01,-2.920915255859701798e-01
9.132336650058735517e-01,1.914363101114092025e+00,2.411754916622042000e+00,-2.226239582583670273e+00,-2.214435282679895423e+00,-1.145524111189453187e+00
-8.050125114393004155e-01,2.493486729783836453e-01,6.643624490460576792e-01,-2.713747910887444714e+00,-2.123503490113506587e+00,-1.321068274582855473e+00
-1.808977050577135648e+00,6.959994058012192869e-03,1.712807442431108162e+00,-1.874231742228064546e+00,-1.884627041908786493e+00,-1.219190538252330480e+00
-2.851850171543968693e-01,3.262466382272735110e-01,4.085707584911440482e-01,-2.350738965449548079e+00,-1.080904793673330699e+00,-7.118045067263820136e-02
-1.260730463856836181e-01,7.519403910744185682e-01,1.999816791626897849e+00,-2.184001692000941297e+00,-3.062678090976254985e+00,-2.381444138170897507e+00
-1.210933571084721105e+00,-2.936390826790728492e-01,2.811383925862758204e-01,-2.214864826052686197e+00,-1.492001572138502485e+00,-7.134844140910573396e-01
-7.392042832635804805e-02,7.702585403173625167e-01,1.792871499660343204e+00,-6.920301324598552295e-01,6.842256101911765587e-01,1.653802123128949697e+00
2.325776675736030211e-02,5.962990650128736636e-01,1.172350092004158517e+00,-1.149880136499069838e+00,2.309088809399199027e-01,4.915001365477586481e-01
-1.154493837078652607e+00,1.089835623543232990e-01,2.112595748734755308e+00,-5.490419771320007580e-01,-3.789482471034615885e-01,2.143155075355568373e-01
-1.136114974355761476e+00,-8.339435827202272833e-01,2.270818409089131740e-01,-3.058393394841735446e+00,-1.778017671236125308e+00,-1.177104926824941167e+00
-7.153234430914801045e-01,-1.641375525509289890e-01,1.591545866439770585e+00,-1.479046780624779789e+00,-1.064607103375698749e+00,-3.754494167440800556e-01
1.232348708863765241e+00,1.864539226882651279e+00,1.984290130981245515e+00,-1.918636342040558995e+00,-8.575976612534420562e-01,-1.901243311243765166e-01
-6.383195273364012934e-01,2.666189539744278636e-01,5.900734176382462781e-01,-3.149666752540571490e+00,-2.288784643817661113e+00,-1.655620535724300124e+00
2.081837891023068654e-01,1.315393174677791377e+00,2.793850197147930814e+00,4.997569889130317744e-01,-4.053848643772356430e-01,4.443518677184437049e-01
1.395569485289741007e-01,1.565325728170857911e+00,2.617713005778187441e+00,-1.932042340843333816e+00,-2.157337413909955259e+00,-1.150180863723363256e+00
-4.705959286044880674e-01,4.126981179561457491e-01,1.133568563694794973e+00,-2.067330751204410344e+00,2.182243028782920868e-01,6.285214739983018273e-01
-3.447636340143827027e+00,-2.804765045945323720e+00,-1.517445538789399029e+00,-4.256337434324731994e+00,-2.668836082370059870e+00,-2.061295844456803028e+00
3.099714020724315233e+00,4.983127986703265400e+00,6.865598952560802992e+00,3.113721854422548230e+00,2.319218772036707232e+00,2.146549061134253922e+00
-6.225064283834844114e-02,1.411297737995496737e+00,4.424920468724228506e+00,2.056157421268580254e+00,1.968520634754565624e+00,1.365459069287863869e+00
-5.632722612676692719e-01,7.155352841575680634e-01,2.585837324791899761e+00,-7.999897174725149052e-01,-4.017453186161429879e-01,2.343838069132702651e-01
-1.195054141035395201e+00,-3.780072940970790607e-01,1.265073496873942993e+00,-1.766164473897094744e+00,-1.119709967142168416e+00,-3.740393556054705249e-01
-1.642977784963186361e+00,-4.962917877137618672e-01,4.852001528114512352e-01,-2.516426222856102068e+00,-1.071013583576243988e+00,-2.229515504040721352e-01
4.273662523778660738e-01,1.761169421458177453e+00,3.086737479888550073e+00,-3.667276345019036543e-01,-7.733140450165383317e-01,-8.219770525578840026e-01
-3.267062887862812182e-01,6.911191082031501454e-01,1.725662944378498542e+00,-2.790668793439446738e+00,-2.593944966820600495e+00,-1.812216829940252127e+00
-7.361067319719097890e-01,6.939758763360046913e-03,8.582365080984529770e-01,-1.522406355081095786e+00,-1.501494206722720604e+00,-1.425943520874230153e+00
-1.594345753493783713e+00,-1.132859274867333621e+00,-1.080795476649095699e+00,-4.374915266333568198e+00,-2.949711104024982600e+00,-1.599744206596374285e+00
9.926815793998410298e-01,2.235216152931526867e+00,3.971034045643311750e+00,2.804336286616025409e-01,1.024559594739550050e+00,6.651442799744027301e-01
1.516273062983896303e+00,3.071119506694687029e+00,4.258951915469376459e+00,1.169725415981860861e+00,1.078887249097246759e+00,1.087235247815425909e+00
2.970792894472772616e+00,4.224862128048158638e+00,5.110267740849407048e+00,7.701673088157638958e-01,-3.011757837085058953e-01,5.103879456819445659e-01
1.984988517642966688e+00,3.453899705816675603e+00,4.172172093412640059e+00,1.422958704649039396e-01,-3.416197089496879058e-01,-4.329295619326467004e-01
-1.272315283018113918e+00,-2.055349374916071448e-01,2.197318544817951302e+00,-8.488765041691338775e-02,-6.846840344891850227e-01,-4.524951463623738679e-01
-1.985286330858878845e+00,-1.415551824978446671e+00,-1.062482127458650671e+00,-3.979025696106362364e+00,-4.069619313164072771e+00,-2.948791649757130706e+00
3.345853905885521340e-01,1.689167548999347401e+00,3.057074475511912581e+00,-1.507255495141649193e-01,7.279932244299551769e-01,1.657193211334535787e+00
-1.964251521065187855e+00,-7.529958719405328571e-01,1.180516809770464581e+00,-1.479236062014565478e+00,-1.801998897853317239e+00,-1.161660394640154248e+00
1.313670076232393180e+00,2.361200912912012395e+00,2.186264744140871574e+00,-1.695665332571694828e+00,-9.620145419708711065e-01,-6.738212189641090699e-01
-8.230826173367460363e-01,6.985354786943336058e-02,6.147734318940043519e-01,-2.244762371248897104e+00,-7.941227640478043526e-01,5.289543033153992768e-01
-4.622428570710305218e-01,1.138172257907979601e+00,3.056509932208804958e+00,7.324554993033098871e-01,7.889137546464922712e-01,1.213693230461416972e+00
-5.599556866895400997e-01,5.450102410454427115e-01,1.914182574725521446e+00,-7.398080508768634100e-01,-1.441778891391726658e+00,-6.431955877335244764e-01
-1.118555916524492044e+00,-1.171225852673942608e-02,1.322383344682956485e+00,-2.111399574809601276e+00,-1.424202320848166670e+00,-9.734242515945709107e-01
-8.362636877374821642e-01,7.110572848623242237e-01,7.545227126047697741e-01,-2.293392248016745683e+00,-1.095014788327893340e+00,-2.360934767164371562e-01
-1.129984497008791111e+00,-2.062884931587987136e-01,1.248244741228363042e+00,-1.146814575381378987e+00,-1.978160349577255117e-01,5.867654593228359694e-01
-1.670100331965423512e+00,-6.625737951708636775e-01,-1.438897876383486985e+00,-4.890863522368418259e+00,-2.149294124078750645e+00,-1.348690875161859593e+00
2.300949665480577000e+00,2.931833683876573282e+00,5.226248751278663285e+00,1.520263995271855739e+00,1.525647273490669198e+00,1.486708674212533499e+00
-3.970846278101455296e-01,1.418614327842226075e+00,3.129091313216759929e+00,1.192675904382542340e+00,1.035575546027559302e+00,1.604639599724318799e+00
-6.191913783107561020e-02,1.162537744581783716e+00,2.671518551181199186e+00,-7.752608837688059751e-01,-1.109231100489383559e+00,-7.724487294801185566e-01
-4.559018880036744825e-01,4.139380145465452743e-01,1.655638595208843711e+00,-2.374865869622644787e+00,-3.097300902831024327e+00,-2.162238657040658651e+00
-3.502935322271971130e-01,9.225436156477535565e-01,2.022531808982125590e+00,-1.962766114871871970e-01,-1.227558465226782580e+00,-5.036035681991805069e-01
-2.807256652079097581e+00,-1.724493037177563970e+00,-1.783962691916816667e-01,-2.762484885799408652e+00,-2.427093607947681697e+00,-1.584999946149689753e+00
8.041683882558683383e-01,1.644351054910334398e+00,1.769692232639890284e+00,-1.304215371738901563e+00,-6.300610170554090672e-01,8.118019742393349503e-02
-3.289186942560494931e+00,-2.117615018343914191e+00,-1.732041603501270066e-01,-3.817439017503620136e+00,-3.373333362421065296e+00,-2.973617317575545815e+00
1.550972039622568799e+00,2.736977211318623926e+00,4.163472461876430053e+00,-4.288136970809794390e-01,-4.500024552694958935e-01,-8.013189238148249460e-01
7.314903647287244182e-01,1.065678392842158484e+00,1.244118154424531886e+00,-3.102817278091190900e+00,-2.165617714920126335e+00,-1.279027084701016781e+00
-7.107673587660985615e-02,1.256256659649539031e+00,2.786941259508512125e+00,-4.542653951247054289e-01,-6.912645816941567212e-01,-8.845205338503825399e-01
-5.341605934767713615e-01,6.412105848600127000e-01,2.442484450060435464e+00,-1.300209254289753646e+00,-1.918310089940961971e+00,-1.004898763073573287e+00
-2.041929068124264557e+00,-1.177809742849341035e+00,-2.509970106110092636e-01,-3.221793405231062390e+00,-1.196243025909855762e+00,-8.587310848396405571e-01
-9.593143243108422924e-01,1.961240167662372247e-01,1.287094923215107212e+00,-3.064153554681822378e+00,-2.947351752388391866e+00,-1.754925090945732569e+00
-3.441929785511900763e-01,8.082916211867166023e-01,2.658758095825765722e+00,-6.067041822212306812e-01,2.763561388494801055e-02,3.080253312251724981e-02
-2.504696602528827754e+00,-1.878268099848688477e+00,2.649184363065291703e-01,-2.752343509065673821e+00,-3.426878066657752075e+00,-2.700754953453114116e+00
1.071589004295439684e+00,2.529051454424290135e+00,3.331933557969656956e+00,3.005596321408017801e-01,3.803597460455211410e-01,1.135839509646000334e+00
4.290692582269465261e-01,1.499473684315581590e+00,3.065804666542147672e+00,-1.143843054947417892e+00,-1.579807472802917667e+00,-1.814134251508928264e+00
4.798111710944764075e-01,1.134330641640746151e+00,2.699614420544113269e+00,-2.676159751195025027e+00,-9.146273471054678916e-01,-3.252140418087019480e-01
-1.942664467863204347e-01,6.771833538853708756e-01,8.177419529309162272e-01,-2.243888728353156115e+00,-1.061842188060893727e-01,2.169455521624990557e-01
3.452078116351143255e-01,1.116765698675018736e+00,1.973218154385405043e+00,-1.656078903276048564e+00,-1.556451487933873334e+00,-5.146181596925167856e-01
1.055108139820201352e+00,2.270107245878493885e+00,2.597171791864516521e+00,-6.002011585138052885e-01,-6.176996821142474170e-01,-1.856133955481631126e-01
-2.090313360997296532e-01,1.125027114729961308e+00,2.664062142919036980e+00,-1.358421528991091476e+00,-8.169411382837664659e-01,-1.110938495978213286e-01
-5.532027376683645858e-01,2.569278552066916674e-02,9.221375298789165065e-01,-1.795052753672635504e+00,-1.009076306256744049e+00,-3.216584215418460263e-02
-3.028956364605281504e+00,-2.199771308945111858e+00,-2.286049248418738078e-01,-3.377427909941046025e+00,-2.010049107111318456e+00,-1.349664062833331846e+00
1.968051184914336726e+00,3.523365064506751576e+00,5.538880877824687410e+00,2.084948750799291428e+00,1.373187462767720524e+00,1.132643955251740886e+00
5.582456886607841673e-01,1.886543326523757891e+00,3.460023571430032252e+00,5.635843406479792428e-01,-5.130002481190392150e-01,6.951026260986603589e-01
4.941281088840711322e-02,7.729733977202644102e-01,2.986641327234286880e+00,-2.296044290055862191e+00,-2.082618418442779173e+00,-1.765719643812594830e+00
-1.268985533784381947e-01,1.611175254251281386e+00,2.773209092641141016e+00,-9.165095722234025688e-01,-9.245728694947733528e-01,-7.292486787152198113e-01
-1.780270602100151534e+00,-6.363101771042663224e-02,1.187120509262815204e+00,-2.496655311911133879e+00,-2.403409824628979674e+00,-1.118412101271262893e+00
3.736132950828782162e-01,1.268938760255978071e+00,1.808297802742805382e+00,-1.485938073468706433e+00,-1.037945983567581054e+00,-3.444488653506919129e-01
-9.722780621781366150e-01,9.351773173125769653e-03,7.040769385245411183e-01,-2.857445742536096400e+00,-1.680982255312250206e+00,-6.833211848463139892e-01
1.130799214742553849e+00,2.011207260764725113e+00,1.983895056075067442e+00,-2.927839306156441612e+00,-2.698342045587052151e+00,-1.994987356950268298e+00
-2.209017383164857407e+00,-1.340629366014189694e+00,-1.157895318068181023e+00,-1.830588766123761424e+00,-9.903991559126127386e-01,-4.444730879424736991e-01
1.979728210220583540e+00,3.226254294745532825e+00,4.123670613851931677e+00,-5.659081719217107231e-01,-4.417063879458746345e-01,3.716909658261544624e-01
9.292081323386066627e-01,2.542198472010490651e+00,3.896183112977977814e+00,-8.865262220200365029e-01,-1.725125919619052706e+00,-1.451855725544653808e+00
9.040950311170449227e-01,1.832348388962412811e+00,3.821289691185343784e+00,-9.989899928781793559e-01,-1.188127114177523813e+00,-1.972606805952190900e-01
-1.329232145153299127e+00,-3.966442467940330951e-01,1.851370382429854633e+00,-2.196137396061189073e-01,-3.434811776413706497e-01,4.491654062359997507e-02
-8.635848656152627090e-01,-6.786118647442348495e-01,-2.089448211385198650e-01,-3.001694254259648975e+00,-2.636031642222143034e+00,-2.746856742908025950e+00
1.338830420933710741e+00,3.378419350193616388e+00,5.226824754634691317e+00,1.287646797034309509e+00,1.553099071422358923e+00,1.809909299832494156e+00
1.311388775952457841e-01,1.342783940921016939e+00,2.921218011909302525e+00,-4.400005272285561486e-01,-1.243079668448639485e-01,2.233911186683221195e-02
-7.670778033318395028e-01,5.981568587665158088e-01,1.516267890567817078e+00,-1.772000101782690296e+00,-5.937980084591749641e-01,-3.644945543923436282e-01
-5.807307267465762202e-01,4.114391258871928914e-01,1.181708363958844599e+00,-1.896623032115928975e+00,-1.813664733655072858e+00,-1.632865668042899454e+00
-5.448252458819514699e-01,4.073858932371122732e-01,8.702510964841994046e-01,-3.305483855127410830e+00,-2.688268562703339803e+00,-2.077711240336499010e+00
2.028756991535402843e-01,9.788161393667953458e-01,2.140374713451784316e+00,-1.816675120955605571e+00,-1.146458570162547819e+00,-5.031800904038441491e-01
-2.531650924440823847e+00,-1.029354838425573959e+00,-5.164832305467019768e-01,-3.400905731672172472e+00,-3.260528919991959818e+00,-2.781854878361457395e+00
2.215701787010249113e-01,1.388385267856923733e+00,2.978270225993195908e+00,-1.153154810927130125e+00,-8.138966521199303417e-01,-1.986894394623358595e-01
-3.100412305748661557e-01,4.672830756641745409e-01,1.096599120975366271e+00,-2.497456110834650467e+00,-2.478133015346638324e+00,-1.915611668175542182e+00
-4.205028144820859848e-01,1.540874910724661651e-01,1.128158831591688838e+00,-2.029833036861355300e+00,-8.754209490293500817e-01,-6.280021632552715838e-01
-6.279960931717555317e-01,4.255221050989178022e-01,1.377667634688113596e+00,-1.936952843101722888e+00,-1.943887836455779006e+00,-1.166778650285878127e+00
-7.236920946122189502e-01,2.281854917691174545e-01,1.293312652374710048e+00,-8.582235201554295756e-01,1.345352464932809272e-02,8.650237564535877555e-01
-1.800732786685787179e+00,-4.936175627607811700e-01,4.799102692980583909e-03,-2.751074677274138569e+00,-1.660655292277153583e+00,-7.225195896077282187e-01
-2.212601671658648073e+00,-4.771258477776686435e-01,2.297525738773471993e+00,1.145418615956299568e+00,1.121775334733123852e+00,1.082270502180221028e+00
-2.089793533983255180e+00,-2.003197022350786227e+00,6.861305592402318076e-01,3.382892290948064096e-01,6.942291862563874094e-01,1.164912949996014468e+00
-5.292759167449475610e-01,1.340872090377374981e+00,-3.785896731220093070e-01,-2.600110410862482624e+00,-1.383646874875450239e+00,-1.027863133732044076e+00
-2.288586101021971242e+00,-1.063125002454776924e+00,4.933164605545052872e-01,-1.192586497577214022e+00,-4.865033113761155215e-01,3.557366205154291472e-01
-9.257833612262423850e-01,2.198356011331692172e-01,1.154407608496016202e+00,-2.127439116610866598e+00,-5.126975295371551944e-01,2.931613425633269876e-01
-1.980428138417547279e+00,-4.837300243506620356e-01,1.052549341097629654e+00,-3.693834683020127851e+00,-3.906266157090122260e+00,-3.128306888854759826e+00
5.559726431565398079e-03,1.095057514518492647e+00,2.479037890637230124e+00,-3.860067773606583597e-01,1.011163861485988358e+00,1.469356130887293554e+00
-1.764339436372706515e+00,-6.034318957027500208e-01,8.185070480082177191e-01,-1.247617644852454299e+00,3.143104280176600707e-01,8.868900090552171989e-01
1.985073244177363749e+00,3.599464442992682756e+00,3.749005340171560619e+00,-2.839261407953441729e+00,-2.767663225511317826e+00,-2.562787185124709044e+00
5.890985995680045884e-01,1.767986400581007533e+00,2.541290959501265601e+00,-3.928033603502106619e+00,-4.243363859852926634e-01,-3.273506670053511480e-01
-8.937283081614599833e-01,-2.436353628150911832e-01,2.086046530319610876e-02,-2.270498012363700191e+00,-5.739474862524568399e-01,2.003890709757769062e-01
-8.047425218746679931e-01,5.870078182049791593e-01,2.056859802953788119e+00,-1.477195707078306164e+00,-1.660725254171182552e+00,-6.991333787685718448e-01
-1.150632522829180410e-01,5.576784524608376925e-01,1.278940171856091101e+00,-2.175243017501498510e+00,-2.291153702661699931e+00,-1.671759342511177637e+00
-7.964775138486717143e-01,-2.578991375926130147e-01,4.439856337697796473e-02,-3.998529883790105544e+00,-4.057117120951974520e+00,-3.024411772484006722e+00
1.844921937481175167e+00,3.096594855075720076e+00,4.444894866937642242e+00,1.062385253117514861e+00,2.709363187561638631e-01,9.045213765569259934e-01
2.270289343180096786e+00,3.740087608339866421e+00,6.045505002850994458e+00,1.846052333243065613e+00,7.226590022191532459e-01,9.399872567494960141e-01
2.640324112975232840e+00,3.895902918008321780e+00,5.716480341592129477e+00,1.830184812090296376e+00,2.476618204361531017e+00,2.071526005889879229e+00
1.608789796063197386e+00,3.458950677055802725e+00,6.032051379917365175e+00,2.637867781073038653e+00,2.037691737816754944e+00,1.582471757500846454e+00
9.766880360759525592e-01,2.663669678748755487e+00,5.341116686537883851e+00,1.896729479712465860e+00,1.177083574430052293e+00,1.215572064660650931e+00
2.486310214579651845e+00,4.030135095000055401e+00,4.710067363876169644e+00,1.988573123078123839e+00,1.410722979377890596e+00,2.096127258976689056e+00
1.541543021261561952e+00,3.226283537362340414e+00,4.622990424248195396e+00,1.484357587278245960e+00,1.090707405342433045e+00,1.186861746971223930e+00
1.995114108612642490e+00,3.255462693994891854e+00,5.533338248997854869e+00,1.845773505263260894e+00,1.389881756572945104e+00,1.607854878965447432e+00
2.427875806085938670e+00,3.984237453908328064e+00,5.890092155810465080e+00,1.962438221743721511e+00,1.780896151594401289e+00,2.248351203171638168e+00
1.818237753959599079e+00,3.382404350466406306e+00,3.298201713474031571e+00,-7.785218722648525880e-01,-5.255682674239530172e-01,1.374544095274008448e-01
7.724937470409047879e-01,1.958855282007610166e+00,2.748511550878457665e+00,-2.276474141216693337e+00,-2.197099107776919080e+00,-1.408388384504436264e+00
-1.643512224359584550e+00,-1.197190487761091271e+00,-1.682532183469446885e+00,-3.170110944028881050e+00,6.274176116449946272e-02,3.077108015074090375e-01
-1.024790235443066022e-01,1.346705990484984072e+00,2.490463721931117647e+00,-1.730335597976076834e+00,-2.143712201577603782e+00,-1.617007098590720338e+00
4.780542685176389917e-01,1.131543496086649725e+00,1.448826095056177099e+00,-1.585832290506435482e+00,4.091016539728377643e-01,7.552895278503618526e-01
-2.423960408691956114e-01,-3.485340974225548671e-01,6.429506421612521949e-01,-3.235671347335706383e+00,-1.751804243410809869e+00,-1.256282531577845862e+00
2.227302605181809891e+00,3.285884686707885027e+00,4.019641775666238814e+00,8.547185824754546246e-01,6.429727969149748867e-01,2.056968259345499650e-01
-5.732857065148805331e-01,6.666373979933947203e-01,1.654826264344996023e+00,-2.522467662222316775e+00,-2.217731592630717952e+00,-1.410526943196047878e+00
-1.904558175912800300e+00,-5.201423792499049181e-01,1.239863313632051822e+00,-1.816956749274975413e+00,-2.006619328003677261e+00,-1.965290419393804111e+00
-1.245913466487452936e+00,1.490729858593735357e-01,1.753590652716494613e+00,1.211525661020745215e+00,1.841005622525789809e+00,2.344677582352056255e+00
4.784189083639006634e-01,6.952578052045531587e-01,2.037547944911580533e+00,9.850537211563042961e-02,5.732760473590512440e-01,8.374648532096224951e-01
-4.240846588905645698e-01,-4.764279826872259288e-02,8.687772747323369016e-01,-1.351938070823060833e+00,8.007683252437880483e-02,5.709632147519886347e-01
-1.487154094090431811e-01,8.180049765763092173e-01,1.682989603139737778e+00,-1.845886660509541422e+00,6.150614361925789142e-01,9.719353612329791892e-01
-3.132552000988141766e-02,2.696418350132160496e-02,1.266490505819295898e+00,-3.871209814017168682e+00,-2.717464700341506223e+00,-2.313197086805514502e+00
-1.153368112935098777e+00,-4.568704085552298122e-01,6.500401944274164512e-01,-1.244593645065942722e+00,-1.201413721437423421e+00,-3.695539163217329004e-01
3.936546247573230461e-01,1.468831137972451240e+00,2.205338383058012663e+00,-1.342585350511354081e+00,-6.383950566645670011e-02,4.285641724129400920e-01
-2.072989870893210185e+00,-1.563703636980986911e+00,-7.633232910419454065e-01,-4.897910584953981683e+00,-3.561494543473310070e+00,-2.469578464531074324e+00
1.677191322871315782e+00,2.710727062461915970e+00,3.661523907640294784e+00,1.173137383180106186e+00,1.564708372679472825e+00,2.232495698943780749e+00
7.552392588369060134e-01,2.399989766445925987e+00,4.262589698407127869e+00,1.096239775209958189e+00,1.467580717712406280e+00,1.832414574732070367e+00
-2.372660713208357419e-01,1.271957341784017981e+00,3.459254466940403727e+00,1.598608278365167612e+00,1.389911165775052471e+00,1.671011799261830300e+00
6.669178368060688644e-01,1.461062481770052157e+00,3.477053578256990907e+00,2.667757753243910623e-01,-1.280577067145467485e-01,-2.360328912910020505e-01
-1.377630979734456140e+00,-4.483902559075186867e-01,1.365697375257455493e+00,2.299279646011601619e-01,1.264820387437498805e+00,1.860071541129053374e+00
-1.569523727942594649e+00,-4.225426130297451621e-01,-9.858328586086775314e-01,-3.778337011667758927e-01,9.379752554346768578e-01,2.254657209098160475e+00
-1.049595336119990341e+00,-4.752393074601105050e-02,2.350925863443965813e+00,-2.699713858441830983e+00,-9.338807472104523888e-02,-5.889489648497416019e-02
-1.542608673931694430e+00,-4.445117581348206892e-02,1.502573424737396302e+00,-1.538826278481356891e+00,-1.483598351872221777e+00,-5.942921515657729747e-01
-1.464283079884500127e+00,-1.111567392500177262e-02,4.588448154532118184e-01,-3.347392369640562304e+00,-1.918559179623966271e+00,-8.690380491630304016e-01
-7.772910002043440514e-01,8.110796815602622223e-02,1.225783104095532927e+00,-5.738088008136870144e-01,2.345103591536483456e-01,1.017960963070978053e+00
-1.192028836440417683e+00,4.584225166398679940e-01,-6.176289256299263286e-01,-2.301485745347665368e+00,-1.782216975498127631e+00,-1.218522346563355896e+00
1.281494138858311871e+00,2.259933323263402905e+00,3.761031988801463832e+00,-5.852485024278976100e-01,-1.681255819592057721e+00,-1.630383484642454306e+00
-3.313441230519956898e-02,4.534771227387338621e-01,2.087260365755096547e+00,-2.762683819372957483e+00,-1.792816001318366714e+00,-5.322403335648591138e-01
-5.702482069847427670e-01,5.527658614471314680e-01,2.354498251731114600e+00,2.959798333287661509e-01,7.136536040308182338e-01,1.078961883784472997e+00
-1.434038104934965085e+00,-3.141928383741114938e-01,1.197085817723168910e+00,-9.543550058158962734e-01,-1.378500858037136734e+00,-2.167943599413772737e-01
-9.858344432178817174e-01,-7.373921328236943129e-02,1.433134330253499122e+00,-2.631285934303651874e+00,-1.545340497234713562e+00,-1.468096195897052425e+00
-2.502045707738387303e-01,4.953217290666104833e-01,1.294961075122315064e+00,-2.559912948646183128e+00,-1.980742614030582383e+00,-9.191266124447594610e-01
-2.426965730213908046e+00,-1.497744988796506416e+00,-9.541895840806579043e-01,-2.718024481308228602e+00,-7.712461213053614095e-01,-1.925005819545373351e-02
-3.978527842812218385e-01,7.352317054894802473e-01,2.785918511347983628e+00,-3.662112776499273359e-01,-6.751845818989516967e-01,-1.357073939221395131e-01
-2.549068889111649194e-01,5.564758416219059978e-01,1.175554673863653088e+00,-2.370367946190394370e+00,-2.924953125391684505e+00,-2.092777611184201803e+00
5.135659495327183910e-01,1.510237126247552686e+00,2.788840431442705103e+00,-2.050508115718677471e-01,-1.074053077367338460e-01,-5.247324355928413286e-01
-7.980845115847620685e-02,8.166253512242358514e-01,1.048456017048240430e+00,-2.980238855265142206e+00,-2.418803452798123921e+00,-1.739284700677312223e+00
-2.378694433187119039e-01,7.142315809174263341e-01,2.831914371086733162e+00,-2.212061277166740003e-01,7.095468676898235572e-01,8.182700868898979962e-01
-2.072113928621684753e+00,-7.799456566059963514e-01,6.257401704757566963e-01,-9.874910530252596352e-01,-4.618811554190211943e-01,-8.282223672439305295e-02
3.345622706238878252e-01,1.228307176081574470e+00,2.856470593743966724e+00,-2.569916784783419672e+00,-2.490529967115317156e+00,-1.781108457855886895e+00
-5.769063721030496250e-01,7.727305908300302617e-01,9.563801183063911360e-01,8.720651602535692271e-02,1.802881670973145223e+00,2.576672516287124015e+00
-7.358927435904898395e-01,2.595713269983758731e-01,3.597798315215014475e-01,-1.148246020220598407e+00,-3.835532462640068446e-02,1.225011629738415264e+00
-4.824471726120769799e-01,-8.929066089967117870e-02,3.695846057016361486e-01,-4.548289773096532151e+00,-3.422464354408454312e+00,-1.828493635305403986e+00
4.996906512407215395e-01,1.963297810805609389e+00,3.902670150109791347e+00,1.205560367905353036e+00,2.014596471953117529e+00,2.397648844616286024e+00
-2.321955504829783301e+00,-8.420508868884588605e-01,1.587427815238001472e+00,-1.551429016705823671e-01,-1.173875716605941588e-01,1.703607437013852643e-01
3.271379161607196884e-01,9.899822111252963852e-01,7.528697819500717037e-01,-3.192261295997758985e+00,-2.324829987735971493e+00,-2.010941390451582489e+00
-1.004201321532651514e+00,2.650321368389098597e-01,1.639046347309707663e+00,-2.966403483109810724e-01,2.976590494053203417e-01,7.877334954632488895e-01
-8.096302032177421504e-01,-1.880842131058536176e-02,-7.189765492614601239e-02,-2.521970084624552744e+00,-1.502974917927106802e+00,-1.176766642909462091e+00
-6.703489001229228084e-01,6.847913099834196382e-02,1.820248296920677911e+00,-1.325207151915084980e+00,-1.160182961349109698e+00,-1.055079996375227619e-01
-6.884827122948241618e-01,7.275702309407461321e-02,1.221192392423230411e+00,-2.342270475190704637e+00,-2.085253878891522028e+00,-1.006577694948843194e+00
4.100161711925423003e-01,1.442612064986752873e+00,3.030078287095350653e+00,7.482203827281502795e-01,1.329815602499621274e+00,2.074663461003511511e+00
-2.915863878892182570e-01,8.412754852085476687e-01,1.807330799361587026e+00,-1.374762200746032281e+00,-7.143777788620178093e-01,-6.941210666791155504e-01
-2.370244148934649520e+00,-1.009559014390221332e+00,1.183833146833443706e-01,-2.525978477691740665e+00,-1.371326863439420674e+00,-4.323479480690237686e-01
1.329877765064588546e+00,2.595575400859644333e+00,3.329311494533181648e+00,-9.456201889981065145e-01,1.681251048176747309e-01,1.146050000979632832e+00
1.322944198787638359e-01,1.426690427561754237e+00,2.052212715291922063e+00,-2.989745662059120956e+00,-2.430821039272446082e+00,-1.853368570314210650e+00
-4.981263151361893238e-01,-7.937407153666416193e-02,1.603185110218132925e+00,3.943834057302977869e-02,7.102104911436715184e-01,1.276790841389366715e+00
-6.577810624705316966e-01,-1.085919473611890972e-02,5.912887415910688116e-01,-1.005403575566619079e+00,-1.308970396246464052e+00,-4.804500400525610893e-01
2.757251418290522782e-01,9.900010502291355374e-01,2.233723898104810868e+00,-9.805686216638461739e-01,-6.929768379720876448e-01,-4.358093352138709409e-01
-9.139658984722937030e-01,-5.385418853426283958e-02,8.790945813256310082e-01,-3.131693776298048792e+00,-2.989204421860515382e+00,-2.566536520311752057e+00
-2.188873305773415545e+00,-2.688267070665389946e-01,1.850840365911435192e+00,-1.108421069331789521e+00,-1.367638449240359932e+00,-1.135427682304070318e+00
-4.737321673272962275e-01,7.194782241695634184e-01,6.216018116925831061e-01,-2.441277212120692486e+00,-1.186631155641521218e+00,-3.140640479745278602e-01
-1.357345278461692173e+00,-2.298144007270682687e-01,1.340371858331589117e+00,-1.127198990051431204e+00,-1.376930574759850590e+00,-1.056461175728939939e+00
9.968002838508053243e-01,2.262691479945254436e+00,2.543615587567102487e+00,-1.430592794513874777e+00,-6.096462695528596099e-01,1.198126690846755688e-01
4.151523889022227243e-01,1.087308478673366219e+00,1.917614038870085524e+00,-1.510320157794710516e+00,-1.088927959479597286e-02,8.878790954956916615e-01
-7.925195394048371034e-01,9.418112649338024334e-02,9.828171961405723911e-01,-1.632344135557888043e+00,-9.490133895100999473e-01,-3.165858316821061336e-01
-5.592240144947344671e-01,8.716662456013284377e-01,2.318948327568400636e+00,-1.029561226171680444e+00,-1.680678852920558963e+00,-1.019050244828163754e+00
-2.866807204266824893e+00,-1.865156064430472105e+00,-4.654346005039380341e-01,-2.697661134459843790e+00,-1.380066633505150131e+00,-1.045691846684918963e-01
1.611727582146962101e+00,2.600646952505235809e+00,3.453440919590883063e+00,-1.007560976348478743e+00,-1.261763011319005701e+00,-1.069928243244551824e+00
-2.772474588042915133e+00,-1.294656372599001237e+00,3.433882307747379570e-01,-3.047761136203629651e+00,-1.804593993915200256e+00,-5.615057041715583175e-01
-7.808462550662412793e-01,4.146527465035734217e-01,1.572505891367065978e+00,-1.289879950077190474e+00,-7.140203669675220244e-01,-4.634264705518365002e-01
-2.694623124703655392e+00,-1.696309339816152395e+00,9.272169848980399420e-01,1.242415349497455884e-01,9.277614727658365368e-01,1.573358380914429366e+00
1.697554334286310029e-01,2.138331438170701926e+00,1.587067214557983164e+00,-2.121566950211378977e+00,9.088325481384896820e-01,5.766249537941127157e-01
-3.189496773110584105e+00,-2.703307717785563558e+00,-1.324460477594751717e+00,-3.528869965340162729e+00,-1.737767379302595616e+00,-7.156857489202541611e-01
2.163108004816621133e+00,3.714539654155515791e+00,4.983230473704196584e+00,1.160357330821584210e+00,-7.899012031719504501e-02,2.925996089557683089e-01
6.932929470039583819e-01,1.815804170462969047e+00,4.599041585002325405e+00,2.254048094699364846e+00,1.906500662722182771e+00,1.935140305563803897e+00
-8.887244855271017041e-01,6.543704256698427146e-01,2.767282083646238178e+00,1.930147420053895058e+00,1.723182398691143646e+00,2.154768910356126277e+00
-7.297289213588016299e-01,1.230738734719214467e-01,2.233019617137907975e+00,4.899370810209680571e-01,1.867081724880693239e+00,2.288470244029625622e+00
-1.465488370082058955e-01,-4.439400395658129606e-01,1.164507234114050327e+00,-7.288982738681283324e-01,-2.578220566715639928e-01,2.267732926045235298e-01
-9.109971810055266239e-01,2.745648696554267576e-01,2.017596035919807740e+00,-1.668171443347765015e+00,-5.085928720549276472e-01,-1.900353544250077409e-01
-7.667670367224123373e-02,5.153635739111639413e-01,1.154414842229765537e+00,-2.612775169021238408e+00,-1.184465699763748381e+00,-1.515707598919170673e-01
7.667901060410022007e-02,8.852309696316869037e-01,1.794062268687405926e+00,-1.761364205495401958e+00,-8.449474073797432760e-01,-1.654354773024467318e-01
-5.668968942022186708e-01,5.428484860546543000e-01,1.123685642766155901e+00,-2.818069501106197361e+00,-2.152569846342694770e+00,-1.250125953021048675e+00
2.274257668606869121e-01,1.235203823108700805e+00,2.461620642362802425e+00,-5.877535994360326699e-01,-1.998557992699328822e-01,2.548762730054682790e-01
-1.040168524058767696e+00,-8.674678879246001673e-01,1.051730712376907351e-01,-3.180505478618475657e+00,-1.837885897622211440e+00,-4.011932237426659720e-01
2.972867858528683432e-02,1.450232182363208722e+00,3.180927497072825627e+00,1.885192284138977326e-01,6.265525762203955074e-01,1.095256943730350319e+00
6.629389408625590008e-01,1.381908346116501818e+00,2.996538554900357809e+00,-1.136331606100520614e-01,9.028641123073424257e-01,1.210677716813578053e+00
6.269897315804283389e-02,1.327128173650115039e+00,1.839799307891394786e+00,-1.116018441633245040e+00,-8.552043376997499058e-01,4.416314194082564537e-01
-8.497130447895402394e-01,-3.733306697987651135e-02,1.173854803916931866e+00,-2.173100676691293476e+00,-9.886645055347950128e-01,-8.198970375609011818e-02
-1.926138155723755796e+00,-1.090933340225904852e-01,1.898681333202713262e+00,-9.228042095957043056e-01,-1.279056080463919498e+00,-5.051811677609475693e-01
2.677678134005825328e-01,8.405921067217946296e-01,1.297295932618065306e+00,-2.255922438695487475e+00,-8.575101806888019151e-01,-5.520772211996717305e-01
-7.472185336583752058e-01,6.799747702048185571e-01,2.304514823442864291e+00,-1.727417029037025875e+00,-1.669241489535693290e+00,-1.436464155033047474e+00
-1.617377540377147094e+00,-1.344761096917393095e+00,-9.457314497313813462e-01,-3.023201864684114781e+00,-1.171035133297379405e+00,-6.184082097178180693e-01
7.847541848876308235e-01,2.201695487117747874e+00,3.464025550299685285e+00,6.994312165563983941e-01,1.538055504485554177e-02,4.195894606650467096e-01
-1.968021724257108085e+00,-9.261378997778276778e-01,2.515731885626155129e-01,-1.429384096340236887e+00,-2.880444179979762542e-01,4.820348191180620079e-01
2.933201174567114933e-01,1.771301111811008022e+00,2.305503909384864158e+00,-2.078141222129743504e+00,-2.451139624696940356e+00,-1.674842864049690627e+00
-3.273709927170880274e-01,7.178010132785203057e-01,1.041339595242959382e+00,-2.123471417446858744e+00,-1.784439549087896149e+00,-6.791806550340657722e-01
-4.999267383834063994e-01,2.550329021805891605e-01,1.790162275480141840e+00,-9.923210875676983234e-01,-4.969816819398518715e-01,-2.907867546097570588e-01
-3.886689356736786061e-01,5.930631305531935960e-01,1.333097747259396781e+00,-1.984356162653006184e+00,-1.369753422010677513e+00,-3.256380808516467495e-01
1.199631209878423282e-01,4.325580981482623488e-01,1.558040065476306912e+00,-1.689414340108819301e+00,-3.330763479862179355e-01,2.409888960961567295e-01
-2.038887384340952735e+00,-5.705332627506293219e-01,8.620473442330872649e-01,-1.580077854382744063e+00,-1.299624022373448318e+00,-1.255650843046966780e-01
1.167032156075315186e+00,1.603342506815535140e+00,2.233215522348894755e+00,-2.249160899311564599e+00,-1.153360815098500414e+00,-3.647764106017546970e-01
-1.295420825466668147e+00,-3.878526353539087923e-01,1.232793830059852658e+00,-1.050538741808226373e+00,-3.660923841081731855e-01,9.430264937428928240e-02
-5.361517494139044215e-01,5.704057379077641897e-03,2.267979446081127282e-01,-2.355577872482329305e+00,-2.125286713629970514e-01,7.848909352790469640e-01
6.185166854448086449e-01,1.713444538228572567e+00,3.838031000985039132e+00,-9.462754148728437509e-02,-3.874145796477203030e-01,-9.935589550941824333e-02
1.222889421802900500e+00,2.767817222058604365e+00,3.906993790244489340e+00,-6.967574888643353059e-01,-4.066645122861230477e-01,5.308228085481496439e-02
7.310117108582604439e-01,1.458958474960255547e+00,2.446251032283674132e+00,-1.300252686116951883e+00,-1.261499811906460655e+00,-3.764166491237076473e-01
-1.736127530270434427e+00,-4.879751399526119360e-01,9.092471546278535488e-02,-2.318401382400346211e+00,-1.149568607383218977e+00,-2.124288172440372269e-01
3.640616340159935627e-01,1.346783248615921469e+00,2.705048172397602091e+00,-1.360551612788619913e+00,-2.028665493663818431e+00,-1.045674885369568097e+00
-8.432781309284054228e-01,5.243897007079830752e-01,1.655226281919807363e+00,-1.205838430162192054e+00,-2.005200008046015281e-01,-1.455336275055551243e-01
-1.182450690912967728e+00,-3.549419735143195531e-01,1.287186221365115291e+00,-1.719153218721890530e+00,-7.780797096908250721e-01,-4.391026271100748751e-02
-1.602309844552210372e+00,-9.711011482056823851e-01,5.026391965124711314e-01,-1.929494398215913176e+00,-1.517454183049312455e+00,-3.150626494276645428e-01
1.512878770567769537e+00,3.279414253359988596e+00,4.624617109951263849e+00,9.335626014171797271e-01,2.796929292539324652e-01,5.727984669577248500e-01
4.681207594602205257e-01,1.940941191448557701e+00,4.205170522286530321e+00,1.612627831904624331e+00,8.450511831673253038e-01,9.910338857179582517e-01
-4.126412819912570473e-01,6.356952365813874906e-01,2.801506905825992266e+00,-1.788238902406510400e-01,1.306845779531717322e-01,7.764453579797335747e-01
1.484586530476233568e+00,2.729586151289686846e+00,3.393431484799355857e+00,-4.800972621436990773e-01,-1.922861807771166776e+00,-1.184762662381222187e+00
1.715971895963245952e+00,2.794737192917968738e+00,3.915478812251401486e+00,-1.717717497564271945e+00,-5.459615416777955366e-01,3.218734634152009000e-01
-9.313381105692577488e-01,-6.408000515173625233e-01,-3.095445250603959808e-01,-4.971363382507345108e+00,-3.200753433091574784e+00,-1.683801766012592793e+00
1.677798143357326355e+00,2.691396641797692890e+00,4.654676400368660261e+00,2.602477281819805532e-01,2.959860972380685129e-01,4.843607675758732078e-01
5.549508406448537823e-01,1.404397148443499388e+00,2.469921937557483460e+00,4.696471993926866484e-02,-4.954335069231092792e-01,-1.238515935360758324e-01
-1.664686087598899356e+00,-6.563542157349716577e-01,6.010882338378426004e-01,-2.418463446834069330e+00,-2.244193096929880671e+00,-1.536617493113774380e+00
9.635620209287522053e-01,1.843615449900670500e+00,2.572026425610264511e+00,-7.692247826162910140e-01,-2.193419268071281902e-01,-4.085766761572158512e-02
-1.281658766129984972e+00,-2.057569639483538271e-01,1.098856282755597658e+00,-1.367567958622812441e+00,2.303536082169703458e-01,1.119092992320129154e+00
-5.889733925772104861e-01,7.931518011694183024e-01,3.050877046490771072e+00,1.953680706838505088e-01,7.188172457738434273e-01,1.393214989733646991e+00
-1.457156733048623920e+00,-6.978141182894906924e-01,1.240380358688577322e+00,-6.666805428148883106e-01,2.067102897203130021e-02,9.139322906478259956e-01
1.263356670730922948e+00,2.409508445929469556e+00,2.189611036855384274e+00,-3.310618466779191138e+00,-1.986357151313004721e+00,-8.552794291364147483e-01
-2.337168321698014584e+00,-1.676823877945360364e+00,-2.133834464246493201e-01,-1.348840739112995069e+00,-1.020913381978907353e+00,-1.338689952240100789e+00
5.911381971436250327e-01,2.206655654401791455e+00,3.311835824230278558e+00,6.369883121022308636e-02,1.429389084242774222e-01,8.062010406410481389e-01
-1.824939299917076596e+00,-1.103273966358180092e+00,9.796970859511610064e-01,-1.859327591899314625e+00,-1.381617705681213781e+00,-1.087000785920211321e+00
1.951397550601840392e+00,3.264349666208973044e+00,2.832467071874471110e+00,-1.597100981062517411e+00,-6.534580015394283459e-01,-8.892949898302962564e-02
1.176281269198349716e-01,1.249950914540393532e+00,2.656207443954911263e+00,-1.853411409503292751e+00,-1.556565595685468484e+00,-6.509835424009681182e-01
-1.693693307323167252e+00,-1.385963380978180615e+00,-3.669555712622382670e-01,-2.322570546696658855e+00,-1.055584500690813637e-01,5.755219504524096141e-01
-8.256642856898814553e-02,7.216457634456048265e-01,2.439283860713914898e+00,-4.703542859137564425e-01,3.412585968923672469e-02,7.153116053955214104e-01
9.069830935894938051e-01,1.776092916761447649e+00,1.811483078821654935e+00,-1.569209468202283075e-02,-7.072226096275799900e-01,2.317597284482356690e-01
-2.415411232587216794e+00,-8.364219420098042423e-01,6.501385874396727882e-01,-2.367179953077356735e+00,-1.615543878301967551e+00,-8.542079686248195136e-01
1.620691579871656351e+00,3.131260584910048994e+00,3.519474493179150176e+00,1.320695946755170658e+00,1.168708620664597797e+00,2.173097198160648169e+00
4.021967908963974825e-01,1.024396919770685033e+00,2.407202942241704946e+00,4.706205682926862810e-01,1.591892684243038314e+00,2.119371153938313768e+00
-1.061693032464677389e+00,-1.767944450981388110e-02,1.465011175893567552e+00,-1.186985343519557867e+00,-1.622640598352059538e+00,-1.229044612285248750e+00
6.280871912479304431e-01,1.514723046570535470e+00,2.727207114016636069e+00,-3.339105545293054589e-01,3.696108430059921179e-01,1.078372700073548796e+00
4.694783267512032676e-01,1.969603153299949394e+00,2.259887037314620706e+00,-1.502687262751775776e+00,-1.558396277933555174e+00,-6.024001244057775040e-01
9.480894839111202177e-02,1.291003995730480414e+00,8.081541976327547561e-01,-2.557736957199460814e+00,-1.067170107133611268e+00,-7.571779705795306237e-01
-2.239313823291631422e+00,-1.246973799378271019e+00,5.697455578140869781e-01,-6.298011594552359593e-01,-1.284280251458726485e-01,6.809319271114208094e-01
-7.367327501155076508e-01,2.997076882001845077e-01,1.331081476833914534e+00,-2.768154436014649722e+00,-1.773072385944209906e+00,-1.709386909645941865e-01
8.108250446136562317e-01,1.862380966029511864e+00,2.183695067405618140e+00,-1.797017487306838968e-01,7.756527119579059715e-01,1.705142672732695708e+00
-1.239914897597109711e+00,-9.495037233180584346e-01,-3.673996438637936457e-01,-2.167408921560633583e+00,1.956000408060513673e-01,6.520683680763276202e-01
7.596279819730539229e-01,2.377878157351338118e+00,4.617821658953913833e+00,8.535398983799741268e-01,-1.092143100631662866e-01,-1.200709014231301219e-01
2.050294800492904468e+00,3.130189066930885833e+00,3.584633373758874253e+00,-4.299223268069791715e-01,-2.862722671275239050e-01,8.715402003451196145e-02
7.022653483795497920e-01,1.510544204226883069e+00,3.861453680583221804e+00,-5.412844788845687545e-03,2.785588622164778538e-01,1.171765476554903707e+00
4.901429292290898632e-01,1.591653032444073190e+00,2.689484581961782528e+00,-9.659202283486149898e-02,-2.724466577353607533e-01,2.406163543201629285e-01
6.799767449159470623e-01,1.295681992958043871e+00,1.501778032460283852e+00,-3.219898103694944336e+00,-2.588863710874548918e+00,-1.144007349389989159e+00
-1.285008386021727844e+00,-2.911980763254575777e-01,1.862117871245838163e+00,-1.215069619274690371e+00,-3.562015715607955157e-01,1.684700414837376203e-01
-3.424881779207940902e+00,-2.124507796397140158e+00,4.976157890204824241e-01,-2.478871169505854510e+00,-1.949564556973604201e+00,-9.564714603652501035e-01
5.543665193607067998e-01,1.852686193043797447e+00,3.823971305967575951e+00,-1.391795457032873606e-01,-3.884374564923616102e-01,8.723853758316608975e-02
8.836255400594811293e-01,2.609149660712801300e+00,4.560701665414063299e+00,-2.509036045292053485e-01,-6.538945147882271325e-01,-6.350266860200270980e-01
-5.296597836796053116e-01,6.706631290753828356e-01,2.900256397911039397e+00,5.404126146826366585e-03,-4.189767739729849949e-01,3.658281539979842401e-01
8.844753082344107842e-01,1.532258059336902623e+00,3.346372470711431735e+00,7.147894034379188577e-01,1.222904788672860565e+00,1.999410328988072028e+00
-2.787371133622661423e-01,1.062854595750500453e+00,3.292835737706949928e+00,1.685285832435423403e+00,1.272063057794409424e+00,1.362824588467130393e+00
-9.976311860951319055e-01,2.193551208406002151e-01,2.220094547714033695e+00,5.010343613820716913e-01,9.351804934713645601e-01,1.265911884318930758e+00
-1.261987952750592001e-01,1.148398176422747108e+00,1.453742526621739417e+00,7.264271191309612519e-01,8.634745942627278792e-01,1.738283414478752453e+00
-3.115761770197570946e-01,-3.120966087485537166e-01,-5.822955276054663232e-01,-2.864490015567075609e+00,-1.186978442339236439e+00,-8.002258487967086609e-01
7.240144237404454453e-01,1.811986176923487735e+00,4.059505078295228664e+00,1.028336207209902958e-01,1.529868125929978451e-01,8.890335826832739263e-01
-1.550219607536551303e+00,-4.828635725383898514e-01,1.884682794685373919e+00,-3.540562174961169872e-01,-1.172532600520358459e-01,-1.857779801023811406e-01
2.272925164228127848e+00,3.692862181959454482e+00,4.781790174421266748e+00,-3.973693359672382797e-01,2.758824523393718642e-01,2.412031484538492143e-01
1.628250672567903568e+00,3.205277887453950481e+00,3.889688804112655607e+00,-1.174684205074784993e+00,-2.252580472772926612e+00,-1.415509814736225280e+00
-7.585464427348184713e-02,1.312505273654999804e+00,2.674602920214247170e+00,-2.992500938651273756e+00,2.647134203111662504e-02,6.087586770846307171e-01
-1.713547572635989669e+00,-1.594120624161756261e+00,-1.406019341040586790e+00,-3.530885371693161190e+00,-3.180951264311936200e+00,-1.813620742816410170e+00
-1.264381079937624552e-01,1.654291721568786233e+00,4.398640316901294867e+00,2.018849170103446333e+00,8.346294956037948465e-01,1.421038642982946465e+00
-7.528226597720860669e-01,9.326037170228917983e-01,3.803322320856119543e+00,1.323868093574419147e+00,-2.062172541295642370e-01,2.476306107424720016e-01
1.857157848850304049e-01,1.601019889062972101e+00,3.650728855009134577e+00,1.611981786470931599e+00,9.034169815926643698e-01,1.598151508000064780e+00
7.640259349755719465e-02,9.697941875626536756e-01,2.829097650878567460e+00,-1.342095741612819193e+00,-1.406429615765335317e+00,-1.001377191949618828e+00
-1.357553501447513522e+00,-5.139834774474237866e-01,3.577439014788066363e-01,-1.883739451624810490e+00,-6.531368259621116446e-01,1.574797458091082569e-01
-7.376248400017746398e-01,5.485564682375111412e-01,1.656365848631730087e+00,-7.465465146738342606e-01,-1.292074153236502654e-01,6.148890379819111907e-01
-6.792623952896341688e-01,1.922158418672467728e-01,1.559314945101410999e+00,-7.970932258444285434e-01,-2.236010970781070750e-01,7.304755353592542466e-01
1.968440788890899684e+00,2.831298353161129988e+00,3.337237542355308673e+00,-1.651300011654516009e+00,-1.645317634097437809e+00,-1.485604415227834263e+00
1.669923516809192821e+00,3.235641054590689958e+00,2.638899667096549884e+00,-7.401825043442856744e-01,-1.669398852066562508e-02,3.985643312421420781e-01
7.978278042187892938e-01,1.891217363268752116e+00,3.561111324443653192e+00,-8.807858578352688594e-01,-7.352932461959720278e-01,-9.308880007895887765e-01
-3.573812233333337196e-01,9.637745888813188389e-01,2.704874938812655394e+00,-2.171917585471915491e+00,-1.129586691866797610e+00,-5.274733963515803453e-02
-1.341668161292291162e+00,-9.165306291761340374e-01,1.001112746070121212e-01,-2.402183101689721045e+00,-6.826968358412069948e-01,8.448781485584890005e-02
2.856350881954641263e+00,4.424125877956858410e+00,5.136441577513165768e+00,1.063512534348193483e+00,1.032532901114662893e+00,1.052652919760496131e+00
-6.531844546196369228e-01,1.012625169990690743e+00,2.961174922153738454e+00,5.441920866735709961e-01,1.616602802427298702e+00,2.494557373219354002e+00
-2.505001919496531726e-01,6.108728863849813978e-02,1.059968390646484071e+00,-4.681216334470164053e-01,2.446226406209185689e-01,1.100624483413850330e+00
-6.355348082692796607e-01,6.620520180328635096e-01,2.051099195937134745e+00,-2.859346268487932718e+00,-3.179338768310817631e+00,-2.259165614314766923e+00
3.391521196725411635e-01,1.865944876167359601e+00,3.742099045403850077e+00,3.136924943767501528e+00,4.363781730270489767e+00,4.470977117666113720e+00
3.683218207315959170e-01,1.636441560388508965e+00,4.749976763831610604e+00,2.809955368131122899e+00,3.204113516248623394e+00,3.261146452578842947e+00
-1.697219232310474835e-01,1.650751125794867491e+00,4.539690067853617172e+00,2.276896688089590004e+00,1.768643353160035403e+00,2.157529153988109627e+00
7.305147516874085367e-01,1.768950732137235082e+00,4.054624629799426394e+00,1.826698916564421182e+00,2.329689050365482128e+00,2.246608754580266432e+00
1.251478797509002705e+00,2.642566402457186658e+00,4.658432188044595357e+00,9.314002165001071809e-01,1.767765167443644314e+00,2.137718630882147863e+00
5.335228961206454068e-01,2.043242500601719414e+00,3.885080659812659931e+00,1.724616399480030760e+00,9.488402538931089980e-01,1.085630039045322404e+00
2.750629997396971116e-01,1.888060931952390664e+00,4.244096095967842430e+00,1.014113911806977741e+00,1.477723761050341089e+00,2.090905488273482771e+00
2.133356778802438569e+00,3.429886154226856831e+00,4.847391840088479675e+00,1.769862546813755211e+00,2.098615744472541511e+00,2.283930218729753658e+00
2.085163759175975517e+00,4.031980259002200917e+00,4.588641592125030755e+00,1.561805202576678431e+00,2.090931430888659737e+00,2.443317781584441128e+00
2.453652068341396486e+00,3.617216541116815343e+00,5.224086455820581065e+00,1.637333744405686353e+00,1.756207743211611660e+00,1.735814134364041639e+00
2.422475666395370375e+00,3.296352964259346763e+00,4.472391340486719713e+00,1.834258429407157609e-01,7.771021710395306648e-02,-6.624557507316762572e-02
-2.314862862892495821e-02,1.627256246046813182e+00,3.297986561824453045e+00,-6.606301365790717695e-01,-1.650787768764816199e-01,2.380237188000928206e-01
3.605645913273681780e-01,4.740444504477912546e-01,2.118509905314745367e+00,-6.567100965483060326e-01,3.506257538161876575e-01,1.119087326528414916e+00
-9.585391719335815131e-01,4.184171858950199163e-01,1.588946840157077656e+00,-2.431306386268249575e+00,-1.117436029277844689e+00,-5.365251438006580775e-01
1.467353790599372543e+00,2.371773883462456212e+00,2.725806201583596433e+00,3.705901586518236396e-02,1.084882483415795296e+00,1.936419707128257395e+00
-1.430979917568343460e-02,1.147958242124546224e+00,2.365468664635504314e+00,-1.395168621270501008e+00,-7.807746024028856535e-01,-3.683775427503466759e-01
1.266209800082680026e+00,1.868978570718533128e+00,2.216510769578278417e+00,-2.335562796717288503e+00,-1.561215126988818369e+00,-1.003872631375909208e+00
-2.049319647329746752e-01,1.187865583033176131e+00,3.606525324429423751e+00,5.709894827269353934e-01,1.301980531758425985e-01,1.772170071530691782e-01
2.330152493410722336e-01,1.065845176000980166e+00,2.076881418200214657e+00,-3.679952801366199178e-01,-5.999461838651237722e-01,4.979289790769191870e-01
1.297719420799833712e+00,1.827739935975315477e+00,2.579908649881650362e+00,-1.099494732428321075e+00,-6.375581932151045406e-01,8.978127069733640719e-02
8.617881534035036761e-01,2.049825883286468198e+00,2.231408727755724630e+00,-1.111409733869681338e+00,-7.437131037283198354e-02,4.320555917890547271e-01
3.460717683299993630e-01,6.634586357990551742e-01,1.396597107049449393e+00,-4.867079732775599910e-01,1.058394360244591992e+00,1.464042595189653850e+00
-1.597490767746313767e-01,8.269888960173374937e-01,1.163010183582981361e+00,-3.199252604221015872e+00,-1.216167365175838011e+00,-4.167303761408511220e-01
1.165911622732445085e+00,2.165653417718432117e+00,3.302467076536968360e+00,-1.088757544500907004e+00,-9.617026088045432797e-01,-4.343689216959206179e-01
-1.602048614475082067e+00,-8.401013126761602834e-01,-9.161143685266447123e-02,-3.522254512371070678e+00,-1.902409094954143010e+00,-1.079242569895766168e+00
9.573280278807129173e-01,2.253170881338527387e+00,3.529470254712517185e+00,2.020160054526638937e+00,1.500101963907041869e+00,1.216127863639029805e+00
1.480173822785055604e+00,3.083352643871811072e+00,5.665370230587430278e+00,2.998199701354797853e+00,2.623409105255189999e+00,2.528388141329148020e+00
1.318894647255054897e+00,2.443235531596533505e+00,4.427600626133842532e+00,1.821904331197729876e+00,1.655583504594463351e+00,1.643089353019147270e+00
8.835445885131738564e-01,1.734657744720861761e+00,3.676282445958118039e+00,6.352538569653695122e-01,3.450337018776621911e-01,2.864905477680526613e-01
1.336534200920592275e+00,2.563053836117017426e+00,3.774113372166388647e+00,-7.543447296042863348e-01,-1.729300835604893782e+00,-2.977111166977529644e-01
-1.140874644621159506e+00,-1.052571545434750622e-01,2.151478303339296794e+00,-4.337285580282283504e-01,1.485571567968367868e+00,2.023567876647251129e+00
1.570994821868752167e+00,2.676175955888315805e+00,2.946476658299592710e+00,-1.413002889021096165e+00,5.410053700216098660e-01,3.375356411570471504e-01
-1.645842881702607619e+00,-4.494752564603264333e-01,7.000806302214047649e-01,-2.368231435076014080e+00,-1.189133969156402904e+00,-2.714915879759758899e-01
2.819660927531320471e+00,4.318105944154346787e+00,5.329666517442113616e+00,1.082715341127006514e+00,6.997025040216746650e-01,1.161715734592001725e+00
2.455798754301912634e+00,3.831993630516835836e+00,4.499271840729170968e+00,8.104807341468480697e-01,9.645761585014708261e-01,1.677295100649966342e+00
2.090135131395508328e+00,3.210596920304267243e+00,4.460347996984878272e+00,-9.820503127378134023e-01,-1.178402367211415891e+00,-2.404441615632822438e-01
4.711228643232885926e-01,7.168422641505399762e-01,8.077172423136875778e-01,-4.487713735042289542e+00,-2.442598728032552735e+00,-1.177086515173206172e+00
6.213721265837945928e-01,2.583392996919410933e+00,3.047845205561583448e+00,1.811620817965615027e+00,2.205117303752273550e+00,3.169478588525364682e+00
-2.485338472679619048e-01,4.125218571977715687e-01,1.961271204908443755e+00,5.672626666861088074e-01,1.022914931280485940e+00,1.835574814624484130e+00
3.898938984013408746e-03,1.341319656666322802e+00,9.868757588536630765e-01,-2.058809455572127689e+00,-8.556098563769086729e-01,-7.341902822107215787e-01
-1.703167155526177590e+00,-2.995102960872517150e-01,1.145164019804424616e+00,-1.672399984402375805e+00,-8.024108316688193243e-01,2.685501526163421304e-01
1.885943674504425127e+00,3.763862619217412941e+00,5.987268606411490168e+00,2.150140167852162776e+00,1.005932259236356208e+00,1.002116053962321063e+00
5.379079924143245206e-01,1.968946294421158871e+00,4.386483026649091066e+00,2.011858595119099924e+00,2.039057508012824371e+00,2.329131574701308605e+00
2.790464466643317598e-01,1.604805135078452016e+00,3.471137569612151808e+00,5.356099166903353082e-01,1.137372746702695198e-01,6.337571547044670295e-01
-2.012808760649216488e-01,-3.256036979423869160e-01,1.392431519765758630e+00,-2.388125477156649357e+00,-1.010150266528414775e+00,-2.081445489150159367e-01
-5.713103369165367651e-01,8.845237648626854687e-01,2.842751133115207107e+00,4.396890504701377878e-01,3.878717866706647265e-03,7.283405243544266439e-01
2.024479402476213608e+00,2.605418204116402681e+00,2.164738896679271107e+00,-1.563953517930101622e+00,-7.730942141202492568e-01,2.537169437862393240e-01
1.308681217075951864e+00,1.818373715837225735e+00,1.291046216476648079e+00,-2.155198991618220816e+00,-1.058405926528997565e+00,-5.234869682139287050e-01
1.798858068007818778e+00,3.706992703865874539e+00,5.573759116408587566e+00,2.300371650397587509e+00,1.958400853036070810e+00,2.057268253149164394e+00
1.808263181299604394e+00,3.128705079913647769e+00,4.810390794597845243e+00,1.723227843297086892e+00,1.333651136535786375e+00,1.228139934996831162e+00
6.359792953470627674e-02,1.073605444776250417e+00,2.945756476295039228e+00,9.877814560401561028e-01,1.475618318378549176e+00,1.347185977595508399e+00
-6.874727384357830484e-01,4.413377324283591641e-01,6.916556881031127313e-01,-4.861841037745059935e-01,-1.170612697381886891e+00,-2.895293247494146183e-01
8.922668780218111495e-01,2.153534002344231091e+00,3.640234315293391809e+00,2.515051484921930203e-01,1.576275975584574551e+00,2.099901317894360631e+00
8.712811969266529011e-02,9.627201113804174648e-01,8.176034751924724508e-01,-2.098767786565887583e+00,-1.732650681911608315e+00,-3.132040676743191310e-01
1.447605563042923538e-01,1.726920003987406638e+00,3.121466216330833099e+00,7.848013643968949626e-01,8.604156118627415140e-01,1.281291430202763149e+00
-2.403249274753698206e-01,1.851542042865002291e-01,1.532240549880600433e+00,-7.441709875809366936e-01,-5.526721508953733736e-02,1.120357056848564070e-01
9.377805646703949449e-01,2.143872395456850821e+00,3.290431530297229568e+00,1.489119105698055168e-01,1.000792407881928359e+00,1.787486387737178273e+00
5.068803409961459838e-01,1.440988441561888100e+00,4.080492758754731497e+00,-3.576364602787667768e-01,-6.836852751573808673e-01,-2.451097560974589418e-01
8.613889479092852186e-01,1.399905979290787750e+00,2.396032216734633291e+00,-1.236216694423413198e+00,2.381156143256406288e-01,1.510722120970339644e+00
5.959572399740540316e-01,1.056507399352569765e+00,1.847060161185893001e+00,-1.678302216307328676e+00,-9.027772956253383718e-01,-2.758738489635886304e-01
9.721254380134184414e-01,1.578398423399432149e+00,2.888242738999440284e+00,-1.137784111071611370e+00,-7.039759462515612354e-01,-2.196490419669220595e-01
1.941358466585054288e+00,2.530801775213998628e+00,2.895086953849526967e+00,-9.774073762071220361e-01,7.485429819055747225e-02,5.142576244332708324e-01
-2.618907197273272480e-01,1.039298659907142319e+00,1.166418085629208123e+00,-1.512916256184713815e+00,-6.088088534516796768e-01,3.213725484338064708e-02
1.322425607464098096e+00,2.919216504673476376e+00,3.793179466216388906e+00,1.933442250291425468e+00,1.817058247793092107e+00,2.345249479302759177e+00
-8.555990862858885437e-01,6.831491878968860842e-02,3.295721260195327407e+00,6.225449396845519345e-01,2.964870946674078578e-01,5.538717191831922237e-01
1.358490005323091943e+00,2.430920271524207532e+00,2.564749197818421589e+00,1.321336597435296190e+00,1.402445213379039934e+00,1.549268691940348663e+00
-8.652756290039204101e-02,6.283439221751002668e-01,1.432178781833569614e+00,-1.651238119790028769e+00,-1.446116551536974715e+00,-1.066871822929664981e+00
9.256098172057374285e-01,2.219441915412528221e+00,2.750918003822191427e+00,4.869783215842641844e-01,2.165804734873979509e+00,2.741128931869292629e+00
8.525134617377736479e-01,1.455624696435599441e+00,3.193833149267363058e+00,3.094819568865339043e-01,2.911285194935229192e-01,2.694160631316454557e-01
1.629949841724729342e+00,1.655470986568941649e+00,3.202751196571520964e+00,-1.313018375276157279e+00,-1.057825954743472907e-01,3.440600148758896082e-01
-1.611093468799441597e-01,1.095382575686278115e-01,3.135643944428792573e-01,-1.885650999474132172e+00,8.601964219594357419e-02,1.355273219402405749e+00
1.928537886498271403e+00,3.684370633785516880e+00,5.047447748533953060e+00,1.012257428279156768e+00,-3.365415656179286397e-01,-2.641696472654533334e-01
8.246080013516560170e-01,2.016016812622106524e+00,3.757692927709812114e+00,-4.344250467958821020e-03,-6.411375703129079673e-01,3.596619195319600282e-02
-7.913905738454367622e-01,7.072827686805822633e-01,3.036492642561878341e+00,3.912496799750288523e-01,-1.608126710638529411e-01,2.068542830749945660e-01
8.893347258683990120e-01,1.727943898185428262e+00,2.116865433872221036e+00,-6.926839257321248944e-01,3.074347677333449588e-02,1.246868331824707354e+00
4.034911741529452200e-01,1.629957686949001783e+00,3.442893931130622143e+00,-6.928936924629031102e-02,9.212761414190377973e-01,1.570665322379041440e+00
9.372077986602539434e-01,1.551321450264471657e+00,2.028394051450520319e+00,-1.127660496604654172e+00,-7.209857233123220244e-01,5.574190600222226344e-01
2.179379778646811094e-01,8.434650600930960751e-01,1.846048384862458924e+00,-6.256050645544977140e-01,4.245186474535547205e-01,1.140350024856282563e+00
1.722460885446700285e+00,2.857585312788891496e+00,4.070435172228950904e+00,-4.520176469974749311e-01,-1.483258518965364370e-01,1.164909263255435201e+00
4.739021458692974087e-01,1.742118182398114223e+00,2.771021428055915781e+00,4.914664937182425808e-01,7.993661362738961884e-01,1.722713869029964151e+00
3.729718056173225160e-01,6.504067329844004375e-01,2.242408791130365842e+00,-1.421682985097983076e+00,-1.250410105771734059e+00,-5.332383083693309489e-01
1.843440573199292665e+00,3.215420585680750953e+00,4.786799680448110550e+00,8.514461262317508661e-01,3.127337760304428338e-01,5.009791059609126629e-01
1.396531936335184243e+00,2.347208326342944851e+00,4.368083775688135439e+00,1.006664674635514567e+00,1.366001206193760087e+00,1.567309983594724621e+00
1.518173089310134727e-01,1.041283088526949951e+00,2.666312298184999374e+00,-1.872240752314348944e+00,-1.341482937636587769e+00,-1.047190965932988771e+00
-4.149354184597808248e-01,1.625542115954448974e+00,2.742727743037438159e+00,9.659027757365434841e-01,6.231311230713462157e-01,1.009201356731417309e+00
-5.766306351648340343e-03,1.015370945067152419e+00,1.492502478900946228e+00,-1.630101487353374790e+00,-1.927736585511250045e+00,-1.020064317217669769e+00
3.036287163001126777e-01,1.735436312879226506e+00,2.912138604712042778e+00,1.118502984761895025e+00,1.477230043160130180e+00,2.280050813315114056e+00
1.171173575208291462e+00,1.857358635581552120e+00,1.730822659923714202e+00,-1.072653343637418155e+00,-9.014541619425061603e-01,3.785779963601165199e-01
-1.738152757211934629e+00,-5.540276866334942207e-01,1.087365004563216164e+00,-8.863065511228016558e-01,-6.432883859781757252e-01,2.106731766238858772e-01
2.257420567869168782e+00,3.319366780261765459e+00,3.604171419949859789e+00,-1.397843525527587838e+00,-6.954057827722375240e-01,-3.290398804315661230e-01
-4.231021558105957925e-01,5.330116935105772003e-01,1.763993296422025903e-01,-3.199148449029343588e+00,-2.214143346177770866e+00,-1.133668476038460105e+00
1.910856879237573969e+00,3.311175389444530381e+00,4.315272533913666386e+00,1.075304038640004345e+00,1.216909856973638071e+00,1.853546121082828790e+00
4.142760168375821950e-01,1.614251935558477458e+00,3.379097658293138462e+00,1.633266842007258690e+00,1.046920399008959723e+00,1.921221133327397190e+00
-7.544236086223899962e-01,-8.780381673207961202e-02,1.677845701840068759e+00,4.249531584753513114e-02,1.202201226105422238e+00,1.745597016275516777e+00
1.460066038580110970e+00,2.731714840214956475e+00,3.538375241304585028e+00,-1.944841564517703958e+00,-1.347031728309298737e+00,-1.381052013275273271e+00
5.030431180341865538e-01,7.145051722782491677e-01,1.262825413782081796e+00,-4.066806008590084787e-01,6.302822107453477374e-01,6.658357131166257048e-01
1.012385457508890418e+00,2.335331846833462066e+00,2.212286962447766125e+00,-1.497647489375305341e+00,-1.405563257872679550e+00,-9.051668729927756507e-01
5.773654284278737503e-01,1.844210801964414115e+00,4.380308790473836922e+00,1.622123628336913370e+00,1.687103266946530233e+00,2.062977626207723070e+00
-1.031970249382959448e+00,-4.835388611639998557e-01,1.250437677216480914e+00,-3.400118407002301057e-01,3.146422059375069136e-01,1.052411110391293203e+00
3.148721976740594286e+00,4.218425924885814915e+00,4.131284347752957054e+00,-1.656108160407196717e-01,-5.348177885240074092e-02,9.281517405575259172e-01
1.479026339005825808e+00,2.753860976389306714e+00,4.527888244181898614e+00,6.849262842755761138e-01,1.456279103709870348e+00,2.065503084597239969e+00
1.244983037354149502e+00,2.325808134448341669e+00,4.385640596584431172e+00,2.002940144345337181e+00,2.592024761039827929e+00,2.963851664546083953e+00
3.481446121767475810e-01,1.504822488786101919e+00,3.835614998101833262e+00,1.318382333942901052e+00,1.320605528208372625e+00,1.766265262123988711e+00
2.284848636166921798e-01,9.383355601146953218e-01,1.904672243392408593e+00,-1.079558559422771014e+00,-3.416450560978415152e-01,4.173451522733176433e-01
7.169974846684261660e-01,2.243982101005692620e+00,4.826252270280740220e+00,3.351574212560648913e+00,2.972458857563549994e+00,3.757987115313083937e+00
1.010716948924193170e+00,2.028265704478541043e+00,3.850418361644740273e+00,1.738834967277862242e+00,7.005517950703059604e-01,5.852645284698012595e-01
1.096421603992858040e+00,2.172140509834305178e+00,3.597364853882349056e+00,5.359609821239263994e-01,3.212170130930773748e-01,1.402675328470993632e+00
-2.564296935633798014e-01,7.316235703090528952e-01,2.576405764588966196e+00,-1.221853626507204860e+00,-1.498475620262203489e-01,1.245176450359846365e+00
3.240983293207613247e+00,4.585231258619491435e+00,5.411137269044643539e+00,4.233613196684172797e-01,1.101805120469541377e+00,1.781727848569134354e+00
2.187712318147619239e+00,3.572361957139569277e+00,5.949506741575198987e+00,1.274663493354012189e+00,7.545347767868040290e-01,1.167444416036930388e+00
1.666259269749718941e+00,3.010999150719599005e+00,3.892399738192911407e+00,7.223291572892618362e-01,5.400605433794810617e-01,1.379627578070791394e+00
1.457096732084893986e+00,2.064509375459700813e+00,2.912347089315837856e+00,-1.159395015959073127e+00,-1.742607444486400370e+00,-1.537406701280913390e+00
1.108997260521770389e+00,2.100150388165706872e+00,3.907468567392198278e+00,1.563954770348322754e+00,2.079126573202268791e+00,1.961529329184640069e+00
-4.988273651163775968e-01,5.210503480377706165e-01,2.089447513510861665e+00,6.648053527734522072e-01,1.011008651216740439e+00,1.884193643754345837e+00
1.157828566395747272e+00,1.945552167643830543e+00,2.803291798352106401e+00,-1.122326842204484365e-01,4.987943079564349791e-01,1.186690514192860091e+00
5.024283789598493755e-01,1.175976270871604834e+00,1.853919385594975378e+00,-1.343255719759312905e+00,-6.433948770693583841e-01,-4.369949605747863175e-01
-9.662107077854220627e-01,-3.826519240745474559e-01,1.553442054244167592e+00,-1.804877000018129118e-01,6.031968407965900836e-01,6.608126351321385039e-01
1.530875165358039469e+00,2.346288606735816185e+00,3.168224452436389171e+00,1.239659945203516633e+00,1.336228018345313906e+00,2.199378728354950407e+00
-1.542785751823537055e+00,-8.050307006663445231e-01,8.810401169057766602e-01,-1.003241597365914339e+00,-6.915500544507798830e-01,-1.947467835050227802e-01
4.081485319545666179e+00,5.338936846647137635e+00,6.359120147241391408e+00,1.608084848894311358e+00,1.439221232802109229e+00,1.000409125321272796e+00
3.123619100956944727e+00,4.575007803872060741e+00,5.473211334207471523e+00,3.249289496112804709e+00,3.391055393016715769e+00,3.847539056830978410e+00
2.214292859071629760e+00,3.544531335055493226e+00,5.064825442543162914e+00,2.298286231734064877e+00,1.745674111756408520e+00,1.945145185788115016e+00
6.293663078979078174e-01,2.154196193426521688e+00,4.456505996285518023e+00,1.530735296226858777e+00,1.566679108156221689e+00,1.780328588744378937e+00
-6.607746865843787398e-02,7.026686776209072338e-01,2.714206485686009973e+00,1.295368262795639991e+00,1.592984433516246412e+00,2.396390204529228019e+00
6.434988534650523118e-01,2.741380277720941727e+00,3.875473866795010380e+00,1.884475138027521313e+00,1.905254070455906890e+00,2.182638936117526018e+00
1.421802440139549484e+00,2.797147518259020416e+00,4.931462790614143721e+00,2.836888180241295299e+00,2.589920130375540364e+00,3.044401193974800357e+00
1.954181708276051310e+00,2.845270235924937108e+00,4.812598680291279685e+00,1.859450928108069334e+00,1.143823046009928124e+00,1.327726153751062510e+00
1.713436356697951135e+00,2.942186594071020345e+00,5.338314163591552308e+00,2.577332254096905029e+00,1.780960495632863072e+00,2.186990960495502900e+00
1.267339736912820980e+00,2.342505702850441907e+00,3.529313669750318461e+00,5.462950353438733586e-01,1.550529787694924000e+00,2.336371014291627191e+00
-4.499805875941549904e-01,1.860996366010091718e-01,1.844659251548468548e+00,3.057493840024345100e-01,1.552244302147868682e+00,2.160383693521873205e+00
1.300952403593698570e+00,2.325925771730840808e+00,3.956263433504033866e+00,2.138854080600103569e-01,-4.206406863188604239e-01,6.952941366208310603e-01
-6.894237672117404792e-01,3.948318365894573634e-01,8.760589144090636937e-01,-3.082006313710896617e+00,-1.542364627018408596e+00,-1.311841143180249303e-01
2.061099695290528278e+00,3.304519184664627129e+00,5.576306265059735701e+00,2.703984919276743337e+00,2.973948782985913475e+00,3.410880198286726728e+00
1.273149832302020723e+00,2.386188089249970723e+00,5.503699706173246220e+00,3.506342211527410324e+00,2.494147676009227599e+00,2.801135170127329932e+00
2.150150878445733049e+00,3.510688519586953493e+00,4.641082287921297400e+00,1.501364839822739272e+00,2.391873370083184014e+00,3.151804078198849446e+00
1.768367865467479927e+00,2.976723448665937077e+00,4.599217051041304849e+00,8.093336972843800936e-01,1.551232341519897417e+00,1.591674038873645003e+00
-5.824378405911471157e-01,-9.190216799157845118e-02,1.264103424933930242e+00,-2.152674591296900530e+00,-1.668694980988007170e+00,-4.884794818794965243e-01
2.020033651456453860e+00,3.456714014942803725e+00,4.561207622900170122e+00,1.741830385316675445e+00,2.272965413135411339e+00,2.436525653771293154e+00
1.426795342214304041e+00,2.601071921274580756e+00,4.652307395678174196e+00,1.458306081212023653e+00,2.023165520507968829e+00,2.209640395548489344e+00
-5.201720896458144061e-01,4.205375397535878190e-01,2.014993031175184690e+00,1.282646082887437977e+00,2.113048214445053752e+00,2.392641343880180571e+00
2.343657608497190292e+00,4.082129005087611340e+00,3.680045768932364680e+00,-8.925303481803855687e-01,1.157855512367819362e+00,1.749605838278272874e+00
1.138122975647050561e+00,1.811192346370833040e+00,1.526816396946414578e+00,-1.798317459750965019e+00,-4.443881147674321186e-01,1.065434506247213031e+00
1.976015698229095507e+00,3.835788229468684918e+00,4.946975456490038781e+00,1.408573889283002867e+00,9.440075785135544351e-01,1.530087665712699385e+00
2.511548084011133941e+00,3.981708631909656848e+00,5.787357305544719388e+00,1.306355511133246106e+00,1.494982720526746578e-01,5.302037422218015550e-01
6.178150846666626700e-02,2.416295022781423274e+00,4.512873128884660190e+00,5.960987657989762489e-01,-3.318680762649661165e-01,3.765723666908301626e-01
1.922227382140112795e+00,2.913167351975852970e+00,4.145330497522865087e+00,5.549399204375137229e-01,1.482718638480526652e+00,2.118775993446128325e+00
4.194095011551209895e-01,1.160173858325633134e+00,1.861382322718936333e+00,-1.300685556377779495e+00,-6.684820368819776037e-01,4.438471431660940825e-01
3.825911797763225319e+00,5.224383441839146158e+00,7.609293110881464095e+00,4.348653209721078383e+00,3.001139544658905312e+00,3.378956136613717298e+00
1.998701785079525006e+00,3.755229268758470518e+00,5.901264346272592221e+00,3.355150586627312137e+00,2.933947440818433172e+00,2.894148904761518981e+00
1.671364094534688594e+00,2.479370301192493020e+00,3.889353448802816526e+00,4.243863921642287984e-01,1.620266017085553178e+00,2.098785284956198538e+00
-7.259574192047218988e-01,-1.172982780141173659e-01,1.836292645769132204e+00,-1.739272098990797710e+00,-1.194909505432132812e+00,-4.087021667048881257e-01
9.843862214569236713e-01,2.266392970445037403e+00,4.109645139783640211e+00,2.066662412496047985e+00,2.597358836732571508e+00,2.714200618394390752e+00
3.965393300640746577e-01,1.374728576926682599e+00,2.937516105526142507e+00,6.023206868851455065e-02,4.085482624026930409e-01,7.716691939672869482e-01
2.579540400828961744e+00,3.188124831385709346e+00,3.023682304586800207e+00,-4.199419798632905154e-01,-3.217902135521319984e-01,8.525243233317479907e-01
1.834348314019847159e-01,3.779477882552922385e-01,1.341738526987156233e+00,5.412413231797144064e-01,1.486420009910042861e+00,2.101519169905283313e+00
2.347439729119278340e+00,3.587711376570711153e+00,4.884411566425818307e+00,7.154059703497719913e-02,-3.811859018613930061e-01,-6.061099694601453786e-02
2.103225347841918502e+00,3.198747366211960319e+00,3.263608757082692602e+00,-2.322045641630589685e+00,-3.414445596216379719e-02,3.486750049721962785e-01
-2.617348671581161135e-01,2.359082330609471312e-01,1.839715213415788808e+00,-4.721454461856526563e-02,7.631262152108603258e-01,1.264962989330429943e+00
1.542588057575486893e+00,2.605748725805280053e+00,2.714385393818005365e+00,-6.965397575796788976e-02,9.894786313492472951e-01,1.723709237071621159e+00
1.822667446505246369e+00,2.694703098504581895e+00,3.329940776496888244e+00,-8.016815480737228272e-01,-5.690531428030693589e-02,5.783192355710194965e-01
1.607209802861984116e+00,3.286919742765529229e+00,4.329907243719972598e+00,2.106442171902343841e+00,2.694310322835006044e+00,3.523115768860847208e+00
-4.689402859645250832e-01,6.574011207148391378e-01,1.914277201031499454e+00,-2.434553360058505367e-01,1.002509672268357299e+00,1.950988539131376820e+00
2.758744520320799865e+00,3.911375838270257699e+00,5.401961179856157536e+00,4.410114964332264020e-01,6.199057639810099385e-01,1.462611170963335816e+00
1.778846117197816268e+00,3.265318587858600186e+00,4.709748481988017765e+00,6.428534312810125773e-01,1.502441243151975137e+00,2.421482814547991858e+00
2.059879602696372380e+00,3.379035131674475778e+00,5.037456810330541046e+00,2.534887877217517627e+00,2.463412187530838349e+00,3.312327207254708306e+00
2.209345857124029866e+00,3.640584019978312824e+00,6.281516527227044122e+00,3.358351376271275335e+00,3.879990813604549782e+00,4.554515886537070735e+00
-7.902048755990735973e-01,6.870687743642264200e-01,3.062130134959836436e+00,1.436636226385811899e+00,1.601660963141790628e+00,1.972699254369957078e+00
1.039884753972545317e+00,2.020325600106703590e+00,2.210695714244256482e+00,-2.327145247829490504e+00,-7.344854074143430944e-01,7.226050797690394822e-02
1.296277686187199629e+00,2.584522540470374441e+00,3.778410962124518768e+00,2.215966757292215483e+00,3.380386001724267508e+00,4.096337825857246706e+00
2.020658492794113581e+00,2.590653053353836111e+00,4.656453834451639295e+00,2.342348657574809589e+00,2.797952947473008933e+00,3.190049641590070539e+00
1.209655405648621063e+00,1.940667226464122042e+00,3.959486623342366229e+00,2.635378189532112669e-01,1.403999171340213348e+00,1.368527292810885143e+00
1.296594575568592145e+00,1.795597588206337081e+00,2.147074179760918078e+00,-9.973721899547770553e-01,5.819929213328761675e-02,1.147359035548372708e+00
2.475813935639564534e+00,3.704881681790765491e+00,4.676345818062885407e+00,5.747423037440519966e-01,8.783484633368771055e-01,1.352044066897683638e+00
1.711165985328066963e+00,2.811208746940828007e+00,3.764066041170896160e+00,-8.415732371359894159e-01,-4.247874157939691142e-01,1.898469436011423206e-01
2.244118076191153888e-01,1.180770705754402350e+00,3.180820846570981519e+00,1.456008941457913375e+00,1.998683369978122792e+00,2.763313079654762028e+00
1.227513173079174846e+00,2.637570723926571770e+00,1.890358771149157846e+00,-2.931251763488627926e+00,-1.199700349448217462e+00,-2.151744317328075917e-01
2.776116657585776970e+00,4.618211196291554188e+00,5.736349498862098883e+00,3.065536496937933286e+00,3.228174917058179272e+00,3.601613537471767046e+00
2.994541062283600841e+00,3.888915451062066708e+00,5.456401707240400967e+00,1.805482181964339627e+00,2.065954554300763579e+00,2.391558117591504828e+00
1.025256595741668164e+00,2.303133487890780096e+00,3.212935390880032216e+00,-2.280946079949664612e-02,3.218178616999455288e-01,6.534604658614302508e-01
1.788869582015005788e+00,3.015456514477391714e+00,3.978733483210772803e+00,1.745147634637601142e+00,1.697221467513048809e+00,2.069697461126433158e+00
1.705050222935045712e+00,1.916339779158280798e+00,2.747490266111839219e+00,-6.200614078842826560e-01,5.929334932171766992e-01,8.593553945677794292e-01
-2.820414231944526895e-01,9.624645710685013622e-01,1.721256201684535636e+00,9.240851453136106342e-01,8.602273118272192320e-01,1.844808627815124780e+00
2.944603734372326809e+00,4.050376523547431162e+00,4.692306681504898158e+00,1.476893292148970360e+00,1.219229224403066913e+00,2.478143604181314075e+00
1.682426441332284250e+00,3.139641017202746909e+00,4.481267585650217100e+00,9.768176874928091724e-02,3.965118974809803687e-01,8.669874193241733362e-01
-1.111246726823537923e-01,1.446642913241209083e+00,2.059221902723166409e+00,-8.138538490334830122e-01,8.979615726380131557e-02,9.046202621498949936e-01
2.880150738262003962e+00,3.929658407013924659e+00,5.967098924528238868e+00,3.171168938344850474e+00,3.103122228153035067e+00,3.468971641115737636e+00
2.109787258101774032e+00,3.261065791276799963e+00,4.881304918175223939e+00,2.389070452504298281e+00,2.505007019262187384e+00,2.851482223457071363e+00
2.323675204341678846e+00,2.493644150758910438e+00,3.974523484478127866e+00,1.221994198150049005e-01,3.115734427198271206e-01,1.021554124827969146e+00
-2.751962256851556154e-01,4.738401449460627468e-01,1.891585638996064800e+00,1.995884497283894055e-01,1.412961823599643951e+00,2.258415854658991417e+00
3.746640315124716736e+00,5.446857749617286082e+00,7.840244336095568478e+00,2.875276922328581453e+00,1.673459237495340535e+00,2.344833680826388544e+00
2.842273186356644388e+00,4.421220210745464563e+00,6.449979003678741662e+00,2.941600715625575901e+00,2.681514687128510932e+00,3.390687159984800747e+00
2.060451640126629513e+00,3.858584148961421434e+00,4.999164394366787612e+00,3.240749367349357701e+00,2.838017844958014013e+00,3.266948565178174668e+00
2.421422818120191778e+00,3.771357442856366760e+00,7.094931259775528076e+00,5.002387805618147887e+00,3.738267381438455939e+00,3.445085045197942453e+00
2.216524347794150529e+00,3.489336019491644070e+00,5.003624766276777436e+00,2.602205251841800404e+00,1.855508923038387437e+00,2.371990925147158702e+00
3.218078227138032044e-01,9.983408658734188590e-01,2.709921772359014103e+00,1.333879306803537335e-01,1.011629325373616606e+00,2.246387398238373745e+00
1.909722696741219750e+00,3.503081202235673874e+00,3.758334711904537162e+00,7.488596759180012885e-01,1.034175632922265997e+00,1.540413867637051126e+00
1.461095582687840677e+00,2.490909055370411185e+00,3.745680491047942429e+00,1.752101484584036806e+00,2.639633346853122120e+00,3.256266851711398402e+00
1.181884163597930026e+00,1.984518679257920359e+00,1.487945678328801646e+00,-2.716512282886036633e-01,8.800333934846997774e-01,1.630529594116866932e+00
1.814650402268137341e+00,3.406510930079456934e+00,4.460838565378787202e+00,5.826455878943836986e-01,4.905059036093694091e-01,1.109374671372701071e+00
8.281730523656291032e-01,2.146997700345683935e+00,2.904871459578453052e+00,5.069801097374851961e-01,1.147729421750800727e+00,1.933876049363100647e+00
1.379569031942970536e+00,2.435436509969676422e+00,3.963008494518358571e+00,-1.406813803404574903e-01,1.053521870577267538e+00,1.329838644360008537e+00
2.627526062639559790e+00,3.733860086833497682e+00,4.488395201220673592e+00,5.557304797304116750e-01,6.444593245240451962e-01,1.441354562400416928e+00
-2.534962064591148589e-01,1.039574012983484952e+00,1.208682262372337668e+00,-3.893437458891947922e-01,1.670832959390201156e+00,2.396458197278586777e+00
3.870556957411235288e+00,4.591899684755367694e+00,6.457993948402689810e+00,3.514524619297783925e+00,3.428700048182862670e+00,3.946121049918434043e+00
2.582490841838786189e+00,4.022405451559092349e+00,5.403017905069805060e+00,2.644363377552469974e+00,2.828895683912014292e+00,3.176740729204138969e+00
7.460685378712946791e-01,1.700410553475395714e+00,3.376447110334400481e+00,2.154265039180535357e+00,1.878875924706576495e+00,3.115088036349626943e+00
9.588058361800289031e-01,2.265508104100139253e+00,2.539906256385142225e+00,-1.605784611188145972e+00,2.919049362368529299e-01,4.440784301815839941e-01
2.148446372117004621e+00,3.409563342921648310e+00,5.010316465398212848e+00,1.551982478567916823e+00,2.620361902940738119e+00,2.810221044898940868e+00
3.105586978130216114e+00,3.692137365349211109e+00,5.092494080193435302e+00,9.602790091330182243e-01,1.004181071477249443e+00,1.446537198104534738e+00
7.695098389922226945e-01,1.488256690979823604e+00,2.551761450335260584e+00,-7.812980023817511777e-01,4.742532983626796539e-01,1.629421364336874678e+00
2.023434235416208704e+00,3.098196351111644375e+00,3.793517505319575545e+00,1.023905790066751698e-01,1.672132865086482401e+00,2.282436706743190324e+00
1.810422705557862333e+00,2.423174009134471785e+00,3.986752632617079684e+00,8.383793924905352801e-02,4.954999995245898958e-01,4.673679817306801154e-01
3.353182627278621819e+00,4.232644568639678972e+00,4.548503649814715999e+00,2.070355158545514218e+00,2.653230832046518550e+00,3.224711046413921256e+00
2.411726822833555328e+00,3.840802475464395016e+00,4.264703805055627406e+00,1.748652183849088271e+00,1.506454409429529573e+00,2.684432724302372897e+00
1.805930741656281091e+00,3.116296421582296805e+00,4.353072886017455900e+00,1.546182121408361976e+00,1.940791059707928534e+00,2.987636343230952729e+00
1.401068335922030172e+00,2.089439168775805822e+00,2.413412450556514877e+00,-3.386969621991726687e-01,-3.214420406927115947e-01,1.009348759487125324e+00
3.384001033334770092e+00,5.531225947583227054e+00,7.572941877237048480e+00,4.746045966270370009e+00,4.987251370534615980e+00,5.123867379896114294e+00
5.283091319298613975e+00,6.886782764714023841e+00,8.165203327525967225e+00,3.504287577432973588e+00,2.586636095645392430e+00,3.007914791101949259e+00
3.422340405526813623e+00,4.299182703791136539e+00,6.027505498738149115e+00,1.893136108930066452e+00,3.050638883492891473e+00,3.306232798595814870e+00
1.476605803366760838e+00,2.994975620806733296e+00,4.999293700051284262e+00,1.947802685496334618e+00,1.503914337066822204e+00,2.479576952768723697e+00
3.090427968618756793e+00,3.623054512047881204e+00,4.411233198369862940e+00,9.918300737712337778e-01,1.959542896241336374e+00,2.629619724852374496e+00
3.140083922356097457e+00,3.263859001869851006e+00,4.446675642142467133e+00,7.008722748837419303e-01,7.752343906489709280e-01,1.438701379564330640e+00
3.182376246374571949e+00,4.150762849312386038e+00,3.832371530446478936e+00,5.473109907678274100e-01,8.624652313502425560e-01,1.519592413669753173e+00
2.177407739323597990e+00,2.664414476963967715e+00,3.720225129765449168e+00,8.305337301213628898e-01,1.232671782722058573e+00,2.115438523390474224e+00
2.342056850101997156e+00,2.912652001543698965e+00,2.719663777239124780e+00,2.717180929616443419e-01,1.054766642545611699e+00,1.891149736018675087e+00
3.191277895495653105e+00,4.047232320098417269e+00,5.471271506179661515e+00,1.533823608743620337e+00,3.291335019364917680e-01,6.031214463221432620e-01
8.361917332815278769e-02,7.202066720701464364e-01,2.416072545780836300e+00,-1.740146924272972240e-01,2.798751256961803158e+00,3.042935409497145471e+00
3.540878680641199150e+00,4.516930017652195595e+00,6.125912665473417285e+00,1.623840630283485575e+00,1.778344755715702163e+00,2.131395452876096996e+00
4.835616843001602772e-01,2.213247601307493539e+00,3.163993841407881202e+00,-1.069122351847235031e+00,-1.589569216217355585e+00,-2.144164795099563411e-02
3.346102640282599072e+00,4.292997846013050456e+00,5.843223198896724924e+00,2.785721924727450283e+00,3.704044530255137690e+00,3.974015967619103140e+00
1.488472947519027478e+00,3.122984582709576795e+00,4.550760738295920760e+00,1.444855051316039196e+00,1.995911521518571874e+00,2.757831160187709685e+00
2.414320102216172437e+00,2.879158843173029503e+00,3.885190154881274616e+00,-1.068213614041884751e+00,5.206023659898750822e-01,7.504579718715289616e-01
2.319410377894141284e+00,3.594274055996206307e+00,6.298132297547804903e+00,3.088667541223979018e+00,2.913371371103652407e+00,2.836939704863862932e+00
1.962083690185424834e+00,3.038437687919810060e+00,4.450730856684307568e+00,6.991932163694635216e-01,7.927620618507597028e-01,1.131841338566112132e+00
3.576194091535568997e+00,4.881362908025618452e+00,5.888244026392534636e+00,1.853413123194378009e+00,2.343354390983267255e+00,2.688277049215346715e+00
3.205923127577053666e+00,4.384934639991007188e+00,5.845455311670033183e+00,1.656783709158266227e+00,2.936090464875119377e+00,3.318539470994960716e+00
5.193179405944216009e-01,1.288127621047923554e+00,2.440461893018738948e+00,-5.338173910074924811e-01,2.712046429958782090e-01,8.442722816512847617e-01
1.470389632954667514e+00,2.887637335933913807e+00,3.233519974455691504e+00,9.795479902979457032e-01,1.909808926413532726e+00,2.474469398388016828e+00
2.894206438864781461e+00,3.541299214144578045e+00,4.234532713446717445e+00,6.739914341729452696e-01,4.429874086124812038e-01,7.805471154436581793e-01
7.991017452958466549e-01,1.785315612237407867e+00,3.181720325587372056e+00,1.335856953260143642e+00,1.809547315486980779e+00,2.889821191523603172e+00
2.101901188981432078e+00,3.332908534089512376e+00,4.541490533543502295e+00,9.850038381738143167e-01,1.220237870217469878e+00,2.121484047076301227e+00
2.543214797357677970e+00,4.384137844073769052e+00,5.242650348455285325e+00,2.156530219012386507e+00,2.944675827715174332e+00,2.820609822931293920e+00
8.754584997966905480e-01,1.949418586653636210e+00,2.538573429409178406e+00,-6.089254447348391164e-01,1.089311741787524629e-01,1.425085646978555109e+00
2.579302668828295175e+00,4.242608859898126639e+00,6.695291541679682545e+00,3.410771275165085381e+00,3.166039949050621694e+00,4.295278573063542993e+00
2.938051040436604477e+00,4.598244792293078476e+00,6.613353152883901132e+00,3.523013550410671435e+00,3.248002362321432912e+00,3.388469533038818149e+00
1.703968858990022373e+00,3.076521613987522219e+00,4.915710113111543045e+00,3.985577897357829968e+00,4.359792192568937352e+00,4.852835308941746639e+00
1.516948918583246320e+00,2.102810741378853265e+00,4.172768615878897691e+00,3.071125995669837128e+00,3.254183535734789245e+00,3.126137179994662674e+00
2.331391306339640312e+00,3.859725519055028364e+00,2.856076860655750949e+00,1.837884451928543106e-01,1.883808262318305227e+00,1.761866716016320389e+00
3.127964936265439366e+00,3.862258629987843861e+00,5.056604323379214172e+00,1.301707645093832744e+00,2.231949134608579133e+00,2.845152263614986410e+00
7.662312348130275730e-01,1.373493037015945717e+00,2.817744636834143446e+00,-3.214095779001153730e-01,-2.634662309986696149e-01,9.500651795159530399e-01
4.380997645694290732e+00,6.166532929521101991e+00,8.908232000764265024e+00,6.370849480753244976e+00,5.787979732193590188e+00,5.830413552583094905e+00
4.460376738720321477e+00,5.851161539062760930e+00,8.296004530879544703e+00,5.056769098636674009e+00,4.862899622515183040e+00,4.937889919185847631e+00
3.754923703352788689e+00,5.577364637719548490e+00,7.453444125546345944e+00,4.690895090686746371e+00,3.846333669921335741e+00,3.774862586837149259e+00
2.723035917143608042e+00,4.516091947637860038e+00,7.111927870988455247e+00,5.227873672627673329e+00,4.318964128885978582e+00,4.135241008508098837e+00
3.032757371226367127e+00,4.643221392322961272e+00,7.477489392378505073e+00,3.318996689183043802e+00,2.866138780031870503e+00,2.571626139229467700e+00
2.807777697005071627e+00,4.652000999984551299e+00,7.130681566347357503e+00,3.632203990917206582e+00,2.524106400713445275e+00,3.044618959752832144e+00
2.738016423606703498e+00,4.026408721615670316e+00,5.877767287553007591e+00,1.515127260491672345e+00,2.539664549508200864e+00,3.142251358754676982e+00
-8.489687456067382954e-01,5.175650653105504650e-01,1.150585348192683544e+00,-1.051358954393775136e+00,4.976605582402316430e-01,1.479758632943794838e+00
5.844704291374430483e+00,7.239938127012424118e+00,8.115653134719009287e+00,3.403504242438067706e+00,2.815230827862970742e+00,2.819283403588302761e+00
3.082147625799577018e+00,4.625960092091371045e+00,6.474587653843056678e+00,3.406452320686097490e+00,2.813525784358467341e+00,2.993056494663699496e+00
1.993237251911531782e+00,2.925459746544246453e+00,4.380689938248856663e+00,1.635698904525790587e+00,1.888457120124406030e+00,2.499292902068670941e+00
1.703953397634241584e+00,2.375512334724652508e+00,3.526576182561485417e+00,4.384199184325947019e-01,2.087899643610374500e+00,2.355798921533281742e+00
2.906648554032778442e+00,3.621872295422674082e+00,5.187223508533299388e+00,1.845290125032773121e+00,2.681197472430448592e+00,2.816411669129730289e+00
2.895774316376777957e+00,3.611542533654408249e+00,4.722453957723572238e+00,1.180536535027310263e+00,9.701701300267639994e-01,1.794835947468357507e+00
3.049788115787975595e+00,4.450357071756473104e+00,5.245420922422765919e+00,2.128217281077104062e+00,1.954417755721726602e+00,2.118338672556439484e+00
1.643910425533679165e+00,2.323399406585227034e+00,3.554518595815652215e+00,5.897628217342786305e-01,2.555610035139818770e+00,2.745239707917092264e+00
5.849632862387559307e+00,7.355636441041874640e+00,8.341474290595339625e+00,3.961866384390300144e+00,3.158270799741391688e+00,3.951103293794551607e+00
4.746015932996009212e+00,6.133287394104141477e+00,6.614966378861258711e+00,1.266252276346099492e+00,6.108105417886545707e-01,9.833565401242532200e-01
2.532749927465743678e+00,3.830796604084627965e+00,3.706504111633397436e+00,-2.197779709738325316e-01,3.880678585737176167e+00,3.965431504083538616e+00
1.614515931071347499e+00,2.582870601050083703e+00,3.569834011268367746e+00,8.640685077424892224e-01,1.024467861431327398e+00,2.193135348992079514e+00
4.420969877794176384e+00,5.474266521503208693e+00,6.108261001313671557e+00,1.862444517369005625e+00,2.030577668230958199e+00,2.690147427801875768e+00
2.441644317008481391e+00,3.272778400584849923e+00,4.300617935339549724e+00,5.434625876861469695e-01,1.173279967818866121e+00,2.154077698578524380e+00
4.260259196609011312e+00,4.959985918283159378e+00,6.328980910290007422e+00,2.406399485025239926e+00,3.331312449018808408e+00,3.726398513853003358e+00
3.468726103633037017e+00,4.990980840911793059e+00,6.557728792428663134e+00,2.876302027642878567e+00,2.339962222876559750e+00,3.081002286526246525e+00
2.388550733717962338e+00,3.423745779198568151e+00,4.707148802960730904e+00,1.480763735286052540e+00,2.475925631295185614e+00,3.610431893243132073e+00
3.569882846035591140e+00,4.220549397225130228e+00,5.881567769994262562e+00,2.436673457448228941e+00,1.710469584961670897e+00,2.599824313904169681e+00
3.185595638729658230e+00,3.815896464333464966e+00,5.036251944698316052e+00,7.297084325421384632e-01,1.772511965762433750e+00,2.879156978046217397e+00
3.582931225346970283e+00,4.596949230968985667e+00,5.388416795932862158e+00,2.893525594408831392e+00,3.852395172763557252e+00,4.589074676295451738e+00
2.822809469798128745e+00,3.130419072000710567e+00,3.553091650360852505e+00,1.370513538045274871e+00,2.660812287343759408e+00,3.644641656329636881e+00
2.980647470006728472e+00,4.167590998094766519e+00,5.751718592071234148e+00,2.824602699302924513e+00,3.648544919654464369e+00,3.890689484208347704e+00
1.145846789033564184e+00,1.579779586755250875e+00,2.290044958219870086e+00,1.592236774319472525e+00,3.502039115962444438e+00,4.375507005592806031e+00
5.819436662459490428e+00,6.663508717129266401e+00,7.263133562616958194e+00,2.266778360540445902e+00,2.434970360316865978e+00,3.712124000664270174e+00
4.882552194414726543e+00,5.872023841442811865e+00,6.870712422706956701e+00,1.864176763561875783e+00,1.512031562994951450e+00,2.798492816821378071e+00
4.062121047548113317e+00,3.921210540535760014e+00,4.360587566219552791e+00,-1.557548825213902033e+00,7.158195899677187723e-01,1.783999209705136257e+00
3.725464255221493826e+00,5.177039923466523419e+00,6.202536294476335144e+00,3.438415012945463367e+00,2.813664254006545296e+00,3.179382109904590692e+00
2.390832385249296976e+00,3.237717957955406511e+00,3.764475156544324186e+00,1.937021361238729700e+00,3.227509061582972905e+00,3.898271144393643084e+00
3.022405852765644330e+00,4.539109392420685118e+00,5.869834197993062830e+00,3.240387032534337575e+00,3.093044774992506518e+00,4.191726510049003096e+00
1.961535101678051785e+00,3.090861637232453329e+00,4.374430483945248582e+00,2.696062765049089371e+00,3.170434044811497820e+00,3.586878107120148762e+00
2.670670598420601394e+00,3.960453098505996472e+00,5.681054542480175940e+00,5.981178660248669399e-01,2.400691593596533391e+00,3.345607821163630646e+00
1.906528901725235370e+00,2.728360785831084989e+00,3.981681136484079175e+00,2.278334783897982607e+00,3.240044645385252498e+00,3.699007817936360798e+00
3.281742712579730270e+00,4.302019918207002469e+00,4.964947472784089655e+00,-1.359803930740679512e-01,-2.348796079216384503e-01,5.793999603812177712e-01
4.718382585831118803e+00,5.654047516603245782e+00,7.647401670740432422e+00,5.176225329207284176e+00,6.192923028606143632e+00,6.239460070404781789e+00
3.121475634913162711e+00,4.174468939029454262e+00,5.814827209269820329e+00,4.141737931545711682e+00,4.591496769868586902e+00,4.970925227384276113e+00
3.762200043450945497e+00,4.350692476651886409e+00,5.928015085907649251e+00,2.203589494435723495e+00,1.776863404541006108e+00,1.626938966770163697e+00
2.428424606687441312e+00,3.914406575664891363e+00,5.619500845238011522e+00,2.900932881902704263e+00,3.264992883158043036e+00,4.149727527223293855e+00
1.898266515575637969e+00,2.961725772211144747e+00,3.697292972478251727e+00,3.567810926822373996e-01,1.608223163148059687e+00,2.528196884696479074e+00
3.014841017707691861e+00,4.449000584324524610e+00,6.304995968189795796e+00,2.681277259307850880e+00,1.419802829181864512e+00,1.414191267145544995e+00
4.662047390423817106e+00,5.396927475008701514e+00,6.177569843817362738e+00,1.238515782048061453e+00,3.141557029536900192e+00,3.266898229562704703e+00
4.101685383407652097e+00,4.508275248054007811e+00,4.306695182715312598e+00,1.241977142203665840e+00,2.627500270408146044e+00,3.100141549151299802e+00
3.157522025794917475e+00,5.082443027077226283e+00,7.854588990832422013e+00,4.677764599533585255e+00,3.942466512660570022e+00,4.160570629679665622e+00
2.446634849541681866e+00,3.995726571696323504e+00,6.082750989900120864e+00,4.092666010175173064e+00,3.637332347023934265e+00,3.917929325676283714e+00
2.375645962686582457e+00,2.813652881785323245e+00,3.115218875995167558e+00,6.466009854088257403e-02,3.929693555325284304e-01,1.029765860440147396e+00
3.515442408684323450e+00,5.346484443079943638e+00,7.282212059565030593e+00,3.612562912179145602e+00,3.612763197810870963e+00,4.396492389337357309e+00
4.221393158874221285e+00,5.075324706297362098e+00,5.685717212761092654e+00,2.243899520533228387e+00,3.130519531322215609e+00,3.495248076419521510e+00
3.250962479264198457e+00,4.493411474328600441e+00,3.880016993725716290e+00,1.641412167274282297e+00,3.086189640496856956e+00,4.536268127724521371e+00
2.682425936555278501e+00,3.745075933582389993e+00,4.701183878214047596e+00,1.963202627787444365e+00,2.867308003672655925e+00,3.792923785707969841e+00
3.659202671505048077e+00,4.677455128850298571e+00,5.016159343539231763e+00,1.383737611102658249e+00,2.201407965678363166e+00,3.155462258088004290e+00
2.221704168454043948e+00,3.259636253018627805e+00,5.084001699625584791e+00,3.036732144300434921e+00,4.429731187378032509e+00,5.411360478348242964e+00
2.715835989774678882e+00,3.838012589668321262e+00,4.362848173760862203e+00,7.891918828151408549e-01,3.317525495516885581e+00,3.248849704922772030e+00
1.813163442573945128e+00,3.465231020665992645e+00,5.475633830082827558e+00,2.749254165358046453e+00,2.826396228453496473e+00,2.704235790434342590e+00
3.982862185480090300e+00,4.326361146462985197e+00,3.840282576033104522e+00,-5.328704863290841809e-01,1.338650539344405699e+00,2.556285868733738198e+00
3.598798712901369878e+00,5.277257718275857101e+00,7.104247687141582723e+00,4.204459957725158681e+00,4.663321621957615903e+00,5.535751988810675428e+00
3.554133697743479647e+00,5.199986075178217426e+00,6.941577004328409295e+00,5.383834936378433689e+00,5.205179345483958109e+00,5.425737942944499181e+00
4.722206628257180405e+00,5.369102995887951479e+00,7.359906773508739342e+00,4.922366956225812551e+00,5.765475177384121963e+00,6.072952817334534181e+00
4.812374258475399458e+00,6.319536676294379873e+00,8.162310886894363904e+00,4.959009498465120735e+00,3.985223227770066767e+00,4.649282712080577973e+00
3.971369152112706580e+00,5.325840944326470705e+00,7.500629714557760508e+00,3.282742003992431989e+00,3.880442192156656311e+00,3.949955471866104517e+00
4.903328022115984730e+00,6.045231675541116623e+00,8.018160272419153856e+00,3.892763063265716195e+00,3.337464326563021721e+00,4.271520946029369270e+00
3.302757135768650709e+00,5.319727867138785982e+00,6.414163557520054404e+00,4.145309264186517240e+00,3.212707576763239814e+00,3.662463493151149940e+00
3.412732807760523901e+00,4.688692872251673194e+00,7.098449799079595834e+00,4.573540576266849733e+00,4.158474205222794318e+00,4.263590472669605447e+00
3.835592466035539161e+00,4.417725647204828299e+00,6.319510784553838079e+00,4.067184571740418697e+00,3.859119320971922118e+00,4.529728496059517440e+00
4.857373299825525237e+00,5.765992968869333879e+00,7.176228165207968246e+00,3.040996756187172245e+00,2.198434567136734241e+00,2.544574712821710438e+00
4.899764741001463086e+00,5.524507759589951661e+00,6.571870127702479358e+00,1.853013271819753394e+00,3.055382979292057044e+00,4.423861357955055418e+00
3.154380752056601622e+00,4.360776132997027155e+00,4.493507014032515734e+00,3.052682497281964391e-01,1.738215281455659955e+00,3.020236804589816249e+00
4.947916387904148117e+00,6.150112644331141354e+00,7.590324653609267891e+00,3.371741818516718947e+00,3.554908545273894216e+00,4.373345995675631315e+00
4.872396370270553057e+00,5.930827347544950001e+00,7.145098641533093264e+00,3.896489342209444207e+00,4.331720447168344812e+00,4.771957367775185865e+00
4.734190464947248600e+00,5.730733303501378550e+00,6.892482195386928190e+00,4.598915259978654468e+00,4.724649279851599104e+00,5.548996617138240772e+00
5.028356416728411382e+00,6.277431417130975078e+00,8.116330117804638533e+00,4.091408112964099786e+00,3.012127084605160210e+00,3.350434329608018569e+00
4.166035893611619301e+00,5.428420140027339080e+00,6.734823057230244103e+00,4.361136354760682288e+00,3.194999733289022092e+00,4.041448293439672490e+00
3.634361228026548485e+00,4.594537003239340223e+00,5.649399479804732671e+00,2.785224543694155841e+00,2.697013812617354400e+00,3.254930907043345645e+00
2.453526362893052593e+00,3.592447477007826961e+00,4.460948496411219821e+00,2.118673086448244369e+00,2.318779612703707027e+00,3.247088888175677646e+00
4.126085440326138887e+00,5.371137239291333465e+00,5.993626499870563507e+00,2.027727844609031216e+00,2.586901368929469758e+00,3.534194339366721671e+00
4.591816256395118145e+00,5.667552900754283307e+00,6.838209192124730329e+00,3.035315981171313293e+00,3.822667623731796027e+00,3.871568261144323397e+00
3.363609119350511101e+00,4.739388051157193082e+00,5.985784867422223599e+00,3.614963485443027036e+00,2.951365284801165334e+00,3.396312460647358922e+00
2.404177695619226007e+00,3.142522383062367641e+00,3.749198850977208064e+00,1.202156443621027249e+00,2.208336924055249284e+00,3.073016185789205323e+00
3.224150832562397984e+00,4.334777620083198002e+00,6.470469113543826367e+00,3.744526506672258392e+00,4.613630302262279770e+00,4.871729112051046862e+00
3.229529807707797406e+00,3.515557084199456117e+00,3.711476867950722180e+00,1.852491561406647058e+00,2.475016336811314943e+00,3.440259480190038577e+00
7.126691051641948604e+00,8.645147558950894151e+00,1.004596825074714950e+01,5.207500810127059232e+00,4.280507283987432743e+00,4.146357422967677842e+00
6.051620545736072998e+00,7.604360320339927704e+00,9.399589315478960927e+00,4.594865840630533604e+00,3.988469929595853891e+00,4.307044631058444040e+00
2.038377378202432144e+00,3.449172047709377686e+00,5.009104986132389747e+00,1.843338920105260126e+00,2.062942520630294485e+00,2.107320606579529798e+00
4.497993359440833672e+00,5.822949704965821205e+00,7.686562407678197317e+00,4.327659813434457270e+00,5.310532178167120421e+00,5.602745289707905307e+00
4.720657229417928313e+00,5.434054089301131540e+00,7.113329487496448778e+00,4.053312664894624717e+00,4.209633383072997503e+00,4.388082407870903090e+00
5.062369388530950864e+00,5.803915583034020997e+00,8.221323709180246908e+00,5.855606196182328915e+00,4.796393880574869151e+00,5.155147082958061233e+00
6.433401730677461572e+00,7.286808697297522563e+00,7.806482082862517657e+00,3.770849965610518328e+00,5.084328005743675938e+00,5.884349758637483774e+00
4.088078283086487907e+00,4.877294151072881334e+00,5.825926984198180669e+00,2.675033452733873940e+00,3.627261021253067597e+00,3.691084195551337821e+00
4.938699444974289143e+00,6.008885571158296024e+00,7.117026768796239189e+00,4.451205545449858469e+00,4.944825535202492794e+00,5.387837324585830423e+00
3.558666001329995332e+00,4.636712862570458782e+00,5.934726284657875439e+00,3.435934794007060589e+00,3.112545171615904493e+00,3.505210794358182280e+00
2.870477416106826052e+00,4.279239946682665163e+00,5.070669938595431248e+00,1.084639489174295868e+00,2.357629629414159655e+00,2.898633778657262461e+00
6.064235931655315603e+00,7.117672138544203442e+00,7.948289297123009689e+00,5.058000750938135504e+00,5.517256049921033245e+00,6.020265494023430364e+00
5.321674124521253546e+00,6.821634146649797614e+00,9.369332793498561074e+00,7.213180285203686815e+00,6.604785240350851794e+00,6.435774819802218438e+00
5.206497527963586336e+00,6.391648941718658605e+00,8.848075637090238033e+00,6.445035109562978093e+00,6.625561312070241904e+00,6.384151411246061336e+00
6.109149667732606481e+00,7.002338685580948408e+00,9.235229412824509154e+00,5.136085746479303715e+00,4.736546502973527417e+00,4.604149941242359212e+00
5.552995999407931649e+00,6.931157102457439656e+00,8.671865989521931439e+00,5.116429790100967878e+00,4.076300967863400793e+00,4.581929622292591375e+00
4.634907882480066021e+00,6.295504771779629749e+00,7.625357994071473300e+00,4.243287282924272930e+00,3.449273542002428083e+00,4.335399567220195927e+00
4.931552148242316136e+00,5.822397008476526636e+00,7.066595402474878718e+00,2.516399069093552487e+00,2.044744966254623986e+00,3.384426845398138095e+00
2.218172169075702804e+00,2.977940806883083713e+00,5.405831771357041404e+00,4.593235142105388746e+00,5.298987616294777325e+00,5.719430147155373234e+00
4.197676636112531057e+00,5.215537578662881479e+00,5.702600990893587074e+00,1.232334621000088948e+00,3.673706387835326215e+00,4.182831108137644804e+00
5.777813585793079909e+00,7.436303313220712141e+00,8.440440074339786491e+00,3.653319304531903899e+00,3.157405278076768962e+00,3.945071511631602412e+00
4.637834969744219826e+00,5.319671224872683624e+00,6.743034529631643181e+00,3.005382204476364727e+00,4.257696335800604359e+00,5.122334714078221829e+00
4.950335855453290357e+00,5.700629289154902857e+00,6.127248735436992000e+00,3.286194043612953308e+00,3.864290231312709434e+00,4.929053972783481896e+00
4.529871766613296380e+00,4.992380265806236395e+00,6.409847142032668366e+00,2.991253722753415278e+00,4.016683220329096748e+00,4.083294054969580422e+00
4.860315170518963335e+00,6.083214078729812790e+00,7.524716641377588111e+00,3.461194152253910694e+00,4.023545395644373635e+00,4.994252662139520460e+00
3.822423910047385576e+00,4.867096240874224655e+00,5.790434705345059996e+00,1.934280307171380553e+00,2.129224009807868079e+00,3.039193443287007579e+00
5.273594377106310738e+00,6.651385996719755944e+00,8.482344996751788102e+00,5.718754421793258658e+00,5.603041306776816555e+00,5.876687932648099633e+00
3.936459892880685096e+00,5.752779092531269178e+00,7.215851022525856528e+00,5.400212813378798771e+00,5.380373606119842833e+00,5.752488543839812785e+00
4.133019210359928586e+00,4.499433260410377500e+00,6.850044920957077288e+00,4.719944071782446571e+00,5.392949738799528880e+00,5.622219369248698584e+00
3.229749953427575093e+00,4.443616153818897629e+00,4.427102677792698060e+00,2.623668911585715247e+00,3.314190942803685758e+00,4.018556837973512152e+00
5.190133575035904556e+00,6.576311995201757910e+00,7.489837552225423245e+00,4.526522610930044266e+00,4.412240145691946225e+00,5.078188714096082634e+00
5.793895791103452098e+00,6.498542918310074690e+00,6.976387639480527980e+00,3.732179199572875028e+00,3.734735512698958981e+00,4.688418419744120769e+00
4.427222211568512478e+00,5.585142082721276324e+00,6.807433655919197690e+00,4.656527197860687473e+00,6.194395949905532994e+00,6.682204069244016331e+00
2.805114125834665906e+00,3.382941685444546209e+00,4.927619768560796309e+00,3.520505674646293937e+00,4.032117077277681538e+00,4.823959215912499765e+00
6.030955280988941070e+00,7.135157539328472076e+00,7.647289498858542700e+00,3.266905825904367067e+00,3.287623301070621729e+00,3.631147175566667773e+00
4.680048138463114960e+00,5.985749116155826499e+00,6.289080988414307072e+00,3.057016772179985242e+00,5.905417261886749536e+00,5.910883539767873174e+00
2.791824686852701465e+00,3.380357151805634786e+00,4.203187351943112660e+00,1.124022077070936820e+00,3.448465939454847806e+00,4.336044134999275990e+00
5.945982027240317436e+00,7.426033671680909443e+00,8.885985745614362941e+00,5.404387089883715412e+00,4.902151548210172294e+00,4.816241268451339153e+00
5.470644993378607879e+00,6.430995781563050961e+00,9.093368272852877965e+00,4.351425533851431382e+00,4.232154794426327804e+00,4.558693167263821344e+00
5.666135749149109557e+00,6.503038891815503320e+00,7.677870913873099390e+00,3.171126580804826567e+00,3.337558870774908648e+00,4.459649019044621632e+00
4.716653211040451765e+00,5.059182645183701865e+00,5.769314412927363911e+00,2.766107332790511020e+00,3.505569736504805078e+00,3.546907898550164973e+00
6.490689017751796186e+00,7.867672285810995092e+00,9.155272188762390684e+00,4.816690456084657512e+00,4.429476581198154683e+00,4.473532581250898588e+00
4.160745386339801399e+00,6.132405518173359660e+00,7.898012648339209463e+00,4.712795537983852867e+00,3.536030998424496197e+00,4.604882699192843987e+00
6.233138882929457836e+00,6.688157362125657812e+00,7.241917852745162421e+00,3.229040692675826829e+00,3.261891628182231440e+00,4.496498931728284632e+00
5.006426186618852192e+00,6.276736181877067722e+00,7.241112945417552460e+00,4.297731296068355356e+00,4.054961932833588634e+00,4.781014326431198391e+00
3.327778719013027242e+00,4.116342924557030436e+00,4.817756956048960149e+00,1.253701533335991769e+00,2.330376583154910364e+00,3.018194119160813038e+00
6.375029184329288334e+00,7.733386066970769690e+00,9.709054215035068935e+00,6.998228123959287394e+00,5.211895606254980606e+00,4.598503202200671325e+00
4.623610917017231259e+00,5.894709603854002111e+00,8.693306250155442783e+00,5.400385929869027990e+00,5.139920489343381860e+00,5.068879249559745226e+00
4.878921585203487510e+00,5.698983865418005834e+00,7.243353638327088007e+00,4.274608379304678962e+00,3.872055394021621133e+00,4.249494312230090998e+00
5.540222654989285900e+00,6.767518048297525901e+00,8.025443384880755815e+00,4.837195213536878313e+00,5.392916110870842772e+00,5.609529852468456035e+00
2.531914498940063929e+00,3.735716782244414169e+00,4.690396714603085826e+00,2.961804309201556240e+00,3.253861829255313864e+00,4.191735199923409816e+00
8.153496805973510675e+00,9.177619915989028598e+00,1.014580376161209685e+01,4.614697022469164800e+00,4.434270431827164849e+00,4.518488730661734287e+00
5.637693608916071852e+00,7.650405223942963850e+00,8.929986424789561283e+00,4.147705812155834337e+00,2.434701462562864460e+00,2.919105365368970251e+00
3.401122733982766988e+00,4.711868576444895318e+00,5.361821874836119051e+00,8.132241100390019684e-01,4.504029475363229729e+00,5.282096219666768455e+00
6.206913745849509390e+00,7.178537031962540560e+00,9.357445015964481527e+00,5.693836785857590677e+00,5.600752904455849723e+00,6.353153490574817042e+00
4.942032920349316072e+00,6.337359640905545710e+00,8.020803081363267140e+00,4.267108495574720273e+00,4.878897178145839675e+00,4.988105521011331867e+00
4.866366711113156107e+00,5.749326478342350555e+00,6.793152765974505236e+00,4.145327203023153828e+00,5.646898948257251583e+00,6.217203912689082124e+00
4.881663661218049732e+00,5.673642828759665413e+00,8.049722778367145892e+00,4.061215757413969563e+00,5.512317168389292199e+00,5.900168829393589220e+00
6.208405831510684258e+00,6.313340156687707427e+00,6.143691193095239811e+00,1.949818769176624000e+00,3.225731678079742704e+00,4.309387976870032055e+00
6.410375552483710493e+00,7.308192132552280285e+00,8.406093502311831500e+00,5.153457588878639584e+00,6.110763268860969433e+00,6.183265365773971567e+00
3.886566224574515616e+00,4.896429674857583514e+00,5.875661967126971419e+00,3.240455654472640390e+00,5.035662908956568096e+00,5.126590771045841599e+00
4.684960683226135458e+00,5.742319159118970617e+00,6.774100952741576087e+00,4.746298154412419201e+00,5.846784013308596428e+00,6.964799453910760718e+00
5.809058031855462545e+00,6.957435465345625403e+00,7.821595913099510078e+00,3.894301476486606628e+00,4.125336683204022137e+00,4.353990659462079194e+00
4.298121373729143713e+00,4.934871863018663873e+00,5.685636165839300205e+00,4.477125426933493912e+00,6.142827734115784644e+00,6.826718925118050230e+00
6.980953187538151639e+00,7.591916146878491034e+00,7.649616465579061497e+00,2.290783183833187131e+00,2.200953963595925433e+00,3.602142922531962110e+00
5.014519841001471967e+00,5.017366466676807413e+00,5.526310566497582677e+00,4.653025402409530109e+00,5.741821279574248038e+00,6.531140690146714611e+00
4.124020053701040744e+00,5.029652246789773073e+00,7.580572406873180569e+00,4.372169270101417204e+00,5.112724471816967764e+00,6.076736145569199721e+00
3.937557923819805517e+00,5.312723371875984313e+00,7.224566970644710651e+00,4.489604225271267346e+00,5.288740046664999639e+00,5.810726877453265438e+00
