{
  "mse": 2.6599062208204134,
  "rmse": 1.6309218929244935,
  "mae": 1.2432557452141455,
  "r2": 0.9806222883507291,
  "mape": 34.91207766992159
}