{
  "mu": {
    "mean": 0.1547060579059956,
    "std": 0.1604157823531947
  },
  "mu0": {
    "mean": 2.3904024049903945,
    "std": 0.5821431719725313
  },
  "kappa0": {
    "mean": 1.0459800910287576,
    "std": 0.7570122135672457
  },
  "a0": {
    "mean": 15.806568414146835,
    "std": 5.452355958101709
  },
  "b0": {
    "mean": 19.355358144554714,
    "std": 5.405062837288352
  },
  "n_clusters": {
    "mean": 14.0,
    "std": 3.1859064644147983
  }
}