{
  "mse": 14.387086065039632,
  "rmse": 3.793031250206045,
  "mae": 2.7901407114938985,
  "r2": 0.8951884833159296,
  "mape": 58.34012607496643
}